sample_N,scenario,structure,estimator,outer_opt,dataset_id,status,converged,cn_below_cutoff,cov_ok,cov_done,objf,cond_num_cor,cond_num_cor_source,convergence_code,min_suc,cov_step,est_bnd,phys_bnd,est_family,cov_source,n_selected,n_true,n_true_hit,n_false_pos,exact_match,wall_base_sec,wall_scm_sec,wall_refit_sec,wall_total_sec,cpu_total_sec,hog_factor,scm_workers,rx_threads,message
80,1,advan4,nonmem_scm,focei,1,not_converged,FALSE,FALSE,FALSE,FALSE,-1506.4576055750988,NA,psn_lst,NA,FALSE,FALSE,TRUE,NA,nonmem,psn_cov,0,0,0,0,TRUE,NA,NA,NA,65.741,100.22,1.524,NA,NA,NA
80,1,advan4,nonmem_scm,focei,2,ok,TRUE,TRUE,TRUE,TRUE,-1549.156904685805,12.19730941704036,psn_lst,NA,TRUE,TRUE,FALSE,NA,nonmem,psn_cov,0,0,0,0,TRUE,NA,NA,NA,94.459,176.46,1.868,NA,NA,NA
80,1,advan4,nonmem_scm,focei,3,ok,TRUE,TRUE,TRUE,TRUE,-1525.7921414019218,17.569444444444443,psn_lst,NA,TRUE,TRUE,FALSE,NA,nonmem,psn_cov,0,0,0,0,TRUE,NA,NA,NA,63.39,96.62,1.524,NA,NA,NA
80,1,advan4,nonmem_scm,focei,4,ok,TRUE,FALSE,FALSE,FALSE,-1555.0804508603785,NA,psn_lst,NA,TRUE,FALSE,FALSE,NA,nonmem,psn_cov,0,0,0,0,TRUE,NA,NA,NA,63.709,97.49,1.53,NA,NA,NA
80,1,advan4,nonmem_scm,focei,5,ok,TRUE,TRUE,TRUE,TRUE,-1505.7944666619562,933.3333333333336,psn_lst,NA,TRUE,TRUE,FALSE,NA,nonmem,psn_cov,0,0,0,0,TRUE,NA,NA,NA,131.576,266.12,2.023,NA,NA,NA
80,1,advan4,nonmem_scm,focei,6,ok,TRUE,FALSE,FALSE,FALSE,-1586.7341024344712,NA,psn_lst,NA,TRUE,FALSE,FALSE,NA,nonmem,psn_cov,0,0,0,0,TRUE,NA,NA,NA,96.239,178.78,1.858,NA,NA,NA
80,1,advan4,nonmem_scm,focei,7,ok,TRUE,FALSE,FALSE,FALSE,-1504.3999517751906,NA,psn_lst,NA,TRUE,FALSE,FALSE,NA,nonmem,psn_cov,0,0,0,0,TRUE,NA,NA,NA,63.73,97.18,1.525,NA,NA,NA
80,1,advan4,nonmem_scm,focei,8,ok,TRUE,FALSE,FALSE,FALSE,-1487.0131475423864,NA,psn_lst,NA,TRUE,FALSE,FALSE,NA,nonmem,psn_cov,0,0,0,0,TRUE,NA,NA,NA,65.618,96.53,1.471,NA,NA,NA
80,1,advan4,nonmem_scm,focei,9,not_converged,FALSE,TRUE,TRUE,TRUE,-1632.7094716799666,68.27242524916944,psn_lst,NA,FALSE,TRUE,TRUE,NA,nonmem,psn_cov,1,0,0,1,FALSE,NA,NA,NA,97,181.05,1.866,NA,NA,NA
80,1,advan4,nonmem_scm,focei,10,ok,TRUE,TRUE,TRUE,TRUE,-1531.4716764707375,15.272727272727272,psn_lst,NA,TRUE,TRUE,FALSE,NA,nonmem,psn_cov,0,0,0,0,TRUE,NA,NA,NA,65.58,95.84,1.461,NA,NA,NA
80,1,advan4,nonmem_scm,focei,11,ok,TRUE,TRUE,TRUE,TRUE,-1558.189861738564,77.56563245823389,psn_lst,NA,TRUE,TRUE,FALSE,NA,nonmem,psn_cov,0,0,0,0,TRUE,NA,NA,NA,61.277,94.63,1.544,NA,NA,NA
80,1,advan4,nonmem_scm,focei,12,ok,TRUE,TRUE,TRUE,TRUE,-1567.9383622440605,30.593220338983052,psn_lst,NA,TRUE,TRUE,FALSE,NA,nonmem,psn_cov,0,0,0,0,TRUE,NA,NA,NA,64.539,95.21,1.475,NA,NA,NA
80,1,advan4,nonmem_scm,focei,13,ok,TRUE,FALSE,FALSE,FALSE,-1562.7466327510283,NA,psn_lst,NA,TRUE,FALSE,FALSE,NA,nonmem,psn_cov,0,0,0,0,TRUE,NA,NA,NA,63.537,96.68,1.522,NA,NA,NA
80,1,advan4,nonmem_scm,focei,14,ok,TRUE,FALSE,FALSE,FALSE,-1494.4333037478311,NA,psn_lst,NA,TRUE,FALSE,FALSE,NA,nonmem,psn_cov,1,0,0,1,FALSE,NA,NA,NA,98.352,184.2,1.873,NA,NA,NA
80,1,advan4,nonmem_scm,focei,15,ok,TRUE,TRUE,TRUE,TRUE,-1530.1096448152095,39.91179713340683,psn_lst,NA,TRUE,TRUE,FALSE,NA,nonmem,psn_cov,0,0,0,0,TRUE,NA,NA,NA,61.635,96.18,1.56,NA,NA,NA
80,1,advan4,nonmem_scm,focei,16,ok,TRUE,TRUE,TRUE,TRUE,-1589.1367480024967,27.262443438914023,psn_lst,NA,TRUE,TRUE,FALSE,NA,nonmem,psn_cov,0,0,0,0,TRUE,NA,NA,NA,94.539,175.25,1.854,NA,NA,NA
80,1,advan4,nonmem_scm,focei,17,ok,TRUE,FALSE,FALSE,FALSE,-1573.6003088862872,NA,psn_lst,NA,TRUE,FALSE,FALSE,NA,nonmem,psn_cov,0,0,0,0,TRUE,NA,NA,NA,62.424,93.91,1.504,NA,NA,NA
80,1,advan4,nonmem_scm,focei,18,ok,TRUE,FALSE,FALSE,FALSE,-1525.384138549485,NA,psn_lst,NA,TRUE,FALSE,FALSE,NA,nonmem,psn_cov,0,0,0,0,TRUE,NA,NA,NA,61.211,96.85,1.582,NA,NA,NA
80,1,advan4,nonmem_scm,focei,19,ok,TRUE,FALSE,FALSE,FALSE,-1500.7123988704502,NA,psn_lst,NA,TRUE,FALSE,FALSE,NA,nonmem,psn_cov,0,0,0,0,TRUE,NA,NA,NA,65.831,96.35,1.464,NA,NA,NA
80,1,advan4,nonmem_scm,focei,20,ok,TRUE,TRUE,TRUE,TRUE,-1530.619270374424,23.571428571428573,psn_lst,NA,TRUE,TRUE,FALSE,NA,nonmem,psn_cov,0,0,0,0,TRUE,NA,NA,NA,94.978,177.5,1.869,NA,NA,NA
80,1,advan4,nonmem_scm,focei,21,ok,TRUE,FALSE,FALSE,FALSE,-1530.1628046951434,NA,psn_lst,NA,TRUE,FALSE,FALSE,NA,nonmem,psn_cov,0,0,0,0,TRUE,NA,NA,NA,63.26,95.35,1.507,NA,NA,NA
80,1,advan4,nonmem_scm,focei,22,ok,TRUE,TRUE,TRUE,TRUE,-1523.5653966387674,11.515151515151514,psn_lst,NA,TRUE,TRUE,FALSE,NA,nonmem,psn_cov,0,0,0,0,TRUE,NA,NA,NA,62.707,96.69,1.542,NA,NA,NA
80,1,advan4,nonmem_scm,focei,23,ok,TRUE,TRUE,TRUE,TRUE,-1567.6612692355532,70.45009784735812,psn_lst,NA,TRUE,TRUE,FALSE,NA,nonmem,psn_cov,0,0,0,0,TRUE,NA,NA,NA,63.421,97.02,1.53,NA,NA,NA
80,1,advan4,nonmem_scm,focei,24,ok,TRUE,TRUE,TRUE,TRUE,-1521.5770134265908,13.92670157068063,psn_lst,NA,TRUE,TRUE,FALSE,NA,nonmem,psn_cov,0,0,0,0,TRUE,NA,NA,NA,93.19,174.31,1.87,NA,NA,NA
80,1,advan4,nonmem_scm,focei,25,ok,TRUE,FALSE,FALSE,FALSE,-1534.839884355682,NA,psn_lst,NA,TRUE,FALSE,FALSE,NA,nonmem,psn_cov,0,0,0,0,TRUE,NA,NA,NA,61.952,97.15,1.568,NA,NA,NA
80,1,advan4,nonmem_scm,focei,26,ok,TRUE,FALSE,FALSE,FALSE,-1552.1571276065645,NA,psn_lst,NA,TRUE,FALSE,FALSE,NA,nonmem,psn_cov,0,0,0,0,TRUE,NA,NA,NA,65.585,97.7,1.49,NA,NA,NA
80,1,advan4,nonmem_scm,focei,27,ok,TRUE,TRUE,TRUE,TRUE,-1501.4757581866652,232.56880733944956,psn_lst,NA,TRUE,TRUE,FALSE,NA,nonmem,psn_cov,0,0,0,0,TRUE,NA,NA,NA,61.793,95.72,1.549,NA,NA,NA
80,1,advan4,nonmem_scm,focei,28,ok,TRUE,FALSE,FALSE,FALSE,-1494.245180868024,NA,psn_lst,NA,TRUE,FALSE,FALSE,NA,nonmem,psn_cov,0,0,0,0,TRUE,NA,NA,NA,61.935,96.78,1.563,NA,NA,NA
80,1,advan4,nonmem_scm,focei,29,ok,TRUE,TRUE,TRUE,TRUE,-1585.9623651488305,544.2247658688866,psn_lst,NA,TRUE,TRUE,FALSE,NA,nonmem,psn_cov,0,0,0,0,TRUE,NA,NA,NA,63.904,96.64,1.512,NA,NA,NA
80,1,advan4,nonmem_scm,focei,30,ok,TRUE,FALSE,TRUE,TRUE,-1522.1394491464573,35879.62962962963,psn_lst,NA,TRUE,TRUE,FALSE,NA,nonmem,psn_cov,0,0,0,0,TRUE,NA,NA,NA,64.261,97.78,1.522,NA,NA,NA
80,1,advan4,nonmem_scm,focei,31,ok,TRUE,TRUE,TRUE,TRUE,-1565.6294208979743,12.125000000000002,psn_lst,NA,TRUE,TRUE,FALSE,NA,nonmem,psn_cov,0,0,0,0,TRUE,NA,NA,NA,64.974,100.35,1.544,NA,NA,NA
80,1,advan4,nonmem_scm,focei,32,not_converged,FALSE,FALSE,FALSE,FALSE,-1516.8068289479936,NA,psn_lst,NA,FALSE,FALSE,TRUE,NA,nonmem,psn_cov,0,0,0,0,TRUE,NA,NA,NA,97.257,187.42,1.927,NA,NA,NA
80,1,advan4,nonmem_scm,focei,33,ok,TRUE,TRUE,TRUE,TRUE,-1599.5852357136444,6.017964071856286,psn_lst,NA,TRUE,TRUE,FALSE,NA,nonmem,psn_cov,1,0,0,1,FALSE,NA,NA,NA,129.523,257.38,1.987,NA,NA,NA
80,1,advan4,nonmem_scm,focei,34,ok,TRUE,TRUE,TRUE,TRUE,-1557.63367568275,15.586592178770951,psn_lst,NA,TRUE,TRUE,FALSE,NA,nonmem,psn_cov,1,0,0,1,FALSE,NA,NA,NA,95.036,177.31,1.866,NA,NA,NA
80,1,advan4,nonmem_scm,focei,35,ok,TRUE,TRUE,TRUE,TRUE,-1572.3237561074277,19.056603773584904,psn_lst,NA,TRUE,TRUE,FALSE,NA,nonmem,psn_cov,0,0,0,0,TRUE,NA,NA,NA,62.459,100.35,1.607,NA,NA,NA
80,1,advan4,nonmem_scm,focei,36,ok,TRUE,FALSE,TRUE,TRUE,-1546.549469535998,1094.1915227629513,psn_lst,NA,TRUE,TRUE,FALSE,NA,nonmem,psn_cov,0,0,0,0,TRUE,NA,NA,NA,65.066,98.47,1.513,NA,NA,NA
80,1,advan4,nonmem_scm,focei,37,ok,TRUE,FALSE,FALSE,FALSE,-1534.1414499546788,NA,psn_lst,NA,TRUE,FALSE,FALSE,NA,nonmem,psn_cov,0,0,0,0,TRUE,NA,NA,NA,59.908,95.51,1.594,NA,NA,NA
80,1,advan4,nonmem_scm,focei,38,ok,TRUE,FALSE,FALSE,FALSE,-1519.8547980416497,NA,psn_lst,NA,TRUE,FALSE,FALSE,NA,nonmem,psn_cov,0,0,0,0,TRUE,NA,NA,NA,98.98,177.78,1.796,NA,NA,NA
80,1,advan4,nonmem_scm,focei,39,ok,TRUE,TRUE,TRUE,TRUE,-1478.1296623665985,29.25925925925926,psn_lst,NA,TRUE,TRUE,FALSE,NA,nonmem,psn_cov,1,0,0,1,FALSE,NA,NA,NA,135.606,273.09,2.014,NA,NA,NA
80,1,advan4,nonmem_scm,focei,40,ok,TRUE,TRUE,TRUE,TRUE,-1538.0084611025277,14.794520547945206,psn_lst,NA,TRUE,TRUE,FALSE,NA,nonmem,psn_cov,0,0,0,0,TRUE,NA,NA,NA,63.395,98.14,1.548,NA,NA,NA
80,1,advan4,nonmem_scm,focei,41,ok,TRUE,FALSE,FALSE,FALSE,-1532.0348463920684,NA,psn_lst,NA,TRUE,FALSE,FALSE,NA,nonmem,psn_cov,0,0,0,0,TRUE,NA,NA,NA,99.197,178.61,1.801,NA,NA,NA
80,1,advan4,nonmem_scm,focei,42,not_converged,FALSE,FALSE,FALSE,FALSE,-1536.279879171302,NA,psn_lst,NA,FALSE,FALSE,TRUE,NA,nonmem,psn_cov,0,0,0,0,TRUE,NA,NA,NA,61.256,96.45,1.575,NA,NA,NA
80,1,advan4,nonmem_scm,focei,43,ok,TRUE,FALSE,FALSE,FALSE,-1545.4350365702203,NA,psn_lst,NA,TRUE,FALSE,FALSE,NA,nonmem,psn_cov,0,0,0,0,TRUE,NA,NA,NA,132.431,256.98,1.94,NA,NA,NA
80,1,advan4,nonmem_scm,focei,44,ok,TRUE,FALSE,TRUE,TRUE,-1573.912646458709,26666.666666666668,psn_lst,NA,TRUE,TRUE,FALSE,NA,nonmem,psn_cov,0,0,0,0,TRUE,NA,NA,NA,95.053,180.91,1.903,NA,NA,NA
80,1,advan4,nonmem_scm,focei,45,ok,TRUE,FALSE,FALSE,FALSE,-1543.5920146851224,NA,psn_lst,NA,TRUE,FALSE,FALSE,NA,nonmem,psn_cov,0,0,0,0,TRUE,NA,NA,NA,63.022,101.13,1.605,NA,NA,NA
80,1,advan4,nonmem_scm,focei,46,ok,TRUE,TRUE,TRUE,TRUE,-1481.2028182591994,25.972222222222225,psn_lst,NA,TRUE,TRUE,FALSE,NA,nonmem,psn_cov,0,0,0,0,TRUE,NA,NA,NA,66.861,101.26,1.514,NA,NA,NA
80,1,advan4,nonmem_scm,focei,47,ok,TRUE,TRUE,TRUE,TRUE,-1560.6719969838596,11.676646706586826,psn_lst,NA,TRUE,TRUE,FALSE,NA,nonmem,psn_cov,0,0,0,0,TRUE,NA,NA,NA,100.696,185.26,1.84,NA,NA,NA
80,1,advan4,nonmem_scm,focei,48,ok,TRUE,FALSE,TRUE,TRUE,-1537.810686697209,1820.5882352941176,psn_lst,NA,TRUE,TRUE,FALSE,NA,nonmem,psn_cov,0,0,0,0,TRUE,NA,NA,NA,62.453,99.47,1.593,NA,NA,NA
80,1,advan4,nonmem_scm,focei,49,ok,TRUE,TRUE,TRUE,TRUE,-1483.4545505060453,26.3302752293578,psn_lst,NA,TRUE,TRUE,FALSE,NA,nonmem,psn_cov,0,0,0,0,TRUE,NA,NA,NA,63.712,99.75,1.566,NA,NA,NA
80,1,advan4,nonmem_scm,focei,50,ok,TRUE,FALSE,FALSE,FALSE,-1510.5620911964702,NA,psn_lst,NA,TRUE,FALSE,FALSE,NA,nonmem,psn_cov,2,0,0,2,FALSE,NA,NA,NA,123.644,252.46,2.042,NA,NA,NA
80,1,advan4,nonmem_scm,focei,51,ok,TRUE,TRUE,TRUE,TRUE,-1588.0060278695876,120.06172839506172,psn_lst,NA,TRUE,TRUE,FALSE,NA,nonmem,psn_cov,0,0,0,0,TRUE,NA,NA,NA,60.812,95.96,1.578,NA,NA,NA
80,1,advan4,nonmem_scm,focei,52,ok,TRUE,TRUE,TRUE,TRUE,-1565.558752399325,24.56,psn_lst,NA,TRUE,TRUE,FALSE,NA,nonmem,psn_cov,0,0,0,0,TRUE,NA,NA,NA,63.625,101.18,1.59,NA,NA,NA
80,1,advan4,nonmem_scm,focei,53,ok,TRUE,FALSE,FALSE,FALSE,-1489.9305954849451,NA,psn_lst,NA,TRUE,FALSE,FALSE,NA,nonmem,psn_cov,0,0,0,0,TRUE,NA,NA,NA,95.709,184.08,1.923,NA,NA,NA
80,1,advan4,nonmem_scm,focei,54,ok,TRUE,TRUE,TRUE,TRUE,-1478.6355715255054,293.5,psn_lst,NA,TRUE,TRUE,FALSE,NA,nonmem,psn_cov,0,0,0,0,TRUE,NA,NA,NA,67.407,103.06,1.529,NA,NA,NA
80,1,advan4,nonmem_scm,focei,55,ok,TRUE,FALSE,FALSE,FALSE,-1571.717140603398,NA,psn_lst,NA,TRUE,FALSE,FALSE,NA,nonmem,psn_cov,0,0,0,0,TRUE,NA,NA,NA,64.078,97.44,1.521,NA,NA,NA
80,1,advan4,nonmem_scm,focei,56,ok,TRUE,FALSE,FALSE,FALSE,-1557.1955736600364,NA,psn_lst,NA,TRUE,FALSE,FALSE,NA,nonmem,psn_cov,0,0,0,0,TRUE,NA,NA,NA,62.343,99.17,1.591,NA,NA,NA
80,1,advan4,nonmem_scm,focei,57,not_converged,FALSE,FALSE,FALSE,FALSE,-1482.795658461633,NA,psn_lst,NA,FALSE,FALSE,TRUE,NA,nonmem,psn_cov,0,0,0,0,TRUE,NA,NA,NA,99.385,185.79,1.869,NA,NA,NA
80,1,advan4,nonmem_scm,focei,58,ok,TRUE,FALSE,FALSE,FALSE,-1529.1375766969404,NA,psn_lst,NA,TRUE,FALSE,FALSE,NA,nonmem,psn_cov,0,0,0,0,TRUE,NA,NA,NA,62.899,101.45,1.613,NA,NA,NA
80,1,advan4,nonmem_scm,focei,59,ok,TRUE,FALSE,FALSE,FALSE,-1476.3794091211682,NA,psn_lst,NA,TRUE,FALSE,FALSE,NA,nonmem,psn_cov,0,0,0,0,TRUE,NA,NA,NA,140.702,199.72,1.419,NA,NA,NA
80,1,advan4,nonmem_scm,focei,60,ok,TRUE,TRUE,TRUE,TRUE,-1518.4367760867528,18.08383233532934,psn_lst,NA,TRUE,TRUE,FALSE,NA,nonmem,psn_cov,1,0,0,1,FALSE,NA,NA,NA,100.3,180.47,1.799,NA,NA,NA
80,1,advan4,nonmem_scm,focei,61,ok,TRUE,FALSE,FALSE,FALSE,-1548.5600776513595,NA,psn_lst,NA,TRUE,FALSE,FALSE,NA,nonmem,psn_cov,0,0,0,0,TRUE,NA,NA,NA,65.498,100.83,1.539,NA,NA,NA
80,1,advan4,nonmem_scm,focei,62,ok,TRUE,FALSE,FALSE,FALSE,-1532.7902625239935,NA,psn_lst,NA,TRUE,FALSE,FALSE,NA,nonmem,psn_cov,0,0,0,0,TRUE,NA,NA,NA,126.784,273.25,2.155,NA,NA,NA
80,1,advan4,nonmem_scm,focei,63,ok,TRUE,FALSE,FALSE,FALSE,-1539.0471464603004,NA,psn_lst,NA,TRUE,FALSE,FALSE,NA,nonmem,psn_cov,0,0,0,0,TRUE,NA,NA,NA,98.355,185.59,1.887,NA,NA,NA
80,1,advan4,nonmem_scm,focei,64,ok,TRUE,FALSE,FALSE,FALSE,-1540.998288485575,NA,psn_lst,NA,TRUE,FALSE,FALSE,NA,nonmem,psn_cov,0,0,0,0,TRUE,NA,NA,NA,62.952,98.39,1.563,NA,NA,NA
80,1,advan4,nonmem_scm,focei,65,ok,TRUE,FALSE,TRUE,TRUE,-1529.5160156797183,236227.54491017963,psn_lst,NA,TRUE,TRUE,FALSE,NA,nonmem,psn_cov,0,0,0,0,TRUE,NA,NA,NA,99.567,186.23,1.87,NA,NA,NA
80,1,advan4,nonmem_scm,focei,66,ok,TRUE,FALSE,FALSE,FALSE,-1532.9693415234435,NA,psn_lst,NA,TRUE,FALSE,FALSE,NA,nonmem,psn_cov,0,0,0,0,TRUE,NA,NA,NA,66.655,98.87,1.483,NA,NA,NA
80,1,advan4,nonmem_scm,focei,67,ok,TRUE,FALSE,FALSE,FALSE,-1568.6885753212875,NA,psn_lst,NA,TRUE,FALSE,FALSE,NA,nonmem,psn_cov,0,0,0,0,TRUE,NA,NA,NA,102.511,186.79,1.822,NA,NA,NA
80,1,advan4,nonmem_scm,focei,68,ok,TRUE,FALSE,FALSE,FALSE,-1552.0956908501246,NA,psn_lst,NA,TRUE,FALSE,FALSE,NA,nonmem,psn_cov,0,0,0,0,TRUE,NA,NA,NA,98.101,185.07,1.887,NA,NA,NA
80,1,advan4,nonmem_scm,focei,69,ok,TRUE,FALSE,FALSE,FALSE,-1560.52843468507,NA,psn_lst,NA,TRUE,FALSE,FALSE,NA,nonmem,psn_cov,0,0,0,0,TRUE,NA,NA,NA,64.751,100.76,1.556,NA,NA,NA
80,1,advan4,nonmem_scm,focei,70,ok,TRUE,FALSE,FALSE,FALSE,-1533.101504136641,NA,psn_lst,NA,TRUE,FALSE,FALSE,NA,nonmem,psn_cov,0,0,0,0,TRUE,NA,NA,NA,63.278,98.72,1.56,NA,NA,NA
80,1,advan4,nonmem_scm,focei,71,ok,TRUE,FALSE,FALSE,FALSE,-1518.5078133416127,NA,psn_lst,NA,TRUE,FALSE,FALSE,NA,nonmem,psn_cov,0,0,0,0,TRUE,NA,NA,NA,67.148,102.8,1.531,NA,NA,NA
80,1,advan4,nonmem_scm,focei,72,ok,TRUE,TRUE,TRUE,TRUE,-1524.2264245611286,182.59259259259255,psn_lst,NA,TRUE,TRUE,FALSE,NA,nonmem,psn_cov,0,0,0,0,TRUE,NA,NA,NA,99.561,184.92,1.857,NA,NA,NA
80,1,advan4,nonmem_scm,focei,73,ok,TRUE,TRUE,TRUE,TRUE,-1475.7532376080972,20.863309352517984,psn_lst,NA,TRUE,TRUE,FALSE,NA,nonmem,psn_cov,0,0,0,0,TRUE,NA,NA,NA,104.299,183.34,1.758,NA,NA,NA
80,1,advan4,nonmem_scm,focei,74,ok,TRUE,FALSE,FALSE,FALSE,-1515.521076382214,NA,psn_lst,NA,TRUE,FALSE,FALSE,NA,nonmem,psn_cov,1,0,0,1,FALSE,NA,NA,NA,96.877,185.55,1.915,NA,NA,NA
80,1,advan4,nonmem_scm,focei,75,ok,TRUE,TRUE,TRUE,TRUE,-1492.7005721831492,221.46596858638748,psn_lst,NA,TRUE,TRUE,FALSE,NA,nonmem,psn_cov,0,0,0,0,TRUE,NA,NA,NA,63.656,100.31,1.576,NA,NA,NA
80,1,advan4,nonmem_scm,focei,76,ok,TRUE,TRUE,TRUE,TRUE,-1563.2794473439849,5.434173669467787,psn_lst,NA,TRUE,TRUE,FALSE,NA,nonmem,psn_cov,0,0,0,0,TRUE,NA,NA,NA,64.634,99.86,1.545,NA,NA,NA
80,1,advan4,nonmem_scm,focei,77,not_converged,FALSE,TRUE,TRUE,TRUE,-1515.0398765316818,14.739884393063583,psn_lst,NA,FALSE,TRUE,TRUE,NA,nonmem,psn_cov,0,0,0,0,TRUE,NA,NA,NA,97.276,182.64,1.878,NA,NA,NA
80,1,advan4,nonmem_scm,focei,78,ok,TRUE,TRUE,TRUE,TRUE,-1600.843224636096,17.22826086956522,psn_lst,NA,TRUE,TRUE,FALSE,NA,nonmem,psn_cov,0,0,0,0,TRUE,NA,NA,NA,65.22,100.22,1.537,NA,NA,NA
80,1,advan4,nonmem_scm,focei,79,ok,TRUE,TRUE,TRUE,TRUE,-1533.4921304129834,28.35648148148148,psn_lst,NA,TRUE,TRUE,FALSE,NA,nonmem,psn_cov,0,0,0,0,TRUE,NA,NA,NA,100.569,184.35,1.833,NA,NA,NA
80,1,advan4,nonmem_scm,focei,80,ok,TRUE,TRUE,TRUE,TRUE,-1587.3347367997158,10.512820512820513,psn_lst,NA,TRUE,TRUE,FALSE,NA,nonmem,psn_cov,0,0,0,0,TRUE,NA,NA,NA,60.939,98.57,1.618,NA,NA,NA
80,1,advan4,nonmem_scm,focei,81,ok,TRUE,FALSE,FALSE,FALSE,-1524.8836517200198,NA,psn_lst,NA,TRUE,FALSE,FALSE,NA,nonmem,psn_cov,2,0,0,2,FALSE,NA,NA,NA,128.47,264.95,2.062,NA,NA,NA
80,1,advan4,nonmem_scm,focei,82,ok,TRUE,TRUE,TRUE,TRUE,-1546.200288476754,121.3855421686747,psn_lst,NA,TRUE,TRUE,FALSE,NA,nonmem,psn_cov,0,0,0,0,TRUE,NA,NA,NA,96.272,186.25,1.935,NA,NA,NA
80,1,advan4,nonmem_scm,focei,83,ok,TRUE,TRUE,TRUE,TRUE,-1557.945676844805,8.225255972696246,psn_lst,NA,TRUE,TRUE,FALSE,NA,nonmem,psn_cov,0,0,0,0,TRUE,NA,NA,NA,65.125,100.31,1.54,NA,NA,NA
80,1,advan4,nonmem_scm,focei,84,ok,TRUE,FALSE,FALSE,FALSE,-1600.8292265839596,NA,psn_lst,NA,TRUE,FALSE,FALSE,NA,nonmem,psn_cov,0,0,0,0,TRUE,NA,NA,NA,62.782,99.76,1.589,NA,NA,NA
80,1,advan4,nonmem_scm,focei,85,not_converged,FALSE,FALSE,TRUE,TRUE,-1520.541295769808,7233.009708737864,psn_lst,NA,FALSE,TRUE,TRUE,NA,nonmem,psn_cov,0,0,0,0,TRUE,NA,NA,NA,61.718,99.12,1.606,NA,NA,NA
80,1,advan4,nonmem_scm,focei,86,ok,TRUE,TRUE,TRUE,TRUE,-1514.762271794757,6.097560975609756,psn_lst,NA,TRUE,TRUE,FALSE,NA,nonmem,psn_cov,0,0,0,0,TRUE,NA,NA,NA,87.415,104.45,1.195,NA,NA,NA
80,1,advan4,nonmem_scm,focei,87,ok,TRUE,FALSE,FALSE,FALSE,-1586.375460558996,NA,psn_lst,NA,TRUE,FALSE,FALSE,NA,nonmem,psn_cov,0,0,0,0,TRUE,NA,NA,NA,100.922,179.06,1.774,NA,NA,NA
80,1,advan4,nonmem_scm,focei,88,ok,TRUE,FALSE,FALSE,FALSE,-1550.858594509259,NA,psn_lst,NA,TRUE,FALSE,FALSE,NA,nonmem,psn_cov,0,0,0,0,TRUE,NA,NA,NA,100.557,183.73,1.827,NA,NA,NA
80,1,advan4,nonmem_scm,focei,89,ok,TRUE,FALSE,FALSE,FALSE,-1552.9854254492882,NA,psn_lst,NA,TRUE,FALSE,FALSE,NA,nonmem,psn_cov,0,0,0,0,TRUE,NA,NA,NA,82.896,104.92,1.266,NA,NA,NA
80,1,advan4,nonmem_scm,focei,90,ok,TRUE,FALSE,FALSE,FALSE,-1541.2342006174647,NA,psn_lst,NA,TRUE,FALSE,FALSE,NA,nonmem,psn_cov,0,0,0,0,TRUE,NA,NA,NA,87.395,109.06,1.248,NA,NA,NA
80,1,advan4,nonmem_scm,focei,91,not_converged,FALSE,FALSE,TRUE,TRUE,-1531.377807022002,2312.741312741313,psn_lst,NA,FALSE,TRUE,TRUE,NA,nonmem,psn_cov,0,0,0,0,TRUE,NA,NA,NA,61.604,98.63,1.601,NA,NA,NA
80,1,advan4,nonmem_scm,focei,92,ok,TRUE,TRUE,TRUE,TRUE,-1536.5734244860864,24.10071942446043,psn_lst,NA,TRUE,TRUE,FALSE,NA,nonmem,psn_cov,0,0,0,0,TRUE,NA,NA,NA,61.706,98.87,1.602,NA,NA,NA
80,1,advan4,nonmem_scm,focei,93,ok,TRUE,TRUE,TRUE,TRUE,-1535.5112455726803,81.93069306930694,psn_lst,NA,TRUE,TRUE,FALSE,NA,nonmem,psn_cov,0,0,0,0,TRUE,NA,NA,NA,97.614,182.57,1.87,NA,NA,NA
80,1,advan4,nonmem_scm,focei,94,ok,TRUE,TRUE,TRUE,TRUE,-1534.4980442524225,9.330143540669855,psn_lst,NA,TRUE,TRUE,FALSE,NA,nonmem,psn_cov,0,0,0,0,TRUE,NA,NA,NA,62.83,98.15,1.562,NA,NA,NA
80,1,advan4,nonmem_scm,focei,95,ok,TRUE,FALSE,FALSE,FALSE,-1544.396703692942,NA,psn_lst,NA,TRUE,FALSE,FALSE,NA,nonmem,psn_cov,0,0,0,0,TRUE,NA,NA,NA,61.645,99.04,1.607,NA,NA,NA
80,1,advan4,nonmem_scm,focei,96,ok,TRUE,TRUE,TRUE,TRUE,-1573.67757507178,22.31788079470199,psn_lst,NA,TRUE,TRUE,FALSE,NA,nonmem,psn_cov,0,0,0,0,TRUE,NA,NA,NA,87.201,103.42,1.186,NA,NA,NA
80,1,advan4,nonmem_scm,focei,97,ok,TRUE,TRUE,TRUE,TRUE,-1511.231173602709,17.515923566878982,psn_lst,NA,TRUE,TRUE,FALSE,NA,nonmem,psn_cov,0,0,0,0,TRUE,NA,NA,NA,98.876,183.89,1.86,NA,NA,NA
80,1,advan4,nonmem_scm,focei,98,ok,TRUE,FALSE,FALSE,FALSE,-1542.852642970115,NA,psn_lst,NA,TRUE,FALSE,FALSE,NA,nonmem,psn_cov,0,0,0,0,TRUE,NA,NA,NA,64.311,99.67,1.55,NA,NA,NA
80,1,advan4,nonmem_scm,focei,99,ok,TRUE,TRUE,TRUE,TRUE,-1548.6307629093112,176.54723127035828,psn_lst,NA,TRUE,TRUE,FALSE,NA,nonmem,psn_cov,0,0,0,0,TRUE,NA,NA,NA,135.027,271.96,2.014,NA,NA,NA
80,1,advan4,nonmem_scm,focei,100,ok,TRUE,FALSE,TRUE,TRUE,-1591.0816467365592,59075.63025210084,psn_lst,NA,TRUE,TRUE,FALSE,NA,nonmem,psn_cov,0,0,0,0,TRUE,NA,NA,NA,69.165,100.09,1.447,NA,NA,NA
80,2,advan4,nonmem_scm,focei,1,ok,TRUE,TRUE,TRUE,TRUE,-1478.3046632206815,22.448979591836736,psn_lst,NA,TRUE,TRUE,FALSE,NA,nonmem,psn_cov,1,1,1,0,TRUE,NA,NA,NA,96.612,183,1.894,NA,NA,NA
80,2,advan4,nonmem_scm,focei,2,ok,TRUE,FALSE,FALSE,FALSE,-1552.0491865398835,NA,psn_lst,NA,TRUE,FALSE,FALSE,NA,nonmem,psn_cov,1,1,1,0,TRUE,NA,NA,NA,95.626,185.17,1.936,NA,NA,NA
80,2,advan4,nonmem_scm,focei,3,ok,TRUE,FALSE,FALSE,FALSE,-1586.584527689439,NA,psn_lst,NA,TRUE,FALSE,FALSE,NA,nonmem,psn_cov,1,1,1,0,TRUE,NA,NA,NA,160.702,346.33,2.155,NA,NA,NA
80,2,advan4,nonmem_scm,focei,4,ok,TRUE,TRUE,TRUE,TRUE,-1548.800079747911,11.08,psn_lst,NA,TRUE,TRUE,FALSE,NA,nonmem,psn_cov,1,1,1,0,TRUE,NA,NA,NA,101.606,184.19,1.813,NA,NA,NA
80,2,advan4,nonmem_scm,focei,5,ok,TRUE,FALSE,FALSE,FALSE,-1577.218533724493,NA,psn_lst,NA,TRUE,FALSE,FALSE,NA,nonmem,psn_cov,1,1,1,0,TRUE,NA,NA,NA,170.528,362.61,2.126,NA,NA,NA
80,2,advan4,nonmem_scm,focei,6,ok,TRUE,FALSE,FALSE,FALSE,-1496.591607772968,NA,psn_lst,NA,TRUE,FALSE,FALSE,NA,nonmem,psn_cov,1,1,1,0,TRUE,NA,NA,NA,101.379,184.74,1.822,NA,NA,NA
80,2,advan4,nonmem_scm,focei,7,ok,TRUE,TRUE,TRUE,TRUE,-1617.9947040268878,47.8330658105939,psn_lst,NA,TRUE,TRUE,FALSE,NA,nonmem,psn_cov,1,1,1,0,TRUE,NA,NA,NA,96.671,182.33,1.886,NA,NA,NA
80,2,advan4,nonmem_scm,focei,8,not_converged,FALSE,TRUE,TRUE,TRUE,-1529.1412558033128,180.32258064516128,psn_lst,NA,FALSE,TRUE,TRUE,NA,nonmem,psn_cov,2,1,1,1,FALSE,NA,NA,NA,122.314,261.16,2.135,NA,NA,NA
80,2,advan4,nonmem_scm,focei,9,not_converged,FALSE,FALSE,FALSE,FALSE,-1548.5759394743286,NA,psn_lst,NA,FALSE,FALSE,TRUE,NA,nonmem,psn_cov,2,1,1,1,FALSE,NA,NA,NA,127.038,267.94,2.109,NA,NA,NA
80,2,advan4,nonmem_scm,focei,10,not_converged,FALSE,TRUE,TRUE,TRUE,-1571.0018545418625,327.3809523809524,psn_lst,NA,FALSE,TRUE,TRUE,NA,nonmem,psn_cov,1,1,1,0,TRUE,NA,NA,NA,94.591,185.26,1.959,NA,NA,NA
80,2,advan4,nonmem_scm,focei,11,not_converged,FALSE,TRUE,TRUE,TRUE,-1551.16235678643,11.867219917012449,psn_lst,NA,FALSE,TRUE,TRUE,NA,nonmem,psn_cov,1,1,1,0,TRUE,NA,NA,NA,101.072,182.04,1.801,NA,NA,NA
80,2,advan4,nonmem_scm,focei,12,ok,TRUE,FALSE,TRUE,TRUE,-1570.7726104725084,49230.769230769234,psn_lst,NA,TRUE,TRUE,FALSE,NA,nonmem,psn_cov,1,1,1,0,TRUE,NA,NA,NA,131.944,269.81,2.045,NA,NA,NA
80,2,advan4,nonmem_scm,focei,13,ok,TRUE,FALSE,FALSE,FALSE,-1586.4466878010282,NA,psn_lst,NA,TRUE,FALSE,FALSE,NA,nonmem,psn_cov,1,1,1,0,TRUE,NA,NA,NA,96.056,187.27,1.95,NA,NA,NA
80,2,advan4,nonmem_scm,focei,14,not_converged,FALSE,TRUE,TRUE,TRUE,-1519.9488159644077,41.48061104582844,psn_lst,NA,FALSE,TRUE,TRUE,NA,nonmem,psn_cov,1,1,1,0,TRUE,NA,NA,NA,96.297,178.85,1.857,NA,NA,NA
80,2,advan4,nonmem_scm,focei,15,ok,TRUE,TRUE,TRUE,TRUE,-1637.023661319214,99.42363112391932,psn_lst,NA,TRUE,TRUE,FALSE,NA,nonmem,psn_cov,1,1,1,0,TRUE,NA,NA,NA,93.05,182.85,1.965,NA,NA,NA
80,2,advan4,nonmem_scm,focei,16,ok,TRUE,TRUE,TRUE,TRUE,-1505.069589395178,58.80681818181817,psn_lst,NA,TRUE,TRUE,FALSE,NA,nonmem,psn_cov,1,1,1,0,TRUE,NA,NA,NA,96.699,185.02,1.913,NA,NA,NA
80,2,advan4,nonmem_scm,focei,17,ok,TRUE,TRUE,TRUE,TRUE,-1498.3686588011817,31.25794155019059,psn_lst,NA,TRUE,TRUE,FALSE,NA,nonmem,psn_cov,1,1,1,0,TRUE,NA,NA,NA,188.342,282.85,1.502,NA,NA,NA
80,2,advan4,nonmem_scm,focei,18,ok,TRUE,FALSE,FALSE,FALSE,-1562.8132848749594,NA,psn_lst,NA,TRUE,FALSE,FALSE,NA,nonmem,psn_cov,1,1,1,0,TRUE,NA,NA,NA,101.811,186.15,1.828,NA,NA,NA
80,2,advan4,nonmem_scm,focei,19,ok,TRUE,FALSE,FALSE,FALSE,-1493.0065683577336,NA,psn_lst,NA,TRUE,FALSE,FALSE,NA,nonmem,psn_cov,1,1,1,0,TRUE,NA,NA,NA,96.744,183.3,1.895,NA,NA,NA
80,2,advan4,nonmem_scm,focei,20,ok,TRUE,FALSE,FALSE,FALSE,-1532.8609432367318,NA,psn_lst,NA,TRUE,FALSE,FALSE,NA,nonmem,psn_cov,1,1,1,0,TRUE,NA,NA,NA,132.275,269.55,2.038,NA,NA,NA
80,2,advan4,nonmem_scm,focei,21,not_converged,FALSE,FALSE,FALSE,FALSE,-1517.26025192057,NA,psn_lst,NA,FALSE,FALSE,TRUE,NA,nonmem,psn_cov,1,1,1,0,TRUE,NA,NA,NA,134.321,193.65,1.442,NA,NA,NA
80,2,advan4,nonmem_scm,focei,22,not_converged,FALSE,FALSE,FALSE,FALSE,-1568.3913188088693,NA,psn_lst,NA,FALSE,FALSE,TRUE,NA,nonmem,psn_cov,1,1,1,0,TRUE,NA,NA,NA,93.912,178.98,1.906,NA,NA,NA
80,2,advan4,nonmem_scm,focei,23,ok,TRUE,FALSE,FALSE,FALSE,-1599.5520885033814,NA,psn_lst,NA,TRUE,FALSE,FALSE,NA,nonmem,psn_cov,1,1,1,0,TRUE,NA,NA,NA,145.909,206.01,1.412,NA,NA,NA
80,2,advan4,nonmem_scm,focei,24,ok,TRUE,FALSE,FALSE,FALSE,-1616.400802204414,NA,psn_lst,NA,TRUE,FALSE,FALSE,NA,nonmem,psn_cov,1,1,1,0,TRUE,NA,NA,NA,100.082,184.72,1.846,NA,NA,NA
80,2,advan4,nonmem_scm,focei,25,not_converged,FALSE,FALSE,FALSE,FALSE,-1500.7812272837111,NA,psn_lst,NA,FALSE,FALSE,TRUE,NA,nonmem,psn_cov,1,1,1,0,TRUE,NA,NA,NA,97.636,182.34,1.868,NA,NA,NA
80,2,advan4,nonmem_scm,focei,26,ok,TRUE,TRUE,TRUE,TRUE,-1523.4028638660918,73.51694915254238,psn_lst,NA,TRUE,TRUE,FALSE,NA,nonmem,psn_cov,1,1,1,0,TRUE,NA,NA,NA,95.588,182.48,1.909,NA,NA,NA
80,2,advan4,nonmem_scm,focei,27,ok,TRUE,FALSE,FALSE,FALSE,-1579.649990927208,NA,psn_lst,NA,TRUE,FALSE,FALSE,NA,nonmem,psn_cov,2,1,1,1,FALSE,NA,NA,NA,128.103,263.49,2.057,NA,NA,NA
80,2,advan4,nonmem_scm,focei,28,ok,TRUE,FALSE,FALSE,FALSE,-1502.271050183767,NA,psn_lst,NA,TRUE,FALSE,FALSE,NA,nonmem,psn_cov,1,1,1,0,TRUE,NA,NA,NA,189.791,285.91,1.506,NA,NA,NA
80,2,advan4,nonmem_scm,focei,29,ok,TRUE,TRUE,TRUE,TRUE,-1527.07938677725,37.308146399055495,psn_lst,NA,TRUE,TRUE,FALSE,NA,nonmem,psn_cov,2,1,1,1,FALSE,NA,NA,NA,128.323,261.68,2.039,NA,NA,NA
80,2,advan4,nonmem_scm,focei,30,ok,TRUE,FALSE,FALSE,FALSE,-1592.2586191950506,NA,psn_lst,NA,TRUE,FALSE,FALSE,NA,nonmem,psn_cov,2,1,1,1,FALSE,NA,NA,NA,126.905,264.87,2.087,NA,NA,NA
80,2,advan4,nonmem_scm,focei,31,ok,TRUE,FALSE,TRUE,TRUE,-1528.7429748059196,142902.71132376394,psn_lst,NA,TRUE,TRUE,FALSE,NA,nonmem,psn_cov,1,1,1,0,TRUE,NA,NA,NA,131.808,273.44,2.075,NA,NA,NA
80,2,advan4,nonmem_scm,focei,32,ok,TRUE,FALSE,FALSE,FALSE,-1554.4565343599677,NA,psn_lst,NA,TRUE,FALSE,FALSE,NA,nonmem,psn_cov,2,1,1,1,FALSE,NA,NA,NA,134.697,264.11,1.961,NA,NA,NA
80,2,advan4,nonmem_scm,focei,33,ok,TRUE,FALSE,FALSE,FALSE,-1546.6377317571296,NA,psn_lst,NA,TRUE,FALSE,FALSE,NA,nonmem,psn_cov,1,1,1,0,TRUE,NA,NA,NA,95.943,184.22,1.92,NA,NA,NA
80,2,advan4,nonmem_scm,focei,34,not_converged,FALSE,FALSE,FALSE,FALSE,-1603.860516340986,NA,psn_lst,NA,FALSE,FALSE,TRUE,NA,nonmem,psn_cov,1,1,1,0,TRUE,NA,NA,NA,138.378,273.65,1.978,NA,NA,NA
80,2,advan4,nonmem_scm,focei,35,ok,TRUE,FALSE,FALSE,FALSE,-1521.585621487495,NA,psn_lst,NA,TRUE,FALSE,FALSE,NA,nonmem,psn_cov,2,1,1,1,FALSE,NA,NA,NA,127.083,261.9,2.061,NA,NA,NA
80,2,advan4,nonmem_scm,focei,36,ok,TRUE,TRUE,TRUE,TRUE,-1522.4505850828168,24.076923076923077,psn_lst,NA,TRUE,TRUE,FALSE,NA,nonmem,psn_cov,1,1,1,0,TRUE,NA,NA,NA,98.631,182.24,1.848,NA,NA,NA
80,2,advan4,nonmem_scm,focei,37,ok,TRUE,FALSE,FALSE,FALSE,-1509.1887406052597,NA,psn_lst,NA,TRUE,FALSE,FALSE,NA,nonmem,psn_cov,1,1,1,0,TRUE,NA,NA,NA,94.365,183.42,1.944,NA,NA,NA
80,2,advan4,nonmem_scm,focei,38,ok,TRUE,FALSE,FALSE,FALSE,-1569.4465505925302,NA,psn_lst,NA,TRUE,FALSE,FALSE,NA,nonmem,psn_cov,1,1,1,0,TRUE,NA,NA,NA,102.541,188.23,1.836,NA,NA,NA
80,2,advan4,nonmem_scm,focei,39,ok,TRUE,TRUE,TRUE,TRUE,-1583.0033628445483,16.102564102564102,psn_lst,NA,TRUE,TRUE,FALSE,NA,nonmem,psn_cov,2,1,1,1,FALSE,NA,NA,NA,124.615,256.53,2.059,NA,NA,NA
80,2,advan4,nonmem_scm,focei,40,ok,TRUE,TRUE,TRUE,TRUE,-1557.9417723746642,30.714285714285715,psn_lst,NA,TRUE,TRUE,FALSE,NA,nonmem,psn_cov,1,1,1,0,TRUE,NA,NA,NA,94.662,185.26,1.957,NA,NA,NA
80,2,advan4,nonmem_scm,focei,41,ok,TRUE,TRUE,TRUE,TRUE,-1545.9135840947283,13.028846153846157,psn_lst,NA,TRUE,TRUE,FALSE,NA,nonmem,psn_cov,1,1,1,0,TRUE,NA,NA,NA,103.727,186.5,1.798,NA,NA,NA
80,2,advan4,nonmem_scm,focei,42,ok,TRUE,FALSE,FALSE,FALSE,-1611.348326350329,NA,psn_lst,NA,TRUE,FALSE,FALSE,NA,nonmem,psn_cov,1,1,1,0,TRUE,NA,NA,NA,95.801,185.36,1.935,NA,NA,NA
80,2,advan4,nonmem_scm,focei,43,ok,TRUE,TRUE,TRUE,TRUE,-1571.991561730397,25.413533834586463,psn_lst,NA,TRUE,TRUE,FALSE,NA,nonmem,psn_cov,1,1,1,0,TRUE,NA,NA,NA,97.576,183.63,1.882,NA,NA,NA
80,2,advan4,nonmem_scm,focei,44,not_converged,FALSE,TRUE,TRUE,TRUE,-1578.9514872537677,34.92407809110629,psn_lst,NA,FALSE,TRUE,TRUE,NA,nonmem,psn_cov,1,1,1,0,TRUE,NA,NA,NA,129.517,262.65,2.028,NA,NA,NA
80,2,advan4,nonmem_scm,focei,45,ok,TRUE,FALSE,FALSE,FALSE,-1537.3290412619497,NA,psn_lst,NA,TRUE,FALSE,FALSE,NA,nonmem,psn_cov,1,1,1,0,TRUE,NA,NA,NA,102.73,185.74,1.808,NA,NA,NA
80,2,advan4,nonmem_scm,focei,46,not_converged,FALSE,TRUE,TRUE,TRUE,-1569.10894255243,815.5893536121673,psn_lst,NA,FALSE,TRUE,TRUE,NA,nonmem,psn_cov,1,1,1,0,TRUE,NA,NA,NA,97.57,185.58,1.902,NA,NA,NA
80,2,advan4,nonmem_scm,focei,47,ok,TRUE,FALSE,FALSE,FALSE,-1478.6181729676437,NA,psn_lst,NA,TRUE,FALSE,FALSE,NA,nonmem,psn_cov,0,1,0,0,FALSE,NA,NA,NA,64.035,99.56,1.555,NA,NA,NA
80,2,advan4,nonmem_scm,focei,48,not_converged,FALSE,FALSE,FALSE,FALSE,-1528.726665413622,NA,psn_lst,NA,FALSE,FALSE,TRUE,NA,nonmem,psn_cov,1,1,1,0,TRUE,NA,NA,NA,100.996,183.5,1.817,NA,NA,NA
80,2,advan4,nonmem_scm,focei,49,ok,TRUE,FALSE,FALSE,FALSE,-1501.5684422905042,NA,psn_lst,NA,TRUE,FALSE,FALSE,NA,nonmem,psn_cov,1,1,1,0,TRUE,NA,NA,NA,139.196,268.94,1.932,NA,NA,NA
80,2,advan4,nonmem_scm,focei,50,ok,TRUE,TRUE,TRUE,TRUE,-1571.2738419043812,20.416666666666668,psn_lst,NA,TRUE,TRUE,FALSE,NA,nonmem,psn_cov,1,1,1,0,TRUE,NA,NA,NA,127.556,270.04,2.117,NA,NA,NA
80,2,advan4,nonmem_scm,focei,51,ok,TRUE,FALSE,FALSE,FALSE,-1567.1862719544558,NA,psn_lst,NA,TRUE,FALSE,FALSE,NA,nonmem,psn_cov,1,1,1,0,TRUE,NA,NA,NA,101.907,182.41,1.79,NA,NA,NA
80,2,advan4,nonmem_scm,focei,52,not_converged,FALSE,TRUE,TRUE,TRUE,-1569.654339227633,828.7092882991556,psn_lst,NA,FALSE,TRUE,TRUE,NA,nonmem,psn_cov,1,1,1,0,TRUE,NA,NA,NA,98.064,183.22,1.868,NA,NA,NA
80,2,advan4,nonmem_scm,focei,53,ok,TRUE,FALSE,TRUE,TRUE,-1527.7867568940696,338695.652173913,psn_lst,NA,TRUE,TRUE,FALSE,NA,nonmem,psn_cov,1,1,1,0,TRUE,NA,NA,NA,99.271,180.73,1.821,NA,NA,NA
80,2,advan4,nonmem_scm,focei,54,ok,TRUE,FALSE,FALSE,FALSE,-1533.9783881182188,NA,psn_lst,NA,TRUE,FALSE,FALSE,NA,nonmem,psn_cov,1,1,1,0,TRUE,NA,NA,NA,135.251,191.56,1.416,NA,NA,NA
80,2,advan4,nonmem_scm,focei,55,ok,TRUE,TRUE,TRUE,TRUE,-1556.2097250456832,580.6451612903227,psn_lst,NA,TRUE,TRUE,FALSE,NA,nonmem,psn_cov,1,1,1,0,TRUE,NA,NA,NA,133.714,190.05,1.421,NA,NA,NA
80,2,advan4,nonmem_scm,focei,56,ok,TRUE,TRUE,TRUE,TRUE,-1581.6673887469035,218.18181818181816,psn_lst,NA,TRUE,TRUE,FALSE,NA,nonmem,psn_cov,1,1,1,0,TRUE,NA,NA,NA,163.82,356.1,2.174,NA,NA,NA
80,2,advan4,nonmem_scm,focei,57,ok,TRUE,FALSE,FALSE,FALSE,-1509.2139970819003,NA,psn_lst,NA,TRUE,FALSE,FALSE,NA,nonmem,psn_cov,1,1,1,0,TRUE,NA,NA,NA,94.686,182.09,1.923,NA,NA,NA
80,2,advan4,nonmem_scm,focei,58,ok,TRUE,TRUE,TRUE,TRUE,-1582.7343865697385,27.289719626168225,psn_lst,NA,TRUE,TRUE,FALSE,NA,nonmem,psn_cov,1,1,1,0,TRUE,NA,NA,NA,133.569,194.37,1.455,NA,NA,NA
80,2,advan4,nonmem_scm,focei,59,ok,TRUE,FALSE,FALSE,FALSE,-1571.0717808354996,NA,psn_lst,NA,TRUE,FALSE,FALSE,NA,nonmem,psn_cov,2,1,1,1,FALSE,NA,NA,NA,131.763,259.91,1.973,NA,NA,NA
80,2,advan4,nonmem_scm,focei,60,ok,TRUE,FALSE,FALSE,FALSE,-1561.1771112818433,NA,psn_lst,NA,TRUE,FALSE,FALSE,NA,nonmem,psn_cov,1,1,1,0,TRUE,NA,NA,NA,92.957,184.65,1.986,NA,NA,NA
80,2,advan4,nonmem_scm,focei,61,ok,TRUE,TRUE,TRUE,TRUE,-1548.0413109356648,91.0233393177738,psn_lst,NA,TRUE,TRUE,FALSE,NA,nonmem,psn_cov,1,1,1,0,TRUE,NA,NA,NA,96.266,179.52,1.865,NA,NA,NA
80,2,advan4,nonmem_scm,focei,62,ok,TRUE,TRUE,TRUE,TRUE,-1522.469446056352,500.8474576271187,psn_lst,NA,TRUE,TRUE,FALSE,NA,nonmem,psn_cov,1,1,1,0,TRUE,NA,NA,NA,97.168,184.95,1.903,NA,NA,NA
80,2,advan4,nonmem_scm,focei,63,ok,TRUE,TRUE,TRUE,TRUE,-1534.6171906625189,29.90654205607477,psn_lst,NA,TRUE,TRUE,FALSE,NA,nonmem,psn_cov,1,1,1,0,TRUE,NA,NA,NA,97.284,183.3,1.884,NA,NA,NA
80,2,advan4,nonmem_scm,focei,64,ok,TRUE,FALSE,FALSE,FALSE,-1524.1427719730586,NA,psn_lst,NA,TRUE,FALSE,FALSE,NA,nonmem,psn_cov,1,1,1,0,TRUE,NA,NA,NA,95.186,184.76,1.941,NA,NA,NA
80,2,advan4,nonmem_scm,focei,65,not_converged,FALSE,TRUE,TRUE,TRUE,-1555.8518848324754,443.5643564356436,psn_lst,NA,FALSE,TRUE,TRUE,NA,nonmem,psn_cov,1,1,1,0,TRUE,NA,NA,NA,95.611,187.34,1.959,NA,NA,NA
80,2,advan4,nonmem_scm,focei,66,ok,TRUE,FALSE,FALSE,FALSE,-1543.3072341504474,NA,psn_lst,NA,TRUE,FALSE,FALSE,NA,nonmem,psn_cov,1,1,1,0,TRUE,NA,NA,NA,100.239,183.15,1.827,NA,NA,NA
80,2,advan4,nonmem_scm,focei,67,not_converged,FALSE,TRUE,TRUE,TRUE,-1524.2124130051243,172.1153846153846,psn_lst,NA,FALSE,TRUE,TRUE,NA,nonmem,psn_cov,0,1,0,0,FALSE,NA,NA,NA,95.153,180.15,1.893,NA,NA,NA
80,2,advan4,nonmem_scm,focei,68,ok,TRUE,FALSE,FALSE,FALSE,-1601.8689394522482,NA,psn_lst,NA,TRUE,FALSE,FALSE,NA,nonmem,psn_cov,1,1,1,0,TRUE,NA,NA,NA,100.723,184.44,1.831,NA,NA,NA
80,2,advan4,nonmem_scm,focei,69,ok,TRUE,TRUE,TRUE,TRUE,-1503.30425085316,41.95979899497487,psn_lst,NA,TRUE,TRUE,FALSE,NA,nonmem,psn_cov,1,1,1,0,TRUE,NA,NA,NA,132.721,270.82,2.041,NA,NA,NA
80,2,advan4,nonmem_scm,focei,70,ok,TRUE,TRUE,TRUE,TRUE,-1482.3843149990996,77.29636048526862,psn_lst,NA,TRUE,TRUE,FALSE,NA,nonmem,psn_cov,1,1,1,0,TRUE,NA,NA,NA,98.584,184.79,1.874,NA,NA,NA
80,2,advan4,nonmem_scm,focei,71,not_converged,FALSE,TRUE,TRUE,TRUE,-1562.1995455193426,705.0067658998647,psn_lst,NA,FALSE,TRUE,TRUE,NA,nonmem,psn_cov,1,1,1,0,TRUE,NA,NA,NA,129.456,268.19,2.072,NA,NA,NA
80,2,advan4,nonmem_scm,focei,72,not_converged,FALSE,FALSE,TRUE,TRUE,-1579.5715882869893,2112.4620060790276,psn_lst,NA,FALSE,TRUE,TRUE,NA,nonmem,psn_cov,1,1,1,0,TRUE,NA,NA,NA,138.16,275.17,1.992,NA,NA,NA
80,2,advan4,nonmem_scm,focei,73,ok,TRUE,FALSE,FALSE,FALSE,-1564.1857319529,NA,psn_lst,NA,TRUE,FALSE,FALSE,NA,nonmem,psn_cov,1,1,1,0,TRUE,NA,NA,NA,132.167,271,2.05,NA,NA,NA
80,2,advan4,nonmem_scm,focei,74,ok,TRUE,FALSE,FALSE,FALSE,-1570.287163564112,NA,psn_lst,NA,TRUE,FALSE,FALSE,NA,nonmem,psn_cov,1,1,1,0,TRUE,NA,NA,NA,104.3,200.84,1.926,NA,NA,NA
80,2,advan4,nonmem_scm,focei,75,ok,TRUE,TRUE,TRUE,TRUE,-1516.765759886305,9.906976744186046,psn_lst,NA,TRUE,TRUE,FALSE,NA,nonmem,psn_cov,1,1,1,0,TRUE,NA,NA,NA,140.568,191.18,1.36,NA,NA,NA
80,2,advan4,nonmem_scm,focei,76,not_converged,FALSE,FALSE,FALSE,FALSE,-1500.586597013721,NA,psn_lst,NA,FALSE,FALSE,TRUE,NA,nonmem,psn_cov,1,1,1,0,TRUE,NA,NA,NA,100.487,180.09,1.792,NA,NA,NA
80,2,advan4,nonmem_scm,focei,77,ok,TRUE,TRUE,TRUE,TRUE,-1595.9411194496165,47.64851485148515,psn_lst,NA,TRUE,TRUE,FALSE,NA,nonmem,psn_cov,1,1,1,0,TRUE,NA,NA,NA,97.339,187.93,1.931,NA,NA,NA
80,2,advan4,nonmem_scm,focei,78,ok,TRUE,TRUE,TRUE,TRUE,-1539.70568556562,84.69656992084433,psn_lst,NA,TRUE,TRUE,FALSE,NA,nonmem,psn_cov,1,1,1,0,TRUE,NA,NA,NA,95.108,182.06,1.914,NA,NA,NA
80,2,advan4,nonmem_scm,focei,79,ok,TRUE,TRUE,TRUE,TRUE,-1533.772723695149,8.765432098765432,psn_lst,NA,TRUE,TRUE,FALSE,NA,nonmem,psn_cov,1,1,1,0,TRUE,NA,NA,NA,95.258,182.13,1.912,NA,NA,NA
80,2,advan4,nonmem_scm,focei,80,ok,TRUE,TRUE,TRUE,TRUE,-1604.386728925769,66.56976744186046,psn_lst,NA,TRUE,TRUE,FALSE,NA,nonmem,psn_cov,1,1,1,0,TRUE,NA,NA,NA,95.439,183.4,1.922,NA,NA,NA
80,2,advan4,nonmem_scm,focei,81,ok,TRUE,FALSE,FALSE,FALSE,-1568.7928682816296,NA,psn_lst,NA,TRUE,FALSE,FALSE,NA,nonmem,psn_cov,1,1,1,0,TRUE,NA,NA,NA,94.257,184.6,1.958,NA,NA,NA
80,2,advan4,nonmem_scm,focei,82,not_converged,FALSE,TRUE,TRUE,TRUE,-1560.2643449096972,614.7308781869688,psn_lst,NA,FALSE,TRUE,TRUE,NA,nonmem,psn_cov,1,1,1,0,TRUE,NA,NA,NA,95.142,183.71,1.931,NA,NA,NA
80,2,advan4,nonmem_scm,focei,83,ok,TRUE,TRUE,TRUE,TRUE,-1501.501615958275,13.945945945945946,psn_lst,NA,TRUE,TRUE,FALSE,NA,nonmem,psn_cov,1,1,1,0,TRUE,NA,NA,NA,140.067,265.23,1.894,NA,NA,NA
80,2,advan4,nonmem_scm,focei,84,not_converged,FALSE,TRUE,TRUE,TRUE,-1580.5981172700472,77.77777777777779,psn_lst,NA,FALSE,TRUE,TRUE,NA,nonmem,psn_cov,1,1,1,0,TRUE,NA,NA,NA,95.664,179.57,1.877,NA,NA,NA
80,2,advan4,nonmem_scm,focei,85,ok,TRUE,FALSE,FALSE,FALSE,-1519.2076993311678,NA,psn_lst,NA,TRUE,FALSE,FALSE,NA,nonmem,psn_cov,1,1,1,0,TRUE,NA,NA,NA,135.994,192.47,1.415,NA,NA,NA
80,2,advan4,nonmem_scm,focei,86,ok,TRUE,FALSE,FALSE,FALSE,-1516.8382224535053,NA,psn_lst,NA,TRUE,FALSE,FALSE,NA,nonmem,psn_cov,1,1,1,0,TRUE,NA,NA,NA,99.879,185.81,1.86,NA,NA,NA
80,2,advan4,nonmem_scm,focei,87,ok,TRUE,FALSE,FALSE,FALSE,-1546.6932967034766,NA,psn_lst,NA,TRUE,FALSE,FALSE,NA,nonmem,psn_cov,1,1,1,0,TRUE,NA,NA,NA,95.61,178.6,1.868,NA,NA,NA
80,2,advan4,nonmem_scm,focei,88,ok,TRUE,FALSE,FALSE,FALSE,-1493.0535568767584,NA,psn_lst,NA,TRUE,FALSE,FALSE,NA,nonmem,psn_cov,1,1,1,0,TRUE,NA,NA,NA,96.298,180.18,1.871,NA,NA,NA
80,2,advan4,nonmem_scm,focei,89,ok,TRUE,FALSE,FALSE,FALSE,-1560.5823139662784,NA,psn_lst,NA,TRUE,FALSE,FALSE,NA,nonmem,psn_cov,1,1,1,0,TRUE,NA,NA,NA,98.782,180.74,1.83,NA,NA,NA
80,2,advan4,nonmem_scm,focei,90,ok,TRUE,FALSE,FALSE,FALSE,-1569.6372593657975,NA,psn_lst,NA,TRUE,FALSE,FALSE,NA,nonmem,psn_cov,1,1,1,0,TRUE,NA,NA,NA,130.493,255.54,1.958,NA,NA,NA
80,2,advan4,nonmem_scm,focei,91,ok,TRUE,TRUE,TRUE,TRUE,-1504.3857176087631,608.695652173913,psn_lst,NA,TRUE,TRUE,FALSE,NA,nonmem,psn_cov,0,1,0,0,FALSE,NA,NA,NA,98.034,182.32,1.86,NA,NA,NA
80,2,advan4,nonmem_scm,focei,92,ok,TRUE,FALSE,FALSE,FALSE,-1577.5994471267306,NA,psn_lst,NA,TRUE,FALSE,FALSE,NA,nonmem,psn_cov,1,1,1,0,TRUE,NA,NA,NA,97.839,183.11,1.872,NA,NA,NA
80,2,advan4,nonmem_scm,focei,93,ok,TRUE,FALSE,FALSE,FALSE,-1577.2837044567484,NA,psn_lst,NA,TRUE,FALSE,FALSE,NA,nonmem,psn_cov,1,1,1,0,TRUE,NA,NA,NA,102.426,182.89,1.786,NA,NA,NA
80,2,advan4,nonmem_scm,focei,94,ok,TRUE,FALSE,FALSE,FALSE,-1516.030495023622,NA,psn_lst,NA,TRUE,FALSE,FALSE,NA,nonmem,psn_cov,1,1,1,0,TRUE,NA,NA,NA,186.681,279.91,1.499,NA,NA,NA
80,2,advan4,nonmem_scm,focei,95,ok,TRUE,FALSE,FALSE,FALSE,-1567.8816304805475,NA,psn_lst,NA,TRUE,FALSE,FALSE,NA,nonmem,psn_cov,1,1,1,0,TRUE,NA,NA,NA,96.472,184.31,1.911,NA,NA,NA
80,2,advan4,nonmem_scm,focei,96,ok,TRUE,TRUE,TRUE,TRUE,-1555.2271243742146,21.751824817518248,psn_lst,NA,TRUE,TRUE,FALSE,NA,nonmem,psn_cov,1,1,1,0,TRUE,NA,NA,NA,134.558,191.11,1.42,NA,NA,NA
80,2,advan4,nonmem_scm,focei,97,not_converged,FALSE,TRUE,TRUE,TRUE,-1536.0608916847689,67.45454545454545,psn_lst,NA,FALSE,TRUE,TRUE,NA,nonmem,psn_cov,1,1,1,0,TRUE,NA,NA,NA,96.995,179.5,1.851,NA,NA,NA
80,2,advan4,nonmem_scm,focei,98,ok,TRUE,TRUE,TRUE,TRUE,-1612.9343219223676,175.98566308243727,psn_lst,NA,TRUE,TRUE,FALSE,NA,nonmem,psn_cov,1,1,1,0,TRUE,NA,NA,NA,183.639,283.05,1.541,NA,NA,NA
80,2,advan4,nonmem_scm,focei,99,ok,TRUE,TRUE,TRUE,TRUE,-1509.7646135913635,31.614349775784753,psn_lst,NA,TRUE,TRUE,FALSE,NA,nonmem,psn_cov,1,1,1,0,TRUE,NA,NA,NA,98.617,185.74,1.883,NA,NA,NA
80,2,advan4,nonmem_scm,focei,100,ok,TRUE,TRUE,TRUE,TRUE,-1522.1344142274,52.75229357798165,psn_lst,NA,TRUE,TRUE,FALSE,NA,nonmem,psn_cov,1,1,1,0,TRUE,NA,NA,NA,98.908,184.06,1.861,NA,NA,NA
80,3,advan4,nonmem_scm,focei,1,ok,TRUE,TRUE,TRUE,TRUE,-1486.4544340863104,26.60869565217391,psn_lst,NA,TRUE,TRUE,FALSE,NA,nonmem,psn_cov,1,1,1,0,TRUE,NA,NA,NA,96.573,178.92,1.853,NA,NA,NA
80,3,advan4,nonmem_scm,focei,2,ok,TRUE,TRUE,TRUE,TRUE,-1589.7411938435253,562.1621621621622,psn_lst,NA,TRUE,TRUE,FALSE,NA,nonmem,psn_cov,1,1,1,0,TRUE,NA,NA,NA,165.003,360.95,2.188,NA,NA,NA
80,3,advan4,nonmem_scm,focei,3,ok,TRUE,FALSE,FALSE,FALSE,-1563.7462968391408,NA,psn_lst,NA,TRUE,FALSE,FALSE,NA,nonmem,psn_cov,2,1,1,1,FALSE,NA,NA,NA,160.035,348.86,2.18,NA,NA,NA
80,3,advan4,nonmem_scm,focei,4,ok,TRUE,TRUE,TRUE,TRUE,-1550.8114059353666,9.074074074074074,psn_lst,NA,TRUE,TRUE,FALSE,NA,nonmem,psn_cov,1,1,1,0,TRUE,NA,NA,NA,93.897,183.08,1.95,NA,NA,NA
80,3,advan4,nonmem_scm,focei,5,ok,TRUE,FALSE,FALSE,FALSE,-1553.460904862178,NA,psn_lst,NA,TRUE,FALSE,FALSE,NA,nonmem,psn_cov,2,1,1,1,FALSE,NA,NA,NA,124.533,258.51,2.076,NA,NA,NA
80,3,advan4,nonmem_scm,focei,6,not_converged,FALSE,FALSE,FALSE,FALSE,-1487.077335739679,NA,psn_lst,NA,FALSE,FALSE,TRUE,NA,nonmem,psn_cov,1,1,1,0,TRUE,NA,NA,NA,98.298,188.24,1.915,NA,NA,NA
80,3,advan4,nonmem_scm,focei,7,ok,TRUE,TRUE,TRUE,TRUE,-1602.69874338228,25.44,psn_lst,NA,TRUE,TRUE,FALSE,NA,nonmem,psn_cov,1,1,1,0,TRUE,NA,NA,NA,134.144,269.72,2.011,NA,NA,NA
80,3,advan4,nonmem_scm,focei,8,not_converged,FALSE,TRUE,TRUE,TRUE,-1536.0857674569113,66.78765880217786,psn_lst,NA,FALSE,TRUE,TRUE,NA,nonmem,psn_cov,1,1,1,0,TRUE,NA,NA,NA,100.984,184.56,1.828,NA,NA,NA
80,3,advan4,nonmem_scm,focei,9,ok,TRUE,FALSE,FALSE,FALSE,-1578.7947294552944,NA,psn_lst,NA,TRUE,FALSE,FALSE,NA,nonmem,psn_cov,1,1,1,0,TRUE,NA,NA,NA,95.618,181.12,1.894,NA,NA,NA
80,3,advan4,nonmem_scm,focei,10,ok,TRUE,TRUE,TRUE,TRUE,-1505.9872628239048,11.875000000000002,psn_lst,NA,TRUE,TRUE,FALSE,NA,nonmem,psn_cov,1,1,1,0,TRUE,NA,NA,NA,95.715,184.79,1.931,NA,NA,NA
80,3,advan4,nonmem_scm,focei,11,ok,TRUE,FALSE,FALSE,FALSE,-1547.931482369967,NA,psn_lst,NA,TRUE,FALSE,FALSE,NA,nonmem,psn_cov,1,1,1,0,TRUE,NA,NA,NA,96.051,183.27,1.908,NA,NA,NA
80,3,advan4,nonmem_scm,focei,12,ok,TRUE,FALSE,FALSE,FALSE,-1549.0358330218817,NA,psn_lst,NA,TRUE,FALSE,FALSE,NA,nonmem,psn_cov,1,1,1,0,TRUE,NA,NA,NA,189.5,284.28,1.5,NA,NA,NA
80,3,advan4,nonmem_scm,focei,13,ok,TRUE,FALSE,FALSE,FALSE,-1505.9092738980116,NA,psn_lst,NA,TRUE,FALSE,FALSE,NA,nonmem,psn_cov,1,1,1,0,TRUE,NA,NA,NA,98.502,183.78,1.866,NA,NA,NA
80,3,advan4,nonmem_scm,focei,14,ok,TRUE,TRUE,TRUE,TRUE,-1530.2714300952914,29.52,psn_lst,NA,TRUE,TRUE,FALSE,NA,nonmem,psn_cov,2,1,1,1,FALSE,NA,NA,NA,131.088,263.46,2.01,NA,NA,NA
80,3,advan4,nonmem_scm,focei,15,ok,TRUE,FALSE,FALSE,FALSE,-1505.6702230451244,NA,psn_lst,NA,TRUE,FALSE,FALSE,NA,nonmem,psn_cov,2,1,1,1,FALSE,NA,NA,NA,128.242,263.11,2.052,NA,NA,NA
80,3,advan4,nonmem_scm,focei,16,ok,TRUE,FALSE,FALSE,FALSE,-1582.506597936235,NA,psn_lst,NA,TRUE,FALSE,FALSE,NA,nonmem,psn_cov,1,1,1,0,TRUE,NA,NA,NA,97.237,183.83,1.891,NA,NA,NA
80,3,advan4,nonmem_scm,focei,17,ok,TRUE,FALSE,FALSE,FALSE,-1511.423408011277,NA,psn_lst,NA,TRUE,FALSE,FALSE,NA,nonmem,psn_cov,1,1,1,0,TRUE,NA,NA,NA,136.136,193.27,1.42,NA,NA,NA
80,3,advan4,nonmem_scm,focei,18,ok,TRUE,FALSE,FALSE,FALSE,-1544.4869725686578,NA,psn_lst,NA,TRUE,FALSE,FALSE,NA,nonmem,psn_cov,1,1,1,0,TRUE,NA,NA,NA,100.152,186.28,1.86,NA,NA,NA
80,3,advan4,nonmem_scm,focei,19,ok,TRUE,FALSE,FALSE,FALSE,-1584.5220342304292,NA,psn_lst,NA,TRUE,FALSE,FALSE,NA,nonmem,psn_cov,2,1,1,1,FALSE,NA,NA,NA,128.258,261.31,2.037,NA,NA,NA
80,3,advan4,nonmem_scm,focei,20,ok,TRUE,FALSE,FALSE,FALSE,-1509.354449033364,NA,psn_lst,NA,TRUE,FALSE,FALSE,NA,nonmem,psn_cov,1,1,1,0,TRUE,NA,NA,NA,143.884,272.17,1.892,NA,NA,NA
80,3,advan4,nonmem_scm,focei,21,ok,TRUE,FALSE,FALSE,FALSE,-1553.2401582192383,NA,psn_lst,NA,TRUE,FALSE,FALSE,NA,nonmem,psn_cov,1,1,1,0,TRUE,NA,NA,NA,98.338,185.77,1.889,NA,NA,NA
80,3,advan4,nonmem_scm,focei,22,ok,TRUE,FALSE,FALSE,FALSE,-1553.4854645706837,NA,psn_lst,NA,TRUE,FALSE,FALSE,NA,nonmem,psn_cov,1,1,1,0,TRUE,NA,NA,NA,98.521,194.76,1.977,NA,NA,NA
80,3,advan4,nonmem_scm,focei,23,ok,TRUE,FALSE,FALSE,FALSE,-1569.392806643859,NA,psn_lst,NA,TRUE,FALSE,FALSE,NA,nonmem,psn_cov,1,1,1,0,TRUE,NA,NA,NA,135.828,192.32,1.416,NA,NA,NA
80,3,advan4,nonmem_scm,focei,24,ok,TRUE,TRUE,TRUE,TRUE,-1539.967597203761,20.88,psn_lst,NA,TRUE,TRUE,FALSE,NA,nonmem,psn_cov,1,1,1,0,TRUE,NA,NA,NA,95.46,176.89,1.853,NA,NA,NA
80,3,advan4,nonmem_scm,focei,25,ok,TRUE,FALSE,FALSE,FALSE,-1506.0166094603553,NA,psn_lst,NA,TRUE,FALSE,FALSE,NA,nonmem,psn_cov,1,1,1,0,TRUE,NA,NA,NA,124.539,257.64,2.069,NA,NA,NA
80,3,advan4,nonmem_scm,focei,26,ok,TRUE,TRUE,TRUE,TRUE,-1501.7948086282393,73.01324503311258,psn_lst,NA,TRUE,TRUE,FALSE,NA,nonmem,psn_cov,1,1,1,0,TRUE,NA,NA,NA,97.94,185.36,1.893,NA,NA,NA
80,3,advan4,nonmem_scm,focei,27,ok,TRUE,TRUE,TRUE,TRUE,-1567.651194367655,79.7071129707113,psn_lst,NA,TRUE,TRUE,FALSE,NA,nonmem,psn_cov,1,1,1,0,TRUE,NA,NA,NA,91.739,177.49,1.935,NA,NA,NA
80,3,advan4,nonmem_scm,focei,28,ok,TRUE,FALSE,FALSE,FALSE,-1529.8443726109604,NA,psn_lst,NA,TRUE,FALSE,FALSE,NA,nonmem,psn_cov,1,1,1,0,TRUE,NA,NA,NA,96.148,188.54,1.961,NA,NA,NA
80,3,advan4,nonmem_scm,focei,29,ok,TRUE,FALSE,FALSE,FALSE,-1555.4402282048754,NA,psn_lst,NA,TRUE,FALSE,FALSE,NA,nonmem,psn_cov,1,1,1,0,TRUE,NA,NA,NA,131.514,266.01,2.023,NA,NA,NA
80,3,advan4,nonmem_scm,focei,30,ok,TRUE,FALSE,FALSE,FALSE,-1569.8515722976751,NA,psn_lst,NA,TRUE,FALSE,FALSE,NA,nonmem,psn_cov,1,1,1,0,TRUE,NA,NA,NA,128.79,272.52,2.116,NA,NA,NA
80,3,advan4,nonmem_scm,focei,31,ok,TRUE,FALSE,FALSE,FALSE,-1590.3959694315588,NA,psn_lst,NA,TRUE,FALSE,FALSE,NA,nonmem,psn_cov,1,1,1,0,TRUE,NA,NA,NA,186.22,285.35,1.532,NA,NA,NA
80,3,advan4,nonmem_scm,focei,32,ok,TRUE,FALSE,FALSE,FALSE,-1579.7271370345252,NA,psn_lst,NA,TRUE,FALSE,FALSE,NA,nonmem,psn_cov,1,1,1,0,TRUE,NA,NA,NA,96.341,183.27,1.902,NA,NA,NA
80,3,advan4,nonmem_scm,focei,33,ok,TRUE,FALSE,FALSE,FALSE,-1534.1311035007093,NA,psn_lst,NA,TRUE,FALSE,FALSE,NA,nonmem,psn_cov,1,1,1,0,TRUE,NA,NA,NA,100.031,183.24,1.832,NA,NA,NA
80,3,advan4,nonmem_scm,focei,34,ok,TRUE,TRUE,TRUE,TRUE,-1546.6229646412662,36.24733475479744,psn_lst,NA,TRUE,TRUE,FALSE,NA,nonmem,psn_cov,1,1,1,0,TRUE,NA,NA,NA,101.457,188.34,1.856,NA,NA,NA
80,3,advan4,nonmem_scm,focei,35,ok,TRUE,FALSE,FALSE,FALSE,-1499.778230102431,NA,psn_lst,NA,TRUE,FALSE,FALSE,NA,nonmem,psn_cov,1,1,1,0,TRUE,NA,NA,NA,101.972,186.91,1.833,NA,NA,NA
80,3,advan4,nonmem_scm,focei,36,ok,TRUE,FALSE,FALSE,FALSE,-1545.472628898831,NA,psn_lst,NA,TRUE,FALSE,FALSE,NA,nonmem,psn_cov,1,1,1,0,TRUE,NA,NA,NA,96.195,184.23,1.915,NA,NA,NA
80,3,advan4,nonmem_scm,focei,37,ok,TRUE,FALSE,FALSE,FALSE,-1510.6549869904686,NA,psn_lst,NA,TRUE,FALSE,FALSE,NA,nonmem,psn_cov,1,1,1,0,TRUE,NA,NA,NA,209.241,463.15,2.213,NA,NA,NA
80,3,advan4,nonmem_scm,focei,38,ok,TRUE,FALSE,FALSE,FALSE,-1532.2407931358732,NA,psn_lst,NA,TRUE,FALSE,FALSE,NA,nonmem,psn_cov,1,1,1,0,TRUE,NA,NA,NA,192.947,282.6,1.465,NA,NA,NA
80,3,advan4,nonmem_scm,focei,39,ok,TRUE,FALSE,FALSE,FALSE,-1623.58651146564,NA,psn_lst,NA,TRUE,FALSE,FALSE,NA,nonmem,psn_cov,1,1,1,0,TRUE,NA,NA,NA,131.344,266.2,2.027,NA,NA,NA
80,3,advan4,nonmem_scm,focei,40,ok,TRUE,FALSE,FALSE,FALSE,-1556.0881199338774,NA,psn_lst,NA,TRUE,FALSE,FALSE,NA,nonmem,psn_cov,1,1,1,0,TRUE,NA,NA,NA,102.043,185.52,1.818,NA,NA,NA
80,3,advan4,nonmem_scm,focei,41,ok,TRUE,TRUE,TRUE,TRUE,-1516.1160341402294,21.29032258064516,psn_lst,NA,TRUE,TRUE,FALSE,NA,nonmem,psn_cov,1,1,1,0,TRUE,NA,NA,NA,237.668,371.53,1.563,NA,NA,NA
80,3,advan4,nonmem_scm,focei,42,ok,TRUE,FALSE,TRUE,TRUE,-1507.6315658994442,1755.4858934169276,psn_lst,NA,TRUE,TRUE,FALSE,NA,nonmem,psn_cov,1,1,1,0,TRUE,NA,NA,NA,95.456,183.31,1.92,NA,NA,NA
80,3,advan4,nonmem_scm,focei,43,not_converged,FALSE,TRUE,TRUE,TRUE,-1531.911045107409,80.49242424242425,psn_lst,NA,FALSE,TRUE,TRUE,NA,nonmem,psn_cov,3,1,1,2,FALSE,NA,NA,NA,150.673,330.66,2.195,NA,NA,NA
80,3,advan4,nonmem_scm,focei,44,ok,TRUE,TRUE,TRUE,TRUE,-1545.6872075966985,21.304347826086957,psn_lst,NA,TRUE,TRUE,FALSE,NA,nonmem,psn_cov,1,1,1,0,TRUE,NA,NA,NA,131.72,268.4,2.038,NA,NA,NA
80,3,advan4,nonmem_scm,focei,45,ok,TRUE,FALSE,FALSE,FALSE,-1544.8504474315764,NA,psn_lst,NA,TRUE,FALSE,FALSE,NA,nonmem,psn_cov,1,1,1,0,TRUE,NA,NA,NA,93.182,182.36,1.957,NA,NA,NA
80,3,advan4,nonmem_scm,focei,46,ok,TRUE,FALSE,FALSE,FALSE,-1579.763304665755,NA,psn_lst,NA,TRUE,FALSE,FALSE,NA,nonmem,psn_cov,1,1,1,0,TRUE,NA,NA,NA,94.54,184.45,1.951,NA,NA,NA
80,3,advan4,nonmem_scm,focei,47,ok,TRUE,FALSE,FALSE,FALSE,-1522.246507115532,NA,psn_lst,NA,TRUE,FALSE,FALSE,NA,nonmem,psn_cov,1,1,1,0,TRUE,NA,NA,NA,129.988,269.14,2.07,NA,NA,NA
80,3,advan4,nonmem_scm,focei,48,ok,TRUE,FALSE,FALSE,FALSE,-1567.9641139114033,NA,psn_lst,NA,TRUE,FALSE,FALSE,NA,nonmem,psn_cov,1,1,1,0,TRUE,NA,NA,NA,91.859,175.43,1.91,NA,NA,NA
80,3,advan4,nonmem_scm,focei,49,ok,TRUE,TRUE,TRUE,TRUE,-1531.173629570663,101.05540897097625,psn_lst,NA,TRUE,TRUE,FALSE,NA,nonmem,psn_cov,1,1,1,0,TRUE,NA,NA,NA,100.709,183.65,1.824,NA,NA,NA
80,3,advan4,nonmem_scm,focei,50,ok,TRUE,FALSE,TRUE,TRUE,-1562.4355516895907,1854.2199488491049,psn_lst,NA,TRUE,TRUE,FALSE,NA,nonmem,psn_cov,1,1,1,0,TRUE,NA,NA,NA,99.428,177.83,1.789,NA,NA,NA
80,3,advan4,nonmem_scm,focei,51,ok,TRUE,TRUE,TRUE,TRUE,-1628.8105880694234,368.3544303797468,psn_lst,NA,TRUE,TRUE,FALSE,NA,nonmem,psn_cov,1,1,0,1,FALSE,NA,NA,NA,136.904,271.45,1.983,NA,NA,NA
80,3,advan4,nonmem_scm,focei,52,ok,TRUE,FALSE,FALSE,FALSE,-1585.242370559923,NA,psn_lst,NA,TRUE,FALSE,FALSE,NA,nonmem,psn_cov,1,1,1,0,TRUE,NA,NA,NA,95.085,178.69,1.879,NA,NA,NA
80,3,advan4,nonmem_scm,focei,53,ok,TRUE,FALSE,FALSE,FALSE,-1531.4974757566868,NA,psn_lst,NA,TRUE,FALSE,FALSE,NA,nonmem,psn_cov,1,1,1,0,TRUE,NA,NA,NA,100.378,188.03,1.873,NA,NA,NA
80,3,advan4,nonmem_scm,focei,54,ok,TRUE,TRUE,TRUE,TRUE,-1561.3626110563564,18.940397350993376,psn_lst,NA,TRUE,TRUE,FALSE,NA,nonmem,psn_cov,1,1,1,0,TRUE,NA,NA,NA,98.392,185.15,1.882,NA,NA,NA
80,3,advan4,nonmem_scm,focei,55,ok,TRUE,TRUE,TRUE,TRUE,-1601.9597711801143,49.84472049689441,psn_lst,NA,TRUE,TRUE,FALSE,NA,nonmem,psn_cov,1,1,1,0,TRUE,NA,NA,NA,134.767,194.04,1.44,NA,NA,NA
80,3,advan4,nonmem_scm,focei,56,ok,TRUE,FALSE,TRUE,TRUE,-1475.8814960461173,7133.333333333334,psn_lst,NA,TRUE,TRUE,FALSE,NA,nonmem,psn_cov,1,1,1,0,TRUE,NA,NA,NA,134.905,192.08,1.424,NA,NA,NA
80,3,advan4,nonmem_scm,focei,57,ok,TRUE,TRUE,TRUE,TRUE,-1552.7199105791613,21.655172413793107,psn_lst,NA,TRUE,TRUE,FALSE,NA,nonmem,psn_cov,1,1,1,0,TRUE,NA,NA,NA,135.136,193.63,1.433,NA,NA,NA
80,3,advan4,nonmem_scm,focei,58,ok,TRUE,FALSE,FALSE,FALSE,-1543.10320879313,NA,psn_lst,NA,TRUE,FALSE,FALSE,NA,nonmem,psn_cov,1,1,1,0,TRUE,NA,NA,NA,128.959,271.58,2.106,NA,NA,NA
80,3,advan4,nonmem_scm,focei,59,ok,TRUE,TRUE,TRUE,TRUE,-1595.7402705213692,17.542857142857144,psn_lst,NA,TRUE,TRUE,FALSE,NA,nonmem,psn_cov,1,1,1,0,TRUE,NA,NA,NA,134.747,193.88,1.439,NA,NA,NA
80,3,advan4,nonmem_scm,focei,60,ok,TRUE,FALSE,FALSE,FALSE,-1599.1844735800694,NA,psn_lst,NA,TRUE,FALSE,FALSE,NA,nonmem,psn_cov,1,1,1,0,TRUE,NA,NA,NA,96.477,185.51,1.923,NA,NA,NA
80,3,advan4,nonmem_scm,focei,61,not_converged,FALSE,FALSE,TRUE,TRUE,-1501.1746131254165,41319.14893617022,psn_lst,NA,FALSE,TRUE,TRUE,NA,nonmem,psn_cov,2,1,1,1,FALSE,NA,NA,NA,162.964,350.41,2.15,NA,NA,NA
80,3,advan4,nonmem_scm,focei,62,ok,TRUE,FALSE,FALSE,FALSE,-1549.6615113816936,NA,psn_lst,NA,TRUE,FALSE,FALSE,NA,nonmem,psn_cov,1,1,1,0,TRUE,NA,NA,NA,97.205,184.54,1.898,NA,NA,NA
80,3,advan4,nonmem_scm,focei,63,ok,TRUE,FALSE,FALSE,FALSE,-1546.7442679524136,NA,psn_lst,NA,TRUE,FALSE,FALSE,NA,nonmem,psn_cov,1,1,1,0,TRUE,NA,NA,NA,101.118,186.41,1.843,NA,NA,NA
80,3,advan4,nonmem_scm,focei,64,not_converged,FALSE,TRUE,TRUE,TRUE,-1551.9154878761467,167.3003802281369,psn_lst,NA,FALSE,TRUE,TRUE,NA,nonmem,psn_cov,1,1,1,0,TRUE,NA,NA,NA,127.177,268.15,2.108,NA,NA,NA
80,3,advan4,nonmem_scm,focei,65,ok,TRUE,FALSE,TRUE,TRUE,-1554.6309666924024,31107.142857142862,psn_lst,NA,TRUE,TRUE,FALSE,NA,nonmem,psn_cov,1,1,1,0,TRUE,NA,NA,NA,95.737,186,1.943,NA,NA,NA
80,3,advan4,nonmem_scm,focei,66,ok,TRUE,TRUE,TRUE,TRUE,-1568.297822172815,6.74496644295302,psn_lst,NA,TRUE,TRUE,FALSE,NA,nonmem,psn_cov,1,1,1,0,TRUE,NA,NA,NA,95.245,183.89,1.931,NA,NA,NA
80,3,advan4,nonmem_scm,focei,67,ok,TRUE,TRUE,TRUE,TRUE,-1605.7415713103308,34.299065420560744,psn_lst,NA,TRUE,TRUE,FALSE,NA,nonmem,psn_cov,2,1,1,1,FALSE,NA,NA,NA,164.674,354.79,2.154,NA,NA,NA
80,3,advan4,nonmem_scm,focei,68,not_converged,FALSE,TRUE,TRUE,TRUE,-1609.80540137501,326.25,psn_lst,NA,FALSE,TRUE,TRUE,NA,nonmem,psn_cov,2,1,1,1,FALSE,NA,NA,NA,128.585,269.74,2.098,NA,NA,NA
80,3,advan4,nonmem_scm,focei,69,ok,TRUE,TRUE,TRUE,TRUE,-1534.4027855368013,20.4,psn_lst,NA,TRUE,TRUE,FALSE,NA,nonmem,psn_cov,1,1,1,0,TRUE,NA,NA,NA,96.423,183.91,1.907,NA,NA,NA
80,3,advan4,nonmem_scm,focei,70,ok,TRUE,FALSE,TRUE,TRUE,-1574.2316108369955,33945.3125,psn_lst,NA,TRUE,TRUE,FALSE,NA,nonmem,psn_cov,1,1,1,0,TRUE,NA,NA,NA,96.232,183.38,1.906,NA,NA,NA
80,3,advan4,nonmem_scm,focei,71,ok,TRUE,TRUE,TRUE,TRUE,-1527.7958519044178,102.26415094339625,psn_lst,NA,TRUE,TRUE,FALSE,NA,nonmem,psn_cov,1,1,1,0,TRUE,NA,NA,NA,93.225,183.3,1.966,NA,NA,NA
80,3,advan4,nonmem_scm,focei,72,ok,TRUE,TRUE,TRUE,TRUE,-1539.2924604570662,281.15942028985506,psn_lst,NA,TRUE,TRUE,FALSE,NA,nonmem,psn_cov,1,1,1,0,TRUE,NA,NA,NA,99.097,180.89,1.825,NA,NA,NA
80,3,advan4,nonmem_scm,focei,73,ok,TRUE,TRUE,TRUE,TRUE,-1534.6595443034837,31.22994652406417,psn_lst,NA,TRUE,TRUE,FALSE,NA,nonmem,psn_cov,1,1,1,0,TRUE,NA,NA,NA,135.438,192.35,1.42,NA,NA,NA
80,3,advan4,nonmem_scm,focei,74,ok,TRUE,TRUE,TRUE,TRUE,-1518.2699584200798,18.072916666666668,psn_lst,NA,TRUE,TRUE,FALSE,NA,nonmem,psn_cov,1,1,1,0,TRUE,NA,NA,NA,137.705,264.89,1.924,NA,NA,NA
80,3,advan4,nonmem_scm,focei,75,ok,TRUE,FALSE,TRUE,TRUE,-1576.590046423088,7477.203647416413,psn_lst,NA,TRUE,TRUE,FALSE,NA,nonmem,psn_cov,1,1,1,0,TRUE,NA,NA,NA,99.793,182.85,1.832,NA,NA,NA
80,3,advan4,nonmem_scm,focei,76,ok,TRUE,TRUE,TRUE,TRUE,-1554.054488035966,18.77659574468085,psn_lst,NA,TRUE,TRUE,FALSE,NA,nonmem,psn_cov,1,1,1,0,TRUE,NA,NA,NA,100.793,188.56,1.871,NA,NA,NA
80,3,advan4,nonmem_scm,focei,77,ok,TRUE,FALSE,FALSE,FALSE,-1548.0027780802084,NA,psn_lst,NA,TRUE,FALSE,FALSE,NA,nonmem,psn_cov,1,1,1,0,TRUE,NA,NA,NA,96.253,180.55,1.876,NA,NA,NA
80,3,advan4,nonmem_scm,focei,78,ok,TRUE,TRUE,TRUE,TRUE,-1549.9595020502643,100.80428954423591,psn_lst,NA,TRUE,TRUE,FALSE,NA,nonmem,psn_cov,1,1,1,0,TRUE,NA,NA,NA,97.355,183.46,1.884,NA,NA,NA
80,3,advan4,nonmem_scm,focei,79,ok,TRUE,TRUE,TRUE,TRUE,-1593.345777943048,110.17316017316016,psn_lst,NA,TRUE,TRUE,FALSE,NA,nonmem,psn_cov,2,1,0,2,FALSE,NA,NA,NA,201.954,439.43,2.176,NA,NA,NA
80,3,advan4,nonmem_scm,focei,80,ok,TRUE,FALSE,FALSE,FALSE,-1560.1331698744727,NA,psn_lst,NA,TRUE,FALSE,FALSE,NA,nonmem,psn_cov,1,1,1,0,TRUE,NA,NA,NA,98.088,185.53,1.891,NA,NA,NA
80,3,advan4,nonmem_scm,focei,81,ok,TRUE,FALSE,FALSE,FALSE,-1524.9554178065328,NA,psn_lst,NA,TRUE,FALSE,FALSE,NA,nonmem,psn_cov,1,1,1,0,TRUE,NA,NA,NA,128.535,269.24,2.095,NA,NA,NA
80,3,advan4,nonmem_scm,focei,82,ok,TRUE,TRUE,TRUE,TRUE,-1583.4693764876283,10.226415094339622,psn_lst,NA,TRUE,TRUE,FALSE,NA,nonmem,psn_cov,1,1,1,0,TRUE,NA,NA,NA,94.796,181.85,1.918,NA,NA,NA
80,3,advan4,nonmem_scm,focei,83,not_converged,FALSE,TRUE,TRUE,TRUE,-1587.447361438481,333.3333333333333,psn_lst,NA,FALSE,TRUE,TRUE,NA,nonmem,psn_cov,2,1,1,1,FALSE,NA,NA,NA,123.092,258.47,2.1,NA,NA,NA
80,3,advan4,nonmem_scm,focei,84,ok,TRUE,FALSE,FALSE,FALSE,-1561.6281929477252,NA,psn_lst,NA,TRUE,FALSE,FALSE,NA,nonmem,psn_cov,1,1,1,0,TRUE,NA,NA,NA,184.978,281.2,1.52,NA,NA,NA
80,3,advan4,nonmem_scm,focei,85,ok,TRUE,TRUE,TRUE,TRUE,-1513.4650491446214,7.962962962962962,psn_lst,NA,TRUE,TRUE,FALSE,NA,nonmem,psn_cov,1,1,1,0,TRUE,NA,NA,NA,97.68,182.61,1.869,NA,NA,NA
80,3,advan4,nonmem_scm,focei,86,ok,TRUE,TRUE,TRUE,TRUE,-1508.6134846585735,483.48623853211006,psn_lst,NA,TRUE,TRUE,FALSE,NA,nonmem,psn_cov,1,1,1,0,TRUE,NA,NA,NA,139.188,192.8,1.385,NA,NA,NA
80,3,advan4,nonmem_scm,focei,87,ok,TRUE,TRUE,TRUE,TRUE,-1566.227352437065,503.4722222222222,psn_lst,NA,TRUE,TRUE,FALSE,NA,nonmem,psn_cov,1,1,1,0,TRUE,NA,NA,NA,93.766,181.39,1.934,NA,NA,NA
80,3,advan4,nonmem_scm,focei,88,ok,TRUE,FALSE,FALSE,FALSE,-1518.442066303749,NA,psn_lst,NA,TRUE,FALSE,FALSE,NA,nonmem,psn_cov,1,1,1,0,TRUE,NA,NA,NA,135.359,271.38,2.005,NA,NA,NA
80,3,advan4,nonmem_scm,focei,89,ok,TRUE,TRUE,TRUE,TRUE,-1566.7662299571414,81.74603174603175,psn_lst,NA,TRUE,TRUE,FALSE,NA,nonmem,psn_cov,1,1,1,0,TRUE,NA,NA,NA,247.765,381.71,1.541,NA,NA,NA
80,3,advan4,nonmem_scm,focei,90,ok,TRUE,TRUE,TRUE,TRUE,-1519.3578844865528,14.33734939759036,psn_lst,NA,TRUE,TRUE,FALSE,NA,nonmem,psn_cov,1,1,1,0,TRUE,NA,NA,NA,97.249,184.15,1.894,NA,NA,NA
80,3,advan4,nonmem_scm,focei,91,ok,TRUE,FALSE,FALSE,FALSE,-1467.8896479204443,NA,psn_lst,NA,TRUE,FALSE,FALSE,NA,nonmem,psn_cov,1,1,1,0,TRUE,NA,NA,NA,96.343,192.63,1.999,NA,NA,NA
80,3,advan4,nonmem_scm,focei,92,ok,TRUE,FALSE,TRUE,TRUE,-1602.9928481930249,9838.895281933255,psn_lst,NA,TRUE,TRUE,FALSE,NA,nonmem,psn_cov,1,1,1,0,TRUE,NA,NA,NA,137.93,192.18,1.393,NA,NA,NA
80,3,advan4,nonmem_scm,focei,93,not_converged,FALSE,TRUE,TRUE,TRUE,-1493.00458938602,299.44134078212295,psn_lst,NA,FALSE,TRUE,TRUE,NA,nonmem,psn_cov,1,1,1,0,TRUE,NA,NA,NA,142.246,272.81,1.918,NA,NA,NA
80,3,advan4,nonmem_scm,focei,94,ok,TRUE,TRUE,TRUE,TRUE,-1515.430744431318,43.1077694235589,psn_lst,NA,TRUE,TRUE,FALSE,NA,nonmem,psn_cov,1,1,1,0,TRUE,NA,NA,NA,130.444,268.9,2.061,NA,NA,NA
80,3,advan4,nonmem_scm,focei,95,ok,TRUE,TRUE,TRUE,TRUE,-1552.7750905208463,139.2857142857143,psn_lst,NA,TRUE,TRUE,FALSE,NA,nonmem,psn_cov,1,1,1,0,TRUE,NA,NA,NA,141.818,192.55,1.358,NA,NA,NA
80,3,advan4,nonmem_scm,focei,96,ok,TRUE,FALSE,TRUE,TRUE,-1513.2772463923818,1150.6024096385545,psn_lst,NA,TRUE,TRUE,FALSE,NA,nonmem,psn_cov,1,1,1,0,TRUE,NA,NA,NA,133.947,269.11,2.009,NA,NA,NA
80,3,advan4,nonmem_scm,focei,97,ok,TRUE,FALSE,FALSE,FALSE,-1485.7956847169364,NA,psn_lst,NA,TRUE,FALSE,FALSE,NA,nonmem,psn_cov,1,1,1,0,TRUE,NA,NA,NA,97.341,187.47,1.926,NA,NA,NA
80,3,advan4,nonmem_scm,focei,98,ok,TRUE,FALSE,TRUE,TRUE,-1545.4802956253802,3570.212765957447,psn_lst,NA,TRUE,TRUE,FALSE,NA,nonmem,psn_cov,1,1,1,0,TRUE,NA,NA,NA,95.177,183.24,1.925,NA,NA,NA
80,3,advan4,nonmem_scm,focei,99,ok,TRUE,FALSE,FALSE,FALSE,-1511.1849452858878,NA,psn_lst,NA,TRUE,FALSE,FALSE,NA,nonmem,psn_cov,2,1,1,1,FALSE,NA,NA,NA,130.263,263.28,2.021,NA,NA,NA
80,3,advan4,nonmem_scm,focei,100,ok,TRUE,FALSE,FALSE,FALSE,-1480.1472741466375,NA,psn_lst,NA,TRUE,FALSE,FALSE,NA,nonmem,psn_cov,1,1,1,0,TRUE,NA,NA,NA,100.613,184.8,1.837,NA,NA,NA
80,4,advan4,nonmem_scm,focei,1,ok,TRUE,TRUE,TRUE,TRUE,-1562.3419029228428,219.78021978021977,psn_lst,NA,TRUE,TRUE,FALSE,NA,nonmem,psn_cov,2,2,2,0,TRUE,NA,NA,NA,125.353,261.13,2.083,NA,NA,NA
80,4,advan4,nonmem_scm,focei,2,not_converged,FALSE,FALSE,FALSE,FALSE,-1534.1205078283635,NA,psn_lst,NA,FALSE,FALSE,TRUE,NA,nonmem,psn_cov,2,2,2,0,TRUE,NA,NA,NA,123.939,262.39,2.117,NA,NA,NA
80,4,advan4,nonmem_scm,focei,3,ok,TRUE,TRUE,TRUE,TRUE,-1575.2434435665905,14.924623115577887,psn_lst,NA,TRUE,TRUE,FALSE,NA,nonmem,psn_cov,2,2,2,0,TRUE,NA,NA,NA,231.314,366.36,1.584,NA,NA,NA
80,4,advan4,nonmem_scm,focei,4,ok,TRUE,FALSE,FALSE,FALSE,-1538.2319254531192,NA,psn_lst,NA,TRUE,FALSE,FALSE,NA,nonmem,psn_cov,2,2,2,0,TRUE,NA,NA,NA,156.337,340.42,2.177,NA,NA,NA
80,4,advan4,nonmem_scm,focei,5,ok,TRUE,FALSE,TRUE,TRUE,-1609.5283150473024,1692.6315789473683,psn_lst,NA,TRUE,TRUE,FALSE,NA,nonmem,psn_cov,2,2,2,0,TRUE,NA,NA,NA,161.29,346.64,2.149,NA,NA,NA
80,4,advan4,nonmem_scm,focei,6,ok,TRUE,FALSE,FALSE,FALSE,-1610.9930150281243,NA,psn_lst,NA,TRUE,FALSE,FALSE,NA,nonmem,psn_cov,2,2,2,0,TRUE,NA,NA,NA,158.701,348.48,2.196,NA,NA,NA
80,4,advan4,nonmem_scm,focei,7,ok,TRUE,FALSE,FALSE,FALSE,-1519.984218180518,NA,psn_lst,NA,TRUE,FALSE,FALSE,NA,nonmem,psn_cov,2,2,2,0,TRUE,NA,NA,NA,161.745,351.48,2.173,NA,NA,NA
80,4,advan4,nonmem_scm,focei,8,ok,TRUE,FALSE,FALSE,FALSE,-1567.1182048839232,NA,psn_lst,NA,TRUE,FALSE,FALSE,NA,nonmem,psn_cov,2,2,2,0,TRUE,NA,NA,NA,183.493,272.35,1.484,NA,NA,NA
80,4,advan4,nonmem_scm,focei,9,ok,TRUE,FALSE,FALSE,FALSE,-1541.558940091069,NA,psn_lst,NA,TRUE,FALSE,FALSE,NA,nonmem,psn_cov,2,2,2,0,TRUE,NA,NA,NA,125.583,261,2.078,NA,NA,NA
80,4,advan4,nonmem_scm,focei,10,ok,TRUE,TRUE,TRUE,TRUE,-1556.1563339513843,336.764705882353,psn_lst,NA,TRUE,TRUE,FALSE,NA,nonmem,psn_cov,2,2,2,0,TRUE,NA,NA,NA,180.043,274.59,1.525,NA,NA,NA
80,4,advan4,nonmem_scm,focei,11,ok,TRUE,FALSE,FALSE,FALSE,-1544.4742764128348,NA,psn_lst,NA,TRUE,FALSE,FALSE,NA,nonmem,psn_cov,2,2,2,0,TRUE,NA,NA,NA,180.932,273.32,1.511,NA,NA,NA
80,4,advan4,nonmem_scm,focei,12,ok,TRUE,FALSE,FALSE,FALSE,-1494.787507452011,NA,psn_lst,NA,TRUE,FALSE,FALSE,NA,nonmem,psn_cov,2,2,2,0,TRUE,NA,NA,NA,128.428,261.2,2.034,NA,NA,NA
80,4,advan4,nonmem_scm,focei,13,ok,TRUE,FALSE,FALSE,FALSE,-1548.7356776732654,NA,psn_lst,NA,TRUE,FALSE,FALSE,NA,nonmem,psn_cov,2,2,2,0,TRUE,NA,NA,NA,129.107,263.68,2.042,NA,NA,NA
80,4,advan4,nonmem_scm,focei,14,ok,TRUE,FALSE,FALSE,FALSE,-1503.146756403865,NA,psn_lst,NA,TRUE,FALSE,FALSE,NA,nonmem,psn_cov,2,2,2,0,TRUE,NA,NA,NA,125.277,263.03,2.1,NA,NA,NA
80,4,advan4,nonmem_scm,focei,15,ok,TRUE,FALSE,FALSE,FALSE,-1569.669359010427,NA,psn_lst,NA,TRUE,FALSE,FALSE,NA,nonmem,psn_cov,2,2,2,0,TRUE,NA,NA,NA,166.517,348.15,2.091,NA,NA,NA
80,4,advan4,nonmem_scm,focei,16,not_converged,FALSE,FALSE,FALSE,FALSE,-1551.2027264529102,NA,psn_lst,NA,FALSE,FALSE,TRUE,NA,nonmem,psn_cov,2,2,2,0,TRUE,NA,NA,NA,120.685,252.31,2.091,NA,NA,NA
80,4,advan4,nonmem_scm,focei,17,ok,TRUE,FALSE,FALSE,FALSE,-1595.6993523385954,NA,psn_lst,NA,TRUE,FALSE,FALSE,NA,nonmem,psn_cov,2,2,1,1,FALSE,NA,NA,NA,129.252,266.35,2.061,NA,NA,NA
80,4,advan4,nonmem_scm,focei,18,ok,TRUE,FALSE,FALSE,FALSE,-1545.836935173753,NA,psn_lst,NA,TRUE,FALSE,FALSE,NA,nonmem,psn_cov,2,2,2,0,TRUE,NA,NA,NA,186.812,278.42,1.49,NA,NA,NA
80,4,advan4,nonmem_scm,focei,19,ok,TRUE,FALSE,FALSE,FALSE,-1569.2413265996668,NA,psn_lst,NA,TRUE,FALSE,FALSE,NA,nonmem,psn_cov,2,2,2,0,TRUE,NA,NA,NA,123.89,257.21,2.076,NA,NA,NA
80,4,advan4,nonmem_scm,focei,20,ok,TRUE,FALSE,FALSE,FALSE,-1490.3352445385935,NA,psn_lst,NA,TRUE,FALSE,FALSE,NA,nonmem,psn_cov,2,2,2,0,TRUE,NA,NA,NA,122.303,259.98,2.126,NA,NA,NA
80,4,advan4,nonmem_scm,focei,21,ok,TRUE,TRUE,TRUE,TRUE,-1595.763550067056,8.40909090909091,psn_lst,NA,TRUE,TRUE,FALSE,NA,nonmem,psn_cov,2,2,2,0,TRUE,NA,NA,NA,182.431,274.98,1.507,NA,NA,NA
80,4,advan4,nonmem_scm,focei,22,ok,TRUE,FALSE,FALSE,FALSE,-1506.69233527174,NA,psn_lst,NA,TRUE,FALSE,FALSE,NA,nonmem,psn_cov,2,2,2,0,TRUE,NA,NA,NA,122.286,261.36,2.137,NA,NA,NA
80,4,advan4,nonmem_scm,focei,23,ok,TRUE,FALSE,FALSE,FALSE,-1612.4377451531484,NA,psn_lst,NA,TRUE,FALSE,FALSE,NA,nonmem,psn_cov,3,2,2,1,FALSE,NA,NA,NA,189.435,417.92,2.206,NA,NA,NA
80,4,advan4,nonmem_scm,focei,24,ok,TRUE,TRUE,TRUE,TRUE,-1577.9496318907843,23.846153846153847,psn_lst,NA,TRUE,TRUE,FALSE,NA,nonmem,psn_cov,2,2,2,0,TRUE,NA,NA,NA,133.391,263.99,1.979,NA,NA,NA
80,4,advan4,nonmem_scm,focei,25,ok,TRUE,TRUE,TRUE,TRUE,-1614.4185148309757,189.26553672316385,psn_lst,NA,TRUE,TRUE,FALSE,NA,nonmem,psn_cov,2,2,2,0,TRUE,NA,NA,NA,125.155,257.47,2.057,NA,NA,NA
80,4,advan4,nonmem_scm,focei,26,ok,TRUE,FALSE,FALSE,FALSE,-1571.6359241326006,NA,psn_lst,NA,TRUE,FALSE,FALSE,NA,nonmem,psn_cov,2,2,2,0,TRUE,NA,NA,NA,184.666,273.76,1.482,NA,NA,NA
80,4,advan4,nonmem_scm,focei,27,ok,TRUE,FALSE,FALSE,FALSE,-1596.1226879605504,NA,psn_lst,NA,TRUE,FALSE,FALSE,NA,nonmem,psn_cov,2,2,2,0,TRUE,NA,NA,NA,166.385,351.8,2.114,NA,NA,NA
80,4,advan4,nonmem_scm,focei,28,ok,TRUE,TRUE,TRUE,TRUE,-1619.7290847234926,93.87254901960785,psn_lst,NA,TRUE,TRUE,FALSE,NA,nonmem,psn_cov,2,2,2,0,TRUE,NA,NA,NA,120.078,263.39,2.193,NA,NA,NA
80,4,advan4,nonmem_scm,focei,29,not_converged,FALSE,FALSE,TRUE,TRUE,-1525.449712981376,1474015.7480314958,psn_lst,NA,FALSE,TRUE,TRUE,NA,nonmem,psn_cov,2,2,2,0,TRUE,NA,NA,NA,186.736,278.52,1.492,NA,NA,NA
80,4,advan4,nonmem_scm,focei,30,ok,TRUE,FALSE,FALSE,FALSE,-1551.334089214171,NA,psn_lst,NA,TRUE,FALSE,FALSE,NA,nonmem,psn_cov,2,2,2,0,TRUE,NA,NA,NA,134.933,270.89,2.008,NA,NA,NA
80,4,advan4,nonmem_scm,focei,31,not_converged,FALSE,FALSE,FALSE,FALSE,-1582.794010251984,NA,psn_lst,NA,FALSE,FALSE,TRUE,NA,nonmem,psn_cov,3,2,2,1,FALSE,NA,NA,NA,149.669,337.24,2.253,NA,NA,NA
80,4,advan4,nonmem_scm,focei,32,ok,TRUE,TRUE,TRUE,TRUE,-1529.996157303067,68.86792452830188,psn_lst,NA,TRUE,TRUE,FALSE,NA,nonmem,psn_cov,2,2,2,0,TRUE,NA,NA,NA,127.216,264.92,2.082,NA,NA,NA
80,4,advan4,nonmem_scm,focei,33,ok,TRUE,FALSE,FALSE,FALSE,-1569.4856961839444,NA,psn_lst,NA,TRUE,FALSE,FALSE,NA,nonmem,psn_cov,2,2,1,1,FALSE,NA,NA,NA,162.338,349.96,2.156,NA,NA,NA
80,4,advan4,nonmem_scm,focei,34,ok,TRUE,FALSE,FALSE,FALSE,-1582.8345227204368,NA,psn_lst,NA,TRUE,FALSE,FALSE,NA,nonmem,psn_cov,2,2,2,0,TRUE,NA,NA,NA,163.716,349.78,2.137,NA,NA,NA
80,4,advan4,nonmem_scm,focei,35,not_converged,FALSE,FALSE,FALSE,FALSE,-1558.5840117494815,NA,psn_lst,NA,FALSE,FALSE,TRUE,NA,nonmem,psn_cov,2,2,2,0,TRUE,NA,NA,NA,123.717,261.71,2.115,NA,NA,NA
80,4,advan4,nonmem_scm,focei,36,ok,TRUE,TRUE,TRUE,TRUE,-1524.2654422973574,33.52017937219731,psn_lst,NA,TRUE,TRUE,FALSE,NA,nonmem,psn_cov,2,2,1,1,FALSE,NA,NA,NA,160.131,349.7,2.184,NA,NA,NA
80,4,advan4,nonmem_scm,focei,37,ok,TRUE,FALSE,TRUE,TRUE,-1539.6883668147846,16946.386946386945,psn_lst,NA,TRUE,TRUE,FALSE,NA,nonmem,psn_cov,2,2,2,0,TRUE,NA,NA,NA,185.147,276.25,1.492,NA,NA,NA
80,4,advan4,nonmem_scm,focei,38,not_converged,FALSE,FALSE,FALSE,FALSE,-1527.1841852749349,NA,psn_lst,NA,FALSE,FALSE,TRUE,NA,nonmem,psn_cov,2,2,2,0,TRUE,NA,NA,NA,161.643,354.26,2.192,NA,NA,NA
80,4,advan4,nonmem_scm,focei,39,ok,TRUE,FALSE,TRUE,TRUE,-1536.78218442033,27021.943573667708,psn_lst,NA,TRUE,TRUE,FALSE,NA,nonmem,psn_cov,2,2,2,0,TRUE,NA,NA,NA,125.808,252.12,2.004,NA,NA,NA
80,4,advan4,nonmem_scm,focei,40,ok,TRUE,FALSE,FALSE,FALSE,-1553.0374676890876,NA,psn_lst,NA,TRUE,FALSE,FALSE,NA,nonmem,psn_cov,2,2,2,0,TRUE,NA,NA,NA,191.041,430.52,2.254,NA,NA,NA
80,4,advan4,nonmem_scm,focei,41,ok,TRUE,TRUE,TRUE,TRUE,-1582.4931344465167,37.62376237623762,psn_lst,NA,TRUE,TRUE,FALSE,NA,nonmem,psn_cov,2,2,2,0,TRUE,NA,NA,NA,125.643,261.32,2.08,NA,NA,NA
80,4,advan4,nonmem_scm,focei,42,ok,TRUE,FALSE,TRUE,TRUE,-1576.9872671240464,3661.764705882353,psn_lst,NA,TRUE,TRUE,FALSE,NA,nonmem,psn_cov,2,2,1,1,FALSE,NA,NA,NA,181.983,273.74,1.504,NA,NA,NA
80,4,advan4,nonmem_scm,focei,43,ok,TRUE,FALSE,FALSE,FALSE,-1571.523312558299,NA,psn_lst,NA,TRUE,FALSE,FALSE,NA,nonmem,psn_cov,2,2,2,0,TRUE,NA,NA,NA,233.464,364.55,1.561,NA,NA,NA
80,4,advan4,nonmem_scm,focei,44,ok,TRUE,TRUE,TRUE,TRUE,-1576.3278951653656,79.29984779299848,psn_lst,NA,TRUE,TRUE,FALSE,NA,nonmem,psn_cov,2,2,2,0,TRUE,NA,NA,NA,119.419,260.57,2.182,NA,NA,NA
80,4,advan4,nonmem_scm,focei,45,not_converged,FALSE,TRUE,TRUE,TRUE,-1538.2754098878634,184.04255319148936,psn_lst,NA,FALSE,TRUE,TRUE,NA,nonmem,psn_cov,2,2,2,0,TRUE,NA,NA,NA,128.976,264.12,2.048,NA,NA,NA
80,4,advan4,nonmem_scm,focei,46,ok,TRUE,TRUE,TRUE,TRUE,-1585.014998257422,361.864406779661,psn_lst,NA,TRUE,TRUE,FALSE,NA,nonmem,psn_cov,2,2,2,0,TRUE,NA,NA,NA,125.012,262.44,2.099,NA,NA,NA
80,4,advan4,nonmem_scm,focei,47,ok,TRUE,TRUE,TRUE,TRUE,-1535.9994765674169,49.45848375451264,psn_lst,NA,TRUE,TRUE,FALSE,NA,nonmem,psn_cov,2,2,2,0,TRUE,NA,NA,NA,183.454,274.46,1.496,NA,NA,NA
80,4,advan4,nonmem_scm,focei,48,ok,TRUE,TRUE,TRUE,TRUE,-1538.7512612734445,15.614035087719296,psn_lst,NA,TRUE,TRUE,FALSE,NA,nonmem,psn_cov,2,2,1,1,FALSE,NA,NA,NA,160.565,348.91,2.173,NA,NA,NA
80,4,advan4,nonmem_scm,focei,49,ok,TRUE,FALSE,FALSE,FALSE,-1623.1147322519207,NA,psn_lst,NA,TRUE,FALSE,FALSE,NA,nonmem,psn_cov,2,2,2,0,TRUE,NA,NA,NA,123.941,258.53,2.086,NA,NA,NA
80,4,advan4,nonmem_scm,focei,50,not_converged,FALSE,FALSE,FALSE,FALSE,-1484.5242805989622,NA,psn_lst,NA,FALSE,FALSE,TRUE,NA,nonmem,psn_cov,2,2,2,0,TRUE,NA,NA,NA,183.827,275.38,1.498,NA,NA,NA
80,4,advan4,nonmem_scm,focei,51,ok,TRUE,FALSE,FALSE,FALSE,-1569.28671153413,NA,psn_lst,NA,TRUE,FALSE,FALSE,NA,nonmem,psn_cov,2,2,2,0,TRUE,NA,NA,NA,123.803,259.65,2.097,NA,NA,NA
80,4,advan4,nonmem_scm,focei,52,ok,TRUE,FALSE,FALSE,FALSE,-1572.993238558694,NA,psn_lst,NA,TRUE,FALSE,FALSE,NA,nonmem,psn_cov,2,2,2,0,TRUE,NA,NA,NA,123.476,266.34,2.157,NA,NA,NA
80,4,advan4,nonmem_scm,focei,53,not_converged,FALSE,TRUE,TRUE,TRUE,-1547.4036639711164,788.098693759071,psn_lst,NA,FALSE,TRUE,TRUE,NA,nonmem,psn_cov,2,2,2,0,TRUE,NA,NA,NA,120.933,265.13,2.192,NA,NA,NA
80,4,advan4,nonmem_scm,focei,54,ok,TRUE,TRUE,TRUE,TRUE,-1517.5580041831556,31.130434782608695,psn_lst,NA,TRUE,TRUE,FALSE,NA,nonmem,psn_cov,2,2,1,1,FALSE,NA,NA,NA,236.708,368.78,1.558,NA,NA,NA
80,4,advan4,nonmem_scm,focei,55,ok,TRUE,FALSE,FALSE,FALSE,-1536.919325485506,NA,psn_lst,NA,TRUE,FALSE,FALSE,NA,nonmem,psn_cov,2,2,2,0,TRUE,NA,NA,NA,168.681,345.36,2.047,NA,NA,NA
80,4,advan4,nonmem_scm,focei,56,ok,TRUE,TRUE,TRUE,TRUE,-1535.028999564772,128.698224852071,psn_lst,NA,TRUE,TRUE,FALSE,NA,nonmem,psn_cov,2,2,1,1,FALSE,NA,NA,NA,182.652,277.24,1.518,NA,NA,NA
80,4,advan4,nonmem_scm,focei,57,ok,TRUE,FALSE,FALSE,FALSE,-1521.6407438019253,NA,psn_lst,NA,TRUE,FALSE,FALSE,NA,nonmem,psn_cov,2,2,2,0,TRUE,NA,NA,NA,128.19,264.64,2.064,NA,NA,NA
80,4,advan4,nonmem_scm,focei,58,ok,TRUE,FALSE,FALSE,FALSE,-1589.54977377533,NA,psn_lst,NA,TRUE,FALSE,FALSE,NA,nonmem,psn_cov,2,2,2,0,TRUE,NA,NA,NA,124.301,264.07,2.124,NA,NA,NA
80,4,advan4,nonmem_scm,focei,59,ok,TRUE,FALSE,FALSE,FALSE,-1580.5589834759894,NA,psn_lst,NA,TRUE,FALSE,FALSE,NA,nonmem,psn_cov,2,2,2,0,TRUE,NA,NA,NA,161.596,348.93,2.159,NA,NA,NA
80,4,advan4,nonmem_scm,focei,60,ok,TRUE,FALSE,FALSE,FALSE,-1494.3159976557383,NA,psn_lst,NA,TRUE,FALSE,FALSE,NA,nonmem,psn_cov,2,2,2,0,TRUE,NA,NA,NA,127.127,264.44,2.08,NA,NA,NA
80,4,advan4,nonmem_scm,focei,61,ok,TRUE,FALSE,TRUE,TRUE,-1521.484873183222,6722.222222222223,psn_lst,NA,TRUE,TRUE,FALSE,NA,nonmem,psn_cov,2,2,1,1,FALSE,NA,NA,NA,232.805,368.51,1.583,NA,NA,NA
80,4,advan4,nonmem_scm,focei,62,ok,TRUE,FALSE,FALSE,FALSE,-1587.1088499679106,NA,psn_lst,NA,TRUE,FALSE,FALSE,NA,nonmem,psn_cov,2,2,2,0,TRUE,NA,NA,NA,163.991,346.55,2.113,NA,NA,NA
80,4,advan4,nonmem_scm,focei,63,not_converged,FALSE,FALSE,FALSE,FALSE,-1547.2023381125537,NA,psn_lst,NA,FALSE,FALSE,TRUE,NA,nonmem,psn_cov,2,2,2,0,TRUE,NA,NA,NA,183.698,278.29,1.515,NA,NA,NA
80,4,advan4,nonmem_scm,focei,64,ok,TRUE,FALSE,FALSE,FALSE,-1519.254651025602,NA,psn_lst,NA,TRUE,FALSE,FALSE,NA,nonmem,psn_cov,2,2,2,0,TRUE,NA,NA,NA,147.529,333.29,2.259,NA,NA,NA
80,4,advan4,nonmem_scm,focei,65,ok,TRUE,TRUE,TRUE,TRUE,-1551.19301045411,497.19626168224306,psn_lst,NA,TRUE,TRUE,FALSE,NA,nonmem,psn_cov,2,2,2,0,TRUE,NA,NA,NA,123.095,262.5,2.132,NA,NA,NA
80,4,advan4,nonmem_scm,focei,66,ok,TRUE,FALSE,FALSE,FALSE,-1562.7053250534168,NA,psn_lst,NA,TRUE,FALSE,FALSE,NA,nonmem,psn_cov,2,2,2,0,TRUE,NA,NA,NA,159.36,349.44,2.193,NA,NA,NA
80,4,advan4,nonmem_scm,focei,67,ok,TRUE,FALSE,FALSE,FALSE,-1608.796825135174,NA,psn_lst,NA,TRUE,FALSE,FALSE,NA,nonmem,psn_cov,2,2,2,0,TRUE,NA,NA,NA,125.899,261,2.073,NA,NA,NA
80,4,advan4,nonmem_scm,focei,68,ok,TRUE,TRUE,TRUE,TRUE,-1505.6922402317978,10.8203125,psn_lst,NA,TRUE,TRUE,FALSE,NA,nonmem,psn_cov,2,2,2,0,TRUE,NA,NA,NA,128.071,263.69,2.059,NA,NA,NA
80,4,advan4,nonmem_scm,focei,69,ok,TRUE,TRUE,TRUE,TRUE,-1513.4325049581712,20.3921568627451,psn_lst,NA,TRUE,TRUE,FALSE,NA,nonmem,psn_cov,2,2,2,0,TRUE,NA,NA,NA,122.359,262.53,2.146,NA,NA,NA
80,4,advan4,nonmem_scm,focei,70,ok,TRUE,FALSE,FALSE,FALSE,-1553.1535288529476,NA,psn_lst,NA,TRUE,FALSE,FALSE,NA,nonmem,psn_cov,2,2,2,0,TRUE,NA,NA,NA,126.154,266.96,2.116,NA,NA,NA
80,4,advan4,nonmem_scm,focei,71,ok,TRUE,TRUE,TRUE,TRUE,-1545.944018077706,379.5321637426901,psn_lst,NA,TRUE,TRUE,FALSE,NA,nonmem,psn_cov,2,2,2,0,TRUE,NA,NA,NA,131.218,269.62,2.055,NA,NA,NA
80,4,advan4,nonmem_scm,focei,72,ok,TRUE,FALSE,FALSE,FALSE,-1524.5182056155718,NA,psn_lst,NA,TRUE,FALSE,FALSE,NA,nonmem,psn_cov,2,2,2,0,TRUE,NA,NA,NA,125.193,261.67,2.09,NA,NA,NA
80,4,advan4,nonmem_scm,focei,73,ok,TRUE,TRUE,TRUE,TRUE,-1567.2667647447995,304.390243902439,psn_lst,NA,TRUE,TRUE,FALSE,NA,nonmem,psn_cov,2,2,2,0,TRUE,NA,NA,NA,123.984,261.25,2.107,NA,NA,NA
80,4,advan4,nonmem_scm,focei,74,ok,TRUE,FALSE,FALSE,FALSE,-1579.1644697069034,NA,psn_lst,NA,TRUE,FALSE,FALSE,NA,nonmem,psn_cov,2,2,2,0,TRUE,NA,NA,NA,237.761,365.69,1.538,NA,NA,NA
80,4,advan4,nonmem_scm,focei,75,ok,TRUE,FALSE,TRUE,TRUE,-1494.6094406188297,4128.712871287128,psn_lst,NA,TRUE,TRUE,FALSE,NA,nonmem,psn_cov,2,2,2,0,TRUE,NA,NA,NA,123.062,257.02,2.089,NA,NA,NA
80,4,advan4,nonmem_scm,focei,76,ok,TRUE,TRUE,TRUE,TRUE,-1602.883566654373,745.9016393442623,psn_lst,NA,TRUE,TRUE,FALSE,NA,nonmem,psn_cov,2,2,2,0,TRUE,NA,NA,NA,164.96,345.65,2.095,NA,NA,NA
80,4,advan4,nonmem_scm,focei,77,ok,TRUE,FALSE,FALSE,FALSE,-1563.4995790494384,NA,psn_lst,NA,TRUE,FALSE,FALSE,NA,nonmem,psn_cov,2,2,2,0,TRUE,NA,NA,NA,158.082,349.09,2.208,NA,NA,NA
80,4,advan4,nonmem_scm,focei,78,ok,TRUE,FALSE,FALSE,FALSE,-1573.2791156234441,NA,psn_lst,NA,TRUE,FALSE,FALSE,NA,nonmem,psn_cov,1,2,1,0,FALSE,NA,NA,NA,130.016,261.16,2.009,NA,NA,NA
80,4,advan4,nonmem_scm,focei,79,ok,TRUE,TRUE,TRUE,TRUE,-1592.714498240436,64.24870466321244,psn_lst,NA,TRUE,TRUE,FALSE,NA,nonmem,psn_cov,2,2,2,0,TRUE,NA,NA,NA,126.879,263.46,2.076,NA,NA,NA
80,4,advan4,nonmem_scm,focei,80,ok,TRUE,FALSE,TRUE,TRUE,-1560.2656979580252,39047.619047619046,psn_lst,NA,TRUE,TRUE,FALSE,NA,nonmem,psn_cov,2,2,2,0,TRUE,NA,NA,NA,191.314,288.48,1.508,NA,NA,NA
80,4,advan4,nonmem_scm,focei,81,not_converged,FALSE,TRUE,TRUE,TRUE,-1561.2257687159486,392.72727272727275,psn_lst,NA,FALSE,TRUE,TRUE,NA,nonmem,psn_cov,2,2,2,0,TRUE,NA,NA,NA,130.601,273.11,2.091,NA,NA,NA
80,4,advan4,nonmem_scm,focei,82,ok,TRUE,FALSE,FALSE,FALSE,-1544.001795956497,NA,psn_lst,NA,TRUE,FALSE,FALSE,NA,nonmem,psn_cov,2,2,2,0,TRUE,NA,NA,NA,182.793,271.87,1.487,NA,NA,NA
80,4,advan4,nonmem_scm,focei,83,ok,TRUE,FALSE,FALSE,FALSE,-1548.3985434714057,NA,psn_lst,NA,TRUE,FALSE,FALSE,NA,nonmem,psn_cov,2,2,2,0,TRUE,NA,NA,NA,130.459,276.67,2.121,NA,NA,NA
80,4,advan4,nonmem_scm,focei,84,ok,TRUE,TRUE,TRUE,TRUE,-1617.4159658272424,15.414364640883978,psn_lst,NA,TRUE,TRUE,FALSE,NA,nonmem,psn_cov,2,2,2,0,TRUE,NA,NA,NA,128.139,264.51,2.064,NA,NA,NA
80,4,advan4,nonmem_scm,focei,85,ok,TRUE,FALSE,FALSE,FALSE,-1585.6726315169249,NA,psn_lst,NA,TRUE,FALSE,FALSE,NA,nonmem,psn_cov,3,2,2,1,FALSE,NA,NA,NA,151.475,328.43,2.168,NA,NA,NA
80,4,advan4,nonmem_scm,focei,86,ok,TRUE,TRUE,TRUE,TRUE,-1550.5095508712147,82.31939163498099,psn_lst,NA,TRUE,TRUE,FALSE,NA,nonmem,psn_cov,3,2,2,1,FALSE,NA,NA,NA,279.667,432.27,1.546,NA,NA,NA
80,4,advan4,nonmem_scm,focei,87,ok,TRUE,TRUE,TRUE,TRUE,-1578.353464401815,33.035714285714285,psn_lst,NA,TRUE,TRUE,FALSE,NA,nonmem,psn_cov,2,2,2,0,TRUE,NA,NA,NA,125.677,262.47,2.088,NA,NA,NA
80,4,advan4,nonmem_scm,focei,88,ok,TRUE,FALSE,FALSE,FALSE,-1564.659292151928,NA,psn_lst,NA,TRUE,FALSE,FALSE,NA,nonmem,psn_cov,2,2,2,0,TRUE,NA,NA,NA,126.331,264.48,2.094,NA,NA,NA
80,4,advan4,nonmem_scm,focei,89,ok,TRUE,FALSE,TRUE,TRUE,-1588.7673800167684,88104.83870967742,psn_lst,NA,TRUE,TRUE,FALSE,NA,nonmem,psn_cov,2,2,2,0,TRUE,NA,NA,NA,233.543,364.07,1.559,NA,NA,NA
80,4,advan4,nonmem_scm,focei,90,ok,TRUE,TRUE,TRUE,TRUE,-1568.5937778062903,5.939226519337017,psn_lst,NA,TRUE,TRUE,FALSE,NA,nonmem,psn_cov,2,2,1,1,FALSE,NA,NA,NA,176.85,273.52,1.547,NA,NA,NA
80,4,advan4,nonmem_scm,focei,91,ok,TRUE,TRUE,TRUE,TRUE,-1559.331187406235,32.818930041152264,psn_lst,NA,TRUE,TRUE,FALSE,NA,nonmem,psn_cov,2,2,2,0,TRUE,NA,NA,NA,124.853,260.99,2.09,NA,NA,NA
80,4,advan4,nonmem_scm,focei,92,ok,TRUE,TRUE,TRUE,TRUE,-1527.2294203601057,126.92307692307692,psn_lst,NA,TRUE,TRUE,FALSE,NA,nonmem,psn_cov,2,2,2,0,TRUE,NA,NA,NA,180.291,272.45,1.511,NA,NA,NA
80,4,advan4,nonmem_scm,focei,93,ok,TRUE,TRUE,TRUE,TRUE,-1485.4860961757456,89.19597989949747,psn_lst,NA,TRUE,TRUE,FALSE,NA,nonmem,psn_cov,4,2,1,3,FALSE,NA,NA,NA,176.869,395.6,2.237,NA,NA,NA
80,4,advan4,nonmem_scm,focei,94,ok,TRUE,TRUE,TRUE,TRUE,-1589.611621168615,70.57654075546719,psn_lst,NA,TRUE,TRUE,FALSE,NA,nonmem,psn_cov,2,2,2,0,TRUE,NA,NA,NA,127.423,260.95,2.048,NA,NA,NA
80,4,advan4,nonmem_scm,focei,95,ok,TRUE,FALSE,FALSE,FALSE,-1439.6102630073522,NA,psn_lst,NA,TRUE,FALSE,FALSE,NA,nonmem,psn_cov,1,2,1,0,FALSE,NA,NA,NA,164.897,362.55,2.199,NA,NA,NA
80,4,advan4,nonmem_scm,focei,96,ok,TRUE,TRUE,TRUE,TRUE,-1580.4130609984504,149.21875,psn_lst,NA,TRUE,TRUE,FALSE,NA,nonmem,psn_cov,3,2,2,1,FALSE,NA,NA,NA,153.561,344.12,2.241,NA,NA,NA
80,4,advan4,nonmem_scm,focei,97,ok,TRUE,FALSE,FALSE,FALSE,-1603.986480352866,NA,psn_lst,NA,TRUE,FALSE,FALSE,NA,nonmem,psn_cov,2,2,2,0,TRUE,NA,NA,NA,124.353,262.38,2.11,NA,NA,NA
80,4,advan4,nonmem_scm,focei,98,ok,TRUE,TRUE,TRUE,TRUE,-1527.226387968561,137.61467889908258,psn_lst,NA,TRUE,TRUE,FALSE,NA,nonmem,psn_cov,2,2,2,0,TRUE,NA,NA,NA,157.341,347.03,2.206,NA,NA,NA
80,4,advan4,nonmem_scm,focei,99,ok,TRUE,FALSE,FALSE,FALSE,-1507.797098052227,NA,psn_lst,NA,TRUE,FALSE,FALSE,NA,nonmem,psn_cov,2,2,2,0,TRUE,NA,NA,NA,162.031,346.78,2.14,NA,NA,NA
80,4,advan4,nonmem_scm,focei,100,ok,TRUE,FALSE,FALSE,FALSE,-1557.3917847158864,NA,psn_lst,NA,TRUE,FALSE,FALSE,NA,nonmem,psn_cov,2,2,2,0,TRUE,NA,NA,NA,171.12,352.31,2.059,NA,NA,NA
80,5,advan4,nonmem_scm,focei,1,ok,TRUE,FALSE,TRUE,TRUE,-1486.93434952796,4098.522167487685,psn_lst,NA,TRUE,TRUE,FALSE,NA,nonmem,psn_cov,1,1,1,0,TRUE,NA,NA,NA,136.427,195.9,1.436,NA,NA,NA
80,5,advan4,nonmem_scm,focei,2,ok,TRUE,TRUE,TRUE,TRUE,-1569.1288366555766,217.004048582996,psn_lst,NA,TRUE,TRUE,FALSE,NA,nonmem,psn_cov,1,1,1,0,TRUE,NA,NA,NA,136.51,192.6,1.411,NA,NA,NA
80,5,advan4,nonmem_scm,focei,3,ok,TRUE,FALSE,FALSE,FALSE,-1520.9802389644728,NA,psn_lst,NA,TRUE,FALSE,FALSE,NA,nonmem,psn_cov,1,1,1,0,TRUE,NA,NA,NA,100.114,186.11,1.859,NA,NA,NA
80,5,advan4,nonmem_scm,focei,4,ok,TRUE,TRUE,TRUE,TRUE,-1610.2368556838687,731.7307692307693,psn_lst,NA,TRUE,TRUE,FALSE,NA,nonmem,psn_cov,2,1,1,1,FALSE,NA,NA,NA,159.552,342.72,2.148,NA,NA,NA
80,5,advan4,nonmem_scm,focei,5,ok,TRUE,FALSE,FALSE,FALSE,-1571.1397640968803,NA,psn_lst,NA,TRUE,FALSE,FALSE,NA,nonmem,psn_cov,2,1,1,1,FALSE,NA,NA,NA,130.499,266.25,2.04,NA,NA,NA
80,5,advan4,nonmem_scm,focei,6,ok,TRUE,FALSE,TRUE,TRUE,-1564.9860825459511,3826.923076923077,psn_lst,NA,TRUE,TRUE,FALSE,NA,nonmem,psn_cov,1,1,1,0,TRUE,NA,NA,NA,135.03,194.09,1.437,NA,NA,NA
80,5,advan4,nonmem_scm,focei,7,ok,TRUE,TRUE,TRUE,TRUE,-1562.6814299252285,84.52380952380952,psn_lst,NA,TRUE,TRUE,FALSE,NA,nonmem,psn_cov,1,1,1,0,TRUE,NA,NA,NA,132.282,272.16,2.057,NA,NA,NA
80,5,advan4,nonmem_scm,focei,8,not_converged,FALSE,FALSE,FALSE,FALSE,-1551.5567852741176,NA,psn_lst,NA,FALSE,FALSE,TRUE,NA,nonmem,psn_cov,1,1,1,0,TRUE,NA,NA,NA,103.208,185.56,1.798,NA,NA,NA
80,5,advan4,nonmem_scm,focei,9,ok,TRUE,FALSE,FALSE,FALSE,-1592.0015029108072,NA,psn_lst,NA,TRUE,FALSE,FALSE,NA,nonmem,psn_cov,1,1,1,0,TRUE,NA,NA,NA,94.128,183.16,1.946,NA,NA,NA
80,5,advan4,nonmem_scm,focei,10,ok,TRUE,FALSE,FALSE,FALSE,-1575.3350444619402,NA,psn_lst,NA,TRUE,FALSE,FALSE,NA,nonmem,psn_cov,1,1,1,0,TRUE,NA,NA,NA,98.266,187.35,1.907,NA,NA,NA
80,5,advan4,nonmem_scm,focei,11,ok,TRUE,TRUE,TRUE,TRUE,-1638.5622541139155,5.602409638554217,psn_lst,NA,TRUE,TRUE,FALSE,NA,nonmem,psn_cov,1,1,1,0,TRUE,NA,NA,NA,93.276,176.12,1.888,NA,NA,NA
80,5,advan4,nonmem_scm,focei,12,not_converged,FALSE,TRUE,TRUE,TRUE,-1528.520614468876,23.96825396825397,psn_lst,NA,FALSE,TRUE,TRUE,NA,nonmem,psn_cov,1,1,1,0,TRUE,NA,NA,NA,215.72,450.3,2.087,NA,NA,NA
80,5,advan4,nonmem_scm,focei,13,ok,TRUE,FALSE,FALSE,FALSE,-1525.0937280121898,NA,psn_lst,NA,TRUE,FALSE,FALSE,NA,nonmem,psn_cov,1,1,1,0,TRUE,NA,NA,NA,99.946,186.61,1.867,NA,NA,NA
80,5,advan4,nonmem_scm,focei,14,ok,TRUE,TRUE,TRUE,TRUE,-1541.9564360391964,843.1372549019609,psn_lst,NA,TRUE,TRUE,FALSE,NA,nonmem,psn_cov,1,1,1,0,TRUE,NA,NA,NA,195.946,286.57,1.462,NA,NA,NA
80,5,advan4,nonmem_scm,focei,15,ok,TRUE,TRUE,TRUE,TRUE,-1632.685646096245,25.8695652173913,psn_lst,NA,TRUE,TRUE,FALSE,NA,nonmem,psn_cov,1,1,1,0,TRUE,NA,NA,NA,95.546,186.58,1.953,NA,NA,NA
80,5,advan4,nonmem_scm,focei,16,not_converged,FALSE,TRUE,TRUE,TRUE,-1561.8375481034143,41.91279887482419,psn_lst,NA,FALSE,TRUE,TRUE,NA,nonmem,psn_cov,1,1,1,0,TRUE,NA,NA,NA,138.911,194.44,1.4,NA,NA,NA
80,5,advan4,nonmem_scm,focei,17,ok,TRUE,FALSE,FALSE,FALSE,-1577.38597388357,NA,psn_lst,NA,TRUE,FALSE,FALSE,NA,nonmem,psn_cov,1,1,1,0,TRUE,NA,NA,NA,136.752,193.41,1.414,NA,NA,NA
80,5,advan4,nonmem_scm,focei,18,ok,TRUE,FALSE,TRUE,TRUE,-1533.284479620634,1749.37343358396,psn_lst,NA,TRUE,TRUE,FALSE,NA,nonmem,psn_cov,1,1,1,0,TRUE,NA,NA,NA,97.607,183.92,1.884,NA,NA,NA
80,5,advan4,nonmem_scm,focei,19,ok,TRUE,FALSE,FALSE,FALSE,-1622.2867108931066,NA,psn_lst,NA,TRUE,FALSE,FALSE,NA,nonmem,psn_cov,1,1,1,0,TRUE,NA,NA,NA,132.997,269.85,2.029,NA,NA,NA
80,5,advan4,nonmem_scm,focei,20,ok,TRUE,TRUE,TRUE,TRUE,-1568.2676551417892,32.03703703703704,psn_lst,NA,TRUE,TRUE,FALSE,NA,nonmem,psn_cov,1,1,1,0,TRUE,NA,NA,NA,133.968,274.69,2.05,NA,NA,NA
80,5,advan4,nonmem_scm,focei,21,ok,TRUE,FALSE,FALSE,FALSE,-1565.1327440918242,NA,psn_lst,NA,TRUE,FALSE,FALSE,NA,nonmem,psn_cov,1,1,1,0,TRUE,NA,NA,NA,134.366,272.05,2.025,NA,NA,NA
80,5,advan4,nonmem_scm,focei,22,ok,TRUE,FALSE,FALSE,FALSE,-1531.8721418200491,NA,psn_lst,NA,TRUE,FALSE,FALSE,NA,nonmem,psn_cov,1,1,1,0,TRUE,NA,NA,NA,138.324,194.26,1.404,NA,NA,NA
80,5,advan4,nonmem_scm,focei,23,ok,TRUE,TRUE,TRUE,TRUE,-1607.3086053220336,258.25242718446606,psn_lst,NA,TRUE,TRUE,FALSE,NA,nonmem,psn_cov,1,1,1,0,TRUE,NA,NA,NA,183.278,286.19,1.562,NA,NA,NA
80,5,advan4,nonmem_scm,focei,24,not_converged,FALSE,FALSE,TRUE,TRUE,-1588.9606684305932,5518.796992481203,psn_lst,NA,FALSE,TRUE,TRUE,NA,nonmem,psn_cov,1,1,1,0,TRUE,NA,NA,NA,206.724,452.42,2.189,NA,NA,NA
80,5,advan4,nonmem_scm,focei,25,ok,TRUE,FALSE,FALSE,FALSE,-1611.3128672908483,NA,psn_lst,NA,TRUE,FALSE,FALSE,NA,nonmem,psn_cov,2,1,1,1,FALSE,NA,NA,NA,180.774,283.51,1.568,NA,NA,NA
80,5,advan4,nonmem_scm,focei,26,ok,TRUE,FALSE,FALSE,FALSE,-1554.4933067684044,NA,psn_lst,NA,TRUE,FALSE,FALSE,NA,nonmem,psn_cov,2,1,1,1,FALSE,NA,NA,NA,131.042,274.52,2.095,NA,NA,NA
80,5,advan4,nonmem_scm,focei,27,ok,TRUE,TRUE,TRUE,TRUE,-1496.0175535997678,5.511363636363637,psn_lst,NA,TRUE,TRUE,FALSE,NA,nonmem,psn_cov,1,1,1,0,TRUE,NA,NA,NA,97.262,184.98,1.902,NA,NA,NA
80,5,advan4,nonmem_scm,focei,28,ok,TRUE,FALSE,FALSE,FALSE,-1529.0315915554286,NA,psn_lst,NA,TRUE,FALSE,FALSE,NA,nonmem,psn_cov,1,1,1,0,TRUE,NA,NA,NA,138.171,275.27,1.992,NA,NA,NA
80,5,advan4,nonmem_scm,focei,29,ok,TRUE,FALSE,FALSE,FALSE,-1552.678057871879,NA,psn_lst,NA,TRUE,FALSE,FALSE,NA,nonmem,psn_cov,1,1,1,0,TRUE,NA,NA,NA,95.377,185.11,1.941,NA,NA,NA
80,5,advan4,nonmem_scm,focei,30,ok,TRUE,TRUE,TRUE,TRUE,-1562.143248195284,5.605633802816902,psn_lst,NA,TRUE,TRUE,FALSE,NA,nonmem,psn_cov,1,1,1,0,TRUE,NA,NA,NA,98.512,185.82,1.886,NA,NA,NA
80,5,advan4,nonmem_scm,focei,31,not_converged,FALSE,TRUE,TRUE,TRUE,-1561.9140461679983,25.511811023622048,psn_lst,NA,FALSE,TRUE,TRUE,NA,nonmem,psn_cov,1,1,1,0,TRUE,NA,NA,NA,98.779,183.52,1.858,NA,NA,NA
80,5,advan4,nonmem_scm,focei,32,ok,TRUE,FALSE,FALSE,FALSE,-1514.6009691011377,NA,psn_lst,NA,TRUE,FALSE,FALSE,NA,nonmem,psn_cov,1,1,1,0,TRUE,NA,NA,NA,136.502,193.73,1.419,NA,NA,NA
80,5,advan4,nonmem_scm,focei,33,ok,TRUE,FALSE,FALSE,FALSE,-1575.4296859356116,NA,psn_lst,NA,TRUE,FALSE,FALSE,NA,nonmem,psn_cov,1,1,1,0,TRUE,NA,NA,NA,137.515,194.7,1.416,NA,NA,NA
80,5,advan4,nonmem_scm,focei,34,not_converged,FALSE,FALSE,FALSE,FALSE,-1556.7934916755976,NA,psn_lst,NA,FALSE,FALSE,TRUE,NA,nonmem,psn_cov,2,1,1,1,FALSE,NA,NA,NA,159.277,352.92,2.216,NA,NA,NA
80,5,advan4,nonmem_scm,focei,35,ok,TRUE,FALSE,FALSE,FALSE,-1549.2723034703436,NA,psn_lst,NA,TRUE,FALSE,FALSE,NA,nonmem,psn_cov,1,1,1,0,TRUE,NA,NA,NA,131.118,275.68,2.103,NA,NA,NA
80,5,advan4,nonmem_scm,focei,36,not_converged,FALSE,TRUE,TRUE,TRUE,-1546.1602995700514,214.53488372093025,psn_lst,NA,FALSE,TRUE,TRUE,NA,nonmem,psn_cov,1,1,1,0,TRUE,NA,NA,NA,98.046,185.08,1.888,NA,NA,NA
80,5,advan4,nonmem_scm,focei,37,ok,TRUE,FALSE,FALSE,FALSE,-1562.5103794484176,NA,psn_lst,NA,TRUE,FALSE,FALSE,NA,nonmem,psn_cov,1,1,1,0,TRUE,NA,NA,NA,132.757,197.72,1.489,NA,NA,NA
80,5,advan4,nonmem_scm,focei,38,ok,TRUE,FALSE,FALSE,FALSE,-1539.088723826745,NA,psn_lst,NA,TRUE,FALSE,FALSE,NA,nonmem,psn_cov,1,1,1,0,TRUE,NA,NA,NA,95.526,178.53,1.869,NA,NA,NA
80,5,advan4,nonmem_scm,focei,39,ok,TRUE,TRUE,TRUE,TRUE,-1562.3867812102155,10.450819672131146,psn_lst,NA,TRUE,TRUE,FALSE,NA,nonmem,psn_cov,1,1,1,0,TRUE,NA,NA,NA,95.069,186.51,1.962,NA,NA,NA
80,5,advan4,nonmem_scm,focei,40,ok,TRUE,FALSE,FALSE,FALSE,-1518.4297213123032,NA,psn_lst,NA,TRUE,FALSE,FALSE,NA,nonmem,psn_cov,1,1,1,0,TRUE,NA,NA,NA,140.07,197.33,1.409,NA,NA,NA
80,5,advan4,nonmem_scm,focei,41,ok,TRUE,FALSE,FALSE,FALSE,-1520.78989109984,NA,psn_lst,NA,TRUE,FALSE,FALSE,NA,nonmem,psn_cov,1,1,1,0,TRUE,NA,NA,NA,163.51,359.84,2.201,NA,NA,NA
80,5,advan4,nonmem_scm,focei,42,not_converged,FALSE,TRUE,TRUE,TRUE,-1632.4797203363812,55.942947702060216,psn_lst,NA,FALSE,TRUE,TRUE,NA,nonmem,psn_cov,1,1,1,0,TRUE,NA,NA,NA,132.262,260.6,1.97,NA,NA,NA
80,5,advan4,nonmem_scm,focei,43,ok,TRUE,FALSE,FALSE,FALSE,-1563.392623319097,NA,psn_lst,NA,TRUE,FALSE,FALSE,NA,nonmem,psn_cov,2,1,1,1,FALSE,NA,NA,NA,236.758,368.4,1.556,NA,NA,NA
80,5,advan4,nonmem_scm,focei,44,ok,TRUE,TRUE,TRUE,TRUE,-1490.3049527996495,53.46869712351946,psn_lst,NA,TRUE,TRUE,FALSE,NA,nonmem,psn_cov,1,1,1,0,TRUE,NA,NA,NA,132.173,182.43,1.38,NA,NA,NA
80,5,advan4,nonmem_scm,focei,45,not_converged,FALSE,TRUE,TRUE,TRUE,-1611.2912125463374,11.666666666666666,psn_lst,NA,FALSE,TRUE,TRUE,NA,nonmem,psn_cov,1,1,1,0,TRUE,NA,NA,NA,142.842,203.23,1.423,NA,NA,NA
80,5,advan4,nonmem_scm,focei,46,ok,TRUE,FALSE,FALSE,FALSE,-1604.9832130902444,NA,psn_lst,NA,TRUE,FALSE,FALSE,NA,nonmem,psn_cov,1,1,1,0,TRUE,NA,NA,NA,134.456,191.34,1.423,NA,NA,NA
80,5,advan4,nonmem_scm,focei,47,ok,TRUE,TRUE,TRUE,TRUE,-1525.4134573924118,11.778846153846157,psn_lst,NA,TRUE,TRUE,FALSE,NA,nonmem,psn_cov,1,1,1,0,TRUE,NA,NA,NA,95.446,182.92,1.916,NA,NA,NA
80,5,advan4,nonmem_scm,focei,48,ok,TRUE,FALSE,FALSE,FALSE,-1567.085442456195,NA,psn_lst,NA,TRUE,FALSE,FALSE,NA,nonmem,psn_cov,1,1,1,0,TRUE,NA,NA,NA,97.254,183.58,1.888,NA,NA,NA
80,5,advan4,nonmem_scm,focei,49,ok,TRUE,FALSE,FALSE,FALSE,-1575.9877327882948,NA,psn_lst,NA,TRUE,FALSE,FALSE,NA,nonmem,psn_cov,2,1,1,1,FALSE,NA,NA,NA,127.774,261,2.043,NA,NA,NA
80,5,advan4,nonmem_scm,focei,50,ok,TRUE,TRUE,TRUE,TRUE,-1534.1977135656757,200.7547169811321,psn_lst,NA,TRUE,TRUE,FALSE,NA,nonmem,psn_cov,1,1,1,0,TRUE,NA,NA,NA,96.619,185.39,1.919,NA,NA,NA
80,5,advan4,nonmem_scm,focei,51,ok,TRUE,TRUE,TRUE,TRUE,-1602.659891642545,342.77456647398844,psn_lst,NA,TRUE,TRUE,FALSE,NA,nonmem,psn_cov,1,1,1,0,TRUE,NA,NA,NA,99.517,188.19,1.891,NA,NA,NA
80,5,advan4,nonmem_scm,focei,52,ok,TRUE,TRUE,TRUE,TRUE,-1528.9002350544197,478.448275862069,psn_lst,NA,TRUE,TRUE,FALSE,NA,nonmem,psn_cov,1,1,1,0,TRUE,NA,NA,NA,98.787,188.61,1.909,NA,NA,NA
80,5,advan4,nonmem_scm,focei,53,ok,TRUE,FALSE,FALSE,FALSE,-1593.9505999760452,NA,psn_lst,NA,TRUE,FALSE,FALSE,NA,nonmem,psn_cov,1,1,1,0,TRUE,NA,NA,NA,132.659,264.84,1.996,NA,NA,NA
80,5,advan4,nonmem_scm,focei,54,ok,TRUE,FALSE,FALSE,FALSE,-1574.093322615228,NA,psn_lst,NA,TRUE,FALSE,FALSE,NA,nonmem,psn_cov,1,1,1,0,TRUE,NA,NA,NA,96.935,185.8,1.917,NA,NA,NA
80,5,advan4,nonmem_scm,focei,55,ok,TRUE,FALSE,FALSE,FALSE,-1544.1822464981412,NA,psn_lst,NA,TRUE,FALSE,FALSE,NA,nonmem,psn_cov,1,1,1,0,TRUE,NA,NA,NA,138.962,197.83,1.424,NA,NA,NA
80,5,advan4,nonmem_scm,focei,56,ok,TRUE,FALSE,FALSE,FALSE,-1517.908786026414,NA,psn_lst,NA,TRUE,FALSE,FALSE,NA,nonmem,psn_cov,1,1,1,0,TRUE,NA,NA,NA,140.266,194.36,1.386,NA,NA,NA
80,5,advan4,nonmem_scm,focei,57,ok,TRUE,FALSE,FALSE,FALSE,-1656.0261857324908,NA,psn_lst,NA,TRUE,FALSE,FALSE,NA,nonmem,psn_cov,1,1,1,0,TRUE,NA,NA,NA,93.435,176.22,1.886,NA,NA,NA
80,5,advan4,nonmem_scm,focei,58,ok,TRUE,FALSE,FALSE,FALSE,-1604.928215289347,NA,psn_lst,NA,TRUE,FALSE,FALSE,NA,nonmem,psn_cov,1,1,1,0,TRUE,NA,NA,NA,98.525,184.28,1.87,NA,NA,NA
80,5,advan4,nonmem_scm,focei,59,ok,TRUE,FALSE,FALSE,FALSE,-1580.857682353056,NA,psn_lst,NA,TRUE,FALSE,FALSE,NA,nonmem,psn_cov,1,1,1,0,TRUE,NA,NA,NA,96.308,186.56,1.937,NA,NA,NA
80,5,advan4,nonmem_scm,focei,60,ok,TRUE,FALSE,TRUE,TRUE,-1568.919412493129,5211.920529801324,psn_lst,NA,TRUE,TRUE,FALSE,NA,nonmem,psn_cov,1,1,1,0,TRUE,NA,NA,NA,139.969,278.08,1.987,NA,NA,NA
80,5,advan4,nonmem_scm,focei,61,not_converged,FALSE,FALSE,FALSE,FALSE,-1564.4071319998611,NA,psn_lst,NA,FALSE,FALSE,TRUE,NA,nonmem,psn_cov,1,1,1,0,TRUE,NA,NA,NA,132.465,277.18,2.092,NA,NA,NA
80,5,advan4,nonmem_scm,focei,62,ok,TRUE,FALSE,TRUE,TRUE,-1589.41926485462,7817391.304347826,psn_lst,NA,TRUE,TRUE,FALSE,NA,nonmem,psn_cov,1,1,1,0,TRUE,NA,NA,NA,139.022,195.23,1.404,NA,NA,NA
80,5,advan4,nonmem_scm,focei,63,ok,TRUE,TRUE,TRUE,TRUE,-1565.020070726591,125.54347826086958,psn_lst,NA,TRUE,TRUE,FALSE,NA,nonmem,psn_cov,1,1,1,0,TRUE,NA,NA,NA,99.039,186.89,1.887,NA,NA,NA
80,5,advan4,nonmem_scm,focei,64,ok,TRUE,TRUE,TRUE,TRUE,-1582.0626263446834,63.903281519861835,psn_lst,NA,TRUE,TRUE,FALSE,NA,nonmem,psn_cov,1,1,1,0,TRUE,NA,NA,NA,95.798,181.47,1.894,NA,NA,NA
80,5,advan4,nonmem_scm,focei,65,ok,TRUE,FALSE,FALSE,FALSE,-1619.2685306959409,NA,psn_lst,NA,TRUE,FALSE,FALSE,NA,nonmem,psn_cov,1,1,1,0,TRUE,NA,NA,NA,136.835,273.09,1.996,NA,NA,NA
80,5,advan4,nonmem_scm,focei,66,ok,TRUE,FALSE,FALSE,FALSE,-1561.1370328402031,NA,psn_lst,NA,TRUE,FALSE,FALSE,NA,nonmem,psn_cov,1,1,1,0,TRUE,NA,NA,NA,138.771,194.99,1.405,NA,NA,NA
80,5,advan4,nonmem_scm,focei,67,not_converged,FALSE,FALSE,FALSE,FALSE,-1570.2356364025566,NA,psn_lst,NA,FALSE,FALSE,TRUE,NA,nonmem,psn_cov,1,1,1,0,TRUE,NA,NA,NA,141.084,197.56,1.4,NA,NA,NA
80,5,advan4,nonmem_scm,focei,68,ok,TRUE,TRUE,TRUE,TRUE,-1572.139318497325,36.15384615384615,psn_lst,NA,TRUE,TRUE,FALSE,NA,nonmem,psn_cov,2,1,1,1,FALSE,NA,NA,NA,120.284,264.3,2.197,NA,NA,NA
80,5,advan4,nonmem_scm,focei,69,ok,TRUE,FALSE,FALSE,FALSE,-1572.3377833769136,NA,psn_lst,NA,TRUE,FALSE,FALSE,NA,nonmem,psn_cov,2,1,1,1,FALSE,NA,NA,NA,186.931,276.61,1.48,NA,NA,NA
80,5,advan4,nonmem_scm,focei,70,ok,TRUE,FALSE,FALSE,FALSE,-1530.3000563204128,NA,psn_lst,NA,TRUE,FALSE,FALSE,NA,nonmem,psn_cov,1,1,1,0,TRUE,NA,NA,NA,97.117,183.47,1.889,NA,NA,NA
80,5,advan4,nonmem_scm,focei,71,ok,TRUE,TRUE,TRUE,TRUE,-1622.325369615697,56.094182825484765,psn_lst,NA,TRUE,TRUE,FALSE,NA,nonmem,psn_cov,2,1,1,1,FALSE,NA,NA,NA,126.767,262.23,2.069,NA,NA,NA
80,5,advan4,nonmem_scm,focei,72,ok,TRUE,FALSE,FALSE,FALSE,-1597.4369615527178,NA,psn_lst,NA,TRUE,FALSE,FALSE,NA,nonmem,psn_cov,1,1,1,0,TRUE,NA,NA,NA,134.424,191.59,1.425,NA,NA,NA
80,5,advan4,nonmem_scm,focei,73,ok,TRUE,FALSE,FALSE,FALSE,-1585.270750699246,NA,psn_lst,NA,TRUE,FALSE,FALSE,NA,nonmem,psn_cov,1,1,1,0,TRUE,NA,NA,NA,95.288,183.49,1.926,NA,NA,NA
80,5,advan4,nonmem_scm,focei,74,ok,TRUE,FALSE,FALSE,FALSE,-1603.4372692282875,NA,psn_lst,NA,TRUE,FALSE,FALSE,NA,nonmem,psn_cov,1,1,1,0,TRUE,NA,NA,NA,128.273,264.99,2.066,NA,NA,NA
80,5,advan4,nonmem_scm,focei,75,ok,TRUE,FALSE,FALSE,FALSE,-1530.199859929082,NA,psn_lst,NA,TRUE,FALSE,FALSE,NA,nonmem,psn_cov,1,1,1,0,TRUE,NA,NA,NA,96.264,185.07,1.923,NA,NA,NA
80,5,advan4,nonmem_scm,focei,76,ok,TRUE,TRUE,TRUE,TRUE,-1536.0037583453272,52.21238938053097,psn_lst,NA,TRUE,TRUE,FALSE,NA,nonmem,psn_cov,1,1,1,0,TRUE,NA,NA,NA,98.896,184.82,1.869,NA,NA,NA
80,5,advan4,nonmem_scm,focei,77,ok,TRUE,TRUE,TRUE,TRUE,-1567.0689992796426,445.1851851851851,psn_lst,NA,TRUE,TRUE,FALSE,NA,nonmem,psn_cov,1,1,1,0,TRUE,NA,NA,NA,98.499,184.35,1.872,NA,NA,NA
80,5,advan4,nonmem_scm,focei,78,ok,TRUE,TRUE,TRUE,TRUE,-1613.021878602544,23.83928571428571,psn_lst,NA,TRUE,TRUE,FALSE,NA,nonmem,psn_cov,1,1,1,0,TRUE,NA,NA,NA,93.617,184.25,1.968,NA,NA,NA
80,5,advan4,nonmem_scm,focei,79,ok,TRUE,FALSE,FALSE,FALSE,-1587.6350426812849,NA,psn_lst,NA,TRUE,FALSE,FALSE,NA,nonmem,psn_cov,1,1,1,0,TRUE,NA,NA,NA,96.115,183.75,1.912,NA,NA,NA
80,5,advan4,nonmem_scm,focei,80,ok,TRUE,TRUE,TRUE,TRUE,-1557.2217835866434,8.990228013029315,psn_lst,NA,TRUE,TRUE,FALSE,NA,nonmem,psn_cov,1,1,1,0,TRUE,NA,NA,NA,237.988,368.35,1.548,NA,NA,NA
80,5,advan4,nonmem_scm,focei,81,ok,TRUE,TRUE,TRUE,TRUE,-1520.7497467582782,34.52914798206278,psn_lst,NA,TRUE,TRUE,FALSE,NA,nonmem,psn_cov,1,1,1,0,TRUE,NA,NA,NA,94.922,176.81,1.863,NA,NA,NA
80,5,advan4,nonmem_scm,focei,82,ok,TRUE,FALSE,FALSE,FALSE,-1620.4028894714477,NA,psn_lst,NA,TRUE,FALSE,FALSE,NA,nonmem,psn_cov,1,1,1,0,TRUE,NA,NA,NA,136.684,196.02,1.434,NA,NA,NA
80,5,advan4,nonmem_scm,focei,83,ok,TRUE,FALSE,TRUE,TRUE,-1557.991676254422,17175.398633257402,psn_lst,NA,TRUE,TRUE,FALSE,NA,nonmem,psn_cov,1,1,1,0,TRUE,NA,NA,NA,98.025,182.92,1.866,NA,NA,NA
80,5,advan4,nonmem_scm,focei,84,ok,TRUE,TRUE,TRUE,TRUE,-1527.6767918157109,196.51898734177217,psn_lst,NA,TRUE,TRUE,FALSE,NA,nonmem,psn_cov,1,1,1,0,TRUE,NA,NA,NA,97.821,185.17,1.893,NA,NA,NA
80,5,advan4,nonmem_scm,focei,85,ok,TRUE,FALSE,FALSE,FALSE,-1520.9386471323046,NA,psn_lst,NA,TRUE,FALSE,FALSE,NA,nonmem,psn_cov,1,1,1,0,TRUE,NA,NA,NA,95.93,184.49,1.923,NA,NA,NA
80,5,advan4,nonmem_scm,focei,86,ok,TRUE,FALSE,FALSE,FALSE,-1572.9361324646795,NA,psn_lst,NA,TRUE,FALSE,FALSE,NA,nonmem,psn_cov,1,1,1,0,TRUE,NA,NA,NA,97.15,184.79,1.902,NA,NA,NA
80,5,advan4,nonmem_scm,focei,87,ok,TRUE,FALSE,TRUE,TRUE,-1542.4227256529186,33023.25581395349,psn_lst,NA,TRUE,TRUE,FALSE,NA,nonmem,psn_cov,1,1,1,0,TRUE,NA,NA,NA,100.17,185.14,1.848,NA,NA,NA
80,5,advan4,nonmem_scm,focei,88,ok,TRUE,FALSE,FALSE,FALSE,-1552.506043304791,NA,psn_lst,NA,TRUE,FALSE,FALSE,NA,nonmem,psn_cov,1,1,1,0,TRUE,NA,NA,NA,99.441,187.23,1.883,NA,NA,NA
80,5,advan4,nonmem_scm,focei,89,ok,TRUE,TRUE,TRUE,TRUE,-1602.5072489349418,7.056737588652483,psn_lst,NA,TRUE,TRUE,FALSE,NA,nonmem,psn_cov,1,1,1,0,TRUE,NA,NA,NA,131.491,190.94,1.452,NA,NA,NA
80,5,advan4,nonmem_scm,focei,90,ok,TRUE,TRUE,TRUE,TRUE,-1587.2541149825356,268.39080459770116,psn_lst,NA,TRUE,TRUE,FALSE,NA,nonmem,psn_cov,1,1,1,0,TRUE,NA,NA,NA,186.605,284.56,1.525,NA,NA,NA
80,5,advan4,nonmem_scm,focei,91,ok,TRUE,TRUE,TRUE,TRUE,-1544.2400466193062,24.263565891472865,psn_lst,NA,TRUE,TRUE,FALSE,NA,nonmem,psn_cov,1,1,1,0,TRUE,NA,NA,NA,91.275,185.27,2.03,NA,NA,NA
80,5,advan4,nonmem_scm,focei,92,ok,TRUE,FALSE,FALSE,FALSE,-1550.3972161524268,NA,psn_lst,NA,TRUE,FALSE,FALSE,NA,nonmem,psn_cov,1,1,1,0,TRUE,NA,NA,NA,101.88,187.87,1.844,NA,NA,NA
80,5,advan4,nonmem_scm,focei,93,ok,TRUE,FALSE,TRUE,TRUE,-1601.5362799740244,96030.04291845491,psn_lst,NA,TRUE,TRUE,FALSE,NA,nonmem,psn_cov,1,1,1,0,TRUE,NA,NA,NA,195.153,284.88,1.46,NA,NA,NA
80,5,advan4,nonmem_scm,focei,94,ok,TRUE,FALSE,FALSE,FALSE,-1474.5983740974427,NA,psn_lst,NA,TRUE,FALSE,FALSE,NA,nonmem,psn_cov,1,1,1,0,TRUE,NA,NA,NA,133.238,258.27,1.938,NA,NA,NA
80,5,advan4,nonmem_scm,focei,95,not_converged,FALSE,TRUE,TRUE,TRUE,-1594.30284103015,28.559322033898308,psn_lst,NA,FALSE,TRUE,TRUE,NA,nonmem,psn_cov,1,1,1,0,TRUE,NA,NA,NA,137.4,194.88,1.418,NA,NA,NA
80,5,advan4,nonmem_scm,focei,96,ok,TRUE,TRUE,TRUE,TRUE,-1539.0591490506813,38.727524204702625,psn_lst,NA,TRUE,TRUE,FALSE,NA,nonmem,psn_cov,1,1,1,0,TRUE,NA,NA,NA,101.246,185.45,1.832,NA,NA,NA
80,5,advan4,nonmem_scm,focei,97,ok,TRUE,TRUE,TRUE,TRUE,-1640.0073435287686,232.30088495575225,psn_lst,NA,TRUE,TRUE,FALSE,NA,nonmem,psn_cov,1,1,1,0,TRUE,NA,NA,NA,101.913,187.13,1.836,NA,NA,NA
80,5,advan4,nonmem_scm,focei,98,ok,TRUE,TRUE,TRUE,TRUE,-1538.3474055519937,27.67762460233298,psn_lst,NA,TRUE,TRUE,FALSE,NA,nonmem,psn_cov,1,1,1,0,TRUE,NA,NA,NA,95.343,180.3,1.891,NA,NA,NA
80,5,advan4,nonmem_scm,focei,99,ok,TRUE,TRUE,TRUE,TRUE,-1574.3519232011645,24.895104895104897,psn_lst,NA,TRUE,TRUE,FALSE,NA,nonmem,psn_cov,1,1,1,0,TRUE,NA,NA,NA,136.15,194.64,1.43,NA,NA,NA
80,5,advan4,nonmem_scm,focei,100,ok,TRUE,TRUE,TRUE,TRUE,-1548.856814864395,16.37426900584795,psn_lst,NA,TRUE,TRUE,FALSE,NA,nonmem,psn_cov,1,1,1,0,TRUE,NA,NA,NA,100.289,186.13,1.856,NA,NA,NA
80,6,advan4,nonmem_scm,focei,1,not_converged,FALSE,FALSE,FALSE,FALSE,-1576.5859503009167,NA,psn_lst,NA,FALSE,FALSE,TRUE,NA,nonmem,psn_cov,2,2,2,0,TRUE,NA,NA,NA,183.896,278.7,1.516,NA,NA,NA
80,6,advan4,nonmem_scm,focei,2,ok,TRUE,FALSE,FALSE,FALSE,-1528.752358191347,NA,psn_lst,NA,TRUE,FALSE,FALSE,NA,nonmem,psn_cov,2,2,2,0,TRUE,NA,NA,NA,163.82,357.76,2.184,NA,NA,NA
80,6,advan4,nonmem_scm,focei,3,ok,TRUE,FALSE,FALSE,FALSE,-1549.6756519695614,NA,psn_lst,NA,TRUE,FALSE,FALSE,NA,nonmem,psn_cov,2,2,2,0,TRUE,NA,NA,NA,120.148,261.28,2.175,NA,NA,NA
80,6,advan4,nonmem_scm,focei,4,ok,TRUE,FALSE,TRUE,TRUE,-1524.261958094616,4568.493150684932,psn_lst,NA,TRUE,TRUE,FALSE,NA,nonmem,psn_cov,2,2,2,0,TRUE,NA,NA,NA,163.033,347.78,2.133,NA,NA,NA
80,6,advan4,nonmem_scm,focei,5,ok,TRUE,FALSE,FALSE,FALSE,-1569.401446117823,NA,psn_lst,NA,TRUE,FALSE,FALSE,NA,nonmem,psn_cov,2,2,2,0,TRUE,NA,NA,NA,128.528,262.03,2.039,NA,NA,NA
80,6,advan4,nonmem_scm,focei,6,not_converged,FALSE,FALSE,FALSE,FALSE,-1582.7518765443203,NA,psn_lst,NA,FALSE,FALSE,TRUE,NA,nonmem,psn_cov,3,2,2,1,FALSE,NA,NA,NA,149.867,330.04,2.202,NA,NA,NA
80,6,advan4,nonmem_scm,focei,7,ok,TRUE,TRUE,TRUE,TRUE,-1619.030923173987,47.20570749108205,psn_lst,NA,TRUE,TRUE,FALSE,NA,nonmem,psn_cov,2,2,2,0,TRUE,NA,NA,NA,118.405,253.01,2.137,NA,NA,NA
80,6,advan4,nonmem_scm,focei,8,not_converged,FALSE,FALSE,FALSE,FALSE,-1562.768701953993,NA,psn_lst,NA,FALSE,FALSE,TRUE,NA,nonmem,psn_cov,2,2,2,0,TRUE,NA,NA,NA,126.843,260.02,2.05,NA,NA,NA
80,6,advan4,nonmem_scm,focei,9,ok,TRUE,FALSE,FALSE,FALSE,-1511.501306266381,NA,psn_lst,NA,TRUE,FALSE,FALSE,NA,nonmem,psn_cov,3,2,2,1,FALSE,NA,NA,NA,152.385,336.88,2.211,NA,NA,NA
80,6,advan4,nonmem_scm,focei,10,ok,TRUE,FALSE,FALSE,FALSE,-1567.2014146593108,NA,psn_lst,NA,TRUE,FALSE,FALSE,NA,nonmem,psn_cov,2,2,2,0,TRUE,NA,NA,NA,126.565,262.93,2.077,NA,NA,NA
80,6,advan4,nonmem_scm,focei,11,ok,TRUE,FALSE,FALSE,FALSE,-1532.9371738716488,NA,psn_lst,NA,TRUE,FALSE,FALSE,NA,nonmem,psn_cov,3,2,2,1,FALSE,NA,NA,NA,148.93,320.34,2.151,NA,NA,NA
80,6,advan4,nonmem_scm,focei,12,ok,TRUE,TRUE,TRUE,TRUE,-1509.1283871945352,31.847826086956523,psn_lst,NA,TRUE,TRUE,FALSE,NA,nonmem,psn_cov,2,2,1,1,FALSE,NA,NA,NA,160.024,351.73,2.198,NA,NA,NA
80,6,advan4,nonmem_scm,focei,13,not_converged,FALSE,TRUE,TRUE,TRUE,-1544.3504052943365,246.78362573099412,psn_lst,NA,FALSE,TRUE,TRUE,NA,nonmem,psn_cov,2,2,2,0,TRUE,NA,NA,NA,126.073,259.79,2.061,NA,NA,NA
80,6,advan4,nonmem_scm,focei,14,not_converged,FALSE,FALSE,FALSE,FALSE,-1491.585287532185,NA,psn_lst,NA,FALSE,FALSE,TRUE,NA,nonmem,psn_cov,2,2,2,0,TRUE,NA,NA,NA,187.475,279.43,1.49,NA,NA,NA
80,6,advan4,nonmem_scm,focei,15,not_converged,FALSE,FALSE,FALSE,FALSE,-1570.108129185881,NA,psn_lst,NA,FALSE,FALSE,TRUE,NA,nonmem,psn_cov,2,2,2,0,TRUE,NA,NA,NA,195.749,436.06,2.228,NA,NA,NA
80,6,advan4,nonmem_scm,focei,16,not_converged,FALSE,FALSE,FALSE,FALSE,-1568.5222734016852,NA,psn_lst,NA,FALSE,FALSE,TRUE,NA,nonmem,psn_cov,2,2,2,0,TRUE,NA,NA,NA,134.36,267.6,1.992,NA,NA,NA
80,6,advan4,nonmem_scm,focei,17,ok,TRUE,TRUE,TRUE,TRUE,-1548.6126458408105,247.6190476190476,psn_lst,NA,TRUE,TRUE,FALSE,NA,nonmem,psn_cov,2,2,2,0,TRUE,NA,NA,NA,190.724,277.43,1.455,NA,NA,NA
80,6,advan4,nonmem_scm,focei,18,ok,TRUE,TRUE,TRUE,TRUE,-1559.4198799621313,97.8494623655914,psn_lst,NA,TRUE,TRUE,FALSE,NA,nonmem,psn_cov,2,2,2,0,TRUE,NA,NA,NA,124.439,264.79,2.128,NA,NA,NA
80,6,advan4,nonmem_scm,focei,19,not_converged,FALSE,FALSE,FALSE,FALSE,-1563.8543298836564,NA,psn_lst,NA,FALSE,FALSE,TRUE,NA,nonmem,psn_cov,2,2,2,0,TRUE,NA,NA,NA,133.944,279.93,2.09,NA,NA,NA
80,6,advan4,nonmem_scm,focei,20,ok,TRUE,TRUE,TRUE,TRUE,-1524.267719415027,246.046511627907,psn_lst,NA,TRUE,TRUE,FALSE,NA,nonmem,psn_cov,2,2,2,0,TRUE,NA,NA,NA,134.725,269.39,2,NA,NA,NA
80,6,advan4,nonmem_scm,focei,21,ok,TRUE,TRUE,TRUE,TRUE,-1521.7895700445708,120.8542713567839,psn_lst,NA,TRUE,TRUE,FALSE,NA,nonmem,psn_cov,2,2,2,0,TRUE,NA,NA,NA,235.588,364.54,1.547,NA,NA,NA
80,6,advan4,nonmem_scm,focei,22,ok,TRUE,TRUE,TRUE,TRUE,-1559.8148343186213,15.240963855421684,psn_lst,NA,TRUE,TRUE,FALSE,NA,nonmem,psn_cov,2,2,2,0,TRUE,NA,NA,NA,124.54,265.85,2.135,NA,NA,NA
80,6,advan4,nonmem_scm,focei,23,ok,TRUE,FALSE,FALSE,FALSE,-1605.389629018487,NA,psn_lst,NA,TRUE,FALSE,FALSE,NA,nonmem,psn_cov,2,2,2,0,TRUE,NA,NA,NA,129.755,258.16,1.99,NA,NA,NA
80,6,advan4,nonmem_scm,focei,24,ok,TRUE,TRUE,TRUE,TRUE,-1602.424516055204,19.124087591240876,psn_lst,NA,TRUE,TRUE,FALSE,NA,nonmem,psn_cov,2,2,2,0,TRUE,NA,NA,NA,123.97,266.12,2.147,NA,NA,NA
80,6,advan4,nonmem_scm,focei,25,not_converged,FALSE,FALSE,FALSE,FALSE,-1557.6012431382146,NA,psn_lst,NA,FALSE,FALSE,TRUE,NA,nonmem,psn_cov,2,2,2,0,TRUE,NA,NA,NA,122.178,260.09,2.129,NA,NA,NA
80,6,advan4,nonmem_scm,focei,26,ok,TRUE,TRUE,TRUE,TRUE,-1553.5521865827282,24.915254237288135,psn_lst,NA,TRUE,TRUE,FALSE,NA,nonmem,psn_cov,2,2,2,0,TRUE,NA,NA,NA,184.031,274.98,1.494,NA,NA,NA
80,6,advan4,nonmem_scm,focei,27,ok,TRUE,TRUE,TRUE,TRUE,-1544.8781648777383,57.52961082910321,psn_lst,NA,TRUE,TRUE,FALSE,NA,nonmem,psn_cov,2,2,2,0,TRUE,NA,NA,NA,189.613,273.99,1.445,NA,NA,NA
80,6,advan4,nonmem_scm,focei,28,ok,TRUE,FALSE,FALSE,FALSE,-1580.9010339181243,NA,psn_lst,NA,TRUE,FALSE,FALSE,NA,nonmem,psn_cov,1,2,1,0,FALSE,NA,NA,NA,239.693,372.02,1.552,NA,NA,NA
80,6,advan4,nonmem_scm,focei,29,ok,TRUE,FALSE,TRUE,TRUE,-1552.8177885713444,2912.3505976095616,psn_lst,NA,TRUE,TRUE,FALSE,NA,nonmem,psn_cov,2,2,2,0,TRUE,NA,NA,NA,178.306,272.31,1.527,NA,NA,NA
80,6,advan4,nonmem_scm,focei,30,ok,TRUE,TRUE,TRUE,TRUE,-1602.7217500035536,140.7079646017699,psn_lst,NA,TRUE,TRUE,FALSE,NA,nonmem,psn_cov,2,2,2,0,TRUE,NA,NA,NA,158.039,349.41,2.211,NA,NA,NA
80,6,advan4,nonmem_scm,focei,31,ok,TRUE,FALSE,FALSE,FALSE,-1607.0313046953102,NA,psn_lst,NA,TRUE,FALSE,FALSE,NA,nonmem,psn_cov,2,2,2,0,TRUE,NA,NA,NA,134.084,264.35,1.972,NA,NA,NA
80,6,advan4,nonmem_scm,focei,32,ok,TRUE,FALSE,FALSE,FALSE,-1578.932712627389,NA,psn_lst,NA,TRUE,FALSE,FALSE,NA,nonmem,psn_cov,2,2,2,0,TRUE,NA,NA,NA,195.042,419.02,2.148,NA,NA,NA
80,6,advan4,nonmem_scm,focei,33,ok,TRUE,FALSE,FALSE,FALSE,-1549.58600031818,NA,psn_lst,NA,TRUE,FALSE,FALSE,NA,nonmem,psn_cov,2,2,2,0,TRUE,NA,NA,NA,126.657,262.18,2.07,NA,NA,NA
80,6,advan4,nonmem_scm,focei,34,ok,TRUE,TRUE,TRUE,TRUE,-1595.912164948736,60,psn_lst,NA,TRUE,TRUE,FALSE,NA,nonmem,psn_cov,2,2,2,0,TRUE,NA,NA,NA,164.079,352.54,2.149,NA,NA,NA
80,6,advan4,nonmem_scm,focei,35,not_converged,FALSE,FALSE,FALSE,FALSE,-1570.4477321592144,NA,psn_lst,NA,FALSE,FALSE,TRUE,NA,nonmem,psn_cov,2,2,2,0,TRUE,NA,NA,NA,182.953,277.27,1.516,NA,NA,NA
80,6,advan4,nonmem_scm,focei,36,not_converged,FALSE,TRUE,TRUE,TRUE,-1525.4085825944398,20.66176470588235,psn_lst,NA,FALSE,TRUE,TRUE,NA,nonmem,psn_cov,2,2,2,0,TRUE,NA,NA,NA,133.133,265.11,1.991,NA,NA,NA
80,6,advan4,nonmem_scm,focei,37,ok,TRUE,FALSE,FALSE,FALSE,-1496.0344569047147,NA,psn_lst,NA,TRUE,FALSE,FALSE,NA,nonmem,psn_cov,2,2,2,0,TRUE,NA,NA,NA,126.867,265.52,2.093,NA,NA,NA
80,6,advan4,nonmem_scm,focei,38,ok,TRUE,FALSE,FALSE,FALSE,-1531.7313358259482,NA,psn_lst,NA,TRUE,FALSE,FALSE,NA,nonmem,psn_cov,2,2,2,0,TRUE,NA,NA,NA,131.629,265.13,2.014,NA,NA,NA
80,6,advan4,nonmem_scm,focei,39,ok,TRUE,FALSE,FALSE,FALSE,-1607.982848119604,NA,psn_lst,NA,TRUE,FALSE,FALSE,NA,nonmem,psn_cov,2,2,2,0,TRUE,NA,NA,NA,130.002,261.4,2.011,NA,NA,NA
80,6,advan4,nonmem_scm,focei,40,not_converged,FALSE,FALSE,FALSE,FALSE,-1496.1713607338902,NA,psn_lst,NA,FALSE,FALSE,TRUE,NA,nonmem,psn_cov,2,2,2,0,TRUE,NA,NA,NA,126.778,263.67,2.08,NA,NA,NA
80,6,advan4,nonmem_scm,focei,41,not_converged,FALSE,TRUE,TRUE,TRUE,-1505.5969388050682,669.5464362850972,psn_lst,NA,FALSE,TRUE,TRUE,NA,nonmem,psn_cov,2,2,2,0,TRUE,NA,NA,NA,130.728,263.08,2.012,NA,NA,NA
80,6,advan4,nonmem_scm,focei,42,ok,TRUE,TRUE,TRUE,TRUE,-1582.5476551408958,72.65625,psn_lst,NA,TRUE,TRUE,FALSE,NA,nonmem,psn_cov,2,2,2,0,TRUE,NA,NA,NA,184.412,272.56,1.478,NA,NA,NA
80,6,advan4,nonmem_scm,focei,43,not_converged,FALSE,TRUE,TRUE,TRUE,-1502.431122409558,12.47663551401869,psn_lst,NA,FALSE,TRUE,TRUE,NA,nonmem,psn_cov,2,2,2,0,TRUE,NA,NA,NA,124.348,263.03,2.115,NA,NA,NA
80,6,advan4,nonmem_scm,focei,44,ok,TRUE,TRUE,TRUE,TRUE,-1626.7750458408589,221.98275862068968,psn_lst,NA,TRUE,TRUE,FALSE,NA,nonmem,psn_cov,2,2,2,0,TRUE,NA,NA,NA,123.075,250.01,2.031,NA,NA,NA
80,6,advan4,nonmem_scm,focei,45,ok,TRUE,TRUE,TRUE,TRUE,-1585.757528981363,165.4178674351585,psn_lst,NA,TRUE,TRUE,FALSE,NA,nonmem,psn_cov,2,2,2,0,TRUE,NA,NA,NA,128.136,264.35,2.063,NA,NA,NA
80,6,advan4,nonmem_scm,focei,46,ok,TRUE,FALSE,FALSE,FALSE,-1539.6476600194,NA,psn_lst,NA,TRUE,FALSE,FALSE,NA,nonmem,psn_cov,2,2,2,0,TRUE,NA,NA,NA,129.118,266.72,2.066,NA,NA,NA
80,6,advan4,nonmem_scm,focei,47,ok,TRUE,FALSE,FALSE,FALSE,-1554.048114872393,NA,psn_lst,NA,TRUE,FALSE,FALSE,NA,nonmem,psn_cov,2,2,2,0,TRUE,NA,NA,NA,131.089,266.63,2.034,NA,NA,NA
80,6,advan4,nonmem_scm,focei,48,ok,TRUE,TRUE,TRUE,TRUE,-1590.860990667495,272.5888324873097,psn_lst,NA,TRUE,TRUE,FALSE,NA,nonmem,psn_cov,2,2,2,0,TRUE,NA,NA,NA,126.383,263.73,2.087,NA,NA,NA
80,6,advan4,nonmem_scm,focei,49,ok,TRUE,FALSE,FALSE,FALSE,-1600.3163822180495,NA,psn_lst,NA,TRUE,FALSE,FALSE,NA,nonmem,psn_cov,2,2,2,0,TRUE,NA,NA,NA,129.584,264.86,2.044,NA,NA,NA
80,6,advan4,nonmem_scm,focei,50,not_converged,FALSE,TRUE,TRUE,TRUE,-1568.2546890306462,22.77777777777778,psn_lst,NA,FALSE,TRUE,TRUE,NA,nonmem,psn_cov,2,2,2,0,TRUE,NA,NA,NA,129.7,261.31,2.015,NA,NA,NA
80,6,advan4,nonmem_scm,focei,51,ok,TRUE,FALSE,TRUE,TRUE,-1588.538118288575,1390.6976744186047,psn_lst,NA,TRUE,TRUE,FALSE,NA,nonmem,psn_cov,3,2,2,1,FALSE,NA,NA,NA,223.232,343.37,1.538,NA,NA,NA
80,6,advan4,nonmem_scm,focei,52,ok,TRUE,FALSE,FALSE,FALSE,-1574.028806610328,NA,psn_lst,NA,TRUE,FALSE,FALSE,NA,nonmem,psn_cov,2,2,2,0,TRUE,NA,NA,NA,201.676,444.03,2.202,NA,NA,NA
80,6,advan4,nonmem_scm,focei,53,not_converged,FALSE,TRUE,TRUE,TRUE,-1599.6878258897293,115.18072289156626,psn_lst,NA,FALSE,TRUE,TRUE,NA,nonmem,psn_cov,2,2,2,0,TRUE,NA,NA,NA,126.37,258.07,2.042,NA,NA,NA
80,6,advan4,nonmem_scm,focei,54,ok,TRUE,TRUE,TRUE,TRUE,-1661.2417738842375,94.98069498069498,psn_lst,NA,TRUE,TRUE,FALSE,NA,nonmem,psn_cov,2,2,2,0,TRUE,NA,NA,NA,188.902,278.41,1.474,NA,NA,NA
80,6,advan4,nonmem_scm,focei,55,ok,TRUE,TRUE,TRUE,TRUE,-1567.5019289074305,26.83760683760684,psn_lst,NA,TRUE,TRUE,FALSE,NA,nonmem,psn_cov,2,2,2,0,TRUE,NA,NA,NA,127.293,264.66,2.079,NA,NA,NA
80,6,advan4,nonmem_scm,focei,56,ok,TRUE,FALSE,FALSE,FALSE,-1476.9716143780652,NA,psn_lst,NA,TRUE,FALSE,FALSE,NA,nonmem,psn_cov,2,2,2,0,TRUE,NA,NA,NA,162.077,352.77,2.177,NA,NA,NA
80,6,advan4,nonmem_scm,focei,57,ok,TRUE,FALSE,FALSE,FALSE,-1657.2253852640415,NA,psn_lst,NA,TRUE,FALSE,FALSE,NA,nonmem,psn_cov,2,2,2,0,TRUE,NA,NA,NA,189.056,275.12,1.455,NA,NA,NA
80,6,advan4,nonmem_scm,focei,58,ok,TRUE,FALSE,TRUE,TRUE,-1578.0139010078367,33869.73180076628,psn_lst,NA,TRUE,TRUE,FALSE,NA,nonmem,psn_cov,2,2,2,0,TRUE,NA,NA,NA,122.539,263.93,2.154,NA,NA,NA
80,6,advan4,nonmem_scm,focei,59,ok,TRUE,FALSE,FALSE,FALSE,-1505.9983940148927,NA,psn_lst,NA,TRUE,FALSE,FALSE,NA,nonmem,psn_cov,1,2,1,0,FALSE,NA,NA,NA,95.381,185.05,1.94,NA,NA,NA
80,6,advan4,nonmem_scm,focei,60,ok,TRUE,TRUE,TRUE,TRUE,-1539.9780771506548,21.925925925925924,psn_lst,NA,TRUE,TRUE,FALSE,NA,nonmem,psn_cov,2,2,2,0,TRUE,NA,NA,NA,157.341,344.78,2.191,NA,NA,NA
80,6,advan4,nonmem_scm,focei,61,ok,TRUE,TRUE,TRUE,TRUE,-1562.8403569160414,41.75960346964065,psn_lst,NA,TRUE,TRUE,FALSE,NA,nonmem,psn_cov,2,2,2,0,TRUE,NA,NA,NA,124.403,261.47,2.102,NA,NA,NA
80,6,advan4,nonmem_scm,focei,62,ok,TRUE,FALSE,FALSE,FALSE,-1607.7926380200684,NA,psn_lst,NA,TRUE,FALSE,FALSE,NA,nonmem,psn_cov,2,2,2,0,TRUE,NA,NA,NA,125.017,263.98,2.112,NA,NA,NA
80,6,advan4,nonmem_scm,focei,63,ok,TRUE,TRUE,TRUE,TRUE,-1533.2118979649288,49.80340760157273,psn_lst,NA,TRUE,TRUE,FALSE,NA,nonmem,psn_cov,2,2,2,0,TRUE,NA,NA,NA,126.632,264.75,2.091,NA,NA,NA
80,6,advan4,nonmem_scm,focei,64,ok,TRUE,FALSE,FALSE,FALSE,-1522.7939967927816,NA,psn_lst,NA,TRUE,FALSE,FALSE,NA,nonmem,psn_cov,3,2,2,1,FALSE,NA,NA,NA,187.117,418.33,2.236,NA,NA,NA
80,6,advan4,nonmem_scm,focei,65,ok,TRUE,FALSE,FALSE,FALSE,-1557.0603318822662,NA,psn_lst,NA,TRUE,FALSE,FALSE,NA,nonmem,psn_cov,2,2,2,0,TRUE,NA,NA,NA,186.798,273.96,1.467,NA,NA,NA
80,6,advan4,nonmem_scm,focei,66,not_converged,FALSE,TRUE,TRUE,TRUE,-1649.9472814963715,404.4489383215369,psn_lst,NA,FALSE,TRUE,TRUE,NA,nonmem,psn_cov,2,2,2,0,TRUE,NA,NA,NA,184.849,275.91,1.493,NA,NA,NA
80,6,advan4,nonmem_scm,focei,67,not_converged,FALSE,FALSE,FALSE,FALSE,-1558.1740475341526,NA,psn_lst,NA,FALSE,FALSE,TRUE,NA,nonmem,psn_cov,2,2,2,0,TRUE,NA,NA,NA,179.605,273.69,1.524,NA,NA,NA
80,6,advan4,nonmem_scm,focei,68,ok,TRUE,FALSE,FALSE,FALSE,-1589.2417202266377,NA,psn_lst,NA,TRUE,FALSE,FALSE,NA,nonmem,psn_cov,2,2,2,0,TRUE,NA,NA,NA,125.582,264.39,2.105,NA,NA,NA
80,6,advan4,nonmem_scm,focei,69,ok,TRUE,TRUE,TRUE,TRUE,-1558.8511258391188,25.84,psn_lst,NA,TRUE,TRUE,FALSE,NA,nonmem,psn_cov,2,2,2,0,TRUE,NA,NA,NA,182.836,275.54,1.507,NA,NA,NA
80,6,advan4,nonmem_scm,focei,70,ok,TRUE,TRUE,TRUE,TRUE,-1549.96476474578,14.84375,psn_lst,NA,TRUE,TRUE,FALSE,NA,nonmem,psn_cov,2,2,2,0,TRUE,NA,NA,NA,184.595,270.74,1.467,NA,NA,NA
80,6,advan4,nonmem_scm,focei,71,ok,TRUE,TRUE,TRUE,TRUE,-1565.1766087848416,18.31168831168831,psn_lst,NA,TRUE,TRUE,FALSE,NA,nonmem,psn_cov,2,2,2,0,TRUE,NA,NA,NA,236.155,360.15,1.525,NA,NA,NA
80,6,advan4,nonmem_scm,focei,72,ok,TRUE,FALSE,FALSE,FALSE,-1590.5269590762978,NA,psn_lst,NA,TRUE,FALSE,FALSE,NA,nonmem,psn_cov,2,2,2,0,TRUE,NA,NA,NA,188.112,276.22,1.468,NA,NA,NA
80,6,advan4,nonmem_scm,focei,73,ok,TRUE,FALSE,FALSE,FALSE,-1601.2007974432076,NA,psn_lst,NA,TRUE,FALSE,FALSE,NA,nonmem,psn_cov,2,2,2,0,TRUE,NA,NA,NA,180.811,272.47,1.507,NA,NA,NA
80,6,advan4,nonmem_scm,focei,74,ok,TRUE,FALSE,FALSE,FALSE,-1622.4016439465656,NA,psn_lst,NA,TRUE,FALSE,FALSE,NA,nonmem,psn_cov,2,2,2,0,TRUE,NA,NA,NA,157.55,350.13,2.222,NA,NA,NA
80,6,advan4,nonmem_scm,focei,75,ok,TRUE,TRUE,TRUE,TRUE,-1539.5015158207364,261.18143459915615,psn_lst,NA,TRUE,TRUE,FALSE,NA,nonmem,psn_cov,2,2,2,0,TRUE,NA,NA,NA,123.412,263.78,2.137,NA,NA,NA
80,6,advan4,nonmem_scm,focei,76,ok,TRUE,FALSE,FALSE,FALSE,-1515.6841622116033,NA,psn_lst,NA,TRUE,FALSE,FALSE,NA,nonmem,psn_cov,2,2,2,0,TRUE,NA,NA,NA,138.17,267.24,1.934,NA,NA,NA
80,6,advan4,nonmem_scm,focei,77,ok,TRUE,FALSE,FALSE,FALSE,-1578.6275933450986,NA,psn_lst,NA,TRUE,FALSE,FALSE,NA,nonmem,psn_cov,2,2,2,0,TRUE,NA,NA,NA,181.892,275.05,1.512,NA,NA,NA
80,6,advan4,nonmem_scm,focei,78,not_converged,FALSE,TRUE,TRUE,TRUE,-1539.0982750880237,69.41838649155723,psn_lst,NA,FALSE,TRUE,TRUE,NA,nonmem,psn_cov,2,2,2,0,TRUE,NA,NA,NA,230.813,530.84,2.3,NA,NA,NA
80,6,advan4,nonmem_scm,focei,79,ok,TRUE,TRUE,TRUE,TRUE,-1608.4764078446035,640.2569593147753,psn_lst,NA,TRUE,TRUE,FALSE,NA,nonmem,psn_cov,2,2,2,0,TRUE,NA,NA,NA,234.219,367.62,1.57,NA,NA,NA
80,6,advan4,nonmem_scm,focei,80,ok,TRUE,FALSE,FALSE,FALSE,-1591.579776953387,NA,psn_lst,NA,TRUE,FALSE,FALSE,NA,nonmem,psn_cov,2,2,2,0,TRUE,NA,NA,NA,116.914,248.09,2.122,NA,NA,NA
80,6,advan4,nonmem_scm,focei,81,ok,TRUE,FALSE,FALSE,FALSE,-1586.9189121405366,NA,psn_lst,NA,TRUE,FALSE,FALSE,NA,nonmem,psn_cov,2,2,2,0,TRUE,NA,NA,NA,162.054,347.25,2.143,NA,NA,NA
80,6,advan4,nonmem_scm,focei,82,not_converged,FALSE,FALSE,FALSE,FALSE,-1518.205223382154,NA,psn_lst,NA,FALSE,FALSE,TRUE,NA,nonmem,psn_cov,2,2,2,0,TRUE,NA,NA,NA,125.509,263.97,2.103,NA,NA,NA
80,6,advan4,nonmem_scm,focei,83,ok,TRUE,TRUE,TRUE,TRUE,-1582.123984170648,202.16450216450215,psn_lst,NA,TRUE,TRUE,FALSE,NA,nonmem,psn_cov,2,2,2,0,TRUE,NA,NA,NA,126.024,261.11,2.072,NA,NA,NA
80,6,advan4,nonmem_scm,focei,84,ok,TRUE,FALSE,FALSE,FALSE,-1554.9433865492272,NA,psn_lst,NA,TRUE,FALSE,FALSE,NA,nonmem,psn_cov,2,2,2,0,TRUE,NA,NA,NA,123.386,260.99,2.115,NA,NA,NA
80,6,advan4,nonmem_scm,focei,85,ok,TRUE,FALSE,FALSE,FALSE,-1568.0443033681156,NA,psn_lst,NA,TRUE,FALSE,FALSE,NA,nonmem,psn_cov,2,2,2,0,TRUE,NA,NA,NA,119.416,261.43,2.189,NA,NA,NA
80,6,advan4,nonmem_scm,focei,86,ok,TRUE,FALSE,FALSE,FALSE,-1611.9681195927717,NA,psn_lst,NA,TRUE,FALSE,FALSE,NA,nonmem,psn_cov,2,2,2,0,TRUE,NA,NA,NA,123.407,262.23,2.125,NA,NA,NA
80,6,advan4,nonmem_scm,focei,87,ok,TRUE,FALSE,FALSE,FALSE,-1545.221931163347,NA,psn_lst,NA,TRUE,FALSE,FALSE,NA,nonmem,psn_cov,2,2,2,0,TRUE,NA,NA,NA,292.76,456.2,1.558,NA,NA,NA
80,6,advan4,nonmem_scm,focei,88,ok,TRUE,TRUE,TRUE,TRUE,-1536.2816347946855,338.4180790960452,psn_lst,NA,TRUE,TRUE,FALSE,NA,nonmem,psn_cov,2,2,2,0,TRUE,NA,NA,NA,126.287,260.99,2.067,NA,NA,NA
80,6,advan4,nonmem_scm,focei,89,ok,TRUE,TRUE,TRUE,TRUE,-1563.149900012082,190.9967845659164,psn_lst,NA,TRUE,TRUE,FALSE,NA,nonmem,psn_cov,2,2,2,0,TRUE,NA,NA,NA,127.497,263.12,2.064,NA,NA,NA
80,6,advan4,nonmem_scm,focei,90,ok,TRUE,FALSE,FALSE,FALSE,-1567.5371805918785,NA,psn_lst,NA,TRUE,FALSE,FALSE,NA,nonmem,psn_cov,2,2,2,0,TRUE,NA,NA,NA,159.61,349.28,2.188,NA,NA,NA
80,6,advan4,nonmem_scm,focei,91,ok,TRUE,TRUE,TRUE,TRUE,-1504.78911775472,98.58156028368796,psn_lst,NA,TRUE,TRUE,FALSE,NA,nonmem,psn_cov,2,2,2,0,TRUE,NA,NA,NA,166.51,357.33,2.146,NA,NA,NA
80,6,advan4,nonmem_scm,focei,92,ok,TRUE,FALSE,FALSE,FALSE,-1524.329576791565,NA,psn_lst,NA,TRUE,FALSE,FALSE,NA,nonmem,psn_cov,2,2,2,0,TRUE,NA,NA,NA,178.266,273.38,1.534,NA,NA,NA
80,6,advan4,nonmem_scm,focei,93,ok,TRUE,FALSE,TRUE,TRUE,-1551.8395879520444,1522.6039783001809,psn_lst,NA,TRUE,TRUE,FALSE,NA,nonmem,psn_cov,3,2,2,1,FALSE,NA,NA,NA,185.656,422.02,2.273,NA,NA,NA
80,6,advan4,nonmem_scm,focei,94,ok,TRUE,TRUE,TRUE,TRUE,-1646.151393542308,331.76470588235287,psn_lst,NA,TRUE,TRUE,FALSE,NA,nonmem,psn_cov,2,2,2,0,TRUE,NA,NA,NA,191.634,292.61,1.527,NA,NA,NA
80,6,advan4,nonmem_scm,focei,95,ok,TRUE,FALSE,FALSE,FALSE,-1604.4682163248144,NA,psn_lst,NA,TRUE,FALSE,FALSE,NA,nonmem,psn_cov,3,2,2,1,FALSE,NA,NA,NA,157.222,337.23,2.145,NA,NA,NA
80,6,advan4,nonmem_scm,focei,96,ok,TRUE,FALSE,FALSE,FALSE,-1505.362566139495,NA,psn_lst,NA,TRUE,FALSE,FALSE,NA,nonmem,psn_cov,2,2,2,0,TRUE,NA,NA,NA,156.224,354.06,2.266,NA,NA,NA
80,6,advan4,nonmem_scm,focei,97,ok,TRUE,FALSE,FALSE,FALSE,-1521.0969495958684,NA,psn_lst,NA,TRUE,FALSE,FALSE,NA,nonmem,psn_cov,2,2,2,0,TRUE,NA,NA,NA,230.881,361.24,1.565,NA,NA,NA
80,6,advan4,nonmem_scm,focei,98,ok,TRUE,FALSE,FALSE,FALSE,-1538.410703187162,NA,psn_lst,NA,TRUE,FALSE,FALSE,NA,nonmem,psn_cov,2,2,2,0,TRUE,NA,NA,NA,127.613,262.25,2.055,NA,NA,NA
80,6,advan4,nonmem_scm,focei,99,not_converged,FALSE,FALSE,FALSE,FALSE,-1528.6474138508613,NA,psn_lst,NA,FALSE,FALSE,TRUE,NA,nonmem,psn_cov,2,2,2,0,TRUE,NA,NA,NA,124.35,261.96,2.107,NA,NA,NA
80,6,advan4,nonmem_scm,focei,100,ok,TRUE,FALSE,FALSE,FALSE,-1604.4680440085056,NA,psn_lst,NA,TRUE,FALSE,FALSE,NA,nonmem,psn_cov,2,2,2,0,TRUE,NA,NA,NA,127.859,262.8,2.055,NA,NA,NA
80,7,advan4,nonmem_scm,focei,1,ok,TRUE,TRUE,TRUE,TRUE,-1551.5315908457787,53.93858477970628,psn_lst,NA,TRUE,TRUE,FALSE,NA,nonmem,psn_cov,2,2,1,1,FALSE,NA,NA,NA,180.623,276.2,1.529,NA,NA,NA
80,7,advan4,nonmem_scm,focei,2,not_converged,FALSE,FALSE,FALSE,FALSE,-1552.175429489003,NA,psn_lst,NA,FALSE,FALSE,TRUE,NA,nonmem,psn_cov,2,2,2,0,TRUE,NA,NA,NA,155.256,335.21,2.159,NA,NA,NA
80,7,advan4,nonmem_scm,focei,3,ok,TRUE,FALSE,FALSE,FALSE,-1632.8627563604582,NA,psn_lst,NA,TRUE,FALSE,FALSE,NA,nonmem,psn_cov,2,2,2,0,TRUE,NA,NA,NA,244.118,379.12,1.553,NA,NA,NA
80,7,advan4,nonmem_scm,focei,4,not_converged,FALSE,TRUE,TRUE,TRUE,-1570.1920864549538,15.75916230366492,psn_lst,NA,FALSE,TRUE,TRUE,NA,nonmem,psn_cov,2,2,2,0,TRUE,NA,NA,NA,122.737,264.82,2.158,NA,NA,NA
80,7,advan4,nonmem_scm,focei,5,ok,TRUE,TRUE,TRUE,TRUE,-1667.6405372482589,72.43589743589743,psn_lst,NA,TRUE,TRUE,FALSE,NA,nonmem,psn_cov,2,2,2,0,TRUE,NA,NA,NA,130.153,263.76,2.027,NA,NA,NA
80,7,advan4,nonmem_scm,focei,6,ok,TRUE,TRUE,TRUE,TRUE,-1528.936104969724,33.402061855670105,psn_lst,NA,TRUE,TRUE,FALSE,NA,nonmem,psn_cov,2,2,2,0,TRUE,NA,NA,NA,185.891,276.52,1.488,NA,NA,NA
80,7,advan4,nonmem_scm,focei,7,ok,TRUE,FALSE,FALSE,FALSE,-1585.569994341012,NA,psn_lst,NA,TRUE,FALSE,FALSE,NA,nonmem,psn_cov,3,2,2,1,FALSE,NA,NA,NA,224.411,350.47,1.562,NA,NA,NA
80,7,advan4,nonmem_scm,focei,8,ok,TRUE,TRUE,TRUE,TRUE,-1543.0668579242904,505.940594059406,psn_lst,NA,TRUE,TRUE,FALSE,NA,nonmem,psn_cov,2,2,2,0,TRUE,NA,NA,NA,125.36,262.17,2.091,NA,NA,NA
80,7,advan4,nonmem_scm,focei,9,ok,TRUE,FALSE,FALSE,FALSE,-1577.1868656148008,NA,psn_lst,NA,TRUE,FALSE,FALSE,NA,nonmem,psn_cov,2,2,2,0,TRUE,NA,NA,NA,177.13,276.2,1.559,NA,NA,NA
80,7,advan4,nonmem_scm,focei,10,ok,TRUE,FALSE,FALSE,FALSE,-1572.6738333920398,NA,psn_lst,NA,TRUE,FALSE,FALSE,NA,nonmem,psn_cov,2,2,2,0,TRUE,NA,NA,NA,164.081,357.48,2.179,NA,NA,NA
80,7,advan4,nonmem_scm,focei,11,ok,TRUE,TRUE,TRUE,TRUE,-1625.4159550575948,58.29228243021346,psn_lst,NA,TRUE,TRUE,FALSE,NA,nonmem,psn_cov,2,2,2,0,TRUE,NA,NA,NA,179.545,274.9,1.531,NA,NA,NA
80,7,advan4,nonmem_scm,focei,12,not_converged,FALSE,FALSE,FALSE,FALSE,-1496.129993295148,NA,psn_lst,NA,FALSE,FALSE,TRUE,NA,nonmem,psn_cov,2,2,2,0,TRUE,NA,NA,NA,185.298,273.59,1.476,NA,NA,NA
80,7,advan4,nonmem_scm,focei,13,not_converged,FALSE,FALSE,FALSE,FALSE,-1558.278633432628,NA,psn_lst,NA,FALSE,FALSE,TRUE,NA,nonmem,psn_cov,3,2,2,1,FALSE,NA,NA,NA,149.111,336.68,2.258,NA,NA,NA
80,7,advan4,nonmem_scm,focei,14,ok,TRUE,FALSE,FALSE,FALSE,-1543.5226970728074,NA,psn_lst,NA,TRUE,FALSE,FALSE,NA,nonmem,psn_cov,2,2,2,0,TRUE,NA,NA,NA,179.349,276.42,1.541,NA,NA,NA
80,7,advan4,nonmem_scm,focei,15,ok,TRUE,FALSE,FALSE,FALSE,-1526.2842947751412,NA,psn_lst,NA,TRUE,FALSE,FALSE,NA,nonmem,psn_cov,2,2,1,1,FALSE,NA,NA,NA,163.716,350.02,2.138,NA,NA,NA
80,7,advan4,nonmem_scm,focei,16,ok,TRUE,FALSE,TRUE,TRUE,-1547.29395181444,1134.502923976608,psn_lst,NA,TRUE,TRUE,FALSE,NA,nonmem,psn_cov,2,2,2,0,TRUE,NA,NA,NA,163.759,348.41,2.128,NA,NA,NA
80,7,advan4,nonmem_scm,focei,17,not_converged,FALSE,TRUE,TRUE,TRUE,-1506.285511881824,90.76576576576576,psn_lst,NA,FALSE,TRUE,TRUE,NA,nonmem,psn_cov,2,2,2,0,TRUE,NA,NA,NA,188.127,286.76,1.524,NA,NA,NA
80,7,advan4,nonmem_scm,focei,18,ok,TRUE,FALSE,FALSE,FALSE,-1546.3917726025402,NA,psn_lst,NA,TRUE,FALSE,FALSE,NA,nonmem,psn_cov,2,2,2,0,TRUE,NA,NA,NA,189.665,272.22,1.435,NA,NA,NA
80,7,advan4,nonmem_scm,focei,19,ok,TRUE,FALSE,FALSE,FALSE,-1618.2907884538367,NA,psn_lst,NA,TRUE,FALSE,FALSE,NA,nonmem,psn_cov,2,2,2,0,TRUE,NA,NA,NA,176.175,273.28,1.551,NA,NA,NA
80,7,advan4,nonmem_scm,focei,20,ok,TRUE,TRUE,TRUE,TRUE,-1512.3049659257308,36.53846153846154,psn_lst,NA,TRUE,TRUE,FALSE,NA,nonmem,psn_cov,2,2,2,0,TRUE,NA,NA,NA,126.162,263.47,2.088,NA,NA,NA
80,7,advan4,nonmem_scm,focei,21,ok,TRUE,FALSE,FALSE,FALSE,-1495.0336725157365,NA,psn_lst,NA,TRUE,FALSE,FALSE,NA,nonmem,psn_cov,2,2,2,0,TRUE,NA,NA,NA,176.212,273.07,1.55,NA,NA,NA
80,7,advan4,nonmem_scm,focei,22,ok,TRUE,FALSE,FALSE,FALSE,-1534.078785589611,NA,psn_lst,NA,TRUE,FALSE,FALSE,NA,nonmem,psn_cov,2,2,2,0,TRUE,NA,NA,NA,301.407,468.81,1.555,NA,NA,NA
80,7,advan4,nonmem_scm,focei,23,ok,TRUE,FALSE,FALSE,FALSE,-1601.2481314870165,NA,psn_lst,NA,TRUE,FALSE,FALSE,NA,nonmem,psn_cov,3,2,2,1,FALSE,NA,NA,NA,222.002,344.45,1.552,NA,NA,NA
80,7,advan4,nonmem_scm,focei,24,ok,TRUE,FALSE,FALSE,FALSE,-1610.092072871564,NA,psn_lst,NA,TRUE,FALSE,FALSE,NA,nonmem,psn_cov,2,2,2,0,TRUE,NA,NA,NA,136.09,262.32,1.928,NA,NA,NA
80,7,advan4,nonmem_scm,focei,25,ok,TRUE,TRUE,TRUE,TRUE,-1597.7876524850064,43.269230769230774,psn_lst,NA,TRUE,TRUE,FALSE,NA,nonmem,psn_cov,2,2,1,1,FALSE,NA,NA,NA,186.902,272.9,1.46,NA,NA,NA
80,7,advan4,nonmem_scm,focei,26,ok,TRUE,FALSE,FALSE,FALSE,-1609.1540714631155,NA,psn_lst,NA,TRUE,FALSE,FALSE,NA,nonmem,psn_cov,2,2,2,0,TRUE,NA,NA,NA,120.727,262.09,2.171,NA,NA,NA
80,7,advan4,nonmem_scm,focei,27,ok,TRUE,TRUE,TRUE,TRUE,-1560.3137068189128,399.2647058823529,psn_lst,NA,TRUE,TRUE,FALSE,NA,nonmem,psn_cov,2,2,2,0,TRUE,NA,NA,NA,130.316,261.41,2.006,NA,NA,NA
80,7,advan4,nonmem_scm,focei,28,ok,TRUE,TRUE,TRUE,TRUE,-1531.855703411371,16.52941176470588,psn_lst,NA,TRUE,TRUE,FALSE,NA,nonmem,psn_cov,2,2,1,1,FALSE,NA,NA,NA,159.486,352.04,2.207,NA,NA,NA
80,7,advan4,nonmem_scm,focei,29,ok,TRUE,FALSE,FALSE,FALSE,-1574.9140939531685,NA,psn_lst,NA,TRUE,FALSE,FALSE,NA,nonmem,psn_cov,2,2,2,0,TRUE,NA,NA,NA,129.404,261.76,2.023,NA,NA,NA
80,7,advan4,nonmem_scm,focei,30,ok,TRUE,FALSE,FALSE,FALSE,-1542.062227229009,NA,psn_lst,NA,TRUE,FALSE,FALSE,NA,nonmem,psn_cov,2,2,2,0,TRUE,NA,NA,NA,229.116,366.37,1.599,NA,NA,NA
80,7,advan4,nonmem_scm,focei,31,ok,TRUE,FALSE,TRUE,TRUE,-1627.7985440445038,64675.32467532468,psn_lst,NA,TRUE,TRUE,FALSE,NA,nonmem,psn_cov,2,2,2,0,TRUE,NA,NA,NA,129.106,260.97,2.021,NA,NA,NA
80,7,advan4,nonmem_scm,focei,32,ok,TRUE,FALSE,FALSE,FALSE,-1511.7330086628697,NA,psn_lst,NA,TRUE,FALSE,FALSE,NA,nonmem,psn_cov,2,2,2,0,TRUE,NA,NA,NA,177.806,271.32,1.526,NA,NA,NA
80,7,advan4,nonmem_scm,focei,33,ok,TRUE,FALSE,FALSE,FALSE,-1565.141505008648,NA,psn_lst,NA,TRUE,FALSE,FALSE,NA,nonmem,psn_cov,2,2,1,1,FALSE,NA,NA,NA,181.346,271.38,1.496,NA,NA,NA
80,7,advan4,nonmem_scm,focei,34,not_converged,FALSE,FALSE,FALSE,FALSE,-1540.2335981910246,NA,psn_lst,NA,FALSE,FALSE,TRUE,NA,nonmem,psn_cov,2,2,2,0,TRUE,NA,NA,NA,243.758,367.57,1.508,NA,NA,NA
80,7,advan4,nonmem_scm,focei,35,ok,TRUE,FALSE,FALSE,FALSE,-1590.1104474779934,NA,psn_lst,NA,TRUE,FALSE,FALSE,NA,nonmem,psn_cov,2,2,2,0,TRUE,NA,NA,NA,135.601,270.94,1.998,NA,NA,NA
80,7,advan4,nonmem_scm,focei,36,ok,TRUE,FALSE,FALSE,FALSE,-1575.6227667472378,NA,psn_lst,NA,TRUE,FALSE,FALSE,NA,nonmem,psn_cov,2,2,2,0,TRUE,NA,NA,NA,131.076,260.33,1.986,NA,NA,NA
80,7,advan4,nonmem_scm,focei,37,ok,TRUE,FALSE,FALSE,FALSE,-1582.3514274998802,NA,psn_lst,NA,TRUE,FALSE,FALSE,NA,nonmem,psn_cov,2,2,2,0,TRUE,NA,NA,NA,235.33,362.33,1.54,NA,NA,NA
80,7,advan4,nonmem_scm,focei,38,ok,TRUE,FALSE,FALSE,FALSE,-1545.9501245541214,NA,psn_lst,NA,TRUE,FALSE,FALSE,NA,nonmem,psn_cov,2,2,2,0,TRUE,NA,NA,NA,191.615,276.91,1.445,NA,NA,NA
80,7,advan4,nonmem_scm,focei,39,not_converged,FALSE,FALSE,FALSE,FALSE,-1592.253077521504,NA,psn_lst,NA,FALSE,FALSE,TRUE,NA,nonmem,psn_cov,2,2,2,0,TRUE,NA,NA,NA,183.573,271.68,1.48,NA,NA,NA
80,7,advan4,nonmem_scm,focei,40,not_converged,FALSE,TRUE,TRUE,TRUE,-1518.2215484110682,138.63636363636363,psn_lst,NA,FALSE,TRUE,TRUE,NA,nonmem,psn_cov,2,2,2,0,TRUE,NA,NA,NA,129.712,264.14,2.036,NA,NA,NA
80,7,advan4,nonmem_scm,focei,41,ok,TRUE,FALSE,FALSE,FALSE,-1552.5731568798692,NA,psn_lst,NA,TRUE,FALSE,FALSE,NA,nonmem,psn_cov,2,2,2,0,TRUE,NA,NA,NA,238.115,367.58,1.544,NA,NA,NA
80,7,advan4,nonmem_scm,focei,42,ok,TRUE,FALSE,TRUE,TRUE,-1551.243906932005,4129.032258064516,psn_lst,NA,TRUE,TRUE,FALSE,NA,nonmem,psn_cov,2,2,2,0,TRUE,NA,NA,NA,162.963,349,2.142,NA,NA,NA
80,7,advan4,nonmem_scm,focei,43,ok,TRUE,FALSE,FALSE,FALSE,-1484.873239063446,NA,psn_lst,NA,TRUE,FALSE,FALSE,NA,nonmem,psn_cov,2,2,2,0,TRUE,NA,NA,NA,182.777,272.86,1.493,NA,NA,NA
80,7,advan4,nonmem_scm,focei,44,ok,TRUE,FALSE,FALSE,FALSE,-1564.1335111332714,NA,psn_lst,NA,TRUE,FALSE,FALSE,NA,nonmem,psn_cov,2,2,2,0,TRUE,NA,NA,NA,187.011,270.67,1.447,NA,NA,NA
80,7,advan4,nonmem_scm,focei,45,ok,TRUE,FALSE,FALSE,FALSE,-1594.8770386450576,NA,psn_lst,NA,TRUE,FALSE,FALSE,NA,nonmem,psn_cov,2,2,2,0,TRUE,NA,NA,NA,179.117,270.54,1.51,NA,NA,NA
80,7,advan4,nonmem_scm,focei,46,ok,TRUE,FALSE,FALSE,FALSE,-1533.524577296737,NA,psn_lst,NA,TRUE,FALSE,FALSE,NA,nonmem,psn_cov,2,2,2,0,TRUE,NA,NA,NA,127.144,266.21,2.094,NA,NA,NA
80,7,advan4,nonmem_scm,focei,47,ok,TRUE,TRUE,TRUE,TRUE,-1558.053628260543,17.023809523809522,psn_lst,NA,TRUE,TRUE,FALSE,NA,nonmem,psn_cov,2,2,2,0,TRUE,NA,NA,NA,180.209,269.99,1.498,NA,NA,NA
80,7,advan4,nonmem_scm,focei,48,ok,TRUE,FALSE,FALSE,FALSE,-1600.1552421680494,NA,psn_lst,NA,TRUE,FALSE,FALSE,NA,nonmem,psn_cov,2,2,2,0,TRUE,NA,NA,NA,179.896,270.95,1.506,NA,NA,NA
80,7,advan4,nonmem_scm,focei,49,ok,TRUE,FALSE,FALSE,FALSE,-1529.687046763328,NA,psn_lst,NA,TRUE,FALSE,FALSE,NA,nonmem,psn_cov,2,2,2,0,TRUE,NA,NA,NA,150.841,348.65,2.311,NA,NA,NA
80,7,advan4,nonmem_scm,focei,50,ok,TRUE,TRUE,TRUE,TRUE,-1578.7880210971982,51.36612021857924,psn_lst,NA,TRUE,TRUE,FALSE,NA,nonmem,psn_cov,2,2,2,0,TRUE,NA,NA,NA,125.341,264.42,2.11,NA,NA,NA
80,7,advan4,nonmem_scm,focei,51,ok,TRUE,FALSE,FALSE,FALSE,-1577.3746543016805,NA,psn_lst,NA,TRUE,FALSE,FALSE,NA,nonmem,psn_cov,2,2,2,0,TRUE,NA,NA,NA,181.266,270.34,1.491,NA,NA,NA
80,7,advan4,nonmem_scm,focei,52,not_converged,FALSE,FALSE,TRUE,TRUE,-1545.845042251814,3724.8908296943223,psn_lst,NA,FALSE,TRUE,TRUE,NA,nonmem,psn_cov,2,2,2,0,TRUE,NA,NA,NA,128.521,264.01,2.054,NA,NA,NA
80,7,advan4,nonmem_scm,focei,53,ok,TRUE,TRUE,TRUE,TRUE,-1552.85630559347,12.05607476635514,psn_lst,NA,TRUE,TRUE,FALSE,NA,nonmem,psn_cov,2,2,1,1,FALSE,NA,NA,NA,241.647,366.42,1.516,NA,NA,NA
80,7,advan4,nonmem_scm,focei,54,ok,TRUE,FALSE,FALSE,FALSE,-1515.280392952258,NA,psn_lst,NA,TRUE,FALSE,FALSE,NA,nonmem,psn_cov,2,2,2,0,TRUE,NA,NA,NA,124.686,260.13,2.086,NA,NA,NA
80,7,advan4,nonmem_scm,focei,55,ok,TRUE,FALSE,FALSE,FALSE,-1518.6589587432431,NA,psn_lst,NA,TRUE,FALSE,FALSE,NA,nonmem,psn_cov,2,2,2,0,TRUE,NA,NA,NA,181.731,271.48,1.494,NA,NA,NA
80,7,advan4,nonmem_scm,focei,56,ok,TRUE,FALSE,FALSE,FALSE,-1533.0209084570834,NA,psn_lst,NA,TRUE,FALSE,FALSE,NA,nonmem,psn_cov,2,2,2,0,TRUE,NA,NA,NA,117.38,249.08,2.122,NA,NA,NA
80,7,advan4,nonmem_scm,focei,57,ok,TRUE,FALSE,FALSE,FALSE,-1532.7876725500385,NA,psn_lst,NA,TRUE,FALSE,FALSE,NA,nonmem,psn_cov,2,2,2,0,TRUE,NA,NA,NA,161.093,348.83,2.165,NA,NA,NA
80,7,advan4,nonmem_scm,focei,58,ok,TRUE,FALSE,FALSE,FALSE,-1532.219095789432,NA,psn_lst,NA,TRUE,FALSE,FALSE,NA,nonmem,psn_cov,2,2,2,0,TRUE,NA,NA,NA,180.148,269.51,1.496,NA,NA,NA
80,7,advan4,nonmem_scm,focei,59,ok,TRUE,FALSE,FALSE,FALSE,-1563.3599668759236,NA,psn_lst,NA,TRUE,FALSE,FALSE,NA,nonmem,psn_cov,2,2,2,0,TRUE,NA,NA,NA,186.248,275.94,1.482,NA,NA,NA
80,7,advan4,nonmem_scm,focei,60,ok,TRUE,FALSE,FALSE,FALSE,-1579.6179790265385,NA,psn_lst,NA,TRUE,FALSE,FALSE,NA,nonmem,psn_cov,2,2,2,0,TRUE,NA,NA,NA,238.123,361.71,1.519,NA,NA,NA
80,7,advan4,nonmem_scm,focei,61,ok,TRUE,FALSE,TRUE,TRUE,-1483.5651155767753,30361.01083032491,psn_lst,NA,TRUE,TRUE,FALSE,NA,nonmem,psn_cov,2,2,2,0,TRUE,NA,NA,NA,121.423,260.86,2.148,NA,NA,NA
80,7,advan4,nonmem_scm,focei,62,ok,TRUE,FALSE,FALSE,FALSE,-1552.5271633569623,NA,psn_lst,NA,TRUE,FALSE,FALSE,NA,nonmem,psn_cov,2,2,2,0,TRUE,NA,NA,NA,134.337,258.26,1.922,NA,NA,NA
80,7,advan4,nonmem_scm,focei,63,ok,TRUE,FALSE,FALSE,FALSE,-1552.776656472223,NA,psn_lst,NA,TRUE,FALSE,FALSE,NA,nonmem,psn_cov,2,2,2,0,TRUE,NA,NA,NA,188.185,281.44,1.496,NA,NA,NA
80,7,advan4,nonmem_scm,focei,64,ok,TRUE,FALSE,FALSE,FALSE,-1519.4877997179356,NA,psn_lst,NA,TRUE,FALSE,FALSE,NA,nonmem,psn_cov,2,2,2,0,TRUE,NA,NA,NA,124.71,259.52,2.081,NA,NA,NA
80,7,advan4,nonmem_scm,focei,65,ok,TRUE,FALSE,TRUE,TRUE,-1529.2464025800637,6731.884057971014,psn_lst,NA,TRUE,TRUE,FALSE,NA,nonmem,psn_cov,2,2,2,0,TRUE,NA,NA,NA,190.642,274.05,1.438,NA,NA,NA
80,7,advan4,nonmem_scm,focei,66,not_converged,FALSE,TRUE,TRUE,TRUE,-1580.9312367373302,99.6078431372549,psn_lst,NA,FALSE,TRUE,TRUE,NA,nonmem,psn_cov,2,2,2,0,TRUE,NA,NA,NA,244.489,369.94,1.513,NA,NA,NA
80,7,advan4,nonmem_scm,focei,67,ok,TRUE,TRUE,TRUE,TRUE,-1574.1094617143726,18.703703703703702,psn_lst,NA,TRUE,TRUE,FALSE,NA,nonmem,psn_cov,2,2,1,1,FALSE,NA,NA,NA,201.267,277.32,1.378,NA,NA,NA
80,7,advan4,nonmem_scm,focei,68,ok,TRUE,FALSE,FALSE,FALSE,-1573.480656154545,NA,psn_lst,NA,TRUE,FALSE,FALSE,NA,nonmem,psn_cov,3,2,2,1,FALSE,NA,NA,NA,150.938,322.93,2.139,NA,NA,NA
80,7,advan4,nonmem_scm,focei,69,ok,TRUE,TRUE,TRUE,TRUE,-1552.2967348501668,66.72597864768683,psn_lst,NA,TRUE,TRUE,FALSE,NA,nonmem,psn_cov,2,2,2,0,TRUE,NA,NA,NA,124.498,253.75,2.038,NA,NA,NA
80,7,advan4,nonmem_scm,focei,70,ok,TRUE,TRUE,TRUE,TRUE,-1522.351189846765,261.7021276595745,psn_lst,NA,TRUE,TRUE,FALSE,NA,nonmem,psn_cov,2,2,2,0,TRUE,NA,NA,NA,180.489,271.58,1.505,NA,NA,NA
80,7,advan4,nonmem_scm,focei,71,ok,TRUE,TRUE,TRUE,TRUE,-1565.0916641166518,545.5635491606714,psn_lst,NA,TRUE,TRUE,FALSE,NA,nonmem,psn_cov,2,2,2,0,TRUE,NA,NA,NA,194.329,277.94,1.43,NA,NA,NA
80,7,advan4,nonmem_scm,focei,72,ok,TRUE,FALSE,FALSE,FALSE,-1572.315645492323,NA,psn_lst,NA,TRUE,FALSE,FALSE,NA,nonmem,psn_cov,2,2,2,0,TRUE,NA,NA,NA,154.488,330.86,2.142,NA,NA,NA
80,7,advan4,nonmem_scm,focei,73,ok,TRUE,TRUE,TRUE,TRUE,-1574.042826836155,10.611353711790391,psn_lst,NA,TRUE,TRUE,FALSE,NA,nonmem,psn_cov,2,2,2,0,TRUE,NA,NA,NA,128.94,268.27,2.081,NA,NA,NA
80,7,advan4,nonmem_scm,focei,74,ok,TRUE,FALSE,FALSE,FALSE,-1541.4947511952037,NA,psn_lst,NA,TRUE,FALSE,FALSE,NA,nonmem,psn_cov,2,2,2,0,TRUE,NA,NA,NA,188.44,271.91,1.443,NA,NA,NA
80,7,advan4,nonmem_scm,focei,75,not_converged,FALSE,TRUE,TRUE,TRUE,-1608.3921373974554,49.79367262723522,psn_lst,NA,FALSE,TRUE,TRUE,NA,nonmem,psn_cov,2,2,2,0,TRUE,NA,NA,NA,193.997,274.24,1.414,NA,NA,NA
80,7,advan4,nonmem_scm,focei,76,ok,TRUE,FALSE,FALSE,FALSE,-1514.3808503270186,NA,psn_lst,NA,TRUE,FALSE,FALSE,NA,nonmem,psn_cov,2,2,2,0,TRUE,NA,NA,NA,198.326,446.75,2.253,NA,NA,NA
80,7,advan4,nonmem_scm,focei,77,ok,TRUE,TRUE,TRUE,TRUE,-1587.1251980560696,674.8057713651498,psn_lst,NA,TRUE,TRUE,FALSE,NA,nonmem,psn_cov,2,2,2,0,TRUE,NA,NA,NA,130.187,256,1.966,NA,NA,NA
80,7,advan4,nonmem_scm,focei,78,ok,TRUE,FALSE,FALSE,FALSE,-1496.4585186733375,NA,psn_lst,NA,TRUE,FALSE,FALSE,NA,nonmem,psn_cov,2,2,2,0,TRUE,NA,NA,NA,147.694,337.03,2.282,NA,NA,NA
80,7,advan4,nonmem_scm,focei,79,not_converged,FALSE,FALSE,TRUE,TRUE,-1515.5518662963364,7629.032258064517,psn_lst,NA,FALSE,TRUE,TRUE,NA,nonmem,psn_cov,2,2,2,0,TRUE,NA,NA,NA,132.893,266.62,2.006,NA,NA,NA
80,7,advan4,nonmem_scm,focei,80,ok,TRUE,FALSE,FALSE,FALSE,-1603.368926172573,NA,psn_lst,NA,TRUE,FALSE,FALSE,NA,nonmem,psn_cov,2,2,2,0,TRUE,NA,NA,NA,287.152,457.03,1.592,NA,NA,NA
80,7,advan4,nonmem_scm,focei,81,ok,TRUE,FALSE,FALSE,FALSE,-1575.5708748977968,NA,psn_lst,NA,TRUE,FALSE,FALSE,NA,nonmem,psn_cov,2,2,2,0,TRUE,NA,NA,NA,182.654,278.3,1.524,NA,NA,NA
80,7,advan4,nonmem_scm,focei,82,ok,TRUE,FALSE,FALSE,FALSE,-1602.4525109811073,NA,psn_lst,NA,TRUE,FALSE,FALSE,NA,nonmem,psn_cov,2,2,2,0,TRUE,NA,NA,NA,196.679,276.92,1.408,NA,NA,NA
80,7,advan4,nonmem_scm,focei,83,not_converged,FALSE,FALSE,FALSE,FALSE,-1516.345838783856,NA,psn_lst,NA,FALSE,FALSE,TRUE,NA,nonmem,psn_cov,2,2,2,0,TRUE,NA,NA,NA,181.556,277.23,1.527,NA,NA,NA
80,7,advan4,nonmem_scm,focei,84,ok,TRUE,FALSE,FALSE,FALSE,-1539.179544647499,NA,psn_lst,NA,TRUE,FALSE,FALSE,NA,nonmem,psn_cov,2,2,2,0,TRUE,NA,NA,NA,187.306,274.97,1.468,NA,NA,NA
80,7,advan4,nonmem_scm,focei,85,ok,TRUE,TRUE,TRUE,TRUE,-1596.990105174168,83.33333333333333,psn_lst,NA,TRUE,TRUE,FALSE,NA,nonmem,psn_cov,2,2,2,0,TRUE,NA,NA,NA,128.52,266.77,2.076,NA,NA,NA
80,7,advan4,nonmem_scm,focei,86,ok,TRUE,TRUE,TRUE,TRUE,-1580.3622165367692,14.40251572327044,psn_lst,NA,TRUE,TRUE,FALSE,NA,nonmem,psn_cov,2,2,2,0,TRUE,NA,NA,NA,123.619,264.25,2.138,NA,NA,NA
80,7,advan4,nonmem_scm,focei,87,ok,TRUE,FALSE,FALSE,FALSE,-1533.6857612914623,NA,psn_lst,NA,TRUE,FALSE,FALSE,NA,nonmem,psn_cov,2,2,2,0,TRUE,NA,NA,NA,184.296,274.11,1.487,NA,NA,NA
80,7,advan4,nonmem_scm,focei,88,ok,TRUE,TRUE,TRUE,TRUE,-1549.4079857544668,28.49740932642487,psn_lst,NA,TRUE,TRUE,FALSE,NA,nonmem,psn_cov,2,2,2,0,TRUE,NA,NA,NA,155.774,338.7,2.174,NA,NA,NA
80,7,advan4,nonmem_scm,focei,89,not_converged,FALSE,TRUE,TRUE,TRUE,-1562.1771361669792,239.8104265402843,psn_lst,NA,FALSE,TRUE,TRUE,NA,nonmem,psn_cov,2,2,2,0,TRUE,NA,NA,NA,126.399,255.95,2.025,NA,NA,NA
80,7,advan4,nonmem_scm,focei,90,not_converged,FALSE,FALSE,FALSE,FALSE,-1525.4615230948402,NA,psn_lst,NA,FALSE,FALSE,TRUE,NA,nonmem,psn_cov,3,2,2,1,FALSE,NA,NA,NA,230.525,345.04,1.497,NA,NA,NA
80,7,advan4,nonmem_scm,focei,91,ok,TRUE,TRUE,TRUE,TRUE,-1558.4051922840165,103.7162162162162,psn_lst,NA,TRUE,TRUE,FALSE,NA,nonmem,psn_cov,2,2,2,0,TRUE,NA,NA,NA,180.992,273.11,1.509,NA,NA,NA
80,7,advan4,nonmem_scm,focei,92,ok,TRUE,TRUE,TRUE,TRUE,-1566.144504251667,42.22797927461139,psn_lst,NA,TRUE,TRUE,FALSE,NA,nonmem,psn_cov,2,2,2,0,TRUE,NA,NA,NA,190.669,275.96,1.447,NA,NA,NA
80,7,advan4,nonmem_scm,focei,93,ok,TRUE,FALSE,FALSE,FALSE,-1494.8958435586244,NA,psn_lst,NA,TRUE,FALSE,FALSE,NA,nonmem,psn_cov,2,2,0,2,FALSE,NA,NA,NA,126.142,260.8,2.068,NA,NA,NA
80,7,advan4,nonmem_scm,focei,94,ok,TRUE,FALSE,FALSE,FALSE,-1601.4107739040292,NA,psn_lst,NA,TRUE,FALSE,FALSE,NA,nonmem,psn_cov,2,2,2,0,TRUE,NA,NA,NA,300.379,464.39,1.546,NA,NA,NA
80,7,advan4,nonmem_scm,focei,95,ok,TRUE,FALSE,FALSE,FALSE,-1538.2297133954382,NA,psn_lst,NA,TRUE,FALSE,FALSE,NA,nonmem,psn_cov,2,2,2,0,TRUE,NA,NA,NA,128.821,261.43,2.029,NA,NA,NA
80,7,advan4,nonmem_scm,focei,96,not_converged,FALSE,FALSE,FALSE,FALSE,-1557.7732631936622,NA,psn_lst,NA,FALSE,FALSE,TRUE,NA,nonmem,psn_cov,2,2,2,0,TRUE,NA,NA,NA,133.338,282.85,2.121,NA,NA,NA
80,7,advan4,nonmem_scm,focei,97,ok,TRUE,TRUE,TRUE,TRUE,-1589.5468561162756,25.545454545454547,psn_lst,NA,TRUE,TRUE,FALSE,NA,nonmem,psn_cov,2,2,2,0,TRUE,NA,NA,NA,128.044,257.96,2.015,NA,NA,NA
80,7,advan4,nonmem_scm,focei,98,ok,TRUE,FALSE,FALSE,FALSE,-1578.8819420922275,NA,psn_lst,NA,TRUE,FALSE,FALSE,NA,nonmem,psn_cov,2,2,2,0,TRUE,NA,NA,NA,185.894,275.52,1.482,NA,NA,NA
80,7,advan4,nonmem_scm,focei,99,ok,TRUE,TRUE,TRUE,TRUE,-1549.432855542428,18.8,psn_lst,NA,TRUE,TRUE,FALSE,NA,nonmem,psn_cov,2,2,2,0,TRUE,NA,NA,NA,164.413,355.59,2.163,NA,NA,NA
80,7,advan4,nonmem_scm,focei,100,ok,TRUE,TRUE,TRUE,TRUE,-1549.7020991255406,408.04597701149424,psn_lst,NA,TRUE,TRUE,FALSE,NA,nonmem,psn_cov,2,2,2,0,TRUE,NA,NA,NA,124.388,259.89,2.089,NA,NA,NA
80,8,advan4,nonmem_scm,focei,1,not_converged,FALSE,FALSE,TRUE,TRUE,-1496.67764690745,55786.51685393258,psn_lst,NA,FALSE,TRUE,TRUE,NA,nonmem,psn_cov,3,3,3,0,TRUE,NA,NA,NA,222.483,344.08,1.547,NA,NA,NA
80,8,advan4,nonmem_scm,focei,2,not_converged,FALSE,FALSE,TRUE,TRUE,-1495.3355477859177,25835.694050991497,psn_lst,NA,FALSE,TRUE,TRUE,NA,nonmem,psn_cov,3,3,3,0,TRUE,NA,NA,NA,146.492,318.24,2.172,NA,NA,NA
80,8,advan4,nonmem_scm,focei,3,not_converged,FALSE,FALSE,TRUE,TRUE,-1531.6290111128155,2862068.9655172415,psn_lst,NA,FALSE,TRUE,TRUE,NA,nonmem,psn_cov,3,3,2,1,FALSE,NA,NA,NA,231.103,356.32,1.542,NA,NA,NA
80,8,advan4,nonmem_scm,focei,4,ok,TRUE,TRUE,TRUE,TRUE,-1551.9640948106992,66.60929432013769,psn_lst,NA,TRUE,TRUE,FALSE,NA,nonmem,psn_cov,3,3,3,0,TRUE,NA,NA,NA,277.397,435.4,1.57,NA,NA,NA
80,8,advan4,nonmem_scm,focei,5,ok,TRUE,FALSE,FALSE,FALSE,-1602.812024151883,NA,psn_lst,NA,TRUE,FALSE,FALSE,NA,nonmem,psn_cov,3,3,3,0,TRUE,NA,NA,NA,200.508,421.89,2.104,NA,NA,NA
80,8,advan4,nonmem_scm,focei,6,ok,TRUE,FALSE,TRUE,TRUE,-1564.8004915919244,3284.722222222222,psn_lst,NA,TRUE,TRUE,FALSE,NA,nonmem,psn_cov,3,3,3,0,TRUE,NA,NA,NA,149.656,331.17,2.213,NA,NA,NA
80,8,advan4,nonmem_scm,focei,7,ok,TRUE,FALSE,TRUE,TRUE,-1623.066532749442,2391.4473684210525,psn_lst,NA,TRUE,TRUE,FALSE,NA,nonmem,psn_cov,3,3,3,0,TRUE,NA,NA,NA,226.844,343.8,1.516,NA,NA,NA
80,8,advan4,nonmem_scm,focei,8,ok,TRUE,FALSE,FALSE,FALSE,-1539.6824839222725,NA,psn_lst,NA,TRUE,FALSE,FALSE,NA,nonmem,psn_cov,3,3,3,0,TRUE,NA,NA,NA,332.305,526.05,1.583,NA,NA,NA
80,8,advan4,nonmem_scm,focei,9,not_converged,FALSE,FALSE,TRUE,TRUE,-1584.9641297702535,1435.9673024523158,psn_lst,NA,FALSE,TRUE,TRUE,NA,nonmem,psn_cov,3,3,3,0,TRUE,NA,NA,NA,224.033,348.39,1.555,NA,NA,NA
80,8,advan4,nonmem_scm,focei,10,ok,TRUE,FALSE,TRUE,TRUE,-1517.2156896329034,333333.3333333334,psn_lst,NA,TRUE,TRUE,FALSE,NA,nonmem,psn_cov,4,3,3,1,FALSE,NA,NA,NA,322.924,502.6,1.556,NA,NA,NA
80,8,advan4,nonmem_scm,focei,11,ok,TRUE,FALSE,TRUE,TRUE,-1514.7747520632577,12857.14285714286,psn_lst,NA,TRUE,TRUE,FALSE,NA,nonmem,psn_cov,3,3,3,0,TRUE,NA,NA,NA,162.482,345.89,2.129,NA,NA,NA
80,8,advan4,nonmem_scm,focei,12,ok,TRUE,FALSE,FALSE,FALSE,-1478.4243281354084,NA,psn_lst,NA,TRUE,FALSE,FALSE,NA,nonmem,psn_cov,2,3,2,0,FALSE,NA,NA,NA,236.932,363.93,1.536,NA,NA,NA
80,8,advan4,nonmem_scm,focei,13,ok,TRUE,FALSE,FALSE,FALSE,-1584.5067468596726,NA,psn_lst,NA,TRUE,FALSE,FALSE,NA,nonmem,psn_cov,3,3,3,0,TRUE,NA,NA,NA,153.156,329.68,2.153,NA,NA,NA
80,8,advan4,nonmem_scm,focei,14,ok,TRUE,FALSE,FALSE,FALSE,-1530.0717944127368,NA,psn_lst,NA,TRUE,FALSE,FALSE,NA,nonmem,psn_cov,3,3,3,0,TRUE,NA,NA,NA,227.537,347.06,1.525,NA,NA,NA
80,8,advan4,nonmem_scm,focei,15,ok,TRUE,FALSE,FALSE,FALSE,-1608.406604705592,NA,psn_lst,NA,TRUE,FALSE,FALSE,NA,nonmem,psn_cov,3,3,2,1,FALSE,NA,NA,NA,195.593,419.55,2.145,NA,NA,NA
80,8,advan4,nonmem_scm,focei,16,ok,TRUE,FALSE,TRUE,TRUE,-1575.8706773315305,1677.4193548387098,psn_lst,NA,TRUE,TRUE,FALSE,NA,nonmem,psn_cov,4,3,3,1,FALSE,NA,NA,NA,178.204,392.41,2.202,NA,NA,NA
80,8,advan4,nonmem_scm,focei,17,not_converged,FALSE,FALSE,FALSE,FALSE,-1514.616490852981,NA,psn_lst,NA,FALSE,FALSE,TRUE,NA,nonmem,psn_cov,4,3,3,1,FALSE,NA,NA,NA,179.108,395.53,2.208,NA,NA,NA
80,8,advan4,nonmem_scm,focei,18,not_converged,FALSE,TRUE,TRUE,TRUE,-1525.070850697261,232.44444444444449,psn_lst,NA,FALSE,TRUE,TRUE,NA,nonmem,psn_cov,3,3,3,0,TRUE,NA,NA,NA,231.308,351.11,1.518,NA,NA,NA
80,8,advan4,nonmem_scm,focei,19,ok,TRUE,FALSE,FALSE,FALSE,-1591.4831941701043,NA,psn_lst,NA,TRUE,FALSE,FALSE,NA,nonmem,psn_cov,3,3,3,0,TRUE,NA,NA,NA,158.893,335.17,2.109,NA,NA,NA
80,8,advan4,nonmem_scm,focei,20,ok,TRUE,TRUE,TRUE,TRUE,-1549.0023714896622,213.22314049586777,psn_lst,NA,TRUE,TRUE,FALSE,NA,nonmem,psn_cov,4,3,2,2,FALSE,NA,NA,NA,218.504,476.91,2.183,NA,NA,NA
80,8,advan4,nonmem_scm,focei,21,ok,TRUE,FALSE,FALSE,FALSE,-1531.6304175687706,NA,psn_lst,NA,TRUE,FALSE,FALSE,NA,nonmem,psn_cov,4,3,2,2,FALSE,NA,NA,NA,197.939,409.77,2.07,NA,NA,NA
80,8,advan4,nonmem_scm,focei,22,ok,TRUE,FALSE,FALSE,FALSE,-1532.8045362152227,NA,psn_lst,NA,TRUE,FALSE,FALSE,NA,nonmem,psn_cov,3,3,3,0,TRUE,NA,NA,NA,157.604,336.04,2.132,NA,NA,NA
80,8,advan4,nonmem_scm,focei,23,ok,TRUE,FALSE,TRUE,TRUE,-1562.388054567905,1930.8855291576672,psn_lst,NA,TRUE,TRUE,FALSE,NA,nonmem,psn_cov,3,3,2,1,FALSE,NA,NA,NA,225.901,347.35,1.538,NA,NA,NA
80,8,advan4,nonmem_scm,focei,24,ok,TRUE,FALSE,FALSE,FALSE,-1623.1265414966874,NA,psn_lst,NA,TRUE,FALSE,FALSE,NA,nonmem,psn_cov,3,3,3,0,TRUE,NA,NA,NA,154.858,333.44,2.153,NA,NA,NA
80,8,advan4,nonmem_scm,focei,25,ok,TRUE,TRUE,TRUE,TRUE,-1607.3925007432474,167.93650793650792,psn_lst,NA,TRUE,TRUE,FALSE,NA,nonmem,psn_cov,3,3,3,0,TRUE,NA,NA,NA,225.426,345,1.53,NA,NA,NA
80,8,advan4,nonmem_scm,focei,26,ok,TRUE,FALSE,TRUE,TRUE,-1584.1517751458866,1478.515625,psn_lst,NA,TRUE,TRUE,FALSE,NA,nonmem,psn_cov,4,3,3,1,FALSE,NA,NA,NA,265.76,410.06,1.543,NA,NA,NA
80,8,advan4,nonmem_scm,focei,27,ok,TRUE,TRUE,TRUE,TRUE,-1558.4102799883449,647.2184531886024,psn_lst,NA,TRUE,TRUE,FALSE,NA,nonmem,psn_cov,3,3,3,0,TRUE,NA,NA,NA,225.26,344.12,1.528,NA,NA,NA
80,8,advan4,nonmem_scm,focei,28,ok,TRUE,TRUE,TRUE,TRUE,-1549.194195785327,17.444444444444446,psn_lst,NA,TRUE,TRUE,FALSE,NA,nonmem,psn_cov,3,3,3,0,TRUE,NA,NA,NA,186.254,421.36,2.262,NA,NA,NA
80,8,advan4,nonmem_scm,focei,29,ok,TRUE,TRUE,TRUE,TRUE,-1542.6942302535172,21.49122807017544,psn_lst,NA,TRUE,TRUE,FALSE,NA,nonmem,psn_cov,3,3,3,0,TRUE,NA,NA,NA,147.131,331.62,2.254,NA,NA,NA
80,8,advan4,nonmem_scm,focei,30,ok,TRUE,TRUE,TRUE,TRUE,-1539.8821846264495,21.439393939393938,psn_lst,NA,TRUE,TRUE,FALSE,NA,nonmem,psn_cov,3,3,3,0,TRUE,NA,NA,NA,226.336,345.61,1.527,NA,NA,NA
80,8,advan4,nonmem_scm,focei,31,ok,TRUE,FALSE,FALSE,FALSE,-1584.193183806424,NA,psn_lst,NA,TRUE,FALSE,FALSE,NA,nonmem,psn_cov,3,3,3,0,TRUE,NA,NA,NA,180.094,417.57,2.319,NA,NA,NA
80,8,advan4,nonmem_scm,focei,32,ok,TRUE,TRUE,TRUE,TRUE,-1503.906372532814,268.1528662420382,psn_lst,NA,TRUE,TRUE,FALSE,NA,nonmem,psn_cov,3,3,3,0,TRUE,NA,NA,NA,152.613,341.98,2.241,NA,NA,NA
80,8,advan4,nonmem_scm,focei,33,not_converged,FALSE,FALSE,TRUE,TRUE,-1620.719115579357,85483.87096774192,psn_lst,NA,FALSE,TRUE,TRUE,NA,nonmem,psn_cov,3,3,3,0,TRUE,NA,NA,NA,146.327,327.46,2.238,NA,NA,NA
80,8,advan4,nonmem_scm,focei,34,not_converged,FALSE,TRUE,TRUE,TRUE,-1591.108633065421,52.18340611353712,psn_lst,NA,FALSE,TRUE,TRUE,NA,nonmem,psn_cov,3,3,3,0,TRUE,NA,NA,NA,231.561,345.17,1.491,NA,NA,NA
80,8,advan4,nonmem_scm,focei,35,not_converged,FALSE,FALSE,FALSE,FALSE,-1576.4673963362814,NA,psn_lst,NA,FALSE,FALSE,TRUE,NA,nonmem,psn_cov,3,3,3,0,TRUE,NA,NA,NA,183.904,422.43,2.297,NA,NA,NA
80,8,advan4,nonmem_scm,focei,36,ok,TRUE,FALSE,FALSE,FALSE,-1515.4436888263924,NA,psn_lst,NA,TRUE,FALSE,FALSE,NA,nonmem,psn_cov,3,3,3,0,TRUE,NA,NA,NA,227.071,347.93,1.532,NA,NA,NA
80,8,advan4,nonmem_scm,focei,37,ok,TRUE,FALSE,FALSE,FALSE,-1569.4028013532836,NA,psn_lst,NA,TRUE,FALSE,FALSE,NA,nonmem,psn_cov,3,3,3,0,TRUE,NA,NA,NA,154.02,330.29,2.144,NA,NA,NA
80,8,advan4,nonmem_scm,focei,38,ok,TRUE,FALSE,FALSE,FALSE,-1581.119231382315,NA,psn_lst,NA,TRUE,FALSE,FALSE,NA,nonmem,psn_cov,3,3,3,0,TRUE,NA,NA,NA,224.563,346.11,1.541,NA,NA,NA
80,8,advan4,nonmem_scm,focei,39,ok,TRUE,FALSE,FALSE,FALSE,-1583.9984813777312,NA,psn_lst,NA,TRUE,FALSE,FALSE,NA,nonmem,psn_cov,3,3,3,0,TRUE,NA,NA,NA,155.822,331.45,2.127,NA,NA,NA
80,8,advan4,nonmem_scm,focei,40,ok,TRUE,FALSE,FALSE,FALSE,-1609.9140648486723,NA,psn_lst,NA,TRUE,FALSE,FALSE,NA,nonmem,psn_cov,3,3,3,0,TRUE,NA,NA,NA,147.178,316.95,2.154,NA,NA,NA
80,8,advan4,nonmem_scm,focei,41,ok,TRUE,FALSE,FALSE,FALSE,-1565.6964871569833,NA,psn_lst,NA,TRUE,FALSE,FALSE,NA,nonmem,psn_cov,3,3,3,0,TRUE,NA,NA,NA,232.231,349.28,1.504,NA,NA,NA
80,8,advan4,nonmem_scm,focei,42,ok,TRUE,FALSE,FALSE,FALSE,-1576.5284121324498,NA,psn_lst,NA,TRUE,FALSE,FALSE,NA,nonmem,psn_cov,3,3,3,0,TRUE,NA,NA,NA,278.628,436.44,1.566,NA,NA,NA
80,8,advan4,nonmem_scm,focei,43,ok,TRUE,FALSE,FALSE,FALSE,-1531.1957097185066,NA,psn_lst,NA,TRUE,FALSE,FALSE,NA,nonmem,psn_cov,3,3,3,0,TRUE,NA,NA,NA,149.387,329.65,2.207,NA,NA,NA
80,8,advan4,nonmem_scm,focei,44,ok,TRUE,FALSE,FALSE,FALSE,-1581.206686715952,NA,psn_lst,NA,TRUE,FALSE,FALSE,NA,nonmem,psn_cov,3,3,3,0,TRUE,NA,NA,NA,222.503,343.98,1.546,NA,NA,NA
80,8,advan4,nonmem_scm,focei,45,ok,TRUE,FALSE,TRUE,TRUE,-1579.315646435967,1151.8817204301074,psn_lst,NA,TRUE,TRUE,FALSE,NA,nonmem,psn_cov,4,3,3,1,FALSE,NA,NA,NA,175.435,389.2,2.218,NA,NA,NA
80,8,advan4,nonmem_scm,focei,46,not_converged,FALSE,FALSE,TRUE,TRUE,-1551.0090891103164,1061.3409415121257,psn_lst,NA,FALSE,TRUE,TRUE,NA,nonmem,psn_cov,3,3,3,0,TRUE,NA,NA,NA,217.717,343.04,1.576,NA,NA,NA
80,8,advan4,nonmem_scm,focei,47,ok,TRUE,FALSE,FALSE,FALSE,-1610.2838467928395,NA,psn_lst,NA,TRUE,FALSE,FALSE,NA,nonmem,psn_cov,3,3,3,0,TRUE,NA,NA,NA,152.862,331.78,2.17,NA,NA,NA
80,8,advan4,nonmem_scm,focei,48,ok,TRUE,FALSE,TRUE,TRUE,-1574.3039291576613,1341.4634146341464,psn_lst,NA,TRUE,TRUE,FALSE,NA,nonmem,psn_cov,3,3,3,0,TRUE,NA,NA,NA,224.993,345.12,1.534,NA,NA,NA
80,8,advan4,nonmem_scm,focei,49,ok,TRUE,FALSE,FALSE,FALSE,-1515.8481905832748,NA,psn_lst,NA,TRUE,FALSE,FALSE,NA,nonmem,psn_cov,3,3,3,0,TRUE,NA,NA,NA,154.086,339.61,2.204,NA,NA,NA
80,8,advan4,nonmem_scm,focei,50,ok,TRUE,TRUE,TRUE,TRUE,-1532.582484428526,375.3623188405797,psn_lst,NA,TRUE,TRUE,FALSE,NA,nonmem,psn_cov,3,3,3,0,TRUE,NA,NA,NA,153.346,329.99,2.152,NA,NA,NA
80,8,advan4,nonmem_scm,focei,51,ok,TRUE,TRUE,TRUE,TRUE,-1628.8461379083562,40.28197381671702,psn_lst,NA,TRUE,TRUE,FALSE,NA,nonmem,psn_cov,3,3,3,0,TRUE,NA,NA,NA,288.164,435.04,1.51,NA,NA,NA
80,8,advan4,nonmem_scm,focei,52,ok,TRUE,FALSE,FALSE,FALSE,-1500.046684979333,NA,psn_lst,NA,TRUE,FALSE,FALSE,NA,nonmem,psn_cov,3,3,3,0,TRUE,NA,NA,NA,181.77,414.18,2.279,NA,NA,NA
80,8,advan4,nonmem_scm,focei,53,not_converged,FALSE,FALSE,FALSE,FALSE,-1578.1653108065898,NA,psn_lst,NA,FALSE,FALSE,TRUE,NA,nonmem,psn_cov,3,3,3,0,TRUE,NA,NA,NA,148.186,332.32,2.243,NA,NA,NA
80,8,advan4,nonmem_scm,focei,54,ok,TRUE,TRUE,TRUE,TRUE,-1575.91402574218,17.52873563218391,psn_lst,NA,TRUE,TRUE,FALSE,NA,nonmem,psn_cov,3,3,3,0,TRUE,NA,NA,NA,226.41,347.1,1.533,NA,NA,NA
80,8,advan4,nonmem_scm,focei,55,not_converged,FALSE,FALSE,FALSE,FALSE,-1591.3238576309857,NA,psn_lst,NA,FALSE,FALSE,TRUE,NA,nonmem,psn_cov,3,3,3,0,TRUE,NA,NA,NA,226.207,344.7,1.524,NA,NA,NA
80,8,advan4,nonmem_scm,focei,56,ok,TRUE,FALSE,FALSE,FALSE,-1560.5187005256157,NA,psn_lst,NA,TRUE,FALSE,FALSE,NA,nonmem,psn_cov,3,3,3,0,TRUE,NA,NA,NA,226.044,346.88,1.535,NA,NA,NA
80,8,advan4,nonmem_scm,focei,57,not_converged,FALSE,TRUE,TRUE,TRUE,-1608.1519772259246,112.2685185185185,psn_lst,NA,FALSE,TRUE,TRUE,NA,nonmem,psn_cov,3,3,3,0,TRUE,NA,NA,NA,229.702,346.07,1.507,NA,NA,NA
80,8,advan4,nonmem_scm,focei,58,ok,TRUE,FALSE,FALSE,FALSE,-1575.6290390503889,NA,psn_lst,NA,TRUE,FALSE,FALSE,NA,nonmem,psn_cov,3,3,3,0,TRUE,NA,NA,NA,153.574,331.74,2.16,NA,NA,NA
80,8,advan4,nonmem_scm,focei,59,ok,TRUE,FALSE,FALSE,FALSE,-1486.9787638376577,NA,psn_lst,NA,TRUE,FALSE,FALSE,NA,nonmem,psn_cov,3,3,3,0,TRUE,NA,NA,NA,160.547,330.55,2.059,NA,NA,NA
80,8,advan4,nonmem_scm,focei,60,ok,TRUE,TRUE,TRUE,TRUE,-1580.003177018708,63.492063492063494,psn_lst,NA,TRUE,TRUE,FALSE,NA,nonmem,psn_cov,3,3,3,0,TRUE,NA,NA,NA,185.629,422.01,2.273,NA,NA,NA
80,8,advan4,nonmem_scm,focei,61,not_converged,FALSE,FALSE,FALSE,FALSE,-1578.6749596842908,NA,psn_lst,NA,FALSE,FALSE,TRUE,NA,nonmem,psn_cov,3,3,3,0,TRUE,NA,NA,NA,224.238,346.2,1.544,NA,NA,NA
80,8,advan4,nonmem_scm,focei,62,ok,TRUE,TRUE,TRUE,TRUE,-1611.365686487592,47.56097560975609,psn_lst,NA,TRUE,TRUE,FALSE,NA,nonmem,psn_cov,4,3,3,1,FALSE,NA,NA,NA,264.666,412,1.557,NA,NA,NA
80,8,advan4,nonmem_scm,focei,63,ok,TRUE,TRUE,TRUE,TRUE,-1570.5878676861769,7.716262975778547,psn_lst,NA,TRUE,TRUE,FALSE,NA,nonmem,psn_cov,3,3,2,1,FALSE,NA,NA,NA,235.486,350.85,1.49,NA,NA,NA
80,8,advan4,nonmem_scm,focei,64,ok,TRUE,FALSE,FALSE,FALSE,-1558.7268403425967,NA,psn_lst,NA,TRUE,FALSE,FALSE,NA,nonmem,psn_cov,3,3,2,1,FALSE,NA,NA,NA,202.9,425.09,2.095,NA,NA,NA
80,8,advan4,nonmem_scm,focei,65,ok,TRUE,FALSE,FALSE,FALSE,-1524.7025625378235,NA,psn_lst,NA,TRUE,FALSE,FALSE,NA,nonmem,psn_cov,3,3,3,0,TRUE,NA,NA,NA,187.691,425.78,2.269,NA,NA,NA
80,8,advan4,nonmem_scm,focei,66,ok,TRUE,FALSE,FALSE,FALSE,-1580.1166798060008,NA,psn_lst,NA,TRUE,FALSE,FALSE,NA,nonmem,psn_cov,3,3,3,0,TRUE,NA,NA,NA,155.104,335.89,2.166,NA,NA,NA
80,8,advan4,nonmem_scm,focei,67,ok,TRUE,TRUE,TRUE,TRUE,-1581.7683044534938,261.7647058823529,psn_lst,NA,TRUE,TRUE,FALSE,NA,nonmem,psn_cov,3,3,2,1,FALSE,NA,NA,NA,195.082,419.32,2.149,NA,NA,NA
80,8,advan4,nonmem_scm,focei,68,ok,TRUE,FALSE,FALSE,FALSE,-1528.6868890396777,NA,psn_lst,NA,TRUE,FALSE,FALSE,NA,nonmem,psn_cov,3,3,3,0,TRUE,NA,NA,NA,151.423,332.51,2.196,NA,NA,NA
80,8,advan4,nonmem_scm,focei,69,not_converged,FALSE,FALSE,FALSE,FALSE,-1595.2662835901288,NA,psn_lst,NA,FALSE,FALSE,TRUE,NA,nonmem,psn_cov,4,3,3,1,FALSE,NA,NA,NA,186.385,395.95,2.124,NA,NA,NA
80,8,advan4,nonmem_scm,focei,70,ok,TRUE,FALSE,TRUE,TRUE,-1506.6899753300424,25769.230769230773,psn_lst,NA,TRUE,TRUE,FALSE,NA,nonmem,psn_cov,3,3,3,0,TRUE,NA,NA,NA,334.484,527.82,1.578,NA,NA,NA
80,8,advan4,nonmem_scm,focei,71,ok,TRUE,TRUE,TRUE,TRUE,-1541.2197931363823,108.28402366863908,psn_lst,NA,TRUE,TRUE,FALSE,NA,nonmem,psn_cov,3,3,3,0,TRUE,NA,NA,NA,193.971,419.47,2.163,NA,NA,NA
80,8,advan4,nonmem_scm,focei,72,ok,TRUE,TRUE,TRUE,TRUE,-1587.699072821643,29.074074074074076,psn_lst,NA,TRUE,TRUE,FALSE,NA,nonmem,psn_cov,3,3,2,1,FALSE,NA,NA,NA,220.797,347.85,1.575,NA,NA,NA
80,8,advan4,nonmem_scm,focei,73,ok,TRUE,FALSE,FALSE,FALSE,-1539.126591568659,NA,psn_lst,NA,TRUE,FALSE,FALSE,NA,nonmem,psn_cov,3,3,3,0,TRUE,NA,NA,NA,158.157,333.17,2.107,NA,NA,NA
80,8,advan4,nonmem_scm,focei,74,ok,TRUE,FALSE,TRUE,TRUE,-1505.9272246728056,1717.8899082568807,psn_lst,NA,TRUE,TRUE,FALSE,NA,nonmem,psn_cov,3,3,3,0,TRUE,NA,NA,NA,154.879,333.86,2.156,NA,NA,NA
80,8,advan4,nonmem_scm,focei,75,ok,TRUE,TRUE,TRUE,TRUE,-1544.2510867224466,103.68271954674222,psn_lst,NA,TRUE,TRUE,FALSE,NA,nonmem,psn_cov,3,3,3,0,TRUE,NA,NA,NA,149.539,322.62,2.157,NA,NA,NA
80,8,advan4,nonmem_scm,focei,76,ok,TRUE,FALSE,FALSE,FALSE,-1556.2726659375733,NA,psn_lst,NA,TRUE,FALSE,FALSE,NA,nonmem,psn_cov,3,3,3,0,TRUE,NA,NA,NA,185.782,422.01,2.272,NA,NA,NA
80,8,advan4,nonmem_scm,focei,77,ok,TRUE,TRUE,TRUE,TRUE,-1612.5850611247954,28.623853211009177,psn_lst,NA,TRUE,TRUE,FALSE,NA,nonmem,psn_cov,3,3,3,0,TRUE,NA,NA,NA,148.582,334.67,2.252,NA,NA,NA
80,8,advan4,nonmem_scm,focei,78,ok,TRUE,TRUE,TRUE,TRUE,-1550.1897359815616,121,psn_lst,NA,TRUE,TRUE,FALSE,NA,nonmem,psn_cov,3,3,3,0,TRUE,NA,NA,NA,229.013,351.72,1.536,NA,NA,NA
80,8,advan4,nonmem_scm,focei,79,ok,TRUE,FALSE,FALSE,FALSE,-1543.7512726161583,NA,psn_lst,NA,TRUE,FALSE,FALSE,NA,nonmem,psn_cov,3,3,3,0,TRUE,NA,NA,NA,221.177,349.47,1.58,NA,NA,NA
80,8,advan4,nonmem_scm,focei,80,ok,TRUE,FALSE,FALSE,FALSE,-1579.3526817498305,NA,psn_lst,NA,TRUE,FALSE,FALSE,NA,nonmem,psn_cov,3,3,3,0,TRUE,NA,NA,NA,164.707,341.43,2.073,NA,NA,NA
80,8,advan4,nonmem_scm,focei,81,ok,TRUE,FALSE,TRUE,TRUE,-1549.0916364165105,7771.4285714285725,psn_lst,NA,TRUE,TRUE,FALSE,NA,nonmem,psn_cov,3,3,3,0,TRUE,NA,NA,NA,220.269,347.52,1.578,NA,NA,NA
80,8,advan4,nonmem_scm,focei,82,ok,TRUE,FALSE,FALSE,FALSE,-1569.105062930043,NA,psn_lst,NA,TRUE,FALSE,FALSE,NA,nonmem,psn_cov,3,3,3,0,TRUE,NA,NA,NA,190.057,422.42,2.223,NA,NA,NA
80,8,advan4,nonmem_scm,focei,83,ok,TRUE,FALSE,TRUE,TRUE,-1565.0361898159515,50000,psn_lst,NA,TRUE,TRUE,FALSE,NA,nonmem,psn_cov,3,3,3,0,TRUE,NA,NA,NA,158.023,336.56,2.13,NA,NA,NA
80,8,advan4,nonmem_scm,focei,84,ok,TRUE,TRUE,TRUE,TRUE,-1573.784384831284,71.30977130977132,psn_lst,NA,TRUE,TRUE,FALSE,NA,nonmem,psn_cov,3,3,3,0,TRUE,NA,NA,NA,152.284,329.78,2.166,NA,NA,NA
80,8,advan4,nonmem_scm,focei,85,not_converged,FALSE,TRUE,TRUE,TRUE,-1567.4854398601626,50.00000000000001,psn_lst,NA,FALSE,TRUE,TRUE,NA,nonmem,psn_cov,3,3,2,1,FALSE,NA,NA,NA,282.992,437.83,1.547,NA,NA,NA
80,8,advan4,nonmem_scm,focei,86,ok,TRUE,TRUE,TRUE,TRUE,-1615.250104657909,21.736526946107784,psn_lst,NA,TRUE,TRUE,FALSE,NA,nonmem,psn_cov,3,3,2,1,FALSE,NA,NA,NA,338.027,529.61,1.567,NA,NA,NA
80,8,advan4,nonmem_scm,focei,87,not_converged,FALSE,TRUE,TRUE,TRUE,-1572.703148196122,536.8,psn_lst,NA,FALSE,TRUE,TRUE,NA,nonmem,psn_cov,3,3,3,0,TRUE,NA,NA,NA,225.455,344.99,1.53,NA,NA,NA
80,8,advan4,nonmem_scm,focei,88,ok,TRUE,FALSE,FALSE,FALSE,-1571.3362700247328,NA,psn_lst,NA,TRUE,FALSE,FALSE,NA,nonmem,psn_cov,3,3,3,0,TRUE,NA,NA,NA,156.185,339.67,2.175,NA,NA,NA
80,8,advan4,nonmem_scm,focei,89,not_converged,FALSE,TRUE,TRUE,TRUE,-1576.3925609760572,27.23631508678238,psn_lst,NA,FALSE,TRUE,TRUE,NA,nonmem,psn_cov,3,3,3,0,TRUE,NA,NA,NA,229.084,347.68,1.518,NA,NA,NA
80,8,advan4,nonmem_scm,focei,90,ok,TRUE,TRUE,TRUE,TRUE,-1551.1297677312018,126.12826603325416,psn_lst,NA,TRUE,TRUE,FALSE,NA,nonmem,psn_cov,3,3,3,0,TRUE,NA,NA,NA,153.496,329.36,2.146,NA,NA,NA
80,8,advan4,nonmem_scm,focei,91,ok,TRUE,FALSE,FALSE,FALSE,-1534.7780415792215,NA,psn_lst,NA,TRUE,FALSE,FALSE,NA,nonmem,psn_cov,3,3,2,1,FALSE,NA,NA,NA,222.392,351.79,1.582,NA,NA,NA
80,8,advan4,nonmem_scm,focei,92,ok,TRUE,TRUE,TRUE,TRUE,-1517.1466126560592,411.7283950617284,psn_lst,NA,TRUE,TRUE,FALSE,NA,nonmem,psn_cov,3,3,3,0,TRUE,NA,NA,NA,223.546,349.17,1.562,NA,NA,NA
80,8,advan4,nonmem_scm,focei,93,not_converged,FALSE,FALSE,FALSE,FALSE,-1524.8791415211065,NA,psn_lst,NA,FALSE,FALSE,TRUE,NA,nonmem,psn_cov,3,3,3,0,TRUE,NA,NA,NA,278.366,442.54,1.59,NA,NA,NA
80,8,advan4,nonmem_scm,focei,94,ok,TRUE,TRUE,TRUE,TRUE,-1530.6402123163232,44.18604651162791,psn_lst,NA,TRUE,TRUE,FALSE,NA,nonmem,psn_cov,3,3,3,0,TRUE,NA,NA,NA,152.786,332.45,2.176,NA,NA,NA
80,8,advan4,nonmem_scm,focei,95,not_converged,FALSE,FALSE,FALSE,FALSE,-1539.0994387229468,NA,psn_lst,NA,FALSE,FALSE,TRUE,NA,nonmem,psn_cov,3,3,3,0,TRUE,NA,NA,NA,145.558,337.28,2.317,NA,NA,NA
80,8,advan4,nonmem_scm,focei,96,ok,TRUE,FALSE,FALSE,FALSE,-1504.785412357616,NA,psn_lst,NA,TRUE,FALSE,FALSE,NA,nonmem,psn_cov,3,3,3,0,TRUE,NA,NA,NA,157.745,329.93,2.092,NA,NA,NA
80,8,advan4,nonmem_scm,focei,97,ok,TRUE,FALSE,FALSE,FALSE,-1576.2330256607513,NA,psn_lst,NA,TRUE,FALSE,FALSE,NA,nonmem,psn_cov,3,3,3,0,TRUE,NA,NA,NA,163.801,340.17,2.077,NA,NA,NA
80,8,advan4,nonmem_scm,focei,98,ok,TRUE,FALSE,FALSE,FALSE,-1512.0670709331614,NA,psn_lst,NA,TRUE,FALSE,FALSE,NA,nonmem,psn_cov,3,3,3,0,TRUE,NA,NA,NA,194.603,433.65,2.228,NA,NA,NA
80,8,advan4,nonmem_scm,focei,99,not_converged,FALSE,TRUE,TRUE,TRUE,-1511.547537621255,22.33576642335766,psn_lst,NA,FALSE,TRUE,TRUE,NA,nonmem,psn_cov,3,3,3,0,TRUE,NA,NA,NA,226.366,352.72,1.558,NA,NA,NA
80,8,advan4,nonmem_scm,focei,100,ok,TRUE,TRUE,TRUE,TRUE,-1585.1554275988033,74.94505494505495,psn_lst,NA,TRUE,TRUE,FALSE,NA,nonmem,psn_cov,3,3,3,0,TRUE,NA,NA,NA,156.233,321.4,2.057,NA,NA,NA
80,9,advan4,nonmem_scm,focei,1,not_converged,FALSE,FALSE,FALSE,FALSE,-1593.8825200662116,NA,psn_lst,NA,FALSE,FALSE,TRUE,NA,nonmem,psn_cov,3,1,0,3,FALSE,NA,NA,NA,158.784,343.93,2.166,NA,NA,NA
80,9,advan4,nonmem_scm,focei,2,not_converged,FALSE,TRUE,TRUE,TRUE,-1616.956059575114,19.12,psn_lst,NA,FALSE,TRUE,TRUE,NA,nonmem,psn_cov,1,1,1,0,TRUE,NA,NA,NA,102.641,188.39,1.835,NA,NA,NA
80,9,advan4,nonmem_scm,focei,3,ok,TRUE,TRUE,TRUE,TRUE,-1626.0487845728255,209.6774193548387,psn_lst,NA,TRUE,TRUE,FALSE,NA,nonmem,psn_cov,1,1,0,1,FALSE,NA,NA,NA,99.262,189.15,1.906,NA,NA,NA
80,9,advan4,nonmem_scm,focei,4,ok,TRUE,FALSE,FALSE,FALSE,-1579.9815888378405,NA,psn_lst,NA,TRUE,FALSE,FALSE,NA,nonmem,psn_cov,1,1,1,0,TRUE,NA,NA,NA,188.929,281.8,1.492,NA,NA,NA
80,9,advan4,nonmem_scm,focei,5,not_converged,FALSE,TRUE,TRUE,TRUE,-1643.2665458032718,13.815028901734106,psn_lst,NA,FALSE,TRUE,TRUE,NA,nonmem,psn_cov,1,1,1,0,TRUE,NA,NA,NA,126.822,273.53,2.157,NA,NA,NA
80,9,advan4,nonmem_scm,focei,6,ok,TRUE,TRUE,TRUE,TRUE,-1650.5370578861057,127.79369627507162,psn_lst,NA,TRUE,TRUE,FALSE,NA,nonmem,psn_cov,2,1,1,1,FALSE,NA,NA,NA,184.897,274.78,1.486,NA,NA,NA
80,9,advan4,nonmem_scm,focei,7,ok,TRUE,FALSE,FALSE,FALSE,-1547.3225201665646,NA,psn_lst,NA,TRUE,FALSE,FALSE,NA,nonmem,psn_cov,1,1,1,0,TRUE,NA,NA,NA,99.598,186.03,1.868,NA,NA,NA
80,9,advan4,nonmem_scm,focei,8,not_converged,FALSE,FALSE,FALSE,FALSE,-1588.329918349731,NA,psn_lst,NA,FALSE,FALSE,TRUE,NA,nonmem,psn_cov,1,1,1,0,TRUE,NA,NA,NA,133.515,273.17,2.046,NA,NA,NA
80,9,advan4,nonmem_scm,focei,9,not_converged,FALSE,TRUE,TRUE,TRUE,-1563.8088048495256,22.695035460992912,psn_lst,NA,FALSE,TRUE,TRUE,NA,nonmem,psn_cov,1,1,1,0,TRUE,NA,NA,NA,175.501,361.23,2.058,NA,NA,NA
80,9,advan4,nonmem_scm,focei,10,ok,TRUE,FALSE,TRUE,TRUE,-1593.468660587416,5879.032258064516,psn_lst,NA,TRUE,TRUE,FALSE,NA,nonmem,psn_cov,1,1,1,0,TRUE,NA,NA,NA,101.818,189.73,1.863,NA,NA,NA
80,9,advan4,nonmem_scm,focei,11,ok,TRUE,FALSE,FALSE,FALSE,-1605.5679693934137,NA,psn_lst,NA,TRUE,FALSE,FALSE,NA,nonmem,psn_cov,1,1,0,1,FALSE,NA,NA,NA,138.309,195.1,1.411,NA,NA,NA
80,9,advan4,nonmem_scm,focei,12,not_converged,FALSE,FALSE,FALSE,FALSE,-1579.4470586692737,NA,psn_lst,NA,FALSE,FALSE,TRUE,NA,nonmem,psn_cov,1,1,1,0,TRUE,NA,NA,NA,139.056,193.98,1.395,NA,NA,NA
80,9,advan4,nonmem_scm,focei,13,not_converged,FALSE,TRUE,TRUE,TRUE,-1600.256808329227,50.95447870778268,psn_lst,NA,FALSE,TRUE,TRUE,NA,nonmem,psn_cov,2,1,1,1,FALSE,NA,NA,NA,181.738,274.59,1.511,NA,NA,NA
80,9,advan4,nonmem_scm,focei,14,ok,TRUE,FALSE,FALSE,FALSE,-1591.9067088832314,NA,psn_lst,NA,TRUE,FALSE,FALSE,NA,nonmem,psn_cov,1,1,1,0,TRUE,NA,NA,NA,139.309,288.87,2.074,NA,NA,NA
80,9,advan4,nonmem_scm,focei,15,ok,TRUE,FALSE,FALSE,FALSE,-1555.8201351505586,NA,psn_lst,NA,TRUE,FALSE,FALSE,NA,nonmem,psn_cov,1,1,1,0,TRUE,NA,NA,NA,102.85,190.19,1.849,NA,NA,NA
80,9,advan4,nonmem_scm,focei,16,ok,TRUE,TRUE,TRUE,TRUE,-1645.640935933738,158.2758620689655,psn_lst,NA,TRUE,TRUE,FALSE,NA,nonmem,psn_cov,1,1,1,0,TRUE,NA,NA,NA,98.77,187.11,1.894,NA,NA,NA
80,9,advan4,nonmem_scm,focei,17,ok,TRUE,TRUE,TRUE,TRUE,-1602.7946960867484,62.82828282828282,psn_lst,NA,TRUE,TRUE,FALSE,NA,nonmem,psn_cov,1,1,1,0,TRUE,NA,NA,NA,138.334,275.64,1.993,NA,NA,NA
80,9,advan4,nonmem_scm,focei,18,ok,TRUE,TRUE,TRUE,TRUE,-1527.0100645142948,216.3366336633663,psn_lst,NA,TRUE,TRUE,FALSE,NA,nonmem,psn_cov,1,1,1,0,TRUE,NA,NA,NA,131.256,277.27,2.112,NA,NA,NA
80,9,advan4,nonmem_scm,focei,19,ok,TRUE,TRUE,TRUE,TRUE,-1613.0782412928136,319.3370165745856,psn_lst,NA,TRUE,TRUE,FALSE,NA,nonmem,psn_cov,1,1,1,0,TRUE,NA,NA,NA,216.061,462.12,2.139,NA,NA,NA
80,9,advan4,nonmem_scm,focei,20,ok,TRUE,TRUE,TRUE,TRUE,-1626.33677620412,9.336283185840706,psn_lst,NA,TRUE,TRUE,FALSE,NA,nonmem,psn_cov,1,1,1,0,TRUE,NA,NA,NA,141.687,193.76,1.368,NA,NA,NA
80,9,advan4,nonmem_scm,focei,21,ok,TRUE,FALSE,FALSE,FALSE,-1583.9219879289062,NA,psn_lst,NA,TRUE,FALSE,FALSE,NA,nonmem,psn_cov,1,1,1,0,TRUE,NA,NA,NA,140.727,275.72,1.959,NA,NA,NA
80,9,advan4,nonmem_scm,focei,22,ok,TRUE,FALSE,FALSE,FALSE,-1607.149568446606,NA,psn_lst,NA,TRUE,FALSE,FALSE,NA,nonmem,psn_cov,1,1,1,0,TRUE,NA,NA,NA,132.061,271.56,2.056,NA,NA,NA
80,9,advan4,nonmem_scm,focei,23,ok,TRUE,FALSE,FALSE,FALSE,-1644.533451742152,NA,psn_lst,NA,TRUE,FALSE,FALSE,NA,nonmem,psn_cov,1,1,1,0,TRUE,NA,NA,NA,184.139,283.64,1.54,NA,NA,NA
80,9,advan4,nonmem_scm,focei,24,ok,TRUE,FALSE,FALSE,FALSE,-1594.2543118019717,NA,psn_lst,NA,TRUE,FALSE,FALSE,NA,nonmem,psn_cov,1,1,1,0,TRUE,NA,NA,NA,105.071,186.68,1.777,NA,NA,NA
80,9,advan4,nonmem_scm,focei,25,ok,TRUE,TRUE,TRUE,TRUE,-1640.2100630343452,934.4660194174756,psn_lst,NA,TRUE,TRUE,FALSE,NA,nonmem,psn_cov,1,1,1,0,TRUE,NA,NA,NA,98.313,189.47,1.927,NA,NA,NA
80,9,advan4,nonmem_scm,focei,26,ok,TRUE,FALSE,FALSE,FALSE,-1637.1841983365853,NA,psn_lst,NA,TRUE,FALSE,FALSE,NA,nonmem,psn_cov,2,1,1,1,FALSE,NA,NA,NA,180.446,279.27,1.548,NA,NA,NA
80,9,advan4,nonmem_scm,focei,27,ok,TRUE,FALSE,TRUE,TRUE,-1599.7374812919577,5154.411764705882,psn_lst,NA,TRUE,TRUE,FALSE,NA,nonmem,psn_cov,1,1,0,1,FALSE,NA,NA,NA,130.659,267.88,2.05,NA,NA,NA
80,9,advan4,nonmem_scm,focei,28,ok,TRUE,FALSE,FALSE,FALSE,-1604.7631721106704,NA,psn_lst,NA,TRUE,FALSE,FALSE,NA,nonmem,psn_cov,1,1,1,0,TRUE,NA,NA,NA,143.441,197.47,1.377,NA,NA,NA
80,9,advan4,nonmem_scm,focei,29,not_converged,FALSE,FALSE,FALSE,FALSE,-1731.940700446111,NA,psn_lst,NA,FALSE,FALSE,TRUE,NA,nonmem,psn_cov,1,1,1,0,TRUE,NA,NA,NA,94.94,187.52,1.975,NA,NA,NA
80,9,advan4,nonmem_scm,focei,30,not_converged,FALSE,TRUE,TRUE,TRUE,-1615.5050434157451,80.34188034188034,psn_lst,NA,FALSE,TRUE,TRUE,NA,nonmem,psn_cov,1,1,1,0,TRUE,NA,NA,NA,189.446,282.9,1.493,NA,NA,NA
80,9,advan4,nonmem_scm,focei,31,ok,TRUE,FALSE,FALSE,FALSE,-1607.2608795021335,NA,psn_lst,NA,TRUE,FALSE,FALSE,NA,nonmem,psn_cov,1,1,0,1,FALSE,NA,NA,NA,149.536,302.87,2.025,NA,NA,NA
80,9,advan4,nonmem_scm,focei,32,ok,TRUE,FALSE,TRUE,TRUE,-1587.9128141256533,4768.707482993197,psn_lst,NA,TRUE,TRUE,FALSE,NA,nonmem,psn_cov,1,1,1,0,TRUE,NA,NA,NA,133.337,274.56,2.059,NA,NA,NA
80,9,advan4,nonmem_scm,focei,33,not_converged,FALSE,FALSE,FALSE,FALSE,-1609.689093462473,NA,psn_lst,NA,FALSE,FALSE,TRUE,NA,nonmem,psn_cov,1,1,1,0,TRUE,NA,NA,NA,201.23,292.68,1.454,NA,NA,NA
80,9,advan4,nonmem_scm,focei,34,ok,TRUE,FALSE,FALSE,FALSE,-1614.91583294229,NA,psn_lst,NA,TRUE,FALSE,FALSE,NA,nonmem,psn_cov,1,1,1,0,TRUE,NA,NA,NA,97.085,179.53,1.849,NA,NA,NA
80,9,advan4,nonmem_scm,focei,35,ok,TRUE,FALSE,FALSE,FALSE,-1634.6756963518756,NA,psn_lst,NA,TRUE,FALSE,FALSE,NA,nonmem,psn_cov,2,1,1,1,FALSE,NA,NA,NA,184.433,278.43,1.51,NA,NA,NA
80,9,advan4,nonmem_scm,focei,36,ok,TRUE,FALSE,FALSE,FALSE,-1558.2323173053553,NA,psn_lst,NA,TRUE,FALSE,FALSE,NA,nonmem,psn_cov,1,1,1,0,TRUE,NA,NA,NA,99.855,186.86,1.871,NA,NA,NA
80,9,advan4,nonmem_scm,focei,37,ok,TRUE,TRUE,TRUE,TRUE,-1626.6768214098004,16.901408450704228,psn_lst,NA,TRUE,TRUE,FALSE,NA,nonmem,psn_cov,1,1,1,0,TRUE,NA,NA,NA,186.437,284.76,1.527,NA,NA,NA
80,9,advan4,nonmem_scm,focei,38,ok,TRUE,TRUE,TRUE,TRUE,-1582.3914940598893,53.903903903903895,psn_lst,NA,TRUE,TRUE,FALSE,NA,nonmem,psn_cov,1,1,1,0,TRUE,NA,NA,NA,141.056,193.72,1.373,NA,NA,NA
80,9,advan4,nonmem_scm,focei,39,ok,TRUE,FALSE,TRUE,TRUE,-1580.4804733415103,36545.45454545454,psn_lst,NA,TRUE,TRUE,FALSE,NA,nonmem,psn_cov,1,1,1,0,TRUE,NA,NA,NA,138.436,192.13,1.388,NA,NA,NA
80,9,advan4,nonmem_scm,focei,40,ok,TRUE,FALSE,FALSE,FALSE,-1597.269613251231,NA,psn_lst,NA,TRUE,FALSE,FALSE,NA,nonmem,psn_cov,1,1,1,0,TRUE,NA,NA,NA,138.548,194.82,1.406,NA,NA,NA
80,9,advan4,nonmem_scm,focei,41,not_converged,FALSE,TRUE,TRUE,TRUE,-1651.1954628271849,27.54098360655738,psn_lst,NA,FALSE,TRUE,TRUE,NA,nonmem,psn_cov,1,1,1,0,TRUE,NA,NA,NA,135.375,275.17,2.033,NA,NA,NA
80,9,advan4,nonmem_scm,focei,42,ok,TRUE,FALSE,TRUE,TRUE,-1647.834790572523,9269.746646795826,psn_lst,NA,TRUE,TRUE,FALSE,NA,nonmem,psn_cov,1,1,1,0,TRUE,NA,NA,NA,241.652,373.84,1.547,NA,NA,NA
80,9,advan4,nonmem_scm,focei,43,ok,TRUE,FALSE,FALSE,FALSE,-1589.5841882439154,NA,psn_lst,NA,TRUE,FALSE,FALSE,NA,nonmem,psn_cov,1,1,1,0,TRUE,NA,NA,NA,97.35,191.16,1.964,NA,NA,NA
80,9,advan4,nonmem_scm,focei,44,ok,TRUE,FALSE,FALSE,FALSE,-1565.6208885531737,NA,psn_lst,NA,TRUE,FALSE,FALSE,NA,nonmem,psn_cov,2,1,1,1,FALSE,NA,NA,NA,137.783,270.47,1.963,NA,NA,NA
80,9,advan4,nonmem_scm,focei,45,ok,TRUE,FALSE,FALSE,FALSE,-1628.6217214954772,NA,psn_lst,NA,TRUE,FALSE,FALSE,NA,nonmem,psn_cov,1,1,1,0,TRUE,NA,NA,NA,140.392,193.88,1.381,NA,NA,NA
80,9,advan4,nonmem_scm,focei,46,not_converged,FALSE,FALSE,TRUE,TRUE,-1584.3613746619485,51621.62162162163,psn_lst,NA,FALSE,TRUE,TRUE,NA,nonmem,psn_cov,2,1,1,1,FALSE,NA,NA,NA,125.584,268.59,2.139,NA,NA,NA
80,9,advan4,nonmem_scm,focei,47,ok,TRUE,FALSE,FALSE,FALSE,-1613.4820197767651,NA,psn_lst,NA,TRUE,FALSE,FALSE,NA,nonmem,psn_cov,1,1,1,0,TRUE,NA,NA,NA,101.442,188.81,1.861,NA,NA,NA
80,9,advan4,nonmem_scm,focei,48,ok,TRUE,FALSE,FALSE,FALSE,-1559.8726290564532,NA,psn_lst,NA,TRUE,FALSE,FALSE,NA,nonmem,psn_cov,1,1,1,0,TRUE,NA,NA,NA,137.499,278.94,2.029,NA,NA,NA
80,9,advan4,nonmem_scm,focei,49,ok,TRUE,FALSE,FALSE,FALSE,-1607.007118499828,NA,psn_lst,NA,TRUE,FALSE,FALSE,NA,nonmem,psn_cov,1,1,1,0,TRUE,NA,NA,NA,140.084,282.59,2.017,NA,NA,NA
80,9,advan4,nonmem_scm,focei,50,ok,TRUE,FALSE,FALSE,FALSE,-1653.8820041197548,NA,psn_lst,NA,TRUE,FALSE,FALSE,NA,nonmem,psn_cov,1,1,1,0,TRUE,NA,NA,NA,186.481,280.75,1.506,NA,NA,NA
80,9,advan4,nonmem_scm,focei,51,ok,TRUE,FALSE,FALSE,FALSE,-1653.6884299237304,NA,psn_lst,NA,TRUE,FALSE,FALSE,NA,nonmem,psn_cov,1,1,1,0,TRUE,NA,NA,NA,139.046,194.84,1.401,NA,NA,NA
80,9,advan4,nonmem_scm,focei,52,not_converged,FALSE,FALSE,FALSE,FALSE,-1634.8388479213013,NA,psn_lst,NA,FALSE,FALSE,TRUE,NA,nonmem,psn_cov,1,1,1,0,TRUE,NA,NA,NA,95.528,191.58,2.005,NA,NA,NA
80,9,advan4,nonmem_scm,focei,53,ok,TRUE,FALSE,TRUE,TRUE,-1533.4850453069932,38979.5918367347,psn_lst,NA,TRUE,TRUE,FALSE,NA,nonmem,psn_cov,1,1,1,0,TRUE,NA,NA,NA,132.279,271.05,2.049,NA,NA,NA
80,9,advan4,nonmem_scm,focei,54,ok,TRUE,TRUE,TRUE,TRUE,-1575.712897508117,22.545454545454547,psn_lst,NA,TRUE,TRUE,FALSE,NA,nonmem,psn_cov,1,1,1,0,TRUE,NA,NA,NA,102.175,188.15,1.841,NA,NA,NA
80,9,advan4,nonmem_scm,focei,55,ok,TRUE,TRUE,TRUE,TRUE,-1664.258325181135,48.127600554785026,psn_lst,NA,TRUE,TRUE,FALSE,NA,nonmem,psn_cov,1,1,1,0,TRUE,NA,NA,NA,102.683,185,1.802,NA,NA,NA
80,9,advan4,nonmem_scm,focei,56,ok,TRUE,FALSE,FALSE,FALSE,-1693.5648244061413,NA,psn_lst,NA,TRUE,FALSE,FALSE,NA,nonmem,psn_cov,1,1,1,0,TRUE,NA,NA,NA,97.193,182.91,1.882,NA,NA,NA
80,9,advan4,nonmem_scm,focei,57,ok,TRUE,FALSE,FALSE,FALSE,-1678.8589064730238,NA,psn_lst,NA,TRUE,FALSE,FALSE,NA,nonmem,psn_cov,1,1,1,0,TRUE,NA,NA,NA,140.042,197.75,1.412,NA,NA,NA
80,9,advan4,nonmem_scm,focei,58,ok,TRUE,TRUE,TRUE,TRUE,-1638.7627551934688,176.60550458715596,psn_lst,NA,TRUE,TRUE,FALSE,NA,nonmem,psn_cov,1,1,0,1,FALSE,NA,NA,NA,101.457,187.98,1.853,NA,NA,NA
80,9,advan4,nonmem_scm,focei,59,ok,TRUE,TRUE,TRUE,TRUE,-1673.331053034417,30.140186915887853,psn_lst,NA,TRUE,TRUE,FALSE,NA,nonmem,psn_cov,1,1,0,1,FALSE,NA,NA,NA,130.738,272.6,2.085,NA,NA,NA
80,9,advan4,nonmem_scm,focei,60,ok,TRUE,TRUE,TRUE,TRUE,-1596.200539993859,50.12437810945274,psn_lst,NA,TRUE,TRUE,FALSE,NA,nonmem,psn_cov,2,1,0,2,FALSE,NA,NA,NA,241.414,376.24,1.558,NA,NA,NA
80,9,advan4,nonmem_scm,focei,61,ok,TRUE,FALSE,FALSE,FALSE,-1547.061265564551,NA,psn_lst,NA,TRUE,FALSE,FALSE,NA,nonmem,psn_cov,1,1,0,1,FALSE,NA,NA,NA,97.854,186.56,1.907,NA,NA,NA
80,9,advan4,nonmem_scm,focei,62,ok,TRUE,TRUE,TRUE,TRUE,-1631.4166696774885,111.05263157894736,psn_lst,NA,TRUE,TRUE,FALSE,NA,nonmem,psn_cov,2,1,1,1,FALSE,NA,NA,NA,135.53,272.47,2.01,NA,NA,NA
80,9,advan4,nonmem_scm,focei,63,not_converged,FALSE,FALSE,FALSE,FALSE,-1621.0716654859918,NA,psn_lst,NA,FALSE,FALSE,TRUE,NA,nonmem,psn_cov,1,1,1,0,TRUE,NA,NA,NA,197.827,292.35,1.478,NA,NA,NA
80,9,advan4,nonmem_scm,focei,64,not_converged,FALSE,FALSE,FALSE,FALSE,-1653.450315786924,NA,psn_lst,NA,FALSE,FALSE,TRUE,NA,nonmem,psn_cov,2,1,0,2,FALSE,NA,NA,NA,132.763,263.12,1.982,NA,NA,NA
80,9,advan4,nonmem_scm,focei,65,not_converged,FALSE,FALSE,FALSE,FALSE,-1650.9870188227603,NA,psn_lst,NA,FALSE,FALSE,TRUE,NA,nonmem,psn_cov,3,1,1,2,FALSE,NA,NA,NA,237.396,358.14,1.509,NA,NA,NA
80,9,advan4,nonmem_scm,focei,66,ok,TRUE,FALSE,FALSE,FALSE,-1611.129821959688,NA,psn_lst,NA,TRUE,FALSE,FALSE,NA,nonmem,psn_cov,1,1,1,0,TRUE,NA,NA,NA,144.556,202.25,1.399,NA,NA,NA
80,9,advan4,nonmem_scm,focei,67,ok,TRUE,FALSE,FALSE,FALSE,-1628.8466273831157,NA,psn_lst,NA,TRUE,FALSE,FALSE,NA,nonmem,psn_cov,1,1,1,0,TRUE,NA,NA,NA,96.243,179.18,1.862,NA,NA,NA
80,9,advan4,nonmem_scm,focei,68,ok,TRUE,FALSE,TRUE,TRUE,-1594.5643067432616,16155.378486055775,psn_lst,NA,TRUE,TRUE,FALSE,NA,nonmem,psn_cov,1,1,1,0,TRUE,NA,NA,NA,144.807,281.24,1.942,NA,NA,NA
80,9,advan4,nonmem_scm,focei,69,ok,TRUE,FALSE,FALSE,FALSE,-1571.1018655548207,NA,psn_lst,NA,TRUE,FALSE,FALSE,NA,nonmem,psn_cov,1,1,1,0,TRUE,NA,NA,NA,148.243,305.31,2.06,NA,NA,NA
80,9,advan4,nonmem_scm,focei,70,not_converged,FALSE,TRUE,TRUE,TRUE,-1574.9816019487685,763.215859030837,psn_lst,NA,FALSE,TRUE,TRUE,NA,nonmem,psn_cov,1,1,1,0,TRUE,NA,NA,NA,104.75,195.34,1.865,NA,NA,NA
80,9,advan4,nonmem_scm,focei,71,not_converged,FALSE,FALSE,TRUE,TRUE,-1614.6721113236297,36956.52173913043,psn_lst,NA,FALSE,TRUE,TRUE,NA,nonmem,psn_cov,1,1,1,0,TRUE,NA,NA,NA,136.864,289.27,2.114,NA,NA,NA
80,9,advan4,nonmem_scm,focei,72,ok,TRUE,FALSE,FALSE,FALSE,-1633.6743433269903,NA,psn_lst,NA,TRUE,FALSE,FALSE,NA,nonmem,psn_cov,1,1,0,1,FALSE,NA,NA,NA,108.786,195.37,1.796,NA,NA,NA
80,9,advan4,nonmem_scm,focei,73,ok,TRUE,TRUE,TRUE,TRUE,-1609.496324918514,243.56435643564356,psn_lst,NA,TRUE,TRUE,FALSE,NA,nonmem,psn_cov,1,1,1,0,TRUE,NA,NA,NA,140.802,199.79,1.419,NA,NA,NA
80,9,advan4,nonmem_scm,focei,74,ok,TRUE,FALSE,FALSE,FALSE,-1579.035944794029,NA,psn_lst,NA,TRUE,FALSE,FALSE,NA,nonmem,psn_cov,1,1,1,0,TRUE,NA,NA,NA,174.062,376.3,2.162,NA,NA,NA
80,9,advan4,nonmem_scm,focei,75,ok,TRUE,FALSE,FALSE,FALSE,-1563.8475200844157,NA,psn_lst,NA,TRUE,FALSE,FALSE,NA,nonmem,psn_cov,1,1,1,0,TRUE,NA,NA,NA,193.369,292.18,1.511,NA,NA,NA
80,9,advan4,nonmem_scm,focei,76,ok,TRUE,FALSE,TRUE,TRUE,-1617.4978396583572,76697.24770642201,psn_lst,NA,TRUE,TRUE,FALSE,NA,nonmem,psn_cov,1,1,1,0,TRUE,NA,NA,NA,251.948,385.44,1.53,NA,NA,NA
80,9,advan4,nonmem_scm,focei,77,ok,TRUE,TRUE,TRUE,TRUE,-1596.61131895547,15.83941605839416,psn_lst,NA,TRUE,TRUE,FALSE,NA,nonmem,psn_cov,1,1,1,0,TRUE,NA,NA,NA,103.19,196.53,1.905,NA,NA,NA
80,9,advan4,nonmem_scm,focei,78,ok,TRUE,FALSE,FALSE,FALSE,-1473.1391972891372,NA,psn_lst,NA,TRUE,FALSE,FALSE,NA,nonmem,psn_cov,1,1,1,0,TRUE,NA,NA,NA,191.882,300.48,1.566,NA,NA,NA
80,9,advan4,nonmem_scm,focei,79,ok,TRUE,FALSE,FALSE,FALSE,-1604.8602311548304,NA,psn_lst,NA,TRUE,FALSE,FALSE,NA,nonmem,psn_cov,1,1,1,0,TRUE,NA,NA,NA,134.458,274.01,2.038,NA,NA,NA
80,9,advan4,nonmem_scm,focei,80,ok,TRUE,FALSE,FALSE,FALSE,-1695.4367537310925,NA,psn_lst,NA,TRUE,FALSE,FALSE,NA,nonmem,psn_cov,1,1,1,0,TRUE,NA,NA,NA,99.276,192.75,1.942,NA,NA,NA
80,9,advan4,nonmem_scm,focei,81,not_converged,FALSE,FALSE,FALSE,FALSE,-1584.1958473791892,NA,psn_lst,NA,FALSE,FALSE,TRUE,NA,nonmem,psn_cov,1,1,1,0,TRUE,NA,NA,NA,96.938,182.64,1.884,NA,NA,NA
80,9,advan4,nonmem_scm,focei,82,not_converged,FALSE,TRUE,TRUE,TRUE,-1643.6738503284266,19.75206611570248,psn_lst,NA,FALSE,TRUE,TRUE,NA,nonmem,psn_cov,1,1,1,0,TRUE,NA,NA,NA,132.636,267.46,2.016,NA,NA,NA
80,9,advan4,nonmem_scm,focei,83,not_converged,FALSE,FALSE,FALSE,FALSE,-1569.0517036668334,NA,psn_lst,NA,FALSE,FALSE,TRUE,NA,nonmem,psn_cov,1,1,1,0,TRUE,NA,NA,NA,132.332,269.92,2.04,NA,NA,NA
80,9,advan4,nonmem_scm,focei,84,ok,TRUE,FALSE,FALSE,FALSE,-1572.4692385435235,NA,psn_lst,NA,TRUE,FALSE,FALSE,NA,nonmem,psn_cov,1,1,1,0,TRUE,NA,NA,NA,145.101,199.3,1.374,NA,NA,NA
80,9,advan4,nonmem_scm,focei,85,ok,TRUE,FALSE,FALSE,FALSE,-1615.7812088801827,NA,psn_lst,NA,TRUE,FALSE,FALSE,NA,nonmem,psn_cov,1,1,1,0,TRUE,NA,NA,NA,95.287,183.44,1.925,NA,NA,NA
80,9,advan4,nonmem_scm,focei,86,ok,TRUE,FALSE,FALSE,FALSE,-1545.8244721472634,NA,psn_lst,NA,TRUE,FALSE,FALSE,NA,nonmem,psn_cov,1,1,1,0,TRUE,NA,NA,NA,132.684,272.5,2.054,NA,NA,NA
80,9,advan4,nonmem_scm,focei,87,ok,TRUE,TRUE,TRUE,TRUE,-1626.4413752822395,416.4383561643835,psn_lst,NA,TRUE,TRUE,FALSE,NA,nonmem,psn_cov,1,1,1,0,TRUE,NA,NA,NA,146.791,209.3,1.426,NA,NA,NA
80,9,advan4,nonmem_scm,focei,88,not_converged,FALSE,FALSE,FALSE,FALSE,-1592.1171512393298,NA,psn_lst,NA,FALSE,FALSE,TRUE,NA,nonmem,psn_cov,1,1,1,0,TRUE,NA,NA,NA,145.825,203.46,1.395,NA,NA,NA
80,9,advan4,nonmem_scm,focei,89,not_converged,FALSE,FALSE,FALSE,FALSE,-1632.8097147998342,NA,psn_lst,NA,FALSE,FALSE,TRUE,NA,nonmem,psn_cov,1,1,1,0,TRUE,NA,NA,NA,99.165,185.68,1.872,NA,NA,NA
80,9,advan4,nonmem_scm,focei,90,not_converged,FALSE,FALSE,FALSE,FALSE,-1590.5017939706909,NA,psn_lst,NA,FALSE,FALSE,TRUE,NA,nonmem,psn_cov,1,1,1,0,TRUE,NA,NA,NA,141.834,200.97,1.417,NA,NA,NA
80,9,advan4,nonmem_scm,focei,91,ok,TRUE,FALSE,FALSE,FALSE,-1679.1296728200125,NA,psn_lst,NA,TRUE,FALSE,FALSE,NA,nonmem,psn_cov,2,1,0,2,FALSE,NA,NA,NA,208.095,449.24,2.159,NA,NA,NA
80,9,advan4,nonmem_scm,focei,92,ok,TRUE,FALSE,FALSE,FALSE,-1570.5089135240703,NA,psn_lst,NA,TRUE,FALSE,FALSE,NA,nonmem,psn_cov,0,1,0,0,FALSE,NA,NA,NA,99.936,184.79,1.849,NA,NA,NA
80,9,advan4,nonmem_scm,focei,93,not_converged,FALSE,FALSE,FALSE,FALSE,-1599.657023336901,NA,psn_lst,NA,FALSE,FALSE,TRUE,NA,nonmem,psn_cov,1,1,1,0,TRUE,NA,NA,NA,103.949,194.31,1.869,NA,NA,NA
80,9,advan4,nonmem_scm,focei,94,ok,TRUE,FALSE,TRUE,TRUE,-1572.6111543346378,26634.615384615387,psn_lst,NA,TRUE,TRUE,FALSE,NA,nonmem,psn_cov,1,1,1,0,TRUE,NA,NA,NA,97.78,191.82,1.962,NA,NA,NA
80,9,advan4,nonmem_scm,focei,95,ok,TRUE,FALSE,TRUE,TRUE,-1562.6813085392123,1645.8333333333333,psn_lst,NA,TRUE,TRUE,FALSE,NA,nonmem,psn_cov,1,1,1,0,TRUE,NA,NA,NA,104.182,190.62,1.83,NA,NA,NA
80,9,advan4,nonmem_scm,focei,96,ok,TRUE,FALSE,FALSE,FALSE,-1600.9714905233702,NA,psn_lst,NA,TRUE,FALSE,FALSE,NA,nonmem,psn_cov,1,1,0,1,FALSE,NA,NA,NA,100.02,198.11,1.981,NA,NA,NA
80,9,advan4,nonmem_scm,focei,97,ok,TRUE,FALSE,FALSE,FALSE,-1658.0212251981088,NA,psn_lst,NA,TRUE,FALSE,FALSE,NA,nonmem,psn_cov,1,1,1,0,TRUE,NA,NA,NA,148.942,300.96,2.021,NA,NA,NA
80,9,advan4,nonmem_scm,focei,98,not_converged,FALSE,FALSE,FALSE,FALSE,-1597.4958085165429,NA,psn_lst,NA,FALSE,FALSE,TRUE,NA,nonmem,psn_cov,1,1,1,0,TRUE,NA,NA,NA,140.167,194.25,1.386,NA,NA,NA
80,9,advan4,nonmem_scm,focei,99,not_converged,FALSE,FALSE,FALSE,FALSE,-1608.9206948797944,NA,psn_lst,NA,FALSE,FALSE,TRUE,NA,nonmem,psn_cov,1,1,1,0,TRUE,NA,NA,NA,141.226,280,1.983,NA,NA,NA
80,9,advan4,nonmem_scm,focei,100,ok,TRUE,FALSE,FALSE,FALSE,-1590.8901046332537,NA,psn_lst,NA,TRUE,FALSE,FALSE,NA,nonmem,psn_cov,1,1,1,0,TRUE,NA,NA,NA,100.867,189.35,1.877,NA,NA,NA
80,10,advan4,nonmem_scm,focei,1,ok,TRUE,FALSE,FALSE,FALSE,-1640.1961041726593,NA,psn_lst,NA,TRUE,FALSE,FALSE,NA,nonmem,psn_cov,2,2,2,0,TRUE,NA,NA,NA,130.944,270.79,2.068,NA,NA,NA
80,10,advan4,nonmem_scm,focei,2,ok,TRUE,FALSE,FALSE,FALSE,-1587.5028956689214,NA,psn_lst,NA,TRUE,FALSE,FALSE,NA,nonmem,psn_cov,2,2,1,1,FALSE,NA,NA,NA,134.672,267.99,1.99,NA,NA,NA
80,10,advan4,nonmem_scm,focei,3,ok,TRUE,TRUE,TRUE,TRUE,-1621.7887978865404,147.99999999999997,psn_lst,NA,TRUE,TRUE,FALSE,NA,nonmem,psn_cov,2,2,1,1,FALSE,NA,NA,NA,126.824,267.26,2.107,NA,NA,NA
80,10,advan4,nonmem_scm,focei,4,not_converged,FALSE,TRUE,TRUE,TRUE,-1614.2720140793072,95.76059850374064,psn_lst,NA,FALSE,TRUE,TRUE,NA,nonmem,psn_cov,3,2,1,2,FALSE,NA,NA,NA,163.719,344.29,2.103,NA,NA,NA
80,10,advan4,nonmem_scm,focei,5,ok,TRUE,TRUE,TRUE,TRUE,-1642.1666051881866,73.66167023554604,psn_lst,NA,TRUE,TRUE,FALSE,NA,nonmem,psn_cov,2,2,2,0,TRUE,NA,NA,NA,129.755,262.13,2.02,NA,NA,NA
80,10,advan4,nonmem_scm,focei,6,not_converged,FALSE,FALSE,FALSE,FALSE,-1570.5932123892912,NA,psn_lst,NA,FALSE,FALSE,TRUE,NA,nonmem,psn_cov,2,2,2,0,TRUE,NA,NA,NA,125.85,262.86,2.089,NA,NA,NA
80,10,advan4,nonmem_scm,focei,7,ok,TRUE,TRUE,TRUE,TRUE,-1589.3190765200525,9.0234375,psn_lst,NA,TRUE,TRUE,FALSE,NA,nonmem,psn_cov,2,2,1,1,FALSE,NA,NA,NA,134.096,269.21,2.008,NA,NA,NA
80,10,advan4,nonmem_scm,focei,8,not_converged,FALSE,FALSE,FALSE,FALSE,-1624.1760989511313,NA,psn_lst,NA,FALSE,FALSE,TRUE,NA,nonmem,psn_cov,2,2,2,0,TRUE,NA,NA,NA,132.174,264.02,1.998,NA,NA,NA
80,10,advan4,nonmem_scm,focei,9,ok,TRUE,FALSE,FALSE,FALSE,-1627.2312950187645,NA,psn_lst,NA,TRUE,FALSE,FALSE,NA,nonmem,psn_cov,2,2,2,0,TRUE,NA,NA,NA,158.562,353.97,2.232,NA,NA,NA
80,10,advan4,nonmem_scm,focei,10,ok,TRUE,FALSE,FALSE,FALSE,-1588.4220388022716,NA,psn_lst,NA,TRUE,FALSE,FALSE,NA,nonmem,psn_cov,2,2,2,0,TRUE,NA,NA,NA,181.038,275.76,1.523,NA,NA,NA
80,10,advan4,nonmem_scm,focei,11,ok,TRUE,FALSE,FALSE,FALSE,-1625.6016499610423,NA,psn_lst,NA,TRUE,FALSE,FALSE,NA,nonmem,psn_cov,2,2,2,0,TRUE,NA,NA,NA,185.945,277.56,1.493,NA,NA,NA
80,10,advan4,nonmem_scm,focei,12,ok,TRUE,FALSE,FALSE,FALSE,-1636.3879755975745,NA,psn_lst,NA,TRUE,FALSE,FALSE,NA,nonmem,psn_cov,2,2,2,0,TRUE,NA,NA,NA,126.35,265.8,2.104,NA,NA,NA
80,10,advan4,nonmem_scm,focei,13,ok,TRUE,FALSE,FALSE,FALSE,-1556.125123806585,NA,psn_lst,NA,TRUE,FALSE,FALSE,NA,nonmem,psn_cov,2,2,2,0,TRUE,NA,NA,NA,130.508,265.84,2.037,NA,NA,NA
80,10,advan4,nonmem_scm,focei,14,ok,TRUE,FALSE,FALSE,FALSE,-1637.9022217350253,NA,psn_lst,NA,TRUE,FALSE,FALSE,NA,nonmem,psn_cov,2,2,1,1,FALSE,NA,NA,NA,192.637,280.69,1.457,NA,NA,NA
80,10,advan4,nonmem_scm,focei,15,ok,TRUE,FALSE,FALSE,FALSE,-1590.8901866023873,NA,psn_lst,NA,TRUE,FALSE,FALSE,NA,nonmem,psn_cov,2,2,2,0,TRUE,NA,NA,NA,125.776,265.04,2.107,NA,NA,NA
80,10,advan4,nonmem_scm,focei,16,ok,TRUE,TRUE,TRUE,TRUE,-1659.9051696984425,49.8220640569395,psn_lst,NA,TRUE,TRUE,FALSE,NA,nonmem,psn_cov,2,2,2,0,TRUE,NA,NA,NA,197.44,445.68,2.257,NA,NA,NA
80,10,advan4,nonmem_scm,focei,17,ok,TRUE,TRUE,TRUE,TRUE,-1630.607172819456,944.5407279029464,psn_lst,NA,TRUE,TRUE,FALSE,NA,nonmem,psn_cov,2,2,2,0,TRUE,NA,NA,NA,129.085,263.42,2.041,NA,NA,NA
80,10,advan4,nonmem_scm,focei,18,ok,TRUE,TRUE,TRUE,TRUE,-1555.7562331952486,467.64705882352945,psn_lst,NA,TRUE,TRUE,FALSE,NA,nonmem,psn_cov,2,2,2,0,TRUE,NA,NA,NA,161.182,350.38,2.174,NA,NA,NA
80,10,advan4,nonmem_scm,focei,19,ok,TRUE,FALSE,FALSE,FALSE,-1635.3355076783305,NA,psn_lst,NA,TRUE,FALSE,FALSE,NA,nonmem,psn_cov,2,2,2,0,TRUE,NA,NA,NA,127.186,269.08,2.116,NA,NA,NA
80,10,advan4,nonmem_scm,focei,20,ok,TRUE,TRUE,TRUE,TRUE,-1573.8218660686384,44.08212560386473,psn_lst,NA,TRUE,TRUE,FALSE,NA,nonmem,psn_cov,2,2,2,0,TRUE,NA,NA,NA,239.985,365.26,1.522,NA,NA,NA
80,10,advan4,nonmem_scm,focei,21,ok,TRUE,FALSE,FALSE,FALSE,-1588.4644329058244,NA,psn_lst,NA,TRUE,FALSE,FALSE,NA,nonmem,psn_cov,2,2,2,0,TRUE,NA,NA,NA,182.076,276.43,1.518,NA,NA,NA
80,10,advan4,nonmem_scm,focei,22,not_converged,FALSE,FALSE,FALSE,FALSE,-1576.0149661843536,NA,psn_lst,NA,FALSE,FALSE,TRUE,NA,nonmem,psn_cov,3,2,2,1,FALSE,NA,NA,NA,234.354,351.91,1.502,NA,NA,NA
80,10,advan4,nonmem_scm,focei,23,ok,TRUE,FALSE,FALSE,FALSE,-1600.612343877012,NA,psn_lst,NA,TRUE,FALSE,FALSE,NA,nonmem,psn_cov,2,2,2,0,TRUE,NA,NA,NA,126.405,268.6,2.125,NA,NA,NA
80,10,advan4,nonmem_scm,focei,24,ok,TRUE,FALSE,TRUE,TRUE,-1610.041941022658,1659.4360086767897,psn_lst,NA,TRUE,TRUE,FALSE,NA,nonmem,psn_cov,2,2,2,0,TRUE,NA,NA,NA,128.075,273.41,2.135,NA,NA,NA
80,10,advan4,nonmem_scm,focei,25,ok,TRUE,FALSE,TRUE,TRUE,-1681.977674135889,223820.22471910116,psn_lst,NA,TRUE,TRUE,FALSE,NA,nonmem,psn_cov,2,2,2,0,TRUE,NA,NA,NA,162.299,354.87,2.187,NA,NA,NA
80,10,advan4,nonmem_scm,focei,26,ok,TRUE,FALSE,FALSE,FALSE,-1582.4952294293844,NA,psn_lst,NA,TRUE,FALSE,FALSE,NA,nonmem,psn_cov,2,2,2,0,TRUE,NA,NA,NA,185.03,275.4,1.488,NA,NA,NA
80,10,advan4,nonmem_scm,focei,27,ok,TRUE,FALSE,FALSE,FALSE,-1564.3267761422128,NA,psn_lst,NA,TRUE,FALSE,FALSE,NA,nonmem,psn_cov,2,2,2,0,TRUE,NA,NA,NA,133.001,273.91,2.059,NA,NA,NA
80,10,advan4,nonmem_scm,focei,28,ok,TRUE,FALSE,FALSE,FALSE,-1649.802408712903,NA,psn_lst,NA,TRUE,FALSE,FALSE,NA,nonmem,psn_cov,2,2,2,0,TRUE,NA,NA,NA,182.508,277.14,1.519,NA,NA,NA
80,10,advan4,nonmem_scm,focei,29,ok,TRUE,TRUE,TRUE,TRUE,-1645.1252940324698,134.6633416458853,psn_lst,NA,TRUE,TRUE,FALSE,NA,nonmem,psn_cov,2,2,2,0,TRUE,NA,NA,NA,127.099,264.51,2.081,NA,NA,NA
80,10,advan4,nonmem_scm,focei,30,ok,TRUE,FALSE,FALSE,FALSE,-1582.9646098819237,NA,psn_lst,NA,TRUE,FALSE,FALSE,NA,nonmem,psn_cov,1,2,1,0,FALSE,NA,NA,NA,136.46,273.17,2.002,NA,NA,NA
80,10,advan4,nonmem_scm,focei,31,ok,TRUE,TRUE,TRUE,TRUE,-1609.9038820615228,91.95804195804196,psn_lst,NA,TRUE,TRUE,FALSE,NA,nonmem,psn_cov,2,2,2,0,TRUE,NA,NA,NA,201.169,439.26,2.184,NA,NA,NA
80,10,advan4,nonmem_scm,focei,32,ok,TRUE,FALSE,FALSE,FALSE,-1619.5486986237013,NA,psn_lst,NA,TRUE,FALSE,FALSE,NA,nonmem,psn_cov,2,2,2,0,TRUE,NA,NA,NA,131.53,267.32,2.032,NA,NA,NA
80,10,advan4,nonmem_scm,focei,33,ok,TRUE,FALSE,FALSE,FALSE,-1678.676007821126,NA,psn_lst,NA,TRUE,FALSE,FALSE,NA,nonmem,psn_cov,2,2,2,0,TRUE,NA,NA,NA,165.955,356.79,2.15,NA,NA,NA
80,10,advan4,nonmem_scm,focei,34,ok,TRUE,FALSE,FALSE,FALSE,-1572.7127315016378,NA,psn_lst,NA,TRUE,FALSE,FALSE,NA,nonmem,psn_cov,2,2,2,0,TRUE,NA,NA,NA,165.723,357.78,2.159,NA,NA,NA
80,10,advan4,nonmem_scm,focei,35,ok,TRUE,FALSE,FALSE,FALSE,-1644.556239547032,NA,psn_lst,NA,TRUE,FALSE,FALSE,NA,nonmem,psn_cov,2,2,1,1,FALSE,NA,NA,NA,131.62,271.63,2.064,NA,NA,NA
80,10,advan4,nonmem_scm,focei,36,not_converged,FALSE,FALSE,FALSE,FALSE,-1591.206218725313,NA,psn_lst,NA,FALSE,FALSE,TRUE,NA,nonmem,psn_cov,2,2,2,0,TRUE,NA,NA,NA,129.234,267.8,2.072,NA,NA,NA
80,10,advan4,nonmem_scm,focei,37,ok,TRUE,TRUE,TRUE,TRUE,-1627.5942184064688,902.587519025875,psn_lst,NA,TRUE,TRUE,FALSE,NA,nonmem,psn_cov,2,2,2,0,TRUE,NA,NA,NA,128.131,265.18,2.07,NA,NA,NA
80,10,advan4,nonmem_scm,focei,38,ok,TRUE,FALSE,FALSE,FALSE,-1580.742248099199,NA,psn_lst,NA,TRUE,FALSE,FALSE,NA,nonmem,psn_cov,2,2,2,0,TRUE,NA,NA,NA,157.09,352.07,2.241,NA,NA,NA
80,10,advan4,nonmem_scm,focei,39,ok,TRUE,FALSE,TRUE,TRUE,-1618.984314011503,52923.976608187135,psn_lst,NA,TRUE,TRUE,FALSE,NA,nonmem,psn_cov,2,2,1,1,FALSE,NA,NA,NA,130.871,270.87,2.07,NA,NA,NA
80,10,advan4,nonmem_scm,focei,40,ok,TRUE,FALSE,FALSE,FALSE,-1654.0436205073631,NA,psn_lst,NA,TRUE,FALSE,FALSE,NA,nonmem,psn_cov,2,2,2,0,TRUE,NA,NA,NA,166.513,352.12,2.115,NA,NA,NA
80,10,advan4,nonmem_scm,focei,41,ok,TRUE,TRUE,TRUE,TRUE,-1598.57625625295,109.62099125364432,psn_lst,NA,TRUE,TRUE,FALSE,NA,nonmem,psn_cov,2,2,1,1,FALSE,NA,NA,NA,132.094,268.81,2.035,NA,NA,NA
80,10,advan4,nonmem_scm,focei,42,ok,TRUE,FALSE,FALSE,FALSE,-1647.7045300381144,NA,psn_lst,NA,TRUE,FALSE,FALSE,NA,nonmem,psn_cov,2,2,2,0,TRUE,NA,NA,NA,125.296,261.5,2.087,NA,NA,NA
80,10,advan4,nonmem_scm,focei,43,ok,TRUE,FALSE,TRUE,TRUE,-1538.0069901102113,17585.421412300682,psn_lst,NA,TRUE,TRUE,FALSE,NA,nonmem,psn_cov,2,2,1,1,FALSE,NA,NA,NA,131.711,271.43,2.061,NA,NA,NA
80,10,advan4,nonmem_scm,focei,44,not_converged,FALSE,FALSE,FALSE,FALSE,-1615.955702285023,NA,psn_lst,NA,FALSE,FALSE,TRUE,NA,nonmem,psn_cov,2,2,2,0,TRUE,NA,NA,NA,202.625,444.78,2.195,NA,NA,NA
80,10,advan4,nonmem_scm,focei,45,ok,TRUE,FALSE,FALSE,FALSE,-1714.972757410629,NA,psn_lst,NA,TRUE,FALSE,FALSE,NA,nonmem,psn_cov,3,2,1,2,FALSE,NA,NA,NA,167.591,349.13,2.083,NA,NA,NA
80,10,advan4,nonmem_scm,focei,46,ok,TRUE,FALSE,FALSE,FALSE,-1589.4745829273816,NA,psn_lst,NA,TRUE,FALSE,FALSE,NA,nonmem,psn_cov,2,2,2,0,TRUE,NA,NA,NA,242.584,369.69,1.524,NA,NA,NA
80,10,advan4,nonmem_scm,focei,47,ok,TRUE,FALSE,FALSE,FALSE,-1593.9723703998118,NA,psn_lst,NA,TRUE,FALSE,FALSE,NA,nonmem,psn_cov,2,2,2,0,TRUE,NA,NA,NA,182.1,273.92,1.504,NA,NA,NA
80,10,advan4,nonmem_scm,focei,48,ok,TRUE,TRUE,TRUE,TRUE,-1614.1306607749195,9.878048780487806,psn_lst,NA,TRUE,TRUE,FALSE,NA,nonmem,psn_cov,2,2,2,0,TRUE,NA,NA,NA,121.954,254.57,2.087,NA,NA,NA
80,10,advan4,nonmem_scm,focei,49,ok,TRUE,FALSE,FALSE,FALSE,-1617.1813515573574,NA,psn_lst,NA,TRUE,FALSE,FALSE,NA,nonmem,psn_cov,2,2,2,0,TRUE,NA,NA,NA,123.518,251.87,2.039,NA,NA,NA
80,10,advan4,nonmem_scm,focei,50,ok,TRUE,FALSE,FALSE,FALSE,-1611.8081510739398,NA,psn_lst,NA,TRUE,FALSE,FALSE,NA,nonmem,psn_cov,2,2,2,0,TRUE,NA,NA,NA,238.705,368.87,1.545,NA,NA,NA
80,10,advan4,nonmem_scm,focei,51,ok,TRUE,TRUE,TRUE,TRUE,-1608.383007908599,123.4338747099768,psn_lst,NA,TRUE,TRUE,FALSE,NA,nonmem,psn_cov,2,2,2,0,TRUE,NA,NA,NA,132.304,265.65,2.008,NA,NA,NA
80,10,advan4,nonmem_scm,focei,52,ok,TRUE,FALSE,FALSE,FALSE,-1576.644252543472,NA,psn_lst,NA,TRUE,FALSE,FALSE,NA,nonmem,psn_cov,2,2,1,1,FALSE,NA,NA,NA,298.715,467.11,1.564,NA,NA,NA
80,10,advan4,nonmem_scm,focei,53,ok,TRUE,FALSE,FALSE,FALSE,-1574.9547306803747,NA,psn_lst,NA,TRUE,FALSE,FALSE,NA,nonmem,psn_cov,2,2,2,0,TRUE,NA,NA,NA,194.352,443.28,2.281,NA,NA,NA
80,10,advan4,nonmem_scm,focei,54,ok,TRUE,FALSE,FALSE,FALSE,-1604.4819219712488,NA,psn_lst,NA,TRUE,FALSE,FALSE,NA,nonmem,psn_cov,2,2,1,1,FALSE,NA,NA,NA,135.135,268.12,1.984,NA,NA,NA
80,10,advan4,nonmem_scm,focei,55,ok,TRUE,FALSE,FALSE,FALSE,-1554.3181392533663,NA,psn_lst,NA,TRUE,FALSE,FALSE,NA,nonmem,psn_cov,2,2,2,0,TRUE,NA,NA,NA,162.35,358.69,2.209,NA,NA,NA
80,10,advan4,nonmem_scm,focei,56,not_converged,FALSE,FALSE,FALSE,FALSE,-1553.118314414681,NA,psn_lst,NA,FALSE,FALSE,TRUE,NA,nonmem,psn_cov,4,2,2,2,FALSE,NA,NA,NA,181.74,395.71,2.177,NA,NA,NA
80,10,advan4,nonmem_scm,focei,57,not_converged,FALSE,FALSE,FALSE,FALSE,-1607.4338119268475,NA,psn_lst,NA,FALSE,FALSE,TRUE,NA,nonmem,psn_cov,2,2,2,0,TRUE,NA,NA,NA,129.844,268.05,2.064,NA,NA,NA
80,10,advan4,nonmem_scm,focei,58,ok,TRUE,FALSE,FALSE,FALSE,-1615.7744247125902,NA,psn_lst,NA,TRUE,FALSE,FALSE,NA,nonmem,psn_cov,2,2,1,1,FALSE,NA,NA,NA,127.112,264.05,2.077,NA,NA,NA
80,10,advan4,nonmem_scm,focei,59,ok,TRUE,FALSE,FALSE,FALSE,-1679.827024640784,NA,psn_lst,NA,TRUE,FALSE,FALSE,NA,nonmem,psn_cov,2,2,2,0,TRUE,NA,NA,NA,178.658,271.45,1.519,NA,NA,NA
80,10,advan4,nonmem_scm,focei,60,not_converged,FALSE,FALSE,FALSE,FALSE,-1599.8114362252052,NA,psn_lst,NA,FALSE,FALSE,TRUE,NA,nonmem,psn_cov,2,2,2,0,TRUE,NA,NA,NA,131.573,270.94,2.059,NA,NA,NA
80,10,advan4,nonmem_scm,focei,61,not_converged,FALSE,FALSE,FALSE,FALSE,-1625.1324418187216,NA,psn_lst,NA,FALSE,FALSE,TRUE,NA,nonmem,psn_cov,2,2,2,0,TRUE,NA,NA,NA,128.336,261.83,2.04,NA,NA,NA
80,10,advan4,nonmem_scm,focei,62,ok,TRUE,TRUE,TRUE,TRUE,-1600.7160411491843,46.96531791907515,psn_lst,NA,TRUE,TRUE,FALSE,NA,nonmem,psn_cov,2,2,1,1,FALSE,NA,NA,NA,130.394,278.66,2.137,NA,NA,NA
80,10,advan4,nonmem_scm,focei,63,ok,TRUE,TRUE,TRUE,TRUE,-1630.2644506248855,16.88118811881188,psn_lst,NA,TRUE,TRUE,FALSE,NA,nonmem,psn_cov,2,2,2,0,TRUE,NA,NA,NA,188.266,282.95,1.503,NA,NA,NA
80,10,advan4,nonmem_scm,focei,64,ok,TRUE,FALSE,FALSE,FALSE,-1591.7503721081978,NA,psn_lst,NA,TRUE,FALSE,FALSE,NA,nonmem,psn_cov,2,2,2,0,TRUE,NA,NA,NA,196.12,281.34,1.435,NA,NA,NA
80,10,advan4,nonmem_scm,focei,65,not_converged,FALSE,FALSE,FALSE,FALSE,-1580.3318646863577,NA,psn_lst,NA,FALSE,FALSE,TRUE,NA,nonmem,psn_cov,2,2,2,0,TRUE,NA,NA,NA,184.218,279.61,1.518,NA,NA,NA
80,10,advan4,nonmem_scm,focei,66,ok,TRUE,TRUE,TRUE,TRUE,-1625.1414780227203,142.64705882352942,psn_lst,NA,TRUE,TRUE,FALSE,NA,nonmem,psn_cov,2,2,2,0,TRUE,NA,NA,NA,126.045,254.44,2.019,NA,NA,NA
80,10,advan4,nonmem_scm,focei,67,not_converged,FALSE,FALSE,FALSE,FALSE,-1643.1835103739884,NA,psn_lst,NA,FALSE,FALSE,TRUE,NA,nonmem,psn_cov,2,2,2,0,TRUE,NA,NA,NA,127.39,262.69,2.062,NA,NA,NA
80,10,advan4,nonmem_scm,focei,68,ok,TRUE,FALSE,FALSE,FALSE,-1596.4828589821996,NA,psn_lst,NA,TRUE,FALSE,FALSE,NA,nonmem,psn_cov,2,2,2,0,TRUE,NA,NA,NA,124.252,264.26,2.127,NA,NA,NA
80,10,advan4,nonmem_scm,focei,69,not_converged,FALSE,FALSE,FALSE,FALSE,-1686.1390856950345,NA,psn_lst,NA,FALSE,FALSE,TRUE,NA,nonmem,psn_cov,2,2,2,0,TRUE,NA,NA,NA,125.208,268.19,2.142,NA,NA,NA
80,10,advan4,nonmem_scm,focei,70,ok,TRUE,FALSE,FALSE,FALSE,-1579.5377060752812,NA,psn_lst,NA,TRUE,FALSE,FALSE,NA,nonmem,psn_cov,4,2,2,2,FALSE,NA,NA,NA,219.061,499.6,2.281,NA,NA,NA
80,10,advan4,nonmem_scm,focei,71,not_converged,FALSE,FALSE,FALSE,FALSE,-1649.8862895695502,NA,psn_lst,NA,FALSE,FALSE,TRUE,NA,nonmem,psn_cov,2,2,2,0,TRUE,NA,NA,NA,129.771,264.68,2.04,NA,NA,NA
80,10,advan4,nonmem_scm,focei,72,not_converged,FALSE,TRUE,TRUE,TRUE,-1618.928939224061,29.059829059829056,psn_lst,NA,FALSE,TRUE,TRUE,NA,nonmem,psn_cov,2,2,2,0,TRUE,NA,NA,NA,129.677,268.12,2.068,NA,NA,NA
80,10,advan4,nonmem_scm,focei,73,not_converged,FALSE,FALSE,TRUE,TRUE,-1606.3336896006,13587.257617728534,psn_lst,NA,FALSE,TRUE,TRUE,NA,nonmem,psn_cov,2,2,2,0,TRUE,NA,NA,NA,122.403,260.62,2.129,NA,NA,NA
80,10,advan4,nonmem_scm,focei,74,ok,TRUE,TRUE,TRUE,TRUE,-1618.6879210009906,71.51898734177216,psn_lst,NA,TRUE,TRUE,FALSE,NA,nonmem,psn_cov,2,2,2,0,TRUE,NA,NA,NA,122.636,260.29,2.122,NA,NA,NA
80,10,advan4,nonmem_scm,focei,75,ok,TRUE,FALSE,TRUE,TRUE,-1612.3822075011317,1166.0899653979238,psn_lst,NA,TRUE,TRUE,FALSE,NA,nonmem,psn_cov,3,2,2,1,FALSE,NA,NA,NA,155.853,332.19,2.131,NA,NA,NA
80,10,advan4,nonmem_scm,focei,76,ok,TRUE,TRUE,TRUE,TRUE,-1623.471540049913,49.46666666666667,psn_lst,NA,TRUE,TRUE,FALSE,NA,nonmem,psn_cov,2,2,2,0,TRUE,NA,NA,NA,126.763,263.25,2.077,NA,NA,NA
80,10,advan4,nonmem_scm,focei,77,ok,TRUE,FALSE,FALSE,FALSE,-1627.5934034979932,NA,psn_lst,NA,TRUE,FALSE,FALSE,NA,nonmem,psn_cov,2,2,2,0,TRUE,NA,NA,NA,132.355,269.39,2.035,NA,NA,NA
80,10,advan4,nonmem_scm,focei,78,ok,TRUE,FALSE,FALSE,FALSE,-1642.1195427889816,NA,psn_lst,NA,TRUE,FALSE,FALSE,NA,nonmem,psn_cov,2,2,2,0,TRUE,NA,NA,NA,128.904,271.39,2.105,NA,NA,NA
80,10,advan4,nonmem_scm,focei,79,ok,TRUE,FALSE,FALSE,FALSE,-1575.4210463509232,NA,psn_lst,NA,TRUE,FALSE,FALSE,NA,nonmem,psn_cov,2,2,2,0,TRUE,NA,NA,NA,131.274,266.57,2.031,NA,NA,NA
80,10,advan4,nonmem_scm,focei,80,ok,TRUE,FALSE,TRUE,TRUE,-1638.3427558320438,12081.575246132208,psn_lst,NA,TRUE,TRUE,FALSE,NA,nonmem,psn_cov,2,2,2,0,TRUE,NA,NA,NA,180.921,281.44,1.556,NA,NA,NA
80,10,advan4,nonmem_scm,focei,81,not_converged,FALSE,FALSE,FALSE,FALSE,-1591.654589403606,NA,psn_lst,NA,FALSE,FALSE,TRUE,NA,nonmem,psn_cov,3,2,2,1,FALSE,NA,NA,NA,154.928,339,2.188,NA,NA,NA
80,10,advan4,nonmem_scm,focei,82,ok,TRUE,TRUE,TRUE,TRUE,-1538.6697122150665,493.6170212765958,psn_lst,NA,TRUE,TRUE,FALSE,NA,nonmem,psn_cov,2,2,2,0,TRUE,NA,NA,NA,127.505,263.32,2.065,NA,NA,NA
80,10,advan4,nonmem_scm,focei,83,not_converged,FALSE,FALSE,FALSE,FALSE,-1511.5102059451951,NA,psn_lst,NA,FALSE,FALSE,TRUE,NA,nonmem,psn_cov,2,2,2,0,TRUE,NA,NA,NA,125.942,271.97,2.159,NA,NA,NA
80,10,advan4,nonmem_scm,focei,84,not_converged,FALSE,FALSE,FALSE,FALSE,-1626.3859710411634,NA,psn_lst,NA,FALSE,FALSE,TRUE,NA,nonmem,psn_cov,2,2,2,0,TRUE,NA,NA,NA,163.841,346.9,2.117,NA,NA,NA
80,10,advan4,nonmem_scm,focei,85,ok,TRUE,FALSE,FALSE,FALSE,-1633.7351986486208,NA,psn_lst,NA,TRUE,FALSE,FALSE,NA,nonmem,psn_cov,2,2,1,1,FALSE,NA,NA,NA,171.713,371.52,2.164,NA,NA,NA
80,10,advan4,nonmem_scm,focei,86,not_converged,FALSE,FALSE,FALSE,FALSE,-1634.192893956614,NA,psn_lst,NA,FALSE,FALSE,TRUE,NA,nonmem,psn_cov,2,2,2,0,TRUE,NA,NA,NA,126.167,273.05,2.164,NA,NA,NA
80,10,advan4,nonmem_scm,focei,87,ok,TRUE,FALSE,FALSE,FALSE,-1615.5860573728537,NA,psn_lst,NA,TRUE,FALSE,FALSE,NA,nonmem,psn_cov,2,2,2,0,TRUE,NA,NA,NA,125.966,261.78,2.078,NA,NA,NA
80,10,advan4,nonmem_scm,focei,88,not_converged,FALSE,FALSE,FALSE,FALSE,-1561.5618722313409,NA,psn_lst,NA,FALSE,FALSE,TRUE,NA,nonmem,psn_cov,2,2,2,0,TRUE,NA,NA,NA,124.115,262.29,2.113,NA,NA,NA
80,10,advan4,nonmem_scm,focei,89,ok,TRUE,FALSE,FALSE,FALSE,-1580.525817716104,NA,psn_lst,NA,TRUE,FALSE,FALSE,NA,nonmem,psn_cov,2,2,2,0,TRUE,NA,NA,NA,179.735,276.37,1.538,NA,NA,NA
80,10,advan4,nonmem_scm,focei,90,ok,TRUE,FALSE,FALSE,FALSE,-1614.5029632233473,NA,psn_lst,NA,TRUE,FALSE,FALSE,NA,nonmem,psn_cov,2,2,2,0,TRUE,NA,NA,NA,157.506,344.9,2.19,NA,NA,NA
80,10,advan4,nonmem_scm,focei,91,ok,TRUE,FALSE,FALSE,FALSE,-1666.3682603785005,NA,psn_lst,NA,TRUE,FALSE,FALSE,NA,nonmem,psn_cov,2,2,2,0,TRUE,NA,NA,NA,128.633,262.63,2.042,NA,NA,NA
80,10,advan4,nonmem_scm,focei,92,ok,TRUE,TRUE,TRUE,TRUE,-1638.3994020899618,35.04566210045662,psn_lst,NA,TRUE,TRUE,FALSE,NA,nonmem,psn_cov,3,2,2,1,FALSE,NA,NA,NA,185.043,427.42,2.31,NA,NA,NA
80,10,advan4,nonmem_scm,focei,93,ok,TRUE,TRUE,TRUE,TRUE,-1598.5847245142804,296.02272727272725,psn_lst,NA,TRUE,TRUE,FALSE,NA,nonmem,psn_cov,2,2,2,0,TRUE,NA,NA,NA,130.535,266.69,2.043,NA,NA,NA
80,10,advan4,nonmem_scm,focei,94,ok,TRUE,FALSE,FALSE,FALSE,-1525.532512172368,NA,psn_lst,NA,TRUE,FALSE,FALSE,NA,nonmem,psn_cov,3,2,2,1,FALSE,NA,NA,NA,280.31,447.67,1.597,NA,NA,NA
80,10,advan4,nonmem_scm,focei,95,ok,TRUE,FALSE,FALSE,FALSE,-1612.7515073949032,NA,psn_lst,NA,TRUE,FALSE,FALSE,NA,nonmem,psn_cov,2,2,1,1,FALSE,NA,NA,NA,160.322,347.82,2.17,NA,NA,NA
80,10,advan4,nonmem_scm,focei,96,ok,TRUE,FALSE,FALSE,FALSE,-1613.434333594195,NA,psn_lst,NA,TRUE,FALSE,FALSE,NA,nonmem,psn_cov,2,2,2,0,TRUE,NA,NA,NA,124.751,259.42,2.08,NA,NA,NA
80,10,advan4,nonmem_scm,focei,97,ok,TRUE,FALSE,FALSE,FALSE,-1590.499043732161,NA,psn_lst,NA,TRUE,FALSE,FALSE,NA,nonmem,psn_cov,2,2,2,0,TRUE,NA,NA,NA,184.456,281.74,1.527,NA,NA,NA
80,10,advan4,nonmem_scm,focei,98,not_converged,FALSE,FALSE,TRUE,TRUE,-1635.9019818444754,9139.004149377592,psn_lst,NA,FALSE,TRUE,TRUE,NA,nonmem,psn_cov,2,2,2,0,TRUE,NA,NA,NA,124.329,261.33,2.102,NA,NA,NA
80,10,advan4,nonmem_scm,focei,99,ok,TRUE,TRUE,TRUE,TRUE,-1638.408825213696,274.71264367816093,psn_lst,NA,TRUE,TRUE,FALSE,NA,nonmem,psn_cov,2,2,2,0,TRUE,NA,NA,NA,127.632,263.64,2.066,NA,NA,NA
80,10,advan4,nonmem_scm,focei,100,not_converged,FALSE,FALSE,FALSE,FALSE,-1609.409938065649,NA,psn_lst,NA,FALSE,FALSE,TRUE,NA,nonmem,psn_cov,2,2,2,0,TRUE,NA,NA,NA,188.035,283.92,1.51,NA,NA,NA
80,11,advan4,nonmem_scm,focei,1,ok,TRUE,FALSE,TRUE,TRUE,-1585.5950616563198,5392,psn_lst,NA,TRUE,TRUE,FALSE,NA,nonmem,psn_cov,2,2,2,0,TRUE,NA,NA,NA,243.035,368.65,1.517,NA,NA,NA
80,11,advan4,nonmem_scm,focei,2,ok,TRUE,FALSE,FALSE,FALSE,-1638.060716102685,NA,psn_lst,NA,TRUE,FALSE,FALSE,NA,nonmem,psn_cov,2,2,2,0,TRUE,NA,NA,NA,237.049,372.4,1.571,NA,NA,NA
80,11,advan4,nonmem_scm,focei,3,ok,TRUE,FALSE,FALSE,FALSE,-1605.504499773324,NA,psn_lst,NA,TRUE,FALSE,FALSE,NA,nonmem,psn_cov,2,2,1,1,FALSE,NA,NA,NA,129.963,264.67,2.037,NA,NA,NA
80,11,advan4,nonmem_scm,focei,4,ok,TRUE,TRUE,TRUE,TRUE,-1682.971003448073,26.81818181818182,psn_lst,NA,TRUE,TRUE,FALSE,NA,nonmem,psn_cov,2,2,2,0,TRUE,NA,NA,NA,162.774,344.17,2.114,NA,NA,NA
80,11,advan4,nonmem_scm,focei,5,ok,TRUE,FALSE,FALSE,FALSE,-1631.973396405646,NA,psn_lst,NA,TRUE,FALSE,FALSE,NA,nonmem,psn_cov,2,2,2,0,TRUE,NA,NA,NA,132.854,263.8,1.986,NA,NA,NA
80,11,advan4,nonmem_scm,focei,6,not_converged,FALSE,FALSE,FALSE,FALSE,-1671.691504965322,NA,psn_lst,NA,FALSE,FALSE,TRUE,NA,nonmem,psn_cov,2,2,2,0,TRUE,NA,NA,NA,134.983,269.67,1.998,NA,NA,NA
80,11,advan4,nonmem_scm,focei,7,ok,TRUE,FALSE,FALSE,FALSE,-1615.468037098765,NA,psn_lst,NA,TRUE,FALSE,FALSE,NA,nonmem,psn_cov,2,2,2,0,TRUE,NA,NA,NA,132.497,269.69,2.035,NA,NA,NA
80,11,advan4,nonmem_scm,focei,8,ok,TRUE,TRUE,TRUE,TRUE,-1622.746826449002,283.4319526627219,psn_lst,NA,TRUE,TRUE,FALSE,NA,nonmem,psn_cov,2,2,2,0,TRUE,NA,NA,NA,124.044,254.27,2.05,NA,NA,NA
80,11,advan4,nonmem_scm,focei,9,ok,TRUE,TRUE,TRUE,TRUE,-1657.2753312433415,34.61538461538462,psn_lst,NA,TRUE,TRUE,FALSE,NA,nonmem,psn_cov,2,2,2,0,TRUE,NA,NA,NA,178.044,271.87,1.527,NA,NA,NA
80,11,advan4,nonmem_scm,focei,10,not_converged,FALSE,FALSE,FALSE,FALSE,-1590.632797859322,NA,psn_lst,NA,FALSE,FALSE,TRUE,NA,nonmem,psn_cov,2,2,2,0,TRUE,NA,NA,NA,125.638,264.73,2.107,NA,NA,NA
80,11,advan4,nonmem_scm,focei,11,ok,TRUE,FALSE,FALSE,FALSE,-1591.7439387283723,NA,psn_lst,NA,TRUE,FALSE,FALSE,NA,nonmem,psn_cov,3,2,2,1,FALSE,NA,NA,NA,164.308,340.96,2.075,NA,NA,NA
80,11,advan4,nonmem_scm,focei,12,ok,TRUE,FALSE,TRUE,TRUE,-1682.484312880944,1039.0309555854642,psn_lst,NA,TRUE,TRUE,FALSE,NA,nonmem,psn_cov,2,2,2,0,TRUE,NA,NA,NA,130.246,271.71,2.086,NA,NA,NA
80,11,advan4,nonmem_scm,focei,13,ok,TRUE,FALSE,FALSE,FALSE,-1611.1556185090292,NA,psn_lst,NA,TRUE,FALSE,FALSE,NA,nonmem,psn_cov,2,2,2,0,TRUE,NA,NA,NA,127.825,272.71,2.133,NA,NA,NA
80,11,advan4,nonmem_scm,focei,14,not_converged,FALSE,TRUE,TRUE,TRUE,-1596.3540789820245,363.4920634920635,psn_lst,NA,FALSE,TRUE,TRUE,NA,nonmem,psn_cov,2,2,2,0,TRUE,NA,NA,NA,130.945,263.9,2.015,NA,NA,NA
80,11,advan4,nonmem_scm,focei,15,ok,TRUE,FALSE,FALSE,FALSE,-1528.0880623676449,NA,psn_lst,NA,TRUE,FALSE,FALSE,NA,nonmem,psn_cov,2,2,2,0,TRUE,NA,NA,NA,161.375,349.83,2.168,NA,NA,NA
80,11,advan4,nonmem_scm,focei,16,ok,TRUE,FALSE,FALSE,FALSE,-1667.1518956726252,NA,psn_lst,NA,TRUE,FALSE,FALSE,NA,nonmem,psn_cov,2,2,2,0,TRUE,NA,NA,NA,291.528,457.44,1.569,NA,NA,NA
80,11,advan4,nonmem_scm,focei,17,ok,TRUE,TRUE,TRUE,TRUE,-1666.8599831963777,25.03597122302158,psn_lst,NA,TRUE,TRUE,FALSE,NA,nonmem,psn_cov,2,2,2,0,TRUE,NA,NA,NA,131.515,261.74,1.99,NA,NA,NA
80,11,advan4,nonmem_scm,focei,18,ok,TRUE,FALSE,FALSE,FALSE,-1574.1131899241475,NA,psn_lst,NA,TRUE,FALSE,FALSE,NA,nonmem,psn_cov,2,2,2,0,TRUE,NA,NA,NA,131.136,274.17,2.091,NA,NA,NA
80,11,advan4,nonmem_scm,focei,19,ok,TRUE,FALSE,FALSE,FALSE,-1585.9771400467282,NA,psn_lst,NA,TRUE,FALSE,FALSE,NA,nonmem,psn_cov,2,2,2,0,TRUE,NA,NA,NA,126.768,261.07,2.059,NA,NA,NA
80,11,advan4,nonmem_scm,focei,20,ok,TRUE,FALSE,FALSE,FALSE,-1576.6020208601742,NA,psn_lst,NA,TRUE,FALSE,FALSE,NA,nonmem,psn_cov,2,2,2,0,TRUE,NA,NA,NA,125.745,261.73,2.081,NA,NA,NA
80,11,advan4,nonmem_scm,focei,21,ok,TRUE,FALSE,FALSE,FALSE,-1626.0905243192617,NA,psn_lst,NA,TRUE,FALSE,FALSE,NA,nonmem,psn_cov,2,2,1,1,FALSE,NA,NA,NA,139.437,277.26,1.988,NA,NA,NA
80,11,advan4,nonmem_scm,focei,22,not_converged,FALSE,TRUE,TRUE,TRUE,-1660.577195135233,352.9411764705883,psn_lst,NA,FALSE,TRUE,TRUE,NA,nonmem,psn_cov,2,2,2,0,TRUE,NA,NA,NA,201.436,440.26,2.186,NA,NA,NA
80,11,advan4,nonmem_scm,focei,23,not_converged,FALSE,FALSE,FALSE,FALSE,-1547.4080510068818,NA,psn_lst,NA,FALSE,FALSE,TRUE,NA,nonmem,psn_cov,2,2,2,0,TRUE,NA,NA,NA,137.099,264.3,1.928,NA,NA,NA
80,11,advan4,nonmem_scm,focei,24,ok,TRUE,TRUE,TRUE,TRUE,-1625.171514056827,95.985401459854,psn_lst,NA,TRUE,TRUE,FALSE,NA,nonmem,psn_cov,2,2,2,0,TRUE,NA,NA,NA,158.462,356.12,2.247,NA,NA,NA
80,11,advan4,nonmem_scm,focei,25,ok,TRUE,FALSE,FALSE,FALSE,-1668.616793247434,NA,psn_lst,NA,TRUE,FALSE,FALSE,NA,nonmem,psn_cov,2,2,2,0,TRUE,NA,NA,NA,128.077,261.46,2.041,NA,NA,NA
80,11,advan4,nonmem_scm,focei,26,not_converged,FALSE,FALSE,FALSE,FALSE,-1567.6866682292657,NA,psn_lst,NA,FALSE,FALSE,TRUE,NA,nonmem,psn_cov,2,2,2,0,TRUE,NA,NA,NA,176.82,277.56,1.57,NA,NA,NA
80,11,advan4,nonmem_scm,focei,27,ok,TRUE,TRUE,TRUE,TRUE,-1597.8502967144188,33.7037037037037,psn_lst,NA,TRUE,TRUE,FALSE,NA,nonmem,psn_cov,2,2,2,0,TRUE,NA,NA,NA,160.405,347.04,2.164,NA,NA,NA
80,11,advan4,nonmem_scm,focei,28,not_converged,FALSE,TRUE,TRUE,TRUE,-1594.7560385061993,41.6551724137931,psn_lst,NA,FALSE,TRUE,TRUE,NA,nonmem,psn_cov,2,2,2,0,TRUE,NA,NA,NA,124.439,264.12,2.122,NA,NA,NA
80,11,advan4,nonmem_scm,focei,29,ok,TRUE,FALSE,TRUE,TRUE,-1589.1802669891883,1464.646464646465,psn_lst,NA,TRUE,TRUE,FALSE,NA,nonmem,psn_cov,2,2,2,0,TRUE,NA,NA,NA,186.566,277.66,1.488,NA,NA,NA
80,11,advan4,nonmem_scm,focei,30,not_converged,FALSE,FALSE,FALSE,FALSE,-1554.3351748073037,NA,psn_lst,NA,FALSE,FALSE,TRUE,NA,nonmem,psn_cov,2,2,2,0,TRUE,NA,NA,NA,128.424,264.28,2.058,NA,NA,NA
80,11,advan4,nonmem_scm,focei,31,ok,TRUE,FALSE,FALSE,FALSE,-1558.3307474638896,NA,psn_lst,NA,TRUE,FALSE,FALSE,NA,nonmem,psn_cov,2,2,2,0,TRUE,NA,NA,NA,131.011,266.71,2.036,NA,NA,NA
80,11,advan4,nonmem_scm,focei,32,ok,TRUE,TRUE,TRUE,TRUE,-1634.847585622474,363.7837837837838,psn_lst,NA,TRUE,TRUE,FALSE,NA,nonmem,psn_cov,2,2,2,0,TRUE,NA,NA,NA,131.66,267.11,2.029,NA,NA,NA
80,11,advan4,nonmem_scm,focei,33,not_converged,FALSE,FALSE,FALSE,FALSE,-1554.6862164162308,NA,psn_lst,NA,FALSE,FALSE,TRUE,NA,nonmem,psn_cov,2,2,2,0,TRUE,NA,NA,NA,292.03,463.97,1.589,NA,NA,NA
80,11,advan4,nonmem_scm,focei,34,ok,TRUE,FALSE,FALSE,FALSE,-1588.663703086146,NA,psn_lst,NA,TRUE,FALSE,FALSE,NA,nonmem,psn_cov,2,2,2,0,TRUE,NA,NA,NA,191.665,422.25,2.203,NA,NA,NA
80,11,advan4,nonmem_scm,focei,35,ok,TRUE,TRUE,TRUE,TRUE,-1594.5769483553124,23.24324324324324,psn_lst,NA,TRUE,TRUE,FALSE,NA,nonmem,psn_cov,2,2,1,1,FALSE,NA,NA,NA,126.422,263.95,2.088,NA,NA,NA
80,11,advan4,nonmem_scm,focei,36,ok,TRUE,FALSE,FALSE,FALSE,-1575.1920400730892,NA,psn_lst,NA,TRUE,FALSE,FALSE,NA,nonmem,psn_cov,2,2,2,0,TRUE,NA,NA,NA,127.204,263.73,2.073,NA,NA,NA
80,11,advan4,nonmem_scm,focei,37,ok,TRUE,FALSE,FALSE,FALSE,-1625.795153089664,NA,psn_lst,NA,TRUE,FALSE,FALSE,NA,nonmem,psn_cov,2,2,2,0,TRUE,NA,NA,NA,133.597,269.37,2.016,NA,NA,NA
80,11,advan4,nonmem_scm,focei,38,not_converged,FALSE,FALSE,FALSE,FALSE,-1623.6462011673202,NA,psn_lst,NA,FALSE,FALSE,TRUE,NA,nonmem,psn_cov,2,2,2,0,TRUE,NA,NA,NA,123.425,267.74,2.169,NA,NA,NA
80,11,advan4,nonmem_scm,focei,39,ok,TRUE,TRUE,TRUE,TRUE,-1576.317053364719,67.11864406779661,psn_lst,NA,TRUE,TRUE,FALSE,NA,nonmem,psn_cov,2,2,2,0,TRUE,NA,NA,NA,125.849,263.46,2.093,NA,NA,NA
80,11,advan4,nonmem_scm,focei,40,ok,TRUE,FALSE,FALSE,FALSE,-1573.436388721654,NA,psn_lst,NA,TRUE,FALSE,FALSE,NA,nonmem,psn_cov,2,2,2,0,TRUE,NA,NA,NA,180.987,276.05,1.525,NA,NA,NA
80,11,advan4,nonmem_scm,focei,41,ok,TRUE,FALSE,FALSE,FALSE,-1546.7113740366551,NA,psn_lst,NA,TRUE,FALSE,FALSE,NA,nonmem,psn_cov,2,2,2,0,TRUE,NA,NA,NA,156.371,345.07,2.207,NA,NA,NA
80,11,advan4,nonmem_scm,focei,42,ok,TRUE,FALSE,FALSE,FALSE,-1656.978541941411,NA,psn_lst,NA,TRUE,FALSE,FALSE,NA,nonmem,psn_cov,2,2,2,0,TRUE,NA,NA,NA,135.216,269.86,1.996,NA,NA,NA
80,11,advan4,nonmem_scm,focei,43,ok,TRUE,FALSE,TRUE,TRUE,-1512.0022242350492,2460.2076124567475,psn_lst,NA,TRUE,TRUE,FALSE,NA,nonmem,psn_cov,2,2,1,1,FALSE,NA,NA,NA,184.671,282.33,1.529,NA,NA,NA
80,11,advan4,nonmem_scm,focei,44,ok,TRUE,FALSE,FALSE,FALSE,-1639.340297228471,NA,psn_lst,NA,TRUE,FALSE,FALSE,NA,nonmem,psn_cov,2,2,1,1,FALSE,NA,NA,NA,169.387,365.74,2.159,NA,NA,NA
80,11,advan4,nonmem_scm,focei,45,ok,TRUE,FALSE,FALSE,FALSE,-1583.1145644086316,NA,psn_lst,NA,TRUE,FALSE,FALSE,NA,nonmem,psn_cov,2,2,1,1,FALSE,NA,NA,NA,168.239,365.19,2.171,NA,NA,NA
80,11,advan4,nonmem_scm,focei,46,ok,TRUE,FALSE,FALSE,FALSE,-1588.36311828347,NA,psn_lst,NA,TRUE,FALSE,FALSE,NA,nonmem,psn_cov,2,2,1,1,FALSE,NA,NA,NA,185.298,286.36,1.545,NA,NA,NA
80,11,advan4,nonmem_scm,focei,47,ok,TRUE,FALSE,FALSE,FALSE,-1633.4310201229555,NA,psn_lst,NA,TRUE,FALSE,FALSE,NA,nonmem,psn_cov,3,2,2,1,FALSE,NA,NA,NA,157.985,340.23,2.154,NA,NA,NA
80,11,advan4,nonmem_scm,focei,48,ok,TRUE,FALSE,FALSE,FALSE,-1606.1069264179353,NA,psn_lst,NA,TRUE,FALSE,FALSE,NA,nonmem,psn_cov,2,2,1,1,FALSE,NA,NA,NA,201.015,291.71,1.451,NA,NA,NA
80,11,advan4,nonmem_scm,focei,49,ok,TRUE,FALSE,FALSE,FALSE,-1598.2212962295323,NA,psn_lst,NA,TRUE,FALSE,FALSE,NA,nonmem,psn_cov,2,2,1,1,FALSE,NA,NA,NA,164.183,361.81,2.204,NA,NA,NA
80,11,advan4,nonmem_scm,focei,50,ok,TRUE,FALSE,FALSE,FALSE,-1547.486131993332,NA,psn_lst,NA,TRUE,FALSE,FALSE,NA,nonmem,psn_cov,2,2,2,0,TRUE,NA,NA,NA,131.238,268.12,2.043,NA,NA,NA
80,11,advan4,nonmem_scm,focei,51,ok,TRUE,FALSE,FALSE,FALSE,-1611.7984907415416,NA,psn_lst,NA,TRUE,FALSE,FALSE,NA,nonmem,psn_cov,2,2,2,0,TRUE,NA,NA,NA,124.867,268.9,2.153,NA,NA,NA
80,11,advan4,nonmem_scm,focei,52,ok,TRUE,TRUE,TRUE,TRUE,-1636.1343553011675,549.0909090909091,psn_lst,NA,TRUE,TRUE,FALSE,NA,nonmem,psn_cov,2,2,0,2,FALSE,NA,NA,NA,134.885,267.7,1.985,NA,NA,NA
80,11,advan4,nonmem_scm,focei,53,ok,TRUE,FALSE,FALSE,FALSE,-1638.729844585697,NA,psn_lst,NA,TRUE,FALSE,FALSE,NA,nonmem,psn_cov,2,2,2,0,TRUE,NA,NA,NA,122.756,271.17,2.209,NA,NA,NA
80,11,advan4,nonmem_scm,focei,54,not_converged,FALSE,FALSE,FALSE,FALSE,-1586.5207789335982,NA,psn_lst,NA,FALSE,FALSE,TRUE,NA,nonmem,psn_cov,2,2,2,0,TRUE,NA,NA,NA,126.874,262.69,2.07,NA,NA,NA
80,11,advan4,nonmem_scm,focei,55,not_converged,FALSE,FALSE,FALSE,FALSE,-1624.2592753928525,NA,psn_lst,NA,FALSE,FALSE,TRUE,NA,nonmem,psn_cov,2,2,2,0,TRUE,NA,NA,NA,134.618,262.08,1.947,NA,NA,NA
80,11,advan4,nonmem_scm,focei,56,ok,TRUE,FALSE,FALSE,FALSE,-1604.0315183500302,NA,psn_lst,NA,TRUE,FALSE,FALSE,NA,nonmem,psn_cov,2,2,2,0,TRUE,NA,NA,NA,124.328,263,2.115,NA,NA,NA
80,11,advan4,nonmem_scm,focei,57,not_converged,FALSE,TRUE,TRUE,TRUE,-1632.515786133279,172.8434504792332,psn_lst,NA,FALSE,TRUE,TRUE,NA,nonmem,psn_cov,2,2,2,0,TRUE,NA,NA,NA,123.798,270.54,2.185,NA,NA,NA
80,11,advan4,nonmem_scm,focei,58,ok,TRUE,FALSE,FALSE,FALSE,-1647.0106248876943,NA,psn_lst,NA,TRUE,FALSE,FALSE,NA,nonmem,psn_cov,2,2,1,1,FALSE,NA,NA,NA,129.054,271.2,2.101,NA,NA,NA
80,11,advan4,nonmem_scm,focei,59,ok,TRUE,FALSE,TRUE,TRUE,-1598.6343771534234,239036.14457831325,psn_lst,NA,TRUE,TRUE,FALSE,NA,nonmem,psn_cov,3,2,1,2,FALSE,NA,NA,NA,153.416,343.11,2.236,NA,NA,NA
80,11,advan4,nonmem_scm,focei,60,ok,TRUE,TRUE,TRUE,TRUE,-1643.2195790981748,18.285714285714285,psn_lst,NA,TRUE,TRUE,FALSE,NA,nonmem,psn_cov,2,2,1,1,FALSE,NA,NA,NA,133.789,265.51,1.985,NA,NA,NA
80,11,advan4,nonmem_scm,focei,61,ok,TRUE,TRUE,TRUE,TRUE,-1491.3514485117464,208.74125874125872,psn_lst,NA,TRUE,TRUE,FALSE,NA,nonmem,psn_cov,2,2,2,0,TRUE,NA,NA,NA,183.621,279.66,1.523,NA,NA,NA
80,11,advan4,nonmem_scm,focei,62,ok,TRUE,FALSE,TRUE,TRUE,-1635.734991694953,1023.8095238095236,psn_lst,NA,TRUE,TRUE,FALSE,NA,nonmem,psn_cov,2,2,2,0,TRUE,NA,NA,NA,125.19,262.47,2.097,NA,NA,NA
80,11,advan4,nonmem_scm,focei,63,ok,TRUE,TRUE,TRUE,TRUE,-1641.9254142838663,62.76803118908383,psn_lst,NA,TRUE,TRUE,FALSE,NA,nonmem,psn_cov,2,2,2,0,TRUE,NA,NA,NA,124.969,265.86,2.127,NA,NA,NA
80,11,advan4,nonmem_scm,focei,64,ok,TRUE,FALSE,FALSE,FALSE,-1664.801425012757,NA,psn_lst,NA,TRUE,FALSE,FALSE,NA,nonmem,psn_cov,3,2,2,1,FALSE,NA,NA,NA,245.45,358.14,1.459,NA,NA,NA
80,11,advan4,nonmem_scm,focei,65,ok,TRUE,FALSE,FALSE,FALSE,-1658.0604109919898,NA,psn_lst,NA,TRUE,FALSE,FALSE,NA,nonmem,psn_cov,2,2,2,0,TRUE,NA,NA,NA,125.517,269.49,2.147,NA,NA,NA
80,11,advan4,nonmem_scm,focei,66,ok,TRUE,TRUE,TRUE,TRUE,-1642.3593551051754,333.6842105263158,psn_lst,NA,TRUE,TRUE,FALSE,NA,nonmem,psn_cov,2,2,2,0,TRUE,NA,NA,NA,205.953,444.48,2.158,NA,NA,NA
80,11,advan4,nonmem_scm,focei,67,ok,TRUE,FALSE,FALSE,FALSE,-1586.8234505965413,NA,psn_lst,NA,TRUE,FALSE,FALSE,NA,nonmem,psn_cov,2,2,2,0,TRUE,NA,NA,NA,179.473,278.78,1.553,NA,NA,NA
80,11,advan4,nonmem_scm,focei,68,ok,TRUE,TRUE,TRUE,TRUE,-1611.3693757534536,80.37037037037037,psn_lst,NA,TRUE,TRUE,FALSE,NA,nonmem,psn_cov,2,2,2,0,TRUE,NA,NA,NA,131.823,269.19,2.042,NA,NA,NA
80,11,advan4,nonmem_scm,focei,69,ok,TRUE,FALSE,FALSE,FALSE,-1626.1242335990985,NA,psn_lst,NA,TRUE,FALSE,FALSE,NA,nonmem,psn_cov,2,2,2,0,TRUE,NA,NA,NA,162.757,356.66,2.191,NA,NA,NA
80,11,advan4,nonmem_scm,focei,70,ok,TRUE,FALSE,FALSE,FALSE,-1626.2360487732108,NA,psn_lst,NA,TRUE,FALSE,FALSE,NA,nonmem,psn_cov,2,2,2,0,TRUE,NA,NA,NA,137.813,262.32,1.903,NA,NA,NA
80,11,advan4,nonmem_scm,focei,71,ok,TRUE,FALSE,FALSE,FALSE,-1611.8263749826874,NA,psn_lst,NA,TRUE,FALSE,FALSE,NA,nonmem,psn_cov,2,2,2,0,TRUE,NA,NA,NA,128.47,266.24,2.072,NA,NA,NA
80,11,advan4,nonmem_scm,focei,72,not_converged,FALSE,FALSE,FALSE,FALSE,-1661.5445553374627,NA,psn_lst,NA,FALSE,FALSE,TRUE,NA,nonmem,psn_cov,3,2,2,1,FALSE,NA,NA,NA,150.465,323.06,2.147,NA,NA,NA
80,11,advan4,nonmem_scm,focei,73,not_converged,FALSE,FALSE,FALSE,FALSE,-1558.7890250518778,NA,psn_lst,NA,FALSE,FALSE,TRUE,NA,nonmem,psn_cov,2,2,2,0,TRUE,NA,NA,NA,122.812,262.62,2.138,NA,NA,NA
80,11,advan4,nonmem_scm,focei,74,not_converged,FALSE,TRUE,TRUE,TRUE,-1632.219757286247,69.90654205607477,psn_lst,NA,FALSE,TRUE,TRUE,NA,nonmem,psn_cov,2,2,1,1,FALSE,NA,NA,NA,202.465,445.47,2.2,NA,NA,NA
80,11,advan4,nonmem_scm,focei,75,ok,TRUE,FALSE,FALSE,FALSE,-1620.205587768485,NA,psn_lst,NA,TRUE,FALSE,FALSE,NA,nonmem,psn_cov,3,2,2,1,FALSE,NA,NA,NA,191.71,426.95,2.227,NA,NA,NA
80,11,advan4,nonmem_scm,focei,76,ok,TRUE,FALSE,FALSE,FALSE,-1595.836218551422,NA,psn_lst,NA,TRUE,FALSE,FALSE,NA,nonmem,psn_cov,3,2,2,1,FALSE,NA,NA,NA,237.654,350.16,1.473,NA,NA,NA
80,11,advan4,nonmem_scm,focei,77,ok,TRUE,FALSE,FALSE,FALSE,-1708.9295818537196,NA,psn_lst,NA,TRUE,FALSE,FALSE,NA,nonmem,psn_cov,2,2,1,1,FALSE,NA,NA,NA,128.082,271.9,2.123,NA,NA,NA
80,11,advan4,nonmem_scm,focei,78,ok,TRUE,FALSE,FALSE,FALSE,-1549.994049064511,NA,psn_lst,NA,TRUE,FALSE,FALSE,NA,nonmem,psn_cov,2,2,2,0,TRUE,NA,NA,NA,161.485,351.4,2.176,NA,NA,NA
80,11,advan4,nonmem_scm,focei,79,ok,TRUE,TRUE,TRUE,TRUE,-1618.7247205850294,202.23048327137548,psn_lst,NA,TRUE,TRUE,FALSE,NA,nonmem,psn_cov,2,2,2,0,TRUE,NA,NA,NA,200.617,435.3,2.17,NA,NA,NA
80,11,advan4,nonmem_scm,focei,80,ok,TRUE,TRUE,TRUE,TRUE,-1625.2521063581603,279.9065420560748,psn_lst,NA,TRUE,TRUE,FALSE,NA,nonmem,psn_cov,3,2,1,2,FALSE,NA,NA,NA,229.05,353.03,1.541,NA,NA,NA
80,11,advan4,nonmem_scm,focei,81,ok,TRUE,FALSE,FALSE,FALSE,-1604.636114251574,NA,psn_lst,NA,TRUE,FALSE,FALSE,NA,nonmem,psn_cov,2,2,2,0,TRUE,NA,NA,NA,125.357,263.98,2.106,NA,NA,NA
80,11,advan4,nonmem_scm,focei,82,ok,TRUE,TRUE,TRUE,TRUE,-1570.279824552825,471.29629629629625,psn_lst,NA,TRUE,TRUE,FALSE,NA,nonmem,psn_cov,2,2,1,1,FALSE,NA,NA,NA,188.088,278.95,1.483,NA,NA,NA
80,11,advan4,nonmem_scm,focei,83,ok,TRUE,FALSE,TRUE,TRUE,-1593.3674909566723,1871.1484593837536,psn_lst,NA,TRUE,TRUE,FALSE,NA,nonmem,psn_cov,2,2,2,0,TRUE,NA,NA,NA,159.163,347.8,2.185,NA,NA,NA
80,11,advan4,nonmem_scm,focei,84,ok,TRUE,FALSE,FALSE,FALSE,-1616.380505744782,NA,psn_lst,NA,TRUE,FALSE,FALSE,NA,nonmem,psn_cov,2,2,2,0,TRUE,NA,NA,NA,167.864,353.61,2.107,NA,NA,NA
80,11,advan4,nonmem_scm,focei,85,ok,TRUE,FALSE,FALSE,FALSE,-1620.2155152033683,NA,psn_lst,NA,TRUE,FALSE,FALSE,NA,nonmem,psn_cov,2,2,2,0,TRUE,NA,NA,NA,183.232,276.82,1.511,NA,NA,NA
80,11,advan4,nonmem_scm,focei,86,ok,TRUE,TRUE,TRUE,TRUE,-1547.8699511899588,29.35185185185185,psn_lst,NA,TRUE,TRUE,FALSE,NA,nonmem,psn_cov,2,2,1,1,FALSE,NA,NA,NA,166.87,363.6,2.179,NA,NA,NA
80,11,advan4,nonmem_scm,focei,87,ok,TRUE,TRUE,TRUE,TRUE,-1633.6541213621113,69.47115384615385,psn_lst,NA,TRUE,TRUE,FALSE,NA,nonmem,psn_cov,2,2,2,0,TRUE,NA,NA,NA,131.573,265.55,2.018,NA,NA,NA
80,11,advan4,nonmem_scm,focei,88,ok,TRUE,TRUE,TRUE,TRUE,-1580.6072114038084,65.2557319223986,psn_lst,NA,TRUE,TRUE,FALSE,NA,nonmem,psn_cov,2,2,2,0,TRUE,NA,NA,NA,141.737,265.08,1.87,NA,NA,NA
80,11,advan4,nonmem_scm,focei,89,ok,TRUE,TRUE,TRUE,TRUE,-1605.4092460408478,43.13501144164759,psn_lst,NA,TRUE,TRUE,FALSE,NA,nonmem,psn_cov,2,2,2,0,TRUE,NA,NA,NA,127.394,260.89,2.048,NA,NA,NA
80,11,advan4,nonmem_scm,focei,90,ok,TRUE,FALSE,FALSE,FALSE,-1636.5658390020512,NA,psn_lst,NA,TRUE,FALSE,FALSE,NA,nonmem,psn_cov,2,2,1,1,FALSE,NA,NA,NA,295.125,463.08,1.569,NA,NA,NA
80,11,advan4,nonmem_scm,focei,91,ok,TRUE,FALSE,FALSE,FALSE,-1613.1504042801228,NA,psn_lst,NA,TRUE,FALSE,FALSE,NA,nonmem,psn_cov,2,2,2,0,TRUE,NA,NA,NA,121.224,263.56,2.174,NA,NA,NA
80,11,advan4,nonmem_scm,focei,92,not_converged,FALSE,FALSE,FALSE,FALSE,-1610.7891709034411,NA,psn_lst,NA,FALSE,FALSE,TRUE,NA,nonmem,psn_cov,2,2,2,0,TRUE,NA,NA,NA,162.73,356.7,2.192,NA,NA,NA
80,11,advan4,nonmem_scm,focei,93,ok,TRUE,FALSE,FALSE,FALSE,-1556.4063510478832,NA,psn_lst,NA,TRUE,FALSE,FALSE,NA,nonmem,psn_cov,2,2,2,0,TRUE,NA,NA,NA,135.696,268.65,1.98,NA,NA,NA
80,11,advan4,nonmem_scm,focei,94,ok,TRUE,TRUE,TRUE,TRUE,-1594.380899466597,134.26966292134833,psn_lst,NA,TRUE,TRUE,FALSE,NA,nonmem,psn_cov,2,2,2,0,TRUE,NA,NA,NA,184.23,274.68,1.491,NA,NA,NA
80,11,advan4,nonmem_scm,focei,95,ok,TRUE,FALSE,FALSE,FALSE,-1639.5218234090607,NA,psn_lst,NA,TRUE,FALSE,FALSE,NA,nonmem,psn_cov,2,2,2,0,TRUE,NA,NA,NA,130.792,269.86,2.063,NA,NA,NA
80,11,advan4,nonmem_scm,focei,96,ok,TRUE,FALSE,FALSE,FALSE,-1566.4730104652465,NA,psn_lst,NA,TRUE,FALSE,FALSE,NA,nonmem,psn_cov,2,2,1,1,FALSE,NA,NA,NA,130.8,272.01,2.08,NA,NA,NA
80,11,advan4,nonmem_scm,focei,97,not_converged,FALSE,FALSE,FALSE,FALSE,-1642.2039941615938,NA,psn_lst,NA,FALSE,FALSE,TRUE,NA,nonmem,psn_cov,3,2,2,1,FALSE,NA,NA,NA,155.144,339.87,2.191,NA,NA,NA
80,11,advan4,nonmem_scm,focei,98,ok,TRUE,FALSE,FALSE,FALSE,-1678.0901658701666,NA,psn_lst,NA,TRUE,FALSE,FALSE,NA,nonmem,psn_cov,2,2,2,0,TRUE,NA,NA,NA,169.322,347.3,2.051,NA,NA,NA
80,11,advan4,nonmem_scm,focei,99,ok,TRUE,TRUE,TRUE,TRUE,-1628.5282872179066,32.6605504587156,psn_lst,NA,TRUE,TRUE,FALSE,NA,nonmem,psn_cov,2,2,2,0,TRUE,NA,NA,NA,134.755,261.94,1.944,NA,NA,NA
80,11,advan4,nonmem_scm,focei,100,not_converged,FALSE,TRUE,TRUE,TRUE,-1554.398431523049,336.01895734597156,psn_lst,NA,FALSE,TRUE,TRUE,NA,nonmem,psn_cov,2,2,2,0,TRUE,NA,NA,NA,130.186,266.39,2.046,NA,NA,NA
80,12,advan4,nonmem_scm,focei,1,ok,TRUE,FALSE,FALSE,FALSE,-1616.6486568280318,NA,psn_lst,NA,TRUE,FALSE,FALSE,NA,nonmem,psn_cov,3,3,2,1,FALSE,NA,NA,NA,153.326,344.25,2.245,NA,NA,NA
80,12,advan4,nonmem_scm,focei,2,ok,TRUE,FALSE,FALSE,FALSE,-1561.5680308069043,NA,psn_lst,NA,TRUE,FALSE,FALSE,NA,nonmem,psn_cov,3,3,3,0,TRUE,NA,NA,NA,199.766,433.91,2.172,NA,NA,NA
80,12,advan4,nonmem_scm,focei,3,ok,TRUE,FALSE,FALSE,FALSE,-1545.975483802966,NA,psn_lst,NA,TRUE,FALSE,FALSE,NA,nonmem,psn_cov,3,3,3,0,TRUE,NA,NA,NA,194.96,425.17,2.181,NA,NA,NA
80,12,advan4,nonmem_scm,focei,4,ok,TRUE,TRUE,TRUE,TRUE,-1664.6693552236886,64.39393939393939,psn_lst,NA,TRUE,TRUE,FALSE,NA,nonmem,psn_cov,4,3,3,1,FALSE,NA,NA,NA,280.433,429.53,1.532,NA,NA,NA
80,12,advan4,nonmem_scm,focei,5,ok,TRUE,FALSE,FALSE,FALSE,-1542.7145209204298,NA,psn_lst,NA,TRUE,FALSE,FALSE,NA,nonmem,psn_cov,3,3,2,1,FALSE,NA,NA,NA,196.5,430.35,2.19,NA,NA,NA
80,12,advan4,nonmem_scm,focei,6,ok,TRUE,FALSE,TRUE,TRUE,-1622.097804439539,10098.039215686274,psn_lst,NA,TRUE,TRUE,FALSE,NA,nonmem,psn_cov,3,3,3,0,TRUE,NA,NA,NA,289.57,449.92,1.554,NA,NA,NA
80,12,advan4,nonmem_scm,focei,7,ok,TRUE,FALSE,FALSE,FALSE,-1625.2824682489534,NA,psn_lst,NA,TRUE,FALSE,FALSE,NA,nonmem,psn_cov,3,3,2,1,FALSE,NA,NA,NA,163.787,343.01,2.094,NA,NA,NA
80,12,advan4,nonmem_scm,focei,8,ok,TRUE,FALSE,FALSE,FALSE,-1661.8394651945723,NA,psn_lst,NA,TRUE,FALSE,FALSE,NA,nonmem,psn_cov,2,3,2,0,FALSE,NA,NA,NA,157.732,346.65,2.198,NA,NA,NA
80,12,advan4,nonmem_scm,focei,9,ok,TRUE,FALSE,FALSE,FALSE,-1632.5764707279134,NA,psn_lst,NA,TRUE,FALSE,FALSE,NA,nonmem,psn_cov,4,3,3,1,FALSE,NA,NA,NA,179.118,405.33,2.263,NA,NA,NA
80,12,advan4,nonmem_scm,focei,10,ok,TRUE,FALSE,FALSE,FALSE,-1592.860451527014,NA,psn_lst,NA,TRUE,FALSE,FALSE,NA,nonmem,psn_cov,3,3,3,0,TRUE,NA,NA,NA,193.402,461.67,2.387,NA,NA,NA
80,12,advan4,nonmem_scm,focei,11,ok,TRUE,FALSE,FALSE,FALSE,-1619.7733859601717,NA,psn_lst,NA,TRUE,FALSE,FALSE,NA,nonmem,psn_cov,3,3,3,0,TRUE,NA,NA,NA,149.6,333.96,2.232,NA,NA,NA
80,12,advan4,nonmem_scm,focei,12,ok,TRUE,FALSE,FALSE,FALSE,-1657.3762266617875,NA,psn_lst,NA,TRUE,FALSE,FALSE,NA,nonmem,psn_cov,3,3,2,1,FALSE,NA,NA,NA,194.28,433.22,2.23,NA,NA,NA
80,12,advan4,nonmem_scm,focei,13,ok,TRUE,TRUE,TRUE,TRUE,-1568.2477059060352,59.27835051546391,psn_lst,NA,TRUE,TRUE,FALSE,NA,nonmem,psn_cov,3,3,3,0,TRUE,NA,NA,NA,185.834,435.47,2.343,NA,NA,NA
80,12,advan4,nonmem_scm,focei,14,not_converged,FALSE,TRUE,TRUE,TRUE,-1620.434490201481,869.6581196581197,psn_lst,NA,FALSE,TRUE,TRUE,NA,nonmem,psn_cov,3,3,3,0,TRUE,NA,NA,NA,232.301,356.8,1.536,NA,NA,NA
80,12,advan4,nonmem_scm,focei,15,ok,TRUE,FALSE,FALSE,FALSE,-1537.713789130246,NA,psn_lst,NA,TRUE,FALSE,FALSE,NA,nonmem,psn_cov,3,3,2,1,FALSE,NA,NA,NA,170.95,350.1,2.048,NA,NA,NA
80,12,advan4,nonmem_scm,focei,16,ok,TRUE,FALSE,FALSE,FALSE,-1637.38787181861,NA,psn_lst,NA,TRUE,FALSE,FALSE,NA,nonmem,psn_cov,3,3,3,0,TRUE,NA,NA,NA,152.37,330.45,2.169,NA,NA,NA
80,12,advan4,nonmem_scm,focei,17,ok,TRUE,TRUE,TRUE,TRUE,-1502.6716722315034,689.1089108910892,psn_lst,NA,TRUE,TRUE,FALSE,NA,nonmem,psn_cov,3,3,3,0,TRUE,NA,NA,NA,186.719,417.24,2.235,NA,NA,NA
80,12,advan4,nonmem_scm,focei,18,ok,TRUE,FALSE,FALSE,FALSE,-1595.6688904670643,NA,psn_lst,NA,TRUE,FALSE,FALSE,NA,nonmem,psn_cov,3,3,3,0,TRUE,NA,NA,NA,170.36,344.57,2.023,NA,NA,NA
80,12,advan4,nonmem_scm,focei,19,ok,TRUE,FALSE,FALSE,FALSE,-1614.8218188737264,NA,psn_lst,NA,TRUE,FALSE,FALSE,NA,nonmem,psn_cov,3,3,3,0,TRUE,NA,NA,NA,232.123,353.77,1.524,NA,NA,NA
80,12,advan4,nonmem_scm,focei,20,ok,TRUE,FALSE,FALSE,FALSE,-1596.5783383115106,NA,psn_lst,NA,TRUE,FALSE,FALSE,NA,nonmem,psn_cov,3,3,3,0,TRUE,NA,NA,NA,244.603,358.69,1.466,NA,NA,NA
80,12,advan4,nonmem_scm,focei,21,ok,TRUE,FALSE,FALSE,FALSE,-1587.6198225586968,NA,psn_lst,NA,TRUE,FALSE,FALSE,NA,nonmem,psn_cov,3,3,3,0,TRUE,NA,NA,NA,235.841,356.63,1.512,NA,NA,NA
80,12,advan4,nonmem_scm,focei,22,ok,TRUE,FALSE,FALSE,FALSE,-1570.4081019129028,NA,psn_lst,NA,TRUE,FALSE,FALSE,NA,nonmem,psn_cov,3,3,2,1,FALSE,NA,NA,NA,169.057,352.41,2.085,NA,NA,NA
80,12,advan4,nonmem_scm,focei,23,ok,TRUE,TRUE,TRUE,TRUE,-1582.2189491280094,417.2413793103448,psn_lst,NA,TRUE,TRUE,FALSE,NA,nonmem,psn_cov,3,3,2,1,FALSE,NA,NA,NA,154.792,343.85,2.221,NA,NA,NA
80,12,advan4,nonmem_scm,focei,24,ok,TRUE,FALSE,FALSE,FALSE,-1591.4568920609702,NA,psn_lst,NA,TRUE,FALSE,FALSE,NA,nonmem,psn_cov,3,3,2,1,FALSE,NA,NA,NA,159.399,342.38,2.148,NA,NA,NA
80,12,advan4,nonmem_scm,focei,25,ok,TRUE,FALSE,FALSE,FALSE,-1623.4762390635262,NA,psn_lst,NA,TRUE,FALSE,FALSE,NA,nonmem,psn_cov,3,3,3,0,TRUE,NA,NA,NA,154.472,327.11,2.118,NA,NA,NA
80,12,advan4,nonmem_scm,focei,26,ok,TRUE,TRUE,TRUE,TRUE,-1671.189165468599,904.8414023372288,psn_lst,NA,TRUE,TRUE,FALSE,NA,nonmem,psn_cov,3,3,2,1,FALSE,NA,NA,NA,151.755,335.69,2.212,NA,NA,NA
80,12,advan4,nonmem_scm,focei,27,not_converged,FALSE,TRUE,TRUE,TRUE,-1662.2952888597497,94.27083333333331,psn_lst,NA,FALSE,TRUE,TRUE,NA,nonmem,psn_cov,3,3,2,1,FALSE,NA,NA,NA,224.657,350.32,1.559,NA,NA,NA
80,12,advan4,nonmem_scm,focei,28,ok,TRUE,FALSE,FALSE,FALSE,-1595.3277874317969,NA,psn_lst,NA,TRUE,FALSE,FALSE,NA,nonmem,psn_cov,3,3,3,0,TRUE,NA,NA,NA,144.396,317.33,2.198,NA,NA,NA
80,12,advan4,nonmem_scm,focei,29,not_converged,FALSE,FALSE,FALSE,FALSE,-1613.273486687686,NA,psn_lst,NA,FALSE,FALSE,TRUE,NA,nonmem,psn_cov,3,3,3,0,TRUE,NA,NA,NA,151.845,330.01,2.173,NA,NA,NA
80,12,advan4,nonmem_scm,focei,30,not_converged,FALSE,FALSE,FALSE,FALSE,-1603.7464838304766,NA,psn_lst,NA,FALSE,FALSE,TRUE,NA,nonmem,psn_cov,3,3,2,1,FALSE,NA,NA,NA,159.881,340.01,2.127,NA,NA,NA
80,12,advan4,nonmem_scm,focei,31,ok,TRUE,FALSE,FALSE,FALSE,-1570.757007621915,NA,psn_lst,NA,TRUE,FALSE,FALSE,NA,nonmem,psn_cov,4,3,3,1,FALSE,NA,NA,NA,227.707,485.14,2.131,NA,NA,NA
80,12,advan4,nonmem_scm,focei,32,ok,TRUE,FALSE,FALSE,FALSE,-1558.7785000615982,NA,psn_lst,NA,TRUE,FALSE,FALSE,NA,nonmem,psn_cov,3,3,2,1,FALSE,NA,NA,NA,227.413,352.18,1.549,NA,NA,NA
80,12,advan4,nonmem_scm,focei,33,ok,TRUE,FALSE,FALSE,FALSE,-1571.377467863034,NA,psn_lst,NA,TRUE,FALSE,FALSE,NA,nonmem,psn_cov,3,3,3,0,TRUE,NA,NA,NA,183.576,420.79,2.292,NA,NA,NA
80,12,advan4,nonmem_scm,focei,34,ok,TRUE,FALSE,FALSE,FALSE,-1622.4416332961314,NA,psn_lst,NA,TRUE,FALSE,FALSE,NA,nonmem,psn_cov,3,3,3,0,TRUE,NA,NA,NA,167.063,332.43,1.99,NA,NA,NA
80,12,advan4,nonmem_scm,focei,35,ok,TRUE,FALSE,FALSE,FALSE,-1600.321721132132,NA,psn_lst,NA,TRUE,FALSE,FALSE,NA,nonmem,psn_cov,3,3,3,0,TRUE,NA,NA,NA,189.923,426.81,2.247,NA,NA,NA
80,12,advan4,nonmem_scm,focei,36,ok,TRUE,TRUE,TRUE,TRUE,-1591.7067261609698,53.06748466257669,psn_lst,NA,TRUE,TRUE,FALSE,NA,nonmem,psn_cov,3,3,3,0,TRUE,NA,NA,NA,186.647,419.04,2.245,NA,NA,NA
80,12,advan4,nonmem_scm,focei,37,ok,TRUE,TRUE,TRUE,TRUE,-1606.8589372534443,100.1968503937008,psn_lst,NA,TRUE,TRUE,FALSE,NA,nonmem,psn_cov,3,3,3,0,TRUE,NA,NA,NA,187.734,422.53,2.251,NA,NA,NA
80,12,advan4,nonmem_scm,focei,38,ok,TRUE,FALSE,FALSE,FALSE,-1556.661638303319,NA,psn_lst,NA,TRUE,FALSE,FALSE,NA,nonmem,psn_cov,3,3,3,0,TRUE,NA,NA,NA,148.169,330.46,2.23,NA,NA,NA
80,12,advan4,nonmem_scm,focei,39,ok,TRUE,TRUE,TRUE,TRUE,-1639.951853789906,116.5016501650165,psn_lst,NA,TRUE,TRUE,FALSE,NA,nonmem,psn_cov,3,3,3,0,TRUE,NA,NA,NA,189.608,419.33,2.212,NA,NA,NA
80,12,advan4,nonmem_scm,focei,40,ok,TRUE,TRUE,TRUE,TRUE,-1608.8590633168203,338.12949640287775,psn_lst,NA,TRUE,TRUE,FALSE,NA,nonmem,psn_cov,3,3,2,1,FALSE,NA,NA,NA,155.454,336.39,2.164,NA,NA,NA
80,12,advan4,nonmem_scm,focei,41,ok,TRUE,FALSE,TRUE,TRUE,-1602.5051901637223,2833.333333333333,psn_lst,NA,TRUE,TRUE,FALSE,NA,nonmem,psn_cov,3,3,3,0,TRUE,NA,NA,NA,160.711,336.07,2.091,NA,NA,NA
80,12,advan4,nonmem_scm,focei,42,ok,TRUE,TRUE,TRUE,TRUE,-1649.5023287786237,51.874062968515744,psn_lst,NA,TRUE,TRUE,FALSE,NA,nonmem,psn_cov,3,3,3,0,TRUE,NA,NA,NA,152.977,331.54,2.167,NA,NA,NA
80,12,advan4,nonmem_scm,focei,43,ok,TRUE,TRUE,TRUE,TRUE,-1560.832327185175,25.178571428571427,psn_lst,NA,TRUE,TRUE,FALSE,NA,nonmem,psn_cov,3,3,2,1,FALSE,NA,NA,NA,194.557,450.4,2.315,NA,NA,NA
80,12,advan4,nonmem_scm,focei,44,ok,TRUE,FALSE,FALSE,FALSE,-1527.4419989891005,NA,psn_lst,NA,TRUE,FALSE,FALSE,NA,nonmem,psn_cov,3,3,3,0,TRUE,NA,NA,NA,186.108,419.24,2.253,NA,NA,NA
80,12,advan4,nonmem_scm,focei,45,not_converged,FALSE,TRUE,TRUE,TRUE,-1613.1162996751443,54.13533834586466,psn_lst,NA,FALSE,TRUE,TRUE,NA,nonmem,psn_cov,3,3,3,0,TRUE,NA,NA,NA,151.023,336.32,2.227,NA,NA,NA
80,12,advan4,nonmem_scm,focei,46,ok,TRUE,TRUE,TRUE,TRUE,-1599.0927452869726,111.3289760348584,psn_lst,NA,TRUE,TRUE,FALSE,NA,nonmem,psn_cov,3,3,3,0,TRUE,NA,NA,NA,164.068,357.96,2.182,NA,NA,NA
80,12,advan4,nonmem_scm,focei,47,ok,TRUE,FALSE,FALSE,FALSE,-1614.1639140713994,NA,psn_lst,NA,TRUE,FALSE,FALSE,NA,nonmem,psn_cov,3,3,3,0,TRUE,NA,NA,NA,152.39,337.2,2.213,NA,NA,NA
80,12,advan4,nonmem_scm,focei,48,ok,TRUE,TRUE,TRUE,TRUE,-1644.2922107724728,19.40740740740741,psn_lst,NA,TRUE,TRUE,FALSE,NA,nonmem,psn_cov,3,3,3,0,TRUE,NA,NA,NA,225.57,347.51,1.541,NA,NA,NA
80,12,advan4,nonmem_scm,focei,49,ok,TRUE,FALSE,FALSE,FALSE,-1571.4906292764606,NA,psn_lst,NA,TRUE,FALSE,FALSE,NA,nonmem,psn_cov,3,3,2,1,FALSE,NA,NA,NA,154.126,337.34,2.189,NA,NA,NA
80,12,advan4,nonmem_scm,focei,50,ok,TRUE,FALSE,FALSE,FALSE,-1556.4134109115628,NA,psn_lst,NA,TRUE,FALSE,FALSE,NA,nonmem,psn_cov,3,3,3,0,TRUE,NA,NA,NA,157.82,335.73,2.127,NA,NA,NA
80,12,advan4,nonmem_scm,focei,51,ok,TRUE,FALSE,FALSE,FALSE,-1649.722267580677,NA,psn_lst,NA,TRUE,FALSE,FALSE,NA,nonmem,psn_cov,3,3,3,0,TRUE,NA,NA,NA,185.849,422.76,2.275,NA,NA,NA
80,12,advan4,nonmem_scm,focei,52,not_converged,FALSE,FALSE,FALSE,FALSE,-1595.2738832797074,NA,psn_lst,NA,FALSE,FALSE,TRUE,NA,nonmem,psn_cov,3,3,2,1,FALSE,NA,NA,NA,153.82,321.66,2.091,NA,NA,NA
80,12,advan4,nonmem_scm,focei,53,ok,TRUE,FALSE,FALSE,FALSE,-1568.155182101554,NA,psn_lst,NA,TRUE,FALSE,FALSE,NA,nonmem,psn_cov,3,3,3,0,TRUE,NA,NA,NA,207.488,454.85,2.192,NA,NA,NA
80,12,advan4,nonmem_scm,focei,54,ok,TRUE,FALSE,FALSE,FALSE,-1651.3142355258497,NA,psn_lst,NA,TRUE,FALSE,FALSE,NA,nonmem,psn_cov,4,3,3,1,FALSE,NA,NA,NA,178.008,398.92,2.241,NA,NA,NA
80,12,advan4,nonmem_scm,focei,55,ok,TRUE,TRUE,TRUE,TRUE,-1574.6659854497673,124.18478260869566,psn_lst,NA,TRUE,TRUE,FALSE,NA,nonmem,psn_cov,3,3,3,0,TRUE,NA,NA,NA,159.278,333.12,2.091,NA,NA,NA
80,12,advan4,nonmem_scm,focei,56,ok,TRUE,FALSE,TRUE,TRUE,-1623.0610210856228,11591.895803183792,psn_lst,NA,TRUE,TRUE,FALSE,NA,nonmem,psn_cov,3,3,3,0,TRUE,NA,NA,NA,238.152,351.53,1.476,NA,NA,NA
80,12,advan4,nonmem_scm,focei,57,ok,TRUE,FALSE,FALSE,FALSE,-1546.3475124246218,NA,psn_lst,NA,TRUE,FALSE,FALSE,NA,nonmem,psn_cov,3,3,3,0,TRUE,NA,NA,NA,151.348,334.34,2.209,NA,NA,NA
80,12,advan4,nonmem_scm,focei,58,ok,TRUE,TRUE,TRUE,TRUE,-1634.2393716930335,604.2128603104213,psn_lst,NA,TRUE,TRUE,FALSE,NA,nonmem,psn_cov,3,3,2,1,FALSE,NA,NA,NA,231.748,354.71,1.531,NA,NA,NA
80,12,advan4,nonmem_scm,focei,59,ok,TRUE,TRUE,TRUE,TRUE,-1659.63310785605,7.692307692307692,psn_lst,NA,TRUE,TRUE,FALSE,NA,nonmem,psn_cov,3,3,2,1,FALSE,NA,NA,NA,281.414,444.16,1.578,NA,NA,NA
80,12,advan4,nonmem_scm,focei,60,not_converged,FALSE,FALSE,FALSE,FALSE,-1561.4031418914844,NA,psn_lst,NA,FALSE,FALSE,TRUE,NA,nonmem,psn_cov,3,3,3,0,TRUE,NA,NA,NA,226.104,346.36,1.532,NA,NA,NA
80,12,advan4,nonmem_scm,focei,61,ok,TRUE,TRUE,TRUE,TRUE,-1624.281412784595,52.16178521617852,psn_lst,NA,TRUE,TRUE,FALSE,NA,nonmem,psn_cov,3,3,3,0,TRUE,NA,NA,NA,157.254,333.97,2.124,NA,NA,NA
80,12,advan4,nonmem_scm,focei,62,not_converged,FALSE,FALSE,FALSE,FALSE,-1570.2274478387883,NA,psn_lst,NA,FALSE,FALSE,TRUE,NA,nonmem,psn_cov,3,3,3,0,TRUE,NA,NA,NA,154,332.21,2.157,NA,NA,NA
80,12,advan4,nonmem_scm,focei,63,ok,TRUE,FALSE,FALSE,FALSE,-1540.396960130579,NA,psn_lst,NA,TRUE,FALSE,FALSE,NA,nonmem,psn_cov,3,3,3,0,TRUE,NA,NA,NA,195.601,422.1,2.158,NA,NA,NA
80,12,advan4,nonmem_scm,focei,64,ok,TRUE,TRUE,TRUE,TRUE,-1645.75681971085,51.39607032057911,psn_lst,NA,TRUE,TRUE,FALSE,NA,nonmem,psn_cov,3,3,2,1,FALSE,NA,NA,NA,234.08,523.62,2.237,NA,NA,NA
80,12,advan4,nonmem_scm,focei,65,ok,TRUE,FALSE,FALSE,FALSE,-1614.0098652430308,NA,psn_lst,NA,TRUE,FALSE,FALSE,NA,nonmem,psn_cov,3,3,3,0,TRUE,NA,NA,NA,153.069,334.58,2.186,NA,NA,NA
80,12,advan4,nonmem_scm,focei,66,not_converged,FALSE,TRUE,TRUE,TRUE,-1720.494764499718,77.4468085106383,psn_lst,NA,FALSE,TRUE,TRUE,NA,nonmem,psn_cov,3,3,3,0,TRUE,NA,NA,NA,160.689,335.41,2.087,NA,NA,NA
80,12,advan4,nonmem_scm,focei,67,ok,TRUE,FALSE,FALSE,FALSE,-1599.816383098493,NA,psn_lst,NA,TRUE,FALSE,FALSE,NA,nonmem,psn_cov,3,3,3,0,TRUE,NA,NA,NA,155.444,332.97,2.142,NA,NA,NA
80,12,advan4,nonmem_scm,focei,68,ok,TRUE,TRUE,TRUE,TRUE,-1691.1195918237331,24.833333333333336,psn_lst,NA,TRUE,TRUE,FALSE,NA,nonmem,psn_cov,3,3,3,0,TRUE,NA,NA,NA,197.349,420.11,2.129,NA,NA,NA
80,12,advan4,nonmem_scm,focei,69,ok,TRUE,FALSE,FALSE,FALSE,-1630.5090023186071,NA,psn_lst,NA,TRUE,FALSE,FALSE,NA,nonmem,psn_cov,3,3,2,1,FALSE,NA,NA,NA,199.029,437.56,2.198,NA,NA,NA
80,12,advan4,nonmem_scm,focei,70,ok,TRUE,FALSE,FALSE,FALSE,-1531.095009041294,NA,psn_lst,NA,TRUE,FALSE,FALSE,NA,nonmem,psn_cov,4,3,3,1,FALSE,NA,NA,NA,217.963,485.29,2.226,NA,NA,NA
80,12,advan4,nonmem_scm,focei,71,ok,TRUE,FALSE,FALSE,FALSE,-1638.4400300497816,NA,psn_lst,NA,TRUE,FALSE,FALSE,NA,nonmem,psn_cov,3,3,3,0,TRUE,NA,NA,NA,162.551,336.31,2.069,NA,NA,NA
80,12,advan4,nonmem_scm,focei,72,ok,TRUE,FALSE,FALSE,FALSE,-1528.4563220323105,NA,psn_lst,NA,TRUE,FALSE,FALSE,NA,nonmem,psn_cov,3,3,3,0,TRUE,NA,NA,NA,191.886,426.08,2.22,NA,NA,NA
80,12,advan4,nonmem_scm,focei,73,ok,TRUE,FALSE,FALSE,FALSE,-1586.7340745301294,NA,psn_lst,NA,TRUE,FALSE,FALSE,NA,nonmem,psn_cov,3,3,3,0,TRUE,NA,NA,NA,151.973,339.82,2.236,NA,NA,NA
80,12,advan4,nonmem_scm,focei,74,ok,TRUE,FALSE,FALSE,FALSE,-1636.9449478284305,NA,psn_lst,NA,TRUE,FALSE,FALSE,NA,nonmem,psn_cov,3,3,3,0,TRUE,NA,NA,NA,225.463,348.31,1.545,NA,NA,NA
80,12,advan4,nonmem_scm,focei,75,ok,TRUE,TRUE,TRUE,TRUE,-1563.2065830083343,87.46177370030581,psn_lst,NA,TRUE,TRUE,FALSE,NA,nonmem,psn_cov,2,3,1,1,FALSE,NA,NA,NA,157.058,342.59,2.181,NA,NA,NA
80,12,advan4,nonmem_scm,focei,76,not_converged,FALSE,FALSE,FALSE,FALSE,-1540.562783474921,NA,psn_lst,NA,FALSE,FALSE,TRUE,NA,nonmem,psn_cov,3,3,2,1,FALSE,NA,NA,NA,163.021,350.34,2.149,NA,NA,NA
80,12,advan4,nonmem_scm,focei,77,ok,TRUE,FALSE,FALSE,FALSE,-1567.482950825824,NA,psn_lst,NA,TRUE,FALSE,FALSE,NA,nonmem,psn_cov,3,3,2,1,FALSE,NA,NA,NA,159.267,343.88,2.159,NA,NA,NA
80,12,advan4,nonmem_scm,focei,78,ok,TRUE,FALSE,FALSE,FALSE,-1610.735517549541,NA,psn_lst,NA,TRUE,FALSE,FALSE,NA,nonmem,psn_cov,3,3,3,0,TRUE,NA,NA,NA,160.644,340.32,2.118,NA,NA,NA
80,12,advan4,nonmem_scm,focei,79,not_converged,FALSE,TRUE,TRUE,TRUE,-1643.84445947037,115.19607843137254,psn_lst,NA,FALSE,TRUE,TRUE,NA,nonmem,psn_cov,3,3,2,1,FALSE,NA,NA,NA,157.284,344.71,2.192,NA,NA,NA
80,12,advan4,nonmem_scm,focei,80,not_converged,FALSE,FALSE,FALSE,FALSE,-1599.5861205277652,NA,psn_lst,NA,FALSE,FALSE,TRUE,NA,nonmem,psn_cov,3,3,3,0,TRUE,NA,NA,NA,156.154,339.38,2.173,NA,NA,NA
80,12,advan4,nonmem_scm,focei,81,not_converged,FALSE,FALSE,FALSE,FALSE,-1568.4654827001532,NA,psn_lst,NA,FALSE,FALSE,TRUE,NA,nonmem,psn_cov,3,3,3,0,TRUE,NA,NA,NA,155.423,334.13,2.15,NA,NA,NA
80,12,advan4,nonmem_scm,focei,82,not_converged,FALSE,FALSE,FALSE,FALSE,-1591.3855226202188,NA,psn_lst,NA,FALSE,FALSE,TRUE,NA,nonmem,psn_cov,3,3,2,1,FALSE,NA,NA,NA,153.559,337.55,2.198,NA,NA,NA
80,12,advan4,nonmem_scm,focei,83,ok,TRUE,FALSE,FALSE,FALSE,-1597.8403659941837,NA,psn_lst,NA,TRUE,FALSE,FALSE,NA,nonmem,psn_cov,3,3,2,1,FALSE,NA,NA,NA,187.541,429.87,2.292,NA,NA,NA
80,12,advan4,nonmem_scm,focei,84,ok,TRUE,FALSE,FALSE,FALSE,-1564.206664385815,NA,psn_lst,NA,TRUE,FALSE,FALSE,NA,nonmem,psn_cov,2,3,2,0,FALSE,NA,NA,NA,124.73,261.03,2.093,NA,NA,NA
80,12,advan4,nonmem_scm,focei,85,ok,TRUE,TRUE,TRUE,TRUE,-1595.8013769588936,734.1597796143251,psn_lst,NA,TRUE,TRUE,FALSE,NA,nonmem,psn_cov,3,3,3,0,TRUE,NA,NA,NA,227.153,349.63,1.539,NA,NA,NA
80,12,advan4,nonmem_scm,focei,86,ok,TRUE,FALSE,FALSE,FALSE,-1598.6177633425643,NA,psn_lst,NA,TRUE,FALSE,FALSE,NA,nonmem,psn_cov,3,3,2,1,FALSE,NA,NA,NA,157.825,336.14,2.13,NA,NA,NA
80,12,advan4,nonmem_scm,focei,87,ok,TRUE,FALSE,TRUE,TRUE,-1581.3638705230155,2085.2713178294575,psn_lst,NA,TRUE,TRUE,FALSE,NA,nonmem,psn_cov,3,3,2,1,FALSE,NA,NA,NA,155.223,336.07,2.165,NA,NA,NA
80,12,advan4,nonmem_scm,focei,88,not_converged,FALSE,FALSE,TRUE,TRUE,-1621.4018279098666,1182.8947368421052,psn_lst,NA,FALSE,TRUE,TRUE,NA,nonmem,psn_cov,3,3,3,0,TRUE,NA,NA,NA,153.764,334.82,2.177,NA,NA,NA
80,12,advan4,nonmem_scm,focei,89,ok,TRUE,FALSE,FALSE,FALSE,-1618.5980286351971,NA,psn_lst,NA,TRUE,FALSE,FALSE,NA,nonmem,psn_cov,3,3,3,0,TRUE,NA,NA,NA,224.705,348.72,1.552,NA,NA,NA
80,12,advan4,nonmem_scm,focei,90,ok,TRUE,FALSE,FALSE,FALSE,-1534.4570049553588,NA,psn_lst,NA,TRUE,FALSE,FALSE,NA,nonmem,psn_cov,2,3,2,0,FALSE,NA,NA,NA,234.724,364.61,1.553,NA,NA,NA
80,12,advan4,nonmem_scm,focei,91,ok,TRUE,TRUE,TRUE,TRUE,-1642.903602877988,41.61904761904762,psn_lst,NA,TRUE,TRUE,FALSE,NA,nonmem,psn_cov,3,3,3,0,TRUE,NA,NA,NA,156.599,336.26,2.147,NA,NA,NA
80,12,advan4,nonmem_scm,focei,92,ok,TRUE,FALSE,TRUE,TRUE,-1568.3323322059878,2040816.3265306123,psn_lst,NA,TRUE,TRUE,FALSE,NA,nonmem,psn_cov,3,3,3,0,TRUE,NA,NA,NA,151.83,334.52,2.203,NA,NA,NA
80,12,advan4,nonmem_scm,focei,93,ok,TRUE,FALSE,FALSE,FALSE,-1496.3574379653612,NA,psn_lst,NA,TRUE,FALSE,FALSE,NA,nonmem,psn_cov,3,3,3,0,TRUE,NA,NA,NA,155.121,331.92,2.14,NA,NA,NA
80,12,advan4,nonmem_scm,focei,94,ok,TRUE,FALSE,FALSE,FALSE,-1599.648431119925,NA,psn_lst,NA,TRUE,FALSE,FALSE,NA,nonmem,psn_cov,3,3,2,1,FALSE,NA,NA,NA,168.01,342.5,2.039,NA,NA,NA
80,12,advan4,nonmem_scm,focei,95,ok,TRUE,TRUE,TRUE,TRUE,-1630.025140044531,83.33333333333333,psn_lst,NA,TRUE,TRUE,FALSE,NA,nonmem,psn_cov,3,3,3,0,TRUE,NA,NA,NA,152.274,335.64,2.204,NA,NA,NA
80,12,advan4,nonmem_scm,focei,96,ok,TRUE,TRUE,TRUE,TRUE,-1616.187431563803,444.82758620689657,psn_lst,NA,TRUE,TRUE,FALSE,NA,nonmem,psn_cov,3,3,3,0,TRUE,NA,NA,NA,227.569,347.14,1.525,NA,NA,NA
80,12,advan4,nonmem_scm,focei,97,ok,TRUE,FALSE,FALSE,FALSE,-1571.7386778396387,NA,psn_lst,NA,TRUE,FALSE,FALSE,NA,nonmem,psn_cov,3,3,3,0,TRUE,NA,NA,NA,159.066,339.58,2.135,NA,NA,NA
80,12,advan4,nonmem_scm,focei,98,not_converged,FALSE,FALSE,FALSE,FALSE,-1593.862747502532,NA,psn_lst,NA,FALSE,FALSE,TRUE,NA,nonmem,psn_cov,3,3,3,0,TRUE,NA,NA,NA,153.303,333.08,2.173,NA,NA,NA
80,12,advan4,nonmem_scm,focei,99,not_converged,FALSE,FALSE,FALSE,FALSE,-1608.230318017968,NA,psn_lst,NA,FALSE,FALSE,TRUE,NA,nonmem,psn_cov,3,3,2,1,FALSE,NA,NA,NA,238.414,370.46,1.554,NA,NA,NA
80,12,advan4,nonmem_scm,focei,100,not_converged,FALSE,FALSE,FALSE,FALSE,-1631.818858657487,NA,psn_lst,NA,FALSE,FALSE,TRUE,NA,nonmem,psn_cov,3,3,2,1,FALSE,NA,NA,NA,153.897,343.13,2.23,NA,NA,NA
80,13,advan4,nonmem_scm,focei,1,ok,TRUE,FALSE,FALSE,FALSE,-1656.54821861866,NA,psn_lst,NA,TRUE,FALSE,FALSE,NA,nonmem,psn_cov,2,2,2,0,TRUE,NA,NA,NA,174.636,362.77,2.077,NA,NA,NA
80,13,advan4,nonmem_scm,focei,2,ok,TRUE,FALSE,FALSE,FALSE,-1644.5827095969933,NA,psn_lst,NA,TRUE,FALSE,FALSE,NA,nonmem,psn_cov,2,2,2,0,TRUE,NA,NA,NA,119.716,257.06,2.147,NA,NA,NA
80,13,advan4,nonmem_scm,focei,3,ok,TRUE,FALSE,FALSE,FALSE,-1650.1286383623874,NA,psn_lst,NA,TRUE,FALSE,FALSE,NA,nonmem,psn_cov,2,2,2,0,TRUE,NA,NA,NA,129.444,268.85,2.077,NA,NA,NA
80,13,advan4,nonmem_scm,focei,4,ok,TRUE,FALSE,TRUE,TRUE,-1680.3995300036945,1728.5382830626452,psn_lst,NA,TRUE,TRUE,FALSE,NA,nonmem,psn_cov,2,2,2,0,TRUE,NA,NA,NA,125.977,270.11,2.144,NA,NA,NA
80,13,advan4,nonmem_scm,focei,5,ok,TRUE,FALSE,FALSE,FALSE,-1613.7776848268477,NA,psn_lst,NA,TRUE,FALSE,FALSE,NA,nonmem,psn_cov,2,2,2,0,TRUE,NA,NA,NA,123.892,271.41,2.191,NA,NA,NA
80,13,advan4,nonmem_scm,focei,6,ok,TRUE,FALSE,FALSE,FALSE,-1639.158899153675,NA,psn_lst,NA,TRUE,FALSE,FALSE,NA,nonmem,psn_cov,2,2,2,0,TRUE,NA,NA,NA,131.334,269.2,2.05,NA,NA,NA
80,13,advan4,nonmem_scm,focei,7,ok,TRUE,FALSE,FALSE,FALSE,-1615.971713604898,NA,psn_lst,NA,TRUE,FALSE,FALSE,NA,nonmem,psn_cov,2,2,2,0,TRUE,NA,NA,NA,161.606,355.2,2.198,NA,NA,NA
80,13,advan4,nonmem_scm,focei,8,ok,TRUE,TRUE,TRUE,TRUE,-1661.6200514860836,71.71903881700554,psn_lst,NA,TRUE,TRUE,FALSE,NA,nonmem,psn_cov,2,2,2,0,TRUE,NA,NA,NA,174.658,356.77,2.043,NA,NA,NA
80,13,advan4,nonmem_scm,focei,9,ok,TRUE,TRUE,TRUE,TRUE,-1696.4116065039466,69.46564885496183,psn_lst,NA,TRUE,TRUE,FALSE,NA,nonmem,psn_cov,2,2,2,0,TRUE,NA,NA,NA,169.682,361.6,2.131,NA,NA,NA
80,13,advan4,nonmem_scm,focei,10,ok,TRUE,FALSE,FALSE,FALSE,-1604.4499107187266,NA,psn_lst,NA,TRUE,FALSE,FALSE,NA,nonmem,psn_cov,2,2,2,0,TRUE,NA,NA,NA,135.022,268.01,1.985,NA,NA,NA
80,13,advan4,nonmem_scm,focei,11,ok,TRUE,FALSE,FALSE,FALSE,-1631.585951753481,NA,psn_lst,NA,TRUE,FALSE,FALSE,NA,nonmem,psn_cov,2,2,1,1,FALSE,NA,NA,NA,167.147,356.68,2.134,NA,NA,NA
80,13,advan4,nonmem_scm,focei,12,ok,TRUE,FALSE,TRUE,TRUE,-1620.5144974346708,303669.7247706422,psn_lst,NA,TRUE,TRUE,FALSE,NA,nonmem,psn_cov,2,2,2,0,TRUE,NA,NA,NA,124.362,268.84,2.162,NA,NA,NA
80,13,advan4,nonmem_scm,focei,13,ok,TRUE,FALSE,FALSE,FALSE,-1636.353242457988,NA,psn_lst,NA,TRUE,FALSE,FALSE,NA,nonmem,psn_cov,2,2,2,0,TRUE,NA,NA,NA,181.506,277.36,1.528,NA,NA,NA
80,13,advan4,nonmem_scm,focei,14,ok,TRUE,TRUE,TRUE,TRUE,-1568.8691846248184,132.7922077922078,psn_lst,NA,TRUE,TRUE,FALSE,NA,nonmem,psn_cov,2,2,2,0,TRUE,NA,NA,NA,135.71,272.16,2.005,NA,NA,NA
80,13,advan4,nonmem_scm,focei,15,ok,TRUE,TRUE,TRUE,TRUE,-1663.8970024254206,34.09090909090909,psn_lst,NA,TRUE,TRUE,FALSE,NA,nonmem,psn_cov,2,2,1,1,FALSE,NA,NA,NA,164.284,365.76,2.226,NA,NA,NA
80,13,advan4,nonmem_scm,focei,16,ok,TRUE,TRUE,TRUE,TRUE,-1675.6098550985107,58.29268292682927,psn_lst,NA,TRUE,TRUE,FALSE,NA,nonmem,psn_cov,2,2,1,1,FALSE,NA,NA,NA,131.748,274.02,2.08,NA,NA,NA
80,13,advan4,nonmem_scm,focei,17,ok,TRUE,FALSE,FALSE,FALSE,-1599.825564165078,NA,psn_lst,NA,TRUE,FALSE,FALSE,NA,nonmem,psn_cov,2,2,2,0,TRUE,NA,NA,NA,121.859,263.76,2.164,NA,NA,NA
80,13,advan4,nonmem_scm,focei,18,ok,TRUE,FALSE,FALSE,FALSE,-1605.2034380224216,NA,psn_lst,NA,TRUE,FALSE,FALSE,NA,nonmem,psn_cov,2,2,2,0,TRUE,NA,NA,NA,132.626,271.55,2.047,NA,NA,NA
80,13,advan4,nonmem_scm,focei,19,ok,TRUE,TRUE,TRUE,TRUE,-1629.3303505435083,237.69633507853405,psn_lst,NA,TRUE,TRUE,FALSE,NA,nonmem,psn_cov,1,2,1,0,FALSE,NA,NA,NA,93.464,185.53,1.985,NA,NA,NA
80,13,advan4,nonmem_scm,focei,20,ok,TRUE,FALSE,FALSE,FALSE,-1626.2913805529097,NA,psn_lst,NA,TRUE,FALSE,FALSE,NA,nonmem,psn_cov,2,2,2,0,TRUE,NA,NA,NA,185.201,283.46,1.531,NA,NA,NA
80,13,advan4,nonmem_scm,focei,21,ok,TRUE,FALSE,TRUE,TRUE,-1545.6897028395426,69020.97902097901,psn_lst,NA,TRUE,TRUE,FALSE,NA,nonmem,psn_cov,2,2,2,0,TRUE,NA,NA,NA,124.123,261.49,2.107,NA,NA,NA
80,13,advan4,nonmem_scm,focei,22,ok,TRUE,FALSE,FALSE,FALSE,-1634.4860654133645,NA,psn_lst,NA,TRUE,FALSE,FALSE,NA,nonmem,psn_cov,2,2,2,0,TRUE,NA,NA,NA,124.934,265.79,2.127,NA,NA,NA
80,13,advan4,nonmem_scm,focei,23,ok,TRUE,FALSE,FALSE,FALSE,-1625.8394875037875,NA,psn_lst,NA,TRUE,FALSE,FALSE,NA,nonmem,psn_cov,3,2,2,1,FALSE,NA,NA,NA,168.463,346.35,2.056,NA,NA,NA
80,13,advan4,nonmem_scm,focei,24,ok,TRUE,FALSE,FALSE,FALSE,-1623.12931211047,NA,psn_lst,NA,TRUE,FALSE,FALSE,NA,nonmem,psn_cov,1,2,1,0,FALSE,NA,NA,NA,173.368,376.64,2.172,NA,NA,NA
80,13,advan4,nonmem_scm,focei,25,ok,TRUE,FALSE,FALSE,FALSE,-1677.7446343472027,NA,psn_lst,NA,TRUE,FALSE,FALSE,NA,nonmem,psn_cov,2,2,2,0,TRUE,NA,NA,NA,129.924,273.28,2.103,NA,NA,NA
80,13,advan4,nonmem_scm,focei,26,ok,TRUE,TRUE,TRUE,TRUE,-1699.655882105321,115.2542372881356,psn_lst,NA,TRUE,TRUE,FALSE,NA,nonmem,psn_cov,1,2,1,0,FALSE,NA,NA,NA,175.988,364.16,2.069,NA,NA,NA
80,13,advan4,nonmem_scm,focei,27,ok,TRUE,FALSE,FALSE,FALSE,-1629.1539723405338,NA,psn_lst,NA,TRUE,FALSE,FALSE,NA,nonmem,psn_cov,2,2,2,0,TRUE,NA,NA,NA,161.908,353.41,2.183,NA,NA,NA
80,13,advan4,nonmem_scm,focei,28,ok,TRUE,FALSE,TRUE,TRUE,-1573.8748188856785,1853.5980148883375,psn_lst,NA,TRUE,TRUE,FALSE,NA,nonmem,psn_cov,1,2,1,0,FALSE,NA,NA,NA,133.048,274.38,2.062,NA,NA,NA
80,13,advan4,nonmem_scm,focei,29,ok,TRUE,TRUE,TRUE,TRUE,-1608.921180688398,11.8848167539267,psn_lst,NA,TRUE,TRUE,FALSE,NA,nonmem,psn_cov,2,2,2,0,TRUE,NA,NA,NA,131.653,272.41,2.069,NA,NA,NA
80,13,advan4,nonmem_scm,focei,30,ok,TRUE,FALSE,FALSE,FALSE,-1576.9250417837447,NA,psn_lst,NA,TRUE,FALSE,FALSE,NA,nonmem,psn_cov,1,2,1,0,FALSE,NA,NA,NA,129.914,280.68,2.161,NA,NA,NA
80,13,advan4,nonmem_scm,focei,31,ok,TRUE,FALSE,FALSE,FALSE,-1680.8061809268484,NA,psn_lst,NA,TRUE,FALSE,FALSE,NA,nonmem,psn_cov,2,2,2,0,TRUE,NA,NA,NA,132.858,267.18,2.011,NA,NA,NA
80,13,advan4,nonmem_scm,focei,32,ok,TRUE,FALSE,FALSE,FALSE,-1666.7524686247168,NA,psn_lst,NA,TRUE,FALSE,FALSE,NA,nonmem,psn_cov,3,2,2,1,FALSE,NA,NA,NA,155.764,346.14,2.222,NA,NA,NA
80,13,advan4,nonmem_scm,focei,33,ok,TRUE,TRUE,TRUE,TRUE,-1712.8910413843912,547.5409836065573,psn_lst,NA,TRUE,TRUE,FALSE,NA,nonmem,psn_cov,2,2,1,1,FALSE,NA,NA,NA,164.492,355.96,2.164,NA,NA,NA
80,13,advan4,nonmem_scm,focei,34,ok,TRUE,FALSE,FALSE,FALSE,-1659.3285412502148,NA,psn_lst,NA,TRUE,FALSE,FALSE,NA,nonmem,psn_cov,3,2,2,1,FALSE,NA,NA,NA,232.414,362.69,1.561,NA,NA,NA
80,13,advan4,nonmem_scm,focei,35,ok,TRUE,FALSE,FALSE,FALSE,-1702.9062924875566,NA,psn_lst,NA,TRUE,FALSE,FALSE,NA,nonmem,psn_cov,2,2,2,0,TRUE,NA,NA,NA,127.863,273.44,2.139,NA,NA,NA
80,13,advan4,nonmem_scm,focei,36,not_converged,FALSE,TRUE,TRUE,TRUE,-1496.4202066054595,117.51152073732716,psn_lst,NA,FALSE,TRUE,TRUE,NA,nonmem,psn_cov,2,2,2,0,TRUE,NA,NA,NA,125.864,263.69,2.095,NA,NA,NA
80,13,advan4,nonmem_scm,focei,37,ok,TRUE,FALSE,FALSE,FALSE,-1551.056559040141,NA,psn_lst,NA,TRUE,FALSE,FALSE,NA,nonmem,psn_cov,2,2,2,0,TRUE,NA,NA,NA,178.796,277.95,1.555,NA,NA,NA
80,13,advan4,nonmem_scm,focei,38,ok,TRUE,TRUE,TRUE,TRUE,-1671.1965421480627,32.43478260869565,psn_lst,NA,TRUE,TRUE,FALSE,NA,nonmem,psn_cov,2,2,2,0,TRUE,NA,NA,NA,164.075,358.97,2.188,NA,NA,NA
80,13,advan4,nonmem_scm,focei,39,ok,TRUE,FALSE,FALSE,FALSE,-1611.3099964204052,NA,psn_lst,NA,TRUE,FALSE,FALSE,NA,nonmem,psn_cov,1,2,1,0,FALSE,NA,NA,NA,133.899,274.28,2.048,NA,NA,NA
80,13,advan4,nonmem_scm,focei,40,not_converged,FALSE,FALSE,FALSE,FALSE,-1635.8329697098563,NA,psn_lst,NA,FALSE,FALSE,TRUE,NA,nonmem,psn_cov,2,2,2,0,TRUE,NA,NA,NA,125.157,266.85,2.132,NA,NA,NA
80,13,advan4,nonmem_scm,focei,41,ok,TRUE,FALSE,FALSE,FALSE,-1609.3449548634749,NA,psn_lst,NA,TRUE,FALSE,FALSE,NA,nonmem,psn_cov,2,2,2,0,TRUE,NA,NA,NA,124.334,262.18,2.109,NA,NA,NA
80,13,advan4,nonmem_scm,focei,42,not_converged,FALSE,FALSE,FALSE,FALSE,-1709.7189396846038,NA,psn_lst,NA,FALSE,FALSE,TRUE,NA,nonmem,psn_cov,2,2,2,0,TRUE,NA,NA,NA,246.048,379.67,1.543,NA,NA,NA
80,13,advan4,nonmem_scm,focei,43,ok,TRUE,TRUE,TRUE,TRUE,-1665.4090316144077,704.8076923076924,psn_lst,NA,TRUE,TRUE,FALSE,NA,nonmem,psn_cov,3,2,2,1,FALSE,NA,NA,NA,153.913,336,2.183,NA,NA,NA
80,13,advan4,nonmem_scm,focei,44,ok,TRUE,FALSE,FALSE,FALSE,-1669.9400793348448,NA,psn_lst,NA,TRUE,FALSE,FALSE,NA,nonmem,psn_cov,2,2,2,0,TRUE,NA,NA,NA,121.032,263.64,2.178,NA,NA,NA
80,13,advan4,nonmem_scm,focei,45,ok,TRUE,TRUE,TRUE,TRUE,-1682.7318917112743,29.038854805725972,psn_lst,NA,TRUE,TRUE,FALSE,NA,nonmem,psn_cov,1,2,1,0,FALSE,NA,NA,NA,191.369,291.11,1.521,NA,NA,NA
80,13,advan4,nonmem_scm,focei,46,ok,TRUE,FALSE,FALSE,FALSE,-1573.169879036554,NA,psn_lst,NA,TRUE,FALSE,FALSE,NA,nonmem,psn_cov,2,2,2,0,TRUE,NA,NA,NA,126.66,266.92,2.107,NA,NA,NA
80,13,advan4,nonmem_scm,focei,47,ok,TRUE,FALSE,FALSE,FALSE,-1639.822510730616,NA,psn_lst,NA,TRUE,FALSE,FALSE,NA,nonmem,psn_cov,2,2,2,0,TRUE,NA,NA,NA,181.562,277.89,1.531,NA,NA,NA
80,13,advan4,nonmem_scm,focei,48,not_converged,FALSE,FALSE,FALSE,FALSE,-1637.348025314386,NA,psn_lst,NA,FALSE,FALSE,TRUE,NA,nonmem,psn_cov,2,2,2,0,TRUE,NA,NA,NA,159.998,342.68,2.142,NA,NA,NA
80,13,advan4,nonmem_scm,focei,49,ok,TRUE,FALSE,FALSE,FALSE,-1631.925326269673,NA,psn_lst,NA,TRUE,FALSE,FALSE,NA,nonmem,psn_cov,2,2,2,0,TRUE,NA,NA,NA,129.591,269.15,2.077,NA,NA,NA
80,13,advan4,nonmem_scm,focei,50,not_converged,FALSE,TRUE,TRUE,TRUE,-1641.9670994677228,19.84,psn_lst,NA,FALSE,TRUE,TRUE,NA,nonmem,psn_cov,2,2,2,0,TRUE,NA,NA,NA,121.867,259.55,2.13,NA,NA,NA
80,13,advan4,nonmem_scm,focei,51,not_converged,FALSE,FALSE,FALSE,FALSE,-1711.2755643933265,NA,psn_lst,NA,FALSE,FALSE,TRUE,NA,nonmem,psn_cov,2,2,1,1,FALSE,NA,NA,NA,128.318,267.61,2.086,NA,NA,NA
80,13,advan4,nonmem_scm,focei,52,ok,TRUE,FALSE,FALSE,FALSE,-1613.3678797385862,NA,psn_lst,NA,TRUE,FALSE,FALSE,NA,nonmem,psn_cov,2,2,2,0,TRUE,NA,NA,NA,129.53,270.26,2.086,NA,NA,NA
80,13,advan4,nonmem_scm,focei,53,ok,TRUE,FALSE,FALSE,FALSE,-1624.3678188965514,NA,psn_lst,NA,TRUE,FALSE,FALSE,NA,nonmem,psn_cov,2,2,2,0,TRUE,NA,NA,NA,168.628,364.29,2.16,NA,NA,NA
80,13,advan4,nonmem_scm,focei,54,ok,TRUE,FALSE,FALSE,FALSE,-1643.4974885791337,NA,psn_lst,NA,TRUE,FALSE,FALSE,NA,nonmem,psn_cov,2,2,2,0,TRUE,NA,NA,NA,128.618,260.62,2.026,NA,NA,NA
80,13,advan4,nonmem_scm,focei,55,ok,TRUE,FALSE,FALSE,FALSE,-1694.0236721100198,NA,psn_lst,NA,TRUE,FALSE,FALSE,NA,nonmem,psn_cov,2,2,2,0,TRUE,NA,NA,NA,125.98,268.21,2.129,NA,NA,NA
80,13,advan4,nonmem_scm,focei,56,ok,TRUE,FALSE,FALSE,FALSE,-1602.4749471676869,NA,psn_lst,NA,TRUE,FALSE,FALSE,NA,nonmem,psn_cov,2,2,2,0,TRUE,NA,NA,NA,126.077,265.2,2.103,NA,NA,NA
80,13,advan4,nonmem_scm,focei,57,not_converged,FALSE,FALSE,TRUE,TRUE,-1711.3557802042828,4724.550898203593,psn_lst,NA,FALSE,TRUE,TRUE,NA,nonmem,psn_cov,2,2,1,1,FALSE,NA,NA,NA,185.721,282.98,1.524,NA,NA,NA
80,13,advan4,nonmem_scm,focei,58,ok,TRUE,FALSE,FALSE,FALSE,-1648.233498518361,NA,psn_lst,NA,TRUE,FALSE,FALSE,NA,nonmem,psn_cov,2,2,2,0,TRUE,NA,NA,NA,124.063,264.34,2.131,NA,NA,NA
80,13,advan4,nonmem_scm,focei,59,not_converged,FALSE,FALSE,FALSE,FALSE,-1653.487209503668,NA,psn_lst,NA,FALSE,FALSE,TRUE,NA,nonmem,psn_cov,2,2,2,0,TRUE,NA,NA,NA,126.909,273.59,2.156,NA,NA,NA
80,13,advan4,nonmem_scm,focei,60,ok,TRUE,FALSE,FALSE,FALSE,-1648.57806513511,NA,psn_lst,NA,TRUE,FALSE,FALSE,NA,nonmem,psn_cov,2,2,2,0,TRUE,NA,NA,NA,127.087,266.77,2.099,NA,NA,NA
80,13,advan4,nonmem_scm,focei,61,ok,TRUE,FALSE,FALSE,FALSE,-1658.6445461558665,NA,psn_lst,NA,TRUE,FALSE,FALSE,NA,nonmem,psn_cov,2,2,2,0,TRUE,NA,NA,NA,125.4,271.97,2.169,NA,NA,NA
80,13,advan4,nonmem_scm,focei,62,ok,TRUE,FALSE,FALSE,FALSE,-1636.6465934017194,NA,psn_lst,NA,TRUE,FALSE,FALSE,NA,nonmem,psn_cov,2,2,1,1,FALSE,NA,NA,NA,213.062,468.8,2.2,NA,NA,NA
80,13,advan4,nonmem_scm,focei,63,ok,TRUE,FALSE,FALSE,FALSE,-1628.8524141812677,NA,psn_lst,NA,TRUE,FALSE,FALSE,NA,nonmem,psn_cov,2,2,2,0,TRUE,NA,NA,NA,125.333,271.92,2.17,NA,NA,NA
80,13,advan4,nonmem_scm,focei,64,ok,TRUE,FALSE,FALSE,FALSE,-1655.974363858271,NA,psn_lst,NA,TRUE,FALSE,FALSE,NA,nonmem,psn_cov,2,2,2,0,TRUE,NA,NA,NA,168.102,365.4,2.174,NA,NA,NA
80,13,advan4,nonmem_scm,focei,65,ok,TRUE,FALSE,FALSE,FALSE,-1685.3490659670272,NA,psn_lst,NA,TRUE,FALSE,FALSE,NA,nonmem,psn_cov,2,2,2,0,TRUE,NA,NA,NA,193.786,440.43,2.273,NA,NA,NA
80,13,advan4,nonmem_scm,focei,66,ok,TRUE,FALSE,FALSE,FALSE,-1728.7219299464944,NA,psn_lst,NA,TRUE,FALSE,FALSE,NA,nonmem,psn_cov,2,2,2,0,TRUE,NA,NA,NA,126.873,264.82,2.087,NA,NA,NA
80,13,advan4,nonmem_scm,focei,67,ok,TRUE,FALSE,FALSE,FALSE,-1662.5814652765948,NA,psn_lst,NA,TRUE,FALSE,FALSE,NA,nonmem,psn_cov,2,2,2,0,TRUE,NA,NA,NA,126.971,269.31,2.121,NA,NA,NA
80,13,advan4,nonmem_scm,focei,68,ok,TRUE,FALSE,FALSE,FALSE,-1637.5598542233229,NA,psn_lst,NA,TRUE,FALSE,FALSE,NA,nonmem,psn_cov,2,2,2,0,TRUE,NA,NA,NA,125.331,268.18,2.14,NA,NA,NA
80,13,advan4,nonmem_scm,focei,69,ok,TRUE,TRUE,TRUE,TRUE,-1674.7383635086153,13.711340206185568,psn_lst,NA,TRUE,TRUE,FALSE,NA,nonmem,psn_cov,2,2,2,0,TRUE,NA,NA,NA,124.867,266.46,2.134,NA,NA,NA
80,13,advan4,nonmem_scm,focei,70,ok,TRUE,FALSE,FALSE,FALSE,-1622.9339653433249,NA,psn_lst,NA,TRUE,FALSE,FALSE,NA,nonmem,psn_cov,2,2,2,0,TRUE,NA,NA,NA,188.92,281.68,1.491,NA,NA,NA
80,13,advan4,nonmem_scm,focei,71,ok,TRUE,TRUE,TRUE,TRUE,-1684.6573071508587,307.82608695652175,psn_lst,NA,TRUE,TRUE,FALSE,NA,nonmem,psn_cov,2,2,2,0,TRUE,NA,NA,NA,130.954,268.32,2.049,NA,NA,NA
80,13,advan4,nonmem_scm,focei,72,ok,TRUE,FALSE,FALSE,FALSE,-1652.0291628784091,NA,psn_lst,NA,TRUE,FALSE,FALSE,NA,nonmem,psn_cov,2,2,2,0,TRUE,NA,NA,NA,125.613,266.35,2.12,NA,NA,NA
80,13,advan4,nonmem_scm,focei,73,not_converged,FALSE,FALSE,FALSE,FALSE,-1690.923163573883,NA,psn_lst,NA,FALSE,FALSE,TRUE,NA,nonmem,psn_cov,2,2,2,0,TRUE,NA,NA,NA,127.726,268.12,2.099,NA,NA,NA
80,13,advan4,nonmem_scm,focei,74,ok,TRUE,FALSE,FALSE,FALSE,-1635.8320208874566,NA,psn_lst,NA,TRUE,FALSE,FALSE,NA,nonmem,psn_cov,2,2,2,0,TRUE,NA,NA,NA,130.067,281.5,2.164,NA,NA,NA
80,13,advan4,nonmem_scm,focei,75,ok,TRUE,FALSE,FALSE,FALSE,-1554.57275470339,NA,psn_lst,NA,TRUE,FALSE,FALSE,NA,nonmem,psn_cov,2,2,2,0,TRUE,NA,NA,NA,127.037,268.45,2.113,NA,NA,NA
80,13,advan4,nonmem_scm,focei,76,ok,TRUE,TRUE,TRUE,TRUE,-1684.883470641529,61.33501259445844,psn_lst,NA,TRUE,TRUE,FALSE,NA,nonmem,psn_cov,2,2,1,1,FALSE,NA,NA,NA,175.873,366.53,2.084,NA,NA,NA
80,13,advan4,nonmem_scm,focei,77,ok,TRUE,TRUE,TRUE,TRUE,-1638.2427730610968,21.925925925925924,psn_lst,NA,TRUE,TRUE,FALSE,NA,nonmem,psn_cov,2,2,1,1,FALSE,NA,NA,NA,130.291,269.31,2.067,NA,NA,NA
80,13,advan4,nonmem_scm,focei,78,ok,TRUE,FALSE,FALSE,FALSE,-1683.2846229575475,NA,psn_lst,NA,TRUE,FALSE,FALSE,NA,nonmem,psn_cov,1,2,1,0,FALSE,NA,NA,NA,252.873,380.33,1.504,NA,NA,NA
80,13,advan4,nonmem_scm,focei,79,ok,TRUE,TRUE,TRUE,TRUE,-1702.701832624232,41.55299055613851,psn_lst,NA,TRUE,TRUE,FALSE,NA,nonmem,psn_cov,3,2,1,2,FALSE,NA,NA,NA,286.947,444.08,1.548,NA,NA,NA
80,13,advan4,nonmem_scm,focei,80,ok,TRUE,FALSE,FALSE,FALSE,-1693.0395765521532,NA,psn_lst,NA,TRUE,FALSE,FALSE,NA,nonmem,psn_cov,2,2,2,0,TRUE,NA,NA,NA,160.948,341.7,2.123,NA,NA,NA
80,13,advan4,nonmem_scm,focei,81,ok,TRUE,FALSE,FALSE,FALSE,-1682.7410259246403,NA,psn_lst,NA,TRUE,FALSE,FALSE,NA,nonmem,psn_cov,3,2,2,1,FALSE,NA,NA,NA,228.99,354.66,1.549,NA,NA,NA
80,13,advan4,nonmem_scm,focei,82,ok,TRUE,TRUE,TRUE,TRUE,-1690.3232334261918,166.3551401869159,psn_lst,NA,TRUE,TRUE,FALSE,NA,nonmem,psn_cov,2,2,2,0,TRUE,NA,NA,NA,125,266.31,2.13,NA,NA,NA
80,13,advan4,nonmem_scm,focei,83,ok,TRUE,FALSE,FALSE,FALSE,-1623.2917835134629,NA,psn_lst,NA,TRUE,FALSE,FALSE,NA,nonmem,psn_cov,2,2,2,0,TRUE,NA,NA,NA,127.694,269.69,2.112,NA,NA,NA
80,13,advan4,nonmem_scm,focei,84,ok,TRUE,TRUE,TRUE,TRUE,-1610.944309053778,365.7142857142857,psn_lst,NA,TRUE,TRUE,FALSE,NA,nonmem,psn_cov,2,2,2,0,TRUE,NA,NA,NA,125.821,267.32,2.125,NA,NA,NA
80,13,advan4,nonmem_scm,focei,85,not_converged,FALSE,TRUE,TRUE,TRUE,-1601.0239528451984,30.865384615384617,psn_lst,NA,FALSE,TRUE,TRUE,NA,nonmem,psn_cov,2,2,2,0,TRUE,NA,NA,NA,127.746,264.57,2.071,NA,NA,NA
80,13,advan4,nonmem_scm,focei,86,ok,TRUE,FALSE,FALSE,FALSE,-1649.052972023601,NA,psn_lst,NA,TRUE,FALSE,FALSE,NA,nonmem,psn_cov,2,2,2,0,TRUE,NA,NA,NA,132.451,269.62,2.036,NA,NA,NA
80,13,advan4,nonmem_scm,focei,87,not_converged,FALSE,FALSE,FALSE,FALSE,-1651.666656221664,NA,psn_lst,NA,FALSE,FALSE,TRUE,NA,nonmem,psn_cov,2,2,2,0,TRUE,NA,NA,NA,132.071,269.57,2.041,NA,NA,NA
80,13,advan4,nonmem_scm,focei,88,ok,TRUE,FALSE,TRUE,TRUE,-1578.4595144391574,705072.463768116,psn_lst,NA,TRUE,TRUE,FALSE,NA,nonmem,psn_cov,2,2,1,1,FALSE,NA,NA,NA,164.042,353.66,2.156,NA,NA,NA
80,13,advan4,nonmem_scm,focei,89,ok,TRUE,FALSE,FALSE,FALSE,-1622.6014651137384,NA,psn_lst,NA,TRUE,FALSE,FALSE,NA,nonmem,psn_cov,2,2,2,0,TRUE,NA,NA,NA,137.461,272.34,1.981,NA,NA,NA
80,13,advan4,nonmem_scm,focei,90,not_converged,FALSE,FALSE,FALSE,FALSE,-1655.7575652676694,NA,psn_lst,NA,FALSE,FALSE,TRUE,NA,nonmem,psn_cov,2,2,2,0,TRUE,NA,NA,NA,180.738,277.76,1.537,NA,NA,NA
80,13,advan4,nonmem_scm,focei,91,ok,TRUE,FALSE,FALSE,FALSE,-1646.470739019106,NA,psn_lst,NA,TRUE,FALSE,FALSE,NA,nonmem,psn_cov,2,2,2,0,TRUE,NA,NA,NA,160.988,362.9,2.254,NA,NA,NA
80,13,advan4,nonmem_scm,focei,92,not_converged,FALSE,TRUE,TRUE,TRUE,-1588.6319344204594,29.365079365079367,psn_lst,NA,FALSE,TRUE,TRUE,NA,nonmem,psn_cov,2,2,2,0,TRUE,NA,NA,NA,242.337,542.69,2.239,NA,NA,NA
80,13,advan4,nonmem_scm,focei,93,ok,TRUE,FALSE,FALSE,FALSE,-1644.2573160018148,NA,psn_lst,NA,TRUE,FALSE,FALSE,NA,nonmem,psn_cov,2,2,2,0,TRUE,NA,NA,NA,133.739,269.8,2.017,NA,NA,NA
80,13,advan4,nonmem_scm,focei,94,ok,TRUE,FALSE,FALSE,FALSE,-1693.8815518067038,NA,psn_lst,NA,TRUE,FALSE,FALSE,NA,nonmem,psn_cov,2,2,2,0,TRUE,NA,NA,NA,128.821,267.94,2.08,NA,NA,NA
80,13,advan4,nonmem_scm,focei,95,ok,TRUE,FALSE,TRUE,TRUE,-1629.5240973190153,1179.7323135755255,psn_lst,NA,TRUE,TRUE,FALSE,NA,nonmem,psn_cov,2,2,2,0,TRUE,NA,NA,NA,122.35,274.03,2.24,NA,NA,NA
80,13,advan4,nonmem_scm,focei,96,ok,TRUE,FALSE,FALSE,FALSE,-1620.9633256147029,NA,psn_lst,NA,TRUE,FALSE,FALSE,NA,nonmem,psn_cov,2,2,2,0,TRUE,NA,NA,NA,191.831,285.07,1.486,NA,NA,NA
80,13,advan4,nonmem_scm,focei,97,ok,TRUE,FALSE,FALSE,FALSE,-1717.06223572993,NA,psn_lst,NA,TRUE,FALSE,FALSE,NA,nonmem,psn_cov,2,2,2,0,TRUE,NA,NA,NA,162.485,362,2.228,NA,NA,NA
80,13,advan4,nonmem_scm,focei,98,ok,TRUE,FALSE,FALSE,FALSE,-1589.6249488191268,NA,psn_lst,NA,TRUE,FALSE,FALSE,NA,nonmem,psn_cov,2,2,1,1,FALSE,NA,NA,NA,127.331,268.66,2.11,NA,NA,NA
80,13,advan4,nonmem_scm,focei,99,ok,TRUE,FALSE,FALSE,FALSE,-1643.054346474995,NA,psn_lst,NA,TRUE,FALSE,FALSE,NA,nonmem,psn_cov,2,2,2,0,TRUE,NA,NA,NA,135.078,271.51,2.01,NA,NA,NA
80,13,advan4,nonmem_scm,focei,100,ok,TRUE,FALSE,FALSE,FALSE,-1658.48649769996,NA,psn_lst,NA,TRUE,FALSE,FALSE,NA,nonmem,psn_cov,2,2,2,0,TRUE,NA,NA,NA,128.37,266.7,2.078,NA,NA,NA
80,14,advan4,nonmem_scm,focei,1,ok,TRUE,FALSE,TRUE,TRUE,-1651.249893816013,12623.762376237622,psn_lst,NA,TRUE,TRUE,FALSE,NA,nonmem,psn_cov,3,3,3,0,TRUE,NA,NA,NA,155.813,335.42,2.153,NA,NA,NA
80,14,advan4,nonmem_scm,focei,2,ok,TRUE,FALSE,TRUE,TRUE,-1608.6938277852926,164788.7323943662,psn_lst,NA,TRUE,TRUE,FALSE,NA,nonmem,psn_cov,3,3,3,0,TRUE,NA,NA,NA,158.134,343.37,2.171,NA,NA,NA
80,14,advan4,nonmem_scm,focei,3,ok,TRUE,FALSE,FALSE,FALSE,-1625.5009048267425,NA,psn_lst,NA,TRUE,FALSE,FALSE,NA,nonmem,psn_cov,3,3,3,0,TRUE,NA,NA,NA,187.61,434.27,2.315,NA,NA,NA
80,14,advan4,nonmem_scm,focei,4,not_converged,FALSE,TRUE,TRUE,TRUE,-1575.52416490493,77.62128325508607,psn_lst,NA,FALSE,TRUE,TRUE,NA,nonmem,psn_cov,4,3,3,1,FALSE,NA,NA,NA,179.079,397.9,2.222,NA,NA,NA
80,14,advan4,nonmem_scm,focei,5,ok,TRUE,FALSE,FALSE,FALSE,-1626.8400609810233,NA,psn_lst,NA,TRUE,FALSE,FALSE,NA,nonmem,psn_cov,3,3,3,0,TRUE,NA,NA,NA,198.835,426.93,2.147,NA,NA,NA
80,14,advan4,nonmem_scm,focei,6,ok,TRUE,FALSE,FALSE,FALSE,-1650.1527188403156,NA,psn_lst,NA,TRUE,FALSE,FALSE,NA,nonmem,psn_cov,3,3,3,0,TRUE,NA,NA,NA,230.915,361.12,1.564,NA,NA,NA
80,14,advan4,nonmem_scm,focei,7,ok,TRUE,FALSE,FALSE,FALSE,-1638.7581670742688,NA,psn_lst,NA,TRUE,FALSE,FALSE,NA,nonmem,psn_cov,2,3,2,0,FALSE,NA,NA,NA,164.507,362.23,2.202,NA,NA,NA
80,14,advan4,nonmem_scm,focei,8,not_converged,FALSE,FALSE,FALSE,FALSE,-1656.1487572008002,NA,psn_lst,NA,FALSE,FALSE,TRUE,NA,nonmem,psn_cov,3,3,2,1,FALSE,NA,NA,NA,167.64,360.74,2.152,NA,NA,NA
80,14,advan4,nonmem_scm,focei,9,not_converged,FALSE,FALSE,FALSE,FALSE,-1700.125704241913,NA,psn_lst,NA,FALSE,FALSE,TRUE,NA,nonmem,psn_cov,3,3,3,0,TRUE,NA,NA,NA,152.226,340.94,2.24,NA,NA,NA
80,14,advan4,nonmem_scm,focei,10,not_converged,FALSE,TRUE,TRUE,TRUE,-1675.288602974937,50.13661202185792,psn_lst,NA,FALSE,TRUE,TRUE,NA,nonmem,psn_cov,3,3,3,0,TRUE,NA,NA,NA,157.809,342.66,2.171,NA,NA,NA
80,14,advan4,nonmem_scm,focei,11,not_converged,FALSE,FALSE,FALSE,FALSE,-1648.1192335720082,NA,psn_lst,NA,FALSE,FALSE,TRUE,NA,nonmem,psn_cov,3,3,3,0,TRUE,NA,NA,NA,172.384,352.92,2.047,NA,NA,NA
80,14,advan4,nonmem_scm,focei,12,ok,TRUE,FALSE,FALSE,FALSE,-1632.8955943759288,NA,psn_lst,NA,TRUE,FALSE,FALSE,NA,nonmem,psn_cov,3,3,3,0,TRUE,NA,NA,NA,155.273,338.44,2.18,NA,NA,NA
80,14,advan4,nonmem_scm,focei,13,ok,TRUE,FALSE,FALSE,FALSE,-1621.8526702368354,NA,psn_lst,NA,TRUE,FALSE,FALSE,NA,nonmem,psn_cov,3,3,3,0,TRUE,NA,NA,NA,153.541,337.75,2.2,NA,NA,NA
80,14,advan4,nonmem_scm,focei,14,ok,TRUE,FALSE,FALSE,FALSE,-1643.881578682217,NA,psn_lst,NA,TRUE,FALSE,FALSE,NA,nonmem,psn_cov,3,3,3,0,TRUE,NA,NA,NA,199.034,437.57,2.198,NA,NA,NA
80,14,advan4,nonmem_scm,focei,15,ok,TRUE,FALSE,FALSE,FALSE,-1618.3403279682066,NA,psn_lst,NA,TRUE,FALSE,FALSE,NA,nonmem,psn_cov,3,3,2,1,FALSE,NA,NA,NA,209.399,449.93,2.149,NA,NA,NA
80,14,advan4,nonmem_scm,focei,16,not_converged,FALSE,FALSE,FALSE,FALSE,-1640.9119210533445,NA,psn_lst,NA,FALSE,FALSE,TRUE,NA,nonmem,psn_cov,3,3,3,0,TRUE,NA,NA,NA,161.116,354.4,2.2,NA,NA,NA
80,14,advan4,nonmem_scm,focei,17,ok,TRUE,TRUE,TRUE,TRUE,-1623.6897514257332,41.9953596287703,psn_lst,NA,TRUE,TRUE,FALSE,NA,nonmem,psn_cov,3,3,3,0,TRUE,NA,NA,NA,154.408,345.11,2.235,NA,NA,NA
80,14,advan4,nonmem_scm,focei,18,ok,TRUE,TRUE,TRUE,TRUE,-1665.5218315710752,575.8928571428571,psn_lst,NA,TRUE,TRUE,FALSE,NA,nonmem,psn_cov,3,3,3,0,TRUE,NA,NA,NA,166.897,348.33,2.087,NA,NA,NA
80,14,advan4,nonmem_scm,focei,19,ok,TRUE,FALSE,FALSE,FALSE,-1689.6220844177326,NA,psn_lst,NA,TRUE,FALSE,FALSE,NA,nonmem,psn_cov,3,3,3,0,TRUE,NA,NA,NA,152.349,333.84,2.191,NA,NA,NA
80,14,advan4,nonmem_scm,focei,20,not_converged,FALSE,FALSE,FALSE,FALSE,-1497.1204474175631,NA,psn_lst,NA,FALSE,FALSE,TRUE,NA,nonmem,psn_cov,3,3,3,0,TRUE,NA,NA,NA,162.265,350.97,2.163,NA,NA,NA
80,14,advan4,nonmem_scm,focei,21,ok,TRUE,TRUE,TRUE,TRUE,-1593.1551982604965,20.774647887323948,psn_lst,NA,TRUE,TRUE,FALSE,NA,nonmem,psn_cov,3,3,2,1,FALSE,NA,NA,NA,157.99,336.71,2.131,NA,NA,NA
80,14,advan4,nonmem_scm,focei,22,ok,TRUE,FALSE,FALSE,FALSE,-1583.2661097468213,NA,psn_lst,NA,TRUE,FALSE,FALSE,NA,nonmem,psn_cov,3,3,3,0,TRUE,NA,NA,NA,231.312,357.55,1.546,NA,NA,NA
80,14,advan4,nonmem_scm,focei,23,ok,TRUE,FALSE,FALSE,FALSE,-1652.53078919163,NA,psn_lst,NA,TRUE,FALSE,FALSE,NA,nonmem,psn_cov,3,3,3,0,TRUE,NA,NA,NA,195.127,434.07,2.225,NA,NA,NA
80,14,advan4,nonmem_scm,focei,24,not_converged,FALSE,FALSE,FALSE,FALSE,-1630.1182251663463,NA,psn_lst,NA,FALSE,FALSE,TRUE,NA,nonmem,psn_cov,3,3,3,0,TRUE,NA,NA,NA,157.422,342.21,2.174,NA,NA,NA
80,14,advan4,nonmem_scm,focei,25,ok,TRUE,TRUE,TRUE,TRUE,-1680.62960194189,197.02970297029705,psn_lst,NA,TRUE,TRUE,FALSE,NA,nonmem,psn_cov,3,3,3,0,TRUE,NA,NA,NA,153.797,336.36,2.187,NA,NA,NA
80,14,advan4,nonmem_scm,focei,26,not_converged,FALSE,FALSE,FALSE,FALSE,-1640.4081228648054,NA,psn_lst,NA,FALSE,FALSE,TRUE,NA,nonmem,psn_cov,3,3,3,0,TRUE,NA,NA,NA,151.615,331.75,2.188,NA,NA,NA
80,14,advan4,nonmem_scm,focei,27,ok,TRUE,FALSE,FALSE,FALSE,-1655.1986394025753,NA,psn_lst,NA,TRUE,FALSE,FALSE,NA,nonmem,psn_cov,3,3,3,0,TRUE,NA,NA,NA,156.267,343.99,2.201,NA,NA,NA
80,14,advan4,nonmem_scm,focei,28,not_converged,FALSE,FALSE,FALSE,FALSE,-1582.3855058236984,NA,psn_lst,NA,FALSE,FALSE,TRUE,NA,nonmem,psn_cov,3,3,3,0,TRUE,NA,NA,NA,155.438,335.34,2.157,NA,NA,NA
80,14,advan4,nonmem_scm,focei,29,ok,TRUE,FALSE,FALSE,FALSE,-1523.4801203226712,NA,psn_lst,NA,TRUE,FALSE,FALSE,NA,nonmem,psn_cov,3,3,3,0,TRUE,NA,NA,NA,294.73,460.74,1.563,NA,NA,NA
80,14,advan4,nonmem_scm,focei,30,ok,TRUE,FALSE,FALSE,FALSE,-1632.3223231172417,NA,psn_lst,NA,TRUE,FALSE,FALSE,NA,nonmem,psn_cov,3,3,3,0,TRUE,NA,NA,NA,154.674,332.89,2.152,NA,NA,NA
80,14,advan4,nonmem_scm,focei,31,ok,TRUE,FALSE,FALSE,FALSE,-1675.3185230954591,NA,psn_lst,NA,TRUE,FALSE,FALSE,NA,nonmem,psn_cov,3,3,3,0,TRUE,NA,NA,NA,224.281,346.97,1.547,NA,NA,NA
80,14,advan4,nonmem_scm,focei,32,ok,TRUE,FALSE,FALSE,FALSE,-1603.0790333163477,NA,psn_lst,NA,TRUE,FALSE,FALSE,NA,nonmem,psn_cov,3,3,2,1,FALSE,NA,NA,NA,297.323,462.92,1.557,NA,NA,NA
80,14,advan4,nonmem_scm,focei,33,not_converged,FALSE,FALSE,FALSE,FALSE,-1654.9490585379947,NA,psn_lst,NA,FALSE,FALSE,TRUE,NA,nonmem,psn_cov,2,3,2,0,FALSE,NA,NA,NA,153.598,347.18,2.26,NA,NA,NA
80,14,advan4,nonmem_scm,focei,34,ok,TRUE,FALSE,FALSE,FALSE,-1618.5215579243911,NA,psn_lst,NA,TRUE,FALSE,FALSE,NA,nonmem,psn_cov,3,3,3,0,TRUE,NA,NA,NA,224.252,348.14,1.552,NA,NA,NA
80,14,advan4,nonmem_scm,focei,35,ok,TRUE,TRUE,TRUE,TRUE,-1682.8987497135563,71.16564417177914,psn_lst,NA,TRUE,TRUE,FALSE,NA,nonmem,psn_cov,3,3,3,0,TRUE,NA,NA,NA,153.062,337.85,2.207,NA,NA,NA
80,14,advan4,nonmem_scm,focei,36,ok,TRUE,TRUE,TRUE,TRUE,-1614.613672071426,128.35443037974684,psn_lst,NA,TRUE,TRUE,FALSE,NA,nonmem,psn_cov,3,3,2,1,FALSE,NA,NA,NA,234.263,361.44,1.543,NA,NA,NA
80,14,advan4,nonmem_scm,focei,37,not_converged,FALSE,FALSE,FALSE,FALSE,-1634.4114992551106,NA,psn_lst,NA,FALSE,FALSE,TRUE,NA,nonmem,psn_cov,3,3,3,0,TRUE,NA,NA,NA,157.753,333.78,2.116,NA,NA,NA
80,14,advan4,nonmem_scm,focei,38,not_converged,FALSE,TRUE,TRUE,TRUE,-1610.8246662897934,570.9219858156029,psn_lst,NA,FALSE,TRUE,TRUE,NA,nonmem,psn_cov,3,3,3,0,TRUE,NA,NA,NA,152.004,331.72,2.182,NA,NA,NA
80,14,advan4,nonmem_scm,focei,39,ok,TRUE,FALSE,FALSE,FALSE,-1673.507928588462,NA,psn_lst,NA,TRUE,FALSE,FALSE,NA,nonmem,psn_cov,3,3,3,0,TRUE,NA,NA,NA,227.153,352,1.55,NA,NA,NA
80,14,advan4,nonmem_scm,focei,40,ok,TRUE,FALSE,FALSE,FALSE,-1654.6047990617778,NA,psn_lst,NA,TRUE,FALSE,FALSE,NA,nonmem,psn_cov,3,3,3,0,TRUE,NA,NA,NA,244.655,361.39,1.477,NA,NA,NA
80,14,advan4,nonmem_scm,focei,41,ok,TRUE,TRUE,TRUE,TRUE,-1621.6260699828715,75.53017944535073,psn_lst,NA,TRUE,TRUE,FALSE,NA,nonmem,psn_cov,3,3,3,0,TRUE,NA,NA,NA,150.593,334.62,2.222,NA,NA,NA
80,14,advan4,nonmem_scm,focei,42,ok,TRUE,TRUE,TRUE,TRUE,-1719.961580526174,127.56756756756756,psn_lst,NA,TRUE,TRUE,FALSE,NA,nonmem,psn_cov,3,3,3,0,TRUE,NA,NA,NA,152.507,329.84,2.163,NA,NA,NA
80,14,advan4,nonmem_scm,focei,43,ok,TRUE,FALSE,TRUE,TRUE,-1530.6001697086515,72108.84353741497,psn_lst,NA,TRUE,TRUE,FALSE,NA,nonmem,psn_cov,3,3,3,0,TRUE,NA,NA,NA,289.872,448.24,1.546,NA,NA,NA
80,14,advan4,nonmem_scm,focei,44,ok,TRUE,TRUE,TRUE,TRUE,-1605.3007591940748,32.08,psn_lst,NA,TRUE,TRUE,FALSE,NA,nonmem,psn_cov,3,3,2,1,FALSE,NA,NA,NA,196.063,444.88,2.269,NA,NA,NA
80,14,advan4,nonmem_scm,focei,45,ok,TRUE,FALSE,FALSE,FALSE,-1675.7507804588715,NA,psn_lst,NA,TRUE,FALSE,FALSE,NA,nonmem,psn_cov,3,3,3,0,TRUE,NA,NA,NA,243.553,361.39,1.484,NA,NA,NA
80,14,advan4,nonmem_scm,focei,46,not_converged,FALSE,TRUE,TRUE,TRUE,-1610.329689035723,76.32058287795994,psn_lst,NA,FALSE,TRUE,TRUE,NA,nonmem,psn_cov,3,3,3,0,TRUE,NA,NA,NA,233.518,357.48,1.531,NA,NA,NA
80,14,advan4,nonmem_scm,focei,47,ok,TRUE,FALSE,FALSE,FALSE,-1624.8974318425765,NA,psn_lst,NA,TRUE,FALSE,FALSE,NA,nonmem,psn_cov,3,3,3,0,TRUE,NA,NA,NA,225.911,346.46,1.534,NA,NA,NA
80,14,advan4,nonmem_scm,focei,48,ok,TRUE,FALSE,FALSE,FALSE,-1616.743985090147,NA,psn_lst,NA,TRUE,FALSE,FALSE,NA,nonmem,psn_cov,3,3,3,0,TRUE,NA,NA,NA,167.958,344.73,2.052,NA,NA,NA
80,14,advan4,nonmem_scm,focei,49,ok,TRUE,FALSE,FALSE,FALSE,-1631.5215302215372,NA,psn_lst,NA,TRUE,FALSE,FALSE,NA,nonmem,psn_cov,3,3,3,0,TRUE,NA,NA,NA,159.027,346.33,2.178,NA,NA,NA
80,14,advan4,nonmem_scm,focei,50,ok,TRUE,FALSE,FALSE,FALSE,-1667.34091383545,NA,psn_lst,NA,TRUE,FALSE,FALSE,NA,nonmem,psn_cov,3,3,3,0,TRUE,NA,NA,NA,235.911,372.06,1.577,NA,NA,NA
80,14,advan4,nonmem_scm,focei,51,ok,TRUE,FALSE,FALSE,FALSE,-1671.8624103419102,NA,psn_lst,NA,TRUE,FALSE,FALSE,NA,nonmem,psn_cov,3,3,3,0,TRUE,NA,NA,NA,234.216,348.86,1.489,NA,NA,NA
80,14,advan4,nonmem_scm,focei,52,ok,TRUE,FALSE,FALSE,FALSE,-1574.454290864831,NA,psn_lst,NA,TRUE,FALSE,FALSE,NA,nonmem,psn_cov,3,3,3,0,TRUE,NA,NA,NA,247.047,355.31,1.438,NA,NA,NA
80,14,advan4,nonmem_scm,focei,53,ok,TRUE,FALSE,FALSE,FALSE,-1613.181607619695,NA,psn_lst,NA,TRUE,FALSE,FALSE,NA,nonmem,psn_cov,3,3,3,0,TRUE,NA,NA,NA,226.636,349.46,1.542,NA,NA,NA
80,14,advan4,nonmem_scm,focei,54,ok,TRUE,FALSE,FALSE,FALSE,-1619.6690909805611,NA,psn_lst,NA,TRUE,FALSE,FALSE,NA,nonmem,psn_cov,2,3,2,0,FALSE,NA,NA,NA,240.997,377.34,1.566,NA,NA,NA
80,14,advan4,nonmem_scm,focei,55,ok,TRUE,FALSE,TRUE,TRUE,-1702.5697457652757,2924.778761061947,psn_lst,NA,TRUE,TRUE,FALSE,NA,nonmem,psn_cov,3,3,3,0,TRUE,NA,NA,NA,223.02,346.69,1.555,NA,NA,NA
80,14,advan4,nonmem_scm,focei,56,ok,TRUE,TRUE,TRUE,TRUE,-1581.355024003521,229.43396226415095,psn_lst,NA,TRUE,TRUE,FALSE,NA,nonmem,psn_cov,3,3,3,0,TRUE,NA,NA,NA,148.553,342.29,2.304,NA,NA,NA
80,14,advan4,nonmem_scm,focei,57,ok,TRUE,FALSE,FALSE,FALSE,-1646.1664477845566,NA,psn_lst,NA,TRUE,FALSE,FALSE,NA,nonmem,psn_cov,3,3,3,0,TRUE,NA,NA,NA,240.462,363.36,1.511,NA,NA,NA
80,14,advan4,nonmem_scm,focei,58,ok,TRUE,TRUE,TRUE,TRUE,-1710.8521075383571,22.374100719424455,psn_lst,NA,TRUE,TRUE,FALSE,NA,nonmem,psn_cov,3,3,3,0,TRUE,NA,NA,NA,151.647,333.22,2.197,NA,NA,NA
80,14,advan4,nonmem_scm,focei,59,ok,TRUE,FALSE,FALSE,FALSE,-1583.8326813561291,NA,psn_lst,NA,TRUE,FALSE,FALSE,NA,nonmem,psn_cov,5,3,3,2,FALSE,NA,NA,NA,317.686,480.27,1.512,NA,NA,NA
80,14,advan4,nonmem_scm,focei,60,ok,TRUE,FALSE,FALSE,FALSE,-1621.532296947162,NA,psn_lst,NA,TRUE,FALSE,FALSE,NA,nonmem,psn_cov,3,3,3,0,TRUE,NA,NA,NA,192.375,423.41,2.201,NA,NA,NA
80,14,advan4,nonmem_scm,focei,61,not_converged,FALSE,FALSE,FALSE,FALSE,-1626.8182408036132,NA,psn_lst,NA,FALSE,FALSE,TRUE,NA,nonmem,psn_cov,3,3,3,0,TRUE,NA,NA,NA,229.892,346.27,1.506,NA,NA,NA
80,14,advan4,nonmem_scm,focei,62,ok,TRUE,FALSE,FALSE,FALSE,-1653.798846231059,NA,psn_lst,NA,TRUE,FALSE,FALSE,NA,nonmem,psn_cov,3,3,3,0,TRUE,NA,NA,NA,305.495,462.29,1.513,NA,NA,NA
80,14,advan4,nonmem_scm,focei,63,ok,TRUE,TRUE,TRUE,TRUE,-1673.4292626765784,944.0654843110505,psn_lst,NA,TRUE,TRUE,FALSE,NA,nonmem,psn_cov,3,3,3,0,TRUE,NA,NA,NA,151.897,333.53,2.196,NA,NA,NA
80,14,advan4,nonmem_scm,focei,64,ok,TRUE,FALSE,FALSE,FALSE,-1609.8109373325146,NA,psn_lst,NA,TRUE,FALSE,FALSE,NA,nonmem,psn_cov,3,3,3,0,TRUE,NA,NA,NA,148.832,331.45,2.227,NA,NA,NA
80,14,advan4,nonmem_scm,focei,65,ok,TRUE,FALSE,FALSE,FALSE,-1649.7938449555013,NA,psn_lst,NA,TRUE,FALSE,FALSE,NA,nonmem,psn_cov,3,3,3,0,TRUE,NA,NA,NA,192.068,418.28,2.178,NA,NA,NA
80,14,advan4,nonmem_scm,focei,66,ok,TRUE,FALSE,FALSE,FALSE,-1740.0419368720409,NA,psn_lst,NA,TRUE,FALSE,FALSE,NA,nonmem,psn_cov,3,3,3,0,TRUE,NA,NA,NA,297.437,459.25,1.544,NA,NA,NA
80,14,advan4,nonmem_scm,focei,67,ok,TRUE,TRUE,TRUE,TRUE,-1654.4579721631546,163.88888888888889,psn_lst,NA,TRUE,TRUE,FALSE,NA,nonmem,psn_cov,3,3,3,0,TRUE,NA,NA,NA,283.646,452.72,1.596,NA,NA,NA
80,14,advan4,nonmem_scm,focei,68,not_converged,FALSE,FALSE,FALSE,FALSE,-1554.906553078975,NA,psn_lst,NA,FALSE,FALSE,TRUE,NA,nonmem,psn_cov,3,3,3,0,TRUE,NA,NA,NA,284.841,436.47,1.532,NA,NA,NA
80,14,advan4,nonmem_scm,focei,69,ok,TRUE,FALSE,TRUE,TRUE,-1609.5694199795876,2581.1688311688313,psn_lst,NA,TRUE,TRUE,FALSE,NA,nonmem,psn_cov,3,3,3,0,TRUE,NA,NA,NA,222.876,342.49,1.537,NA,NA,NA
80,14,advan4,nonmem_scm,focei,70,ok,TRUE,TRUE,TRUE,TRUE,-1654.6342251263154,10.687022900763358,psn_lst,NA,TRUE,TRUE,FALSE,NA,nonmem,psn_cov,3,3,2,1,FALSE,NA,NA,NA,168.317,347.21,2.063,NA,NA,NA
80,14,advan4,nonmem_scm,focei,71,ok,TRUE,FALSE,FALSE,FALSE,-1658.5282406888002,NA,psn_lst,NA,TRUE,FALSE,FALSE,NA,nonmem,psn_cov,2,3,2,0,FALSE,NA,NA,NA,238.873,364.33,1.525,NA,NA,NA
80,14,advan4,nonmem_scm,focei,72,not_converged,FALSE,FALSE,FALSE,FALSE,-1679.7803921019863,NA,psn_lst,NA,FALSE,FALSE,TRUE,NA,nonmem,psn_cov,3,3,3,0,TRUE,NA,NA,NA,162.714,346.69,2.131,NA,NA,NA
80,14,advan4,nonmem_scm,focei,73,ok,TRUE,FALSE,FALSE,FALSE,-1633.0873605053569,NA,psn_lst,NA,TRUE,FALSE,FALSE,NA,nonmem,psn_cov,3,3,3,0,TRUE,NA,NA,NA,283.126,451.87,1.596,NA,NA,NA
80,14,advan4,nonmem_scm,focei,74,ok,TRUE,FALSE,TRUE,TRUE,-1625.5791169071329,2051.7711171662127,psn_lst,NA,TRUE,TRUE,FALSE,NA,nonmem,psn_cov,3,3,3,0,TRUE,NA,NA,NA,224.148,338.53,1.51,NA,NA,NA
80,14,advan4,nonmem_scm,focei,75,ok,TRUE,FALSE,FALSE,FALSE,-1600.7596264196466,NA,psn_lst,NA,TRUE,FALSE,FALSE,NA,nonmem,psn_cov,3,3,3,0,TRUE,NA,NA,NA,159.918,353.56,2.211,NA,NA,NA
80,14,advan4,nonmem_scm,focei,76,ok,TRUE,TRUE,TRUE,TRUE,-1589.8565163865676,52.071005917159766,psn_lst,NA,TRUE,TRUE,FALSE,NA,nonmem,psn_cov,3,3,3,0,TRUE,NA,NA,NA,281.228,438.45,1.559,NA,NA,NA
80,14,advan4,nonmem_scm,focei,77,not_converged,FALSE,FALSE,FALSE,FALSE,-1576.3719611855815,NA,psn_lst,NA,FALSE,FALSE,TRUE,NA,nonmem,psn_cov,3,3,2,1,FALSE,NA,NA,NA,247.188,367.69,1.487,NA,NA,NA
80,14,advan4,nonmem_scm,focei,78,ok,TRUE,FALSE,FALSE,FALSE,-1678.1230513156938,NA,psn_lst,NA,TRUE,FALSE,FALSE,NA,nonmem,psn_cov,3,3,3,0,TRUE,NA,NA,NA,245.67,364.78,1.485,NA,NA,NA
80,14,advan4,nonmem_scm,focei,79,ok,TRUE,TRUE,TRUE,TRUE,-1567.8054524930835,33.235294117647065,psn_lst,NA,TRUE,TRUE,FALSE,NA,nonmem,psn_cov,3,3,3,0,TRUE,NA,NA,NA,245.241,362.14,1.477,NA,NA,NA
80,14,advan4,nonmem_scm,focei,80,ok,TRUE,FALSE,FALSE,FALSE,-1701.9644729673887,NA,psn_lst,NA,TRUE,FALSE,FALSE,NA,nonmem,psn_cov,3,3,2,1,FALSE,NA,NA,NA,237.875,379.7,1.596,NA,NA,NA
80,14,advan4,nonmem_scm,focei,81,ok,TRUE,FALSE,FALSE,FALSE,-1571.960759896505,NA,psn_lst,NA,TRUE,FALSE,FALSE,NA,nonmem,psn_cov,3,3,3,0,TRUE,NA,NA,NA,239.94,366.96,1.529,NA,NA,NA
80,14,advan4,nonmem_scm,focei,82,ok,TRUE,TRUE,TRUE,TRUE,-1711.991882166849,175,psn_lst,NA,TRUE,TRUE,FALSE,NA,nonmem,psn_cov,3,3,3,0,TRUE,NA,NA,NA,234.553,361.47,1.541,NA,NA,NA
80,14,advan4,nonmem_scm,focei,83,ok,TRUE,FALSE,FALSE,FALSE,-1622.30805081087,NA,psn_lst,NA,TRUE,FALSE,FALSE,NA,nonmem,psn_cov,3,3,3,0,TRUE,NA,NA,NA,304.74,459.89,1.509,NA,NA,NA
80,14,advan4,nonmem_scm,focei,84,ok,TRUE,FALSE,FALSE,FALSE,-1575.9837695567892,NA,psn_lst,NA,TRUE,FALSE,FALSE,NA,nonmem,psn_cov,3,3,3,0,TRUE,NA,NA,NA,233.835,359.03,1.535,NA,NA,NA
80,14,advan4,nonmem_scm,focei,85,ok,TRUE,FALSE,TRUE,TRUE,-1607.001892829314,1931.330472103004,psn_lst,NA,TRUE,TRUE,FALSE,NA,nonmem,psn_cov,3,3,3,0,TRUE,NA,NA,NA,234.724,363.56,1.549,NA,NA,NA
80,14,advan4,nonmem_scm,focei,86,ok,TRUE,TRUE,TRUE,TRUE,-1659.7996120277808,116.8168168168168,psn_lst,NA,TRUE,TRUE,FALSE,NA,nonmem,psn_cov,3,3,3,0,TRUE,NA,NA,NA,296.615,456.85,1.54,NA,NA,NA
80,14,advan4,nonmem_scm,focei,87,ok,TRUE,FALSE,FALSE,FALSE,-1593.2240238809154,NA,psn_lst,NA,TRUE,FALSE,FALSE,NA,nonmem,psn_cov,3,3,3,0,TRUE,NA,NA,NA,147.54,330.1,2.237,NA,NA,NA
80,14,advan4,nonmem_scm,focei,88,ok,TRUE,FALSE,FALSE,FALSE,-1604.549413897157,NA,psn_lst,NA,TRUE,FALSE,FALSE,NA,nonmem,psn_cov,3,3,3,0,TRUE,NA,NA,NA,259.446,397.4,1.532,NA,NA,NA
80,14,advan4,nonmem_scm,focei,89,ok,TRUE,FALSE,TRUE,TRUE,-1602.7296290865688,2836.3636363636365,psn_lst,NA,TRUE,TRUE,FALSE,NA,nonmem,psn_cov,3,3,3,0,TRUE,NA,NA,NA,156.999,331.79,2.113,NA,NA,NA
80,14,advan4,nonmem_scm,focei,90,ok,TRUE,FALSE,FALSE,FALSE,-1610.8077747778143,NA,psn_lst,NA,TRUE,FALSE,FALSE,NA,nonmem,psn_cov,3,3,3,0,TRUE,NA,NA,NA,184.539,418.21,2.266,NA,NA,NA
80,14,advan4,nonmem_scm,focei,91,not_converged,FALSE,FALSE,FALSE,FALSE,-1603.8897625142556,NA,psn_lst,NA,FALSE,FALSE,TRUE,NA,nonmem,psn_cov,3,3,3,0,TRUE,NA,NA,NA,246.402,364.12,1.478,NA,NA,NA
80,14,advan4,nonmem_scm,focei,92,ok,TRUE,FALSE,FALSE,FALSE,-1636.0695201184926,NA,psn_lst,NA,TRUE,FALSE,FALSE,NA,nonmem,psn_cov,3,3,3,0,TRUE,NA,NA,NA,154.297,325.46,2.109,NA,NA,NA
80,14,advan4,nonmem_scm,focei,93,ok,TRUE,TRUE,TRUE,TRUE,-1613.8974705267058,65.85788561525129,psn_lst,NA,TRUE,TRUE,FALSE,NA,nonmem,psn_cov,3,3,3,0,TRUE,NA,NA,NA,244.613,365.48,1.494,NA,NA,NA
80,14,advan4,nonmem_scm,focei,94,ok,TRUE,FALSE,FALSE,FALSE,-1631.3420560536754,NA,psn_lst,NA,TRUE,FALSE,FALSE,NA,nonmem,psn_cov,3,3,3,0,TRUE,NA,NA,NA,225.397,342.87,1.521,NA,NA,NA
80,14,advan4,nonmem_scm,focei,95,not_converged,FALSE,FALSE,FALSE,FALSE,-1633.59055248831,NA,psn_lst,NA,FALSE,FALSE,TRUE,NA,nonmem,psn_cov,3,3,3,0,TRUE,NA,NA,NA,154.562,346.94,2.245,NA,NA,NA
80,14,advan4,nonmem_scm,focei,96,ok,TRUE,FALSE,FALSE,FALSE,-1589.229016509795,NA,psn_lst,NA,TRUE,FALSE,FALSE,NA,nonmem,psn_cov,3,3,3,0,TRUE,NA,NA,NA,154.861,342.96,2.215,NA,NA,NA
80,14,advan4,nonmem_scm,focei,97,not_converged,FALSE,FALSE,FALSE,FALSE,-1666.0041933227626,NA,psn_lst,NA,FALSE,FALSE,TRUE,NA,nonmem,psn_cov,3,3,3,0,TRUE,NA,NA,NA,229.232,360.62,1.573,NA,NA,NA
80,14,advan4,nonmem_scm,focei,98,ok,TRUE,FALSE,FALSE,FALSE,-1671.3967042766317,NA,psn_lst,NA,TRUE,FALSE,FALSE,NA,nonmem,psn_cov,3,3,2,1,FALSE,NA,NA,NA,227.284,347.63,1.529,NA,NA,NA
80,14,advan4,nonmem_scm,focei,99,ok,TRUE,TRUE,TRUE,TRUE,-1640.8626331944906,93.94812680115272,psn_lst,NA,TRUE,TRUE,FALSE,NA,nonmem,psn_cov,3,3,3,0,TRUE,NA,NA,NA,220.542,340,1.542,NA,NA,NA
80,14,advan4,nonmem_scm,focei,100,ok,TRUE,FALSE,FALSE,FALSE,-1661.931970827676,NA,psn_lst,NA,TRUE,FALSE,FALSE,NA,nonmem,psn_cov,3,3,3,0,TRUE,NA,NA,NA,273.548,427.84,1.564,NA,NA,NA
80,15,advan4,nonmem_scm,focei,1,ok,TRUE,FALSE,FALSE,FALSE,-1576.1896558299516,NA,psn_lst,NA,TRUE,FALSE,FALSE,NA,nonmem,psn_cov,3,3,2,1,FALSE,NA,NA,NA,151.919,333.17,2.193,NA,NA,NA
80,15,advan4,nonmem_scm,focei,2,not_converged,FALSE,FALSE,FALSE,FALSE,-1680.4430931780855,NA,psn_lst,NA,FALSE,FALSE,TRUE,NA,nonmem,psn_cov,3,3,3,0,TRUE,NA,NA,NA,157.085,349.33,2.224,NA,NA,NA
80,15,advan4,nonmem_scm,focei,3,not_converged,FALSE,FALSE,FALSE,FALSE,-1627.4778570725198,NA,psn_lst,NA,FALSE,FALSE,TRUE,NA,nonmem,psn_cov,3,3,3,0,TRUE,NA,NA,NA,248.229,368.15,1.483,NA,NA,NA
80,15,advan4,nonmem_scm,focei,4,not_converged,FALSE,FALSE,FALSE,FALSE,-1635.3435779140957,NA,psn_lst,NA,FALSE,FALSE,TRUE,NA,nonmem,psn_cov,3,3,3,0,TRUE,NA,NA,NA,294.322,457.24,1.554,NA,NA,NA
80,15,advan4,nonmem_scm,focei,5,ok,TRUE,FALSE,FALSE,FALSE,-1629.344612754423,NA,psn_lst,NA,TRUE,FALSE,FALSE,NA,nonmem,psn_cov,3,3,3,0,TRUE,NA,NA,NA,165.304,328.74,1.989,NA,NA,NA
80,15,advan4,nonmem_scm,focei,6,not_converged,FALSE,FALSE,FALSE,FALSE,-1567.66358547121,NA,psn_lst,NA,FALSE,FALSE,TRUE,NA,nonmem,psn_cov,3,3,3,0,TRUE,NA,NA,NA,306.608,461.54,1.505,NA,NA,NA
80,15,advan4,nonmem_scm,focei,7,ok,TRUE,FALSE,FALSE,FALSE,-1589.40145082988,NA,psn_lst,NA,TRUE,FALSE,FALSE,NA,nonmem,psn_cov,3,3,2,1,FALSE,NA,NA,NA,262.781,384.86,1.465,NA,NA,NA
80,15,advan4,nonmem_scm,focei,8,ok,TRUE,FALSE,FALSE,FALSE,-1646.5124044566626,NA,psn_lst,NA,TRUE,FALSE,FALSE,NA,nonmem,psn_cov,3,3,3,0,TRUE,NA,NA,NA,156.697,346.47,2.211,NA,NA,NA
80,15,advan4,nonmem_scm,focei,9,ok,TRUE,FALSE,FALSE,FALSE,-1667.1788858919244,NA,psn_lst,NA,TRUE,FALSE,FALSE,NA,nonmem,psn_cov,3,3,2,1,FALSE,NA,NA,NA,153.783,332.56,2.163,NA,NA,NA
80,15,advan4,nonmem_scm,focei,10,not_converged,FALSE,FALSE,FALSE,FALSE,-1518.4877281886504,NA,psn_lst,NA,FALSE,FALSE,TRUE,NA,nonmem,psn_cov,4,3,3,1,FALSE,NA,NA,NA,339.509,535.76,1.578,NA,NA,NA
80,15,advan4,nonmem_scm,focei,11,ok,TRUE,FALSE,FALSE,FALSE,-1586.516477901812,NA,psn_lst,NA,TRUE,FALSE,FALSE,NA,nonmem,psn_cov,3,3,3,0,TRUE,NA,NA,NA,148.623,324.09,2.181,NA,NA,NA
80,15,advan4,nonmem_scm,focei,12,ok,TRUE,FALSE,FALSE,FALSE,-1636.2040907618175,NA,psn_lst,NA,TRUE,FALSE,FALSE,NA,nonmem,psn_cov,3,3,3,0,TRUE,NA,NA,NA,252.858,361.93,1.431,NA,NA,NA
80,15,advan4,nonmem_scm,focei,13,ok,TRUE,FALSE,FALSE,FALSE,-1710.780305242105,NA,psn_lst,NA,TRUE,FALSE,FALSE,NA,nonmem,psn_cov,3,3,3,0,TRUE,NA,NA,NA,238.326,367.32,1.541,NA,NA,NA
80,15,advan4,nonmem_scm,focei,14,ok,TRUE,FALSE,FALSE,FALSE,-1631.9366699829638,NA,psn_lst,NA,TRUE,FALSE,FALSE,NA,nonmem,psn_cov,3,3,2,1,FALSE,NA,NA,NA,187.544,405.47,2.162,NA,NA,NA
80,15,advan4,nonmem_scm,focei,15,not_converged,FALSE,FALSE,FALSE,FALSE,-1625.9853437439087,NA,psn_lst,NA,FALSE,FALSE,TRUE,NA,nonmem,psn_cov,3,3,2,1,FALSE,NA,NA,NA,245.137,372.67,1.52,NA,NA,NA
80,15,advan4,nonmem_scm,focei,16,ok,TRUE,FALSE,FALSE,FALSE,-1719.2522252928093,NA,psn_lst,NA,TRUE,FALSE,FALSE,NA,nonmem,psn_cov,3,3,2,1,FALSE,NA,NA,NA,264.058,369.18,1.398,NA,NA,NA
80,15,advan4,nonmem_scm,focei,17,ok,TRUE,FALSE,FALSE,FALSE,-1591.4944783948504,NA,psn_lst,NA,TRUE,FALSE,FALSE,NA,nonmem,psn_cov,3,3,3,0,TRUE,NA,NA,NA,249.647,365.82,1.465,NA,NA,NA
80,15,advan4,nonmem_scm,focei,18,ok,TRUE,FALSE,FALSE,FALSE,-1611.869289948625,NA,psn_lst,NA,TRUE,FALSE,FALSE,NA,nonmem,psn_cov,3,3,3,0,TRUE,NA,NA,NA,248.468,367,1.477,NA,NA,NA
80,15,advan4,nonmem_scm,focei,19,ok,TRUE,FALSE,FALSE,FALSE,-1546.3145584068131,NA,psn_lst,NA,TRUE,FALSE,FALSE,NA,nonmem,psn_cov,2,3,2,0,FALSE,NA,NA,NA,166.732,367.94,2.207,NA,NA,NA
80,15,advan4,nonmem_scm,focei,20,ok,TRUE,TRUE,TRUE,TRUE,-1621.4102255024218,629.7071129707113,psn_lst,NA,TRUE,TRUE,FALSE,NA,nonmem,psn_cov,3,3,3,0,TRUE,NA,NA,NA,299.423,460.06,1.536,NA,NA,NA
80,15,advan4,nonmem_scm,focei,21,ok,TRUE,FALSE,FALSE,FALSE,-1620.2593912943314,NA,psn_lst,NA,TRUE,FALSE,FALSE,NA,nonmem,psn_cov,3,3,3,0,TRUE,NA,NA,NA,210.789,449.36,2.132,NA,NA,NA
80,15,advan4,nonmem_scm,focei,22,ok,TRUE,FALSE,FALSE,FALSE,-1626.3306409199447,NA,psn_lst,NA,TRUE,FALSE,FALSE,NA,nonmem,psn_cov,3,3,3,0,TRUE,NA,NA,NA,234.232,369.47,1.577,NA,NA,NA
80,15,advan4,nonmem_scm,focei,23,ok,TRUE,FALSE,FALSE,FALSE,-1590.9434245772618,NA,psn_lst,NA,TRUE,FALSE,FALSE,NA,nonmem,psn_cov,2,3,2,0,FALSE,NA,NA,NA,319.562,479.2,1.5,NA,NA,NA
80,15,advan4,nonmem_scm,focei,24,ok,TRUE,FALSE,FALSE,FALSE,-1664.7027567943294,NA,psn_lst,NA,TRUE,FALSE,FALSE,NA,nonmem,psn_cov,3,3,3,0,TRUE,NA,NA,NA,238.261,365.09,1.532,NA,NA,NA
80,15,advan4,nonmem_scm,focei,25,ok,TRUE,TRUE,TRUE,TRUE,-1719.48353649504,28.71559633027523,psn_lst,NA,TRUE,TRUE,FALSE,NA,nonmem,psn_cov,3,3,3,0,TRUE,NA,NA,NA,241.426,360.45,1.493,NA,NA,NA
80,15,advan4,nonmem_scm,focei,26,ok,TRUE,FALSE,FALSE,FALSE,-1642.32425619405,NA,psn_lst,NA,TRUE,FALSE,FALSE,NA,nonmem,psn_cov,3,3,2,1,FALSE,NA,NA,NA,306.914,454.76,1.482,NA,NA,NA
80,15,advan4,nonmem_scm,focei,27,not_converged,FALSE,FALSE,FALSE,FALSE,-1532.8863445882512,NA,psn_lst,NA,FALSE,FALSE,TRUE,NA,nonmem,psn_cov,3,3,3,0,TRUE,NA,NA,NA,184.061,412.22,2.24,NA,NA,NA
80,15,advan4,nonmem_scm,focei,28,not_converged,FALSE,FALSE,FALSE,FALSE,-1655.712694021485,NA,psn_lst,NA,FALSE,FALSE,TRUE,NA,nonmem,psn_cov,4,3,3,1,FALSE,NA,NA,NA,190.49,418.51,2.197,NA,NA,NA
80,15,advan4,nonmem_scm,focei,29,ok,TRUE,TRUE,TRUE,TRUE,-1563.225230946389,59.495192307692314,psn_lst,NA,TRUE,TRUE,FALSE,NA,nonmem,psn_cov,3,3,2,1,FALSE,NA,NA,NA,194.97,430.04,2.206,NA,NA,NA
80,15,advan4,nonmem_scm,focei,30,ok,TRUE,FALSE,FALSE,FALSE,-1594.4320352918237,NA,psn_lst,NA,TRUE,FALSE,FALSE,NA,nonmem,psn_cov,3,3,3,0,TRUE,NA,NA,NA,293.13,464.07,1.583,NA,NA,NA
80,15,advan4,nonmem_scm,focei,31,ok,TRUE,FALSE,TRUE,TRUE,-1676.7479570142189,1002.4096385542168,psn_lst,NA,TRUE,TRUE,FALSE,NA,nonmem,psn_cov,3,3,3,0,TRUE,NA,NA,NA,411.52,655.52,1.593,NA,NA,NA
80,15,advan4,nonmem_scm,focei,32,ok,TRUE,TRUE,TRUE,TRUE,-1621.544441640683,101.80623973727424,psn_lst,NA,TRUE,TRUE,FALSE,NA,nonmem,psn_cov,3,3,3,0,TRUE,NA,NA,NA,186.168,417.9,2.245,NA,NA,NA
80,15,advan4,nonmem_scm,focei,33,ok,TRUE,FALSE,TRUE,TRUE,-1705.5656207805414,11630.434782608694,psn_lst,NA,TRUE,TRUE,FALSE,NA,nonmem,psn_cov,4,3,3,1,FALSE,NA,NA,NA,274.427,428.3,1.561,NA,NA,NA
80,15,advan4,nonmem_scm,focei,34,ok,TRUE,TRUE,TRUE,TRUE,-1636.777765947249,53.28836424957842,psn_lst,NA,TRUE,TRUE,FALSE,NA,nonmem,psn_cov,3,3,3,0,TRUE,NA,NA,NA,193.1,423.26,2.192,NA,NA,NA
80,15,advan4,nonmem_scm,focei,35,ok,TRUE,FALSE,FALSE,FALSE,-1683.9833161057268,NA,psn_lst,NA,TRUE,FALSE,FALSE,NA,nonmem,psn_cov,3,3,3,0,TRUE,NA,NA,NA,160.906,349.51,2.172,NA,NA,NA
80,15,advan4,nonmem_scm,focei,36,not_converged,FALSE,FALSE,FALSE,FALSE,-1488.9503665123402,NA,psn_lst,NA,FALSE,FALSE,TRUE,NA,nonmem,psn_cov,3,3,3,0,TRUE,NA,NA,NA,238.76,358.38,1.501,NA,NA,NA
80,15,advan4,nonmem_scm,focei,37,not_converged,FALSE,FALSE,FALSE,FALSE,-1654.7323457263597,NA,psn_lst,NA,FALSE,FALSE,TRUE,NA,nonmem,psn_cov,3,3,3,0,TRUE,NA,NA,NA,191.035,426.13,2.231,NA,NA,NA
80,15,advan4,nonmem_scm,focei,38,ok,TRUE,FALSE,FALSE,FALSE,-1575.2914554329614,NA,psn_lst,NA,TRUE,FALSE,FALSE,NA,nonmem,psn_cov,3,3,3,0,TRUE,NA,NA,NA,288.821,455.72,1.578,NA,NA,NA
80,15,advan4,nonmem_scm,focei,39,not_converged,FALSE,FALSE,FALSE,FALSE,-1721.833946136508,NA,psn_lst,NA,FALSE,FALSE,TRUE,NA,nonmem,psn_cov,3,3,2,1,FALSE,NA,NA,NA,237.299,368.01,1.551,NA,NA,NA
80,15,advan4,nonmem_scm,focei,40,ok,TRUE,TRUE,TRUE,TRUE,-1563.8619619571575,928.9678135405104,psn_lst,NA,TRUE,TRUE,FALSE,NA,nonmem,psn_cov,3,3,3,0,TRUE,NA,NA,NA,232.402,352.73,1.518,NA,NA,NA
80,15,advan4,nonmem_scm,focei,41,ok,TRUE,FALSE,FALSE,FALSE,-1663.486700217277,NA,psn_lst,NA,TRUE,FALSE,FALSE,NA,nonmem,psn_cov,3,3,3,0,TRUE,NA,NA,NA,232.615,356.29,1.532,NA,NA,NA
80,15,advan4,nonmem_scm,focei,42,ok,TRUE,TRUE,TRUE,TRUE,-1677.825446198921,238.77551020408163,psn_lst,NA,TRUE,TRUE,FALSE,NA,nonmem,psn_cov,3,3,1,2,FALSE,NA,NA,NA,298.09,464.13,1.557,NA,NA,NA
80,15,advan4,nonmem_scm,focei,43,ok,TRUE,TRUE,TRUE,TRUE,-1536.710722684017,82.51273344651953,psn_lst,NA,TRUE,TRUE,FALSE,NA,nonmem,psn_cov,3,3,2,1,FALSE,NA,NA,NA,241.429,361.6,1.498,NA,NA,NA
80,15,advan4,nonmem_scm,focei,44,ok,TRUE,FALSE,FALSE,FALSE,-1614.6226416297634,NA,psn_lst,NA,TRUE,FALSE,FALSE,NA,nonmem,psn_cov,3,3,3,0,TRUE,NA,NA,NA,235.371,354.92,1.508,NA,NA,NA
80,15,advan4,nonmem_scm,focei,45,not_converged,FALSE,FALSE,FALSE,FALSE,-1732.4916989814008,NA,psn_lst,NA,FALSE,FALSE,TRUE,NA,nonmem,psn_cov,3,3,3,0,TRUE,NA,NA,NA,163.443,344.74,2.109,NA,NA,NA
80,15,advan4,nonmem_scm,focei,46,ok,TRUE,TRUE,TRUE,TRUE,-1613.5923376950109,38.46153846153846,psn_lst,NA,TRUE,TRUE,FALSE,NA,nonmem,psn_cov,3,3,3,0,TRUE,NA,NA,NA,151.089,342.56,2.267,NA,NA,NA
80,15,advan4,nonmem_scm,focei,47,not_converged,FALSE,FALSE,FALSE,FALSE,-1620.6793222655397,NA,psn_lst,NA,FALSE,FALSE,TRUE,NA,nonmem,psn_cov,3,3,3,0,TRUE,NA,NA,NA,238.369,359.9,1.51,NA,NA,NA
80,15,advan4,nonmem_scm,focei,48,ok,TRUE,FALSE,FALSE,FALSE,-1665.0881785956517,NA,psn_lst,NA,TRUE,FALSE,FALSE,NA,nonmem,psn_cov,3,3,3,0,TRUE,NA,NA,NA,231.713,357.49,1.543,NA,NA,NA
80,15,advan4,nonmem_scm,focei,49,ok,TRUE,FALSE,FALSE,FALSE,-1647.248446607769,NA,psn_lst,NA,TRUE,FALSE,FALSE,NA,nonmem,psn_cov,3,3,3,0,TRUE,NA,NA,NA,151.219,346.51,2.291,NA,NA,NA
80,15,advan4,nonmem_scm,focei,50,ok,TRUE,FALSE,FALSE,FALSE,-1676.6944134402722,NA,psn_lst,NA,TRUE,FALSE,FALSE,NA,nonmem,psn_cov,3,3,3,0,TRUE,NA,NA,NA,227.669,369.26,1.622,NA,NA,NA
80,15,advan4,nonmem_scm,focei,51,not_converged,FALSE,FALSE,FALSE,FALSE,-1707.6173652385708,NA,psn_lst,NA,FALSE,FALSE,TRUE,NA,nonmem,psn_cov,3,3,3,0,TRUE,NA,NA,NA,235.344,355.23,1.509,NA,NA,NA
80,15,advan4,nonmem_scm,focei,52,not_converged,FALSE,FALSE,FALSE,FALSE,-1554.483586933035,NA,psn_lst,NA,FALSE,FALSE,TRUE,NA,nonmem,psn_cov,3,3,3,0,TRUE,NA,NA,NA,229.174,351.77,1.535,NA,NA,NA
80,15,advan4,nonmem_scm,focei,53,ok,TRUE,FALSE,FALSE,FALSE,-1595.8123093394686,NA,psn_lst,NA,TRUE,FALSE,FALSE,NA,nonmem,psn_cov,2,3,2,0,FALSE,NA,NA,NA,238.91,371.61,1.555,NA,NA,NA
80,15,advan4,nonmem_scm,focei,54,not_converged,FALSE,FALSE,FALSE,FALSE,-1699.2262797128467,NA,psn_lst,NA,FALSE,FALSE,TRUE,NA,nonmem,psn_cov,4,3,2,2,FALSE,NA,NA,NA,285.911,433.4,1.516,NA,NA,NA
80,15,advan4,nonmem_scm,focei,55,ok,TRUE,TRUE,TRUE,TRUE,-1630.6995968108783,12.938144329896906,psn_lst,NA,TRUE,TRUE,FALSE,NA,nonmem,psn_cov,3,3,3,0,TRUE,NA,NA,NA,152.581,342.11,2.242,NA,NA,NA
80,15,advan4,nonmem_scm,focei,56,ok,TRUE,FALSE,FALSE,FALSE,-1644.2818451206613,NA,psn_lst,NA,TRUE,FALSE,FALSE,NA,nonmem,psn_cov,3,3,3,0,TRUE,NA,NA,NA,237.714,355.11,1.494,NA,NA,NA
80,15,advan4,nonmem_scm,focei,57,ok,TRUE,FALSE,FALSE,FALSE,-1628.727064928756,NA,psn_lst,NA,TRUE,FALSE,FALSE,NA,nonmem,psn_cov,3,3,2,1,FALSE,NA,NA,NA,296.671,459.37,1.548,NA,NA,NA
80,15,advan4,nonmem_scm,focei,58,ok,TRUE,FALSE,FALSE,FALSE,-1689.6464225361683,NA,psn_lst,NA,TRUE,FALSE,FALSE,NA,nonmem,psn_cov,4,3,2,2,FALSE,NA,NA,NA,227.324,506.06,2.226,NA,NA,NA
80,15,advan4,nonmem_scm,focei,59,not_converged,FALSE,FALSE,FALSE,FALSE,-1567.1400886442657,NA,psn_lst,NA,FALSE,FALSE,TRUE,NA,nonmem,psn_cov,3,3,3,0,TRUE,NA,NA,NA,237.13,355.62,1.5,NA,NA,NA
80,15,advan4,nonmem_scm,focei,60,not_converged,FALSE,FALSE,FALSE,FALSE,-1605.235749857602,NA,psn_lst,NA,FALSE,FALSE,TRUE,NA,nonmem,psn_cov,3,3,2,1,FALSE,NA,NA,NA,160.091,349.8,2.185,NA,NA,NA
80,15,advan4,nonmem_scm,focei,61,not_converged,FALSE,FALSE,FALSE,FALSE,-1657.374352531241,NA,psn_lst,NA,FALSE,FALSE,TRUE,NA,nonmem,psn_cov,3,3,3,0,TRUE,NA,NA,NA,239.421,361.14,1.508,NA,NA,NA
80,15,advan4,nonmem_scm,focei,62,ok,TRUE,TRUE,TRUE,TRUE,-1570.512490498528,29.86036519871106,psn_lst,NA,TRUE,TRUE,FALSE,NA,nonmem,psn_cov,2,3,2,0,FALSE,NA,NA,NA,158.935,354.5,2.23,NA,NA,NA
80,15,advan4,nonmem_scm,focei,63,ok,TRUE,FALSE,TRUE,TRUE,-1615.3530487416074,333333.3333333333,psn_lst,NA,TRUE,TRUE,FALSE,NA,nonmem,psn_cov,3,3,3,0,TRUE,NA,NA,NA,227.747,356.56,1.566,NA,NA,NA
80,15,advan4,nonmem_scm,focei,64,ok,TRUE,TRUE,TRUE,TRUE,-1634.5749281081485,23.62204724409449,psn_lst,NA,TRUE,TRUE,FALSE,NA,nonmem,psn_cov,3,3,2,1,FALSE,NA,NA,NA,306.943,463.88,1.511,NA,NA,NA
80,15,advan4,nonmem_scm,focei,65,ok,TRUE,TRUE,TRUE,TRUE,-1627.9100350371914,185.56701030927832,psn_lst,NA,TRUE,TRUE,FALSE,NA,nonmem,psn_cov,3,3,3,0,TRUE,NA,NA,NA,284.842,447.02,1.569,NA,NA,NA
80,15,advan4,nonmem_scm,focei,66,not_converged,FALSE,TRUE,TRUE,TRUE,-1682.360067093454,14.603960396039604,psn_lst,NA,FALSE,TRUE,TRUE,NA,nonmem,psn_cov,3,3,3,0,TRUE,NA,NA,NA,232.004,351.09,1.513,NA,NA,NA
80,15,advan4,nonmem_scm,focei,67,ok,TRUE,FALSE,FALSE,FALSE,-1635.04870491029,NA,psn_lst,NA,TRUE,FALSE,FALSE,NA,nonmem,psn_cov,3,3,3,0,TRUE,NA,NA,NA,227.898,347.46,1.525,NA,NA,NA
80,15,advan4,nonmem_scm,focei,68,ok,TRUE,FALSE,TRUE,TRUE,-1692.1138028020116,1025.5102040816328,psn_lst,NA,TRUE,TRUE,FALSE,NA,nonmem,psn_cov,3,3,3,0,TRUE,NA,NA,NA,157.219,339.71,2.161,NA,NA,NA
80,15,advan4,nonmem_scm,focei,69,ok,TRUE,TRUE,TRUE,TRUE,-1599.9057155592,269.41747572815535,psn_lst,NA,TRUE,TRUE,FALSE,NA,nonmem,psn_cov,3,3,2,1,FALSE,NA,NA,NA,229.123,356.68,1.557,NA,NA,NA
80,15,advan4,nonmem_scm,focei,70,ok,TRUE,FALSE,FALSE,FALSE,-1606.2512436181478,NA,psn_lst,NA,TRUE,FALSE,FALSE,NA,nonmem,psn_cov,3,3,3,0,TRUE,NA,NA,NA,229.357,352.06,1.535,NA,NA,NA
80,15,advan4,nonmem_scm,focei,71,ok,TRUE,TRUE,TRUE,TRUE,-1649.0512111163384,28.114754098360656,psn_lst,NA,TRUE,TRUE,FALSE,NA,nonmem,psn_cov,3,3,3,0,TRUE,NA,NA,NA,340.648,541.37,1.589,NA,NA,NA
80,15,advan4,nonmem_scm,focei,72,not_converged,FALSE,FALSE,FALSE,FALSE,-1609.8600757996617,NA,psn_lst,NA,FALSE,FALSE,TRUE,NA,nonmem,psn_cov,3,3,3,0,TRUE,NA,NA,NA,287.068,444.87,1.55,NA,NA,NA
80,15,advan4,nonmem_scm,focei,73,ok,TRUE,FALSE,FALSE,FALSE,-1613.0898740973112,NA,psn_lst,NA,TRUE,FALSE,FALSE,NA,nonmem,psn_cov,3,3,3,0,TRUE,NA,NA,NA,233.252,353.61,1.516,NA,NA,NA
80,15,advan4,nonmem_scm,focei,74,not_converged,FALSE,FALSE,FALSE,FALSE,-1592.2440600783148,NA,psn_lst,NA,FALSE,FALSE,TRUE,NA,nonmem,psn_cov,3,3,3,0,TRUE,NA,NA,NA,229.84,351,1.527,NA,NA,NA
80,15,advan4,nonmem_scm,focei,75,ok,TRUE,TRUE,TRUE,TRUE,-1585.4284763935054,684.5454545454546,psn_lst,NA,TRUE,TRUE,FALSE,NA,nonmem,psn_cov,3,3,3,0,TRUE,NA,NA,NA,278.141,441.76,1.588,NA,NA,NA
80,15,advan4,nonmem_scm,focei,76,ok,TRUE,TRUE,TRUE,TRUE,-1606.6113929849137,225,psn_lst,NA,TRUE,TRUE,FALSE,NA,nonmem,psn_cov,2,3,2,0,FALSE,NA,NA,NA,298.785,456.5,1.528,NA,NA,NA
80,15,advan4,nonmem_scm,focei,77,ok,TRUE,FALSE,FALSE,FALSE,-1661.768774240373,NA,psn_lst,NA,TRUE,FALSE,FALSE,NA,nonmem,psn_cov,3,3,3,0,TRUE,NA,NA,NA,234.598,349.45,1.49,NA,NA,NA
80,15,advan4,nonmem_scm,focei,78,ok,TRUE,FALSE,FALSE,FALSE,-1561.8548174199254,NA,psn_lst,NA,TRUE,FALSE,FALSE,NA,nonmem,psn_cov,3,3,3,0,TRUE,NA,NA,NA,227.048,351.41,1.548,NA,NA,NA
80,15,advan4,nonmem_scm,focei,79,ok,TRUE,FALSE,FALSE,FALSE,-1627.4315602440306,NA,psn_lst,NA,TRUE,FALSE,FALSE,NA,nonmem,psn_cov,2,3,2,0,FALSE,NA,NA,NA,232.384,370.51,1.594,NA,NA,NA
80,15,advan4,nonmem_scm,focei,80,not_converged,FALSE,FALSE,FALSE,FALSE,-1718.4498965240414,NA,psn_lst,NA,FALSE,FALSE,TRUE,NA,nonmem,psn_cov,3,3,3,0,TRUE,NA,NA,NA,231.307,358.65,1.551,NA,NA,NA
80,15,advan4,nonmem_scm,focei,81,ok,TRUE,FALSE,FALSE,FALSE,-1713.3641034376762,NA,psn_lst,NA,TRUE,FALSE,FALSE,NA,nonmem,psn_cov,4,3,3,1,FALSE,NA,NA,NA,275.553,424.54,1.541,NA,NA,NA
80,15,advan4,nonmem_scm,focei,82,not_converged,FALSE,TRUE,TRUE,TRUE,-1652.3886654519474,728.476821192053,psn_lst,NA,FALSE,TRUE,TRUE,NA,nonmem,psn_cov,3,3,3,0,TRUE,NA,NA,NA,224.018,356.05,1.589,NA,NA,NA
80,15,advan4,nonmem_scm,focei,83,ok,TRUE,FALSE,FALSE,FALSE,-1661.1995967243329,NA,psn_lst,NA,TRUE,FALSE,FALSE,NA,nonmem,psn_cov,3,3,3,0,TRUE,NA,NA,NA,235.022,357.27,1.52,NA,NA,NA
80,15,advan4,nonmem_scm,focei,84,ok,TRUE,FALSE,FALSE,FALSE,-1559.203180725116,NA,psn_lst,NA,TRUE,FALSE,FALSE,NA,nonmem,psn_cov,3,3,3,0,TRUE,NA,NA,NA,288.715,449.1,1.556,NA,NA,NA
80,15,advan4,nonmem_scm,focei,85,ok,TRUE,TRUE,TRUE,TRUE,-1634.4712057640866,685.3582554517134,psn_lst,NA,TRUE,TRUE,FALSE,NA,nonmem,psn_cov,3,3,3,0,TRUE,NA,NA,NA,228.697,351.3,1.536,NA,NA,NA
80,15,advan4,nonmem_scm,focei,86,ok,TRUE,TRUE,TRUE,TRUE,-1703.846074302444,31.415094339622645,psn_lst,NA,TRUE,TRUE,FALSE,NA,nonmem,psn_cov,3,3,2,1,FALSE,NA,NA,NA,192.003,425.98,2.219,NA,NA,NA
80,15,advan4,nonmem_scm,focei,87,not_converged,FALSE,FALSE,TRUE,TRUE,-1602.578355431602,339563.8629283489,psn_lst,NA,FALSE,TRUE,TRUE,NA,nonmem,psn_cov,3,3,3,0,TRUE,NA,NA,NA,151.981,335.86,2.21,NA,NA,NA
80,15,advan4,nonmem_scm,focei,88,not_converged,FALSE,FALSE,FALSE,FALSE,-1579.5541864062184,NA,psn_lst,NA,FALSE,FALSE,TRUE,NA,nonmem,psn_cov,4,3,3,1,FALSE,NA,NA,NA,292.441,453.85,1.552,NA,NA,NA
80,15,advan4,nonmem_scm,focei,89,ok,TRUE,TRUE,TRUE,TRUE,-1664.7407292579744,332.3308270676692,psn_lst,NA,TRUE,TRUE,FALSE,NA,nonmem,psn_cov,3,3,2,1,FALSE,NA,NA,NA,235.538,360.32,1.53,NA,NA,NA
80,15,advan4,nonmem_scm,focei,90,ok,TRUE,FALSE,TRUE,TRUE,-1570.720170662604,8302.752293577982,psn_lst,NA,TRUE,TRUE,FALSE,NA,nonmem,psn_cov,3,3,3,0,TRUE,NA,NA,NA,228.923,352.29,1.539,NA,NA,NA
80,15,advan4,nonmem_scm,focei,91,ok,TRUE,TRUE,TRUE,TRUE,-1628.640228729662,151.6891891891892,psn_lst,NA,TRUE,TRUE,FALSE,NA,nonmem,psn_cov,4,3,3,1,FALSE,NA,NA,NA,275.82,425.17,1.541,NA,NA,NA
80,15,advan4,nonmem_scm,focei,92,ok,TRUE,FALSE,FALSE,FALSE,-1539.771521394439,NA,psn_lst,NA,TRUE,FALSE,FALSE,NA,nonmem,psn_cov,3,3,2,1,FALSE,NA,NA,NA,293.93,450.22,1.532,NA,NA,NA
80,15,advan4,nonmem_scm,focei,93,ok,TRUE,FALSE,FALSE,FALSE,-1634.17246922697,NA,psn_lst,NA,TRUE,FALSE,FALSE,NA,nonmem,psn_cov,2,3,2,0,FALSE,NA,NA,NA,240.465,365.58,1.52,NA,NA,NA
80,15,advan4,nonmem_scm,focei,94,ok,TRUE,TRUE,TRUE,TRUE,-1589.0912123012145,426.05633802816897,psn_lst,NA,TRUE,TRUE,FALSE,NA,nonmem,psn_cov,3,3,1,2,FALSE,NA,NA,NA,236.65,358.9,1.517,NA,NA,NA
80,15,advan4,nonmem_scm,focei,95,ok,TRUE,FALSE,FALSE,FALSE,-1600.109464467538,NA,psn_lst,NA,TRUE,FALSE,FALSE,NA,nonmem,psn_cov,3,3,3,0,TRUE,NA,NA,NA,195.246,426.61,2.185,NA,NA,NA
80,15,advan4,nonmem_scm,focei,96,ok,TRUE,TRUE,TRUE,TRUE,-1640.3523558228471,281.875,psn_lst,NA,TRUE,TRUE,FALSE,NA,nonmem,psn_cov,3,3,3,0,TRUE,NA,NA,NA,155.385,333.71,2.148,NA,NA,NA
80,15,advan4,nonmem_scm,focei,97,ok,TRUE,FALSE,FALSE,FALSE,-1649.6631829907512,NA,psn_lst,NA,TRUE,FALSE,FALSE,NA,nonmem,psn_cov,3,3,3,0,TRUE,NA,NA,NA,223.741,350.53,1.567,NA,NA,NA
80,15,advan4,nonmem_scm,focei,98,ok,TRUE,TRUE,TRUE,TRUE,-1629.0671839673175,32.15686274509804,psn_lst,NA,TRUE,TRUE,FALSE,NA,nonmem,psn_cov,3,3,2,1,FALSE,NA,NA,NA,227.689,352.77,1.549,NA,NA,NA
80,15,advan4,nonmem_scm,focei,99,ok,TRUE,FALSE,TRUE,TRUE,-1662.0218715584651,2313.7254901960787,psn_lst,NA,TRUE,TRUE,FALSE,NA,nonmem,psn_cov,3,3,2,1,FALSE,NA,NA,NA,232.609,353.17,1.518,NA,NA,NA
80,15,advan4,nonmem_scm,focei,100,ok,TRUE,TRUE,TRUE,TRUE,-1628.0710232624072,126.07449856733524,psn_lst,NA,TRUE,TRUE,FALSE,NA,nonmem,psn_cov,3,3,3,0,TRUE,NA,NA,NA,331.513,526.64,1.589,NA,NA,NA
80,16,advan4,nonmem_scm,focei,1,ok,TRUE,FALSE,FALSE,FALSE,-1591.5077783639767,NA,psn_lst,NA,TRUE,FALSE,FALSE,NA,nonmem,psn_cov,4,4,4,0,TRUE,NA,NA,NA,256.23,404.38,1.578,NA,NA,NA
80,16,advan4,nonmem_scm,focei,2,ok,TRUE,TRUE,TRUE,TRUE,-1656.0812433349038,151.71232876712327,psn_lst,NA,TRUE,TRUE,FALSE,NA,nonmem,psn_cov,4,4,4,0,TRUE,NA,NA,NA,267.589,409.56,1.531,NA,NA,NA
80,16,advan4,nonmem_scm,focei,3,ok,TRUE,FALSE,FALSE,FALSE,-1674.182983411345,NA,psn_lst,NA,TRUE,FALSE,FALSE,NA,nonmem,psn_cov,4,4,4,0,TRUE,NA,NA,NA,282.282,415.23,1.471,NA,NA,NA
80,16,advan4,nonmem_scm,focei,4,ok,TRUE,FALSE,FALSE,FALSE,-1688.2162195625065,NA,psn_lst,NA,TRUE,FALSE,FALSE,NA,nonmem,psn_cov,4,4,4,0,TRUE,NA,NA,NA,334.924,513.36,1.533,NA,NA,NA
80,16,advan4,nonmem_scm,focei,5,not_converged,FALSE,FALSE,FALSE,FALSE,-1622.689277241967,NA,psn_lst,NA,FALSE,FALSE,TRUE,NA,nonmem,psn_cov,4,4,4,0,TRUE,NA,NA,NA,284.465,430.68,1.514,NA,NA,NA
80,16,advan4,nonmem_scm,focei,6,ok,TRUE,FALSE,FALSE,FALSE,-1664.4184549972665,NA,psn_lst,NA,TRUE,FALSE,FALSE,NA,nonmem,psn_cov,4,4,4,0,TRUE,NA,NA,NA,282.072,420.2,1.49,NA,NA,NA
80,16,advan4,nonmem_scm,focei,7,ok,TRUE,FALSE,TRUE,TRUE,-1679.2419985224751,3466.6666666666665,psn_lst,NA,TRUE,TRUE,FALSE,NA,nonmem,psn_cov,4,4,3,1,FALSE,NA,NA,NA,281.457,418.35,1.486,NA,NA,NA
80,16,advan4,nonmem_scm,focei,8,ok,TRUE,TRUE,TRUE,TRUE,-1597.7376806677194,37.23809523809524,psn_lst,NA,TRUE,TRUE,FALSE,NA,nonmem,psn_cov,4,4,4,0,TRUE,NA,NA,NA,182.57,398.46,2.183,NA,NA,NA
80,16,advan4,nonmem_scm,focei,9,ok,TRUE,TRUE,TRUE,TRUE,-1629.7504516256392,183.84615384615387,psn_lst,NA,TRUE,TRUE,FALSE,NA,nonmem,psn_cov,4,4,3,1,FALSE,NA,NA,NA,277.945,418.35,1.505,NA,NA,NA
80,16,advan4,nonmem_scm,focei,10,ok,TRUE,FALSE,FALSE,FALSE,-1639.4675306037354,NA,psn_lst,NA,TRUE,FALSE,FALSE,NA,nonmem,psn_cov,4,4,4,0,TRUE,NA,NA,NA,275.526,423.1,1.536,NA,NA,NA
80,16,advan4,nonmem_scm,focei,11,ok,TRUE,FALSE,FALSE,FALSE,-1684.6350197458623,NA,psn_lst,NA,TRUE,FALSE,FALSE,NA,nonmem,psn_cov,4,4,4,0,TRUE,NA,NA,NA,274.706,423.07,1.54,NA,NA,NA
80,16,advan4,nonmem_scm,focei,12,ok,TRUE,FALSE,FALSE,FALSE,-1597.0425509006668,NA,psn_lst,NA,TRUE,FALSE,FALSE,NA,nonmem,psn_cov,4,4,3,1,FALSE,NA,NA,NA,280.536,422.76,1.507,NA,NA,NA
80,16,advan4,nonmem_scm,focei,13,ok,TRUE,FALSE,FALSE,FALSE,-1645.835616990513,NA,psn_lst,NA,TRUE,FALSE,FALSE,NA,nonmem,psn_cov,5,4,3,2,FALSE,NA,NA,NA,397.412,592.46,1.491,NA,NA,NA
80,16,advan4,nonmem_scm,focei,14,not_converged,FALSE,FALSE,TRUE,TRUE,-1590.228465991623,795620.4379562044,psn_lst,NA,FALSE,TRUE,TRUE,NA,nonmem,psn_cov,3,4,3,0,FALSE,NA,NA,NA,241.802,353.55,1.462,NA,NA,NA
80,16,advan4,nonmem_scm,focei,15,ok,TRUE,FALSE,FALSE,FALSE,-1623.2844174095983,NA,psn_lst,NA,TRUE,FALSE,FALSE,NA,nonmem,psn_cov,4,4,4,0,TRUE,NA,NA,NA,182.08,409.14,2.247,NA,NA,NA
80,16,advan4,nonmem_scm,focei,16,ok,TRUE,FALSE,FALSE,FALSE,-1664.1598963201636,NA,psn_lst,NA,TRUE,FALSE,FALSE,NA,nonmem,psn_cov,4,4,4,0,TRUE,NA,NA,NA,179.592,388.71,2.164,NA,NA,NA
80,16,advan4,nonmem_scm,focei,17,not_converged,FALSE,FALSE,FALSE,FALSE,-1607.9993152269058,NA,psn_lst,NA,FALSE,FALSE,TRUE,NA,nonmem,psn_cov,4,4,4,0,TRUE,NA,NA,NA,278.334,414.77,1.49,NA,NA,NA
80,16,advan4,nonmem_scm,focei,18,not_converged,FALSE,TRUE,TRUE,TRUE,-1642.6216939955193,28.263888888888893,psn_lst,NA,FALSE,TRUE,TRUE,NA,nonmem,psn_cov,4,4,4,0,TRUE,NA,NA,NA,285.468,419.25,1.469,NA,NA,NA
80,16,advan4,nonmem_scm,focei,19,ok,TRUE,FALSE,FALSE,FALSE,-1659.389322040931,NA,psn_lst,NA,TRUE,FALSE,FALSE,NA,nonmem,psn_cov,3,4,3,0,FALSE,NA,NA,NA,273.917,432.05,1.577,NA,NA,NA
80,16,advan4,nonmem_scm,focei,20,not_converged,FALSE,FALSE,FALSE,FALSE,-1659.119985580798,NA,psn_lst,NA,FALSE,FALSE,TRUE,NA,nonmem,psn_cov,4,4,4,0,TRUE,NA,NA,NA,264.014,404.1,1.531,NA,NA,NA
80,16,advan4,nonmem_scm,focei,21,ok,TRUE,TRUE,TRUE,TRUE,-1584.1032217647376,29.224806201550383,psn_lst,NA,TRUE,TRUE,FALSE,NA,nonmem,psn_cov,4,4,3,1,FALSE,NA,NA,NA,271.597,420.24,1.547,NA,NA,NA
80,16,advan4,nonmem_scm,focei,22,ok,TRUE,TRUE,TRUE,TRUE,-1643.557502048693,19.03225806451613,psn_lst,NA,TRUE,TRUE,FALSE,NA,nonmem,psn_cov,4,4,4,0,TRUE,NA,NA,NA,332.073,514,1.548,NA,NA,NA
80,16,advan4,nonmem_scm,focei,23,ok,TRUE,FALSE,FALSE,FALSE,-1600.896883838724,NA,psn_lst,NA,TRUE,FALSE,FALSE,NA,nonmem,psn_cov,3,4,3,0,FALSE,NA,NA,NA,294.167,444.13,1.51,NA,NA,NA
80,16,advan4,nonmem_scm,focei,24,not_converged,FALSE,TRUE,TRUE,TRUE,-1629.122599315746,583.8095238095237,psn_lst,NA,FALSE,TRUE,TRUE,NA,nonmem,psn_cov,4,4,4,0,TRUE,NA,NA,NA,323.007,508,1.573,NA,NA,NA
80,16,advan4,nonmem_scm,focei,25,ok,TRUE,FALSE,FALSE,FALSE,-1622.0408623423043,NA,psn_lst,NA,TRUE,FALSE,FALSE,NA,nonmem,psn_cov,4,4,4,0,TRUE,NA,NA,NA,334.395,511.39,1.529,NA,NA,NA
80,16,advan4,nonmem_scm,focei,26,not_converged,FALSE,FALSE,FALSE,FALSE,-1593.2633467352955,NA,psn_lst,NA,FALSE,FALSE,TRUE,NA,nonmem,psn_cov,4,4,3,1,FALSE,NA,NA,NA,286.427,428.99,1.498,NA,NA,NA
80,16,advan4,nonmem_scm,focei,27,ok,TRUE,FALSE,FALSE,FALSE,-1639.7324045944115,NA,psn_lst,NA,TRUE,FALSE,FALSE,NA,nonmem,psn_cov,4,4,4,0,TRUE,NA,NA,NA,329.613,515.05,1.563,NA,NA,NA
80,16,advan4,nonmem_scm,focei,28,ok,TRUE,FALSE,FALSE,FALSE,-1589.5613721452771,NA,psn_lst,NA,TRUE,FALSE,FALSE,NA,nonmem,psn_cov,4,4,3,1,FALSE,NA,NA,NA,276.32,428.88,1.552,NA,NA,NA
80,16,advan4,nonmem_scm,focei,29,ok,TRUE,FALSE,FALSE,FALSE,-1592.562351118359,NA,psn_lst,NA,TRUE,FALSE,FALSE,NA,nonmem,psn_cov,4,4,3,1,FALSE,NA,NA,NA,339.393,524.52,1.545,NA,NA,NA
80,16,advan4,nonmem_scm,focei,30,ok,TRUE,TRUE,TRUE,TRUE,-1527.7017450933852,241.17647058823528,psn_lst,NA,TRUE,TRUE,FALSE,NA,nonmem,psn_cov,3,4,3,0,FALSE,NA,NA,NA,189.123,411.57,2.176,NA,NA,NA
80,16,advan4,nonmem_scm,focei,31,ok,TRUE,FALSE,FALSE,FALSE,-1662.737308797302,NA,psn_lst,NA,TRUE,FALSE,FALSE,NA,nonmem,psn_cov,4,4,4,0,TRUE,NA,NA,NA,276.851,425.52,1.537,NA,NA,NA
80,16,advan4,nonmem_scm,focei,32,ok,TRUE,FALSE,FALSE,FALSE,-1655.167306638304,NA,psn_lst,NA,TRUE,FALSE,FALSE,NA,nonmem,psn_cov,4,4,4,0,TRUE,NA,NA,NA,265.362,415.46,1.566,NA,NA,NA
80,16,advan4,nonmem_scm,focei,33,not_converged,FALSE,FALSE,FALSE,FALSE,-1604.130183002438,NA,psn_lst,NA,FALSE,FALSE,TRUE,NA,nonmem,psn_cov,4,4,4,0,TRUE,NA,NA,NA,178.756,394.16,2.205,NA,NA,NA
80,16,advan4,nonmem_scm,focei,34,not_converged,FALSE,FALSE,TRUE,TRUE,-1610.483346799661,60818.713450292395,psn_lst,NA,FALSE,TRUE,TRUE,NA,nonmem,psn_cov,4,4,2,2,FALSE,NA,NA,NA,280.765,434.29,1.547,NA,NA,NA
80,16,advan4,nonmem_scm,focei,35,ok,TRUE,FALSE,FALSE,FALSE,-1623.1900630755863,NA,psn_lst,NA,TRUE,FALSE,FALSE,NA,nonmem,psn_cov,4,4,4,0,TRUE,NA,NA,NA,278.909,414.14,1.485,NA,NA,NA
80,16,advan4,nonmem_scm,focei,36,not_converged,FALSE,FALSE,FALSE,FALSE,-1547.7575627109138,NA,psn_lst,NA,FALSE,FALSE,TRUE,NA,nonmem,psn_cov,4,4,4,0,TRUE,NA,NA,NA,277.731,425.25,1.531,NA,NA,NA
80,16,advan4,nonmem_scm,focei,37,ok,TRUE,FALSE,FALSE,FALSE,-1579.5889261296938,NA,psn_lst,NA,TRUE,FALSE,FALSE,NA,nonmem,psn_cov,4,4,4,0,TRUE,NA,NA,NA,178.636,396.79,2.221,NA,NA,NA
80,16,advan4,nonmem_scm,focei,38,not_converged,FALSE,FALSE,FALSE,FALSE,-1556.366144514645,NA,psn_lst,NA,FALSE,FALSE,TRUE,NA,nonmem,psn_cov,4,4,4,0,TRUE,NA,NA,NA,188.106,402.61,2.14,NA,NA,NA
80,16,advan4,nonmem_scm,focei,39,not_converged,FALSE,TRUE,TRUE,TRUE,-1636.7732614752515,327.77777777777777,psn_lst,NA,FALSE,TRUE,TRUE,NA,nonmem,psn_cov,4,4,4,0,TRUE,NA,NA,NA,269.758,415.69,1.541,NA,NA,NA
80,16,advan4,nonmem_scm,focei,40,not_converged,FALSE,FALSE,FALSE,FALSE,-1607.8761953161843,NA,psn_lst,NA,FALSE,FALSE,TRUE,NA,nonmem,psn_cov,4,4,4,0,TRUE,NA,NA,NA,185.308,401.37,2.166,NA,NA,NA
80,16,advan4,nonmem_scm,focei,41,ok,TRUE,TRUE,TRUE,TRUE,-1638.3602549836155,119.53781512605042,psn_lst,NA,TRUE,TRUE,FALSE,NA,nonmem,psn_cov,4,4,3,1,FALSE,NA,NA,NA,186.393,404.94,2.173,NA,NA,NA
80,16,advan4,nonmem_scm,focei,42,ok,TRUE,TRUE,TRUE,TRUE,-1666.839962285883,32.432432432432435,psn_lst,NA,TRUE,TRUE,FALSE,NA,nonmem,psn_cov,4,4,4,0,TRUE,NA,NA,NA,272.206,416.54,1.53,NA,NA,NA
80,16,advan4,nonmem_scm,focei,43,not_converged,FALSE,FALSE,FALSE,FALSE,-1606.017793452171,NA,psn_lst,NA,FALSE,FALSE,TRUE,NA,nonmem,psn_cov,4,4,4,0,TRUE,NA,NA,NA,267.666,415.97,1.554,NA,NA,NA
80,16,advan4,nonmem_scm,focei,44,ok,TRUE,FALSE,FALSE,FALSE,-1616.680752177457,NA,psn_lst,NA,TRUE,FALSE,FALSE,NA,nonmem,psn_cov,4,4,4,0,TRUE,NA,NA,NA,273.819,417.61,1.525,NA,NA,NA
80,16,advan4,nonmem_scm,focei,45,ok,TRUE,FALSE,FALSE,FALSE,-1696.921254641897,NA,psn_lst,NA,TRUE,FALSE,FALSE,NA,nonmem,psn_cov,4,4,4,0,TRUE,NA,NA,NA,329.157,507.66,1.542,NA,NA,NA
80,16,advan4,nonmem_scm,focei,46,ok,TRUE,FALSE,FALSE,FALSE,-1601.3799232175702,NA,psn_lst,NA,TRUE,FALSE,FALSE,NA,nonmem,psn_cov,4,4,4,0,TRUE,NA,NA,NA,180.03,406.19,2.256,NA,NA,NA
80,16,advan4,nonmem_scm,focei,47,ok,TRUE,FALSE,FALSE,FALSE,-1602.1497402729226,NA,psn_lst,NA,TRUE,FALSE,FALSE,NA,nonmem,psn_cov,4,4,4,0,TRUE,NA,NA,NA,221.337,486.92,2.2,NA,NA,NA
80,16,advan4,nonmem_scm,focei,48,not_converged,FALSE,FALSE,FALSE,FALSE,-1570.3121576588949,NA,psn_lst,NA,FALSE,FALSE,TRUE,NA,nonmem,psn_cov,4,4,4,0,TRUE,NA,NA,NA,272.253,414.77,1.523,NA,NA,NA
80,16,advan4,nonmem_scm,focei,49,ok,TRUE,FALSE,FALSE,FALSE,-1642.6070101065816,NA,psn_lst,NA,TRUE,FALSE,FALSE,NA,nonmem,psn_cov,4,4,3,1,FALSE,NA,NA,NA,267.841,417.93,1.56,NA,NA,NA
80,16,advan4,nonmem_scm,focei,50,ok,TRUE,FALSE,TRUE,TRUE,-1645.351904050876,1583.8150289017342,psn_lst,NA,TRUE,TRUE,FALSE,NA,nonmem,psn_cov,4,4,4,0,TRUE,NA,NA,NA,325.695,505.5,1.552,NA,NA,NA
80,16,advan4,nonmem_scm,focei,51,not_converged,FALSE,TRUE,TRUE,TRUE,-1649.8165569024702,44.53333333333333,psn_lst,NA,FALSE,TRUE,TRUE,NA,nonmem,psn_cov,3,4,3,0,FALSE,NA,NA,NA,301.871,459.67,1.523,NA,NA,NA
80,16,advan4,nonmem_scm,focei,52,ok,TRUE,FALSE,FALSE,FALSE,-1606.2036536680582,NA,psn_lst,NA,TRUE,FALSE,FALSE,NA,nonmem,psn_cov,4,4,4,0,TRUE,NA,NA,NA,334.442,518.08,1.549,NA,NA,NA
80,16,advan4,nonmem_scm,focei,53,ok,TRUE,FALSE,FALSE,FALSE,-1596.9548551409796,NA,psn_lst,NA,TRUE,FALSE,FALSE,NA,nonmem,psn_cov,4,4,4,0,TRUE,NA,NA,NA,273.038,422.08,1.546,NA,NA,NA
80,16,advan4,nonmem_scm,focei,54,ok,TRUE,FALSE,FALSE,FALSE,-1663.6936333556453,NA,psn_lst,NA,TRUE,FALSE,FALSE,NA,nonmem,psn_cov,4,4,4,0,TRUE,NA,NA,NA,278.712,426.99,1.532,NA,NA,NA
80,16,advan4,nonmem_scm,focei,55,ok,TRUE,FALSE,FALSE,FALSE,-1595.703021349265,NA,psn_lst,NA,TRUE,FALSE,FALSE,NA,nonmem,psn_cov,3,4,3,0,FALSE,NA,NA,NA,188.805,428.03,2.267,NA,NA,NA
80,16,advan4,nonmem_scm,focei,56,not_converged,FALSE,FALSE,FALSE,FALSE,-1659.584376104356,NA,psn_lst,NA,FALSE,FALSE,TRUE,NA,nonmem,psn_cov,4,4,4,0,TRUE,NA,NA,NA,284.698,425.53,1.495,NA,NA,NA
80,16,advan4,nonmem_scm,focei,57,not_converged,FALSE,FALSE,FALSE,FALSE,-1687.6791481847065,NA,psn_lst,NA,FALSE,FALSE,TRUE,NA,nonmem,psn_cov,4,4,4,0,TRUE,NA,NA,NA,397.774,629.53,1.583,NA,NA,NA
80,16,advan4,nonmem_scm,focei,58,ok,TRUE,FALSE,FALSE,FALSE,-1641.6970851135934,NA,psn_lst,NA,TRUE,FALSE,FALSE,NA,nonmem,psn_cov,4,4,4,0,TRUE,NA,NA,NA,281.709,425.73,1.511,NA,NA,NA
80,16,advan4,nonmem_scm,focei,59,ok,TRUE,FALSE,FALSE,FALSE,-1620.8556566421992,NA,psn_lst,NA,TRUE,FALSE,FALSE,NA,nonmem,psn_cov,3,4,3,0,FALSE,NA,NA,NA,349.032,543.95,1.558,NA,NA,NA
80,16,advan4,nonmem_scm,focei,60,ok,TRUE,TRUE,TRUE,TRUE,-1619.8524874874856,487.8205128205129,psn_lst,NA,TRUE,TRUE,FALSE,NA,nonmem,psn_cov,4,4,4,0,TRUE,NA,NA,NA,213.061,483.62,2.27,NA,NA,NA
80,16,advan4,nonmem_scm,focei,61,not_converged,FALSE,FALSE,FALSE,FALSE,-1598.3689386310473,NA,psn_lst,NA,FALSE,FALSE,TRUE,NA,nonmem,psn_cov,4,4,4,0,TRUE,NA,NA,NA,270.378,418.56,1.548,NA,NA,NA
80,16,advan4,nonmem_scm,focei,62,not_converged,FALSE,FALSE,FALSE,FALSE,-1648.8352429165006,NA,psn_lst,NA,FALSE,FALSE,TRUE,NA,nonmem,psn_cov,4,4,4,0,TRUE,NA,NA,NA,275.94,427.04,1.548,NA,NA,NA
80,16,advan4,nonmem_scm,focei,63,ok,TRUE,FALSE,FALSE,FALSE,-1627.4917415772668,NA,psn_lst,NA,TRUE,FALSE,FALSE,NA,nonmem,psn_cov,4,4,4,0,TRUE,NA,NA,NA,274.037,422.7,1.542,NA,NA,NA
80,16,advan4,nonmem_scm,focei,64,not_converged,FALSE,FALSE,FALSE,FALSE,-1634.6004945589723,NA,psn_lst,NA,FALSE,FALSE,TRUE,NA,nonmem,psn_cov,4,4,4,0,TRUE,NA,NA,NA,271.672,415.3,1.529,NA,NA,NA
80,16,advan4,nonmem_scm,focei,65,not_converged,FALSE,FALSE,FALSE,FALSE,-1640.46255046878,NA,psn_lst,NA,FALSE,FALSE,TRUE,NA,nonmem,psn_cov,4,4,4,0,TRUE,NA,NA,NA,182.787,400.04,2.189,NA,NA,NA
80,16,advan4,nonmem_scm,focei,66,ok,TRUE,FALSE,FALSE,FALSE,-1663.5127681416675,NA,psn_lst,NA,TRUE,FALSE,FALSE,NA,nonmem,psn_cov,4,4,4,0,TRUE,NA,NA,NA,189.222,408.06,2.157,NA,NA,NA
80,16,advan4,nonmem_scm,focei,67,not_converged,FALSE,FALSE,FALSE,FALSE,-1620.2659227585602,NA,psn_lst,NA,FALSE,FALSE,TRUE,NA,nonmem,psn_cov,4,4,3,1,FALSE,NA,NA,NA,267.161,415.55,1.555,NA,NA,NA
80,16,advan4,nonmem_scm,focei,68,not_converged,FALSE,FALSE,FALSE,FALSE,-1592.098334744589,NA,psn_lst,NA,FALSE,FALSE,TRUE,NA,nonmem,psn_cov,4,4,3,1,FALSE,NA,NA,NA,284.142,428.77,1.509,NA,NA,NA
80,16,advan4,nonmem_scm,focei,69,not_converged,FALSE,FALSE,FALSE,FALSE,-1642.6623489753126,NA,psn_lst,NA,FALSE,FALSE,TRUE,NA,nonmem,psn_cov,4,4,4,0,TRUE,NA,NA,NA,281.907,426.61,1.513,NA,NA,NA
80,16,advan4,nonmem_scm,focei,70,ok,TRUE,FALSE,TRUE,TRUE,-1595.3834457961698,185358.2554517134,psn_lst,NA,TRUE,TRUE,FALSE,NA,nonmem,psn_cov,4,4,4,0,TRUE,NA,NA,NA,299.526,430.82,1.438,NA,NA,NA
80,16,advan4,nonmem_scm,focei,71,ok,TRUE,FALSE,FALSE,FALSE,-1668.3199758145242,NA,psn_lst,NA,TRUE,FALSE,FALSE,NA,nonmem,psn_cov,4,4,4,0,TRUE,NA,NA,NA,272.471,427.81,1.57,NA,NA,NA
80,16,advan4,nonmem_scm,focei,72,ok,TRUE,FALSE,FALSE,FALSE,-1709.2203217628546,NA,psn_lst,NA,TRUE,FALSE,FALSE,NA,nonmem,psn_cov,4,4,4,0,TRUE,NA,NA,NA,277.578,433.06,1.56,NA,NA,NA
80,16,advan4,nonmem_scm,focei,73,ok,TRUE,FALSE,FALSE,FALSE,-1619.3191621458411,NA,psn_lst,NA,TRUE,FALSE,FALSE,NA,nonmem,psn_cov,3,4,3,0,FALSE,NA,NA,NA,203.598,434.99,2.137,NA,NA,NA
80,16,advan4,nonmem_scm,focei,74,ok,TRUE,FALSE,FALSE,FALSE,-1640.707423411662,NA,psn_lst,NA,TRUE,FALSE,FALSE,NA,nonmem,psn_cov,4,4,4,0,TRUE,NA,NA,NA,184.192,401.81,2.181,NA,NA,NA
80,16,advan4,nonmem_scm,focei,75,ok,TRUE,FALSE,FALSE,FALSE,-1538.1350581114627,NA,psn_lst,NA,TRUE,FALSE,FALSE,NA,nonmem,psn_cov,4,4,4,0,TRUE,NA,NA,NA,320.032,504.41,1.576,NA,NA,NA
80,16,advan4,nonmem_scm,focei,76,ok,TRUE,FALSE,FALSE,FALSE,-1668.254227025363,NA,psn_lst,NA,TRUE,FALSE,FALSE,NA,nonmem,psn_cov,4,4,4,0,TRUE,NA,NA,NA,265.286,411.13,1.55,NA,NA,NA
80,16,advan4,nonmem_scm,focei,77,ok,TRUE,FALSE,FALSE,FALSE,-1594.203122759042,NA,psn_lst,NA,TRUE,FALSE,FALSE,NA,nonmem,psn_cov,3,4,3,0,FALSE,NA,NA,NA,277.364,431.52,1.556,NA,NA,NA
80,16,advan4,nonmem_scm,focei,78,ok,TRUE,FALSE,FALSE,FALSE,-1571.9614356307447,NA,psn_lst,NA,TRUE,FALSE,FALSE,NA,nonmem,psn_cov,4,4,3,1,FALSE,NA,NA,NA,329.437,523.32,1.589,NA,NA,NA
80,16,advan4,nonmem_scm,focei,79,ok,TRUE,TRUE,TRUE,TRUE,-1620.41886025066,264.8148148148148,psn_lst,NA,TRUE,TRUE,FALSE,NA,nonmem,psn_cov,5,4,3,2,FALSE,NA,NA,NA,335.119,495.88,1.48,NA,NA,NA
80,16,advan4,nonmem_scm,focei,80,ok,TRUE,FALSE,FALSE,FALSE,-1687.5526734883183,NA,psn_lst,NA,TRUE,FALSE,FALSE,NA,nonmem,psn_cov,4,4,2,2,FALSE,NA,NA,NA,349.346,540.4,1.547,NA,NA,NA
80,16,advan4,nonmem_scm,focei,81,ok,TRUE,FALSE,FALSE,FALSE,-1690.2143768355618,NA,psn_lst,NA,TRUE,FALSE,FALSE,NA,nonmem,psn_cov,4,4,4,0,TRUE,NA,NA,NA,181.833,390.59,2.148,NA,NA,NA
80,16,advan4,nonmem_scm,focei,82,ok,TRUE,FALSE,FALSE,FALSE,-1671.8308610314557,NA,psn_lst,NA,TRUE,FALSE,FALSE,NA,nonmem,psn_cov,4,4,4,0,TRUE,NA,NA,NA,340.931,527.68,1.548,NA,NA,NA
80,16,advan4,nonmem_scm,focei,83,ok,TRUE,FALSE,FALSE,FALSE,-1562.7676995279187,NA,psn_lst,NA,TRUE,FALSE,FALSE,NA,nonmem,psn_cov,4,4,2,2,FALSE,NA,NA,NA,182.857,384.4,2.102,NA,NA,NA
80,16,advan4,nonmem_scm,focei,84,ok,TRUE,FALSE,FALSE,FALSE,-1613.0037904801627,NA,psn_lst,NA,TRUE,FALSE,FALSE,NA,nonmem,psn_cov,2,4,2,0,FALSE,NA,NA,NA,300.331,475.83,1.584,NA,NA,NA
80,16,advan4,nonmem_scm,focei,85,ok,TRUE,TRUE,TRUE,TRUE,-1702.705520385338,511.4503816793893,psn_lst,NA,TRUE,TRUE,FALSE,NA,nonmem,psn_cov,4,4,4,0,TRUE,NA,NA,NA,185.708,416.42,2.242,NA,NA,NA
80,16,advan4,nonmem_scm,focei,86,not_converged,FALSE,TRUE,TRUE,TRUE,-1680.241204556056,854.5150501672241,psn_lst,NA,FALSE,TRUE,TRUE,NA,nonmem,psn_cov,4,4,4,0,TRUE,NA,NA,NA,290.707,428.45,1.474,NA,NA,NA
80,16,advan4,nonmem_scm,focei,87,not_converged,FALSE,FALSE,FALSE,FALSE,-1616.620305007233,NA,psn_lst,NA,FALSE,FALSE,TRUE,NA,nonmem,psn_cov,4,4,4,0,TRUE,NA,NA,NA,275.563,432.78,1.571,NA,NA,NA
80,16,advan4,nonmem_scm,focei,88,ok,TRUE,TRUE,TRUE,TRUE,-1644.6757816429958,25.700934579439252,psn_lst,NA,TRUE,TRUE,FALSE,NA,nonmem,psn_cov,3,4,3,0,FALSE,NA,NA,NA,301.87,450.09,1.491,NA,NA,NA
80,16,advan4,nonmem_scm,focei,89,ok,TRUE,FALSE,FALSE,FALSE,-1639.901442051188,NA,psn_lst,NA,TRUE,FALSE,FALSE,NA,nonmem,psn_cov,4,4,4,0,TRUE,NA,NA,NA,285.049,430.91,1.512,NA,NA,NA
80,16,advan4,nonmem_scm,focei,90,ok,TRUE,FALSE,FALSE,FALSE,-1543.116920328823,NA,psn_lst,NA,TRUE,FALSE,FALSE,NA,nonmem,psn_cov,4,4,4,0,TRUE,NA,NA,NA,274.476,422.97,1.541,NA,NA,NA
80,16,advan4,nonmem_scm,focei,91,ok,TRUE,FALSE,FALSE,FALSE,-1630.3903219051865,NA,psn_lst,NA,TRUE,FALSE,FALSE,NA,nonmem,psn_cov,4,4,4,0,TRUE,NA,NA,NA,268.383,425.51,1.585,NA,NA,NA
80,16,advan4,nonmem_scm,focei,92,not_converged,FALSE,FALSE,FALSE,FALSE,-1596.577174471002,NA,psn_lst,NA,FALSE,FALSE,TRUE,NA,nonmem,psn_cov,4,4,4,0,TRUE,NA,NA,NA,170.713,383.95,2.249,NA,NA,NA
80,16,advan4,nonmem_scm,focei,93,ok,TRUE,FALSE,FALSE,FALSE,-1604.453056671478,NA,psn_lst,NA,TRUE,FALSE,FALSE,NA,nonmem,psn_cov,4,4,4,0,TRUE,NA,NA,NA,285.109,425.7,1.493,NA,NA,NA
80,16,advan4,nonmem_scm,focei,94,ok,TRUE,FALSE,TRUE,TRUE,-1688.518071694793,71268.65671641791,psn_lst,NA,TRUE,TRUE,FALSE,NA,nonmem,psn_cov,4,4,4,0,TRUE,NA,NA,NA,284.981,421.82,1.48,NA,NA,NA
80,16,advan4,nonmem_scm,focei,95,ok,TRUE,FALSE,FALSE,FALSE,-1673.9534024111772,NA,psn_lst,NA,TRUE,FALSE,FALSE,NA,nonmem,psn_cov,4,4,4,0,TRUE,NA,NA,NA,279.042,422.04,1.512,NA,NA,NA
80,16,advan4,nonmem_scm,focei,96,ok,TRUE,FALSE,FALSE,FALSE,-1625.4586474263065,NA,psn_lst,NA,TRUE,FALSE,FALSE,NA,nonmem,psn_cov,4,4,3,1,FALSE,NA,NA,NA,190.489,415.74,2.182,NA,NA,NA
80,16,advan4,nonmem_scm,focei,97,ok,TRUE,FALSE,TRUE,TRUE,-1662.4750830141188,1619.8979591836735,psn_lst,NA,TRUE,TRUE,FALSE,NA,nonmem,psn_cov,4,4,3,1,FALSE,NA,NA,NA,342.441,525.04,1.533,NA,NA,NA
80,16,advan4,nonmem_scm,focei,98,ok,TRUE,FALSE,FALSE,FALSE,-1628.922220284397,NA,psn_lst,NA,TRUE,FALSE,FALSE,NA,nonmem,psn_cov,4,4,4,0,TRUE,NA,NA,NA,275.441,422.61,1.534,NA,NA,NA
80,16,advan4,nonmem_scm,focei,99,ok,TRUE,FALSE,FALSE,FALSE,-1656.1045371447503,NA,psn_lst,NA,TRUE,FALSE,FALSE,NA,nonmem,psn_cov,4,4,3,1,FALSE,NA,NA,NA,276.084,432.47,1.566,NA,NA,NA
80,16,advan4,nonmem_scm,focei,100,ok,TRUE,FALSE,FALSE,FALSE,-1646.6737301883377,NA,psn_lst,NA,TRUE,FALSE,FALSE,NA,nonmem,psn_cov,4,4,4,0,TRUE,NA,NA,NA,274.693,420.35,1.53,NA,NA,NA
80,1,ode,nonmem_scm,focei,1,ok,TRUE,FALSE,FALSE,FALSE,-1506.4598509581035,NA,psn_lst,NA,TRUE,FALSE,FALSE,NA,nonmem,psn_cov,0,0,0,0,TRUE,NA,NA,NA,828.373,800.06,0.966,NA,NA,NA
80,1,ode,nonmem_scm,focei,2,not_converged,FALSE,FALSE,FALSE,FALSE,-1549.1264368478114,NA,psn_lst,NA,FALSE,FALSE,TRUE,NA,nonmem,psn_cov,0,0,0,0,TRUE,NA,NA,NA,870.216,2001.8,2.3,NA,NA,NA
80,1,ode,nonmem_scm,focei,3,not_converged,FALSE,FALSE,FALSE,FALSE,-1525.7684609126431,NA,psn_lst,NA,FALSE,FALSE,TRUE,NA,nonmem,psn_cov,0,0,0,0,TRUE,NA,NA,NA,366.995,815.07,2.221,NA,NA,NA
80,1,ode,nonmem_scm,focei,4,not_converged,FALSE,FALSE,FALSE,FALSE,-1554.9498271097552,NA,psn_lst,NA,FALSE,FALSE,TRUE,NA,nonmem,psn_cov,0,0,0,0,TRUE,NA,NA,NA,389.726,813.63,2.088,NA,NA,NA
80,1,ode,nonmem_scm,focei,5,ok,TRUE,FALSE,FALSE,FALSE,-1505.5769499787518,NA,psn_lst,NA,TRUE,FALSE,FALSE,NA,nonmem,psn_cov,0,0,0,0,TRUE,NA,NA,NA,1354.785,3020.28,2.229,NA,NA,NA
80,1,ode,nonmem_scm,focei,6,ok,TRUE,FALSE,FALSE,FALSE,-1586.728662888578,NA,psn_lst,NA,TRUE,FALSE,FALSE,NA,nonmem,psn_cov,0,0,0,0,TRUE,NA,NA,NA,759.3,1775.17,2.338,NA,NA,NA
80,1,ode,nonmem_scm,focei,7,ok,TRUE,FALSE,FALSE,FALSE,-1504.4032200242675,NA,psn_lst,NA,TRUE,FALSE,FALSE,NA,nonmem,psn_cov,0,0,0,0,TRUE,NA,NA,NA,354.18,751.07,2.121,NA,NA,NA
80,1,ode,nonmem_scm,focei,8,not_converged,FALSE,FALSE,FALSE,FALSE,-1487.005941838241,NA,psn_lst,NA,FALSE,FALSE,TRUE,NA,nonmem,psn_cov,0,0,0,0,TRUE,NA,NA,NA,434.584,1000.79,2.303,NA,NA,NA
80,1,ode,nonmem_scm,focei,9,ok,TRUE,FALSE,FALSE,FALSE,-1632.3435921415985,NA,psn_lst,NA,TRUE,FALSE,FALSE,NA,nonmem,psn_cov,1,0,0,1,FALSE,NA,NA,NA,1882.318,1850.13,0.983,NA,NA,NA
80,1,ode,nonmem_scm,focei,10,ok,TRUE,FALSE,FALSE,FALSE,-1531.3886622519176,NA,psn_lst,NA,TRUE,FALSE,FALSE,NA,nonmem,psn_cov,0,0,0,0,TRUE,NA,NA,NA,521.65,844.28,1.618,NA,NA,NA
80,1,ode,nonmem_scm,focei,11,ok,TRUE,FALSE,FALSE,FALSE,-1558.1906590186734,NA,psn_lst,NA,TRUE,FALSE,FALSE,NA,nonmem,psn_cov,0,0,0,0,TRUE,NA,NA,NA,373.557,809.26,2.166,NA,NA,NA
80,1,ode,nonmem_scm,focei,12,not_converged,FALSE,FALSE,FALSE,FALSE,-1567.758561402792,NA,psn_lst,NA,FALSE,FALSE,TRUE,NA,nonmem,psn_cov,0,0,0,0,TRUE,NA,NA,NA,377.401,821.13,2.176,NA,NA,NA
80,1,ode,nonmem_scm,focei,13,ok,TRUE,FALSE,FALSE,FALSE,-1562.7490919650809,NA,psn_lst,NA,TRUE,FALSE,FALSE,NA,nonmem,psn_cov,0,0,0,0,TRUE,NA,NA,NA,414.57,835.75,2.016,NA,NA,NA
80,1,ode,nonmem_scm,focei,14,ok,TRUE,FALSE,FALSE,FALSE,-1494.3976982020952,NA,psn_lst,NA,TRUE,FALSE,FALSE,NA,nonmem,psn_cov,1,0,0,1,FALSE,NA,NA,NA,772.066,1847.5,2.393,NA,NA,NA
80,1,ode,nonmem_scm,focei,15,not_converged,FALSE,FALSE,FALSE,FALSE,-1530.0974975297015,NA,psn_lst,NA,FALSE,FALSE,TRUE,NA,nonmem,psn_cov,0,0,0,0,TRUE,NA,NA,NA,397.26,860.21,2.165,NA,NA,NA
80,1,ode,nonmem_scm,focei,16,ok,TRUE,FALSE,FALSE,FALSE,-1589.136688656546,NA,psn_lst,NA,TRUE,FALSE,FALSE,NA,nonmem,psn_cov,0,0,0,0,TRUE,NA,NA,NA,632.863,1380.8,2.182,NA,NA,NA
80,1,ode,nonmem_scm,focei,17,ok,TRUE,FALSE,FALSE,FALSE,-1573.5816183526845,NA,psn_lst,NA,TRUE,FALSE,FALSE,NA,nonmem,psn_cov,0,0,0,0,TRUE,NA,NA,NA,978.551,950.88,0.972,NA,NA,NA
80,1,ode,nonmem_scm,focei,18,not_converged,FALSE,FALSE,FALSE,FALSE,-1525.3838179632587,NA,psn_lst,NA,FALSE,FALSE,TRUE,NA,nonmem,psn_cov,0,0,0,0,TRUE,NA,NA,NA,403.176,846.18,2.099,NA,NA,NA
80,1,ode,nonmem_scm,focei,19,ok,TRUE,FALSE,FALSE,FALSE,-1500.375098811336,NA,psn_lst,NA,TRUE,FALSE,FALSE,NA,nonmem,psn_cov,0,0,0,0,TRUE,NA,NA,NA,484.559,998.09,2.06,NA,NA,NA
80,1,ode,nonmem_scm,focei,20,ok,TRUE,FALSE,FALSE,FALSE,-1530.4680083436128,NA,psn_lst,NA,TRUE,FALSE,FALSE,NA,nonmem,psn_cov,0,0,0,0,TRUE,NA,NA,NA,705.427,1650.83,2.34,NA,NA,NA
80,1,ode,nonmem_scm,focei,21,not_converged,FALSE,FALSE,FALSE,FALSE,-1530.1606818452572,NA,psn_lst,NA,FALSE,FALSE,TRUE,NA,nonmem,psn_cov,0,0,0,0,TRUE,NA,NA,NA,377.533,854.51,2.263,NA,NA,NA
80,1,ode,nonmem_scm,focei,22,ok,TRUE,FALSE,FALSE,FALSE,-1523.449955359776,NA,psn_lst,NA,TRUE,FALSE,FALSE,NA,nonmem,psn_cov,0,0,0,0,TRUE,NA,NA,NA,391.681,851.9,2.175,NA,NA,NA
80,1,ode,nonmem_scm,focei,23,not_converged,FALSE,FALSE,FALSE,FALSE,-1567.6263966974936,NA,psn_lst,NA,FALSE,FALSE,TRUE,NA,nonmem,psn_cov,0,0,0,0,TRUE,NA,NA,NA,922.641,893.98,0.969,NA,NA,NA
80,1,ode,nonmem_scm,focei,24,not_converged,FALSE,FALSE,FALSE,FALSE,-1521.5629068856076,NA,psn_lst,NA,FALSE,FALSE,TRUE,NA,nonmem,psn_cov,0,0,0,0,TRUE,NA,NA,NA,826.781,1961.13,2.372,NA,NA,NA
80,1,ode,nonmem_scm,focei,25,ok,TRUE,FALSE,FALSE,FALSE,-1534.8409877075464,NA,psn_lst,NA,TRUE,FALSE,FALSE,NA,nonmem,psn_cov,0,0,0,0,TRUE,NA,NA,NA,366.419,815.32,2.225,NA,NA,NA
80,1,ode,nonmem_scm,focei,26,ok,TRUE,FALSE,FALSE,FALSE,-1552.0001552026054,NA,psn_lst,NA,TRUE,FALSE,FALSE,NA,nonmem,psn_cov,0,0,0,0,TRUE,NA,NA,NA,459.522,1024.2,2.229,NA,NA,NA
80,1,ode,nonmem_scm,focei,27,not_converged,FALSE,FALSE,FALSE,FALSE,-1501.405233510526,NA,psn_lst,NA,FALSE,FALSE,TRUE,NA,nonmem,psn_cov,0,0,0,0,TRUE,NA,NA,NA,342.784,735.67,2.146,NA,NA,NA
80,1,ode,nonmem_scm,focei,28,ok,TRUE,FALSE,FALSE,FALSE,-1493.9066564454415,NA,psn_lst,NA,TRUE,FALSE,FALSE,NA,nonmem,psn_cov,0,0,0,0,TRUE,NA,NA,NA,437.624,990.33,2.263,NA,NA,NA
80,1,ode,nonmem_scm,focei,29,not_converged,FALSE,FALSE,FALSE,FALSE,-1585.7530692731898,NA,psn_lst,NA,FALSE,FALSE,TRUE,NA,nonmem,psn_cov,0,0,0,0,TRUE,NA,NA,NA,1029.216,1000.07,0.972,NA,NA,NA
80,1,ode,nonmem_scm,focei,30,not_converged,FALSE,FALSE,FALSE,FALSE,-1521.9794867053222,NA,psn_lst,NA,FALSE,FALSE,TRUE,NA,nonmem,psn_cov,0,0,0,0,TRUE,NA,NA,NA,446.383,883.06,1.978,NA,NA,NA
80,1,ode,nonmem_scm,focei,31,ok,TRUE,FALSE,FALSE,FALSE,-1565.4799277028935,NA,psn_lst,NA,TRUE,FALSE,FALSE,NA,nonmem,psn_cov,0,0,0,0,TRUE,NA,NA,NA,912.201,882.87,0.968,NA,NA,NA
80,1,ode,nonmem_scm,focei,32,not_converged,FALSE,FALSE,FALSE,FALSE,-1516.8003525633603,NA,psn_lst,NA,FALSE,FALSE,TRUE,NA,nonmem,psn_cov,0,0,0,0,TRUE,NA,NA,NA,676.832,1592.74,2.353,NA,NA,NA
80,1,ode,nonmem_scm,focei,33,ok,TRUE,FALSE,FALSE,FALSE,-1599.5392815564846,NA,psn_lst,NA,TRUE,FALSE,FALSE,NA,nonmem,psn_cov,1,0,0,1,FALSE,NA,NA,NA,1511.953,3498.31,2.314,NA,NA,NA
80,1,ode,nonmem_scm,focei,34,not_converged,FALSE,FALSE,FALSE,FALSE,-1557.257995434978,NA,psn_lst,NA,FALSE,FALSE,TRUE,NA,nonmem,psn_cov,1,0,0,1,FALSE,NA,NA,NA,860.892,1926.77,2.238,NA,NA,NA
80,1,ode,nonmem_scm,focei,35,ok,TRUE,FALSE,FALSE,FALSE,-1572.2636132069538,NA,psn_lst,NA,TRUE,FALSE,FALSE,NA,nonmem,psn_cov,0,0,0,0,TRUE,NA,NA,NA,378.135,850.05,2.248,NA,NA,NA
80,1,ode,nonmem_scm,focei,36,ok,TRUE,FALSE,FALSE,FALSE,-1546.514683139341,NA,psn_lst,NA,TRUE,FALSE,FALSE,NA,nonmem,psn_cov,0,0,0,0,TRUE,NA,NA,NA,804.121,773.03,0.961,NA,NA,NA
80,1,ode,nonmem_scm,focei,37,not_converged,FALSE,FALSE,FALSE,FALSE,-1534.0888127869562,NA,psn_lst,NA,FALSE,FALSE,TRUE,NA,nonmem,psn_cov,0,0,0,0,TRUE,NA,NA,NA,463.112,984.72,2.126,NA,NA,NA
80,1,ode,nonmem_scm,focei,38,not_converged,FALSE,FALSE,FALSE,FALSE,-1519.850329776331,NA,psn_lst,NA,FALSE,FALSE,TRUE,NA,nonmem,psn_cov,0,0,0,0,TRUE,NA,NA,NA,1001.012,1690.95,1.689,NA,NA,NA
80,1,ode,nonmem_scm,focei,39,ok,TRUE,FALSE,FALSE,FALSE,-1478.0035889362475,NA,psn_lst,NA,TRUE,FALSE,FALSE,NA,nonmem,psn_cov,1,0,0,1,FALSE,NA,NA,NA,1569.152,2803.3,1.787,NA,NA,NA
80,1,ode,nonmem_scm,focei,40,ok,TRUE,FALSE,FALSE,FALSE,-1537.9186291797182,NA,psn_lst,NA,TRUE,FALSE,FALSE,NA,nonmem,psn_cov,0,0,0,0,TRUE,NA,NA,NA,504.418,850.48,1.686,NA,NA,NA
80,1,ode,nonmem_scm,focei,41,ok,TRUE,FALSE,FALSE,FALSE,-1531.850398881263,NA,psn_lst,NA,TRUE,FALSE,FALSE,NA,nonmem,psn_cov,0,0,0,0,TRUE,NA,NA,NA,753.951,1743.6,2.313,NA,NA,NA
80,1,ode,nonmem_scm,focei,42,ok,TRUE,FALSE,FALSE,FALSE,-1536.2658442608797,NA,psn_lst,NA,TRUE,FALSE,FALSE,NA,nonmem,psn_cov,0,0,0,0,TRUE,NA,NA,NA,518.898,852.29,1.643,NA,NA,NA
80,1,ode,nonmem_scm,focei,43,ok,TRUE,FALSE,FALSE,FALSE,-1545.3844391549949,NA,psn_lst,NA,TRUE,FALSE,FALSE,NA,nonmem,psn_cov,0,0,0,0,TRUE,NA,NA,NA,1362.601,3138.26,2.303,NA,NA,NA
80,1,ode,nonmem_scm,focei,44,ok,TRUE,FALSE,FALSE,FALSE,-1573.8905350279435,NA,psn_lst,NA,TRUE,FALSE,FALSE,NA,nonmem,psn_cov,0,0,0,0,TRUE,NA,NA,NA,1044.795,1677.45,1.606,NA,NA,NA
80,1,ode,nonmem_scm,focei,45,ok,TRUE,FALSE,FALSE,FALSE,-1543.5564851705194,NA,psn_lst,NA,TRUE,FALSE,FALSE,NA,nonmem,psn_cov,0,0,0,0,TRUE,NA,NA,NA,1035.163,1006.5,0.972,NA,NA,NA
80,1,ode,nonmem_scm,focei,46,ok,TRUE,FALSE,FALSE,FALSE,-1481.1648388789567,NA,psn_lst,NA,TRUE,FALSE,FALSE,NA,nonmem,psn_cov,0,0,0,0,TRUE,NA,NA,NA,956.9,928.34,0.97,NA,NA,NA
80,1,ode,nonmem_scm,focei,47,ok,TRUE,FALSE,FALSE,FALSE,-1560.6602553686855,NA,psn_lst,NA,TRUE,FALSE,FALSE,NA,nonmem,psn_cov,0,0,0,0,TRUE,NA,NA,NA,3160.025,3112.89,0.985,NA,NA,NA
80,1,ode,nonmem_scm,focei,48,ok,TRUE,FALSE,FALSE,FALSE,-1537.7500419107766,NA,psn_lst,NA,TRUE,FALSE,FALSE,NA,nonmem,psn_cov,0,0,0,0,TRUE,NA,NA,NA,848.989,820.65,0.967,NA,NA,NA
80,1,ode,nonmem_scm,focei,49,not_converged,FALSE,FALSE,FALSE,FALSE,-1483.440278561945,NA,psn_lst,NA,FALSE,FALSE,TRUE,NA,nonmem,psn_cov,0,0,0,0,TRUE,NA,NA,NA,874.555,845.92,0.967,NA,NA,NA
80,1,ode,nonmem_scm,focei,50,ok,TRUE,FALSE,FALSE,FALSE,-1510.5612205962288,NA,psn_lst,NA,TRUE,FALSE,FALSE,NA,nonmem,psn_cov,2,0,0,2,FALSE,NA,NA,NA,2622.166,2582.8,0.985,NA,NA,NA
80,1,ode,nonmem_scm,focei,51,not_converged,FALSE,FALSE,FALSE,FALSE,-1587.9952603096835,NA,psn_lst,NA,FALSE,FALSE,TRUE,NA,nonmem,psn_cov,0,0,0,0,TRUE,NA,NA,NA,398.17,783.03,1.967,NA,NA,NA
80,1,ode,nonmem_scm,focei,52,ok,TRUE,FALSE,FALSE,FALSE,-1565.3301488750735,NA,psn_lst,NA,TRUE,FALSE,FALSE,NA,nonmem,psn_cov,0,0,0,0,TRUE,NA,NA,NA,1019.764,989.88,0.971,NA,NA,NA
80,1,ode,nonmem_scm,focei,53,not_converged,FALSE,FALSE,FALSE,FALSE,-1489.917403475604,NA,psn_lst,NA,FALSE,FALSE,TRUE,NA,nonmem,psn_cov,0,0,0,0,TRUE,NA,NA,NA,1664.954,1630.05,0.979,NA,NA,NA
80,1,ode,nonmem_scm,focei,54,ok,TRUE,FALSE,FALSE,FALSE,-1478.6390659628853,NA,psn_lst,NA,TRUE,FALSE,FALSE,NA,nonmem,psn_cov,0,0,0,0,TRUE,NA,NA,NA,565.408,942.23,1.666,NA,NA,NA
80,1,ode,nonmem_scm,focei,55,ok,TRUE,FALSE,FALSE,FALSE,-1571.0355900021846,NA,psn_lst,NA,TRUE,FALSE,FALSE,NA,nonmem,psn_cov,0,0,0,0,TRUE,NA,NA,NA,514.305,860.9,1.674,NA,NA,NA
80,1,ode,nonmem_scm,focei,56,not_converged,FALSE,FALSE,FALSE,FALSE,-1557.17579727999,NA,psn_lst,NA,FALSE,FALSE,TRUE,NA,nonmem,psn_cov,0,0,0,0,TRUE,NA,NA,NA,552.481,900.4,1.63,NA,NA,NA
80,1,ode,nonmem_scm,focei,57,not_converged,FALSE,FALSE,FALSE,FALSE,-1482.744775212551,NA,psn_lst,NA,FALSE,FALSE,TRUE,NA,nonmem,psn_cov,0,0,0,0,TRUE,NA,NA,NA,994.46,1719.45,1.729,NA,NA,NA
80,1,ode,nonmem_scm,focei,58,ok,TRUE,FALSE,FALSE,FALSE,-1529.028790792571,NA,psn_lst,NA,TRUE,FALSE,FALSE,NA,nonmem,psn_cov,0,0,0,0,TRUE,NA,NA,NA,896.308,867.5,0.968,NA,NA,NA
80,1,ode,nonmem_scm,focei,59,not_converged,FALSE,FALSE,FALSE,FALSE,-1476.3735448282882,NA,psn_lst,NA,FALSE,FALSE,TRUE,NA,nonmem,psn_cov,0,0,0,0,TRUE,NA,NA,NA,753.643,1699.84,2.255,NA,NA,NA
80,1,ode,nonmem_scm,focei,60,not_converged,FALSE,FALSE,FALSE,FALSE,-1518.3252366752608,NA,psn_lst,NA,FALSE,FALSE,TRUE,NA,nonmem,psn_cov,1,0,0,1,FALSE,NA,NA,NA,831.324,1816.93,2.186,NA,NA,NA
80,1,ode,nonmem_scm,focei,61,ok,TRUE,FALSE,FALSE,FALSE,-1548.4663117497712,NA,psn_lst,NA,TRUE,FALSE,FALSE,NA,nonmem,psn_cov,0,0,0,0,TRUE,NA,NA,NA,420.582,887.09,2.109,NA,NA,NA
80,1,ode,nonmem_scm,focei,62,ok,TRUE,FALSE,FALSE,FALSE,-1532.7759730199748,NA,psn_lst,NA,TRUE,FALSE,FALSE,NA,nonmem,psn_cov,0,0,0,0,TRUE,NA,NA,NA,1256.235,2796.82,2.226,NA,NA,NA
80,1,ode,nonmem_scm,focei,63,ok,TRUE,FALSE,FALSE,FALSE,-1539.0100022698264,NA,psn_lst,NA,TRUE,FALSE,FALSE,NA,nonmem,psn_cov,0,0,0,0,TRUE,NA,NA,NA,783.992,1807.2,2.305,NA,NA,NA
80,1,ode,nonmem_scm,focei,64,ok,TRUE,FALSE,FALSE,FALSE,-1540.9572649334737,NA,psn_lst,NA,TRUE,FALSE,FALSE,NA,nonmem,psn_cov,0,0,0,0,TRUE,NA,NA,NA,378.679,812.55,2.146,NA,NA,NA
80,1,ode,nonmem_scm,focei,65,ok,TRUE,FALSE,FALSE,FALSE,-1529.5152653219484,NA,psn_lst,NA,TRUE,FALSE,FALSE,NA,nonmem,psn_cov,0,0,0,0,TRUE,NA,NA,NA,1978.31,1940.57,0.981,NA,NA,NA
80,1,ode,nonmem_scm,focei,66,not_converged,FALSE,FALSE,FALSE,FALSE,-1532.9672990891816,NA,psn_lst,NA,FALSE,FALSE,TRUE,NA,nonmem,psn_cov,0,0,0,0,TRUE,NA,NA,NA,524.384,825.04,1.573,NA,NA,NA
80,1,ode,nonmem_scm,focei,67,ok,TRUE,FALSE,FALSE,FALSE,-1568.670678727149,NA,psn_lst,NA,TRUE,FALSE,FALSE,NA,nonmem,psn_cov,0,0,0,0,TRUE,NA,NA,NA,855.934,1951.68,2.28,NA,NA,NA
80,1,ode,nonmem_scm,focei,68,not_converged,FALSE,FALSE,FALSE,FALSE,-1552.0660059615363,NA,psn_lst,NA,FALSE,FALSE,TRUE,NA,nonmem,psn_cov,0,0,0,0,TRUE,NA,NA,NA,1679.96,1642.71,0.978,NA,NA,NA
80,1,ode,nonmem_scm,focei,69,not_converged,FALSE,FALSE,FALSE,FALSE,-1560.5139526894754,NA,psn_lst,NA,FALSE,FALSE,TRUE,NA,nonmem,psn_cov,0,0,0,0,TRUE,NA,NA,NA,830.826,800.27,0.963,NA,NA,NA
80,1,ode,nonmem_scm,focei,70,ok,TRUE,FALSE,FALSE,FALSE,-1533.0938789518195,NA,psn_lst,NA,TRUE,FALSE,FALSE,NA,nonmem,psn_cov,0,0,0,0,TRUE,NA,NA,NA,762.875,735.52,0.964,NA,NA,NA
80,1,ode,nonmem_scm,focei,71,ok,TRUE,FALSE,FALSE,FALSE,-1518.3916229091806,NA,psn_lst,NA,TRUE,FALSE,FALSE,NA,nonmem,psn_cov,0,0,0,0,TRUE,NA,NA,NA,979.381,950.05,0.97,NA,NA,NA
80,1,ode,nonmem_scm,focei,72,ok,TRUE,FALSE,FALSE,FALSE,-1524.223659130878,NA,psn_lst,NA,TRUE,FALSE,FALSE,NA,nonmem,psn_cov,0,0,0,0,TRUE,NA,NA,NA,1990.016,1951.96,0.981,NA,NA,NA
80,1,ode,nonmem_scm,focei,73,ok,TRUE,FALSE,FALSE,FALSE,-1475.572939615402,NA,psn_lst,NA,TRUE,FALSE,FALSE,NA,nonmem,psn_cov,0,0,0,0,TRUE,NA,NA,NA,1100.621,1878.31,1.707,NA,NA,NA
80,1,ode,nonmem_scm,focei,74,ok,TRUE,FALSE,FALSE,FALSE,-1508.7571376495237,NA,psn_lst,NA,TRUE,FALSE,FALSE,NA,nonmem,psn_cov,0,0,0,0,TRUE,NA,NA,NA,1674.197,1638.98,0.979,NA,NA,NA
80,1,ode,nonmem_scm,focei,75,ok,TRUE,FALSE,FALSE,FALSE,-1492.681038657356,NA,psn_lst,NA,TRUE,FALSE,FALSE,NA,nonmem,psn_cov,0,0,0,0,TRUE,NA,NA,NA,806.549,774.93,0.961,NA,NA,NA
80,1,ode,nonmem_scm,focei,76,ok,TRUE,FALSE,FALSE,FALSE,-1563.207036587724,NA,psn_lst,NA,TRUE,FALSE,FALSE,NA,nonmem,psn_cov,0,0,0,0,TRUE,NA,NA,NA,465.579,939.61,2.018,NA,NA,NA
80,1,ode,nonmem_scm,focei,77,ok,TRUE,FALSE,FALSE,FALSE,-1515.038727337222,NA,psn_lst,NA,TRUE,FALSE,FALSE,NA,nonmem,psn_cov,0,0,0,0,TRUE,NA,NA,NA,728.676,1662.86,2.282,NA,NA,NA
80,1,ode,nonmem_scm,focei,78,ok,TRUE,FALSE,FALSE,FALSE,-1600.8388281544717,NA,psn_lst,NA,TRUE,FALSE,FALSE,NA,nonmem,psn_cov,0,0,0,0,TRUE,NA,NA,NA,410.328,855.87,2.086,NA,NA,NA
80,1,ode,nonmem_scm,focei,79,ok,TRUE,FALSE,FALSE,FALSE,-1533.4909906766288,NA,psn_lst,NA,TRUE,FALSE,FALSE,NA,nonmem,psn_cov,0,0,0,0,TRUE,NA,NA,NA,830.089,1843.31,2.221,NA,NA,NA
80,1,ode,nonmem_scm,focei,80,ok,TRUE,FALSE,FALSE,FALSE,-1587.328169802823,NA,psn_lst,NA,TRUE,FALSE,FALSE,NA,nonmem,psn_cov,0,0,0,0,TRUE,NA,NA,NA,401.676,872.87,2.173,NA,NA,NA
80,1,ode,nonmem_scm,focei,81,not_converged,FALSE,FALSE,FALSE,FALSE,-1524.8076277137582,NA,psn_lst,NA,FALSE,FALSE,TRUE,NA,nonmem,psn_cov,2,0,0,2,FALSE,NA,NA,NA,1035.505,2445.08,2.361,NA,NA,NA
80,1,ode,nonmem_scm,focei,82,ok,TRUE,FALSE,FALSE,FALSE,-1545.9435688633066,NA,psn_lst,NA,TRUE,FALSE,FALSE,NA,nonmem,psn_cov,0,0,0,0,TRUE,NA,NA,NA,433.815,953.55,2.198,NA,NA,NA
80,1,ode,nonmem_scm,focei,83,ok,TRUE,FALSE,FALSE,FALSE,-1557.3973740595434,NA,psn_lst,NA,TRUE,FALSE,FALSE,NA,nonmem,psn_cov,0,0,0,0,TRUE,NA,NA,NA,2036.941,2000.01,0.982,NA,NA,NA
80,1,ode,nonmem_scm,focei,84,ok,TRUE,FALSE,FALSE,FALSE,-1600.573939164144,NA,psn_lst,NA,TRUE,FALSE,FALSE,NA,nonmem,psn_cov,0,0,0,0,TRUE,NA,NA,NA,430.594,898.39,2.086,NA,NA,NA
80,1,ode,nonmem_scm,focei,85,ok,TRUE,FALSE,FALSE,FALSE,-1520.336968237686,NA,psn_lst,NA,TRUE,FALSE,FALSE,NA,nonmem,psn_cov,0,0,0,0,TRUE,NA,NA,NA,1074.327,1045.82,0.973,NA,NA,NA
80,1,ode,nonmem_scm,focei,86,not_converged,FALSE,FALSE,FALSE,FALSE,-1514.677247146557,NA,psn_lst,NA,FALSE,FALSE,TRUE,NA,nonmem,psn_cov,0,0,0,0,TRUE,NA,NA,NA,979.337,948.4,0.968,NA,NA,NA
80,1,ode,nonmem_scm,focei,87,ok,TRUE,FALSE,FALSE,FALSE,-1586.0603323841094,NA,psn_lst,NA,TRUE,FALSE,FALSE,NA,nonmem,psn_cov,0,0,0,0,TRUE,NA,NA,NA,1949.239,1911.38,0.981,NA,NA,NA
80,1,ode,nonmem_scm,focei,88,not_converged,FALSE,FALSE,FALSE,FALSE,-1550.8340374484433,NA,psn_lst,NA,FALSE,FALSE,TRUE,NA,nonmem,psn_cov,0,0,0,0,TRUE,NA,NA,NA,729.222,1687.52,2.314,NA,NA,NA
80,1,ode,nonmem_scm,focei,89,not_converged,FALSE,FALSE,FALSE,FALSE,-1552.9471453030812,NA,psn_lst,NA,FALSE,FALSE,TRUE,NA,nonmem,psn_cov,0,0,0,0,TRUE,NA,NA,NA,960.576,930.88,0.969,NA,NA,NA
80,1,ode,nonmem_scm,focei,90,ok,TRUE,FALSE,FALSE,FALSE,-1541.206994272805,NA,psn_lst,NA,TRUE,FALSE,FALSE,NA,nonmem,psn_cov,0,0,0,0,TRUE,NA,NA,NA,433.751,939.52,2.166,NA,NA,NA
80,1,ode,nonmem_scm,focei,91,not_converged,FALSE,FALSE,FALSE,FALSE,-1531.378171536309,NA,psn_lst,NA,FALSE,FALSE,TRUE,NA,nonmem,psn_cov,0,0,0,0,TRUE,NA,NA,NA,857.522,828.97,0.967,NA,NA,NA
80,1,ode,nonmem_scm,focei,92,not_converged,FALSE,FALSE,FALSE,FALSE,-1536.5676882244131,NA,psn_lst,NA,FALSE,FALSE,TRUE,NA,nonmem,psn_cov,0,0,0,0,TRUE,NA,NA,NA,1118.226,1087.34,0.972,NA,NA,NA
80,1,ode,nonmem_scm,focei,93,ok,TRUE,FALSE,FALSE,FALSE,-1535.356120275206,NA,psn_lst,NA,TRUE,FALSE,FALSE,NA,nonmem,psn_cov,0,0,0,0,TRUE,NA,NA,NA,980.137,2218.4,2.263,NA,NA,NA
80,1,ode,nonmem_scm,focei,94,not_converged,FALSE,FALSE,FALSE,FALSE,-1534.2953240511692,NA,psn_lst,NA,FALSE,FALSE,TRUE,NA,nonmem,psn_cov,0,0,0,0,TRUE,NA,NA,NA,400.14,869.36,2.173,NA,NA,NA
80,1,ode,nonmem_scm,focei,95,ok,TRUE,FALSE,FALSE,FALSE,-1544.3971591471293,NA,psn_lst,NA,TRUE,FALSE,FALSE,NA,nonmem,psn_cov,0,0,0,0,TRUE,NA,NA,NA,386.479,833.88,2.158,NA,NA,NA
80,1,ode,nonmem_scm,focei,96,not_converged,FALSE,FALSE,FALSE,FALSE,-1573.678691699692,NA,psn_lst,NA,FALSE,FALSE,TRUE,NA,nonmem,psn_cov,0,0,0,0,TRUE,NA,NA,NA,440.39,813.77,1.848,NA,NA,NA
80,1,ode,nonmem_scm,focei,97,ok,TRUE,FALSE,FALSE,FALSE,-1511.2076330259467,NA,psn_lst,NA,TRUE,FALSE,FALSE,NA,nonmem,psn_cov,0,0,0,0,TRUE,NA,NA,NA,754.994,1725.95,2.286,NA,NA,NA
80,1,ode,nonmem_scm,focei,98,ok,TRUE,FALSE,FALSE,FALSE,-1542.830462331455,NA,psn_lst,NA,TRUE,FALSE,FALSE,NA,nonmem,psn_cov,0,0,0,0,TRUE,NA,NA,NA,355.082,787.9,2.219,NA,NA,NA
80,1,ode,nonmem_scm,focei,99,ok,TRUE,FALSE,FALSE,FALSE,-1548.5803818748525,NA,psn_lst,NA,TRUE,FALSE,FALSE,NA,nonmem,psn_cov,0,0,0,0,TRUE,NA,NA,NA,1497.924,3442.94,2.298,NA,NA,NA
80,1,ode,nonmem_scm,focei,100,ok,TRUE,FALSE,FALSE,FALSE,-1590.9677336535165,NA,psn_lst,NA,TRUE,FALSE,FALSE,NA,nonmem,psn_cov,0,0,0,0,TRUE,NA,NA,NA,421.308,946.85,2.247,NA,NA,NA
80,2,ode,nonmem_scm,focei,1,ok,TRUE,FALSE,FALSE,FALSE,-1478.239901597504,NA,psn_lst,NA,TRUE,FALSE,FALSE,NA,nonmem,psn_cov,1,1,1,0,TRUE,NA,NA,NA,829.846,1767.02,2.129,NA,NA,NA
80,2,ode,nonmem_scm,focei,2,not_converged,FALSE,FALSE,FALSE,FALSE,-1552.0474228380317,NA,psn_lst,NA,FALSE,FALSE,TRUE,NA,nonmem,psn_cov,1,1,1,0,TRUE,NA,NA,NA,1786.424,1750.99,0.98,NA,NA,NA
80,2,ode,nonmem_scm,focei,3,not_converged,FALSE,FALSE,FALSE,FALSE,-1585.8396679497582,NA,psn_lst,NA,FALSE,FALSE,TRUE,NA,nonmem,psn_cov,1,1,1,0,TRUE,NA,NA,NA,1649.101,3899.42,2.365,NA,NA,NA
80,2,ode,nonmem_scm,focei,4,ok,TRUE,FALSE,FALSE,FALSE,-1548.7947136044795,NA,psn_lst,NA,TRUE,FALSE,FALSE,NA,nonmem,psn_cov,1,1,1,0,TRUE,NA,NA,NA,705.455,1563.8,2.217,NA,NA,NA
80,2,ode,nonmem_scm,focei,5,not_converged,FALSE,FALSE,FALSE,FALSE,-1590.0839186871694,NA,psn_lst,NA,FALSE,FALSE,TRUE,NA,nonmem,psn_cov,3,1,1,2,FALSE,NA,NA,NA,1381.835,3328.81,2.409,NA,NA,NA
80,2,ode,nonmem_scm,focei,6,not_converged,FALSE,FALSE,FALSE,FALSE,-1496.4153791698504,NA,psn_lst,NA,FALSE,FALSE,TRUE,NA,nonmem,psn_cov,1,1,1,0,TRUE,NA,NA,NA,937.081,2136.36,2.28,NA,NA,NA
80,2,ode,nonmem_scm,focei,7,ok,TRUE,FALSE,FALSE,FALSE,-1617.9451755994005,NA,psn_lst,NA,TRUE,FALSE,FALSE,NA,nonmem,psn_cov,1,1,1,0,TRUE,NA,NA,NA,793.062,1790.03,2.257,NA,NA,NA
80,2,ode,nonmem_scm,focei,8,not_converged,FALSE,FALSE,FALSE,FALSE,-1528.909914940909,NA,psn_lst,NA,FALSE,FALSE,TRUE,NA,nonmem,psn_cov,2,1,1,1,FALSE,NA,NA,NA,1090.861,2578.9,2.364,NA,NA,NA
80,2,ode,nonmem_scm,focei,9,not_converged,FALSE,FALSE,FALSE,FALSE,-1548.5607366201448,NA,psn_lst,NA,FALSE,FALSE,TRUE,NA,nonmem,psn_cov,2,1,1,1,FALSE,NA,NA,NA,1314.16,2774.28,2.111,NA,NA,NA
80,2,ode,nonmem_scm,focei,10,not_converged,FALSE,FALSE,FALSE,FALSE,-1570.6700370942508,NA,psn_lst,NA,FALSE,FALSE,TRUE,NA,nonmem,psn_cov,1,1,1,0,TRUE,NA,NA,NA,659.488,1548.13,2.347,NA,NA,NA
80,2,ode,nonmem_scm,focei,11,not_converged,FALSE,FALSE,FALSE,FALSE,-1551.150083873967,NA,psn_lst,NA,FALSE,FALSE,TRUE,NA,nonmem,psn_cov,1,1,1,0,TRUE,NA,NA,NA,704.745,1588,2.253,NA,NA,NA
80,2,ode,nonmem_scm,focei,12,not_converged,FALSE,FALSE,FALSE,FALSE,-1570.764471817787,NA,psn_lst,NA,FALSE,FALSE,TRUE,NA,nonmem,psn_cov,1,1,1,0,TRUE,NA,NA,NA,1534.486,3196.53,2.083,NA,NA,NA
80,2,ode,nonmem_scm,focei,13,ok,TRUE,FALSE,FALSE,FALSE,-1586.4233289794054,NA,psn_lst,NA,TRUE,FALSE,FALSE,NA,nonmem,psn_cov,1,1,1,0,TRUE,NA,NA,NA,700.485,1549.52,2.212,NA,NA,NA
80,2,ode,nonmem_scm,focei,14,not_converged,FALSE,FALSE,FALSE,FALSE,-1519.9251308422968,NA,psn_lst,NA,FALSE,FALSE,TRUE,NA,nonmem,psn_cov,1,1,1,0,TRUE,NA,NA,NA,722.978,1700.48,2.352,NA,NA,NA
80,2,ode,nonmem_scm,focei,15,not_converged,FALSE,FALSE,FALSE,FALSE,-1635.343882361622,NA,psn_lst,NA,FALSE,FALSE,TRUE,NA,nonmem,psn_cov,1,1,1,0,TRUE,NA,NA,NA,1357.892,3078.22,2.267,NA,NA,NA
80,2,ode,nonmem_scm,focei,16,not_converged,FALSE,FALSE,FALSE,FALSE,-1505.0110238091704,NA,psn_lst,NA,FALSE,FALSE,TRUE,NA,nonmem,psn_cov,1,1,1,0,TRUE,NA,NA,NA,764.912,1726.46,2.257,NA,NA,NA
80,2,ode,nonmem_scm,focei,17,ok,TRUE,FALSE,FALSE,FALSE,-1498.3610689532757,NA,psn_lst,NA,TRUE,FALSE,FALSE,NA,nonmem,psn_cov,1,1,1,0,TRUE,NA,NA,NA,1154.138,2685.72,2.327,NA,NA,NA
80,2,ode,nonmem_scm,focei,18,ok,TRUE,FALSE,FALSE,FALSE,-1562.8000890901087,NA,psn_lst,NA,TRUE,FALSE,FALSE,NA,nonmem,psn_cov,1,1,1,0,TRUE,NA,NA,NA,666.2,1457.6,2.188,NA,NA,NA
80,2,ode,nonmem_scm,focei,19,ok,TRUE,FALSE,FALSE,FALSE,-1492.9730909575394,NA,psn_lst,NA,TRUE,FALSE,FALSE,NA,nonmem,psn_cov,1,1,1,0,TRUE,NA,NA,NA,1820.181,1784.65,0.98,NA,NA,NA
80,2,ode,nonmem_scm,focei,20,not_converged,FALSE,FALSE,FALSE,FALSE,-1532.8583409303958,NA,psn_lst,NA,FALSE,FALSE,TRUE,NA,nonmem,psn_cov,1,1,1,0,TRUE,NA,NA,NA,3251.685,3204.49,0.985,NA,NA,NA
80,2,ode,nonmem_scm,focei,21,ok,TRUE,FALSE,FALSE,FALSE,-1517.2275398693848,NA,psn_lst,NA,TRUE,FALSE,FALSE,NA,nonmem,psn_cov,1,1,1,0,TRUE,NA,NA,NA,1825.555,1790.76,0.981,NA,NA,NA
80,2,ode,nonmem_scm,focei,22,not_converged,FALSE,FALSE,FALSE,FALSE,-1567.9329346782154,NA,psn_lst,NA,FALSE,FALSE,TRUE,NA,nonmem,psn_cov,1,1,1,0,TRUE,NA,NA,NA,2095.803,2058.32,0.982,NA,NA,NA
80,2,ode,nonmem_scm,focei,23,not_converged,FALSE,FALSE,FALSE,FALSE,-1599.407975474246,NA,psn_lst,NA,FALSE,FALSE,TRUE,NA,nonmem,psn_cov,1,1,1,0,TRUE,NA,NA,NA,1822.603,1787.2,0.981,NA,NA,NA
80,2,ode,nonmem_scm,focei,24,ok,TRUE,FALSE,FALSE,FALSE,-1616.0889678709327,NA,psn_lst,NA,TRUE,FALSE,FALSE,NA,nonmem,psn_cov,1,1,1,0,TRUE,NA,NA,NA,870.433,1981.21,2.276,NA,NA,NA
80,2,ode,nonmem_scm,focei,25,ok,TRUE,FALSE,FALSE,FALSE,-1500.6818907761476,NA,psn_lst,NA,TRUE,FALSE,FALSE,NA,nonmem,psn_cov,1,1,1,0,TRUE,NA,NA,NA,1955.075,1917.46,0.981,NA,NA,NA
80,2,ode,nonmem_scm,focei,26,not_converged,FALSE,FALSE,FALSE,FALSE,-1522.7459452236546,NA,psn_lst,NA,FALSE,FALSE,TRUE,NA,nonmem,psn_cov,1,1,1,0,TRUE,NA,NA,NA,801.23,1695.96,2.117,NA,NA,NA
80,2,ode,nonmem_scm,focei,27,ok,TRUE,FALSE,FALSE,FALSE,-1579.631993809736,NA,psn_lst,NA,TRUE,FALSE,FALSE,NA,nonmem,psn_cov,2,1,1,1,FALSE,NA,NA,NA,1197.469,2688.03,2.245,NA,NA,NA
80,2,ode,nonmem_scm,focei,28,not_converged,FALSE,FALSE,FALSE,FALSE,-1501.7448425232944,NA,psn_lst,NA,FALSE,FALSE,TRUE,NA,nonmem,psn_cov,1,1,1,0,TRUE,NA,NA,NA,1335.627,2910.38,2.179,NA,NA,NA
80,2,ode,nonmem_scm,focei,29,not_converged,FALSE,FALSE,FALSE,FALSE,-1527.05603026493,NA,psn_lst,NA,FALSE,FALSE,TRUE,NA,nonmem,psn_cov,2,1,1,1,FALSE,NA,NA,NA,1232.384,2852.63,2.315,NA,NA,NA
80,2,ode,nonmem_scm,focei,30,ok,TRUE,FALSE,FALSE,FALSE,-1592.2151494366135,NA,psn_lst,NA,TRUE,FALSE,FALSE,NA,nonmem,psn_cov,2,1,1,1,FALSE,NA,NA,NA,993.803,2339.03,2.354,NA,NA,NA
80,2,ode,nonmem_scm,focei,31,not_converged,FALSE,FALSE,FALSE,FALSE,-1528.3806158767627,NA,psn_lst,NA,FALSE,FALSE,TRUE,NA,nonmem,psn_cov,1,1,1,0,TRUE,NA,NA,NA,2639.89,2598,0.984,NA,NA,NA
80,2,ode,nonmem_scm,focei,32,not_converged,FALSE,FALSE,FALSE,FALSE,-1554.275471192112,NA,psn_lst,NA,FALSE,FALSE,TRUE,NA,nonmem,psn_cov,2,1,1,1,FALSE,NA,NA,NA,1108.786,2455.08,2.214,NA,NA,NA
80,2,ode,nonmem_scm,focei,33,ok,TRUE,FALSE,FALSE,FALSE,-1546.508844686551,NA,psn_lst,NA,TRUE,FALSE,FALSE,NA,nonmem,psn_cov,1,1,1,0,TRUE,NA,NA,NA,737.272,1617.89,2.194,NA,NA,NA
80,2,ode,nonmem_scm,focei,34,not_converged,FALSE,FALSE,FALSE,FALSE,-1603.8527195430715,NA,psn_lst,NA,FALSE,FALSE,TRUE,NA,nonmem,psn_cov,1,1,1,0,TRUE,NA,NA,NA,843.294,1653.48,1.961,NA,NA,NA
80,2,ode,nonmem_scm,focei,35,not_converged,FALSE,FALSE,FALSE,FALSE,-1521.574672685978,NA,psn_lst,NA,FALSE,FALSE,TRUE,NA,nonmem,psn_cov,2,1,1,1,FALSE,NA,NA,NA,2401.118,2360.77,0.983,NA,NA,NA
80,2,ode,nonmem_scm,focei,36,not_converged,FALSE,FALSE,FALSE,FALSE,-1522.4300629680845,NA,psn_lst,NA,FALSE,FALSE,TRUE,NA,nonmem,psn_cov,1,1,1,0,TRUE,NA,NA,NA,808.302,1806.47,2.235,NA,NA,NA
80,2,ode,nonmem_scm,focei,37,not_converged,FALSE,FALSE,FALSE,FALSE,-1509.118928450103,NA,psn_lst,NA,FALSE,FALSE,TRUE,NA,nonmem,psn_cov,1,1,1,0,TRUE,NA,NA,NA,796.34,1668.26,2.095,NA,NA,NA
80,2,ode,nonmem_scm,focei,38,ok,TRUE,FALSE,FALSE,FALSE,-1569.410081659011,NA,psn_lst,NA,TRUE,FALSE,FALSE,NA,nonmem,psn_cov,1,1,1,0,TRUE,NA,NA,NA,1868.206,1831.9,0.981,NA,NA,NA
80,2,ode,nonmem_scm,focei,39,not_converged,FALSE,FALSE,FALSE,FALSE,-1582.9195695882308,NA,psn_lst,NA,FALSE,FALSE,TRUE,NA,nonmem,psn_cov,2,1,1,1,FALSE,NA,NA,NA,2775.017,2731.76,0.984,NA,NA,NA
80,2,ode,nonmem_scm,focei,40,not_converged,FALSE,FALSE,FALSE,FALSE,-1557.907148605877,NA,psn_lst,NA,FALSE,FALSE,TRUE,NA,nonmem,psn_cov,1,1,1,0,TRUE,NA,NA,NA,827.669,1748.57,2.113,NA,NA,NA
80,2,ode,nonmem_scm,focei,41,ok,TRUE,FALSE,FALSE,FALSE,-1545.899607217557,NA,psn_lst,NA,TRUE,FALSE,FALSE,NA,nonmem,psn_cov,1,1,1,0,TRUE,NA,NA,NA,807.674,1860.78,2.304,NA,NA,NA
80,2,ode,nonmem_scm,focei,42,ok,TRUE,FALSE,FALSE,FALSE,-1611.056077468102,NA,psn_lst,NA,TRUE,FALSE,FALSE,NA,nonmem,psn_cov,1,1,1,0,TRUE,NA,NA,NA,736.196,1631.44,2.216,NA,NA,NA
80,2,ode,nonmem_scm,focei,43,ok,TRUE,FALSE,FALSE,FALSE,-1571.9863454029523,NA,psn_lst,NA,TRUE,FALSE,FALSE,NA,nonmem,psn_cov,1,1,1,0,TRUE,NA,NA,NA,736.356,1694.01,2.301,NA,NA,NA
80,2,ode,nonmem_scm,focei,44,not_converged,FALSE,FALSE,FALSE,FALSE,-1578.7486778154496,NA,psn_lst,NA,FALSE,FALSE,TRUE,NA,nonmem,psn_cov,1,1,1,0,TRUE,NA,NA,NA,1448.942,3148.08,2.173,NA,NA,NA
80,2,ode,nonmem_scm,focei,45,not_converged,FALSE,FALSE,FALSE,FALSE,-1537.296930012978,NA,psn_lst,NA,FALSE,FALSE,TRUE,NA,nonmem,psn_cov,1,1,1,0,TRUE,NA,NA,NA,818.659,1750.08,2.138,NA,NA,NA
80,2,ode,nonmem_scm,focei,46,ok,TRUE,FALSE,FALSE,FALSE,-1569.0303309516787,NA,psn_lst,NA,TRUE,FALSE,FALSE,NA,nonmem,psn_cov,1,1,1,0,TRUE,NA,NA,NA,787.629,1685.77,2.14,NA,NA,NA
80,2,ode,nonmem_scm,focei,47,ok,TRUE,FALSE,FALSE,FALSE,-1478.621445314689,NA,psn_lst,NA,TRUE,FALSE,FALSE,NA,nonmem,psn_cov,0,1,0,0,FALSE,NA,NA,NA,395.219,856.2,2.166,NA,NA,NA
80,2,ode,nonmem_scm,focei,48,ok,TRUE,FALSE,FALSE,FALSE,-1528.6499612425723,NA,psn_lst,NA,TRUE,FALSE,FALSE,NA,nonmem,psn_cov,1,1,1,0,TRUE,NA,NA,NA,802.949,1680.43,2.093,NA,NA,NA
80,2,ode,nonmem_scm,focei,49,not_converged,FALSE,FALSE,FALSE,FALSE,-1501.34576326894,NA,psn_lst,NA,FALSE,FALSE,TRUE,NA,nonmem,psn_cov,1,1,1,0,TRUE,NA,NA,NA,1254.401,2732.51,2.178,NA,NA,NA
80,2,ode,nonmem_scm,focei,50,not_converged,FALSE,FALSE,FALSE,FALSE,-1571.272045744136,NA,psn_lst,NA,FALSE,FALSE,TRUE,NA,nonmem,psn_cov,1,1,1,0,TRUE,NA,NA,NA,1091.612,2354.61,2.157,NA,NA,NA
80,2,ode,nonmem_scm,focei,51,ok,TRUE,FALSE,FALSE,FALSE,-1567.1762139276082,NA,psn_lst,NA,TRUE,FALSE,FALSE,NA,nonmem,psn_cov,1,1,1,0,TRUE,NA,NA,NA,767.134,1839.77,2.398,NA,NA,NA
80,2,ode,nonmem_scm,focei,52,not_converged,FALSE,FALSE,FALSE,FALSE,-1569.3427469756032,NA,psn_lst,NA,FALSE,FALSE,TRUE,NA,nonmem,psn_cov,1,1,1,0,TRUE,NA,NA,NA,590.019,1242.44,2.106,NA,NA,NA
80,2,ode,nonmem_scm,focei,53,not_converged,FALSE,FALSE,FALSE,FALSE,-1527.75542554644,NA,psn_lst,NA,FALSE,FALSE,TRUE,NA,nonmem,psn_cov,1,1,1,0,TRUE,NA,NA,NA,683.579,1528.19,2.236,NA,NA,NA
80,2,ode,nonmem_scm,focei,54,ok,TRUE,FALSE,FALSE,FALSE,-1533.9192020713829,NA,psn_lst,NA,TRUE,FALSE,FALSE,NA,nonmem,psn_cov,1,1,1,0,TRUE,NA,NA,NA,787.616,1693.6,2.15,NA,NA,NA
80,2,ode,nonmem_scm,focei,55,ok,TRUE,FALSE,FALSE,FALSE,-1556.1742499569334,NA,psn_lst,NA,TRUE,FALSE,FALSE,NA,nonmem,psn_cov,1,1,1,0,TRUE,NA,NA,NA,669.369,1560.32,2.331,NA,NA,NA
80,2,ode,nonmem_scm,focei,56,ok,TRUE,FALSE,FALSE,FALSE,-1581.6288312510771,NA,psn_lst,NA,TRUE,FALSE,FALSE,NA,nonmem,psn_cov,1,1,1,0,TRUE,NA,NA,NA,1764.267,4145.27,2.35,NA,NA,NA
80,2,ode,nonmem_scm,focei,57,ok,TRUE,FALSE,FALSE,FALSE,-1509.215835703565,NA,psn_lst,NA,TRUE,FALSE,FALSE,NA,nonmem,psn_cov,1,1,1,0,TRUE,NA,NA,NA,718.305,1567.28,2.182,NA,NA,NA
80,2,ode,nonmem_scm,focei,58,ok,TRUE,FALSE,FALSE,FALSE,-1582.7115010743462,NA,psn_lst,NA,TRUE,FALSE,FALSE,NA,nonmem,psn_cov,1,1,1,0,TRUE,NA,NA,NA,2020.034,1984.41,0.982,NA,NA,NA
80,2,ode,nonmem_scm,focei,59,ok,TRUE,FALSE,FALSE,FALSE,-1570.9879905689857,NA,psn_lst,NA,TRUE,FALSE,FALSE,NA,nonmem,psn_cov,2,1,1,1,FALSE,NA,NA,NA,1406.514,3148.62,2.239,NA,NA,NA
80,2,ode,nonmem_scm,focei,60,not_converged,FALSE,FALSE,FALSE,FALSE,-1561.1626187070417,NA,psn_lst,NA,FALSE,FALSE,TRUE,NA,nonmem,psn_cov,1,1,1,0,TRUE,NA,NA,NA,625.664,1384.32,2.213,NA,NA,NA
80,2,ode,nonmem_scm,focei,61,ok,TRUE,FALSE,FALSE,FALSE,-1548.029707645042,NA,psn_lst,NA,TRUE,FALSE,FALSE,NA,nonmem,psn_cov,1,1,1,0,TRUE,NA,NA,NA,882.362,1496.73,1.696,NA,NA,NA
80,2,ode,nonmem_scm,focei,62,not_converged,FALSE,FALSE,FALSE,FALSE,-1522.46774485697,NA,psn_lst,NA,FALSE,FALSE,TRUE,NA,nonmem,psn_cov,1,1,1,0,TRUE,NA,NA,NA,1678.735,1644.87,0.98,NA,NA,NA
80,2,ode,nonmem_scm,focei,63,not_converged,FALSE,FALSE,FALSE,FALSE,-1534.577709662702,NA,psn_lst,NA,FALSE,FALSE,TRUE,NA,nonmem,psn_cov,1,1,1,0,TRUE,NA,NA,NA,806.652,1809.47,2.243,NA,NA,NA
80,2,ode,nonmem_scm,focei,64,not_converged,FALSE,FALSE,FALSE,FALSE,-1523.9523674319296,NA,psn_lst,NA,FALSE,FALSE,TRUE,NA,nonmem,psn_cov,1,1,1,0,TRUE,NA,NA,NA,789.195,1646.55,2.086,NA,NA,NA
80,2,ode,nonmem_scm,focei,65,not_converged,FALSE,FALSE,FALSE,FALSE,-1555.845560807205,NA,psn_lst,NA,FALSE,FALSE,TRUE,NA,nonmem,psn_cov,1,1,1,0,TRUE,NA,NA,NA,784.085,1686.16,2.15,NA,NA,NA
80,2,ode,nonmem_scm,focei,66,not_converged,FALSE,FALSE,FALSE,FALSE,-1543.2038238951432,NA,psn_lst,NA,FALSE,FALSE,TRUE,NA,nonmem,psn_cov,1,1,1,0,TRUE,NA,NA,NA,928.804,1990.65,2.143,NA,NA,NA
80,2,ode,nonmem_scm,focei,67,ok,TRUE,FALSE,FALSE,FALSE,-1524.0259838420843,NA,psn_lst,NA,TRUE,FALSE,FALSE,NA,nonmem,psn_cov,0,1,0,0,FALSE,NA,NA,NA,796.979,1822.69,2.287,NA,NA,NA
80,2,ode,nonmem_scm,focei,68,not_converged,FALSE,FALSE,FALSE,FALSE,-1601.7710091699594,NA,psn_lst,NA,FALSE,FALSE,TRUE,NA,nonmem,psn_cov,1,1,1,0,TRUE,NA,NA,NA,863.901,1784.21,2.065,NA,NA,NA
80,2,ode,nonmem_scm,focei,69,not_converged,FALSE,FALSE,FALSE,FALSE,-1502.8954373324943,NA,psn_lst,NA,FALSE,FALSE,TRUE,NA,nonmem,psn_cov,1,1,1,0,TRUE,NA,NA,NA,1217.435,2827.15,2.322,NA,NA,NA
80,2,ode,nonmem_scm,focei,70,not_converged,FALSE,FALSE,FALSE,FALSE,-1482.3750966220896,NA,psn_lst,NA,FALSE,FALSE,TRUE,NA,nonmem,psn_cov,1,1,1,0,TRUE,NA,NA,NA,821.121,1875.89,2.285,NA,NA,NA
80,2,ode,nonmem_scm,focei,71,ok,TRUE,FALSE,FALSE,FALSE,-1562.0463748094855,NA,psn_lst,NA,TRUE,FALSE,FALSE,NA,nonmem,psn_cov,1,1,1,0,TRUE,NA,NA,NA,1415.385,2440.12,1.724,NA,NA,NA
80,2,ode,nonmem_scm,focei,72,ok,TRUE,FALSE,FALSE,FALSE,-1579.494232809205,NA,psn_lst,NA,TRUE,FALSE,FALSE,NA,nonmem,psn_cov,1,1,1,0,TRUE,NA,NA,NA,1500.84,2635.91,1.756,NA,NA,NA
80,2,ode,nonmem_scm,focei,73,not_converged,FALSE,FALSE,FALSE,FALSE,-1564.1381562962274,NA,psn_lst,NA,FALSE,FALSE,TRUE,NA,nonmem,psn_cov,1,1,1,0,TRUE,NA,NA,NA,1588.063,2658.94,1.674,NA,NA,NA
80,2,ode,nonmem_scm,focei,74,not_converged,FALSE,FALSE,FALSE,FALSE,-1570.047067660126,NA,psn_lst,NA,FALSE,FALSE,TRUE,NA,nonmem,psn_cov,1,1,1,0,TRUE,NA,NA,NA,1050.438,1781.26,1.696,NA,NA,NA
80,2,ode,nonmem_scm,focei,75,ok,TRUE,FALSE,FALSE,FALSE,-1516.7615604083885,NA,psn_lst,NA,TRUE,FALSE,FALSE,NA,nonmem,psn_cov,1,1,1,0,TRUE,NA,NA,NA,805.312,1809.09,2.246,NA,NA,NA
80,2,ode,nonmem_scm,focei,76,not_converged,FALSE,FALSE,FALSE,FALSE,-1500.572021213574,NA,psn_lst,NA,FALSE,FALSE,TRUE,NA,nonmem,psn_cov,1,1,1,0,TRUE,NA,NA,NA,1022.765,1644.24,1.608,NA,NA,NA
80,2,ode,nonmem_scm,focei,77,ok,TRUE,FALSE,FALSE,FALSE,-1595.6098670173235,NA,psn_lst,NA,TRUE,FALSE,FALSE,NA,nonmem,psn_cov,1,1,1,0,TRUE,NA,NA,NA,950.656,1681.03,1.768,NA,NA,NA
80,2,ode,nonmem_scm,focei,78,ok,TRUE,FALSE,FALSE,FALSE,-1539.6187907910569,NA,psn_lst,NA,TRUE,FALSE,FALSE,NA,nonmem,psn_cov,1,1,1,0,TRUE,NA,NA,NA,1870.332,1832.63,0.98,NA,NA,NA
80,2,ode,nonmem_scm,focei,79,not_converged,FALSE,FALSE,FALSE,FALSE,-1533.2462470985208,NA,psn_lst,NA,FALSE,FALSE,TRUE,NA,nonmem,psn_cov,1,1,1,0,TRUE,NA,NA,NA,684.534,1470.49,2.148,NA,NA,NA
80,2,ode,nonmem_scm,focei,80,not_converged,FALSE,FALSE,FALSE,FALSE,-1603.823103469567,NA,psn_lst,NA,FALSE,FALSE,TRUE,NA,nonmem,psn_cov,1,1,1,0,TRUE,NA,NA,NA,1096.489,1817.15,1.657,NA,NA,NA
80,2,ode,nonmem_scm,focei,81,ok,TRUE,FALSE,FALSE,FALSE,-1568.1730159394483,NA,psn_lst,NA,TRUE,FALSE,FALSE,NA,nonmem,psn_cov,1,1,1,0,TRUE,NA,NA,NA,1206.115,2047.55,1.698,NA,NA,NA
80,2,ode,nonmem_scm,focei,82,not_converged,FALSE,FALSE,FALSE,FALSE,-1559.8630404042694,NA,psn_lst,NA,FALSE,FALSE,TRUE,NA,nonmem,psn_cov,1,1,1,0,TRUE,NA,NA,NA,1034.145,1731.17,1.674,NA,NA,NA
80,2,ode,nonmem_scm,focei,83,ok,TRUE,FALSE,FALSE,FALSE,-1501.4725203303644,NA,psn_lst,NA,TRUE,FALSE,FALSE,NA,nonmem,psn_cov,1,1,1,0,TRUE,NA,NA,NA,3027.916,2979.03,0.984,NA,NA,NA
80,2,ode,nonmem_scm,focei,84,not_converged,FALSE,FALSE,FALSE,FALSE,-1580.596618947119,NA,psn_lst,NA,FALSE,FALSE,TRUE,NA,nonmem,psn_cov,1,1,1,0,TRUE,NA,NA,NA,2004.24,1968.54,0.982,NA,NA,NA
80,2,ode,nonmem_scm,focei,85,not_converged,FALSE,FALSE,FALSE,FALSE,-1518.8612335819482,NA,psn_lst,NA,FALSE,FALSE,TRUE,NA,nonmem,psn_cov,1,1,1,0,TRUE,NA,NA,NA,739.941,1639.43,2.216,NA,NA,NA
80,2,ode,nonmem_scm,focei,86,ok,TRUE,FALSE,FALSE,FALSE,-1516.839295409056,NA,psn_lst,NA,TRUE,FALSE,FALSE,NA,nonmem,psn_cov,1,1,1,0,TRUE,NA,NA,NA,1059.149,1775.24,1.676,NA,NA,NA
80,2,ode,nonmem_scm,focei,87,ok,TRUE,FALSE,FALSE,FALSE,-1546.6678239959506,NA,psn_lst,NA,TRUE,FALSE,FALSE,NA,nonmem,psn_cov,1,1,1,0,TRUE,NA,NA,NA,729.373,1687.72,2.314,NA,NA,NA
80,2,ode,nonmem_scm,focei,88,ok,TRUE,FALSE,FALSE,FALSE,-1492.80533029925,NA,psn_lst,NA,TRUE,FALSE,FALSE,NA,nonmem,psn_cov,1,1,1,0,TRUE,NA,NA,NA,1699.224,1668.32,0.982,NA,NA,NA
80,2,ode,nonmem_scm,focei,89,ok,TRUE,FALSE,FALSE,FALSE,-1560.5594381771932,NA,psn_lst,NA,TRUE,FALSE,FALSE,NA,nonmem,psn_cov,1,1,1,0,TRUE,NA,NA,NA,1516.755,1481.57,0.977,NA,NA,NA
80,2,ode,nonmem_scm,focei,90,not_converged,FALSE,FALSE,FALSE,FALSE,-1569.5209206611662,NA,psn_lst,NA,FALSE,FALSE,TRUE,NA,nonmem,psn_cov,1,1,1,0,TRUE,NA,NA,NA,1787.891,1754.39,0.981,NA,NA,NA
80,2,ode,nonmem_scm,focei,91,ok,TRUE,FALSE,FALSE,FALSE,-1504.3533525623504,NA,psn_lst,NA,TRUE,FALSE,FALSE,NA,nonmem,psn_cov,0,1,0,0,FALSE,NA,NA,NA,1493.798,1464.22,0.98,NA,NA,NA
80,2,ode,nonmem_scm,focei,92,not_converged,FALSE,FALSE,FALSE,FALSE,-1577.4975151435715,NA,psn_lst,NA,FALSE,FALSE,TRUE,NA,nonmem,psn_cov,1,1,1,0,TRUE,NA,NA,NA,1092.851,1862.06,1.704,NA,NA,NA
80,2,ode,nonmem_scm,focei,93,ok,TRUE,FALSE,FALSE,FALSE,-1577.2837378789802,NA,psn_lst,NA,TRUE,FALSE,FALSE,NA,nonmem,psn_cov,1,1,1,0,TRUE,NA,NA,NA,896.032,1523.6,1.7,NA,NA,NA
80,2,ode,nonmem_scm,focei,94,ok,TRUE,FALSE,FALSE,FALSE,-1515.099723411149,NA,psn_lst,NA,TRUE,FALSE,FALSE,NA,nonmem,psn_cov,1,1,1,0,TRUE,NA,NA,NA,1656.313,2891.26,1.746,NA,NA,NA
80,2,ode,nonmem_scm,focei,95,not_converged,FALSE,FALSE,FALSE,FALSE,-1567.8337633696085,NA,psn_lst,NA,FALSE,FALSE,TRUE,NA,nonmem,psn_cov,1,1,1,0,TRUE,NA,NA,NA,1571.183,1537.46,0.979,NA,NA,NA
80,2,ode,nonmem_scm,focei,96,not_converged,FALSE,FALSE,FALSE,FALSE,-1555.111508656144,NA,psn_lst,NA,FALSE,FALSE,TRUE,NA,nonmem,psn_cov,1,1,1,0,TRUE,NA,NA,NA,1997.37,1957.67,0.98,NA,NA,NA
80,2,ode,nonmem_scm,focei,97,ok,TRUE,FALSE,FALSE,FALSE,-1535.9129664144264,NA,psn_lst,NA,TRUE,FALSE,FALSE,NA,nonmem,psn_cov,1,1,1,0,TRUE,NA,NA,NA,720.205,1653.72,2.296,NA,NA,NA
80,2,ode,nonmem_scm,focei,98,ok,TRUE,FALSE,FALSE,FALSE,-1612.9213573629029,NA,psn_lst,NA,TRUE,FALSE,FALSE,NA,nonmem,psn_cov,1,1,1,0,TRUE,NA,NA,NA,2859.556,2818.27,0.986,NA,NA,NA
80,2,ode,nonmem_scm,focei,99,not_converged,FALSE,FALSE,FALSE,FALSE,-1509.7522141352674,NA,psn_lst,NA,FALSE,FALSE,TRUE,NA,nonmem,psn_cov,1,1,1,0,TRUE,NA,NA,NA,678.306,1561.41,2.302,NA,NA,NA
80,2,ode,nonmem_scm,focei,100,not_converged,FALSE,FALSE,FALSE,FALSE,-1522.108852213361,NA,psn_lst,NA,FALSE,FALSE,TRUE,NA,nonmem,psn_cov,1,1,1,0,TRUE,NA,NA,NA,711.983,1647.72,2.314,NA,NA,NA
80,3,ode,nonmem_scm,focei,1,ok,TRUE,FALSE,FALSE,FALSE,-1486.4318124430486,NA,psn_lst,NA,TRUE,FALSE,FALSE,NA,nonmem,psn_cov,1,1,1,0,TRUE,NA,NA,NA,1641.492,1607.24,0.979,NA,NA,NA
80,3,ode,nonmem_scm,focei,2,ok,TRUE,FALSE,FALSE,FALSE,-1589.6874398640905,NA,psn_lst,NA,TRUE,FALSE,FALSE,NA,nonmem,psn_cov,1,1,1,0,TRUE,NA,NA,NA,1694.423,4182.5,2.468,NA,NA,NA
80,3,ode,nonmem_scm,focei,3,not_converged,FALSE,FALSE,FALSE,FALSE,-1563.742692783807,NA,psn_lst,NA,FALSE,FALSE,TRUE,NA,nonmem,psn_cov,2,1,1,1,FALSE,NA,NA,NA,3521.638,3470.27,0.985,NA,NA,NA
80,3,ode,nonmem_scm,focei,4,not_converged,FALSE,FALSE,FALSE,FALSE,-1550.784480329702,NA,psn_lst,NA,FALSE,FALSE,TRUE,NA,nonmem,psn_cov,1,1,1,0,TRUE,NA,NA,NA,1762.63,1725.59,0.979,NA,NA,NA
80,3,ode,nonmem_scm,focei,5,ok,TRUE,FALSE,FALSE,FALSE,-1553.44309406482,NA,psn_lst,NA,TRUE,FALSE,FALSE,NA,nonmem,psn_cov,2,1,1,1,FALSE,NA,NA,NA,1345.612,2438.01,1.812,NA,NA,NA
80,3,ode,nonmem_scm,focei,6,ok,TRUE,FALSE,FALSE,FALSE,-1487.0374841305977,NA,psn_lst,NA,TRUE,FALSE,FALSE,NA,nonmem,psn_cov,1,1,1,0,TRUE,NA,NA,NA,1651.887,1619.77,0.981,NA,NA,NA
80,3,ode,nonmem_scm,focei,7,ok,TRUE,FALSE,FALSE,FALSE,-1602.6964478099103,NA,psn_lst,NA,TRUE,FALSE,FALSE,NA,nonmem,psn_cov,1,1,1,0,TRUE,NA,NA,NA,1953.211,1920.05,0.983,NA,NA,NA
80,3,ode,nonmem_scm,focei,8,ok,TRUE,FALSE,FALSE,FALSE,-1535.5548259576049,NA,psn_lst,NA,TRUE,FALSE,FALSE,NA,nonmem,psn_cov,1,1,1,0,TRUE,NA,NA,NA,2200.915,2162.12,0.982,NA,NA,NA
80,3,ode,nonmem_scm,focei,9,ok,TRUE,FALSE,FALSE,FALSE,-1578.7954258031052,NA,psn_lst,NA,TRUE,FALSE,FALSE,NA,nonmem,psn_cov,1,1,1,0,TRUE,NA,NA,NA,1960.293,1927.9,0.983,NA,NA,NA
80,3,ode,nonmem_scm,focei,10,ok,TRUE,FALSE,FALSE,FALSE,-1505.9465222363388,NA,psn_lst,NA,TRUE,FALSE,FALSE,NA,nonmem,psn_cov,1,1,1,0,TRUE,NA,NA,NA,1563.032,1528.26,0.978,NA,NA,NA
80,3,ode,nonmem_scm,focei,11,not_converged,FALSE,FALSE,FALSE,FALSE,-1547.7448077891438,NA,psn_lst,NA,FALSE,FALSE,TRUE,NA,nonmem,psn_cov,1,1,1,0,TRUE,NA,NA,NA,1853.91,1818.57,0.981,NA,NA,NA
80,3,ode,nonmem_scm,focei,12,ok,TRUE,FALSE,FALSE,FALSE,-1549.022508270502,NA,psn_lst,NA,TRUE,FALSE,FALSE,NA,nonmem,psn_cov,1,1,1,0,TRUE,NA,NA,NA,1289.616,2744.6,2.128,NA,NA,NA
80,3,ode,nonmem_scm,focei,13,ok,TRUE,FALSE,FALSE,FALSE,-1505.9022205988665,NA,psn_lst,NA,TRUE,FALSE,FALSE,NA,nonmem,psn_cov,1,1,1,0,TRUE,NA,NA,NA,710.849,1596.42,2.246,NA,NA,NA
80,3,ode,nonmem_scm,focei,14,ok,TRUE,FALSE,FALSE,FALSE,-1530.2705584724845,NA,psn_lst,NA,TRUE,FALSE,FALSE,NA,nonmem,psn_cov,2,1,1,1,FALSE,NA,NA,NA,1035.231,2365.38,2.285,NA,NA,NA
80,3,ode,nonmem_scm,focei,15,not_converged,FALSE,FALSE,FALSE,FALSE,-1505.4134971751278,NA,psn_lst,NA,FALSE,FALSE,TRUE,NA,nonmem,psn_cov,2,1,1,1,FALSE,NA,NA,NA,1119.111,2638.46,2.358,NA,NA,NA
80,3,ode,nonmem_scm,focei,16,not_converged,FALSE,FALSE,FALSE,FALSE,-1582.4138760936214,NA,psn_lst,NA,FALSE,FALSE,TRUE,NA,nonmem,psn_cov,1,1,1,0,TRUE,NA,NA,NA,1899.611,1865.92,0.982,NA,NA,NA
80,3,ode,nonmem_scm,focei,17,not_converged,FALSE,FALSE,FALSE,FALSE,-1511.4212694966668,NA,psn_lst,NA,FALSE,FALSE,TRUE,NA,nonmem,psn_cov,1,1,1,0,TRUE,NA,NA,NA,1745.189,1703.42,0.976,NA,NA,NA
80,3,ode,nonmem_scm,focei,18,ok,TRUE,FALSE,FALSE,FALSE,-1544.4235909879085,NA,psn_lst,NA,TRUE,FALSE,FALSE,NA,nonmem,psn_cov,1,1,1,0,TRUE,NA,NA,NA,1872.999,1836.64,0.981,NA,NA,NA
80,3,ode,nonmem_scm,focei,19,ok,TRUE,FALSE,FALSE,FALSE,-1584.4700586575511,NA,psn_lst,NA,TRUE,FALSE,FALSE,NA,nonmem,psn_cov,2,1,1,1,FALSE,NA,NA,NA,2732.331,2689.5,0.984,NA,NA,NA
80,3,ode,nonmem_scm,focei,20,ok,TRUE,FALSE,FALSE,FALSE,-1509.2821583963296,NA,psn_lst,NA,TRUE,FALSE,FALSE,NA,nonmem,psn_cov,1,1,1,0,TRUE,NA,NA,NA,3269.507,3225.58,0.987,NA,NA,NA
80,3,ode,nonmem_scm,focei,21,ok,TRUE,FALSE,FALSE,FALSE,-1553.239696261143,NA,psn_lst,NA,TRUE,FALSE,FALSE,NA,nonmem,psn_cov,1,1,1,0,TRUE,NA,NA,NA,1020.517,1755.6,1.72,NA,NA,NA
80,3,ode,nonmem_scm,focei,22,ok,TRUE,FALSE,FALSE,FALSE,-1553.4473810564357,NA,psn_lst,NA,TRUE,FALSE,FALSE,NA,nonmem,psn_cov,1,1,1,0,TRUE,NA,NA,NA,1160.014,1847.86,1.593,NA,NA,NA
80,3,ode,nonmem_scm,focei,23,ok,TRUE,FALSE,FALSE,FALSE,-1569.3844748000165,NA,psn_lst,NA,TRUE,FALSE,FALSE,NA,nonmem,psn_cov,1,1,1,0,TRUE,NA,NA,NA,1739.299,1703.39,0.979,NA,NA,NA
80,3,ode,nonmem_scm,focei,24,ok,TRUE,FALSE,FALSE,FALSE,-1539.905247654699,NA,psn_lst,NA,TRUE,FALSE,FALSE,NA,nonmem,psn_cov,1,1,1,0,TRUE,NA,NA,NA,1592.715,1560.74,0.98,NA,NA,NA
80,3,ode,nonmem_scm,focei,25,ok,TRUE,FALSE,FALSE,FALSE,-1506.001876664616,NA,psn_lst,NA,TRUE,FALSE,FALSE,NA,nonmem,psn_cov,1,1,1,0,TRUE,NA,NA,NA,1587.374,2791.72,1.759,NA,NA,NA
80,3,ode,nonmem_scm,focei,26,ok,TRUE,FALSE,FALSE,FALSE,-1501.7758914963074,NA,psn_lst,NA,TRUE,FALSE,FALSE,NA,nonmem,psn_cov,1,1,1,0,TRUE,NA,NA,NA,850.123,1888.47,2.221,NA,NA,NA
80,3,ode,nonmem_scm,focei,27,not_converged,FALSE,FALSE,FALSE,FALSE,-1567.5595159955042,NA,psn_lst,NA,FALSE,FALSE,TRUE,NA,nonmem,psn_cov,1,1,1,0,TRUE,NA,NA,NA,1971.297,1936.34,0.982,NA,NA,NA
80,3,ode,nonmem_scm,focei,28,not_converged,FALSE,FALSE,FALSE,FALSE,-1529.8050921095728,NA,psn_lst,NA,FALSE,FALSE,TRUE,NA,nonmem,psn_cov,1,1,1,0,TRUE,NA,NA,NA,927.385,1591.9,1.717,NA,NA,NA
80,3,ode,nonmem_scm,focei,29,ok,TRUE,FALSE,FALSE,FALSE,-1555.4144346225796,NA,psn_lst,NA,TRUE,FALSE,FALSE,NA,nonmem,psn_cov,1,1,1,0,TRUE,NA,NA,NA,1427.397,2578.78,1.807,NA,NA,NA
80,3,ode,nonmem_scm,focei,30,ok,TRUE,FALSE,FALSE,FALSE,-1569.742572822562,NA,psn_lst,NA,TRUE,FALSE,FALSE,NA,nonmem,psn_cov,1,1,1,0,TRUE,NA,NA,NA,1209.486,2945.62,2.435,NA,NA,NA
80,3,ode,nonmem_scm,focei,31,ok,TRUE,FALSE,FALSE,FALSE,-1590.3300459484578,NA,psn_lst,NA,TRUE,FALSE,FALSE,NA,nonmem,psn_cov,1,1,1,0,TRUE,NA,NA,NA,2887.581,2845.13,0.985,NA,NA,NA
80,3,ode,nonmem_scm,focei,32,not_converged,FALSE,FALSE,FALSE,FALSE,-1579.6777462012924,NA,psn_lst,NA,FALSE,FALSE,TRUE,NA,nonmem,psn_cov,1,1,1,0,TRUE,NA,NA,NA,1661.725,1628.18,0.98,NA,NA,NA
80,3,ode,nonmem_scm,focei,33,ok,TRUE,FALSE,FALSE,FALSE,-1534.0715479588243,NA,psn_lst,NA,TRUE,FALSE,FALSE,NA,nonmem,psn_cov,1,1,1,0,TRUE,NA,NA,NA,815.487,1821.23,2.233,NA,NA,NA
80,3,ode,nonmem_scm,focei,34,not_converged,FALSE,FALSE,FALSE,FALSE,-1546.551136860443,NA,psn_lst,NA,FALSE,FALSE,TRUE,NA,nonmem,psn_cov,1,1,1,0,TRUE,NA,NA,NA,1791.997,1754.45,0.979,NA,NA,NA
80,3,ode,nonmem_scm,focei,35,not_converged,FALSE,FALSE,FALSE,FALSE,-1499.751240584335,NA,psn_lst,NA,FALSE,FALSE,TRUE,NA,nonmem,psn_cov,1,1,1,0,TRUE,NA,NA,NA,1726.498,1691.5,0.98,NA,NA,NA
80,3,ode,nonmem_scm,focei,36,not_converged,FALSE,FALSE,FALSE,FALSE,-1545.4580341291437,NA,psn_lst,NA,FALSE,FALSE,TRUE,NA,nonmem,psn_cov,1,1,1,0,TRUE,NA,NA,NA,1773.939,1738.21,0.98,NA,NA,NA
80,3,ode,nonmem_scm,focei,37,ok,TRUE,FALSE,FALSE,FALSE,-1510.6265294076454,NA,psn_lst,NA,TRUE,FALSE,FALSE,NA,nonmem,psn_cov,1,1,1,0,TRUE,NA,NA,NA,1931.04,4307.82,2.231,NA,NA,NA
80,3,ode,nonmem_scm,focei,38,ok,TRUE,FALSE,FALSE,FALSE,-1532.2122545100465,NA,psn_lst,NA,TRUE,FALSE,FALSE,NA,nonmem,psn_cov,1,1,1,0,TRUE,NA,NA,NA,3309.501,3266.44,0.987,NA,NA,NA
80,3,ode,nonmem_scm,focei,39,ok,TRUE,FALSE,FALSE,FALSE,-1623.5843653328975,NA,psn_lst,NA,TRUE,FALSE,FALSE,NA,nonmem,psn_cov,1,1,1,0,TRUE,NA,NA,NA,1282.204,2912.76,2.272,NA,NA,NA
80,3,ode,nonmem_scm,focei,40,ok,TRUE,FALSE,FALSE,FALSE,-1556.0462885150296,NA,psn_lst,NA,TRUE,FALSE,FALSE,NA,nonmem,psn_cov,1,1,1,0,TRUE,NA,NA,NA,1849.953,1814,0.981,NA,NA,NA
80,3,ode,nonmem_scm,focei,41,ok,TRUE,FALSE,FALSE,FALSE,-1516.0723229005805,NA,psn_lst,NA,TRUE,FALSE,FALSE,NA,nonmem,psn_cov,1,1,1,0,TRUE,NA,NA,NA,1647.104,3859.41,2.343,NA,NA,NA
80,3,ode,nonmem_scm,focei,42,ok,TRUE,FALSE,FALSE,FALSE,-1507.5709302802968,NA,psn_lst,NA,TRUE,FALSE,FALSE,NA,nonmem,psn_cov,1,1,1,0,TRUE,NA,NA,NA,1884.756,1850.13,0.982,NA,NA,NA
80,3,ode,nonmem_scm,focei,43,ok,TRUE,FALSE,FALSE,FALSE,-1530.9624580324414,NA,psn_lst,NA,TRUE,FALSE,FALSE,NA,nonmem,psn_cov,3,1,1,2,FALSE,NA,NA,NA,1831.496,4368.24,2.385,NA,NA,NA
80,3,ode,nonmem_scm,focei,44,ok,TRUE,FALSE,FALSE,FALSE,-1545.682774566879,NA,psn_lst,NA,TRUE,FALSE,FALSE,NA,nonmem,psn_cov,1,1,1,0,TRUE,NA,NA,NA,1946.583,4238.47,2.177,NA,NA,NA
80,3,ode,nonmem_scm,focei,45,not_converged,FALSE,FALSE,FALSE,FALSE,-1544.7705314233888,NA,psn_lst,NA,FALSE,FALSE,TRUE,NA,nonmem,psn_cov,1,1,1,0,TRUE,NA,NA,NA,1888.084,1852.35,0.981,NA,NA,NA
80,3,ode,nonmem_scm,focei,46,ok,TRUE,FALSE,FALSE,FALSE,-1578.2876600247478,NA,psn_lst,NA,TRUE,FALSE,FALSE,NA,nonmem,psn_cov,1,1,1,0,TRUE,NA,NA,NA,1291.689,2891.99,2.239,NA,NA,NA
80,3,ode,nonmem_scm,focei,47,ok,TRUE,FALSE,FALSE,FALSE,-1522.222553699778,NA,psn_lst,NA,TRUE,FALSE,FALSE,NA,nonmem,psn_cov,1,1,1,0,TRUE,NA,NA,NA,2470.162,2431.44,0.984,NA,NA,NA
80,3,ode,nonmem_scm,focei,48,not_converged,FALSE,FALSE,FALSE,FALSE,-1567.9154884161806,NA,psn_lst,NA,FALSE,FALSE,TRUE,NA,nonmem,psn_cov,1,1,1,0,TRUE,NA,NA,NA,1876.021,1842.27,0.982,NA,NA,NA
80,3,ode,nonmem_scm,focei,49,ok,TRUE,FALSE,FALSE,FALSE,-1531.1201164983515,NA,psn_lst,NA,TRUE,FALSE,FALSE,NA,nonmem,psn_cov,1,1,1,0,TRUE,NA,NA,NA,807.018,1856.8,2.301,NA,NA,NA
80,3,ode,nonmem_scm,focei,50,ok,TRUE,FALSE,FALSE,FALSE,-1561.4513015315124,NA,psn_lst,NA,TRUE,FALSE,FALSE,NA,nonmem,psn_cov,1,1,0,1,FALSE,NA,NA,NA,697.418,1582.66,2.269,NA,NA,NA
80,3,ode,nonmem_scm,focei,51,not_converged,FALSE,FALSE,FALSE,FALSE,-1628.7967677322426,NA,psn_lst,NA,FALSE,FALSE,TRUE,NA,nonmem,psn_cov,1,1,0,1,FALSE,NA,NA,NA,2801.005,2757.18,0.984,NA,NA,NA
80,3,ode,nonmem_scm,focei,52,ok,TRUE,FALSE,FALSE,FALSE,-1585.2241860582176,NA,psn_lst,NA,TRUE,FALSE,FALSE,NA,nonmem,psn_cov,1,1,1,0,TRUE,NA,NA,NA,1752.577,1715.4,0.979,NA,NA,NA
80,3,ode,nonmem_scm,focei,53,not_converged,FALSE,FALSE,FALSE,FALSE,-1531.489427964087,NA,psn_lst,NA,FALSE,FALSE,TRUE,NA,nonmem,psn_cov,1,1,1,0,TRUE,NA,NA,NA,1832.478,1796.73,0.98,NA,NA,NA
80,3,ode,nonmem_scm,focei,54,not_converged,FALSE,FALSE,FALSE,FALSE,-1560.8485159755924,NA,psn_lst,NA,FALSE,FALSE,TRUE,NA,nonmem,psn_cov,1,1,1,0,TRUE,NA,NA,NA,1990.906,1956.74,0.983,NA,NA,NA
80,3,ode,nonmem_scm,focei,55,not_converged,FALSE,FALSE,FALSE,FALSE,-1601.8882813160578,NA,psn_lst,NA,FALSE,FALSE,TRUE,NA,nonmem,psn_cov,1,1,1,0,TRUE,NA,NA,NA,2130.166,2094.3,0.983,NA,NA,NA
80,3,ode,nonmem_scm,focei,56,not_converged,FALSE,FALSE,FALSE,FALSE,-1475.7947229102974,NA,psn_lst,NA,FALSE,FALSE,TRUE,NA,nonmem,psn_cov,1,1,1,0,TRUE,NA,NA,NA,1800.46,1767.76,0.982,NA,NA,NA
80,3,ode,nonmem_scm,focei,57,ok,TRUE,FALSE,FALSE,FALSE,-1552.637983501916,NA,psn_lst,NA,TRUE,FALSE,FALSE,NA,nonmem,psn_cov,1,1,1,0,TRUE,NA,NA,NA,861.589,1919.9,2.228,NA,NA,NA
80,3,ode,nonmem_scm,focei,58,not_converged,FALSE,FALSE,FALSE,FALSE,-1543.0380130066394,NA,psn_lst,NA,FALSE,FALSE,TRUE,NA,nonmem,psn_cov,1,1,1,0,TRUE,NA,NA,NA,2754.764,2710.18,0.984,NA,NA,NA
80,3,ode,nonmem_scm,focei,59,not_converged,FALSE,FALSE,FALSE,FALSE,-1595.722399290347,NA,psn_lst,NA,FALSE,FALSE,TRUE,NA,nonmem,psn_cov,1,1,1,0,TRUE,NA,NA,NA,833.117,1799.31,2.16,NA,NA,NA
80,3,ode,nonmem_scm,focei,60,ok,TRUE,FALSE,FALSE,FALSE,-1599.1274110402687,NA,psn_lst,NA,TRUE,FALSE,FALSE,NA,nonmem,psn_cov,1,1,1,0,TRUE,NA,NA,NA,1832.501,1799.01,0.982,NA,NA,NA
80,3,ode,nonmem_scm,focei,61,not_converged,FALSE,FALSE,FALSE,FALSE,-1501.1658953033757,NA,psn_lst,NA,FALSE,FALSE,TRUE,NA,nonmem,psn_cov,2,1,1,1,FALSE,NA,NA,NA,2164.501,3973.94,1.836,NA,NA,NA
80,3,ode,nonmem_scm,focei,62,ok,TRUE,FALSE,FALSE,FALSE,-1549.6610941845802,NA,psn_lst,NA,TRUE,FALSE,FALSE,NA,nonmem,psn_cov,1,1,1,0,TRUE,NA,NA,NA,1669.047,1632.8,0.978,NA,NA,NA
80,3,ode,nonmem_scm,focei,63,ok,TRUE,FALSE,FALSE,FALSE,-1546.7029559726204,NA,psn_lst,NA,TRUE,FALSE,FALSE,NA,nonmem,psn_cov,1,1,1,0,TRUE,NA,NA,NA,1819.697,1782.73,0.98,NA,NA,NA
80,3,ode,nonmem_scm,focei,64,ok,TRUE,FALSE,FALSE,FALSE,-1551.9053227689842,NA,psn_lst,NA,TRUE,FALSE,FALSE,NA,nonmem,psn_cov,1,1,1,0,TRUE,NA,NA,NA,2907.37,2865.92,0.986,NA,NA,NA
80,3,ode,nonmem_scm,focei,65,ok,TRUE,FALSE,FALSE,FALSE,-1554.5580676541588,NA,psn_lst,NA,TRUE,FALSE,FALSE,NA,nonmem,psn_cov,1,1,1,0,TRUE,NA,NA,NA,1667.007,1630.58,0.978,NA,NA,NA
80,3,ode,nonmem_scm,focei,66,not_converged,FALSE,FALSE,FALSE,FALSE,-1568.2901868737752,NA,psn_lst,NA,FALSE,FALSE,TRUE,NA,nonmem,psn_cov,1,1,1,0,TRUE,NA,NA,NA,1950.417,1914.03,0.981,NA,NA,NA
80,3,ode,nonmem_scm,focei,67,ok,TRUE,FALSE,FALSE,FALSE,-1605.603288241741,NA,psn_lst,NA,TRUE,FALSE,FALSE,NA,nonmem,psn_cov,2,1,1,1,FALSE,NA,NA,NA,1642.875,3834.12,2.334,NA,NA,NA
80,3,ode,nonmem_scm,focei,68,not_converged,FALSE,FALSE,FALSE,FALSE,-1609.6639952245266,NA,psn_lst,NA,FALSE,FALSE,TRUE,NA,nonmem,psn_cov,2,1,1,1,FALSE,NA,NA,NA,2713.681,2671.12,0.984,NA,NA,NA
80,3,ode,nonmem_scm,focei,69,not_converged,FALSE,FALSE,FALSE,FALSE,-1533.9723850726416,NA,psn_lst,NA,FALSE,FALSE,TRUE,NA,nonmem,psn_cov,1,1,1,0,TRUE,NA,NA,NA,936.862,2076.2,2.216,NA,NA,NA
80,3,ode,nonmem_scm,focei,70,ok,TRUE,FALSE,FALSE,FALSE,-1574.133719290059,NA,psn_lst,NA,TRUE,FALSE,FALSE,NA,nonmem,psn_cov,1,1,1,0,TRUE,NA,NA,NA,997.33,1728.82,1.733,NA,NA,NA
80,3,ode,nonmem_scm,focei,71,ok,TRUE,FALSE,FALSE,FALSE,-1527.7862144007393,NA,psn_lst,NA,TRUE,FALSE,FALSE,NA,nonmem,psn_cov,1,1,1,0,TRUE,NA,NA,NA,777.939,1724.48,2.217,NA,NA,NA
80,3,ode,nonmem_scm,focei,72,not_converged,FALSE,FALSE,FALSE,FALSE,-1539.2616326970196,NA,psn_lst,NA,FALSE,FALSE,TRUE,NA,nonmem,psn_cov,1,1,1,0,TRUE,NA,NA,NA,1859.858,1823.64,0.981,NA,NA,NA
80,3,ode,nonmem_scm,focei,73,ok,TRUE,FALSE,FALSE,FALSE,-1534.2565577432863,NA,psn_lst,NA,TRUE,FALSE,FALSE,NA,nonmem,psn_cov,1,1,1,0,TRUE,NA,NA,NA,809.859,1895.16,2.34,NA,NA,NA
80,3,ode,nonmem_scm,focei,74,not_converged,FALSE,FALSE,FALSE,FALSE,-1518.228477380111,NA,psn_lst,NA,FALSE,FALSE,TRUE,NA,nonmem,psn_cov,1,1,1,0,TRUE,NA,NA,NA,1142.415,2653.18,2.322,NA,NA,NA
80,3,ode,nonmem_scm,focei,75,ok,TRUE,FALSE,FALSE,FALSE,-1576.535329704016,NA,psn_lst,NA,TRUE,FALSE,FALSE,NA,nonmem,psn_cov,1,1,1,0,TRUE,NA,NA,NA,1860.808,1828.03,0.982,NA,NA,NA
80,3,ode,nonmem_scm,focei,76,not_converged,FALSE,FALSE,FALSE,FALSE,-1553.8165229552346,NA,psn_lst,NA,FALSE,FALSE,TRUE,NA,nonmem,psn_cov,1,1,1,0,TRUE,NA,NA,NA,1926.036,1890.27,0.981,NA,NA,NA
80,3,ode,nonmem_scm,focei,77,not_converged,FALSE,FALSE,FALSE,FALSE,-1547.6118583130958,NA,psn_lst,NA,FALSE,FALSE,TRUE,NA,nonmem,psn_cov,1,1,1,0,TRUE,NA,NA,NA,808.932,1774.83,2.194,NA,NA,NA
80,3,ode,nonmem_scm,focei,78,ok,TRUE,FALSE,FALSE,FALSE,-1549.9369016468308,NA,psn_lst,NA,TRUE,FALSE,FALSE,NA,nonmem,psn_cov,1,1,1,0,TRUE,NA,NA,NA,815.901,1898.7,2.327,NA,NA,NA
80,3,ode,nonmem_scm,focei,79,not_converged,FALSE,FALSE,FALSE,FALSE,-1592.9895421470842,NA,psn_lst,NA,FALSE,FALSE,TRUE,NA,nonmem,psn_cov,2,1,0,2,FALSE,NA,NA,NA,2496.349,6170,2.472,NA,NA,NA
80,3,ode,nonmem_scm,focei,80,ok,TRUE,FALSE,FALSE,FALSE,-1560.1194491733029,NA,psn_lst,NA,TRUE,FALSE,FALSE,NA,nonmem,psn_cov,1,1,1,0,TRUE,NA,NA,NA,1787.968,1752.96,0.98,NA,NA,NA
80,3,ode,nonmem_scm,focei,81,not_converged,FALSE,FALSE,FALSE,FALSE,-1524.9231815060557,NA,psn_lst,NA,FALSE,FALSE,TRUE,NA,nonmem,psn_cov,1,1,1,0,TRUE,NA,NA,NA,1630.742,1597.58,0.98,NA,NA,NA
80,3,ode,nonmem_scm,focei,82,not_converged,FALSE,FALSE,FALSE,FALSE,-1583.46669614163,NA,psn_lst,NA,FALSE,FALSE,TRUE,NA,nonmem,psn_cov,1,1,1,0,TRUE,NA,NA,NA,1859.681,1824.28,0.981,NA,NA,NA
80,3,ode,nonmem_scm,focei,83,ok,TRUE,FALSE,FALSE,FALSE,-1587.4005370466994,NA,psn_lst,NA,TRUE,FALSE,FALSE,NA,nonmem,psn_cov,2,1,1,1,FALSE,NA,NA,NA,1050.785,2362.78,2.249,NA,NA,NA
80,3,ode,nonmem_scm,focei,84,not_converged,FALSE,FALSE,FALSE,FALSE,-1561.5392661479823,NA,psn_lst,NA,FALSE,FALSE,TRUE,NA,nonmem,psn_cov,1,1,1,0,TRUE,NA,NA,NA,2804.446,2757.64,0.983,NA,NA,NA
80,3,ode,nonmem_scm,focei,85,ok,TRUE,FALSE,FALSE,FALSE,-1513.445311780931,NA,psn_lst,NA,TRUE,FALSE,FALSE,NA,nonmem,psn_cov,1,1,1,0,TRUE,NA,NA,NA,706.449,1622.84,2.297,NA,NA,NA
80,3,ode,nonmem_scm,focei,86,not_converged,FALSE,FALSE,FALSE,FALSE,-1508.6142109960597,NA,psn_lst,NA,FALSE,FALSE,TRUE,NA,nonmem,psn_cov,1,1,1,0,TRUE,NA,NA,NA,1791.921,1757.14,0.981,NA,NA,NA
80,3,ode,nonmem_scm,focei,87,not_converged,FALSE,FALSE,FALSE,FALSE,-1566.220605090808,NA,psn_lst,NA,FALSE,FALSE,TRUE,NA,nonmem,psn_cov,1,1,1,0,TRUE,NA,NA,NA,1641.321,1608.51,0.98,NA,NA,NA
80,3,ode,nonmem_scm,focei,88,not_converged,FALSE,FALSE,FALSE,FALSE,-1518.244968825093,NA,psn_lst,NA,FALSE,FALSE,TRUE,NA,nonmem,psn_cov,1,1,1,0,TRUE,NA,NA,NA,3011.343,2970.95,0.987,NA,NA,NA
80,3,ode,nonmem_scm,focei,89,not_converged,FALSE,FALSE,FALSE,FALSE,-1566.6670344562613,NA,psn_lst,NA,FALSE,FALSE,TRUE,NA,nonmem,psn_cov,1,1,1,0,TRUE,NA,NA,NA,2303.435,4087.96,1.775,NA,NA,NA
80,3,ode,nonmem_scm,focei,90,not_converged,FALSE,FALSE,FALSE,FALSE,-1519.3568869664805,NA,psn_lst,NA,FALSE,FALSE,TRUE,NA,nonmem,psn_cov,1,1,1,0,TRUE,NA,NA,NA,1060.491,1811.01,1.708,NA,NA,NA
80,3,ode,nonmem_scm,focei,91,ok,TRUE,FALSE,FALSE,FALSE,-1467.8423016675208,NA,psn_lst,NA,TRUE,FALSE,FALSE,NA,nonmem,psn_cov,1,1,1,0,TRUE,NA,NA,NA,1089.46,1949.83,1.79,NA,NA,NA
80,3,ode,nonmem_scm,focei,92,ok,TRUE,FALSE,FALSE,FALSE,-1602.8082457686276,NA,psn_lst,NA,TRUE,FALSE,FALSE,NA,nonmem,psn_cov,1,1,1,0,TRUE,NA,NA,NA,958.26,1959.33,2.045,NA,NA,NA
80,3,ode,nonmem_scm,focei,93,ok,TRUE,FALSE,FALSE,FALSE,-1492.886648521014,NA,psn_lst,NA,TRUE,FALSE,FALSE,NA,nonmem,psn_cov,1,1,1,0,TRUE,NA,NA,NA,1320.322,2988.3,2.263,NA,NA,NA
80,3,ode,nonmem_scm,focei,94,not_converged,FALSE,FALSE,FALSE,FALSE,-1515.2866159417472,NA,psn_lst,NA,FALSE,FALSE,TRUE,NA,nonmem,psn_cov,1,1,1,0,TRUE,NA,NA,NA,1712.237,1677.83,0.98,NA,NA,NA
80,3,ode,nonmem_scm,focei,95,ok,TRUE,FALSE,FALSE,FALSE,-1552.7754987686392,NA,psn_lst,NA,TRUE,FALSE,FALSE,NA,nonmem,psn_cov,1,1,1,0,TRUE,NA,NA,NA,1014.241,1736.63,1.712,NA,NA,NA
80,3,ode,nonmem_scm,focei,96,ok,TRUE,FALSE,FALSE,FALSE,-1512.8107683516942,NA,psn_lst,NA,TRUE,FALSE,FALSE,NA,nonmem,psn_cov,1,1,1,0,TRUE,NA,NA,NA,1643.677,2873.38,1.748,NA,NA,NA
80,3,ode,nonmem_scm,focei,97,ok,TRUE,FALSE,FALSE,FALSE,-1485.749768360374,NA,psn_lst,NA,TRUE,FALSE,FALSE,NA,nonmem,psn_cov,1,1,1,0,TRUE,NA,NA,NA,1907.071,1871.83,0.982,NA,NA,NA
80,3,ode,nonmem_scm,focei,98,not_converged,FALSE,FALSE,FALSE,FALSE,-1545.4737749300618,NA,psn_lst,NA,FALSE,FALSE,TRUE,NA,nonmem,psn_cov,1,1,1,0,TRUE,NA,NA,NA,1859.525,1825.84,0.982,NA,NA,NA
80,3,ode,nonmem_scm,focei,99,not_converged,FALSE,FALSE,FALSE,FALSE,-1511.1754399082374,NA,psn_lst,NA,FALSE,FALSE,TRUE,NA,nonmem,psn_cov,2,1,1,1,FALSE,NA,NA,NA,1564.96,2873.58,1.836,NA,NA,NA
80,3,ode,nonmem_scm,focei,100,ok,TRUE,FALSE,FALSE,FALSE,-1480.133569442454,NA,psn_lst,NA,TRUE,FALSE,FALSE,NA,nonmem,psn_cov,1,1,1,0,TRUE,NA,NA,NA,774.181,1833.18,2.368,NA,NA,NA
80,4,ode,nonmem_scm,focei,1,ok,TRUE,FALSE,FALSE,FALSE,-1562.3003649785032,NA,psn_lst,NA,TRUE,FALSE,FALSE,NA,nonmem,psn_cov,2,2,2,0,TRUE,NA,NA,NA,2720.639,2681.88,0.986,NA,NA,NA
80,4,ode,nonmem_scm,focei,2,ok,TRUE,FALSE,FALSE,FALSE,-1534.106133948917,NA,psn_lst,NA,TRUE,FALSE,FALSE,NA,nonmem,psn_cov,2,2,2,0,TRUE,NA,NA,NA,2616.137,2575.8,0.985,NA,NA,NA
80,4,ode,nonmem_scm,focei,3,not_converged,FALSE,FALSE,FALSE,FALSE,-1575.2296647143116,NA,psn_lst,NA,FALSE,FALSE,TRUE,NA,nonmem,psn_cov,2,2,2,0,TRUE,NA,NA,NA,1764.856,4082.29,2.313,NA,NA,NA
80,4,ode,nonmem_scm,focei,4,not_converged,FALSE,FALSE,FALSE,FALSE,-1538.2190556890214,NA,psn_lst,NA,FALSE,FALSE,TRUE,NA,nonmem,psn_cov,2,2,2,0,TRUE,NA,NA,NA,1554.414,3645.38,2.345,NA,NA,NA
80,4,ode,nonmem_scm,focei,5,not_converged,FALSE,FALSE,FALSE,FALSE,-1609.4131208569545,NA,psn_lst,NA,FALSE,FALSE,TRUE,NA,nonmem,psn_cov,2,2,2,0,TRUE,NA,NA,NA,1517.469,3676.07,2.423,NA,NA,NA
80,4,ode,nonmem_scm,focei,6,ok,TRUE,FALSE,FALSE,FALSE,-1610.9488461373803,NA,psn_lst,NA,TRUE,FALSE,FALSE,NA,nonmem,psn_cov,2,2,2,0,TRUE,NA,NA,NA,1630.55,3678.37,2.256,NA,NA,NA
80,4,ode,nonmem_scm,focei,7,ok,TRUE,FALSE,FALSE,FALSE,-1519.9773387500964,NA,psn_lst,NA,TRUE,FALSE,FALSE,NA,nonmem,psn_cov,2,2,2,0,TRUE,NA,NA,NA,1771.482,4027.79,2.274,NA,NA,NA
80,4,ode,nonmem_scm,focei,8,not_converged,FALSE,FALSE,FALSE,FALSE,-1566.7928968541923,NA,psn_lst,NA,FALSE,FALSE,TRUE,NA,nonmem,psn_cov,2,2,2,0,TRUE,NA,NA,NA,1093.467,2719.98,2.487,NA,NA,NA
80,4,ode,nonmem_scm,focei,9,ok,TRUE,FALSE,FALSE,FALSE,-1541.5498910787262,NA,psn_lst,NA,TRUE,FALSE,FALSE,NA,nonmem,psn_cov,2,2,2,0,TRUE,NA,NA,NA,2617.569,2575.53,0.984,NA,NA,NA
80,4,ode,nonmem_scm,focei,10,not_converged,FALSE,FALSE,FALSE,FALSE,-1556.1274119010602,NA,psn_lst,NA,FALSE,FALSE,TRUE,NA,nonmem,psn_cov,2,2,2,0,TRUE,NA,NA,NA,2772.828,2732.7,0.986,NA,NA,NA
80,4,ode,nonmem_scm,focei,11,not_converged,FALSE,FALSE,FALSE,FALSE,-1544.399534316567,NA,psn_lst,NA,FALSE,FALSE,TRUE,NA,nonmem,psn_cov,2,2,2,0,TRUE,NA,NA,NA,2484.742,2446.64,0.985,NA,NA,NA
80,4,ode,nonmem_scm,focei,12,not_converged,FALSE,FALSE,FALSE,FALSE,-1494.6981133658646,NA,psn_lst,NA,FALSE,FALSE,TRUE,NA,nonmem,psn_cov,2,2,2,0,TRUE,NA,NA,NA,1425.136,2493.62,1.75,NA,NA,NA
80,4,ode,nonmem_scm,focei,13,ok,TRUE,FALSE,FALSE,FALSE,-1548.5949557776023,NA,psn_lst,NA,TRUE,FALSE,FALSE,NA,nonmem,psn_cov,2,2,2,0,TRUE,NA,NA,NA,2612.78,2575.37,0.986,NA,NA,NA
80,4,ode,nonmem_scm,focei,14,ok,TRUE,FALSE,FALSE,FALSE,-1503.1411265888578,NA,psn_lst,NA,TRUE,FALSE,FALSE,NA,nonmem,psn_cov,2,2,2,0,TRUE,NA,NA,NA,2604.11,2564.19,0.985,NA,NA,NA
80,4,ode,nonmem_scm,focei,15,ok,TRUE,FALSE,FALSE,FALSE,-1569.6605934902166,NA,psn_lst,NA,TRUE,FALSE,FALSE,NA,nonmem,psn_cov,2,2,2,0,TRUE,NA,NA,NA,1574.604,3619.56,2.299,NA,NA,NA
80,4,ode,nonmem_scm,focei,16,not_converged,FALSE,FALSE,FALSE,FALSE,-1551.1509000975052,NA,psn_lst,NA,FALSE,FALSE,TRUE,NA,nonmem,psn_cov,2,2,2,0,TRUE,NA,NA,NA,1006.469,2235.89,2.222,NA,NA,NA
80,4,ode,nonmem_scm,focei,17,ok,TRUE,FALSE,FALSE,FALSE,-1595.031717434001,NA,psn_lst,NA,TRUE,FALSE,FALSE,NA,nonmem,psn_cov,2,2,2,0,TRUE,NA,NA,NA,1208.329,2916.53,2.414,NA,NA,NA
80,4,ode,nonmem_scm,focei,18,not_converged,FALSE,FALSE,FALSE,FALSE,-1545.1768857980062,NA,psn_lst,NA,FALSE,FALSE,TRUE,NA,nonmem,psn_cov,2,2,2,0,TRUE,NA,NA,NA,2904.024,2862.79,0.986,NA,NA,NA
80,4,ode,nonmem_scm,focei,19,not_converged,FALSE,FALSE,FALSE,FALSE,-1569.1844476317622,NA,psn_lst,NA,FALSE,FALSE,TRUE,NA,nonmem,psn_cov,2,2,2,0,TRUE,NA,NA,NA,2590.973,2549.74,0.984,NA,NA,NA
80,4,ode,nonmem_scm,focei,20,not_converged,FALSE,FALSE,FALSE,FALSE,-1489.9997533164656,NA,psn_lst,NA,FALSE,FALSE,TRUE,NA,nonmem,psn_cov,2,2,2,0,TRUE,NA,NA,NA,1135.125,2685.81,2.366,NA,NA,NA
80,4,ode,nonmem_scm,focei,21,not_converged,FALSE,FALSE,FALSE,FALSE,-1595.707851468214,NA,psn_lst,NA,FALSE,FALSE,TRUE,NA,nonmem,psn_cov,2,2,2,0,TRUE,NA,NA,NA,2463.521,2423.75,0.984,NA,NA,NA
80,4,ode,nonmem_scm,focei,22,not_converged,FALSE,FALSE,FALSE,FALSE,-1506.6527556094734,NA,psn_lst,NA,FALSE,FALSE,TRUE,NA,nonmem,psn_cov,2,2,2,0,TRUE,NA,NA,NA,2693.931,2649.42,0.983,NA,NA,NA
80,4,ode,nonmem_scm,focei,23,ok,TRUE,FALSE,FALSE,FALSE,-1612.1253820778184,NA,psn_lst,NA,TRUE,FALSE,FALSE,NA,nonmem,psn_cov,3,2,2,1,FALSE,NA,NA,NA,2055.44,4702.76,2.288,NA,NA,NA
80,4,ode,nonmem_scm,focei,24,not_converged,FALSE,FALSE,FALSE,FALSE,-1577.8525335187264,NA,psn_lst,NA,FALSE,FALSE,TRUE,NA,nonmem,psn_cov,2,2,2,0,TRUE,NA,NA,NA,1683.882,2963.83,1.76,NA,NA,NA
80,4,ode,nonmem_scm,focei,25,ok,TRUE,FALSE,FALSE,FALSE,-1614.1510877332764,NA,psn_lst,NA,TRUE,FALSE,FALSE,NA,nonmem,psn_cov,2,2,2,0,TRUE,NA,NA,NA,1527.48,2792.8,1.828,NA,NA,NA
80,4,ode,nonmem_scm,focei,26,not_converged,FALSE,FALSE,FALSE,FALSE,-1571.5520731513373,NA,psn_lst,NA,FALSE,FALSE,TRUE,NA,nonmem,psn_cov,2,2,2,0,TRUE,NA,NA,NA,1136.961,2648.03,2.329,NA,NA,NA
80,4,ode,nonmem_scm,focei,27,ok,TRUE,FALSE,FALSE,FALSE,-1595.954972555577,NA,psn_lst,NA,TRUE,FALSE,FALSE,NA,nonmem,psn_cov,2,2,2,0,TRUE,NA,NA,NA,3528.193,3482.18,0.987,NA,NA,NA
80,4,ode,nonmem_scm,focei,28,not_converged,FALSE,FALSE,FALSE,FALSE,-1619.6653644576616,NA,psn_lst,NA,FALSE,FALSE,TRUE,NA,nonmem,psn_cov,2,2,2,0,TRUE,NA,NA,NA,3045.949,2998.88,0.985,NA,NA,NA
80,4,ode,nonmem_scm,focei,29,not_converged,FALSE,FALSE,FALSE,FALSE,-1525.178590841559,NA,psn_lst,NA,FALSE,FALSE,TRUE,NA,nonmem,psn_cov,2,2,2,0,TRUE,NA,NA,NA,2723.253,2683.35,0.985,NA,NA,NA
80,4,ode,nonmem_scm,focei,30,ok,TRUE,FALSE,FALSE,FALSE,-1551.2952703182696,NA,psn_lst,NA,TRUE,FALSE,FALSE,NA,nonmem,psn_cov,2,2,2,0,TRUE,NA,NA,NA,2299.768,2260.86,0.983,NA,NA,NA
80,4,ode,nonmem_scm,focei,31,ok,TRUE,FALSE,FALSE,FALSE,-1582.7240913697729,NA,psn_lst,NA,TRUE,FALSE,FALSE,NA,nonmem,psn_cov,3,2,2,1,FALSE,NA,NA,NA,3570.642,3518.52,0.985,NA,NA,NA
80,4,ode,nonmem_scm,focei,32,ok,TRUE,FALSE,FALSE,FALSE,-1529.9632499818072,NA,psn_lst,NA,TRUE,FALSE,FALSE,NA,nonmem,psn_cov,2,2,2,0,TRUE,NA,NA,NA,1014.025,2319.68,2.288,NA,NA,NA
80,4,ode,nonmem_scm,focei,33,ok,TRUE,FALSE,FALSE,FALSE,-1569.4668151578016,NA,psn_lst,NA,TRUE,FALSE,FALSE,NA,nonmem,psn_cov,2,2,1,1,FALSE,NA,NA,NA,1490.273,3527.27,2.367,NA,NA,NA
80,4,ode,nonmem_scm,focei,34,ok,TRUE,FALSE,FALSE,FALSE,-1582.8195942427778,NA,psn_lst,NA,TRUE,FALSE,FALSE,NA,nonmem,psn_cov,2,2,2,0,TRUE,NA,NA,NA,1610.614,3943.86,2.449,NA,NA,NA
80,4,ode,nonmem_scm,focei,35,not_converged,FALSE,FALSE,FALSE,FALSE,-1558.3420541360367,NA,psn_lst,NA,FALSE,FALSE,TRUE,NA,nonmem,psn_cov,2,2,2,0,TRUE,NA,NA,NA,2396.87,2356.53,0.983,NA,NA,NA
80,4,ode,nonmem_scm,focei,36,ok,TRUE,FALSE,FALSE,FALSE,-1522.4717738509196,NA,psn_lst,NA,TRUE,FALSE,FALSE,NA,nonmem,psn_cov,2,2,2,0,TRUE,NA,NA,NA,3083,3040.09,0.986,NA,NA,NA
80,4,ode,nonmem_scm,focei,37,ok,TRUE,FALSE,FALSE,FALSE,-1539.614282039421,NA,psn_lst,NA,TRUE,FALSE,FALSE,NA,nonmem,psn_cov,2,2,2,0,TRUE,NA,NA,NA,2883.472,2830.64,0.982,NA,NA,NA
80,4,ode,nonmem_scm,focei,38,ok,TRUE,FALSE,FALSE,FALSE,-1527.1695584526108,NA,psn_lst,NA,TRUE,FALSE,FALSE,NA,nonmem,psn_cov,2,2,2,0,TRUE,NA,NA,NA,1674.723,3899.31,2.328,NA,NA,NA
80,4,ode,nonmem_scm,focei,39,not_converged,FALSE,FALSE,FALSE,FALSE,-1536.7531407816446,NA,psn_lst,NA,FALSE,FALSE,TRUE,NA,nonmem,psn_cov,2,2,2,0,TRUE,NA,NA,NA,1285.548,2318.89,1.804,NA,NA,NA
80,4,ode,nonmem_scm,focei,40,ok,TRUE,FALSE,FALSE,FALSE,-1553.0074332720735,NA,psn_lst,NA,TRUE,FALSE,FALSE,NA,nonmem,psn_cov,2,2,2,0,TRUE,NA,NA,NA,1943.029,4598.86,2.367,NA,NA,NA
80,4,ode,nonmem_scm,focei,41,not_converged,FALSE,FALSE,FALSE,FALSE,-1582.4512312500672,NA,psn_lst,NA,FALSE,FALSE,TRUE,NA,nonmem,psn_cov,2,2,2,0,TRUE,NA,NA,NA,2557.391,2517.74,0.984,NA,NA,NA
80,4,ode,nonmem_scm,focei,42,not_converged,FALSE,FALSE,FALSE,FALSE,-1576.912716011102,NA,psn_lst,NA,FALSE,FALSE,TRUE,NA,nonmem,psn_cov,2,2,1,1,FALSE,NA,NA,NA,2450.051,2409.07,0.983,NA,NA,NA
80,4,ode,nonmem_scm,focei,43,not_converged,FALSE,FALSE,FALSE,FALSE,-1570.3964963097646,NA,psn_lst,NA,FALSE,FALSE,TRUE,NA,nonmem,psn_cov,2,2,2,0,TRUE,NA,NA,NA,3441.74,3391.61,0.985,NA,NA,NA
80,4,ode,nonmem_scm,focei,44,not_converged,FALSE,FALSE,FALSE,FALSE,-1576.2675458394845,NA,psn_lst,NA,FALSE,FALSE,TRUE,NA,nonmem,psn_cov,2,2,2,0,TRUE,NA,NA,NA,2862.156,2816.8,0.984,NA,NA,NA
80,4,ode,nonmem_scm,focei,45,not_converged,FALSE,FALSE,FALSE,FALSE,-1538.2649374044,NA,psn_lst,NA,FALSE,FALSE,TRUE,NA,nonmem,psn_cov,2,2,2,0,TRUE,NA,NA,NA,2387.638,2349.48,0.984,NA,NA,NA
80,4,ode,nonmem_scm,focei,46,ok,TRUE,FALSE,FALSE,FALSE,-1585.0079792728825,NA,psn_lst,NA,TRUE,FALSE,FALSE,NA,nonmem,psn_cov,2,2,2,0,TRUE,NA,NA,NA,1866.139,3135.64,1.68,NA,NA,NA
80,4,ode,nonmem_scm,focei,47,not_converged,FALSE,FALSE,FALSE,FALSE,-1535.190344001017,NA,psn_lst,NA,FALSE,FALSE,TRUE,NA,nonmem,psn_cov,2,2,2,0,TRUE,NA,NA,NA,3258.924,3219.24,0.988,NA,NA,NA
80,4,ode,nonmem_scm,focei,48,not_converged,FALSE,FALSE,FALSE,FALSE,-1538.731508617511,NA,psn_lst,NA,FALSE,FALSE,TRUE,NA,nonmem,psn_cov,2,2,1,1,FALSE,NA,NA,NA,2805.734,2767.85,0.986,NA,NA,NA
80,4,ode,nonmem_scm,focei,49,ok,TRUE,FALSE,FALSE,FALSE,-1622.8986991158897,NA,psn_lst,NA,TRUE,FALSE,FALSE,NA,nonmem,psn_cov,2,2,2,0,TRUE,NA,NA,NA,1192.786,2697.08,2.261,NA,NA,NA
80,4,ode,nonmem_scm,focei,50,ok,TRUE,FALSE,FALSE,FALSE,-1484.5183636198326,NA,psn_lst,NA,TRUE,FALSE,FALSE,NA,nonmem,psn_cov,2,2,2,0,TRUE,NA,NA,NA,2374.295,2335.17,0.984,NA,NA,NA
80,4,ode,nonmem_scm,focei,51,ok,TRUE,FALSE,FALSE,FALSE,-1569.2696869523168,NA,psn_lst,NA,TRUE,FALSE,FALSE,NA,nonmem,psn_cov,2,2,2,0,TRUE,NA,NA,NA,2970.52,2925.74,0.985,NA,NA,NA
80,4,ode,nonmem_scm,focei,52,not_converged,FALSE,FALSE,FALSE,FALSE,-1572.7591906501127,NA,psn_lst,NA,FALSE,FALSE,TRUE,NA,nonmem,psn_cov,2,2,2,0,TRUE,NA,NA,NA,2749.478,2708.47,0.985,NA,NA,NA
80,4,ode,nonmem_scm,focei,53,ok,TRUE,FALSE,FALSE,FALSE,-1547.3672527172444,NA,psn_lst,NA,TRUE,FALSE,FALSE,NA,nonmem,psn_cov,2,2,2,0,TRUE,NA,NA,NA,2648.75,2605.24,0.984,NA,NA,NA
80,4,ode,nonmem_scm,focei,54,not_converged,FALSE,FALSE,FALSE,FALSE,-1517.308770379541,NA,psn_lst,NA,FALSE,FALSE,TRUE,NA,nonmem,psn_cov,2,2,1,1,FALSE,NA,NA,NA,1677.978,3771.45,2.248,NA,NA,NA
80,4,ode,nonmem_scm,focei,55,ok,TRUE,FALSE,FALSE,FALSE,-1536.7496875233917,NA,psn_lst,NA,TRUE,FALSE,FALSE,NA,nonmem,psn_cov,2,2,2,0,TRUE,NA,NA,NA,1529.457,3628.38,2.372,NA,NA,NA
80,4,ode,nonmem_scm,focei,56,not_converged,FALSE,FALSE,FALSE,FALSE,-1534.7535302817505,NA,psn_lst,NA,FALSE,FALSE,TRUE,NA,nonmem,psn_cov,2,2,1,1,FALSE,NA,NA,NA,2825.633,2782.41,0.985,NA,NA,NA
80,4,ode,nonmem_scm,focei,57,not_converged,FALSE,FALSE,FALSE,FALSE,-1521.6371910376247,NA,psn_lst,NA,FALSE,FALSE,TRUE,NA,nonmem,psn_cov,2,2,2,0,TRUE,NA,NA,NA,1194.142,2638.94,2.21,NA,NA,NA
80,4,ode,nonmem_scm,focei,58,ok,TRUE,FALSE,FALSE,FALSE,-1589.1171646308123,NA,psn_lst,NA,TRUE,FALSE,FALSE,NA,nonmem,psn_cov,2,2,2,0,TRUE,NA,NA,NA,3147.818,3102.98,0.986,NA,NA,NA
80,4,ode,nonmem_scm,focei,59,not_converged,FALSE,FALSE,FALSE,FALSE,-1580.4558077122597,NA,psn_lst,NA,FALSE,FALSE,TRUE,NA,nonmem,psn_cov,2,2,2,0,TRUE,NA,NA,NA,1916.085,3498.32,1.826,NA,NA,NA
80,4,ode,nonmem_scm,focei,60,not_converged,FALSE,FALSE,FALSE,FALSE,-1494.202709687417,NA,psn_lst,NA,FALSE,FALSE,TRUE,NA,nonmem,psn_cov,2,2,2,0,TRUE,NA,NA,NA,1411.606,2479.19,1.756,NA,NA,NA
80,4,ode,nonmem_scm,focei,61,not_converged,FALSE,FALSE,FALSE,FALSE,-1521.4710785964503,NA,psn_lst,NA,FALSE,FALSE,TRUE,NA,nonmem,psn_cov,2,2,1,1,FALSE,NA,NA,NA,1509.2,3639,2.411,NA,NA,NA
80,4,ode,nonmem_scm,focei,62,ok,TRUE,FALSE,FALSE,FALSE,-1587.0061093377242,NA,psn_lst,NA,TRUE,FALSE,FALSE,NA,nonmem,psn_cov,2,2,2,0,TRUE,NA,NA,NA,1543.799,3655.08,2.368,NA,NA,NA
80,4,ode,nonmem_scm,focei,63,not_converged,FALSE,FALSE,FALSE,FALSE,-1547.1528651674791,NA,psn_lst,NA,FALSE,FALSE,TRUE,NA,nonmem,psn_cov,2,2,2,0,TRUE,NA,NA,NA,1241.814,2682.52,2.16,NA,NA,NA
80,4,ode,nonmem_scm,focei,64,ok,TRUE,FALSE,FALSE,FALSE,-1519.0704179567504,NA,psn_lst,NA,TRUE,FALSE,FALSE,NA,nonmem,psn_cov,2,2,2,0,TRUE,NA,NA,NA,1420.222,3537.88,2.491,NA,NA,NA
80,4,ode,nonmem_scm,focei,65,not_converged,FALSE,FALSE,FALSE,FALSE,-1551.1488256429725,NA,psn_lst,NA,FALSE,FALSE,TRUE,NA,nonmem,psn_cov,2,2,2,0,TRUE,NA,NA,NA,2706.125,2662.73,0.984,NA,NA,NA
80,4,ode,nonmem_scm,focei,66,not_converged,FALSE,FALSE,FALSE,FALSE,-1562.6739887039291,NA,psn_lst,NA,FALSE,FALSE,TRUE,NA,nonmem,psn_cov,2,2,2,0,TRUE,NA,NA,NA,2984.576,2943.27,0.986,NA,NA,NA
80,4,ode,nonmem_scm,focei,67,not_converged,FALSE,FALSE,FALSE,FALSE,-1608.7915489973632,NA,psn_lst,NA,FALSE,FALSE,TRUE,NA,nonmem,psn_cov,2,2,2,0,TRUE,NA,NA,NA,2968.907,2926.78,0.986,NA,NA,NA
80,4,ode,nonmem_scm,focei,68,not_converged,FALSE,FALSE,FALSE,FALSE,-1505.6696567297067,NA,psn_lst,NA,FALSE,FALSE,TRUE,NA,nonmem,psn_cov,2,2,2,0,TRUE,NA,NA,NA,1402.08,2402.04,1.713,NA,NA,NA
80,4,ode,nonmem_scm,focei,69,not_converged,FALSE,FALSE,FALSE,FALSE,-1513.3783778707573,NA,psn_lst,NA,FALSE,FALSE,TRUE,NA,nonmem,psn_cov,2,2,2,0,TRUE,NA,NA,NA,1326.86,2347.21,1.769,NA,NA,NA
80,4,ode,nonmem_scm,focei,70,ok,TRUE,FALSE,FALSE,FALSE,-1553.1502736050454,NA,psn_lst,NA,TRUE,FALSE,FALSE,NA,nonmem,psn_cov,2,2,2,0,TRUE,NA,NA,NA,1218.067,2785.89,2.287,NA,NA,NA
80,4,ode,nonmem_scm,focei,71,not_converged,FALSE,FALSE,FALSE,FALSE,-1545.9222499632072,NA,psn_lst,NA,FALSE,FALSE,TRUE,NA,nonmem,psn_cov,2,2,2,0,TRUE,NA,NA,NA,1281.793,2896.18,2.259,NA,NA,NA
80,4,ode,nonmem_scm,focei,72,not_converged,FALSE,FALSE,FALSE,FALSE,-1524.4169669831435,NA,psn_lst,NA,FALSE,FALSE,TRUE,NA,nonmem,psn_cov,2,2,2,0,TRUE,NA,NA,NA,1084.502,2541.71,2.344,NA,NA,NA
80,4,ode,nonmem_scm,focei,73,not_converged,FALSE,FALSE,FALSE,FALSE,-1567.1739498160146,NA,psn_lst,NA,FALSE,FALSE,TRUE,NA,nonmem,psn_cov,2,2,2,0,TRUE,NA,NA,NA,1154.013,2679.11,2.322,NA,NA,NA
80,4,ode,nonmem_scm,focei,74,not_converged,FALSE,FALSE,FALSE,FALSE,-1579.1629788288294,NA,psn_lst,NA,FALSE,FALSE,TRUE,NA,nonmem,psn_cov,2,2,2,0,TRUE,NA,NA,NA,1604.097,3767.53,2.349,NA,NA,NA
80,4,ode,nonmem_scm,focei,75,not_converged,FALSE,FALSE,FALSE,FALSE,-1494.5983248090793,NA,psn_lst,NA,FALSE,FALSE,TRUE,NA,nonmem,psn_cov,2,2,2,0,TRUE,NA,NA,NA,1772.425,3147.94,1.776,NA,NA,NA
80,4,ode,nonmem_scm,focei,76,not_converged,FALSE,FALSE,FALSE,FALSE,-1602.87539367993,NA,psn_lst,NA,FALSE,FALSE,TRUE,NA,nonmem,psn_cov,2,2,2,0,TRUE,NA,NA,NA,1627.077,3912.56,2.405,NA,NA,NA
80,4,ode,nonmem_scm,focei,77,not_converged,FALSE,FALSE,FALSE,FALSE,-1563.471595360071,NA,psn_lst,NA,FALSE,FALSE,TRUE,NA,nonmem,psn_cov,2,2,2,0,TRUE,NA,NA,NA,2108.513,3668.51,1.74,NA,NA,NA
80,4,ode,nonmem_scm,focei,78,not_converged,FALSE,FALSE,FALSE,FALSE,-1573.2370725731926,NA,psn_lst,NA,FALSE,FALSE,TRUE,NA,nonmem,psn_cov,1,2,1,0,FALSE,NA,NA,NA,1673.391,2918.28,1.744,NA,NA,NA
80,4,ode,nonmem_scm,focei,79,not_converged,FALSE,FALSE,FALSE,FALSE,-1591.7064936219522,NA,psn_lst,NA,FALSE,FALSE,TRUE,NA,nonmem,psn_cov,2,2,2,0,TRUE,NA,NA,NA,1493.681,3564.54,2.386,NA,NA,NA
80,4,ode,nonmem_scm,focei,80,not_converged,FALSE,FALSE,FALSE,FALSE,-1560.17268476174,NA,psn_lst,NA,FALSE,FALSE,TRUE,NA,nonmem,psn_cov,2,2,2,0,TRUE,NA,NA,NA,2716.64,2671.33,0.983,NA,NA,NA
80,4,ode,nonmem_scm,focei,81,ok,TRUE,FALSE,FALSE,FALSE,-1560.490889402849,NA,psn_lst,NA,TRUE,FALSE,FALSE,NA,nonmem,psn_cov,2,2,2,0,TRUE,NA,NA,NA,3027.025,2982.8,0.985,NA,NA,NA
80,4,ode,nonmem_scm,focei,82,not_converged,FALSE,FALSE,FALSE,FALSE,-1543.9638387107457,NA,psn_lst,NA,FALSE,FALSE,TRUE,NA,nonmem,psn_cov,2,2,2,0,TRUE,NA,NA,NA,2875.977,2833.7,0.985,NA,NA,NA
80,4,ode,nonmem_scm,focei,83,ok,TRUE,FALSE,FALSE,FALSE,-1548.3523992647067,NA,psn_lst,NA,TRUE,FALSE,FALSE,NA,nonmem,psn_cov,2,2,2,0,TRUE,NA,NA,NA,2747.9,2704.39,0.984,NA,NA,NA
80,4,ode,nonmem_scm,focei,84,not_converged,FALSE,FALSE,FALSE,FALSE,-1617.406221372591,NA,psn_lst,NA,FALSE,FALSE,TRUE,NA,nonmem,psn_cov,2,2,2,0,TRUE,NA,NA,NA,1095.708,2649.81,2.418,NA,NA,NA
80,4,ode,nonmem_scm,focei,85,not_converged,FALSE,FALSE,FALSE,FALSE,-1585.5797823778082,NA,psn_lst,NA,FALSE,FALSE,TRUE,NA,nonmem,psn_cov,3,2,2,1,FALSE,NA,NA,NA,2164.983,3882.78,1.793,NA,NA,NA
80,4,ode,nonmem_scm,focei,86,not_converged,FALSE,FALSE,FALSE,FALSE,-1550.498206644121,NA,psn_lst,NA,FALSE,FALSE,TRUE,NA,nonmem,psn_cov,3,2,2,1,FALSE,NA,NA,NA,2951.83,5461.6,1.85,NA,NA,NA
80,4,ode,nonmem_scm,focei,87,ok,TRUE,FALSE,FALSE,FALSE,-1578.3399336025127,NA,psn_lst,NA,TRUE,FALSE,FALSE,NA,nonmem,psn_cov,2,2,2,0,TRUE,NA,NA,NA,2463.273,2418.8,0.982,NA,NA,NA
80,4,ode,nonmem_scm,focei,88,not_converged,FALSE,FALSE,FALSE,FALSE,-1564.6591968661792,NA,psn_lst,NA,FALSE,FALSE,TRUE,NA,nonmem,psn_cov,2,2,2,0,TRUE,NA,NA,NA,2925.705,2883.27,0.985,NA,NA,NA
80,4,ode,nonmem_scm,focei,89,ok,TRUE,FALSE,FALSE,FALSE,-1588.7498562406067,NA,psn_lst,NA,TRUE,FALSE,FALSE,NA,nonmem,psn_cov,2,2,2,0,TRUE,NA,NA,NA,2892.809,2849.16,0.985,NA,NA,NA
80,4,ode,nonmem_scm,focei,90,ok,TRUE,FALSE,FALSE,FALSE,-1568.5677600395136,NA,psn_lst,NA,TRUE,FALSE,FALSE,NA,nonmem,psn_cov,2,2,1,1,FALSE,NA,NA,NA,2944.822,2906.22,0.987,NA,NA,NA
80,4,ode,nonmem_scm,focei,91,not_converged,FALSE,FALSE,FALSE,FALSE,-1559.276328196659,NA,psn_lst,NA,FALSE,FALSE,TRUE,NA,nonmem,psn_cov,2,2,2,0,TRUE,NA,NA,NA,2900.397,2858.39,0.986,NA,NA,NA
80,4,ode,nonmem_scm,focei,92,not_converged,FALSE,FALSE,FALSE,FALSE,-1526.95513402272,NA,psn_lst,NA,FALSE,FALSE,TRUE,NA,nonmem,psn_cov,2,2,2,0,TRUE,NA,NA,NA,2799.391,2758.74,0.985,NA,NA,NA
80,4,ode,nonmem_scm,focei,93,not_converged,FALSE,FALSE,FALSE,FALSE,-1485.1398164489103,NA,psn_lst,NA,FALSE,FALSE,TRUE,NA,nonmem,psn_cov,4,2,1,3,FALSE,NA,NA,NA,2167.467,5248.78,2.422,NA,NA,NA
80,4,ode,nonmem_scm,focei,94,not_converged,FALSE,FALSE,FALSE,FALSE,-1589.5950430016294,NA,psn_lst,NA,FALSE,FALSE,TRUE,NA,nonmem,psn_cov,2,2,2,0,TRUE,NA,NA,NA,2940.397,2898.63,0.986,NA,NA,NA
80,4,ode,nonmem_scm,focei,95,ok,TRUE,FALSE,FALSE,FALSE,-1439.4927778483984,NA,psn_lst,NA,TRUE,FALSE,FALSE,NA,nonmem,psn_cov,1,2,1,0,FALSE,NA,NA,NA,1553.495,3719.7,2.394,NA,NA,NA
80,4,ode,nonmem_scm,focei,96,not_converged,FALSE,FALSE,FALSE,FALSE,-1580.310641365665,NA,psn_lst,NA,FALSE,FALSE,TRUE,NA,nonmem,psn_cov,3,2,2,1,FALSE,NA,NA,NA,1504.052,3663.61,2.436,NA,NA,NA
80,4,ode,nonmem_scm,focei,97,ok,TRUE,FALSE,FALSE,FALSE,-1603.9790868135983,NA,psn_lst,NA,TRUE,FALSE,FALSE,NA,nonmem,psn_cov,2,2,2,0,TRUE,NA,NA,NA,2933.807,2890.75,0.985,NA,NA,NA
80,4,ode,nonmem_scm,focei,98,ok,TRUE,FALSE,FALSE,FALSE,-1527.211861485783,NA,psn_lst,NA,TRUE,FALSE,FALSE,NA,nonmem,psn_cov,2,2,2,0,TRUE,NA,NA,NA,1948.301,4535.4,2.328,NA,NA,NA
80,4,ode,nonmem_scm,focei,99,ok,TRUE,FALSE,FALSE,FALSE,-1507.6283931791963,NA,psn_lst,NA,TRUE,FALSE,FALSE,NA,nonmem,psn_cov,2,2,2,0,TRUE,NA,NA,NA,1677.122,3669.08,2.188,NA,NA,NA
80,4,ode,nonmem_scm,focei,100,ok,TRUE,FALSE,FALSE,FALSE,-1557.3182231799378,NA,psn_lst,NA,TRUE,FALSE,FALSE,NA,nonmem,psn_cov,2,2,2,0,TRUE,NA,NA,NA,2082.433,3728.81,1.791,NA,NA,NA
80,5,ode,nonmem_scm,focei,1,not_converged,FALSE,FALSE,FALSE,FALSE,-1486.9243126390431,NA,psn_lst,NA,FALSE,FALSE,TRUE,NA,nonmem,psn_cov,1,1,1,0,TRUE,NA,NA,NA,1919.796,1883.47,0.981,NA,NA,NA
80,5,ode,nonmem_scm,focei,2,ok,TRUE,FALSE,FALSE,FALSE,-1568.8858505042242,NA,psn_lst,NA,TRUE,FALSE,FALSE,NA,nonmem,psn_cov,1,1,1,0,TRUE,NA,NA,NA,2012.942,1976.91,0.982,NA,NA,NA
80,5,ode,nonmem_scm,focei,3,ok,TRUE,FALSE,FALSE,FALSE,-1520.9596591746688,NA,psn_lst,NA,TRUE,FALSE,FALSE,NA,nonmem,psn_cov,1,1,1,0,TRUE,NA,NA,NA,2066.369,2032.16,0.983,NA,NA,NA
80,5,ode,nonmem_scm,focei,4,ok,TRUE,FALSE,FALSE,FALSE,-1610.0978935278663,NA,psn_lst,NA,TRUE,FALSE,FALSE,NA,nonmem,psn_cov,2,1,1,1,FALSE,NA,NA,NA,1679.872,4139.93,2.464,NA,NA,NA
80,5,ode,nonmem_scm,focei,5,ok,TRUE,FALSE,FALSE,FALSE,-1571.0993624772448,NA,psn_lst,NA,TRUE,FALSE,FALSE,NA,nonmem,psn_cov,2,1,1,1,FALSE,NA,NA,NA,2721.061,2679.35,0.985,NA,NA,NA
80,5,ode,nonmem_scm,focei,6,not_converged,FALSE,FALSE,FALSE,FALSE,-1564.9140879564409,NA,psn_lst,NA,FALSE,FALSE,TRUE,NA,nonmem,psn_cov,1,1,1,0,TRUE,NA,NA,NA,1936.308,1900.25,0.981,NA,NA,NA
80,5,ode,nonmem_scm,focei,7,ok,TRUE,FALSE,FALSE,FALSE,-1562.609412693431,NA,psn_lst,NA,TRUE,FALSE,FALSE,NA,nonmem,psn_cov,1,1,1,0,TRUE,NA,NA,NA,2876.145,2833.03,0.985,NA,NA,NA
80,5,ode,nonmem_scm,focei,8,ok,TRUE,FALSE,FALSE,FALSE,-1551.5105379413917,NA,psn_lst,NA,TRUE,FALSE,FALSE,NA,nonmem,psn_cov,1,1,1,0,TRUE,NA,NA,NA,1672.647,1640.13,0.981,NA,NA,NA
80,5,ode,nonmem_scm,focei,9,ok,TRUE,FALSE,FALSE,FALSE,-1591.792920523495,NA,psn_lst,NA,TRUE,FALSE,FALSE,NA,nonmem,psn_cov,1,1,1,0,TRUE,NA,NA,NA,1838.016,1802.57,0.981,NA,NA,NA
80,5,ode,nonmem_scm,focei,10,ok,TRUE,FALSE,FALSE,FALSE,-1575.186665668983,NA,psn_lst,NA,TRUE,FALSE,FALSE,NA,nonmem,psn_cov,1,1,1,0,TRUE,NA,NA,NA,1770.763,1736.24,0.981,NA,NA,NA
80,5,ode,nonmem_scm,focei,11,not_converged,FALSE,FALSE,FALSE,FALSE,-1638.5261115470362,NA,psn_lst,NA,FALSE,FALSE,TRUE,NA,nonmem,psn_cov,1,1,1,0,TRUE,NA,NA,NA,2147.33,2113.87,0.984,NA,NA,NA
80,5,ode,nonmem_scm,focei,12,not_converged,FALSE,FALSE,FALSE,FALSE,-1528.4524827031923,NA,psn_lst,NA,FALSE,FALSE,TRUE,NA,nonmem,psn_cov,1,1,1,0,TRUE,NA,NA,NA,1654.082,4054.61,2.451,NA,NA,NA
80,5,ode,nonmem_scm,focei,13,ok,TRUE,FALSE,FALSE,FALSE,-1524.730555502074,NA,psn_lst,NA,TRUE,FALSE,FALSE,NA,nonmem,psn_cov,1,1,1,0,TRUE,NA,NA,NA,1934.474,1899.02,0.982,NA,NA,NA
80,5,ode,nonmem_scm,focei,14,ok,TRUE,FALSE,FALSE,FALSE,-1541.799264795487,NA,psn_lst,NA,TRUE,FALSE,FALSE,NA,nonmem,psn_cov,1,1,1,0,TRUE,NA,NA,NA,2806.57,2765.94,0.986,NA,NA,NA
80,5,ode,nonmem_scm,focei,15,ok,TRUE,FALSE,FALSE,FALSE,-1632.6374840793785,NA,psn_lst,NA,TRUE,FALSE,FALSE,NA,nonmem,psn_cov,1,1,1,0,TRUE,NA,NA,NA,1816.086,1780.89,0.981,NA,NA,NA
80,5,ode,nonmem_scm,focei,16,ok,TRUE,FALSE,FALSE,FALSE,-1561.7209730577597,NA,psn_lst,NA,TRUE,FALSE,FALSE,NA,nonmem,psn_cov,1,1,1,0,TRUE,NA,NA,NA,2011.27,1973.69,0.981,NA,NA,NA
80,5,ode,nonmem_scm,focei,17,not_converged,FALSE,FALSE,FALSE,FALSE,-1577.3646505648917,NA,psn_lst,NA,FALSE,FALSE,TRUE,NA,nonmem,psn_cov,1,1,1,0,TRUE,NA,NA,NA,1781.504,1744.48,0.979,NA,NA,NA
80,5,ode,nonmem_scm,focei,18,ok,TRUE,FALSE,FALSE,FALSE,-1533.2745611303608,NA,psn_lst,NA,TRUE,FALSE,FALSE,NA,nonmem,psn_cov,1,1,1,0,TRUE,NA,NA,NA,1871.926,1835.26,0.98,NA,NA,NA
80,5,ode,nonmem_scm,focei,19,not_converged,FALSE,FALSE,FALSE,FALSE,-1622.0239391547989,NA,psn_lst,NA,FALSE,FALSE,TRUE,NA,nonmem,psn_cov,1,1,1,0,TRUE,NA,NA,NA,2651.007,2604.8,0.983,NA,NA,NA
80,5,ode,nonmem_scm,focei,20,ok,TRUE,FALSE,FALSE,FALSE,-1568.151940608139,NA,psn_lst,NA,TRUE,FALSE,FALSE,NA,nonmem,psn_cov,1,1,1,0,TRUE,NA,NA,NA,1889.63,1854.67,0.981,NA,NA,NA
80,5,ode,nonmem_scm,focei,21,ok,TRUE,FALSE,FALSE,FALSE,-1565.1319684143834,NA,psn_lst,NA,TRUE,FALSE,FALSE,NA,nonmem,psn_cov,1,1,1,0,TRUE,NA,NA,NA,2647.452,2606.93,0.985,NA,NA,NA
80,5,ode,nonmem_scm,focei,22,ok,TRUE,FALSE,FALSE,FALSE,-1531.820819891266,NA,psn_lst,NA,TRUE,FALSE,FALSE,NA,nonmem,psn_cov,1,1,1,0,TRUE,NA,NA,NA,1845.533,1809.99,0.981,NA,NA,NA
80,5,ode,nonmem_scm,focei,23,not_converged,FALSE,FALSE,FALSE,FALSE,-1607.0037000471225,NA,psn_lst,NA,FALSE,FALSE,TRUE,NA,nonmem,psn_cov,1,1,1,0,TRUE,NA,NA,NA,3368.382,3323.88,0.987,NA,NA,NA
80,5,ode,nonmem_scm,focei,24,ok,TRUE,FALSE,FALSE,FALSE,-1588.8661166446968,NA,psn_lst,NA,TRUE,FALSE,FALSE,NA,nonmem,psn_cov,1,1,1,0,TRUE,NA,NA,NA,2492.264,5701.19,2.288,NA,NA,NA
80,5,ode,nonmem_scm,focei,25,not_converged,FALSE,FALSE,FALSE,FALSE,-1611.2920509436435,NA,psn_lst,NA,FALSE,FALSE,TRUE,NA,nonmem,psn_cov,2,1,1,1,FALSE,NA,NA,NA,2526.069,2482.78,0.983,NA,NA,NA
80,5,ode,nonmem_scm,focei,26,ok,TRUE,FALSE,FALSE,FALSE,-1554.416192902342,NA,psn_lst,NA,TRUE,FALSE,FALSE,NA,nonmem,psn_cov,2,1,1,1,FALSE,NA,NA,NA,1337.776,3281.32,2.453,NA,NA,NA
80,5,ode,nonmem_scm,focei,27,not_converged,FALSE,FALSE,FALSE,FALSE,-1496.01513812928,NA,psn_lst,NA,FALSE,FALSE,TRUE,NA,nonmem,psn_cov,1,1,1,0,TRUE,NA,NA,NA,1610.188,1577.36,0.98,NA,NA,NA
80,5,ode,nonmem_scm,focei,28,ok,TRUE,FALSE,FALSE,FALSE,-1529.0128468769549,NA,psn_lst,NA,TRUE,FALSE,FALSE,NA,nonmem,psn_cov,1,1,1,0,TRUE,NA,NA,NA,1202.822,2786.65,2.317,NA,NA,NA
80,5,ode,nonmem_scm,focei,29,ok,TRUE,FALSE,FALSE,FALSE,-1552.677813165953,NA,psn_lst,NA,TRUE,FALSE,FALSE,NA,nonmem,psn_cov,1,1,1,0,TRUE,NA,NA,NA,1503.126,1472.69,0.98,NA,NA,NA
80,5,ode,nonmem_scm,focei,30,not_converged,FALSE,FALSE,FALSE,FALSE,-1562.0915952472749,NA,psn_lst,NA,FALSE,FALSE,TRUE,NA,nonmem,psn_cov,1,1,1,0,TRUE,NA,NA,NA,1622.884,1585.71,0.977,NA,NA,NA
80,5,ode,nonmem_scm,focei,31,not_converged,FALSE,FALSE,FALSE,FALSE,-1561.3601386993348,NA,psn_lst,NA,FALSE,FALSE,TRUE,NA,nonmem,psn_cov,1,1,1,0,TRUE,NA,NA,NA,1817.918,1784.67,0.982,NA,NA,NA
80,5,ode,nonmem_scm,focei,32,not_converged,FALSE,FALSE,FALSE,FALSE,-1513.7087815409664,NA,psn_lst,NA,FALSE,FALSE,TRUE,NA,nonmem,psn_cov,1,1,1,0,TRUE,NA,NA,NA,2900.6,2859.88,0.986,NA,NA,NA
80,5,ode,nonmem_scm,focei,33,ok,TRUE,FALSE,FALSE,FALSE,-1575.3847047270335,NA,psn_lst,NA,TRUE,FALSE,FALSE,NA,nonmem,psn_cov,1,1,1,0,TRUE,NA,NA,NA,925.061,1979.3,2.14,NA,NA,NA
80,5,ode,nonmem_scm,focei,34,not_converged,FALSE,FALSE,FALSE,FALSE,-1555.9727853475551,NA,psn_lst,NA,FALSE,FALSE,TRUE,NA,nonmem,psn_cov,2,1,1,1,FALSE,NA,NA,NA,2443.008,4363.49,1.786,NA,NA,NA
80,5,ode,nonmem_scm,focei,35,ok,TRUE,FALSE,FALSE,FALSE,-1549.204096037114,NA,psn_lst,NA,TRUE,FALSE,FALSE,NA,nonmem,psn_cov,1,1,1,0,TRUE,NA,NA,NA,1934.252,1899.46,0.982,NA,NA,NA
80,5,ode,nonmem_scm,focei,36,not_converged,FALSE,FALSE,FALSE,FALSE,-1546.1583362943952,NA,psn_lst,NA,FALSE,FALSE,TRUE,NA,nonmem,psn_cov,1,1,1,0,TRUE,NA,NA,NA,1891.672,1856.82,0.982,NA,NA,NA
80,5,ode,nonmem_scm,focei,37,ok,TRUE,FALSE,FALSE,FALSE,-1562.108226286718,NA,psn_lst,NA,TRUE,FALSE,FALSE,NA,nonmem,psn_cov,1,1,1,0,TRUE,NA,NA,NA,1965.92,1929.57,0.982,NA,NA,NA
80,5,ode,nonmem_scm,focei,38,ok,TRUE,FALSE,FALSE,FALSE,-1539.0860281005243,NA,psn_lst,NA,TRUE,FALSE,FALSE,NA,nonmem,psn_cov,1,1,1,0,TRUE,NA,NA,NA,1574.868,1541.2,0.979,NA,NA,NA
80,5,ode,nonmem_scm,focei,39,not_converged,FALSE,FALSE,FALSE,FALSE,-1562.1721583986302,NA,psn_lst,NA,FALSE,FALSE,TRUE,NA,nonmem,psn_cov,1,1,1,0,TRUE,NA,NA,NA,2037.535,2001.11,0.982,NA,NA,NA
80,5,ode,nonmem_scm,focei,40,not_converged,FALSE,FALSE,FALSE,FALSE,-1518.2013988895606,NA,psn_lst,NA,FALSE,FALSE,TRUE,NA,nonmem,psn_cov,1,1,1,0,TRUE,NA,NA,NA,1865.534,1830.49,0.981,NA,NA,NA
80,5,ode,nonmem_scm,focei,41,ok,TRUE,FALSE,FALSE,FALSE,-1520.7562255984103,NA,psn_lst,NA,TRUE,FALSE,FALSE,NA,nonmem,psn_cov,1,1,1,0,TRUE,NA,NA,NA,1638.161,3982.35,2.431,NA,NA,NA
80,5,ode,nonmem_scm,focei,42,ok,TRUE,FALSE,FALSE,FALSE,-1632.4834740629258,NA,psn_lst,NA,TRUE,FALSE,FALSE,NA,nonmem,psn_cov,1,1,1,0,TRUE,NA,NA,NA,1637.923,1604.49,0.98,NA,NA,NA
80,5,ode,nonmem_scm,focei,43,not_converged,FALSE,FALSE,FALSE,FALSE,-1563.064390376015,NA,psn_lst,NA,FALSE,FALSE,TRUE,NA,nonmem,psn_cov,2,1,1,1,FALSE,NA,NA,NA,1541.447,3699.13,2.4,NA,NA,NA
80,5,ode,nonmem_scm,focei,44,ok,TRUE,FALSE,FALSE,FALSE,-1490.2468117670512,NA,psn_lst,NA,TRUE,FALSE,FALSE,NA,nonmem,psn_cov,1,1,1,0,TRUE,NA,NA,NA,2005.388,1969.47,0.982,NA,NA,NA
80,5,ode,nonmem_scm,focei,45,ok,TRUE,FALSE,FALSE,FALSE,-1611.1867274376111,NA,psn_lst,NA,TRUE,FALSE,FALSE,NA,nonmem,psn_cov,1,1,1,0,TRUE,NA,NA,NA,1794.28,1758.92,0.98,NA,NA,NA
80,5,ode,nonmem_scm,focei,46,not_converged,FALSE,FALSE,FALSE,FALSE,-1604.705788746628,NA,psn_lst,NA,FALSE,FALSE,TRUE,NA,nonmem,psn_cov,1,1,1,0,TRUE,NA,NA,NA,2021.694,1985.94,0.982,NA,NA,NA
80,5,ode,nonmem_scm,focei,47,ok,TRUE,FALSE,FALSE,FALSE,-1525.4149857584302,NA,psn_lst,NA,TRUE,FALSE,FALSE,NA,nonmem,psn_cov,1,1,1,0,TRUE,NA,NA,NA,1890.064,1853.19,0.98,NA,NA,NA
80,5,ode,nonmem_scm,focei,48,ok,TRUE,FALSE,FALSE,FALSE,-1566.9670736235405,NA,psn_lst,NA,TRUE,FALSE,FALSE,NA,nonmem,psn_cov,1,1,1,0,TRUE,NA,NA,NA,2010.679,1972.91,0.981,NA,NA,NA
80,5,ode,nonmem_scm,focei,49,not_converged,FALSE,FALSE,FALSE,FALSE,-1575.4356594490123,NA,psn_lst,NA,FALSE,FALSE,TRUE,NA,nonmem,psn_cov,2,1,1,1,FALSE,NA,NA,NA,1788.688,4317.43,2.414,NA,NA,NA
80,5,ode,nonmem_scm,focei,50,ok,TRUE,FALSE,FALSE,FALSE,-1533.2919844840308,NA,psn_lst,NA,TRUE,FALSE,FALSE,NA,nonmem,psn_cov,1,1,1,0,TRUE,NA,NA,NA,1852.787,1818.4,0.981,NA,NA,NA
80,5,ode,nonmem_scm,focei,51,not_converged,FALSE,FALSE,FALSE,FALSE,-1602.5237525203702,NA,psn_lst,NA,FALSE,FALSE,TRUE,NA,nonmem,psn_cov,1,1,1,0,TRUE,NA,NA,NA,1751.767,1719.47,0.982,NA,NA,NA
80,5,ode,nonmem_scm,focei,52,ok,TRUE,FALSE,FALSE,FALSE,-1528.8931631994087,NA,psn_lst,NA,TRUE,FALSE,FALSE,NA,nonmem,psn_cov,1,1,1,0,TRUE,NA,NA,NA,984.538,1638.99,1.665,NA,NA,NA
80,5,ode,nonmem_scm,focei,53,ok,TRUE,FALSE,FALSE,FALSE,-1593.9025557329708,NA,psn_lst,NA,TRUE,FALSE,FALSE,NA,nonmem,psn_cov,1,1,1,0,TRUE,NA,NA,NA,1928.622,1895.46,0.983,NA,NA,NA
80,5,ode,nonmem_scm,focei,54,not_converged,FALSE,FALSE,FALSE,FALSE,-1573.298559767455,NA,psn_lst,NA,FALSE,FALSE,TRUE,NA,nonmem,psn_cov,1,1,1,0,TRUE,NA,NA,NA,1831.258,1800.44,0.983,NA,NA,NA
80,5,ode,nonmem_scm,focei,55,ok,TRUE,FALSE,FALSE,FALSE,-1544.184665294852,NA,psn_lst,NA,TRUE,FALSE,FALSE,NA,nonmem,psn_cov,1,1,1,0,TRUE,NA,NA,NA,1033.158,1800.39,1.743,NA,NA,NA
80,5,ode,nonmem_scm,focei,56,ok,TRUE,FALSE,FALSE,FALSE,-1517.9042783578852,NA,psn_lst,NA,TRUE,FALSE,FALSE,NA,nonmem,psn_cov,1,1,1,0,TRUE,NA,NA,NA,2103.83,2065.41,0.982,NA,NA,NA
80,5,ode,nonmem_scm,focei,57,not_converged,FALSE,FALSE,FALSE,FALSE,-1655.8769775159128,NA,psn_lst,NA,FALSE,FALSE,TRUE,NA,nonmem,psn_cov,1,1,1,0,TRUE,NA,NA,NA,1692.033,1658.91,0.98,NA,NA,NA
80,5,ode,nonmem_scm,focei,58,not_converged,FALSE,FALSE,FALSE,FALSE,-1604.7436624518805,NA,psn_lst,NA,FALSE,FALSE,TRUE,NA,nonmem,psn_cov,1,1,1,0,TRUE,NA,NA,NA,1796.563,1762.58,0.981,NA,NA,NA
80,5,ode,nonmem_scm,focei,59,ok,TRUE,FALSE,FALSE,FALSE,-1580.8354182410335,NA,psn_lst,NA,TRUE,FALSE,FALSE,NA,nonmem,psn_cov,1,1,1,0,TRUE,NA,NA,NA,1789.828,1754.18,0.98,NA,NA,NA
80,5,ode,nonmem_scm,focei,60,ok,TRUE,FALSE,FALSE,FALSE,-1568.8101519771658,NA,psn_lst,NA,TRUE,FALSE,FALSE,NA,nonmem,psn_cov,1,1,1,0,TRUE,NA,NA,NA,2809.128,2767.5,0.985,NA,NA,NA
80,5,ode,nonmem_scm,focei,61,not_converged,FALSE,FALSE,FALSE,FALSE,-1564.356966029508,NA,psn_lst,NA,FALSE,FALSE,TRUE,NA,nonmem,psn_cov,1,1,1,0,TRUE,NA,NA,NA,2592.48,2551.06,0.984,NA,NA,NA
80,5,ode,nonmem_scm,focei,62,not_converged,FALSE,FALSE,FALSE,FALSE,-1589.3916829785724,NA,psn_lst,NA,FALSE,FALSE,TRUE,NA,nonmem,psn_cov,1,1,1,0,TRUE,NA,NA,NA,1876.328,1839.55,0.98,NA,NA,NA
80,5,ode,nonmem_scm,focei,63,not_converged,FALSE,FALSE,FALSE,FALSE,-1564.877522712674,NA,psn_lst,NA,FALSE,FALSE,TRUE,NA,nonmem,psn_cov,1,1,1,0,TRUE,NA,NA,NA,1885.344,1852.72,0.983,NA,NA,NA
80,5,ode,nonmem_scm,focei,64,ok,TRUE,FALSE,FALSE,FALSE,-1581.9676473390507,NA,psn_lst,NA,TRUE,FALSE,FALSE,NA,nonmem,psn_cov,1,1,1,0,TRUE,NA,NA,NA,1022.778,1798.1,1.758,NA,NA,NA
80,5,ode,nonmem_scm,focei,65,ok,TRUE,FALSE,FALSE,FALSE,-1619.260608014337,NA,psn_lst,NA,TRUE,FALSE,FALSE,NA,nonmem,psn_cov,1,1,1,0,TRUE,NA,NA,NA,3064.171,3020.21,0.986,NA,NA,NA
80,5,ode,nonmem_scm,focei,66,ok,TRUE,FALSE,FALSE,FALSE,-1561.1304687269558,NA,psn_lst,NA,TRUE,FALSE,FALSE,NA,nonmem,psn_cov,1,1,1,0,TRUE,NA,NA,NA,1016.947,1764.62,1.735,NA,NA,NA
80,5,ode,nonmem_scm,focei,67,ok,TRUE,FALSE,FALSE,FALSE,-1570.2319983814973,NA,psn_lst,NA,TRUE,FALSE,FALSE,NA,nonmem,psn_cov,1,1,1,0,TRUE,NA,NA,NA,1637.42,1602.34,0.979,NA,NA,NA
80,5,ode,nonmem_scm,focei,68,not_converged,FALSE,FALSE,FALSE,FALSE,-1572.1381443966798,NA,psn_lst,NA,FALSE,FALSE,TRUE,NA,nonmem,psn_cov,2,1,1,1,FALSE,NA,NA,NA,1348.162,3195.79,2.37,NA,NA,NA
80,5,ode,nonmem_scm,focei,69,not_converged,FALSE,FALSE,FALSE,FALSE,-1571.7792205876126,NA,psn_lst,NA,FALSE,FALSE,TRUE,NA,nonmem,psn_cov,2,1,1,1,FALSE,NA,NA,NA,3104.01,3063.65,0.987,NA,NA,NA
80,5,ode,nonmem_scm,focei,70,ok,TRUE,FALSE,FALSE,FALSE,-1530.2962092820726,NA,psn_lst,NA,TRUE,FALSE,FALSE,NA,nonmem,psn_cov,1,1,1,0,TRUE,NA,NA,NA,1834.701,1800.42,0.981,NA,NA,NA
80,5,ode,nonmem_scm,focei,71,ok,TRUE,FALSE,FALSE,FALSE,-1621.467235032424,NA,psn_lst,NA,TRUE,FALSE,FALSE,NA,nonmem,psn_cov,2,1,1,1,FALSE,NA,NA,NA,2933.001,2893.05,0.986,NA,NA,NA
80,5,ode,nonmem_scm,focei,72,not_converged,FALSE,FALSE,FALSE,FALSE,-1597.2993488028897,NA,psn_lst,NA,FALSE,FALSE,TRUE,NA,nonmem,psn_cov,1,1,1,0,TRUE,NA,NA,NA,2153.402,2120.11,0.985,NA,NA,NA
80,5,ode,nonmem_scm,focei,73,not_converged,FALSE,FALSE,FALSE,FALSE,-1585.1950807856397,NA,psn_lst,NA,FALSE,FALSE,TRUE,NA,nonmem,psn_cov,1,1,1,0,TRUE,NA,NA,NA,1755.249,1720.52,0.98,NA,NA,NA
80,5,ode,nonmem_scm,focei,74,ok,TRUE,FALSE,FALSE,FALSE,-1603.385275986732,NA,psn_lst,NA,TRUE,FALSE,FALSE,NA,nonmem,psn_cov,1,1,1,0,TRUE,NA,NA,NA,3042.932,3000.41,0.986,NA,NA,NA
80,5,ode,nonmem_scm,focei,75,not_converged,FALSE,FALSE,FALSE,FALSE,-1530.1889006890067,NA,psn_lst,NA,FALSE,FALSE,TRUE,NA,nonmem,psn_cov,1,1,1,0,TRUE,NA,NA,NA,1737.863,1705.22,0.981,NA,NA,NA
80,5,ode,nonmem_scm,focei,76,ok,TRUE,FALSE,FALSE,FALSE,-1535.949669642366,NA,psn_lst,NA,TRUE,FALSE,FALSE,NA,nonmem,psn_cov,1,1,1,0,TRUE,NA,NA,NA,1213.158,2020.78,1.666,NA,NA,NA
80,5,ode,nonmem_scm,focei,77,ok,TRUE,FALSE,FALSE,FALSE,-1567.0654350702653,NA,psn_lst,NA,TRUE,FALSE,FALSE,NA,nonmem,psn_cov,1,1,1,0,TRUE,NA,NA,NA,849.356,1841.32,2.168,NA,NA,NA
80,5,ode,nonmem_scm,focei,78,ok,TRUE,FALSE,FALSE,FALSE,-1612.6992504909022,NA,psn_lst,NA,TRUE,FALSE,FALSE,NA,nonmem,psn_cov,1,1,1,0,TRUE,NA,NA,NA,2113.813,2074.52,0.981,NA,NA,NA
80,5,ode,nonmem_scm,focei,79,ok,TRUE,FALSE,FALSE,FALSE,-1587.6020979616335,NA,psn_lst,NA,TRUE,FALSE,FALSE,NA,nonmem,psn_cov,1,1,1,0,TRUE,NA,NA,NA,775.825,1749.35,2.255,NA,NA,NA
80,5,ode,nonmem_scm,focei,80,not_converged,FALSE,FALSE,FALSE,FALSE,-1557.161155981677,NA,psn_lst,NA,FALSE,FALSE,TRUE,NA,nonmem,psn_cov,1,1,1,0,TRUE,NA,NA,NA,1923.121,4446.79,2.312,NA,NA,NA
80,5,ode,nonmem_scm,focei,81,not_converged,FALSE,FALSE,FALSE,FALSE,-1520.4182568022488,NA,psn_lst,NA,FALSE,FALSE,TRUE,NA,nonmem,psn_cov,1,1,1,0,TRUE,NA,NA,NA,1282.767,3083.71,2.404,NA,NA,NA
80,5,ode,nonmem_scm,focei,82,ok,TRUE,FALSE,FALSE,FALSE,-1620.1583185356071,NA,psn_lst,NA,TRUE,FALSE,FALSE,NA,nonmem,psn_cov,1,1,1,0,TRUE,NA,NA,NA,2008.008,1974.33,0.983,NA,NA,NA
80,5,ode,nonmem_scm,focei,83,ok,TRUE,FALSE,FALSE,FALSE,-1557.94721904552,NA,psn_lst,NA,TRUE,FALSE,FALSE,NA,nonmem,psn_cov,1,1,1,0,TRUE,NA,NA,NA,1774.327,1740.5,0.981,NA,NA,NA
80,5,ode,nonmem_scm,focei,84,ok,TRUE,FALSE,FALSE,FALSE,-1527.6676956073293,NA,psn_lst,NA,TRUE,FALSE,FALSE,NA,nonmem,psn_cov,1,1,1,0,TRUE,NA,NA,NA,1930.619,1893.8,0.981,NA,NA,NA
80,5,ode,nonmem_scm,focei,85,ok,TRUE,FALSE,FALSE,FALSE,-1520.4035152517265,NA,psn_lst,NA,TRUE,FALSE,FALSE,NA,nonmem,psn_cov,1,1,1,0,TRUE,NA,NA,NA,868.428,2046.16,2.356,NA,NA,NA
80,5,ode,nonmem_scm,focei,86,ok,TRUE,FALSE,FALSE,FALSE,-1572.927735494343,NA,psn_lst,NA,TRUE,FALSE,FALSE,NA,nonmem,psn_cov,1,1,1,0,TRUE,NA,NA,NA,1792.933,1759.74,0.981,NA,NA,NA
80,5,ode,nonmem_scm,focei,87,not_converged,FALSE,FALSE,FALSE,FALSE,-1542.1197338028385,NA,psn_lst,NA,FALSE,FALSE,TRUE,NA,nonmem,psn_cov,1,1,1,0,TRUE,NA,NA,NA,1755.94,1721.04,0.98,NA,NA,NA
80,5,ode,nonmem_scm,focei,88,not_converged,FALSE,FALSE,FALSE,FALSE,-1552.491537546891,NA,psn_lst,NA,FALSE,FALSE,TRUE,NA,nonmem,psn_cov,1,1,1,0,TRUE,NA,NA,NA,790.533,1890.87,2.392,NA,NA,NA
80,5,ode,nonmem_scm,focei,89,ok,TRUE,FALSE,FALSE,FALSE,-1602.385921443193,NA,psn_lst,NA,TRUE,FALSE,FALSE,NA,nonmem,psn_cov,1,1,1,0,TRUE,NA,NA,NA,1166.963,2033.32,1.742,NA,NA,NA
80,5,ode,nonmem_scm,focei,90,ok,TRUE,FALSE,FALSE,FALSE,-1587.2326526230513,NA,psn_lst,NA,TRUE,FALSE,FALSE,NA,nonmem,psn_cov,1,1,1,0,TRUE,NA,NA,NA,2736.461,2695.87,0.985,NA,NA,NA
80,5,ode,nonmem_scm,focei,91,ok,TRUE,FALSE,FALSE,FALSE,-1544.1680643395166,NA,psn_lst,NA,TRUE,FALSE,FALSE,NA,nonmem,psn_cov,1,1,1,0,TRUE,NA,NA,NA,1881.841,1848.26,0.982,NA,NA,NA
80,5,ode,nonmem_scm,focei,92,not_converged,FALSE,FALSE,FALSE,FALSE,-1549.828359680096,NA,psn_lst,NA,FALSE,FALSE,TRUE,NA,nonmem,psn_cov,1,1,1,0,TRUE,NA,NA,NA,1866.572,1831.3,0.981,NA,NA,NA
80,5,ode,nonmem_scm,focei,93,ok,TRUE,FALSE,FALSE,FALSE,-1601.522541985274,NA,psn_lst,NA,TRUE,FALSE,FALSE,NA,nonmem,psn_cov,1,1,1,0,TRUE,NA,NA,NA,841.3,1806.68,2.147,NA,NA,NA
80,5,ode,nonmem_scm,focei,94,ok,TRUE,FALSE,FALSE,FALSE,-1474.4749075417192,NA,psn_lst,NA,TRUE,FALSE,FALSE,NA,nonmem,psn_cov,1,1,1,0,TRUE,NA,NA,NA,2906.146,2863.22,0.985,NA,NA,NA
80,5,ode,nonmem_scm,focei,95,not_converged,FALSE,FALSE,FALSE,FALSE,-1594.2207334751777,NA,psn_lst,NA,FALSE,FALSE,TRUE,NA,nonmem,psn_cov,1,1,1,0,TRUE,NA,NA,NA,2432.295,4267.62,1.755,NA,NA,NA
80,5,ode,nonmem_scm,focei,96,ok,TRUE,FALSE,FALSE,FALSE,-1539.0588647946715,NA,psn_lst,NA,TRUE,FALSE,FALSE,NA,nonmem,psn_cov,1,1,1,0,TRUE,NA,NA,NA,1021.925,1705.37,1.669,NA,NA,NA
80,5,ode,nonmem_scm,focei,97,ok,TRUE,FALSE,FALSE,FALSE,-1640.0032382261386,NA,psn_lst,NA,TRUE,FALSE,FALSE,NA,nonmem,psn_cov,1,1,1,0,TRUE,NA,NA,NA,851.763,1922.54,2.257,NA,NA,NA
80,5,ode,nonmem_scm,focei,98,not_converged,FALSE,FALSE,FALSE,FALSE,-1538.274765929857,NA,psn_lst,NA,FALSE,FALSE,TRUE,NA,nonmem,psn_cov,1,1,1,0,TRUE,NA,NA,NA,988.537,1748.94,1.769,NA,NA,NA
80,5,ode,nonmem_scm,focei,99,ok,TRUE,FALSE,FALSE,FALSE,-1574.1933094825065,NA,psn_lst,NA,TRUE,FALSE,FALSE,NA,nonmem,psn_cov,1,1,1,0,TRUE,NA,NA,NA,1677.381,1638.4,0.977,NA,NA,NA
80,5,ode,nonmem_scm,focei,100,ok,TRUE,FALSE,FALSE,FALSE,-1548.7249404710249,NA,psn_lst,NA,TRUE,FALSE,FALSE,NA,nonmem,psn_cov,1,1,1,0,TRUE,NA,NA,NA,700.327,1668.92,2.383,NA,NA,NA
80,6,ode,nonmem_scm,focei,1,not_converged,FALSE,FALSE,FALSE,FALSE,-1576.5038123610316,NA,psn_lst,NA,FALSE,FALSE,TRUE,NA,nonmem,psn_cov,2,2,2,0,TRUE,NA,NA,NA,2728.926,2689.87,0.986,NA,NA,NA
80,6,ode,nonmem_scm,focei,2,ok,TRUE,FALSE,FALSE,FALSE,-1528.5825812147582,NA,psn_lst,NA,TRUE,FALSE,FALSE,NA,nonmem,psn_cov,2,2,2,0,TRUE,NA,NA,NA,1547.8,3931.84,2.54,NA,NA,NA
80,6,ode,nonmem_scm,focei,3,not_converged,FALSE,FALSE,FALSE,FALSE,-1549.6327365031093,NA,psn_lst,NA,FALSE,FALSE,TRUE,NA,nonmem,psn_cov,2,2,2,0,TRUE,NA,NA,NA,2885.929,2844.61,0.986,NA,NA,NA
80,6,ode,nonmem_scm,focei,4,ok,TRUE,FALSE,FALSE,FALSE,-1524.1014392344166,NA,psn_lst,NA,TRUE,FALSE,FALSE,NA,nonmem,psn_cov,2,2,2,0,TRUE,NA,NA,NA,1741.393,4142.06,2.379,NA,NA,NA
80,6,ode,nonmem_scm,focei,5,not_converged,FALSE,FALSE,FALSE,FALSE,-1569.2009005101638,NA,psn_lst,NA,FALSE,FALSE,TRUE,NA,nonmem,psn_cov,2,2,2,0,TRUE,NA,NA,NA,1182.085,2983.14,2.524,NA,NA,NA
80,6,ode,nonmem_scm,focei,6,not_converged,FALSE,FALSE,FALSE,FALSE,-1582.1782698982324,NA,psn_lst,NA,FALSE,FALSE,TRUE,NA,nonmem,psn_cov,3,2,2,1,FALSE,NA,NA,NA,1724.643,4106.61,2.381,NA,NA,NA
80,6,ode,nonmem_scm,focei,7,not_converged,FALSE,FALSE,FALSE,FALSE,-1618.656585890342,NA,psn_lst,NA,FALSE,FALSE,TRUE,NA,nonmem,psn_cov,2,2,2,0,TRUE,NA,NA,NA,2843.586,2798.12,0.984,NA,NA,NA
80,6,ode,nonmem_scm,focei,8,not_converged,FALSE,FALSE,FALSE,FALSE,-1562.7714323265122,NA,psn_lst,NA,FALSE,FALSE,TRUE,NA,nonmem,psn_cov,2,2,2,0,TRUE,NA,NA,NA,1574.122,2772.11,1.761,NA,NA,NA
80,6,ode,nonmem_scm,focei,9,ok,TRUE,FALSE,FALSE,FALSE,-1511.131381139063,NA,psn_lst,NA,TRUE,FALSE,FALSE,NA,nonmem,psn_cov,3,2,2,1,FALSE,NA,NA,NA,1516.198,3714.81,2.45,NA,NA,NA
80,6,ode,nonmem_scm,focei,10,not_converged,FALSE,FALSE,FALSE,FALSE,-1567.1443779972374,NA,psn_lst,NA,FALSE,FALSE,TRUE,NA,nonmem,psn_cov,2,2,2,0,TRUE,NA,NA,NA,2502.855,2459.79,0.983,NA,NA,NA
80,6,ode,nonmem_scm,focei,11,not_converged,FALSE,FALSE,FALSE,FALSE,-1532.8920173758686,NA,psn_lst,NA,FALSE,FALSE,TRUE,NA,nonmem,psn_cov,3,2,2,1,FALSE,NA,NA,NA,2017.742,3494.13,1.732,NA,NA,NA
80,6,ode,nonmem_scm,focei,12,not_converged,FALSE,FALSE,FALSE,FALSE,-1508.7889914863256,NA,psn_lst,NA,FALSE,FALSE,TRUE,NA,nonmem,psn_cov,2,2,2,0,TRUE,NA,NA,NA,1609.258,3722.71,2.313,NA,NA,NA
80,6,ode,nonmem_scm,focei,13,ok,TRUE,FALSE,FALSE,FALSE,-1544.3190860760133,NA,psn_lst,NA,TRUE,FALSE,FALSE,NA,nonmem,psn_cov,2,2,2,0,TRUE,NA,NA,NA,1153.589,2717.18,2.355,NA,NA,NA
80,6,ode,nonmem_scm,focei,14,ok,TRUE,FALSE,FALSE,FALSE,-1491.4098599908025,NA,psn_lst,NA,TRUE,FALSE,FALSE,NA,nonmem,psn_cov,2,2,2,0,TRUE,NA,NA,NA,1247.502,2803.25,2.247,NA,NA,NA
80,6,ode,nonmem_scm,focei,15,not_converged,FALSE,FALSE,FALSE,FALSE,-1569.9825144209713,NA,psn_lst,NA,FALSE,FALSE,TRUE,NA,nonmem,psn_cov,2,2,2,0,TRUE,NA,NA,NA,2207.322,4959.21,2.247,NA,NA,NA
80,6,ode,nonmem_scm,focei,16,not_converged,FALSE,FALSE,FALSE,FALSE,-1568.170957235437,NA,psn_lst,NA,FALSE,FALSE,TRUE,NA,nonmem,psn_cov,2,2,2,0,TRUE,NA,NA,NA,2298.24,4120.24,1.793,NA,NA,NA
80,6,ode,nonmem_scm,focei,17,ok,TRUE,FALSE,FALSE,FALSE,-1548.5357604422247,NA,psn_lst,NA,TRUE,FALSE,FALSE,NA,nonmem,psn_cov,2,2,2,0,TRUE,NA,NA,NA,1625.908,2716.81,1.671,NA,NA,NA
80,6,ode,nonmem_scm,focei,18,not_converged,FALSE,FALSE,FALSE,FALSE,-1559.402497796535,NA,psn_lst,NA,FALSE,FALSE,TRUE,NA,nonmem,psn_cov,2,2,2,0,TRUE,NA,NA,NA,2771.254,2729.37,0.985,NA,NA,NA
80,6,ode,nonmem_scm,focei,19,ok,TRUE,FALSE,FALSE,FALSE,-1562.0489636558266,NA,psn_lst,NA,TRUE,FALSE,FALSE,NA,nonmem,psn_cov,2,2,2,0,TRUE,NA,NA,NA,2983.812,2928.78,0.982,NA,NA,NA
80,6,ode,nonmem_scm,focei,20,ok,TRUE,FALSE,FALSE,FALSE,-1524.240453527741,NA,psn_lst,NA,TRUE,FALSE,FALSE,NA,nonmem,psn_cov,2,2,2,0,TRUE,NA,NA,NA,2504.472,2460.99,0.983,NA,NA,NA
80,6,ode,nonmem_scm,focei,21,ok,TRUE,FALSE,FALSE,FALSE,-1521.7091544569566,NA,psn_lst,NA,TRUE,FALSE,FALSE,NA,nonmem,psn_cov,2,2,2,0,TRUE,NA,NA,NA,2302.679,4312.48,1.873,NA,NA,NA
80,6,ode,nonmem_scm,focei,22,not_converged,FALSE,FALSE,FALSE,FALSE,-1559.7867218092806,NA,psn_lst,NA,FALSE,FALSE,TRUE,NA,nonmem,psn_cov,2,2,2,0,TRUE,NA,NA,NA,2591.261,2553.95,0.986,NA,NA,NA
80,6,ode,nonmem_scm,focei,23,ok,TRUE,FALSE,FALSE,FALSE,-1605.1020967312463,NA,psn_lst,NA,TRUE,FALSE,FALSE,NA,nonmem,psn_cov,2,2,2,0,TRUE,NA,NA,NA,2836.086,2792.77,0.985,NA,NA,NA
80,6,ode,nonmem_scm,focei,24,not_converged,FALSE,FALSE,FALSE,FALSE,-1602.148868043877,NA,psn_lst,NA,FALSE,FALSE,TRUE,NA,nonmem,psn_cov,2,2,2,0,TRUE,NA,NA,NA,1213.122,2691.29,2.218,NA,NA,NA
80,6,ode,nonmem_scm,focei,25,ok,TRUE,FALSE,FALSE,FALSE,-1557.3671843808663,NA,psn_lst,NA,TRUE,FALSE,FALSE,NA,nonmem,psn_cov,2,2,2,0,TRUE,NA,NA,NA,2716.035,2677.02,0.986,NA,NA,NA
80,6,ode,nonmem_scm,focei,26,ok,TRUE,FALSE,FALSE,FALSE,-1553.522051103697,NA,psn_lst,NA,TRUE,FALSE,FALSE,NA,nonmem,psn_cov,2,2,2,0,TRUE,NA,NA,NA,1786.711,3167.75,1.773,NA,NA,NA
80,6,ode,nonmem_scm,focei,27,not_converged,FALSE,FALSE,FALSE,FALSE,-1544.7198955069375,NA,psn_lst,NA,FALSE,FALSE,TRUE,NA,nonmem,psn_cov,2,2,2,0,TRUE,NA,NA,NA,1567.166,2688.01,1.715,NA,NA,NA
80,6,ode,nonmem_scm,focei,28,not_converged,FALSE,FALSE,FALSE,FALSE,-1580.792939041403,NA,psn_lst,NA,FALSE,FALSE,TRUE,NA,nonmem,psn_cov,1,2,1,0,FALSE,NA,NA,NA,3503.245,3454.01,0.986,NA,NA,NA
80,6,ode,nonmem_scm,focei,29,not_converged,FALSE,FALSE,FALSE,FALSE,-1552.7724215553008,NA,psn_lst,NA,FALSE,FALSE,TRUE,NA,nonmem,psn_cov,2,2,2,0,TRUE,NA,NA,NA,1145.491,2529.1,2.208,NA,NA,NA
80,6,ode,nonmem_scm,focei,30,ok,TRUE,FALSE,FALSE,FALSE,-1602.70677430488,NA,psn_lst,NA,TRUE,FALSE,FALSE,NA,nonmem,psn_cov,2,2,2,0,TRUE,NA,NA,NA,2371.005,4197.62,1.77,NA,NA,NA
80,6,ode,nonmem_scm,focei,31,ok,TRUE,FALSE,FALSE,FALSE,-1606.4608089374017,NA,psn_lst,NA,TRUE,FALSE,FALSE,NA,nonmem,psn_cov,2,2,2,0,TRUE,NA,NA,NA,1631.68,2785.73,1.707,NA,NA,NA
80,6,ode,nonmem_scm,focei,32,not_converged,FALSE,FALSE,FALSE,FALSE,-1578.9040772008511,NA,psn_lst,NA,FALSE,FALSE,TRUE,NA,nonmem,psn_cov,2,2,2,0,TRUE,NA,NA,NA,1967.422,4657.58,2.367,NA,NA,NA
80,6,ode,nonmem_scm,focei,33,not_converged,FALSE,FALSE,FALSE,FALSE,-1548.9674701322626,NA,psn_lst,NA,FALSE,FALSE,TRUE,NA,nonmem,psn_cov,2,2,2,0,TRUE,NA,NA,NA,1432.3,2535.12,1.77,NA,NA,NA
80,6,ode,nonmem_scm,focei,34,ok,TRUE,FALSE,FALSE,FALSE,-1595.6093782729463,NA,psn_lst,NA,TRUE,FALSE,FALSE,NA,nonmem,psn_cov,2,2,2,0,TRUE,NA,NA,NA,2334.033,4088.48,1.752,NA,NA,NA
80,6,ode,nonmem_scm,focei,35,not_converged,FALSE,FALSE,FALSE,FALSE,-1570.377578915124,NA,psn_lst,NA,FALSE,FALSE,TRUE,NA,nonmem,psn_cov,2,2,2,0,TRUE,NA,NA,NA,1565.966,2850.14,1.82,NA,NA,NA
80,6,ode,nonmem_scm,focei,36,ok,TRUE,FALSE,FALSE,FALSE,-1523.961224311486,NA,psn_lst,NA,TRUE,FALSE,FALSE,NA,nonmem,psn_cov,2,2,2,0,TRUE,NA,NA,NA,3246.398,3203.84,0.987,NA,NA,NA
80,6,ode,nonmem_scm,focei,37,ok,TRUE,FALSE,FALSE,FALSE,-1495.976047020595,NA,psn_lst,NA,TRUE,FALSE,FALSE,NA,nonmem,psn_cov,2,2,2,0,TRUE,NA,NA,NA,2470.237,2430.63,0.984,NA,NA,NA
80,6,ode,nonmem_scm,focei,38,ok,TRUE,FALSE,FALSE,FALSE,-1531.4745435027958,NA,psn_lst,NA,TRUE,FALSE,FALSE,NA,nonmem,psn_cov,2,2,2,0,TRUE,NA,NA,NA,2641.371,2601.52,0.985,NA,NA,NA
80,6,ode,nonmem_scm,focei,39,ok,TRUE,FALSE,FALSE,FALSE,-1607.8629970758338,NA,psn_lst,NA,TRUE,FALSE,FALSE,NA,nonmem,psn_cov,2,2,2,0,TRUE,NA,NA,NA,2973.224,2930.48,0.986,NA,NA,NA
80,6,ode,nonmem_scm,focei,40,not_converged,FALSE,FALSE,FALSE,FALSE,-1495.6497459644645,NA,psn_lst,NA,FALSE,FALSE,TRUE,NA,nonmem,psn_cov,2,2,2,0,TRUE,NA,NA,NA,2641.781,2601.68,0.985,NA,NA,NA
80,6,ode,nonmem_scm,focei,41,ok,TRUE,FALSE,FALSE,FALSE,-1505.5969528388418,NA,psn_lst,NA,TRUE,FALSE,FALSE,NA,nonmem,psn_cov,2,2,2,0,TRUE,NA,NA,NA,2808.048,2766.99,0.985,NA,NA,NA
80,6,ode,nonmem_scm,focei,42,not_converged,FALSE,FALSE,FALSE,FALSE,-1581.8689975199736,NA,psn_lst,NA,FALSE,FALSE,TRUE,NA,nonmem,psn_cov,2,2,2,0,TRUE,NA,NA,NA,2815.415,2774.4,0.985,NA,NA,NA
80,6,ode,nonmem_scm,focei,43,ok,TRUE,FALSE,FALSE,FALSE,-1502.4240966546454,NA,psn_lst,NA,TRUE,FALSE,FALSE,NA,nonmem,psn_cov,2,2,2,0,TRUE,NA,NA,NA,1015.715,2376.72,2.34,NA,NA,NA
80,6,ode,nonmem_scm,focei,44,ok,TRUE,FALSE,FALSE,FALSE,-1626.731449963218,NA,psn_lst,NA,TRUE,FALSE,FALSE,NA,nonmem,psn_cov,2,2,2,0,TRUE,NA,NA,NA,2876.124,2837.54,0.987,NA,NA,NA
80,6,ode,nonmem_scm,focei,45,ok,TRUE,FALSE,FALSE,FALSE,-1585.7364827365134,NA,psn_lst,NA,TRUE,FALSE,FALSE,NA,nonmem,psn_cov,2,2,2,0,TRUE,NA,NA,NA,2858.386,2820.21,0.987,NA,NA,NA
80,6,ode,nonmem_scm,focei,46,not_converged,FALSE,FALSE,FALSE,FALSE,-1539.6028899442597,NA,psn_lst,NA,FALSE,FALSE,TRUE,NA,nonmem,psn_cov,2,2,2,0,TRUE,NA,NA,NA,2865.046,2819.51,0.984,NA,NA,NA
80,6,ode,nonmem_scm,focei,47,not_converged,FALSE,FALSE,FALSE,FALSE,-1553.999543909102,NA,psn_lst,NA,FALSE,FALSE,TRUE,NA,nonmem,psn_cov,2,2,2,0,TRUE,NA,NA,NA,1193.45,2778.46,2.328,NA,NA,NA
80,6,ode,nonmem_scm,focei,48,not_converged,FALSE,FALSE,FALSE,FALSE,-1590.7639812814773,NA,psn_lst,NA,FALSE,FALSE,TRUE,NA,nonmem,psn_cov,2,2,2,0,TRUE,NA,NA,NA,2789.938,2747.79,0.985,NA,NA,NA
80,6,ode,nonmem_scm,focei,49,not_converged,FALSE,FALSE,FALSE,FALSE,-1600.2559227219112,NA,psn_lst,NA,FALSE,FALSE,TRUE,NA,nonmem,psn_cov,2,2,2,0,TRUE,NA,NA,NA,2760.382,2718.33,0.985,NA,NA,NA
80,6,ode,nonmem_scm,focei,50,not_converged,FALSE,FALSE,FALSE,FALSE,-1567.8644303587532,NA,psn_lst,NA,FALSE,FALSE,TRUE,NA,nonmem,psn_cov,2,2,2,0,TRUE,NA,NA,NA,1516.126,2678.27,1.767,NA,NA,NA
80,6,ode,nonmem_scm,focei,51,not_converged,FALSE,FALSE,FALSE,FALSE,-1588.4675268395831,NA,psn_lst,NA,FALSE,FALSE,TRUE,NA,nonmem,psn_cov,3,2,2,1,FALSE,NA,NA,NA,1546.023,3586.76,2.32,NA,NA,NA
80,6,ode,nonmem_scm,focei,52,not_converged,FALSE,FALSE,FALSE,FALSE,-1574.0055123903282,NA,psn_lst,NA,FALSE,FALSE,TRUE,NA,nonmem,psn_cov,2,2,2,0,TRUE,NA,NA,NA,2189.525,5011.34,2.289,NA,NA,NA
80,6,ode,nonmem_scm,focei,53,not_converged,FALSE,FALSE,FALSE,FALSE,-1599.6171936859896,NA,psn_lst,NA,FALSE,FALSE,TRUE,NA,nonmem,psn_cov,2,2,2,0,TRUE,NA,NA,NA,2477.451,2437.14,0.984,NA,NA,NA
80,6,ode,nonmem_scm,focei,54,ok,TRUE,FALSE,FALSE,FALSE,-1661.1889152573776,NA,psn_lst,NA,TRUE,FALSE,FALSE,NA,nonmem,psn_cov,2,2,2,0,TRUE,NA,NA,NA,1240.756,2631.33,2.121,NA,NA,NA
80,6,ode,nonmem_scm,focei,55,not_converged,FALSE,FALSE,FALSE,FALSE,-1566.6334677823145,NA,psn_lst,NA,FALSE,FALSE,TRUE,NA,nonmem,psn_cov,2,2,2,0,TRUE,NA,NA,NA,2922.542,2879.05,0.985,NA,NA,NA
80,6,ode,nonmem_scm,focei,56,not_converged,FALSE,FALSE,FALSE,FALSE,-1476.8250532211991,NA,psn_lst,NA,FALSE,FALSE,TRUE,NA,nonmem,psn_cov,2,2,2,0,TRUE,NA,NA,NA,2034.082,4824.5,2.372,NA,NA,NA
80,6,ode,nonmem_scm,focei,57,not_converged,FALSE,FALSE,FALSE,FALSE,-1657.136366027696,NA,psn_lst,NA,FALSE,FALSE,TRUE,NA,nonmem,psn_cov,2,2,2,0,TRUE,NA,NA,NA,1230.45,2845.7,2.313,NA,NA,NA
80,6,ode,nonmem_scm,focei,58,not_converged,FALSE,FALSE,FALSE,FALSE,-1578.0073812472056,NA,psn_lst,NA,FALSE,FALSE,TRUE,NA,nonmem,psn_cov,2,2,2,0,TRUE,NA,NA,NA,2592.575,2552.48,0.985,NA,NA,NA
80,6,ode,nonmem_scm,focei,59,ok,TRUE,FALSE,FALSE,FALSE,-1505.9698217171012,NA,psn_lst,NA,TRUE,FALSE,FALSE,NA,nonmem,psn_cov,1,2,1,0,FALSE,NA,NA,NA,1771.598,1738.01,0.981,NA,NA,NA
80,6,ode,nonmem_scm,focei,60,ok,TRUE,FALSE,FALSE,FALSE,-1539.8946156471704,NA,psn_lst,NA,TRUE,FALSE,FALSE,NA,nonmem,psn_cov,2,2,2,0,TRUE,NA,NA,NA,1619.645,3972.92,2.453,NA,NA,NA
80,6,ode,nonmem_scm,focei,61,ok,TRUE,FALSE,FALSE,FALSE,-1562.792346640828,NA,psn_lst,NA,TRUE,FALSE,FALSE,NA,nonmem,psn_cov,2,2,2,0,TRUE,NA,NA,NA,1819.693,3233.41,1.777,NA,NA,NA
80,6,ode,nonmem_scm,focei,62,not_converged,FALSE,FALSE,FALSE,FALSE,-1607.7708536272849,NA,psn_lst,NA,FALSE,FALSE,TRUE,NA,nonmem,psn_cov,2,2,2,0,TRUE,NA,NA,NA,2847.413,2808.55,0.986,NA,NA,NA
80,6,ode,nonmem_scm,focei,63,not_converged,FALSE,FALSE,FALSE,FALSE,-1533.170178955953,NA,psn_lst,NA,FALSE,FALSE,TRUE,NA,nonmem,psn_cov,2,2,2,0,TRUE,NA,NA,NA,2844.451,2804.37,0.986,NA,NA,NA
80,6,ode,nonmem_scm,focei,64,not_converged,FALSE,FALSE,FALSE,FALSE,-1522.6297460825938,NA,psn_lst,NA,FALSE,FALSE,TRUE,NA,nonmem,psn_cov,3,2,2,1,FALSE,NA,NA,NA,2181.816,5093.77,2.335,NA,NA,NA
80,6,ode,nonmem_scm,focei,65,ok,TRUE,FALSE,FALSE,FALSE,-1556.9686837334075,NA,psn_lst,NA,TRUE,FALSE,FALSE,NA,nonmem,psn_cov,2,2,2,0,TRUE,NA,NA,NA,2733.366,2694.99,0.986,NA,NA,NA
80,6,ode,nonmem_scm,focei,66,not_converged,FALSE,FALSE,FALSE,FALSE,-1649.9014659350228,NA,psn_lst,NA,FALSE,FALSE,TRUE,NA,nonmem,psn_cov,2,2,2,0,TRUE,NA,NA,NA,2814.882,2767.95,0.983,NA,NA,NA
80,6,ode,nonmem_scm,focei,67,not_converged,FALSE,FALSE,FALSE,FALSE,-1558.1635231117864,NA,psn_lst,NA,FALSE,FALSE,TRUE,NA,nonmem,psn_cov,2,2,2,0,TRUE,NA,NA,NA,2592.145,2551.33,0.984,NA,NA,NA
80,6,ode,nonmem_scm,focei,68,not_converged,FALSE,FALSE,FALSE,FALSE,-1589.0448891437309,NA,psn_lst,NA,FALSE,FALSE,TRUE,NA,nonmem,psn_cov,2,2,2,0,TRUE,NA,NA,NA,2847.406,2807.21,0.986,NA,NA,NA
80,6,ode,nonmem_scm,focei,69,ok,TRUE,FALSE,FALSE,FALSE,-1558.5561314520253,NA,psn_lst,NA,TRUE,FALSE,FALSE,NA,nonmem,psn_cov,2,2,2,0,TRUE,NA,NA,NA,1652.62,2878.97,1.742,NA,NA,NA
80,6,ode,nonmem_scm,focei,70,not_converged,FALSE,FALSE,FALSE,FALSE,-1549.1000378471902,NA,psn_lst,NA,FALSE,FALSE,TRUE,NA,nonmem,psn_cov,2,2,2,0,TRUE,NA,NA,NA,3434.47,3390.9,0.987,NA,NA,NA
80,6,ode,nonmem_scm,focei,71,not_converged,FALSE,FALSE,FALSE,FALSE,-1565.1252501798897,NA,psn_lst,NA,FALSE,FALSE,TRUE,NA,nonmem,psn_cov,2,2,2,0,TRUE,NA,NA,NA,1954.885,4563.19,2.334,NA,NA,NA
80,6,ode,nonmem_scm,focei,72,ok,TRUE,FALSE,FALSE,FALSE,-1590.5149899905534,NA,psn_lst,NA,TRUE,FALSE,FALSE,NA,nonmem,psn_cov,2,2,2,0,TRUE,NA,NA,NA,2917.626,2877.76,0.986,NA,NA,NA
80,6,ode,nonmem_scm,focei,73,not_converged,FALSE,FALSE,FALSE,FALSE,-1601.0477746260292,NA,psn_lst,NA,FALSE,FALSE,TRUE,NA,nonmem,psn_cov,2,2,2,0,TRUE,NA,NA,NA,1081.724,2380.88,2.201,NA,NA,NA
80,6,ode,nonmem_scm,focei,74,not_converged,FALSE,FALSE,FALSE,FALSE,-1622.0734063004147,NA,psn_lst,NA,FALSE,FALSE,TRUE,NA,nonmem,psn_cov,2,2,2,0,TRUE,NA,NA,NA,1618.083,3811.63,2.356,NA,NA,NA
80,6,ode,nonmem_scm,focei,75,not_converged,FALSE,FALSE,FALSE,FALSE,-1539.4313391418746,NA,psn_lst,NA,FALSE,FALSE,TRUE,NA,nonmem,psn_cov,2,2,2,0,TRUE,NA,NA,NA,2593.029,2552.07,0.984,NA,NA,NA
80,6,ode,nonmem_scm,focei,76,ok,TRUE,FALSE,FALSE,FALSE,-1515.666749526114,NA,psn_lst,NA,TRUE,FALSE,FALSE,NA,nonmem,psn_cov,2,2,2,0,TRUE,NA,NA,NA,2555.834,2514.21,0.984,NA,NA,NA
80,6,ode,nonmem_scm,focei,77,not_converged,FALSE,FALSE,FALSE,FALSE,-1578.4180255405768,NA,psn_lst,NA,FALSE,FALSE,TRUE,NA,nonmem,psn_cov,2,2,2,0,TRUE,NA,NA,NA,2815.466,2772.07,0.985,NA,NA,NA
80,6,ode,nonmem_scm,focei,78,ok,TRUE,FALSE,FALSE,FALSE,-1539.046914256333,NA,psn_lst,NA,TRUE,FALSE,FALSE,NA,nonmem,psn_cov,2,2,2,0,TRUE,NA,NA,NA,1620.773,4098.23,2.529,NA,NA,NA
80,6,ode,nonmem_scm,focei,79,ok,TRUE,FALSE,FALSE,FALSE,-1608.44303389289,NA,psn_lst,NA,TRUE,FALSE,FALSE,NA,nonmem,psn_cov,2,2,2,0,TRUE,NA,NA,NA,1394.026,3532.57,2.534,NA,NA,NA
80,6,ode,nonmem_scm,focei,80,ok,TRUE,FALSE,FALSE,FALSE,-1591.5693709213772,NA,psn_lst,NA,TRUE,FALSE,FALSE,NA,nonmem,psn_cov,2,2,2,0,TRUE,NA,NA,NA,2627.744,2583.7,0.983,NA,NA,NA
80,6,ode,nonmem_scm,focei,81,ok,TRUE,FALSE,FALSE,FALSE,-1586.8974324786657,NA,psn_lst,NA,TRUE,FALSE,FALSE,NA,nonmem,psn_cov,2,2,2,0,TRUE,NA,NA,NA,1528.765,3553.62,2.325,NA,NA,NA
80,6,ode,nonmem_scm,focei,82,not_converged,FALSE,FALSE,FALSE,FALSE,-1518.1084950318818,NA,psn_lst,NA,FALSE,FALSE,TRUE,NA,nonmem,psn_cov,2,2,2,0,TRUE,NA,NA,NA,2902.589,2858.57,0.985,NA,NA,NA
80,6,ode,nonmem_scm,focei,83,ok,TRUE,FALSE,FALSE,FALSE,-1582.060828453713,NA,psn_lst,NA,TRUE,FALSE,FALSE,NA,nonmem,psn_cov,2,2,2,0,TRUE,NA,NA,NA,2563.242,2524.7,0.985,NA,NA,NA
80,6,ode,nonmem_scm,focei,84,not_converged,FALSE,FALSE,FALSE,FALSE,-1554.919435172363,NA,psn_lst,NA,FALSE,FALSE,TRUE,NA,nonmem,psn_cov,2,2,2,0,TRUE,NA,NA,NA,2755.766,2713.29,0.985,NA,NA,NA
80,6,ode,nonmem_scm,focei,85,ok,TRUE,FALSE,FALSE,FALSE,-1567.857842602908,NA,psn_lst,NA,TRUE,FALSE,FALSE,NA,nonmem,psn_cov,2,2,2,0,TRUE,NA,NA,NA,2527.797,2486.46,0.984,NA,NA,NA
80,6,ode,nonmem_scm,focei,86,not_converged,FALSE,FALSE,FALSE,FALSE,-1611.8957575135123,NA,psn_lst,NA,FALSE,FALSE,TRUE,NA,nonmem,psn_cov,2,2,2,0,TRUE,NA,NA,NA,3038.53,2996.25,0.986,NA,NA,NA
80,6,ode,nonmem_scm,focei,87,ok,TRUE,FALSE,FALSE,FALSE,-1544.9014383514711,NA,psn_lst,NA,TRUE,FALSE,FALSE,NA,nonmem,psn_cov,2,2,2,0,TRUE,NA,NA,NA,2533.622,5891.27,2.325,NA,NA,NA
80,6,ode,nonmem_scm,focei,88,not_converged,FALSE,FALSE,FALSE,FALSE,-1536.258659992532,NA,psn_lst,NA,FALSE,FALSE,TRUE,NA,nonmem,psn_cov,2,2,2,0,TRUE,NA,NA,NA,2652.345,2609.38,0.984,NA,NA,NA
80,6,ode,nonmem_scm,focei,89,ok,TRUE,FALSE,FALSE,FALSE,-1563.0982296256018,NA,psn_lst,NA,TRUE,FALSE,FALSE,NA,nonmem,psn_cov,2,2,2,0,TRUE,NA,NA,NA,3174.21,3130.32,0.986,NA,NA,NA
80,6,ode,nonmem_scm,focei,90,ok,TRUE,FALSE,FALSE,FALSE,-1567.4890952437595,NA,psn_lst,NA,TRUE,FALSE,FALSE,NA,nonmem,psn_cov,2,2,2,0,TRUE,NA,NA,NA,1747.377,4052.1,2.319,NA,NA,NA
80,6,ode,nonmem_scm,focei,91,ok,TRUE,FALSE,FALSE,FALSE,-1504.776705713555,NA,psn_lst,NA,TRUE,FALSE,FALSE,NA,nonmem,psn_cov,2,2,2,0,TRUE,NA,NA,NA,1530.716,3724.39,2.433,NA,NA,NA
80,6,ode,nonmem_scm,focei,92,ok,TRUE,FALSE,FALSE,FALSE,-1524.2821872013612,NA,psn_lst,NA,TRUE,FALSE,FALSE,NA,nonmem,psn_cov,2,2,2,0,TRUE,NA,NA,NA,2516.758,2472.44,0.982,NA,NA,NA
80,6,ode,nonmem_scm,focei,93,not_converged,FALSE,FALSE,FALSE,FALSE,-1551.6911995948053,NA,psn_lst,NA,FALSE,FALSE,TRUE,NA,nonmem,psn_cov,3,2,2,1,FALSE,NA,NA,NA,2105.996,4902.1,2.328,NA,NA,NA
80,6,ode,nonmem_scm,focei,94,not_converged,FALSE,FALSE,FALSE,FALSE,-1646.119552761863,NA,psn_lst,NA,FALSE,FALSE,TRUE,NA,nonmem,psn_cov,2,2,2,0,TRUE,NA,NA,NA,2741.203,2700.13,0.985,NA,NA,NA
80,6,ode,nonmem_scm,focei,95,not_converged,FALSE,FALSE,FALSE,FALSE,-1604.4096651625846,NA,psn_lst,NA,FALSE,FALSE,TRUE,NA,nonmem,psn_cov,3,2,2,1,FALSE,NA,NA,NA,3676.58,3624.94,0.986,NA,NA,NA
80,6,ode,nonmem_scm,focei,96,not_converged,FALSE,FALSE,FALSE,FALSE,-1505.3382794108688,NA,psn_lst,NA,FALSE,FALSE,TRUE,NA,nonmem,psn_cov,2,2,2,0,TRUE,NA,NA,NA,1515.594,3699.93,2.441,NA,NA,NA
80,6,ode,nonmem_scm,focei,97,ok,TRUE,FALSE,FALSE,FALSE,-1520.9196081765656,NA,psn_lst,NA,TRUE,FALSE,FALSE,NA,nonmem,psn_cov,2,2,2,0,TRUE,NA,NA,NA,1607.127,4031.71,2.509,NA,NA,NA
80,6,ode,nonmem_scm,focei,98,not_converged,FALSE,FALSE,FALSE,FALSE,-1538.3740101811886,NA,psn_lst,NA,FALSE,FALSE,TRUE,NA,nonmem,psn_cov,2,2,2,0,TRUE,NA,NA,NA,2770.456,2728.31,0.985,NA,NA,NA
80,6,ode,nonmem_scm,focei,99,ok,TRUE,FALSE,FALSE,FALSE,-1528.5280517259196,NA,psn_lst,NA,TRUE,FALSE,FALSE,NA,nonmem,psn_cov,2,2,2,0,TRUE,NA,NA,NA,2669.486,2630.53,0.985,NA,NA,NA
80,6,ode,nonmem_scm,focei,100,not_converged,FALSE,FALSE,FALSE,FALSE,-1604.401914528105,NA,psn_lst,NA,FALSE,FALSE,TRUE,NA,nonmem,psn_cov,2,2,2,0,TRUE,NA,NA,NA,2790.116,2749.26,0.985,NA,NA,NA
80,7,ode,nonmem_scm,focei,1,ok,TRUE,FALSE,FALSE,FALSE,-1551.4975524871245,NA,psn_lst,NA,TRUE,FALSE,FALSE,NA,nonmem,psn_cov,2,2,1,1,FALSE,NA,NA,NA,2673.526,2633.34,0.985,NA,NA,NA
80,7,ode,nonmem_scm,focei,2,ok,TRUE,FALSE,FALSE,FALSE,-1552.131378737036,NA,psn_lst,NA,TRUE,FALSE,FALSE,NA,nonmem,psn_cov,2,2,2,0,TRUE,NA,NA,NA,1726.147,4193.53,2.429,NA,NA,NA
80,7,ode,nonmem_scm,focei,3,ok,TRUE,FALSE,FALSE,FALSE,-1632.700261537742,NA,psn_lst,NA,TRUE,FALSE,FALSE,NA,nonmem,psn_cov,2,2,2,0,TRUE,NA,NA,NA,2589.767,5900.99,2.279,NA,NA,NA
80,7,ode,nonmem_scm,focei,4,ok,TRUE,FALSE,FALSE,FALSE,-1569.5327845287936,NA,psn_lst,NA,TRUE,FALSE,FALSE,NA,nonmem,psn_cov,2,2,2,0,TRUE,NA,NA,NA,2860.531,2816.68,0.985,NA,NA,NA
80,7,ode,nonmem_scm,focei,5,ok,TRUE,FALSE,FALSE,FALSE,-1667.5703100282665,NA,psn_lst,NA,TRUE,FALSE,FALSE,NA,nonmem,psn_cov,2,2,2,0,TRUE,NA,NA,NA,2788.23,2745.84,0.985,NA,NA,NA
80,7,ode,nonmem_scm,focei,6,not_converged,FALSE,FALSE,FALSE,FALSE,-1528.775002477324,NA,psn_lst,NA,FALSE,FALSE,TRUE,NA,nonmem,psn_cov,2,2,2,0,TRUE,NA,NA,NA,2973.614,2929.61,0.985,NA,NA,NA
80,7,ode,nonmem_scm,focei,7,not_converged,FALSE,FALSE,FALSE,FALSE,-1585.54758231681,NA,psn_lst,NA,FALSE,FALSE,TRUE,NA,nonmem,psn_cov,3,2,2,1,FALSE,NA,NA,NA,1625.26,3986.04,2.453,NA,NA,NA
80,7,ode,nonmem_scm,focei,8,ok,TRUE,FALSE,FALSE,FALSE,-1542.9064238321926,NA,psn_lst,NA,TRUE,FALSE,FALSE,NA,nonmem,psn_cov,2,2,2,0,TRUE,NA,NA,NA,2998.009,2955.64,0.986,NA,NA,NA
80,7,ode,nonmem_scm,focei,9,ok,TRUE,FALSE,FALSE,FALSE,-1577.1823076547882,NA,psn_lst,NA,TRUE,FALSE,FALSE,NA,nonmem,psn_cov,2,2,2,0,TRUE,NA,NA,NA,2526.578,2484.37,0.983,NA,NA,NA
80,7,ode,nonmem_scm,focei,10,ok,TRUE,FALSE,FALSE,FALSE,-1572.346130999445,NA,psn_lst,NA,TRUE,FALSE,FALSE,NA,nonmem,psn_cov,2,2,2,0,TRUE,NA,NA,NA,1816.1,4184.62,2.304,NA,NA,NA
80,7,ode,nonmem_scm,focei,11,ok,TRUE,FALSE,FALSE,FALSE,-1625.2320954089475,NA,psn_lst,NA,TRUE,FALSE,FALSE,NA,nonmem,psn_cov,2,2,2,0,TRUE,NA,NA,NA,3126.084,3081.94,0.986,NA,NA,NA
80,7,ode,nonmem_scm,focei,12,ok,TRUE,FALSE,FALSE,FALSE,-1495.5932856321144,NA,psn_lst,NA,TRUE,FALSE,FALSE,NA,nonmem,psn_cov,2,2,2,0,TRUE,NA,NA,NA,1506.477,3320.46,2.204,NA,NA,NA
80,7,ode,nonmem_scm,focei,13,not_converged,FALSE,FALSE,FALSE,FALSE,-1558.2322229776032,NA,psn_lst,NA,FALSE,FALSE,TRUE,NA,nonmem,psn_cov,3,2,2,1,FALSE,NA,NA,NA,1456.534,3551.94,2.439,NA,NA,NA
80,7,ode,nonmem_scm,focei,14,ok,TRUE,FALSE,FALSE,FALSE,-1543.1557774040036,NA,psn_lst,NA,TRUE,FALSE,FALSE,NA,nonmem,psn_cov,2,2,2,0,TRUE,NA,NA,NA,2546.083,2505.13,0.984,NA,NA,NA
80,7,ode,nonmem_scm,focei,15,ok,TRUE,FALSE,FALSE,FALSE,-1526.2790867563954,NA,psn_lst,NA,TRUE,FALSE,FALSE,NA,nonmem,psn_cov,2,2,1,1,FALSE,NA,NA,NA,1674.087,4065.44,2.428,NA,NA,NA
80,7,ode,nonmem_scm,focei,16,ok,TRUE,FALSE,FALSE,FALSE,-1547.147974238409,NA,psn_lst,NA,TRUE,FALSE,FALSE,NA,nonmem,psn_cov,2,2,2,0,TRUE,NA,NA,NA,1721.088,4255.76,2.473,NA,NA,NA
80,7,ode,nonmem_scm,focei,17,not_converged,FALSE,FALSE,FALSE,FALSE,-1506.2765947090743,NA,psn_lst,NA,FALSE,FALSE,TRUE,NA,nonmem,psn_cov,2,2,2,0,TRUE,NA,NA,NA,2820.18,2776.9,0.985,NA,NA,NA
80,7,ode,nonmem_scm,focei,18,ok,TRUE,FALSE,FALSE,FALSE,-1546.3620481656812,NA,psn_lst,NA,TRUE,FALSE,FALSE,NA,nonmem,psn_cov,2,2,2,0,TRUE,NA,NA,NA,2715.955,2674.76,0.985,NA,NA,NA
80,7,ode,nonmem_scm,focei,19,ok,TRUE,FALSE,FALSE,FALSE,-1618.1242780156226,NA,psn_lst,NA,TRUE,FALSE,FALSE,NA,nonmem,psn_cov,2,2,2,0,TRUE,NA,NA,NA,2925.596,2880.79,0.985,NA,NA,NA
80,7,ode,nonmem_scm,focei,20,ok,TRUE,FALSE,FALSE,FALSE,-1512.2585144193142,NA,psn_lst,NA,TRUE,FALSE,FALSE,NA,nonmem,psn_cov,2,2,2,0,TRUE,NA,NA,NA,2467.225,2425.66,0.983,NA,NA,NA
80,7,ode,nonmem_scm,focei,21,ok,TRUE,FALSE,FALSE,FALSE,-1494.9794577294451,NA,psn_lst,NA,TRUE,FALSE,FALSE,NA,nonmem,psn_cov,2,2,2,0,TRUE,NA,NA,NA,3010.384,2968.41,0.986,NA,NA,NA
80,7,ode,nonmem_scm,focei,22,not_converged,FALSE,FALSE,FALSE,FALSE,-1533.955121217428,NA,psn_lst,NA,FALSE,FALSE,TRUE,NA,nonmem,psn_cov,2,2,2,0,TRUE,NA,NA,NA,2214.266,5716.13,2.582,NA,NA,NA
80,7,ode,nonmem_scm,focei,23,ok,TRUE,FALSE,FALSE,FALSE,-1600.1175283013383,NA,psn_lst,NA,TRUE,FALSE,FALSE,NA,nonmem,psn_cov,3,2,2,1,FALSE,NA,NA,NA,2223.277,4073.07,1.832,NA,NA,NA
80,7,ode,nonmem_scm,focei,24,ok,TRUE,FALSE,FALSE,FALSE,-1610.0472868400925,NA,psn_lst,NA,TRUE,FALSE,FALSE,NA,nonmem,psn_cov,2,2,2,0,TRUE,NA,NA,NA,3033.609,2990.92,0.986,NA,NA,NA
80,7,ode,nonmem_scm,focei,25,ok,TRUE,FALSE,FALSE,FALSE,-1597.7443228516006,NA,psn_lst,NA,TRUE,FALSE,FALSE,NA,nonmem,psn_cov,2,2,1,1,FALSE,NA,NA,NA,2863.304,2823.07,0.986,NA,NA,NA
80,7,ode,nonmem_scm,focei,26,ok,TRUE,FALSE,FALSE,FALSE,-1609.102310400822,NA,psn_lst,NA,TRUE,FALSE,FALSE,NA,nonmem,psn_cov,2,2,2,0,TRUE,NA,NA,NA,2938.048,2898.73,0.987,NA,NA,NA
80,7,ode,nonmem_scm,focei,27,ok,TRUE,FALSE,FALSE,FALSE,-1560.2263857624262,NA,psn_lst,NA,TRUE,FALSE,FALSE,NA,nonmem,psn_cov,2,2,2,0,TRUE,NA,NA,NA,3007.708,2962.58,0.985,NA,NA,NA
80,7,ode,nonmem_scm,focei,28,ok,TRUE,FALSE,FALSE,FALSE,-1531.760406437227,NA,psn_lst,NA,TRUE,FALSE,FALSE,NA,nonmem,psn_cov,2,2,1,1,FALSE,NA,NA,NA,2033.38,4766,2.344,NA,NA,NA
80,7,ode,nonmem_scm,focei,29,ok,TRUE,FALSE,FALSE,FALSE,-1574.878242633029,NA,psn_lst,NA,TRUE,FALSE,FALSE,NA,nonmem,psn_cov,2,2,2,0,TRUE,NA,NA,NA,2814.688,2773.51,0.985,NA,NA,NA
80,7,ode,nonmem_scm,focei,30,not_converged,FALSE,FALSE,FALSE,FALSE,-1541.9413647956687,NA,psn_lst,NA,FALSE,FALSE,TRUE,NA,nonmem,psn_cov,2,2,2,0,TRUE,NA,NA,NA,2640.527,5662.16,2.144,NA,NA,NA
80,7,ode,nonmem_scm,focei,31,ok,TRUE,FALSE,FALSE,FALSE,-1627.5024775027723,NA,psn_lst,NA,TRUE,FALSE,FALSE,NA,nonmem,psn_cov,2,2,2,0,TRUE,NA,NA,NA,3567.282,3520.63,0.987,NA,NA,NA
80,7,ode,nonmem_scm,focei,32,ok,TRUE,FALSE,FALSE,FALSE,-1511.368612707456,NA,psn_lst,NA,TRUE,FALSE,FALSE,NA,nonmem,psn_cov,2,2,2,0,TRUE,NA,NA,NA,2893.95,2853.57,0.986,NA,NA,NA
80,7,ode,nonmem_scm,focei,33,ok,TRUE,FALSE,FALSE,FALSE,-1564.7661580366052,NA,psn_lst,NA,TRUE,FALSE,FALSE,NA,nonmem,psn_cov,2,2,1,1,FALSE,NA,NA,NA,2072.963,4972.08,2.399,NA,NA,NA
80,7,ode,nonmem_scm,focei,34,ok,TRUE,FALSE,FALSE,FALSE,-1540.1096323593922,NA,psn_lst,NA,TRUE,FALSE,FALSE,NA,nonmem,psn_cov,2,2,2,0,TRUE,NA,NA,NA,1616.04,3772.08,2.334,NA,NA,NA
80,7,ode,nonmem_scm,focei,35,not_converged,FALSE,FALSE,FALSE,FALSE,-1589.8359024350266,NA,psn_lst,NA,FALSE,FALSE,TRUE,NA,nonmem,psn_cov,2,2,2,0,TRUE,NA,NA,NA,3286.446,3241.11,0.986,NA,NA,NA
80,7,ode,nonmem_scm,focei,36,ok,TRUE,FALSE,FALSE,FALSE,-1573.7440531102352,NA,psn_lst,NA,TRUE,FALSE,FALSE,NA,nonmem,psn_cov,2,2,2,0,TRUE,NA,NA,NA,3247.519,3206.23,0.987,NA,NA,NA
80,7,ode,nonmem_scm,focei,37,ok,TRUE,FALSE,FALSE,FALSE,-1582.300410100932,NA,psn_lst,NA,TRUE,FALSE,FALSE,NA,nonmem,psn_cov,2,2,2,0,TRUE,NA,NA,NA,1725.036,4093.02,2.373,NA,NA,NA
80,7,ode,nonmem_scm,focei,38,not_converged,FALSE,FALSE,FALSE,FALSE,-1545.680006866046,NA,psn_lst,NA,FALSE,FALSE,TRUE,NA,nonmem,psn_cov,2,2,2,0,TRUE,NA,NA,NA,3243.096,3202.49,0.987,NA,NA,NA
80,7,ode,nonmem_scm,focei,39,not_converged,FALSE,FALSE,FALSE,FALSE,-1592.2120703171431,NA,psn_lst,NA,FALSE,FALSE,TRUE,NA,nonmem,psn_cov,2,2,2,0,TRUE,NA,NA,NA,2793.75,2754.7,0.986,NA,NA,NA
80,7,ode,nonmem_scm,focei,40,ok,TRUE,FALSE,FALSE,FALSE,-1518.219890783167,NA,psn_lst,NA,TRUE,FALSE,FALSE,NA,nonmem,psn_cov,2,2,2,0,TRUE,NA,NA,NA,1565.462,2774.96,1.773,NA,NA,NA
80,7,ode,nonmem_scm,focei,41,not_converged,FALSE,FALSE,FALSE,FALSE,-1552.5700408051457,NA,psn_lst,NA,FALSE,FALSE,TRUE,NA,nonmem,psn_cov,2,2,2,0,TRUE,NA,NA,NA,1671.606,3821.83,2.286,NA,NA,NA
80,7,ode,nonmem_scm,focei,42,ok,TRUE,FALSE,FALSE,FALSE,-1551.1261910694109,NA,psn_lst,NA,TRUE,FALSE,FALSE,NA,nonmem,psn_cov,2,2,2,0,TRUE,NA,NA,NA,2287.899,5161.48,2.256,NA,NA,NA
80,7,ode,nonmem_scm,focei,43,ok,TRUE,FALSE,FALSE,FALSE,-1484.7515818254046,NA,psn_lst,NA,TRUE,FALSE,FALSE,NA,nonmem,psn_cov,2,2,2,0,TRUE,NA,NA,NA,2949.39,2908.37,0.986,NA,NA,NA
80,7,ode,nonmem_scm,focei,44,ok,TRUE,FALSE,FALSE,FALSE,-1563.711604298302,NA,psn_lst,NA,TRUE,FALSE,FALSE,NA,nonmem,psn_cov,2,2,2,0,TRUE,NA,NA,NA,3477.365,3434.66,0.988,NA,NA,NA
80,7,ode,nonmem_scm,focei,45,ok,TRUE,FALSE,FALSE,FALSE,-1594.793630410305,NA,psn_lst,NA,TRUE,FALSE,FALSE,NA,nonmem,psn_cov,2,2,2,0,TRUE,NA,NA,NA,2841.345,2801.25,0.986,NA,NA,NA
80,7,ode,nonmem_scm,focei,46,not_converged,FALSE,FALSE,FALSE,FALSE,-1533.5214318378971,NA,psn_lst,NA,FALSE,FALSE,TRUE,NA,nonmem,psn_cov,2,2,2,0,TRUE,NA,NA,NA,2520.662,2479,0.983,NA,NA,NA
80,7,ode,nonmem_scm,focei,47,ok,TRUE,FALSE,FALSE,FALSE,-1558.0473998471443,NA,psn_lst,NA,TRUE,FALSE,FALSE,NA,nonmem,psn_cov,2,2,2,0,TRUE,NA,NA,NA,2848.726,2804.39,0.984,NA,NA,NA
80,7,ode,nonmem_scm,focei,48,not_converged,FALSE,FALSE,FALSE,FALSE,-1600.13997569623,NA,psn_lst,NA,FALSE,FALSE,TRUE,NA,nonmem,psn_cov,2,2,2,0,TRUE,NA,NA,NA,3099.126,3054.05,0.985,NA,NA,NA
80,7,ode,nonmem_scm,focei,49,ok,TRUE,FALSE,FALSE,FALSE,-1529.6448459078556,NA,psn_lst,NA,TRUE,FALSE,FALSE,NA,nonmem,psn_cov,2,2,2,0,TRUE,NA,NA,NA,2295.617,4003.18,1.744,NA,NA,NA
80,7,ode,nonmem_scm,focei,50,ok,TRUE,FALSE,FALSE,FALSE,-1578.0972682429624,NA,psn_lst,NA,TRUE,FALSE,FALSE,NA,nonmem,psn_cov,2,2,2,0,TRUE,NA,NA,NA,2912.662,2870.8,0.986,NA,NA,NA
80,7,ode,nonmem_scm,focei,51,not_converged,FALSE,FALSE,FALSE,FALSE,-1577.2193285799328,NA,psn_lst,NA,FALSE,FALSE,TRUE,NA,nonmem,psn_cov,2,2,2,0,TRUE,NA,NA,NA,3114.892,3070.71,0.986,NA,NA,NA
80,7,ode,nonmem_scm,focei,52,ok,TRUE,FALSE,FALSE,FALSE,-1545.826016740211,NA,psn_lst,NA,TRUE,FALSE,FALSE,NA,nonmem,psn_cov,2,2,2,0,TRUE,NA,NA,NA,2989.619,2949.29,0.987,NA,NA,NA
80,7,ode,nonmem_scm,focei,53,ok,TRUE,FALSE,FALSE,FALSE,-1552.6794696426084,NA,psn_lst,NA,TRUE,FALSE,FALSE,NA,nonmem,psn_cov,2,2,1,1,FALSE,NA,NA,NA,1922.99,4437.77,2.308,NA,NA,NA
80,7,ode,nonmem_scm,focei,54,not_converged,FALSE,FALSE,FALSE,FALSE,-1515.1861395708734,NA,psn_lst,NA,FALSE,FALSE,TRUE,NA,nonmem,psn_cov,2,2,2,0,TRUE,NA,NA,NA,2755.448,2710.73,0.984,NA,NA,NA
80,7,ode,nonmem_scm,focei,55,ok,TRUE,FALSE,FALSE,FALSE,-1518.590611888347,NA,psn_lst,NA,TRUE,FALSE,FALSE,NA,nonmem,psn_cov,2,2,2,0,TRUE,NA,NA,NA,1182.722,2897.78,2.45,NA,NA,NA
80,7,ode,nonmem_scm,focei,56,ok,TRUE,FALSE,FALSE,FALSE,-1532.9484381537045,NA,psn_lst,NA,TRUE,FALSE,FALSE,NA,nonmem,psn_cov,2,2,2,0,TRUE,NA,NA,NA,2790.16,2752.62,0.987,NA,NA,NA
80,7,ode,nonmem_scm,focei,57,not_converged,FALSE,FALSE,FALSE,FALSE,-1532.72772801495,NA,psn_lst,NA,FALSE,FALSE,TRUE,NA,nonmem,psn_cov,2,2,2,0,TRUE,NA,NA,NA,1899.002,4413.71,2.324,NA,NA,NA
80,7,ode,nonmem_scm,focei,58,ok,TRUE,FALSE,FALSE,FALSE,-1532.1643722316037,NA,psn_lst,NA,TRUE,FALSE,FALSE,NA,nonmem,psn_cov,2,2,2,0,TRUE,NA,NA,NA,2944.418,2897.2,0.984,NA,NA,NA
80,7,ode,nonmem_scm,focei,59,ok,TRUE,FALSE,FALSE,FALSE,-1563.20580833104,NA,psn_lst,NA,TRUE,FALSE,FALSE,NA,nonmem,psn_cov,2,2,2,0,TRUE,NA,NA,NA,3093.839,3045.78,0.984,NA,NA,NA
80,7,ode,nonmem_scm,focei,60,not_converged,FALSE,FALSE,FALSE,FALSE,-1579.4425164144327,NA,psn_lst,NA,FALSE,FALSE,TRUE,NA,nonmem,psn_cov,2,2,2,0,TRUE,NA,NA,NA,1857.894,4553.17,2.451,NA,NA,NA
80,7,ode,nonmem_scm,focei,61,ok,TRUE,FALSE,FALSE,FALSE,-1483.525105010183,NA,psn_lst,NA,TRUE,FALSE,FALSE,NA,nonmem,psn_cov,2,2,2,0,TRUE,NA,NA,NA,2729.331,2688.9,0.985,NA,NA,NA
80,7,ode,nonmem_scm,focei,62,ok,TRUE,FALSE,FALSE,FALSE,-1552.2344689619742,NA,psn_lst,NA,TRUE,FALSE,FALSE,NA,nonmem,psn_cov,2,2,2,0,TRUE,NA,NA,NA,2929.44,2887.31,0.986,NA,NA,NA
80,7,ode,nonmem_scm,focei,63,ok,TRUE,FALSE,FALSE,FALSE,-1552.6753951648334,NA,psn_lst,NA,TRUE,FALSE,FALSE,NA,nonmem,psn_cov,2,2,2,0,TRUE,NA,NA,NA,1512.395,3485.18,2.304,NA,NA,NA
80,7,ode,nonmem_scm,focei,64,ok,TRUE,FALSE,FALSE,FALSE,-1519.4636302482547,NA,psn_lst,NA,TRUE,FALSE,FALSE,NA,nonmem,psn_cov,2,2,2,0,TRUE,NA,NA,NA,2817.215,2778.27,0.986,NA,NA,NA
80,7,ode,nonmem_scm,focei,65,ok,TRUE,FALSE,FALSE,FALSE,-1529.070263178038,NA,psn_lst,NA,TRUE,FALSE,FALSE,NA,nonmem,psn_cov,2,2,2,0,TRUE,NA,NA,NA,3123.681,3083.73,0.987,NA,NA,NA
80,7,ode,nonmem_scm,focei,66,not_converged,FALSE,FALSE,FALSE,FALSE,-1580.810051800419,NA,psn_lst,NA,FALSE,FALSE,TRUE,NA,nonmem,psn_cov,2,2,2,0,TRUE,NA,NA,NA,1843.529,4398.64,2.386,NA,NA,NA
80,7,ode,nonmem_scm,focei,67,ok,TRUE,FALSE,FALSE,FALSE,-1574.0498960268244,NA,psn_lst,NA,TRUE,FALSE,FALSE,NA,nonmem,psn_cov,2,2,1,1,FALSE,NA,NA,NA,2893.497,2847.52,0.984,NA,NA,NA
80,7,ode,nonmem_scm,focei,68,ok,TRUE,FALSE,FALSE,FALSE,-1573.4192254419977,NA,psn_lst,NA,TRUE,FALSE,FALSE,NA,nonmem,psn_cov,3,2,2,1,FALSE,NA,NA,NA,1818.029,4529.72,2.492,NA,NA,NA
80,7,ode,nonmem_scm,focei,69,not_converged,FALSE,FALSE,FALSE,FALSE,-1552.246626450638,NA,psn_lst,NA,FALSE,FALSE,TRUE,NA,nonmem,psn_cov,2,2,2,0,TRUE,NA,NA,NA,1280.017,3084.22,2.41,NA,NA,NA
80,7,ode,nonmem_scm,focei,70,ok,TRUE,FALSE,FALSE,FALSE,-1522.3391022625171,NA,psn_lst,NA,TRUE,FALSE,FALSE,NA,nonmem,psn_cov,2,2,2,0,TRUE,NA,NA,NA,1743.354,3116.44,1.788,NA,NA,NA
80,7,ode,nonmem_scm,focei,71,ok,TRUE,FALSE,FALSE,FALSE,-1565.0385754003237,NA,psn_lst,NA,TRUE,FALSE,FALSE,NA,nonmem,psn_cov,2,2,2,0,TRUE,NA,NA,NA,2880.038,2837.61,0.985,NA,NA,NA
80,7,ode,nonmem_scm,focei,72,ok,TRUE,FALSE,FALSE,FALSE,-1572.2584256568375,NA,psn_lst,NA,TRUE,FALSE,FALSE,NA,nonmem,psn_cov,2,2,2,0,TRUE,NA,NA,NA,1808.181,4445.99,2.459,NA,NA,NA
80,7,ode,nonmem_scm,focei,73,ok,TRUE,FALSE,FALSE,FALSE,-1573.6061068999998,NA,psn_lst,NA,TRUE,FALSE,FALSE,NA,nonmem,psn_cov,2,2,2,0,TRUE,NA,NA,NA,3007.519,2965.33,0.986,NA,NA,NA
80,7,ode,nonmem_scm,focei,74,ok,TRUE,FALSE,FALSE,FALSE,-1541.4520997103973,NA,psn_lst,NA,TRUE,FALSE,FALSE,NA,nonmem,psn_cov,2,2,2,0,TRUE,NA,NA,NA,2882.633,2839.21,0.985,NA,NA,NA
80,7,ode,nonmem_scm,focei,75,not_converged,FALSE,FALSE,FALSE,FALSE,-1608.3213147928548,NA,psn_lst,NA,FALSE,FALSE,TRUE,NA,nonmem,psn_cov,2,2,2,0,TRUE,NA,NA,NA,2718.798,2677.7,0.985,NA,NA,NA
80,7,ode,nonmem_scm,focei,76,not_converged,FALSE,FALSE,FALSE,FALSE,-1514.379126373807,NA,psn_lst,NA,FALSE,FALSE,TRUE,NA,nonmem,psn_cov,2,2,2,0,TRUE,NA,NA,NA,2099.639,5080.4,2.42,NA,NA,NA
80,7,ode,nonmem_scm,focei,77,ok,TRUE,FALSE,FALSE,FALSE,-1587.0888422211335,NA,psn_lst,NA,TRUE,FALSE,FALSE,NA,nonmem,psn_cov,2,2,2,0,TRUE,NA,NA,NA,3012.211,2971.45,0.986,NA,NA,NA
80,7,ode,nonmem_scm,focei,78,ok,TRUE,FALSE,FALSE,FALSE,-1496.261825748854,NA,psn_lst,NA,TRUE,FALSE,FALSE,NA,nonmem,psn_cov,2,2,2,0,TRUE,NA,NA,NA,2215.01,3872.75,1.748,NA,NA,NA
80,7,ode,nonmem_scm,focei,79,ok,TRUE,FALSE,FALSE,FALSE,-1515.4194700287906,NA,psn_lst,NA,TRUE,FALSE,FALSE,NA,nonmem,psn_cov,2,2,2,0,TRUE,NA,NA,NA,3068.531,3027.1,0.986,NA,NA,NA
80,7,ode,nonmem_scm,focei,80,ok,TRUE,FALSE,FALSE,FALSE,-1603.2472879833135,NA,psn_lst,NA,TRUE,FALSE,FALSE,NA,nonmem,psn_cov,2,2,2,0,TRUE,NA,NA,NA,1834.976,4444.03,2.422,NA,NA,NA
80,7,ode,nonmem_scm,focei,81,not_converged,FALSE,FALSE,FALSE,FALSE,-1575.4261557773864,NA,psn_lst,NA,FALSE,FALSE,TRUE,NA,nonmem,psn_cov,2,2,2,0,TRUE,NA,NA,NA,1285.208,2996.21,2.331,NA,NA,NA
80,7,ode,nonmem_scm,focei,82,not_converged,FALSE,FALSE,FALSE,FALSE,-1601.9161930355713,NA,psn_lst,NA,FALSE,FALSE,TRUE,NA,nonmem,psn_cov,2,2,2,0,TRUE,NA,NA,NA,2968.998,2926.51,0.986,NA,NA,NA
80,7,ode,nonmem_scm,focei,83,not_converged,FALSE,FALSE,FALSE,FALSE,-1516.3352495897475,NA,psn_lst,NA,FALSE,FALSE,TRUE,NA,nonmem,psn_cov,2,2,2,0,TRUE,NA,NA,NA,1075.849,2640.37,2.454,NA,NA,NA
80,7,ode,nonmem_scm,focei,84,ok,TRUE,FALSE,FALSE,FALSE,-1538.862388473744,NA,psn_lst,NA,TRUE,FALSE,FALSE,NA,nonmem,psn_cov,2,2,2,0,TRUE,NA,NA,NA,2939.466,2896.27,0.985,NA,NA,NA
80,7,ode,nonmem_scm,focei,85,ok,TRUE,FALSE,FALSE,FALSE,-1596.9687562223316,NA,psn_lst,NA,TRUE,FALSE,FALSE,NA,nonmem,psn_cov,2,2,2,0,TRUE,NA,NA,NA,2717.143,2676.82,0.985,NA,NA,NA
80,7,ode,nonmem_scm,focei,86,not_converged,FALSE,FALSE,FALSE,FALSE,-1580.2678054488822,NA,psn_lst,NA,FALSE,FALSE,TRUE,NA,nonmem,psn_cov,2,2,2,0,TRUE,NA,NA,NA,1398.646,3376.64,2.414,NA,NA,NA
80,7,ode,nonmem_scm,focei,87,ok,TRUE,FALSE,FALSE,FALSE,-1533.5855776415638,NA,psn_lst,NA,TRUE,FALSE,FALSE,NA,nonmem,psn_cov,2,2,2,0,TRUE,NA,NA,NA,1456.816,2633.29,1.808,NA,NA,NA
80,7,ode,nonmem_scm,focei,88,not_converged,FALSE,FALSE,FALSE,FALSE,-1549.2125445807358,NA,psn_lst,NA,FALSE,FALSE,TRUE,NA,nonmem,psn_cov,2,2,2,0,TRUE,NA,NA,NA,2269.103,4169.24,1.837,NA,NA,NA
80,7,ode,nonmem_scm,focei,89,ok,TRUE,FALSE,FALSE,FALSE,-1561.8110532501212,NA,psn_lst,NA,TRUE,FALSE,FALSE,NA,nonmem,psn_cov,2,2,2,0,TRUE,NA,NA,NA,1263.12,2961.7,2.345,NA,NA,NA
80,7,ode,nonmem_scm,focei,90,not_converged,FALSE,FALSE,FALSE,FALSE,-1525.377405357763,NA,psn_lst,NA,FALSE,FALSE,TRUE,NA,nonmem,psn_cov,3,2,2,1,FALSE,NA,NA,NA,3520.869,3474.09,0.987,NA,NA,NA
80,7,ode,nonmem_scm,focei,91,ok,TRUE,FALSE,FALSE,FALSE,-1558.3818753553633,NA,psn_lst,NA,TRUE,FALSE,FALSE,NA,nonmem,psn_cov,2,2,2,0,TRUE,NA,NA,NA,1735.094,4203.36,2.423,NA,NA,NA
80,7,ode,nonmem_scm,focei,92,not_converged,FALSE,FALSE,FALSE,FALSE,-1566.1367944474664,NA,psn_lst,NA,FALSE,FALSE,TRUE,NA,nonmem,psn_cov,2,2,2,0,TRUE,NA,NA,NA,1363.498,2955.51,2.168,NA,NA,NA
80,7,ode,nonmem_scm,focei,93,not_converged,FALSE,FALSE,FALSE,FALSE,-1494.8691893020027,NA,psn_lst,NA,FALSE,FALSE,TRUE,NA,nonmem,psn_cov,2,2,0,2,FALSE,NA,NA,NA,3135.727,3094.25,0.987,NA,NA,NA
80,7,ode,nonmem_scm,focei,94,not_converged,FALSE,FALSE,FALSE,FALSE,-1601.3010355274707,NA,psn_lst,NA,FALSE,FALSE,TRUE,NA,nonmem,psn_cov,2,2,2,0,TRUE,NA,NA,NA,5292.932,5227.47,0.988,NA,NA,NA
80,7,ode,nonmem_scm,focei,95,ok,TRUE,FALSE,FALSE,FALSE,-1538.1243462551824,NA,psn_lst,NA,TRUE,FALSE,FALSE,NA,nonmem,psn_cov,2,2,2,0,TRUE,NA,NA,NA,2809.384,2769.37,0.986,NA,NA,NA
80,7,ode,nonmem_scm,focei,96,ok,TRUE,FALSE,FALSE,FALSE,-1557.458638045002,NA,psn_lst,NA,TRUE,FALSE,FALSE,NA,nonmem,psn_cov,2,2,2,0,TRUE,NA,NA,NA,2040.027,4495.52,2.204,NA,NA,NA
80,7,ode,nonmem_scm,focei,97,ok,TRUE,FALSE,FALSE,FALSE,-1589.3887113998696,NA,psn_lst,NA,TRUE,FALSE,FALSE,NA,nonmem,psn_cov,2,2,2,0,TRUE,NA,NA,NA,2620.941,2578.34,0.984,NA,NA,NA
80,7,ode,nonmem_scm,focei,98,not_converged,FALSE,FALSE,FALSE,FALSE,-1578.828858409991,NA,psn_lst,NA,FALSE,FALSE,TRUE,NA,nonmem,psn_cov,2,2,2,0,TRUE,NA,NA,NA,2681.723,2641.86,0.985,NA,NA,NA
80,7,ode,nonmem_scm,focei,99,not_converged,FALSE,FALSE,FALSE,FALSE,-1549.298815824425,NA,psn_lst,NA,FALSE,FALSE,TRUE,NA,nonmem,psn_cov,2,2,2,0,TRUE,NA,NA,NA,1759.885,4305.25,2.446,NA,NA,NA
80,7,ode,nonmem_scm,focei,100,not_converged,FALSE,FALSE,FALSE,FALSE,-1549.6156172412195,NA,psn_lst,NA,FALSE,FALSE,TRUE,NA,nonmem,psn_cov,2,2,2,0,TRUE,NA,NA,NA,3106.8,3064.84,0.986,NA,NA,NA
80,8,ode,nonmem_scm,focei,1,not_converged,FALSE,FALSE,FALSE,FALSE,-1495.99310061772,NA,psn_lst,NA,FALSE,FALSE,TRUE,NA,nonmem,psn_cov,3,3,3,0,TRUE,NA,NA,NA,1719.03,4184.04,2.434,NA,NA,NA
80,8,ode,nonmem_scm,focei,2,not_converged,FALSE,FALSE,FALSE,FALSE,-1495.1846370600158,NA,psn_lst,NA,FALSE,FALSE,TRUE,NA,nonmem,psn_cov,3,3,3,0,TRUE,NA,NA,NA,1606.823,3732.12,2.323,NA,NA,NA
80,8,ode,nonmem_scm,focei,3,not_converged,FALSE,FALSE,FALSE,FALSE,-1531.4839812134528,NA,psn_lst,NA,FALSE,FALSE,TRUE,NA,nonmem,psn_cov,3,3,2,1,FALSE,NA,NA,NA,1539.737,3633.6,2.36,NA,NA,NA
80,8,ode,nonmem_scm,focei,4,ok,TRUE,FALSE,FALSE,FALSE,-1551.9332599983998,NA,psn_lst,NA,TRUE,FALSE,FALSE,NA,nonmem,psn_cov,3,3,3,0,TRUE,NA,NA,NA,2007.114,4648.23,2.316,NA,NA,NA
80,8,ode,nonmem_scm,focei,5,ok,TRUE,FALSE,FALSE,FALSE,-1602.7410893345543,NA,psn_lst,NA,TRUE,FALSE,FALSE,NA,nonmem,psn_cov,3,3,3,0,TRUE,NA,NA,NA,2276.372,5527.36,2.428,NA,NA,NA
80,8,ode,nonmem_scm,focei,6,ok,TRUE,FALSE,FALSE,FALSE,-1564.765064004926,NA,psn_lst,NA,TRUE,FALSE,FALSE,NA,nonmem,psn_cov,3,3,3,0,TRUE,NA,NA,NA,1624.479,3916.46,2.411,NA,NA,NA
80,8,ode,nonmem_scm,focei,7,not_converged,FALSE,FALSE,FALSE,FALSE,-1622.4880606332213,NA,psn_lst,NA,FALSE,FALSE,TRUE,NA,nonmem,psn_cov,3,3,3,0,TRUE,NA,NA,NA,1536.482,3699.7,2.408,NA,NA,NA
80,8,ode,nonmem_scm,focei,8,not_converged,FALSE,FALSE,FALSE,FALSE,-1539.6568854499449,NA,psn_lst,NA,FALSE,FALSE,TRUE,NA,nonmem,psn_cov,3,3,3,0,TRUE,NA,NA,NA,2720.308,6426.65,2.362,NA,NA,NA
80,8,ode,nonmem_scm,focei,9,not_converged,FALSE,FALSE,FALSE,FALSE,-1584.944682203196,NA,psn_lst,NA,FALSE,FALSE,TRUE,NA,nonmem,psn_cov,3,3,3,0,TRUE,NA,NA,NA,1694.35,3734.42,2.204,NA,NA,NA
80,8,ode,nonmem_scm,focei,10,not_converged,FALSE,FALSE,FALSE,FALSE,-1517.200230759692,NA,psn_lst,NA,FALSE,FALSE,TRUE,NA,nonmem,psn_cov,4,3,3,1,FALSE,NA,NA,NA,2879.409,6705.76,2.329,NA,NA,NA
80,8,ode,nonmem_scm,focei,11,not_converged,FALSE,FALSE,FALSE,FALSE,-1514.697996000636,NA,psn_lst,NA,FALSE,FALSE,TRUE,NA,nonmem,psn_cov,3,3,3,0,TRUE,NA,NA,NA,1562.84,3670.19,2.348,NA,NA,NA
80,8,ode,nonmem_scm,focei,12,not_converged,FALSE,FALSE,FALSE,FALSE,-1478.408766179227,NA,psn_lst,NA,FALSE,FALSE,TRUE,NA,nonmem,psn_cov,2,3,2,0,FALSE,NA,NA,NA,1579.107,3800.78,2.407,NA,NA,NA
80,8,ode,nonmem_scm,focei,13,not_converged,FALSE,FALSE,FALSE,FALSE,-1584.4005979769963,NA,psn_lst,NA,FALSE,FALSE,TRUE,NA,nonmem,psn_cov,3,3,3,0,TRUE,NA,NA,NA,1631.703,3648.93,2.236,NA,NA,NA
80,8,ode,nonmem_scm,focei,14,ok,TRUE,FALSE,FALSE,FALSE,-1529.4343713565263,NA,psn_lst,NA,TRUE,FALSE,FALSE,NA,nonmem,psn_cov,3,3,3,0,TRUE,NA,NA,NA,1780.027,4187.34,2.352,NA,NA,NA
80,8,ode,nonmem_scm,focei,15,not_converged,FALSE,FALSE,FALSE,FALSE,-1608.3666821672768,NA,psn_lst,NA,FALSE,FALSE,TRUE,NA,nonmem,psn_cov,3,3,2,1,FALSE,NA,NA,NA,1433.66,3464.77,2.417,NA,NA,NA
80,8,ode,nonmem_scm,focei,16,not_converged,FALSE,FALSE,FALSE,FALSE,-1575.861438650339,NA,psn_lst,NA,FALSE,FALSE,TRUE,NA,nonmem,psn_cov,4,3,3,1,FALSE,NA,NA,NA,2354.508,5209.57,2.213,NA,NA,NA
80,8,ode,nonmem_scm,focei,17,not_converged,FALSE,FALSE,FALSE,FALSE,-1514.5801726278282,NA,psn_lst,NA,FALSE,FALSE,TRUE,NA,nonmem,psn_cov,4,3,3,1,FALSE,NA,NA,NA,2665.434,4721.38,1.771,NA,NA,NA
80,8,ode,nonmem_scm,focei,18,not_converged,FALSE,FALSE,FALSE,FALSE,-1524.658071538565,NA,psn_lst,NA,FALSE,FALSE,TRUE,NA,nonmem,psn_cov,3,3,3,0,TRUE,NA,NA,NA,1595.998,4046.39,2.535,NA,NA,NA
80,8,ode,nonmem_scm,focei,19,ok,TRUE,FALSE,FALSE,FALSE,-1591.4409734907142,NA,psn_lst,NA,TRUE,FALSE,FALSE,NA,nonmem,psn_cov,3,3,3,0,TRUE,NA,NA,NA,1548.331,3734.63,2.412,NA,NA,NA
80,8,ode,nonmem_scm,focei,20,ok,TRUE,FALSE,FALSE,FALSE,-1548.9822724805613,NA,psn_lst,NA,TRUE,FALSE,FALSE,NA,nonmem,psn_cov,4,3,2,2,FALSE,NA,NA,NA,3459.861,6228.12,1.8,NA,NA,NA
80,8,ode,nonmem_scm,focei,21,not_converged,FALSE,FALSE,FALSE,FALSE,-1531.5856485697454,NA,psn_lst,NA,FALSE,FALSE,TRUE,NA,nonmem,psn_cov,4,3,2,2,FALSE,NA,NA,NA,2806.407,5103.52,1.819,NA,NA,NA
80,8,ode,nonmem_scm,focei,22,ok,TRUE,FALSE,FALSE,FALSE,-1532.7103737381992,NA,psn_lst,NA,TRUE,FALSE,FALSE,NA,nonmem,psn_cov,3,3,3,0,TRUE,NA,NA,NA,1734.73,3897.3,2.247,NA,NA,NA
80,8,ode,nonmem_scm,focei,23,ok,TRUE,FALSE,FALSE,FALSE,-1561.885704806352,NA,psn_lst,NA,TRUE,FALSE,FALSE,NA,nonmem,psn_cov,3,3,2,1,FALSE,NA,NA,NA,1578.437,3932.9,2.492,NA,NA,NA
80,8,ode,nonmem_scm,focei,24,ok,TRUE,FALSE,FALSE,FALSE,-1623.1042195350983,NA,psn_lst,NA,TRUE,FALSE,FALSE,NA,nonmem,psn_cov,3,3,3,0,TRUE,NA,NA,NA,1589.378,3858,2.427,NA,NA,NA
80,8,ode,nonmem_scm,focei,25,ok,TRUE,FALSE,FALSE,FALSE,-1606.6524526973285,NA,psn_lst,NA,TRUE,FALSE,FALSE,NA,nonmem,psn_cov,3,3,3,0,TRUE,NA,NA,NA,1692.821,4077.49,2.409,NA,NA,NA
80,8,ode,nonmem_scm,focei,26,not_converged,FALSE,FALSE,FALSE,FALSE,-1584.133658607661,NA,psn_lst,NA,FALSE,FALSE,TRUE,NA,nonmem,psn_cov,4,3,3,1,FALSE,NA,NA,NA,2116.982,4860.89,2.296,NA,NA,NA
80,8,ode,nonmem_scm,focei,27,ok,TRUE,FALSE,FALSE,FALSE,-1558.3605338238976,NA,psn_lst,NA,TRUE,FALSE,FALSE,NA,nonmem,psn_cov,3,3,3,0,TRUE,NA,NA,NA,1635.772,3899.07,2.384,NA,NA,NA
80,8,ode,nonmem_scm,focei,28,not_converged,FALSE,FALSE,FALSE,FALSE,-1549.1444140017588,NA,psn_lst,NA,FALSE,FALSE,TRUE,NA,nonmem,psn_cov,3,3,3,0,TRUE,NA,NA,NA,1514.723,3745.73,2.473,NA,NA,NA
80,8,ode,nonmem_scm,focei,29,ok,TRUE,FALSE,FALSE,FALSE,-1542.6711554205226,NA,psn_lst,NA,TRUE,FALSE,FALSE,NA,nonmem,psn_cov,3,3,3,0,TRUE,NA,NA,NA,1689.23,4037.32,2.39,NA,NA,NA
80,8,ode,nonmem_scm,focei,30,not_converged,FALSE,FALSE,FALSE,FALSE,-1539.5251366968196,NA,psn_lst,NA,FALSE,FALSE,TRUE,NA,nonmem,psn_cov,3,3,3,0,TRUE,NA,NA,NA,1744.172,4277.68,2.453,NA,NA,NA
80,8,ode,nonmem_scm,focei,31,ok,TRUE,FALSE,FALSE,FALSE,-1584.082227876635,NA,psn_lst,NA,TRUE,FALSE,FALSE,NA,nonmem,psn_cov,3,3,3,0,TRUE,NA,NA,NA,1572.031,3755.02,2.389,NA,NA,NA
80,8,ode,nonmem_scm,focei,32,ok,TRUE,FALSE,FALSE,FALSE,-1503.8351994869265,NA,psn_lst,NA,TRUE,FALSE,FALSE,NA,nonmem,psn_cov,3,3,3,0,TRUE,NA,NA,NA,1683.304,4152.71,2.467,NA,NA,NA
80,8,ode,nonmem_scm,focei,33,not_converged,FALSE,FALSE,FALSE,FALSE,-1620.6730554439,NA,psn_lst,NA,FALSE,FALSE,TRUE,NA,nonmem,psn_cov,3,3,3,0,TRUE,NA,NA,NA,2032.232,3651.34,1.797,NA,NA,NA
80,8,ode,nonmem_scm,focei,34,not_converged,FALSE,FALSE,FALSE,FALSE,-1591.0545230573232,NA,psn_lst,NA,FALSE,FALSE,TRUE,NA,nonmem,psn_cov,3,3,3,0,TRUE,NA,NA,NA,1976.944,4235.31,2.142,NA,NA,NA
80,8,ode,nonmem_scm,focei,35,not_converged,FALSE,FALSE,FALSE,FALSE,-1576.3980312158742,NA,psn_lst,NA,FALSE,FALSE,TRUE,NA,nonmem,psn_cov,3,3,3,0,TRUE,NA,NA,NA,2145.739,5033.88,2.346,NA,NA,NA
80,8,ode,nonmem_scm,focei,36,not_converged,FALSE,FALSE,FALSE,FALSE,-1515.0257639827605,NA,psn_lst,NA,FALSE,FALSE,TRUE,NA,nonmem,psn_cov,3,3,3,0,TRUE,NA,NA,NA,1498.308,3668,2.448,NA,NA,NA
80,8,ode,nonmem_scm,focei,37,ok,TRUE,FALSE,FALSE,FALSE,-1568.9549671303075,NA,psn_lst,NA,TRUE,FALSE,FALSE,NA,nonmem,psn_cov,3,3,3,0,TRUE,NA,NA,NA,1743.894,3802.91,2.181,NA,NA,NA
80,8,ode,nonmem_scm,focei,38,ok,TRUE,FALSE,FALSE,FALSE,-1581.0151697114586,NA,psn_lst,NA,TRUE,FALSE,FALSE,NA,nonmem,psn_cov,3,3,3,0,TRUE,NA,NA,NA,1686.338,3869.32,2.295,NA,NA,NA
80,8,ode,nonmem_scm,focei,39,ok,TRUE,FALSE,FALSE,FALSE,-1583.6297114648978,NA,psn_lst,NA,TRUE,FALSE,FALSE,NA,nonmem,psn_cov,3,3,3,0,TRUE,NA,NA,NA,1687.707,4004.72,2.373,NA,NA,NA
80,8,ode,nonmem_scm,focei,40,not_converged,FALSE,FALSE,FALSE,FALSE,-1609.7890132915495,NA,psn_lst,NA,FALSE,FALSE,TRUE,NA,nonmem,psn_cov,3,3,3,0,TRUE,NA,NA,NA,1773.77,4091.33,2.307,NA,NA,NA
80,8,ode,nonmem_scm,focei,41,ok,TRUE,FALSE,FALSE,FALSE,-1565.2729064263217,NA,psn_lst,NA,TRUE,FALSE,FALSE,NA,nonmem,psn_cov,3,3,3,0,TRUE,NA,NA,NA,1638.009,3712.01,2.266,NA,NA,NA
80,8,ode,nonmem_scm,focei,42,ok,TRUE,FALSE,FALSE,FALSE,-1576.2542431707575,NA,psn_lst,NA,TRUE,FALSE,FALSE,NA,nonmem,psn_cov,3,3,3,0,TRUE,NA,NA,NA,5775.117,5705.88,0.988,NA,NA,NA
80,8,ode,nonmem_scm,focei,43,not_converged,FALSE,FALSE,FALSE,FALSE,-1530.7292715951794,NA,psn_lst,NA,FALSE,FALSE,TRUE,NA,nonmem,psn_cov,3,3,3,0,TRUE,NA,NA,NA,2100.492,3768.43,1.794,NA,NA,NA
80,8,ode,nonmem_scm,focei,44,ok,TRUE,FALSE,FALSE,FALSE,-1581.1607786901327,NA,psn_lst,NA,TRUE,FALSE,FALSE,NA,nonmem,psn_cov,3,3,3,0,TRUE,NA,NA,NA,1629.055,3885.41,2.385,NA,NA,NA
80,8,ode,nonmem_scm,focei,45,ok,TRUE,FALSE,FALSE,FALSE,-1579.203343557847,NA,psn_lst,NA,TRUE,FALSE,FALSE,NA,nonmem,psn_cov,4,3,3,1,FALSE,NA,NA,NA,1906.867,4477.2,2.348,NA,NA,NA
80,8,ode,nonmem_scm,focei,46,not_converged,FALSE,FALSE,FALSE,FALSE,-1550.845258334449,NA,psn_lst,NA,FALSE,FALSE,TRUE,NA,nonmem,psn_cov,3,3,3,0,TRUE,NA,NA,NA,1637.799,3988.97,2.436,NA,NA,NA
80,8,ode,nonmem_scm,focei,47,not_converged,FALSE,FALSE,FALSE,FALSE,-1610.2051890296043,NA,psn_lst,NA,FALSE,FALSE,TRUE,NA,nonmem,psn_cov,3,3,3,0,TRUE,NA,NA,NA,1614.745,3853.24,2.386,NA,NA,NA
80,8,ode,nonmem_scm,focei,48,ok,TRUE,FALSE,FALSE,FALSE,-1574.275911788726,NA,psn_lst,NA,TRUE,FALSE,FALSE,NA,nonmem,psn_cov,3,3,3,0,TRUE,NA,NA,NA,3471.801,3426.64,0.987,NA,NA,NA
80,8,ode,nonmem_scm,focei,49,ok,TRUE,FALSE,FALSE,FALSE,-1515.6571559252425,NA,psn_lst,NA,TRUE,FALSE,FALSE,NA,nonmem,psn_cov,3,3,3,0,TRUE,NA,NA,NA,1685.005,3876.79,2.301,NA,NA,NA
80,8,ode,nonmem_scm,focei,50,not_converged,FALSE,FALSE,FALSE,FALSE,-1532.5723780451383,NA,psn_lst,NA,FALSE,FALSE,TRUE,NA,nonmem,psn_cov,3,3,3,0,TRUE,NA,NA,NA,3471.615,3424.81,0.987,NA,NA,NA
80,8,ode,nonmem_scm,focei,51,ok,TRUE,FALSE,FALSE,FALSE,-1628.1580701560824,NA,psn_lst,NA,TRUE,FALSE,FALSE,NA,nonmem,psn_cov,3,3,3,0,TRUE,NA,NA,NA,2776.881,5032.72,1.812,NA,NA,NA
80,8,ode,nonmem_scm,focei,52,ok,TRUE,FALSE,FALSE,FALSE,-1499.7663728061518,NA,psn_lst,NA,TRUE,FALSE,FALSE,NA,nonmem,psn_cov,3,3,3,0,TRUE,NA,NA,NA,2903.19,5218.6,1.798,NA,NA,NA
80,8,ode,nonmem_scm,focei,53,ok,TRUE,FALSE,FALSE,FALSE,-1578.1282205968978,NA,psn_lst,NA,TRUE,FALSE,FALSE,NA,nonmem,psn_cov,3,3,3,0,TRUE,NA,NA,NA,1619.163,3828.99,2.365,NA,NA,NA
80,8,ode,nonmem_scm,focei,54,not_converged,FALSE,FALSE,FALSE,FALSE,-1575.208309098022,NA,psn_lst,NA,FALSE,FALSE,TRUE,NA,nonmem,psn_cov,3,3,3,0,TRUE,NA,NA,NA,1821.705,4385.11,2.407,NA,NA,NA
80,8,ode,nonmem_scm,focei,55,not_converged,FALSE,FALSE,FALSE,FALSE,-1591.3023038470778,NA,psn_lst,NA,FALSE,FALSE,TRUE,NA,nonmem,psn_cov,3,3,3,0,TRUE,NA,NA,NA,1661.384,3605.37,2.17,NA,NA,NA
80,8,ode,nonmem_scm,focei,56,ok,TRUE,FALSE,FALSE,FALSE,-1560.4228332903167,NA,psn_lst,NA,TRUE,FALSE,FALSE,NA,nonmem,psn_cov,3,3,3,0,TRUE,NA,NA,NA,1805.52,4311.39,2.388,NA,NA,NA
80,8,ode,nonmem_scm,focei,57,ok,TRUE,FALSE,FALSE,FALSE,-1608.082378758546,NA,psn_lst,NA,TRUE,FALSE,FALSE,NA,nonmem,psn_cov,3,3,3,0,TRUE,NA,NA,NA,1803.012,4252.15,2.358,NA,NA,NA
80,8,ode,nonmem_scm,focei,58,not_converged,FALSE,FALSE,FALSE,FALSE,-1574.7909105036194,NA,psn_lst,NA,FALSE,FALSE,TRUE,NA,nonmem,psn_cov,3,3,3,0,TRUE,NA,NA,NA,4011.839,3955.76,0.986,NA,NA,NA
80,8,ode,nonmem_scm,focei,59,ok,TRUE,FALSE,FALSE,FALSE,-1486.924287150808,NA,psn_lst,NA,TRUE,FALSE,FALSE,NA,nonmem,psn_cov,3,3,3,0,TRUE,NA,NA,NA,1643.789,3829.39,2.33,NA,NA,NA
80,8,ode,nonmem_scm,focei,60,ok,TRUE,FALSE,FALSE,FALSE,-1579.833266442793,NA,psn_lst,NA,TRUE,FALSE,FALSE,NA,nonmem,psn_cov,3,3,3,0,TRUE,NA,NA,NA,2693.349,4850.85,1.801,NA,NA,NA
80,8,ode,nonmem_scm,focei,61,ok,TRUE,FALSE,FALSE,FALSE,-1578.6710967969152,NA,psn_lst,NA,TRUE,FALSE,FALSE,NA,nonmem,psn_cov,3,3,3,0,TRUE,NA,NA,NA,1524.55,3607.63,2.366,NA,NA,NA
80,8,ode,nonmem_scm,focei,62,not_converged,FALSE,FALSE,FALSE,FALSE,-1611.3185734910574,NA,psn_lst,NA,FALSE,FALSE,TRUE,NA,nonmem,psn_cov,4,3,3,1,FALSE,NA,NA,NA,2426.661,4320.61,1.78,NA,NA,NA
80,8,ode,nonmem_scm,focei,63,not_converged,FALSE,FALSE,FALSE,FALSE,-1569.7647381862469,NA,psn_lst,NA,FALSE,FALSE,TRUE,NA,nonmem,psn_cov,3,3,2,1,FALSE,NA,NA,NA,2270.681,4019.64,1.77,NA,NA,NA
80,8,ode,nonmem_scm,focei,64,ok,TRUE,FALSE,FALSE,FALSE,-1558.55275295387,NA,psn_lst,NA,TRUE,FALSE,FALSE,NA,nonmem,psn_cov,3,3,2,1,FALSE,NA,NA,NA,1643.488,3589.14,2.184,NA,NA,NA
80,8,ode,nonmem_scm,focei,65,ok,TRUE,FALSE,FALSE,FALSE,-1523.611348404145,NA,psn_lst,NA,TRUE,FALSE,FALSE,NA,nonmem,psn_cov,3,3,3,0,TRUE,NA,NA,NA,2760.377,4917.11,1.781,NA,NA,NA
80,8,ode,nonmem_scm,focei,66,not_converged,FALSE,FALSE,FALSE,FALSE,-1580.0000866767284,NA,psn_lst,NA,FALSE,FALSE,TRUE,NA,nonmem,psn_cov,3,3,3,0,TRUE,NA,NA,NA,1613.966,3832.1,2.374,NA,NA,NA
80,8,ode,nonmem_scm,focei,67,ok,TRUE,FALSE,FALSE,FALSE,-1581.3860526742844,NA,psn_lst,NA,TRUE,FALSE,FALSE,NA,nonmem,psn_cov,3,3,2,1,FALSE,NA,NA,NA,2622.894,6090.32,2.322,NA,NA,NA
80,8,ode,nonmem_scm,focei,68,ok,TRUE,FALSE,FALSE,FALSE,-1528.6629747830775,NA,psn_lst,NA,TRUE,FALSE,FALSE,NA,nonmem,psn_cov,3,3,3,0,TRUE,NA,NA,NA,3543.509,3502.85,0.989,NA,NA,NA
80,8,ode,nonmem_scm,focei,69,not_converged,FALSE,FALSE,FALSE,FALSE,-1588.1658013920987,NA,psn_lst,NA,FALSE,FALSE,TRUE,NA,nonmem,psn_cov,3,3,3,0,TRUE,NA,NA,NA,2031.135,4929.41,2.427,NA,NA,NA
80,8,ode,nonmem_scm,focei,70,not_converged,FALSE,FALSE,FALSE,FALSE,-1506.6757593033396,NA,psn_lst,NA,FALSE,FALSE,TRUE,NA,nonmem,psn_cov,3,3,3,0,TRUE,NA,NA,NA,2657.879,6320.49,2.378,NA,NA,NA
80,8,ode,nonmem_scm,focei,71,not_converged,FALSE,FALSE,FALSE,FALSE,-1541.1850638116669,NA,psn_lst,NA,FALSE,FALSE,TRUE,NA,nonmem,psn_cov,3,3,3,0,TRUE,NA,NA,NA,2142.579,5064.57,2.364,NA,NA,NA
80,8,ode,nonmem_scm,focei,72,not_converged,FALSE,FALSE,FALSE,FALSE,-1587.428339937123,NA,psn_lst,NA,FALSE,FALSE,TRUE,NA,nonmem,psn_cov,3,3,2,1,FALSE,NA,NA,NA,1554.655,3982.98,2.562,NA,NA,NA
80,8,ode,nonmem_scm,focei,73,not_converged,FALSE,FALSE,FALSE,FALSE,-1538.9377286492552,NA,psn_lst,NA,FALSE,FALSE,TRUE,NA,nonmem,psn_cov,3,3,3,0,TRUE,NA,NA,NA,1357.072,3303.11,2.434,NA,NA,NA
80,8,ode,nonmem_scm,focei,74,ok,TRUE,FALSE,FALSE,FALSE,-1505.9147981897563,NA,psn_lst,NA,TRUE,FALSE,FALSE,NA,nonmem,psn_cov,3,3,3,0,TRUE,NA,NA,NA,3558.269,3513.44,0.987,NA,NA,NA
80,8,ode,nonmem_scm,focei,75,not_converged,FALSE,FALSE,FALSE,FALSE,-1542.6771556640404,NA,psn_lst,NA,FALSE,FALSE,TRUE,NA,nonmem,psn_cov,3,3,3,0,TRUE,NA,NA,NA,1558.553,3758.95,2.412,NA,NA,NA
80,8,ode,nonmem_scm,focei,76,ok,TRUE,FALSE,FALSE,FALSE,-1556.247585231583,NA,psn_lst,NA,TRUE,FALSE,FALSE,NA,nonmem,psn_cov,3,3,3,0,TRUE,NA,NA,NA,2004.421,4925.46,2.457,NA,NA,NA
80,8,ode,nonmem_scm,focei,77,ok,TRUE,FALSE,FALSE,FALSE,-1612.5431628762142,NA,psn_lst,NA,TRUE,FALSE,FALSE,NA,nonmem,psn_cov,3,3,3,0,TRUE,NA,NA,NA,1512.818,3772.65,2.494,NA,NA,NA
80,8,ode,nonmem_scm,focei,78,ok,TRUE,FALSE,FALSE,FALSE,-1550.13950642811,NA,psn_lst,NA,TRUE,FALSE,FALSE,NA,nonmem,psn_cov,3,3,3,0,TRUE,NA,NA,NA,1534.511,3761.57,2.451,NA,NA,NA
80,8,ode,nonmem_scm,focei,79,ok,TRUE,FALSE,FALSE,FALSE,-1543.61701557213,NA,psn_lst,NA,TRUE,FALSE,FALSE,NA,nonmem,psn_cov,3,3,3,0,TRUE,NA,NA,NA,2107.201,3730.98,1.771,NA,NA,NA
80,8,ode,nonmem_scm,focei,80,ok,TRUE,FALSE,FALSE,FALSE,-1579.1537508954204,NA,psn_lst,NA,TRUE,FALSE,FALSE,NA,nonmem,psn_cov,3,3,3,0,TRUE,NA,NA,NA,1698.194,4143.04,2.44,NA,NA,NA
80,8,ode,nonmem_scm,focei,81,ok,TRUE,FALSE,FALSE,FALSE,-1549.073637705419,NA,psn_lst,NA,TRUE,FALSE,FALSE,NA,nonmem,psn_cov,3,3,3,0,TRUE,NA,NA,NA,1963.761,3587.99,1.827,NA,NA,NA
80,8,ode,nonmem_scm,focei,82,ok,TRUE,FALSE,FALSE,FALSE,-1569.079502278412,NA,psn_lst,NA,TRUE,FALSE,FALSE,NA,nonmem,psn_cov,3,3,3,0,TRUE,NA,NA,NA,2294.249,5436.89,2.37,NA,NA,NA
80,8,ode,nonmem_scm,focei,83,ok,TRUE,FALSE,FALSE,FALSE,-1564.4946252873667,NA,psn_lst,NA,TRUE,FALSE,FALSE,NA,nonmem,psn_cov,3,3,3,0,TRUE,NA,NA,NA,3506.609,3464.29,0.988,NA,NA,NA
80,8,ode,nonmem_scm,focei,84,not_converged,FALSE,FALSE,FALSE,FALSE,-1573.728394306229,NA,psn_lst,NA,FALSE,FALSE,TRUE,NA,nonmem,psn_cov,3,3,3,0,TRUE,NA,NA,NA,1439.788,3582.53,2.488,NA,NA,NA
80,8,ode,nonmem_scm,focei,85,ok,TRUE,FALSE,FALSE,FALSE,-1567.3773593367562,NA,psn_lst,NA,TRUE,FALSE,FALSE,NA,nonmem,psn_cov,3,3,2,1,FALSE,NA,NA,NA,2984.831,5337.56,1.788,NA,NA,NA
80,8,ode,nonmem_scm,focei,86,not_converged,FALSE,FALSE,FALSE,FALSE,-1614.0789929149469,NA,psn_lst,NA,FALSE,FALSE,TRUE,NA,nonmem,psn_cov,3,3,2,1,FALSE,NA,NA,NA,3926.658,7267.56,1.851,NA,NA,NA
80,8,ode,nonmem_scm,focei,87,not_converged,FALSE,FALSE,FALSE,FALSE,-1572.582619647842,NA,psn_lst,NA,FALSE,FALSE,TRUE,NA,nonmem,psn_cov,3,3,3,0,TRUE,NA,NA,NA,2196.525,3978.05,1.811,NA,NA,NA
80,8,ode,nonmem_scm,focei,88,not_converged,FALSE,FALSE,FALSE,FALSE,-1571.0477629824552,NA,psn_lst,NA,FALSE,FALSE,TRUE,NA,nonmem,psn_cov,3,3,3,0,TRUE,NA,NA,NA,3452.825,3409.52,0.987,NA,NA,NA
80,8,ode,nonmem_scm,focei,89,not_converged,FALSE,FALSE,FALSE,FALSE,-1576.387590131888,NA,psn_lst,NA,FALSE,FALSE,TRUE,NA,nonmem,psn_cov,3,3,3,0,TRUE,NA,NA,NA,1675.691,3992.84,2.383,NA,NA,NA
80,8,ode,nonmem_scm,focei,90,ok,TRUE,FALSE,FALSE,FALSE,-1551.0598606370334,NA,psn_lst,NA,TRUE,FALSE,FALSE,NA,nonmem,psn_cov,3,3,3,0,TRUE,NA,NA,NA,1556.955,3830.63,2.46,NA,NA,NA
80,8,ode,nonmem_scm,focei,91,ok,TRUE,FALSE,FALSE,FALSE,-1534.7422992251468,NA,psn_lst,NA,TRUE,FALSE,FALSE,NA,nonmem,psn_cov,3,3,2,1,FALSE,NA,NA,NA,1649.53,3999.48,2.425,NA,NA,NA
80,8,ode,nonmem_scm,focei,92,ok,TRUE,FALSE,FALSE,FALSE,-1517.1125807088704,NA,psn_lst,NA,TRUE,FALSE,FALSE,NA,nonmem,psn_cov,3,3,3,0,TRUE,NA,NA,NA,1943.096,3547.82,1.826,NA,NA,NA
80,8,ode,nonmem_scm,focei,93,not_converged,FALSE,FALSE,FALSE,FALSE,-1524.7923579136757,NA,psn_lst,NA,FALSE,FALSE,TRUE,NA,nonmem,psn_cov,3,3,3,0,TRUE,NA,NA,NA,1985.142,4896.59,2.467,NA,NA,NA
80,8,ode,nonmem_scm,focei,94,not_converged,FALSE,FALSE,FALSE,FALSE,-1530.4897109050992,NA,psn_lst,NA,FALSE,FALSE,TRUE,NA,nonmem,psn_cov,3,3,3,0,TRUE,NA,NA,NA,1525.163,3712.52,2.434,NA,NA,NA
80,8,ode,nonmem_scm,focei,95,not_converged,FALSE,FALSE,FALSE,FALSE,-1539.093470138983,NA,psn_lst,NA,FALSE,FALSE,TRUE,NA,nonmem,psn_cov,3,3,3,0,TRUE,NA,NA,NA,3491.468,3444.9,0.987,NA,NA,NA
80,8,ode,nonmem_scm,focei,96,not_converged,FALSE,FALSE,FALSE,FALSE,-1504.730675470982,NA,psn_lst,NA,FALSE,FALSE,TRUE,NA,nonmem,psn_cov,3,3,3,0,TRUE,NA,NA,NA,1696.327,3913.01,2.307,NA,NA,NA
80,8,ode,nonmem_scm,focei,97,not_converged,FALSE,FALSE,FALSE,FALSE,-1575.9569089741433,NA,psn_lst,NA,FALSE,FALSE,TRUE,NA,nonmem,psn_cov,3,3,3,0,TRUE,NA,NA,NA,1690.49,4400.87,2.603,NA,NA,NA
80,8,ode,nonmem_scm,focei,98,ok,TRUE,FALSE,FALSE,FALSE,-1511.7986577195038,NA,psn_lst,NA,TRUE,FALSE,FALSE,NA,nonmem,psn_cov,3,3,3,0,TRUE,NA,NA,NA,3520.328,3475.39,0.987,NA,NA,NA
80,8,ode,nonmem_scm,focei,99,not_converged,FALSE,FALSE,FALSE,FALSE,-1511.5126293611168,NA,psn_lst,NA,FALSE,FALSE,TRUE,NA,nonmem,psn_cov,3,3,3,0,TRUE,NA,NA,NA,1573.592,3629.18,2.306,NA,NA,NA
80,8,ode,nonmem_scm,focei,100,ok,TRUE,FALSE,FALSE,FALSE,-1584.9356599138916,NA,psn_lst,NA,TRUE,FALSE,FALSE,NA,nonmem,psn_cov,3,3,3,0,TRUE,NA,NA,NA,1560.065,3905.03,2.503,NA,NA,NA
80,9,ode,nonmem_scm,focei,1,ok,TRUE,FALSE,FALSE,FALSE,-1593.730262737878,NA,psn_lst,NA,TRUE,FALSE,FALSE,NA,nonmem,psn_cov,3,1,0,3,FALSE,NA,NA,NA,1829.979,4051.86,2.214,NA,NA,NA
80,9,ode,nonmem_scm,focei,2,not_converged,FALSE,FALSE,FALSE,FALSE,-1616.664270265923,NA,psn_lst,NA,FALSE,FALSE,TRUE,NA,nonmem,psn_cov,1,1,1,0,TRUE,NA,NA,NA,1816.679,1781.97,0.981,NA,NA,NA
80,9,ode,nonmem_scm,focei,3,ok,TRUE,FALSE,FALSE,FALSE,-1625.9665282291712,NA,psn_lst,NA,TRUE,FALSE,FALSE,NA,nonmem,psn_cov,1,1,0,1,FALSE,NA,NA,NA,1777.653,1746.45,0.982,NA,NA,NA
80,9,ode,nonmem_scm,focei,4,not_converged,FALSE,FALSE,FALSE,FALSE,-1579.957930675784,NA,psn_lst,NA,FALSE,FALSE,TRUE,NA,nonmem,psn_cov,1,1,1,0,TRUE,NA,NA,NA,1889.372,4356.26,2.306,NA,NA,NA
80,9,ode,nonmem_scm,focei,5,not_converged,FALSE,FALSE,FALSE,FALSE,-1643.2346032978407,NA,psn_lst,NA,FALSE,FALSE,TRUE,NA,nonmem,psn_cov,1,1,1,0,TRUE,NA,NA,NA,2896.448,2856.67,0.986,NA,NA,NA
80,9,ode,nonmem_scm,focei,6,ok,TRUE,FALSE,FALSE,FALSE,-1650.4645876139766,NA,psn_lst,NA,TRUE,FALSE,FALSE,NA,nonmem,psn_cov,2,1,1,1,FALSE,NA,NA,NA,3282.545,3245.15,0.989,NA,NA,NA
80,9,ode,nonmem_scm,focei,7,not_converged,FALSE,FALSE,FALSE,FALSE,-1547.2982397499416,NA,psn_lst,NA,FALSE,FALSE,TRUE,NA,nonmem,psn_cov,1,1,1,0,TRUE,NA,NA,NA,1904.69,1869.65,0.982,NA,NA,NA
80,9,ode,nonmem_scm,focei,8,ok,TRUE,FALSE,FALSE,FALSE,-1588.2629157870992,NA,psn_lst,NA,TRUE,FALSE,FALSE,NA,nonmem,psn_cov,1,1,1,0,TRUE,NA,NA,NA,2732.971,2693.43,0.986,NA,NA,NA
80,9,ode,nonmem_scm,focei,9,ok,TRUE,FALSE,FALSE,FALSE,-1563.794355624992,NA,psn_lst,NA,TRUE,FALSE,FALSE,NA,nonmem,psn_cov,1,1,1,0,TRUE,NA,NA,NA,1722.745,4154.43,2.412,NA,NA,NA
80,9,ode,nonmem_scm,focei,10,not_converged,FALSE,FALSE,FALSE,FALSE,-1592.502625583115,NA,psn_lst,NA,FALSE,FALSE,TRUE,NA,nonmem,psn_cov,1,1,1,0,TRUE,NA,NA,NA,2065.498,2032.9,0.984,NA,NA,NA
80,9,ode,nonmem_scm,focei,11,ok,TRUE,FALSE,FALSE,FALSE,-1605.534700987695,NA,psn_lst,NA,TRUE,FALSE,FALSE,NA,nonmem,psn_cov,1,1,0,1,FALSE,NA,NA,NA,1904.743,1869.71,0.982,NA,NA,NA
80,9,ode,nonmem_scm,focei,12,ok,TRUE,FALSE,FALSE,FALSE,-1579.424459766972,NA,psn_lst,NA,TRUE,FALSE,FALSE,NA,nonmem,psn_cov,1,1,1,0,TRUE,NA,NA,NA,1897.928,1862.69,0.981,NA,NA,NA
80,9,ode,nonmem_scm,focei,13,ok,TRUE,FALSE,FALSE,FALSE,-1600.2326868516827,NA,psn_lst,NA,TRUE,FALSE,FALSE,NA,nonmem,psn_cov,2,1,1,1,FALSE,NA,NA,NA,2627.571,2584.65,0.984,NA,NA,NA
80,9,ode,nonmem_scm,focei,14,ok,TRUE,FALSE,FALSE,FALSE,-1587.4487728978447,NA,psn_lst,NA,TRUE,FALSE,FALSE,NA,nonmem,psn_cov,1,1,0,1,FALSE,NA,NA,NA,1706.091,3874.12,2.271,NA,NA,NA
80,9,ode,nonmem_scm,focei,15,ok,TRUE,FALSE,FALSE,FALSE,-1555.547714101556,NA,psn_lst,NA,TRUE,FALSE,FALSE,NA,nonmem,psn_cov,1,1,1,0,TRUE,NA,NA,NA,1840.766,1806.09,0.981,NA,NA,NA
80,9,ode,nonmem_scm,focei,16,ok,TRUE,FALSE,FALSE,FALSE,-1645.1836399579922,NA,psn_lst,NA,TRUE,FALSE,FALSE,NA,nonmem,psn_cov,1,1,1,0,TRUE,NA,NA,NA,1062.303,1775.76,1.672,NA,NA,NA
80,9,ode,nonmem_scm,focei,17,not_converged,FALSE,FALSE,FALSE,FALSE,-1602.3524775856083,NA,psn_lst,NA,FALSE,FALSE,TRUE,NA,nonmem,psn_cov,1,1,1,0,TRUE,NA,NA,NA,3105.516,3063.71,0.987,NA,NA,NA
80,9,ode,nonmem_scm,focei,18,ok,TRUE,FALSE,FALSE,FALSE,-1526.95567207695,NA,psn_lst,NA,TRUE,FALSE,FALSE,NA,nonmem,psn_cov,1,1,1,0,TRUE,NA,NA,NA,1715.579,3906.76,2.277,NA,NA,NA
80,9,ode,nonmem_scm,focei,19,ok,TRUE,FALSE,FALSE,FALSE,-1613.0432645605451,NA,psn_lst,NA,TRUE,FALSE,FALSE,NA,nonmem,psn_cov,1,1,1,0,TRUE,NA,NA,NA,3427.738,7856.84,2.292,NA,NA,NA
80,9,ode,nonmem_scm,focei,20,not_converged,FALSE,FALSE,FALSE,FALSE,-1626.3039661403798,NA,psn_lst,NA,FALSE,FALSE,TRUE,NA,nonmem,psn_cov,1,1,1,0,TRUE,NA,NA,NA,882.008,1904.87,2.16,NA,NA,NA
80,9,ode,nonmem_scm,focei,21,not_converged,FALSE,FALSE,FALSE,FALSE,-1583.8961470478737,NA,psn_lst,NA,FALSE,FALSE,TRUE,NA,nonmem,psn_cov,1,1,1,0,TRUE,NA,NA,NA,1650.404,2915.33,1.766,NA,NA,NA
80,9,ode,nonmem_scm,focei,22,ok,TRUE,FALSE,FALSE,FALSE,-1607.048080174817,NA,psn_lst,NA,TRUE,FALSE,FALSE,NA,nonmem,psn_cov,1,1,1,0,TRUE,NA,NA,NA,2826.997,2785.45,0.985,NA,NA,NA
80,9,ode,nonmem_scm,focei,23,ok,TRUE,FALSE,FALSE,FALSE,-1644.2936807059502,NA,psn_lst,NA,TRUE,FALSE,FALSE,NA,nonmem,psn_cov,1,1,1,0,TRUE,NA,NA,NA,1344.473,3155.39,2.347,NA,NA,NA
80,9,ode,nonmem_scm,focei,24,not_converged,FALSE,FALSE,FALSE,FALSE,-1594.129497662342,NA,psn_lst,NA,FALSE,FALSE,TRUE,NA,nonmem,psn_cov,1,1,1,0,TRUE,NA,NA,NA,920.911,2126.61,2.309,NA,NA,NA
80,9,ode,nonmem_scm,focei,25,ok,TRUE,FALSE,FALSE,FALSE,-1640.1721668739483,NA,psn_lst,NA,TRUE,FALSE,FALSE,NA,nonmem,psn_cov,1,1,1,0,TRUE,NA,NA,NA,733.165,1684.5,2.298,NA,NA,NA
80,9,ode,nonmem_scm,focei,26,not_converged,FALSE,FALSE,FALSE,FALSE,-1636.88594938571,NA,psn_lst,NA,FALSE,FALSE,TRUE,NA,nonmem,psn_cov,2,1,1,1,FALSE,NA,NA,NA,2954.351,2912.67,0.986,NA,NA,NA
80,9,ode,nonmem_scm,focei,27,ok,TRUE,FALSE,FALSE,FALSE,-1599.7145851756352,NA,psn_lst,NA,TRUE,FALSE,FALSE,NA,nonmem,psn_cov,1,1,0,1,FALSE,NA,NA,NA,2709.803,2668.19,0.985,NA,NA,NA
80,9,ode,nonmem_scm,focei,28,not_converged,FALSE,FALSE,FALSE,FALSE,-1604.4606180832711,NA,psn_lst,NA,FALSE,FALSE,TRUE,NA,nonmem,psn_cov,1,1,1,0,TRUE,NA,NA,NA,2219.9,2184.98,0.984,NA,NA,NA
80,9,ode,nonmem_scm,focei,29,ok,TRUE,FALSE,FALSE,FALSE,-1731.7865395835202,NA,psn_lst,NA,TRUE,FALSE,FALSE,NA,nonmem,psn_cov,1,1,1,0,TRUE,NA,NA,NA,2080.718,2046.75,0.984,NA,NA,NA
80,9,ode,nonmem_scm,focei,30,not_converged,FALSE,FALSE,FALSE,FALSE,-1615.302451658364,NA,psn_lst,NA,FALSE,FALSE,TRUE,NA,nonmem,psn_cov,1,1,1,0,TRUE,NA,NA,NA,1276.737,3019.04,2.365,NA,NA,NA
80,9,ode,nonmem_scm,focei,31,not_converged,FALSE,FALSE,FALSE,FALSE,-1607.2599435155514,NA,psn_lst,NA,FALSE,FALSE,TRUE,NA,nonmem,psn_cov,1,1,0,1,FALSE,NA,NA,NA,1307.363,2902.47,2.22,NA,NA,NA
80,9,ode,nonmem_scm,focei,32,ok,TRUE,FALSE,FALSE,FALSE,-1587.8626949068362,NA,psn_lst,NA,TRUE,FALSE,FALSE,NA,nonmem,psn_cov,1,1,1,0,TRUE,NA,NA,NA,1586.169,3583.03,2.259,NA,NA,NA
80,9,ode,nonmem_scm,focei,33,ok,TRUE,FALSE,FALSE,FALSE,-1608.8339147250215,NA,psn_lst,NA,TRUE,FALSE,FALSE,NA,nonmem,psn_cov,1,1,1,0,TRUE,NA,NA,NA,2178.399,2144.87,0.985,NA,NA,NA
80,9,ode,nonmem_scm,focei,34,not_converged,FALSE,FALSE,FALSE,FALSE,-1614.737275523385,NA,psn_lst,NA,FALSE,FALSE,TRUE,NA,nonmem,psn_cov,1,1,1,0,TRUE,NA,NA,NA,1735.265,1701.77,0.981,NA,NA,NA
80,9,ode,nonmem_scm,focei,35,ok,TRUE,FALSE,FALSE,FALSE,-1634.6632104919834,NA,psn_lst,NA,TRUE,FALSE,FALSE,NA,nonmem,psn_cov,2,1,1,1,FALSE,NA,NA,NA,1177.494,2786.71,2.367,NA,NA,NA
80,9,ode,nonmem_scm,focei,36,ok,TRUE,FALSE,FALSE,FALSE,-1558.185000655939,NA,psn_lst,NA,TRUE,FALSE,FALSE,NA,nonmem,psn_cov,1,1,1,0,TRUE,NA,NA,NA,1678.241,1642.55,0.979,NA,NA,NA
80,9,ode,nonmem_scm,focei,37,ok,TRUE,FALSE,FALSE,FALSE,-1626.5732952031392,NA,psn_lst,NA,TRUE,FALSE,FALSE,NA,nonmem,psn_cov,1,1,1,0,TRUE,NA,NA,NA,3226.371,3181.4,0.986,NA,NA,NA
80,9,ode,nonmem_scm,focei,38,ok,TRUE,FALSE,FALSE,FALSE,-1582.3141164894068,NA,psn_lst,NA,TRUE,FALSE,FALSE,NA,nonmem,psn_cov,1,1,1,0,TRUE,NA,NA,NA,1836.264,1799.83,0.98,NA,NA,NA
80,9,ode,nonmem_scm,focei,39,ok,TRUE,FALSE,FALSE,FALSE,-1580.4805203193832,NA,psn_lst,NA,TRUE,FALSE,FALSE,NA,nonmem,psn_cov,1,1,1,0,TRUE,NA,NA,NA,1920.37,1887.94,0.983,NA,NA,NA
80,9,ode,nonmem_scm,focei,40,not_converged,FALSE,FALSE,FALSE,FALSE,-1596.0422725973465,NA,psn_lst,NA,FALSE,FALSE,TRUE,NA,nonmem,psn_cov,1,1,0,1,FALSE,NA,NA,NA,794.593,1878.69,2.364,NA,NA,NA
80,9,ode,nonmem_scm,focei,41,not_converged,FALSE,FALSE,FALSE,FALSE,-1651.1832823949608,NA,psn_lst,NA,FALSE,FALSE,TRUE,NA,nonmem,psn_cov,1,1,1,0,TRUE,NA,NA,NA,1346.72,3227.43,2.397,NA,NA,NA
80,9,ode,nonmem_scm,focei,42,ok,TRUE,FALSE,FALSE,FALSE,-1647.639352983767,NA,psn_lst,NA,TRUE,FALSE,FALSE,NA,nonmem,psn_cov,1,1,1,0,TRUE,NA,NA,NA,1831.137,4030.63,2.201,NA,NA,NA
80,9,ode,nonmem_scm,focei,43,not_converged,FALSE,FALSE,FALSE,FALSE,-1587.4686247068444,NA,psn_lst,NA,FALSE,FALSE,TRUE,NA,nonmem,psn_cov,1,1,1,0,TRUE,NA,NA,NA,2157.543,2119.8,0.983,NA,NA,NA
80,9,ode,nonmem_scm,focei,44,ok,TRUE,FALSE,FALSE,FALSE,-1565.5063173802484,NA,psn_lst,NA,TRUE,FALSE,FALSE,NA,nonmem,psn_cov,2,1,1,1,FALSE,NA,NA,NA,1166.514,2870.7,2.461,NA,NA,NA
80,9,ode,nonmem_scm,focei,45,ok,TRUE,FALSE,FALSE,FALSE,-1628.3427691407398,NA,psn_lst,NA,TRUE,FALSE,FALSE,NA,nonmem,psn_cov,1,1,1,0,TRUE,NA,NA,NA,2278.497,2241.87,0.984,NA,NA,NA
80,9,ode,nonmem_scm,focei,46,not_converged,FALSE,FALSE,FALSE,FALSE,-1584.3445777607255,NA,psn_lst,NA,FALSE,FALSE,TRUE,NA,nonmem,psn_cov,2,1,1,1,FALSE,NA,NA,NA,2783.087,2738.48,0.984,NA,NA,NA
80,9,ode,nonmem_scm,focei,47,ok,TRUE,FALSE,FALSE,FALSE,-1612.482621853494,NA,psn_lst,NA,TRUE,FALSE,FALSE,NA,nonmem,psn_cov,1,1,1,0,TRUE,NA,NA,NA,740.271,1781.32,2.406,NA,NA,NA
80,9,ode,nonmem_scm,focei,48,ok,TRUE,FALSE,FALSE,FALSE,-1559.8518454949844,NA,psn_lst,NA,TRUE,FALSE,FALSE,NA,nonmem,psn_cov,1,1,1,0,TRUE,NA,NA,NA,3218.114,3176.09,0.987,NA,NA,NA
80,9,ode,nonmem_scm,focei,49,ok,TRUE,FALSE,FALSE,FALSE,-1605.771782589611,NA,psn_lst,NA,TRUE,FALSE,FALSE,NA,nonmem,psn_cov,1,1,1,0,TRUE,NA,NA,NA,2855.641,2814.16,0.985,NA,NA,NA
80,9,ode,nonmem_scm,focei,50,ok,TRUE,FALSE,FALSE,FALSE,-1653.7268023862034,NA,psn_lst,NA,TRUE,FALSE,FALSE,NA,nonmem,psn_cov,1,1,1,0,TRUE,NA,NA,NA,3266.842,3226.43,0.988,NA,NA,NA
80,9,ode,nonmem_scm,focei,51,ok,TRUE,FALSE,FALSE,FALSE,-1653.671247928433,NA,psn_lst,NA,TRUE,FALSE,FALSE,NA,nonmem,psn_cov,1,1,1,0,TRUE,NA,NA,NA,1113.225,1938.74,1.742,NA,NA,NA
80,9,ode,nonmem_scm,focei,52,ok,TRUE,FALSE,FALSE,FALSE,-1634.5235926560342,NA,psn_lst,NA,TRUE,FALSE,FALSE,NA,nonmem,psn_cov,1,1,1,0,TRUE,NA,NA,NA,1866.723,1833.93,0.982,NA,NA,NA
80,9,ode,nonmem_scm,focei,53,ok,TRUE,FALSE,FALSE,FALSE,-1533.2804168070898,NA,psn_lst,NA,TRUE,FALSE,FALSE,NA,nonmem,psn_cov,1,1,1,0,TRUE,NA,NA,NA,3088.204,3048.73,0.987,NA,NA,NA
80,9,ode,nonmem_scm,focei,54,ok,TRUE,FALSE,FALSE,FALSE,-1582.9104513869931,NA,psn_lst,NA,TRUE,FALSE,FALSE,NA,nonmem,psn_cov,2,1,1,1,FALSE,NA,NA,NA,2444.323,2404.07,0.984,NA,NA,NA
80,9,ode,nonmem_scm,focei,55,ok,TRUE,FALSE,FALSE,FALSE,-1663.9910547128995,NA,psn_lst,NA,TRUE,FALSE,FALSE,NA,nonmem,psn_cov,1,1,1,0,TRUE,NA,NA,NA,2087.329,2054.99,0.985,NA,NA,NA
80,9,ode,nonmem_scm,focei,56,ok,TRUE,FALSE,FALSE,FALSE,-1693.2733091924702,NA,psn_lst,NA,TRUE,FALSE,FALSE,NA,nonmem,psn_cov,1,1,1,0,TRUE,NA,NA,NA,1815.944,1781.89,0.981,NA,NA,NA
80,9,ode,nonmem_scm,focei,57,ok,TRUE,FALSE,FALSE,FALSE,-1678.5206807228046,NA,psn_lst,NA,TRUE,FALSE,FALSE,NA,nonmem,psn_cov,1,1,1,0,TRUE,NA,NA,NA,2043.862,2011.46,0.984,NA,NA,NA
80,9,ode,nonmem_scm,focei,58,not_converged,FALSE,FALSE,FALSE,FALSE,-1638.2643045172117,NA,psn_lst,NA,FALSE,FALSE,TRUE,NA,nonmem,psn_cov,1,1,0,1,FALSE,NA,NA,NA,1992.451,1956.67,0.982,NA,NA,NA
80,9,ode,nonmem_scm,focei,59,not_converged,FALSE,FALSE,FALSE,FALSE,-1673.3284562030765,NA,psn_lst,NA,FALSE,FALSE,TRUE,NA,nonmem,psn_cov,1,1,0,1,FALSE,NA,NA,NA,1633.553,2794.05,1.71,NA,NA,NA
80,9,ode,nonmem_scm,focei,60,not_converged,FALSE,FALSE,FALSE,FALSE,-1596.158519984247,NA,psn_lst,NA,FALSE,FALSE,TRUE,NA,nonmem,psn_cov,2,1,0,2,FALSE,NA,NA,NA,2622.447,4778.22,1.822,NA,NA,NA
80,9,ode,nonmem_scm,focei,61,ok,TRUE,FALSE,FALSE,FALSE,-1547.0342395375153,NA,psn_lst,NA,TRUE,FALSE,FALSE,NA,nonmem,psn_cov,1,1,0,1,FALSE,NA,NA,NA,1684.921,1652.16,0.981,NA,NA,NA
80,9,ode,nonmem_scm,focei,62,ok,TRUE,FALSE,FALSE,FALSE,-1629.9135883596928,NA,psn_lst,NA,TRUE,FALSE,FALSE,NA,nonmem,psn_cov,2,1,1,1,FALSE,NA,NA,NA,2105.226,3853.3,1.83,NA,NA,NA
80,9,ode,nonmem_scm,focei,63,ok,TRUE,FALSE,FALSE,FALSE,-1621.0735420300202,NA,psn_lst,NA,TRUE,FALSE,FALSE,NA,nonmem,psn_cov,1,1,1,0,TRUE,NA,NA,NA,2945.733,2902.78,0.985,NA,NA,NA
80,9,ode,nonmem_scm,focei,64,ok,TRUE,FALSE,FALSE,FALSE,-1653.223523583238,NA,psn_lst,NA,TRUE,FALSE,FALSE,NA,nonmem,psn_cov,2,1,0,2,FALSE,NA,NA,NA,3351.734,3307.28,0.987,NA,NA,NA
80,9,ode,nonmem_scm,focei,65,not_converged,FALSE,FALSE,FALSE,FALSE,-1650.9215965822968,NA,psn_lst,NA,FALSE,FALSE,TRUE,NA,nonmem,psn_cov,3,1,1,2,FALSE,NA,NA,NA,2237.259,3966.16,1.773,NA,NA,NA
80,9,ode,nonmem_scm,focei,66,ok,TRUE,FALSE,FALSE,FALSE,-1610.832247508006,NA,psn_lst,NA,TRUE,FALSE,FALSE,NA,nonmem,psn_cov,1,1,1,0,TRUE,NA,NA,NA,758.812,1709.64,2.253,NA,NA,NA
80,9,ode,nonmem_scm,focei,67,not_converged,FALSE,FALSE,FALSE,FALSE,-1627.8339566598952,NA,psn_lst,NA,FALSE,FALSE,TRUE,NA,nonmem,psn_cov,1,1,1,0,TRUE,NA,NA,NA,1867.403,1834.76,0.983,NA,NA,NA
80,9,ode,nonmem_scm,focei,68,not_converged,FALSE,FALSE,FALSE,FALSE,-1594.5383479151312,NA,psn_lst,NA,FALSE,FALSE,TRUE,NA,nonmem,psn_cov,1,1,1,0,TRUE,NA,NA,NA,1298.243,2997.59,2.309,NA,NA,NA
80,9,ode,nonmem_scm,focei,69,not_converged,FALSE,FALSE,FALSE,FALSE,-1572.8676797715243,NA,psn_lst,NA,FALSE,FALSE,TRUE,NA,nonmem,psn_cov,1,1,1,0,TRUE,NA,NA,NA,1668.878,1634.87,0.98,NA,NA,NA
80,9,ode,nonmem_scm,focei,70,ok,TRUE,FALSE,FALSE,FALSE,-1574.5428098572352,NA,psn_lst,NA,TRUE,FALSE,FALSE,NA,nonmem,psn_cov,1,1,1,0,TRUE,NA,NA,NA,3495.075,3453.04,0.988,NA,NA,NA
80,9,ode,nonmem_scm,focei,71,ok,TRUE,FALSE,FALSE,FALSE,-1614.4459305604726,NA,psn_lst,NA,TRUE,FALSE,FALSE,NA,nonmem,psn_cov,1,1,1,0,TRUE,NA,NA,NA,3017.696,2977.96,0.987,NA,NA,NA
80,9,ode,nonmem_scm,focei,72,ok,TRUE,FALSE,FALSE,FALSE,-1633.639426395726,NA,psn_lst,NA,TRUE,FALSE,FALSE,NA,nonmem,psn_cov,1,1,0,1,FALSE,NA,NA,NA,1948.349,1911.18,0.981,NA,NA,NA
80,9,ode,nonmem_scm,focei,73,ok,TRUE,FALSE,FALSE,FALSE,-1609.2716030317094,NA,psn_lst,NA,TRUE,FALSE,FALSE,NA,nonmem,psn_cov,1,1,1,0,TRUE,NA,NA,NA,2019.273,1982.98,0.982,NA,NA,NA
80,9,ode,nonmem_scm,focei,74,ok,TRUE,FALSE,FALSE,FALSE,-1578.9785564086123,NA,psn_lst,NA,TRUE,FALSE,FALSE,NA,nonmem,psn_cov,1,1,1,0,TRUE,NA,NA,NA,2322.793,4144.11,1.784,NA,NA,NA
80,9,ode,nonmem_scm,focei,75,ok,TRUE,FALSE,FALSE,FALSE,-1563.6561642714614,NA,psn_lst,NA,TRUE,FALSE,FALSE,NA,nonmem,psn_cov,1,1,1,0,TRUE,NA,NA,NA,2730.089,2692.96,0.986,NA,NA,NA
80,9,ode,nonmem_scm,focei,76,not_converged,FALSE,FALSE,FALSE,FALSE,-1617.4180258978347,NA,psn_lst,NA,FALSE,FALSE,TRUE,NA,nonmem,psn_cov,1,1,1,0,TRUE,NA,NA,NA,1707.216,4187.4,2.453,NA,NA,NA
80,9,ode,nonmem_scm,focei,77,not_converged,FALSE,FALSE,FALSE,FALSE,-1596.6048610352857,NA,psn_lst,NA,FALSE,FALSE,TRUE,NA,nonmem,psn_cov,1,1,1,0,TRUE,NA,NA,NA,1802.021,1769.28,0.982,NA,NA,NA
80,9,ode,nonmem_scm,focei,78,ok,TRUE,FALSE,FALSE,FALSE,-1473.094804492075,NA,psn_lst,NA,TRUE,FALSE,FALSE,NA,nonmem,psn_cov,1,1,1,0,TRUE,NA,NA,NA,3057.55,3019.04,0.987,NA,NA,NA
80,9,ode,nonmem_scm,focei,79,ok,TRUE,FALSE,FALSE,FALSE,-1604.489951732278,NA,psn_lst,NA,TRUE,FALSE,FALSE,NA,nonmem,psn_cov,1,1,1,0,TRUE,NA,NA,NA,2951.465,2910.21,0.986,NA,NA,NA
80,9,ode,nonmem_scm,focei,80,ok,TRUE,FALSE,FALSE,FALSE,-1694.3008692990215,NA,psn_lst,NA,TRUE,FALSE,FALSE,NA,nonmem,psn_cov,1,1,1,0,TRUE,NA,NA,NA,2001.596,1966.99,0.983,NA,NA,NA
80,9,ode,nonmem_scm,focei,81,ok,TRUE,FALSE,FALSE,FALSE,-1584.1941077404103,NA,psn_lst,NA,TRUE,FALSE,FALSE,NA,nonmem,psn_cov,1,1,1,0,TRUE,NA,NA,NA,1938.701,1906.32,0.983,NA,NA,NA
80,9,ode,nonmem_scm,focei,82,ok,TRUE,FALSE,FALSE,FALSE,-1643.280427103064,NA,psn_lst,NA,TRUE,FALSE,FALSE,NA,nonmem,psn_cov,1,1,1,0,TRUE,NA,NA,NA,3182.292,3144.53,0.988,NA,NA,NA
80,9,ode,nonmem_scm,focei,83,not_converged,FALSE,FALSE,FALSE,FALSE,-1569.034833970179,NA,psn_lst,NA,FALSE,FALSE,TRUE,NA,nonmem,psn_cov,1,1,1,0,TRUE,NA,NA,NA,2735.985,2694.74,0.985,NA,NA,NA
80,9,ode,nonmem_scm,focei,84,ok,TRUE,FALSE,FALSE,FALSE,-1572.2787204819276,NA,psn_lst,NA,TRUE,FALSE,FALSE,NA,nonmem,psn_cov,1,1,1,0,TRUE,NA,NA,NA,1903.079,1870.75,0.983,NA,NA,NA
80,9,ode,nonmem_scm,focei,85,not_converged,FALSE,FALSE,FALSE,FALSE,-1613.650346010037,NA,psn_lst,NA,FALSE,FALSE,TRUE,NA,nonmem,psn_cov,1,1,1,0,TRUE,NA,NA,NA,1893.055,1858.8,0.982,NA,NA,NA
80,9,ode,nonmem_scm,focei,86,not_converged,FALSE,FALSE,FALSE,FALSE,-1545.6282301641374,NA,psn_lst,NA,FALSE,FALSE,TRUE,NA,nonmem,psn_cov,1,1,1,0,TRUE,NA,NA,NA,3398.605,3357.91,0.988,NA,NA,NA
80,9,ode,nonmem_scm,focei,87,not_converged,FALSE,FALSE,FALSE,FALSE,-1624.208126269487,NA,psn_lst,NA,FALSE,FALSE,TRUE,NA,nonmem,psn_cov,1,1,1,0,TRUE,NA,NA,NA,2988.704,2947.37,0.986,NA,NA,NA
80,9,ode,nonmem_scm,focei,88,not_converged,FALSE,FALSE,FALSE,FALSE,-1591.328353245886,NA,psn_lst,NA,FALSE,FALSE,TRUE,NA,nonmem,psn_cov,1,1,1,0,TRUE,NA,NA,NA,2104.88,2069.86,0.983,NA,NA,NA
80,9,ode,nonmem_scm,focei,89,ok,TRUE,FALSE,FALSE,FALSE,-1631.5713419118376,NA,psn_lst,NA,TRUE,FALSE,FALSE,NA,nonmem,psn_cov,1,1,1,0,TRUE,NA,NA,NA,3308.191,3264.79,0.987,NA,NA,NA
80,9,ode,nonmem_scm,focei,90,ok,TRUE,FALSE,FALSE,FALSE,-1590.0120887031917,NA,psn_lst,NA,TRUE,FALSE,FALSE,NA,nonmem,psn_cov,1,1,1,0,TRUE,NA,NA,NA,1990.075,1959.02,0.984,NA,NA,NA
80,9,ode,nonmem_scm,focei,91,not_converged,FALSE,FALSE,FALSE,FALSE,-1679.0546665507336,NA,psn_lst,NA,FALSE,FALSE,TRUE,NA,nonmem,psn_cov,2,1,0,2,FALSE,NA,NA,NA,2413.846,5642.3,2.337,NA,NA,NA
80,9,ode,nonmem_scm,focei,92,not_converged,FALSE,FALSE,FALSE,FALSE,-1570.5058637198697,NA,psn_lst,NA,FALSE,FALSE,TRUE,NA,nonmem,psn_cov,0,1,0,0,FALSE,NA,NA,NA,1851.905,1816.46,0.981,NA,NA,NA
80,9,ode,nonmem_scm,focei,93,not_converged,FALSE,FALSE,FALSE,FALSE,-1599.652011323172,NA,psn_lst,NA,FALSE,FALSE,TRUE,NA,nonmem,psn_cov,1,1,1,0,TRUE,NA,NA,NA,1799.093,1768.1,0.983,NA,NA,NA
80,9,ode,nonmem_scm,focei,94,ok,TRUE,FALSE,FALSE,FALSE,-1572.582753751756,NA,psn_lst,NA,TRUE,FALSE,FALSE,NA,nonmem,psn_cov,1,1,1,0,TRUE,NA,NA,NA,1899.574,1866.43,0.983,NA,NA,NA
80,9,ode,nonmem_scm,focei,95,ok,TRUE,FALSE,FALSE,FALSE,-1562.0380616069967,NA,psn_lst,NA,TRUE,FALSE,FALSE,NA,nonmem,psn_cov,1,1,1,0,TRUE,NA,NA,NA,2944.865,2900.85,0.985,NA,NA,NA
80,9,ode,nonmem_scm,focei,96,not_converged,FALSE,FALSE,FALSE,FALSE,-1600.952162758869,NA,psn_lst,NA,FALSE,FALSE,TRUE,NA,nonmem,psn_cov,1,1,0,1,FALSE,NA,NA,NA,944.54,2030.54,2.15,NA,NA,NA
80,9,ode,nonmem_scm,focei,97,ok,TRUE,FALSE,FALSE,FALSE,-1658.1109145315809,NA,psn_lst,NA,TRUE,FALSE,FALSE,NA,nonmem,psn_cov,1,1,1,0,TRUE,NA,NA,NA,2801.975,2760.41,0.985,NA,NA,NA
80,9,ode,nonmem_scm,focei,98,not_converged,FALSE,FALSE,FALSE,FALSE,-1597.4716257849234,NA,psn_lst,NA,FALSE,FALSE,TRUE,NA,nonmem,psn_cov,1,1,1,0,TRUE,NA,NA,NA,1918.915,1885.06,0.982,NA,NA,NA
80,9,ode,nonmem_scm,focei,99,not_converged,FALSE,FALSE,FALSE,FALSE,-1608.680417258844,NA,psn_lst,NA,FALSE,FALSE,TRUE,NA,nonmem,psn_cov,1,1,1,0,TRUE,NA,NA,NA,3065.766,3022.4,0.986,NA,NA,NA
80,9,ode,nonmem_scm,focei,100,not_converged,FALSE,FALSE,FALSE,FALSE,-1590.8829139182735,NA,psn_lst,NA,FALSE,FALSE,TRUE,NA,nonmem,psn_cov,1,1,1,0,TRUE,NA,NA,NA,1750.559,1718.84,0.982,NA,NA,NA
80,10,ode,nonmem_scm,focei,1,not_converged,FALSE,FALSE,FALSE,FALSE,-1640.1458747253123,NA,psn_lst,NA,FALSE,FALSE,TRUE,NA,nonmem,psn_cov,2,2,2,0,TRUE,NA,NA,NA,2753.843,2714.09,0.986,NA,NA,NA
80,10,ode,nonmem_scm,focei,2,not_converged,FALSE,FALSE,FALSE,FALSE,-1587.4449018924122,NA,psn_lst,NA,FALSE,FALSE,TRUE,NA,nonmem,psn_cov,2,2,1,1,FALSE,NA,NA,NA,2611.824,2569.69,0.984,NA,NA,NA
80,10,ode,nonmem_scm,focei,3,not_converged,FALSE,FALSE,FALSE,FALSE,-1621.3923271919327,NA,psn_lst,NA,FALSE,FALSE,TRUE,NA,nonmem,psn_cov,2,2,1,1,FALSE,NA,NA,NA,2361.431,4097.37,1.735,NA,NA,NA
80,10,ode,nonmem_scm,focei,4,ok,TRUE,FALSE,FALSE,FALSE,-1613.585173392213,NA,psn_lst,NA,TRUE,FALSE,FALSE,NA,nonmem,psn_cov,3,2,1,2,FALSE,NA,NA,NA,2642.885,4696.25,1.777,NA,NA,NA
80,10,ode,nonmem_scm,focei,5,ok,TRUE,FALSE,FALSE,FALSE,-1641.610419082952,NA,psn_lst,NA,TRUE,FALSE,FALSE,NA,nonmem,psn_cov,2,2,2,0,TRUE,NA,NA,NA,1111.268,2691.73,2.422,NA,NA,NA
80,10,ode,nonmem_scm,focei,6,not_converged,FALSE,FALSE,FALSE,FALSE,-1570.5785051131788,NA,psn_lst,NA,FALSE,FALSE,TRUE,NA,nonmem,psn_cov,2,2,2,0,TRUE,NA,NA,NA,2602.523,2561.14,0.984,NA,NA,NA
80,10,ode,nonmem_scm,focei,7,not_converged,FALSE,FALSE,FALSE,FALSE,-1572.7169100637598,NA,psn_lst,NA,FALSE,FALSE,TRUE,NA,nonmem,psn_cov,1,2,0,1,FALSE,NA,NA,NA,1855.37,1819.05,0.98,NA,NA,NA
80,10,ode,nonmem_scm,focei,8,ok,TRUE,FALSE,FALSE,FALSE,-1624.1203985115153,NA,psn_lst,NA,TRUE,FALSE,FALSE,NA,nonmem,psn_cov,2,2,2,0,TRUE,NA,NA,NA,2568.135,2529.25,0.985,NA,NA,NA
80,10,ode,nonmem_scm,focei,9,ok,TRUE,FALSE,FALSE,FALSE,-1626.3659572964652,NA,psn_lst,NA,TRUE,FALSE,FALSE,NA,nonmem,psn_cov,2,2,2,0,TRUE,NA,NA,NA,1726.586,4251.03,2.462,NA,NA,NA
80,10,ode,nonmem_scm,focei,10,not_converged,FALSE,FALSE,FALSE,FALSE,-1588.3829786485824,NA,psn_lst,NA,FALSE,FALSE,TRUE,NA,nonmem,psn_cov,2,2,2,0,TRUE,NA,NA,NA,1278.585,2925.25,2.288,NA,NA,NA
80,10,ode,nonmem_scm,focei,11,not_converged,FALSE,FALSE,FALSE,FALSE,-1625.582791835498,NA,psn_lst,NA,FALSE,FALSE,TRUE,NA,nonmem,psn_cov,2,2,2,0,TRUE,NA,NA,NA,3008.951,2963.91,0.985,NA,NA,NA
80,10,ode,nonmem_scm,focei,12,not_converged,FALSE,FALSE,FALSE,FALSE,-1636.2052896546272,NA,psn_lst,NA,FALSE,FALSE,TRUE,NA,nonmem,psn_cov,2,2,2,0,TRUE,NA,NA,NA,2869.983,2830.22,0.986,NA,NA,NA
80,10,ode,nonmem_scm,focei,13,ok,TRUE,FALSE,FALSE,FALSE,-1556.0910238168046,NA,psn_lst,NA,TRUE,FALSE,FALSE,NA,nonmem,psn_cov,2,2,2,0,TRUE,NA,NA,NA,1711.223,3055.08,1.785,NA,NA,NA
80,10,ode,nonmem_scm,focei,14,not_converged,FALSE,FALSE,FALSE,FALSE,-1637.807700110295,NA,psn_lst,NA,FALSE,FALSE,TRUE,NA,nonmem,psn_cov,2,2,1,1,FALSE,NA,NA,NA,2487.111,2445.64,0.983,NA,NA,NA
80,10,ode,nonmem_scm,focei,15,not_converged,FALSE,FALSE,FALSE,FALSE,-1590.8648513550652,NA,psn_lst,NA,FALSE,FALSE,TRUE,NA,nonmem,psn_cov,2,2,2,0,TRUE,NA,NA,NA,3002.168,2960.5,0.986,NA,NA,NA
80,10,ode,nonmem_scm,focei,16,not_converged,FALSE,FALSE,FALSE,FALSE,-1659.7350164805282,NA,psn_lst,NA,FALSE,FALSE,TRUE,NA,nonmem,psn_cov,2,2,2,0,TRUE,NA,NA,NA,3572.571,3523.77,0.986,NA,NA,NA
80,10,ode,nonmem_scm,focei,17,not_converged,FALSE,FALSE,FALSE,FALSE,-1630.283067811025,NA,psn_lst,NA,FALSE,FALSE,TRUE,NA,nonmem,psn_cov,2,2,2,0,TRUE,NA,NA,NA,2782.339,2743.87,0.986,NA,NA,NA
80,10,ode,nonmem_scm,focei,18,ok,TRUE,FALSE,FALSE,FALSE,-1555.7016749217885,NA,psn_lst,NA,TRUE,FALSE,FALSE,NA,nonmem,psn_cov,2,2,2,0,TRUE,NA,NA,NA,2934.64,2893.27,0.986,NA,NA,NA
80,10,ode,nonmem_scm,focei,19,not_converged,FALSE,FALSE,FALSE,FALSE,-1635.070499008722,NA,psn_lst,NA,FALSE,FALSE,TRUE,NA,nonmem,psn_cov,2,2,2,0,TRUE,NA,NA,NA,3189.984,3150.16,0.988,NA,NA,NA
80,10,ode,nonmem_scm,focei,20,ok,TRUE,FALSE,FALSE,FALSE,-1573.759691244352,NA,psn_lst,NA,TRUE,FALSE,FALSE,NA,nonmem,psn_cov,2,2,2,0,TRUE,NA,NA,NA,1652.725,4064.51,2.459,NA,NA,NA
80,10,ode,nonmem_scm,focei,21,not_converged,FALSE,FALSE,FALSE,FALSE,-1588.439812109491,NA,psn_lst,NA,FALSE,FALSE,TRUE,NA,nonmem,psn_cov,2,2,2,0,TRUE,NA,NA,NA,2819.971,2780.71,0.986,NA,NA,NA
80,10,ode,nonmem_scm,focei,22,not_converged,FALSE,FALSE,FALSE,FALSE,-1575.6400248647017,NA,psn_lst,NA,FALSE,FALSE,TRUE,NA,nonmem,psn_cov,3,2,2,1,FALSE,NA,NA,NA,2357.852,4255.69,1.805,NA,NA,NA
80,10,ode,nonmem_scm,focei,23,ok,TRUE,FALSE,FALSE,FALSE,-1599.2783491095563,NA,psn_lst,NA,TRUE,FALSE,FALSE,NA,nonmem,psn_cov,2,2,2,0,TRUE,NA,NA,NA,3127.233,3079.39,0.985,NA,NA,NA
80,10,ode,nonmem_scm,focei,24,ok,TRUE,FALSE,FALSE,FALSE,-1609.9871679106648,NA,psn_lst,NA,TRUE,FALSE,FALSE,NA,nonmem,psn_cov,2,2,2,0,TRUE,NA,NA,NA,3240.083,3199.19,0.987,NA,NA,NA
80,10,ode,nonmem_scm,focei,25,ok,TRUE,FALSE,FALSE,FALSE,-1681.9395612990832,NA,psn_lst,NA,TRUE,FALSE,FALSE,NA,nonmem,psn_cov,2,2,2,0,TRUE,NA,NA,NA,1657.858,3759.84,2.268,NA,NA,NA
80,10,ode,nonmem_scm,focei,26,not_converged,FALSE,FALSE,FALSE,FALSE,-1582.276544100696,NA,psn_lst,NA,FALSE,FALSE,TRUE,NA,nonmem,psn_cov,2,2,2,0,TRUE,NA,NA,NA,1251.6,2981.11,2.382,NA,NA,NA
80,10,ode,nonmem_scm,focei,27,ok,TRUE,FALSE,FALSE,FALSE,-1564.3114833645848,NA,psn_lst,NA,TRUE,FALSE,FALSE,NA,nonmem,psn_cov,2,2,2,0,TRUE,NA,NA,NA,2636.165,2593.97,0.984,NA,NA,NA
80,10,ode,nonmem_scm,focei,28,not_converged,FALSE,FALSE,FALSE,FALSE,-1649.6860719398844,NA,psn_lst,NA,FALSE,FALSE,TRUE,NA,nonmem,psn_cov,2,2,2,0,TRUE,NA,NA,NA,2805.856,2768.72,0.987,NA,NA,NA
80,10,ode,nonmem_scm,focei,29,not_converged,FALSE,FALSE,FALSE,FALSE,-1643.8355523498058,NA,psn_lst,NA,FALSE,FALSE,TRUE,NA,nonmem,psn_cov,2,2,2,0,TRUE,NA,NA,NA,1203.874,2885.3,2.397,NA,NA,NA
80,10,ode,nonmem_scm,focei,30,ok,TRUE,FALSE,FALSE,FALSE,-1582.610428873876,NA,psn_lst,NA,TRUE,FALSE,FALSE,NA,nonmem,psn_cov,1,2,1,0,FALSE,NA,NA,NA,1097.041,2520.26,2.297,NA,NA,NA
80,10,ode,nonmem_scm,focei,31,not_converged,FALSE,FALSE,FALSE,FALSE,-1609.741345173077,NA,psn_lst,NA,FALSE,FALSE,TRUE,NA,nonmem,psn_cov,2,2,2,0,TRUE,NA,NA,NA,3079.381,5459.39,1.773,NA,NA,NA
80,10,ode,nonmem_scm,focei,32,not_converged,FALSE,FALSE,FALSE,FALSE,-1618.957984336098,NA,psn_lst,NA,FALSE,FALSE,TRUE,NA,nonmem,psn_cov,2,2,2,0,TRUE,NA,NA,NA,3048.015,3005.1,0.986,NA,NA,NA
80,10,ode,nonmem_scm,focei,33,ok,TRUE,FALSE,FALSE,FALSE,-1677.9136619036854,NA,psn_lst,NA,TRUE,FALSE,FALSE,NA,nonmem,psn_cov,2,2,2,0,TRUE,NA,NA,NA,1964.394,4565.17,2.324,NA,NA,NA
80,10,ode,nonmem_scm,focei,34,ok,TRUE,FALSE,FALSE,FALSE,-1572.585768467393,NA,psn_lst,NA,TRUE,FALSE,FALSE,NA,nonmem,psn_cov,2,2,2,0,TRUE,NA,NA,NA,2435.285,4292.35,1.763,NA,NA,NA
80,10,ode,nonmem_scm,focei,35,not_converged,FALSE,FALSE,FALSE,FALSE,-1644.4649906705274,NA,psn_lst,NA,FALSE,FALSE,TRUE,NA,nonmem,psn_cov,2,2,1,1,FALSE,NA,NA,NA,3005.669,2956.44,0.984,NA,NA,NA
80,10,ode,nonmem_scm,focei,36,not_converged,FALSE,FALSE,FALSE,FALSE,-1589.414162026589,NA,psn_lst,NA,FALSE,FALSE,TRUE,NA,nonmem,psn_cov,2,2,2,0,TRUE,NA,NA,NA,2947.246,2903.42,0.985,NA,NA,NA
80,10,ode,nonmem_scm,focei,37,ok,TRUE,FALSE,FALSE,FALSE,-1627.55087899736,NA,psn_lst,NA,TRUE,FALSE,FALSE,NA,nonmem,psn_cov,2,2,2,0,TRUE,NA,NA,NA,3280.887,3239.28,0.987,NA,NA,NA
80,10,ode,nonmem_scm,focei,38,not_converged,FALSE,FALSE,FALSE,FALSE,-1580.6325162650394,NA,psn_lst,NA,FALSE,FALSE,TRUE,NA,nonmem,psn_cov,2,2,2,0,TRUE,NA,NA,NA,2532.021,4387.33,1.733,NA,NA,NA
80,10,ode,nonmem_scm,focei,39,ok,TRUE,FALSE,FALSE,FALSE,-1618.9425586333368,NA,psn_lst,NA,TRUE,FALSE,FALSE,NA,nonmem,psn_cov,2,2,1,1,FALSE,NA,NA,NA,2798.447,2759.2,0.986,NA,NA,NA
80,10,ode,nonmem_scm,focei,40,not_converged,FALSE,FALSE,FALSE,FALSE,-1653.9347135889975,NA,psn_lst,NA,FALSE,FALSE,TRUE,NA,nonmem,psn_cov,2,2,2,0,TRUE,NA,NA,NA,2312.249,4030.37,1.743,NA,NA,NA
80,10,ode,nonmem_scm,focei,41,ok,TRUE,FALSE,FALSE,FALSE,-1598.3838284746616,NA,psn_lst,NA,TRUE,FALSE,FALSE,NA,nonmem,psn_cov,2,2,1,1,FALSE,NA,NA,NA,1426.91,3211.09,2.25,NA,NA,NA
80,10,ode,nonmem_scm,focei,42,not_converged,FALSE,FALSE,FALSE,FALSE,-1647.6893702406169,NA,psn_lst,NA,FALSE,FALSE,TRUE,NA,nonmem,psn_cov,2,2,2,0,TRUE,NA,NA,NA,1628.679,3732.58,2.292,NA,NA,NA
80,10,ode,nonmem_scm,focei,43,ok,TRUE,FALSE,FALSE,FALSE,-1538.0055824997362,NA,psn_lst,NA,TRUE,FALSE,FALSE,NA,nonmem,psn_cov,2,2,1,1,FALSE,NA,NA,NA,2970.122,2929.42,0.986,NA,NA,NA
80,10,ode,nonmem_scm,focei,44,not_converged,FALSE,FALSE,FALSE,FALSE,-1615.6505422838277,NA,psn_lst,NA,FALSE,FALSE,TRUE,NA,nonmem,psn_cov,2,2,2,0,TRUE,NA,NA,NA,1991.717,4883.12,2.452,NA,NA,NA
80,10,ode,nonmem_scm,focei,45,not_converged,FALSE,FALSE,FALSE,FALSE,-1714.9487395500737,NA,psn_lst,NA,FALSE,FALSE,TRUE,NA,nonmem,psn_cov,3,2,1,2,FALSE,NA,NA,NA,1922.471,4366.2,2.271,NA,NA,NA
80,10,ode,nonmem_scm,focei,46,not_converged,FALSE,FALSE,FALSE,FALSE,-1589.4232589935457,NA,psn_lst,NA,FALSE,FALSE,TRUE,NA,nonmem,psn_cov,2,2,2,0,TRUE,NA,NA,NA,1665.024,4013.23,2.41,NA,NA,NA
80,10,ode,nonmem_scm,focei,47,ok,TRUE,FALSE,FALSE,FALSE,-1593.9392662699388,NA,psn_lst,NA,TRUE,FALSE,FALSE,NA,nonmem,psn_cov,2,2,2,0,TRUE,NA,NA,NA,2775.137,2736.73,0.986,NA,NA,NA
80,10,ode,nonmem_scm,focei,48,not_converged,FALSE,FALSE,FALSE,FALSE,-1614.111971379442,NA,psn_lst,NA,FALSE,FALSE,TRUE,NA,nonmem,psn_cov,2,2,2,0,TRUE,NA,NA,NA,3029.945,2986.9,0.986,NA,NA,NA
80,10,ode,nonmem_scm,focei,49,ok,TRUE,FALSE,FALSE,FALSE,-1616.223822476834,NA,psn_lst,NA,TRUE,FALSE,FALSE,NA,nonmem,psn_cov,2,2,2,0,TRUE,NA,NA,NA,1750.152,3083.44,1.762,NA,NA,NA
80,10,ode,nonmem_scm,focei,50,not_converged,FALSE,FALSE,FALSE,FALSE,-1611.598394545605,NA,psn_lst,NA,FALSE,FALSE,TRUE,NA,nonmem,psn_cov,2,2,2,0,TRUE,NA,NA,NA,1661.107,4038.27,2.431,NA,NA,NA
80,10,ode,nonmem_scm,focei,51,not_converged,FALSE,FALSE,FALSE,FALSE,-1608.2964714954996,NA,psn_lst,NA,FALSE,FALSE,TRUE,NA,nonmem,psn_cov,2,2,2,0,TRUE,NA,NA,NA,2833.722,2793.68,0.986,NA,NA,NA
80,10,ode,nonmem_scm,focei,52,not_converged,FALSE,FALSE,FALSE,FALSE,-1576.56558628173,NA,psn_lst,NA,FALSE,FALSE,TRUE,NA,nonmem,psn_cov,2,2,1,1,FALSE,NA,NA,NA,1820.881,4538.7,2.493,NA,NA,NA
80,10,ode,nonmem_scm,focei,53,ok,TRUE,FALSE,FALSE,FALSE,-1574.922281452011,NA,psn_lst,NA,TRUE,FALSE,FALSE,NA,nonmem,psn_cov,2,2,2,0,TRUE,NA,NA,NA,2151.508,5078.73,2.361,NA,NA,NA
80,10,ode,nonmem_scm,focei,54,ok,TRUE,FALSE,FALSE,FALSE,-1604.2349029142736,NA,psn_lst,NA,TRUE,FALSE,FALSE,NA,nonmem,psn_cov,2,2,1,1,FALSE,NA,NA,NA,1251.657,2968.21,2.371,NA,NA,NA
80,10,ode,nonmem_scm,focei,55,not_converged,FALSE,FALSE,FALSE,FALSE,-1554.3032267259157,NA,psn_lst,NA,FALSE,FALSE,TRUE,NA,nonmem,psn_cov,2,2,2,0,TRUE,NA,NA,NA,1668.369,3806.91,2.282,NA,NA,NA
80,10,ode,nonmem_scm,focei,56,not_converged,FALSE,FALSE,FALSE,FALSE,-1546.426096204564,NA,psn_lst,NA,FALSE,FALSE,TRUE,NA,nonmem,psn_cov,3,2,2,1,FALSE,NA,NA,NA,2023.366,4799.98,2.372,NA,NA,NA
80,10,ode,nonmem_scm,focei,57,ok,TRUE,FALSE,FALSE,FALSE,-1607.4079267679408,NA,psn_lst,NA,TRUE,FALSE,FALSE,NA,nonmem,psn_cov,2,2,2,0,TRUE,NA,NA,NA,3026.924,2985.79,0.986,NA,NA,NA
80,10,ode,nonmem_scm,focei,58,not_converged,FALSE,FALSE,FALSE,FALSE,-1615.6631672099263,NA,psn_lst,NA,FALSE,FALSE,TRUE,NA,nonmem,psn_cov,2,2,1,1,FALSE,NA,NA,NA,1164.175,2663.8,2.288,NA,NA,NA
80,10,ode,nonmem_scm,focei,59,not_converged,FALSE,FALSE,FALSE,FALSE,-1679.5969095818607,NA,psn_lst,NA,FALSE,FALSE,TRUE,NA,nonmem,psn_cov,2,2,2,0,TRUE,NA,NA,NA,1474.516,2646.89,1.795,NA,NA,NA
80,10,ode,nonmem_scm,focei,60,not_converged,FALSE,FALSE,FALSE,FALSE,-1598.9324075991767,NA,psn_lst,NA,FALSE,FALSE,TRUE,NA,nonmem,psn_cov,2,2,2,0,TRUE,NA,NA,NA,1193.733,2847.52,2.385,NA,NA,NA
80,10,ode,nonmem_scm,focei,61,not_converged,FALSE,FALSE,FALSE,FALSE,-1625.1246747125797,NA,psn_lst,NA,FALSE,FALSE,TRUE,NA,nonmem,psn_cov,2,2,2,0,TRUE,NA,NA,NA,1541.53,2716.19,1.762,NA,NA,NA
80,10,ode,nonmem_scm,focei,62,ok,TRUE,FALSE,FALSE,FALSE,-1600.6381582515298,NA,psn_lst,NA,TRUE,FALSE,FALSE,NA,nonmem,psn_cov,2,2,1,1,FALSE,NA,NA,NA,3042.328,3001.36,0.987,NA,NA,NA
80,10,ode,nonmem_scm,focei,63,not_converged,FALSE,FALSE,FALSE,FALSE,-1630.1837559738058,NA,psn_lst,NA,FALSE,FALSE,TRUE,NA,nonmem,psn_cov,2,2,2,0,TRUE,NA,NA,NA,1437.419,2576.58,1.793,NA,NA,NA
80,10,ode,nonmem_scm,focei,64,ok,TRUE,FALSE,FALSE,FALSE,-1590.9693230550356,NA,psn_lst,NA,TRUE,FALSE,FALSE,NA,nonmem,psn_cov,2,2,2,0,TRUE,NA,NA,NA,3393.047,3350.76,0.988,NA,NA,NA
80,10,ode,nonmem_scm,focei,65,not_converged,FALSE,FALSE,FALSE,FALSE,-1579.9922852461884,NA,psn_lst,NA,FALSE,FALSE,TRUE,NA,nonmem,psn_cov,2,2,2,0,TRUE,NA,NA,NA,2750.865,2710.55,0.985,NA,NA,NA
80,10,ode,nonmem_scm,focei,66,not_converged,FALSE,FALSE,FALSE,FALSE,-1623.564266039918,NA,psn_lst,NA,FALSE,FALSE,TRUE,NA,nonmem,psn_cov,2,2,2,0,TRUE,NA,NA,NA,1375.911,3105,2.257,NA,NA,NA
80,10,ode,nonmem_scm,focei,67,ok,TRUE,FALSE,FALSE,FALSE,-1642.925049410482,NA,psn_lst,NA,TRUE,FALSE,FALSE,NA,nonmem,psn_cov,2,2,2,0,TRUE,NA,NA,NA,1435.318,2514.2,1.752,NA,NA,NA
80,10,ode,nonmem_scm,focei,68,not_converged,FALSE,FALSE,FALSE,FALSE,-1593.0081660473206,NA,psn_lst,NA,FALSE,FALSE,TRUE,NA,nonmem,psn_cov,2,2,1,1,FALSE,NA,NA,NA,1322.344,2997.02,2.266,NA,NA,NA
80,10,ode,nonmem_scm,focei,69,ok,TRUE,FALSE,FALSE,FALSE,-1686.0365832965051,NA,psn_lst,NA,TRUE,FALSE,FALSE,NA,nonmem,psn_cov,2,2,2,0,TRUE,NA,NA,NA,1442.689,2578.39,1.787,NA,NA,NA
80,10,ode,nonmem_scm,focei,70,not_converged,FALSE,FALSE,FALSE,FALSE,-1579.2925130061255,NA,psn_lst,NA,FALSE,FALSE,TRUE,NA,nonmem,psn_cov,4,2,2,2,FALSE,NA,NA,NA,2706.677,6778.83,2.504,NA,NA,NA
80,10,ode,nonmem_scm,focei,71,not_converged,FALSE,FALSE,FALSE,FALSE,-1649.5182368531302,NA,psn_lst,NA,FALSE,FALSE,TRUE,NA,nonmem,psn_cov,2,2,2,0,TRUE,NA,NA,NA,1580.113,2807.98,1.777,NA,NA,NA
80,10,ode,nonmem_scm,focei,72,not_converged,FALSE,FALSE,FALSE,FALSE,-1618.826957161103,NA,psn_lst,NA,FALSE,FALSE,TRUE,NA,nonmem,psn_cov,2,2,2,0,TRUE,NA,NA,NA,1731.788,3020.43,1.744,NA,NA,NA
80,10,ode,nonmem_scm,focei,73,not_converged,FALSE,FALSE,FALSE,FALSE,-1606.293628714226,NA,psn_lst,NA,FALSE,FALSE,TRUE,NA,nonmem,psn_cov,2,2,2,0,TRUE,NA,NA,NA,1120.865,2596.71,2.317,NA,NA,NA
80,10,ode,nonmem_scm,focei,74,ok,TRUE,FALSE,FALSE,FALSE,-1618.6468652955098,NA,psn_lst,NA,TRUE,FALSE,FALSE,NA,nonmem,psn_cov,2,2,2,0,TRUE,NA,NA,NA,1432.64,3150.59,2.199,NA,NA,NA
80,10,ode,nonmem_scm,focei,75,ok,TRUE,FALSE,FALSE,FALSE,-1611.996058786432,NA,psn_lst,NA,TRUE,FALSE,FALSE,NA,nonmem,psn_cov,3,2,2,1,FALSE,NA,NA,NA,1719.062,4147.88,2.413,NA,NA,NA
80,10,ode,nonmem_scm,focei,76,not_converged,FALSE,FALSE,FALSE,FALSE,-1622.7818347329987,NA,psn_lst,NA,FALSE,FALSE,TRUE,NA,nonmem,psn_cov,2,2,2,0,TRUE,NA,NA,NA,2942.172,2900.24,0.986,NA,NA,NA
80,10,ode,nonmem_scm,focei,77,not_converged,FALSE,FALSE,FALSE,FALSE,-1627.3521087308825,NA,psn_lst,NA,FALSE,FALSE,TRUE,NA,nonmem,psn_cov,2,2,2,0,TRUE,NA,NA,NA,2721.386,2684.27,0.986,NA,NA,NA
80,10,ode,nonmem_scm,focei,78,ok,TRUE,FALSE,FALSE,FALSE,-1642.014844013982,NA,psn_lst,NA,TRUE,FALSE,FALSE,NA,nonmem,psn_cov,2,2,2,0,TRUE,NA,NA,NA,2923.219,2880.72,0.985,NA,NA,NA
80,10,ode,nonmem_scm,focei,79,ok,TRUE,FALSE,FALSE,FALSE,-1575.3823062929373,NA,psn_lst,NA,TRUE,FALSE,FALSE,NA,nonmem,psn_cov,2,2,2,0,TRUE,NA,NA,NA,1140.779,2587.53,2.268,NA,NA,NA
80,10,ode,nonmem_scm,focei,80,ok,TRUE,FALSE,FALSE,FALSE,-1638.0425375326845,NA,psn_lst,NA,TRUE,FALSE,FALSE,NA,nonmem,psn_cov,2,2,2,0,TRUE,NA,NA,NA,2822.986,2782.26,0.986,NA,NA,NA
80,10,ode,nonmem_scm,focei,81,not_converged,FALSE,FALSE,FALSE,FALSE,-1591.4715042801697,NA,psn_lst,NA,FALSE,FALSE,TRUE,NA,nonmem,psn_cov,3,2,2,1,FALSE,NA,NA,NA,1820.092,4397.91,2.416,NA,NA,NA
80,10,ode,nonmem_scm,focei,82,ok,TRUE,FALSE,FALSE,FALSE,-1538.5937604691926,NA,psn_lst,NA,TRUE,FALSE,FALSE,NA,nonmem,psn_cov,2,2,2,0,TRUE,NA,NA,NA,1359.706,2446.36,1.799,NA,NA,NA
80,10,ode,nonmem_scm,focei,83,ok,TRUE,FALSE,FALSE,FALSE,-1511.2900909695336,NA,psn_lst,NA,TRUE,FALSE,FALSE,NA,nonmem,psn_cov,2,2,2,0,TRUE,NA,NA,NA,2918.019,2875.32,0.985,NA,NA,NA
80,10,ode,nonmem_scm,focei,84,ok,TRUE,FALSE,FALSE,FALSE,-1626.3797592826636,NA,psn_lst,NA,TRUE,FALSE,FALSE,NA,nonmem,psn_cov,2,2,2,0,TRUE,NA,NA,NA,1802.054,4298.39,2.385,NA,NA,NA
80,10,ode,nonmem_scm,focei,85,not_converged,FALSE,FALSE,FALSE,FALSE,-1633.4986623910868,NA,psn_lst,NA,FALSE,FALSE,TRUE,NA,nonmem,psn_cov,2,2,1,1,FALSE,NA,NA,NA,1733.869,4070.64,2.348,NA,NA,NA
80,10,ode,nonmem_scm,focei,86,ok,TRUE,FALSE,FALSE,FALSE,-1634.18327845285,NA,psn_lst,NA,TRUE,FALSE,FALSE,NA,nonmem,psn_cov,2,2,2,0,TRUE,NA,NA,NA,2400.708,2362.07,0.984,NA,NA,NA
80,10,ode,nonmem_scm,focei,87,not_converged,FALSE,FALSE,FALSE,FALSE,-1615.5200512373622,NA,psn_lst,NA,FALSE,FALSE,TRUE,NA,nonmem,psn_cov,2,2,2,0,TRUE,NA,NA,NA,1135.114,2699.95,2.379,NA,NA,NA
80,10,ode,nonmem_scm,focei,88,not_converged,FALSE,FALSE,FALSE,FALSE,-1561.1746715826655,NA,psn_lst,NA,FALSE,FALSE,TRUE,NA,nonmem,psn_cov,2,2,2,0,TRUE,NA,NA,NA,2832.41,2795.44,0.987,NA,NA,NA
80,10,ode,nonmem_scm,focei,89,ok,TRUE,FALSE,FALSE,FALSE,-1580.4311856106942,NA,psn_lst,NA,TRUE,FALSE,FALSE,NA,nonmem,psn_cov,2,2,2,0,TRUE,NA,NA,NA,3116.737,3073.02,0.986,NA,NA,NA
80,10,ode,nonmem_scm,focei,90,ok,TRUE,FALSE,FALSE,FALSE,-1614.478880790745,NA,psn_lst,NA,TRUE,FALSE,FALSE,NA,nonmem,psn_cov,2,2,2,0,TRUE,NA,NA,NA,1697.175,4115.76,2.425,NA,NA,NA
80,10,ode,nonmem_scm,focei,91,ok,TRUE,FALSE,FALSE,FALSE,-1666.002763779974,NA,psn_lst,NA,TRUE,FALSE,FALSE,NA,nonmem,psn_cov,2,2,2,0,TRUE,NA,NA,NA,1885.764,3357.98,1.781,NA,NA,NA
80,10,ode,nonmem_scm,focei,92,ok,TRUE,FALSE,FALSE,FALSE,-1638.1567651430971,NA,psn_lst,NA,TRUE,FALSE,FALSE,NA,nonmem,psn_cov,3,2,2,1,FALSE,NA,NA,NA,3511.369,6148.66,1.751,NA,NA,NA
80,10,ode,nonmem_scm,focei,93,not_converged,FALSE,FALSE,FALSE,FALSE,-1598.389518823721,NA,psn_lst,NA,FALSE,FALSE,TRUE,NA,nonmem,psn_cov,2,2,2,0,TRUE,NA,NA,NA,3157.467,3116.57,0.987,NA,NA,NA
80,10,ode,nonmem_scm,focei,94,ok,TRUE,FALSE,FALSE,FALSE,-1525.426106534826,NA,psn_lst,NA,TRUE,FALSE,FALSE,NA,nonmem,psn_cov,3,2,2,1,FALSE,NA,NA,NA,2096.413,5136.52,2.45,NA,NA,NA
80,10,ode,nonmem_scm,focei,95,ok,TRUE,FALSE,FALSE,FALSE,-1612.6824019758317,NA,psn_lst,NA,TRUE,FALSE,FALSE,NA,nonmem,psn_cov,2,2,1,1,FALSE,NA,NA,NA,1980.728,4506.63,2.275,NA,NA,NA
80,10,ode,nonmem_scm,focei,96,ok,TRUE,FALSE,FALSE,FALSE,-1613.133643312195,NA,psn_lst,NA,TRUE,FALSE,FALSE,NA,nonmem,psn_cov,2,2,2,0,TRUE,NA,NA,NA,2846.849,2807.64,0.986,NA,NA,NA
80,10,ode,nonmem_scm,focei,97,ok,TRUE,FALSE,FALSE,FALSE,-1590.427295157199,NA,psn_lst,NA,TRUE,FALSE,FALSE,NA,nonmem,psn_cov,2,2,2,0,TRUE,NA,NA,NA,1321.973,3040.73,2.3,NA,NA,NA
80,10,ode,nonmem_scm,focei,98,ok,TRUE,FALSE,FALSE,FALSE,-1635.8515406371391,NA,psn_lst,NA,TRUE,FALSE,FALSE,NA,nonmem,psn_cov,2,2,2,0,TRUE,NA,NA,NA,2922.472,2875.82,0.984,NA,NA,NA
80,10,ode,nonmem_scm,focei,99,not_converged,FALSE,FALSE,FALSE,FALSE,-1638.2514674282831,NA,psn_lst,NA,FALSE,FALSE,TRUE,NA,nonmem,psn_cov,2,2,2,0,TRUE,NA,NA,NA,3054.05,3015.36,0.987,NA,NA,NA
80,10,ode,nonmem_scm,focei,100,ok,TRUE,FALSE,FALSE,FALSE,-1609.1136906037102,NA,psn_lst,NA,TRUE,FALSE,FALSE,NA,nonmem,psn_cov,2,2,2,0,TRUE,NA,NA,NA,1781.821,4173.72,2.342,NA,NA,NA
80,11,ode,nonmem_scm,focei,1,ok,TRUE,FALSE,FALSE,FALSE,-1585.3031969270037,NA,psn_lst,NA,TRUE,FALSE,FALSE,NA,nonmem,psn_cov,2,2,2,0,TRUE,NA,NA,NA,2352.648,4163.92,1.77,NA,NA,NA
80,11,ode,nonmem_scm,focei,2,ok,TRUE,FALSE,FALSE,FALSE,-1637.614738904105,NA,psn_lst,NA,TRUE,FALSE,FALSE,NA,nonmem,psn_cov,2,2,2,0,TRUE,NA,NA,NA,1755.727,4402.26,2.507,NA,NA,NA
80,11,ode,nonmem_scm,focei,3,not_converged,FALSE,FALSE,FALSE,FALSE,-1605.0335948679085,NA,psn_lst,NA,FALSE,FALSE,TRUE,NA,nonmem,psn_cov,2,2,2,0,TRUE,NA,NA,NA,2123.222,4745.29,2.235,NA,NA,NA
80,11,ode,nonmem_scm,focei,4,ok,TRUE,FALSE,FALSE,FALSE,-1682.91462983558,NA,psn_lst,NA,TRUE,FALSE,FALSE,NA,nonmem,psn_cov,2,2,2,0,TRUE,NA,NA,NA,2022.456,4951.02,2.448,NA,NA,NA
80,11,ode,nonmem_scm,focei,5,ok,TRUE,FALSE,FALSE,FALSE,-1631.2361523872185,NA,psn_lst,NA,TRUE,FALSE,FALSE,NA,nonmem,psn_cov,2,2,2,0,TRUE,NA,NA,NA,3467.779,3421.09,0.987,NA,NA,NA
80,11,ode,nonmem_scm,focei,6,ok,TRUE,FALSE,FALSE,FALSE,-1671.181709047568,NA,psn_lst,NA,TRUE,FALSE,FALSE,NA,nonmem,psn_cov,2,2,2,0,TRUE,NA,NA,NA,3293.581,3249.19,0.987,NA,NA,NA
80,11,ode,nonmem_scm,focei,7,not_converged,FALSE,FALSE,FALSE,FALSE,-1615.4679645094957,NA,psn_lst,NA,FALSE,FALSE,TRUE,NA,nonmem,psn_cov,2,2,2,0,TRUE,NA,NA,NA,2996.507,2958.56,0.987,NA,NA,NA
80,11,ode,nonmem_scm,focei,8,ok,TRUE,FALSE,FALSE,FALSE,-1622.685455683793,NA,psn_lst,NA,TRUE,FALSE,FALSE,NA,nonmem,psn_cov,2,2,2,0,TRUE,NA,NA,NA,3252.323,3207.52,0.986,NA,NA,NA
80,11,ode,nonmem_scm,focei,9,ok,TRUE,FALSE,FALSE,FALSE,-1656.4711598398435,NA,psn_lst,NA,TRUE,FALSE,FALSE,NA,nonmem,psn_cov,2,2,2,0,TRUE,NA,NA,NA,3239.909,3200.24,0.988,NA,NA,NA
80,11,ode,nonmem_scm,focei,10,ok,TRUE,FALSE,FALSE,FALSE,-1590.512564635445,NA,psn_lst,NA,TRUE,FALSE,FALSE,NA,nonmem,psn_cov,2,2,2,0,TRUE,NA,NA,NA,3103.951,3061.96,0.986,NA,NA,NA
80,11,ode,nonmem_scm,focei,11,ok,TRUE,FALSE,FALSE,FALSE,-1590.3117437103751,NA,psn_lst,NA,TRUE,FALSE,FALSE,NA,nonmem,psn_cov,3,2,2,1,FALSE,NA,NA,NA,1624.821,3811.24,2.346,NA,NA,NA
80,11,ode,nonmem_scm,focei,12,not_converged,FALSE,FALSE,FALSE,FALSE,-1682.3962396724862,NA,psn_lst,NA,FALSE,FALSE,TRUE,NA,nonmem,psn_cov,2,2,2,0,TRUE,NA,NA,NA,1716.293,3070.99,1.789,NA,NA,NA
80,11,ode,nonmem_scm,focei,13,not_converged,FALSE,FALSE,FALSE,FALSE,-1611.1428416433523,NA,psn_lst,NA,FALSE,FALSE,TRUE,NA,nonmem,psn_cov,2,2,2,0,TRUE,NA,NA,NA,2721.602,2685.6,0.987,NA,NA,NA
80,11,ode,nonmem_scm,focei,14,ok,TRUE,FALSE,FALSE,FALSE,-1595.465306727446,NA,psn_lst,NA,TRUE,FALSE,FALSE,NA,nonmem,psn_cov,2,2,2,0,TRUE,NA,NA,NA,3080.423,3036.67,0.986,NA,NA,NA
80,11,ode,nonmem_scm,focei,15,ok,TRUE,FALSE,FALSE,FALSE,-1527.69465530098,NA,psn_lst,NA,TRUE,FALSE,FALSE,NA,nonmem,psn_cov,2,2,2,0,TRUE,NA,NA,NA,1626.095,3881.36,2.387,NA,NA,NA
80,11,ode,nonmem_scm,focei,16,ok,TRUE,FALSE,FALSE,FALSE,-1667.0207733254874,NA,psn_lst,NA,TRUE,FALSE,FALSE,NA,nonmem,psn_cov,2,2,2,0,TRUE,NA,NA,NA,2360.965,5579.06,2.363,NA,NA,NA
80,11,ode,nonmem_scm,focei,17,ok,TRUE,FALSE,FALSE,FALSE,-1662.9649049828377,NA,psn_lst,NA,TRUE,FALSE,FALSE,NA,nonmem,psn_cov,2,2,1,1,FALSE,NA,NA,NA,1137.312,2796.3,2.459,NA,NA,NA
80,11,ode,nonmem_scm,focei,18,ok,TRUE,FALSE,FALSE,FALSE,-1574.105138070865,NA,psn_lst,NA,TRUE,FALSE,FALSE,NA,nonmem,psn_cov,2,2,2,0,TRUE,NA,NA,NA,2771.696,2732.07,0.986,NA,NA,NA
80,11,ode,nonmem_scm,focei,19,not_converged,FALSE,FALSE,FALSE,FALSE,-1585.7262016234115,NA,psn_lst,NA,FALSE,FALSE,TRUE,NA,nonmem,psn_cov,2,2,2,0,TRUE,NA,NA,NA,2962.862,2919.68,0.985,NA,NA,NA
80,11,ode,nonmem_scm,focei,20,not_converged,FALSE,FALSE,FALSE,FALSE,-1575.7859587733385,NA,psn_lst,NA,FALSE,FALSE,TRUE,NA,nonmem,psn_cov,2,2,2,0,TRUE,NA,NA,NA,3111.472,3067.08,0.986,NA,NA,NA
80,11,ode,nonmem_scm,focei,21,ok,TRUE,FALSE,FALSE,FALSE,-1626.0634517484757,NA,psn_lst,NA,TRUE,FALSE,FALSE,NA,nonmem,psn_cov,2,2,1,1,FALSE,NA,NA,NA,2903.024,2863.15,0.986,NA,NA,NA
80,11,ode,nonmem_scm,focei,22,not_converged,FALSE,FALSE,FALSE,FALSE,-1659.8725503601474,NA,psn_lst,NA,FALSE,FALSE,TRUE,NA,nonmem,psn_cov,2,2,1,1,FALSE,NA,NA,NA,2809.307,2769.69,0.986,NA,NA,NA
80,11,ode,nonmem_scm,focei,23,ok,TRUE,FALSE,FALSE,FALSE,-1547.4008473040717,NA,psn_lst,NA,TRUE,FALSE,FALSE,NA,nonmem,psn_cov,2,2,2,0,TRUE,NA,NA,NA,2934.766,2892.29,0.986,NA,NA,NA
80,11,ode,nonmem_scm,focei,24,ok,TRUE,FALSE,FALSE,FALSE,-1625.0281173462631,NA,psn_lst,NA,TRUE,FALSE,FALSE,NA,nonmem,psn_cov,2,2,2,0,TRUE,NA,NA,NA,1593.216,3880.84,2.436,NA,NA,NA
80,11,ode,nonmem_scm,focei,25,not_converged,FALSE,FALSE,FALSE,FALSE,-1668.6071751883617,NA,psn_lst,NA,FALSE,FALSE,TRUE,NA,nonmem,psn_cov,2,2,2,0,TRUE,NA,NA,NA,2794.516,2759.51,0.987,NA,NA,NA
80,11,ode,nonmem_scm,focei,26,not_converged,FALSE,FALSE,FALSE,FALSE,-1567.574860025173,NA,psn_lst,NA,FALSE,FALSE,TRUE,NA,nonmem,psn_cov,2,2,2,0,TRUE,NA,NA,NA,3010.15,2972.91,0.988,NA,NA,NA
80,11,ode,nonmem_scm,focei,27,ok,TRUE,FALSE,FALSE,FALSE,-1597.769333632562,NA,psn_lst,NA,TRUE,FALSE,FALSE,NA,nonmem,psn_cov,2,2,2,0,TRUE,NA,NA,NA,4331.268,4275.08,0.987,NA,NA,NA
80,11,ode,nonmem_scm,focei,28,not_converged,FALSE,FALSE,FALSE,FALSE,-1594.6196200990394,NA,psn_lst,NA,FALSE,FALSE,TRUE,NA,nonmem,psn_cov,2,2,2,0,TRUE,NA,NA,NA,3040.744,3000.37,0.987,NA,NA,NA
80,11,ode,nonmem_scm,focei,29,not_converged,FALSE,FALSE,FALSE,FALSE,-1588.9389207880145,NA,psn_lst,NA,FALSE,FALSE,TRUE,NA,nonmem,psn_cov,2,2,2,0,TRUE,NA,NA,NA,2519.576,2482.83,0.985,NA,NA,NA
80,11,ode,nonmem_scm,focei,30,ok,TRUE,FALSE,FALSE,FALSE,-1554.236224426912,NA,psn_lst,NA,TRUE,FALSE,FALSE,NA,nonmem,psn_cov,2,2,2,0,TRUE,NA,NA,NA,3137.923,3096.57,0.987,NA,NA,NA
80,11,ode,nonmem_scm,focei,31,ok,TRUE,FALSE,FALSE,FALSE,-1557.985587532557,NA,psn_lst,NA,TRUE,FALSE,FALSE,NA,nonmem,psn_cov,2,2,2,0,TRUE,NA,NA,NA,3226.772,3187.44,0.988,NA,NA,NA
80,11,ode,nonmem_scm,focei,32,ok,TRUE,FALSE,FALSE,FALSE,-1634.7558957305278,NA,psn_lst,NA,TRUE,FALSE,FALSE,NA,nonmem,psn_cov,2,2,2,0,TRUE,NA,NA,NA,2856.447,2813.85,0.985,NA,NA,NA
80,11,ode,nonmem_scm,focei,33,not_converged,FALSE,FALSE,FALSE,FALSE,-1554.6626136808227,NA,psn_lst,NA,FALSE,FALSE,TRUE,NA,nonmem,psn_cov,2,2,2,0,TRUE,NA,NA,NA,1858.811,4313.25,2.32,NA,NA,NA
80,11,ode,nonmem_scm,focei,34,ok,TRUE,FALSE,FALSE,FALSE,-1588.5682626667494,NA,psn_lst,NA,TRUE,FALSE,FALSE,NA,nonmem,psn_cov,2,2,2,0,TRUE,NA,NA,NA,5473.408,5405.41,0.988,NA,NA,NA
80,11,ode,nonmem_scm,focei,35,not_converged,FALSE,FALSE,FALSE,FALSE,-1594.5114849672575,NA,psn_lst,NA,FALSE,FALSE,TRUE,NA,nonmem,psn_cov,2,2,1,1,FALSE,NA,NA,NA,3250.773,3207.2,0.987,NA,NA,NA
80,11,ode,nonmem_scm,focei,36,ok,TRUE,FALSE,FALSE,FALSE,-1574.195764344828,NA,psn_lst,NA,TRUE,FALSE,FALSE,NA,nonmem,psn_cov,2,2,2,0,TRUE,NA,NA,NA,3203.269,3162.11,0.987,NA,NA,NA
80,11,ode,nonmem_scm,focei,37,ok,TRUE,FALSE,FALSE,FALSE,-1625.729992587126,NA,psn_lst,NA,TRUE,FALSE,FALSE,NA,nonmem,psn_cov,2,2,2,0,TRUE,NA,NA,NA,3141.058,3101.8,0.988,NA,NA,NA
80,11,ode,nonmem_scm,focei,38,not_converged,FALSE,FALSE,FALSE,FALSE,-1622.7080374337777,NA,psn_lst,NA,FALSE,FALSE,TRUE,NA,nonmem,psn_cov,2,2,2,0,TRUE,NA,NA,NA,1549.218,3620.66,2.337,NA,NA,NA
80,11,ode,nonmem_scm,focei,39,ok,TRUE,FALSE,FALSE,FALSE,-1575.795719504657,NA,psn_lst,NA,TRUE,FALSE,FALSE,NA,nonmem,psn_cov,2,2,2,0,TRUE,NA,NA,NA,3204.145,3159.63,0.986,NA,NA,NA
80,11,ode,nonmem_scm,focei,40,not_converged,FALSE,FALSE,FALSE,FALSE,-1573.1286487747734,NA,psn_lst,NA,FALSE,FALSE,TRUE,NA,nonmem,psn_cov,2,2,2,0,TRUE,NA,NA,NA,1388.412,3347.6,2.411,NA,NA,NA
80,11,ode,nonmem_scm,focei,41,ok,TRUE,FALSE,FALSE,FALSE,-1546.4573910037338,NA,psn_lst,NA,TRUE,FALSE,FALSE,NA,nonmem,psn_cov,2,2,2,0,TRUE,NA,NA,NA,4649.528,4594.07,0.988,NA,NA,NA
80,11,ode,nonmem_scm,focei,42,not_converged,FALSE,FALSE,FALSE,FALSE,-1656.1855302778526,NA,psn_lst,NA,FALSE,FALSE,TRUE,NA,nonmem,psn_cov,2,2,2,0,TRUE,NA,NA,NA,3132.448,3091.69,0.987,NA,NA,NA
80,11,ode,nonmem_scm,focei,43,ok,TRUE,FALSE,FALSE,FALSE,-1511.930534327515,NA,psn_lst,NA,TRUE,FALSE,FALSE,NA,nonmem,psn_cov,2,2,1,1,FALSE,NA,NA,NA,3105.183,3063.58,0.987,NA,NA,NA
80,11,ode,nonmem_scm,focei,44,ok,TRUE,FALSE,FALSE,FALSE,-1643.340681094763,NA,psn_lst,NA,TRUE,FALSE,FALSE,NA,nonmem,psn_cov,3,2,1,2,FALSE,NA,NA,NA,4354.575,4300.62,0.988,NA,NA,NA
80,11,ode,nonmem_scm,focei,45,not_converged,FALSE,FALSE,FALSE,FALSE,-1582.906782817298,NA,psn_lst,NA,FALSE,FALSE,TRUE,NA,nonmem,psn_cov,2,2,1,1,FALSE,NA,NA,NA,4541.988,4488.3,0.988,NA,NA,NA
80,11,ode,nonmem_scm,focei,46,not_converged,FALSE,FALSE,FALSE,FALSE,-1588.3629434359705,NA,psn_lst,NA,FALSE,FALSE,TRUE,NA,nonmem,psn_cov,2,2,1,1,FALSE,NA,NA,NA,1592.488,2847.45,1.788,NA,NA,NA
80,11,ode,nonmem_scm,focei,47,not_converged,FALSE,FALSE,FALSE,FALSE,-1631.505365009103,NA,psn_lst,NA,FALSE,FALSE,TRUE,NA,nonmem,psn_cov,3,2,2,1,FALSE,NA,NA,NA,1656.242,3946.03,2.383,NA,NA,NA
80,11,ode,nonmem_scm,focei,48,ok,TRUE,FALSE,FALSE,FALSE,-1605.2683441921572,NA,psn_lst,NA,TRUE,FALSE,FALSE,NA,nonmem,psn_cov,2,2,1,1,FALSE,NA,NA,NA,2824.366,2785.63,0.986,NA,NA,NA
80,11,ode,nonmem_scm,focei,49,ok,TRUE,FALSE,FALSE,FALSE,-1597.1071630609486,NA,psn_lst,NA,TRUE,FALSE,FALSE,NA,nonmem,psn_cov,2,2,1,1,FALSE,NA,NA,NA,2613.389,5893.04,2.255,NA,NA,NA
80,11,ode,nonmem_scm,focei,50,not_converged,FALSE,FALSE,FALSE,FALSE,-1547.2617643934752,NA,psn_lst,NA,FALSE,FALSE,TRUE,NA,nonmem,psn_cov,2,2,2,0,TRUE,NA,NA,NA,3038.435,2997.78,0.987,NA,NA,NA
80,11,ode,nonmem_scm,focei,51,ok,TRUE,FALSE,FALSE,FALSE,-1611.6402100089383,NA,psn_lst,NA,TRUE,FALSE,FALSE,NA,nonmem,psn_cov,2,2,2,0,TRUE,NA,NA,NA,3544.157,3499.85,0.987,NA,NA,NA
80,11,ode,nonmem_scm,focei,52,ok,TRUE,FALSE,FALSE,FALSE,-1636.1098559373495,NA,psn_lst,NA,TRUE,FALSE,FALSE,NA,nonmem,psn_cov,2,2,0,2,FALSE,NA,NA,NA,2975.505,2932.98,0.986,NA,NA,NA
80,11,ode,nonmem_scm,focei,53,not_converged,FALSE,FALSE,FALSE,FALSE,-1638.5095600737338,NA,psn_lst,NA,FALSE,FALSE,TRUE,NA,nonmem,psn_cov,2,2,2,0,TRUE,NA,NA,NA,1143.439,2871.34,2.511,NA,NA,NA
80,11,ode,nonmem_scm,focei,54,ok,TRUE,FALSE,FALSE,FALSE,-1586.4275386853124,NA,psn_lst,NA,TRUE,FALSE,FALSE,NA,nonmem,psn_cov,2,2,2,0,TRUE,NA,NA,NA,1331.387,3177.17,2.386,NA,NA,NA
80,11,ode,nonmem_scm,focei,55,not_converged,FALSE,FALSE,FALSE,FALSE,-1624.226300145404,NA,psn_lst,NA,FALSE,FALSE,TRUE,NA,nonmem,psn_cov,2,2,2,0,TRUE,NA,NA,NA,2820.379,2779.95,0.986,NA,NA,NA
80,11,ode,nonmem_scm,focei,56,ok,TRUE,FALSE,FALSE,FALSE,-1603.8299731483592,NA,psn_lst,NA,TRUE,FALSE,FALSE,NA,nonmem,psn_cov,2,2,2,0,TRUE,NA,NA,NA,3155.315,3116.47,0.988,NA,NA,NA
80,11,ode,nonmem_scm,focei,57,ok,TRUE,FALSE,FALSE,FALSE,-1632.3688039505394,NA,psn_lst,NA,TRUE,FALSE,FALSE,NA,nonmem,psn_cov,2,2,2,0,TRUE,NA,NA,NA,2831.599,2790.43,0.985,NA,NA,NA
80,11,ode,nonmem_scm,focei,58,ok,TRUE,FALSE,FALSE,FALSE,-1646.9526142709806,NA,psn_lst,NA,TRUE,FALSE,FALSE,NA,nonmem,psn_cov,2,2,1,1,FALSE,NA,NA,NA,1067.775,2677.36,2.507,NA,NA,NA
80,11,ode,nonmem_scm,focei,59,ok,TRUE,FALSE,FALSE,FALSE,-1598.0760353945557,NA,psn_lst,NA,TRUE,FALSE,FALSE,NA,nonmem,psn_cov,3,2,1,2,FALSE,NA,NA,NA,1863.682,4089.58,2.194,NA,NA,NA
80,11,ode,nonmem_scm,focei,60,ok,TRUE,FALSE,FALSE,FALSE,-1641.8299924864302,NA,psn_lst,NA,TRUE,FALSE,FALSE,NA,nonmem,psn_cov,2,2,1,1,FALSE,NA,NA,NA,1255.09,2952.69,2.353,NA,NA,NA
80,11,ode,nonmem_scm,focei,61,ok,TRUE,FALSE,FALSE,FALSE,-1491.3093223156848,NA,psn_lst,NA,TRUE,FALSE,FALSE,NA,nonmem,psn_cov,2,2,2,0,TRUE,NA,NA,NA,3029.793,2991.68,0.987,NA,NA,NA
80,11,ode,nonmem_scm,focei,62,not_converged,FALSE,FALSE,FALSE,FALSE,-1635.5333477505617,NA,psn_lst,NA,FALSE,FALSE,TRUE,NA,nonmem,psn_cov,2,2,2,0,TRUE,NA,NA,NA,3127.806,3085.78,0.987,NA,NA,NA
80,11,ode,nonmem_scm,focei,63,not_converged,FALSE,FALSE,FALSE,FALSE,-1641.7380396282729,NA,psn_lst,NA,FALSE,FALSE,TRUE,NA,nonmem,psn_cov,2,2,2,0,TRUE,NA,NA,NA,3797.715,3746.88,0.987,NA,NA,NA
80,11,ode,nonmem_scm,focei,64,not_converged,FALSE,FALSE,FALSE,FALSE,-1664.6224311196215,NA,psn_lst,NA,FALSE,FALSE,TRUE,NA,nonmem,psn_cov,3,2,2,1,FALSE,NA,NA,NA,2418.137,5920.88,2.449,NA,NA,NA
80,11,ode,nonmem_scm,focei,65,ok,TRUE,FALSE,FALSE,FALSE,-1657.7067531864766,NA,psn_lst,NA,TRUE,FALSE,FALSE,NA,nonmem,psn_cov,2,2,2,0,TRUE,NA,NA,NA,2756.73,2717.29,0.986,NA,NA,NA
80,11,ode,nonmem_scm,focei,66,ok,TRUE,FALSE,FALSE,FALSE,-1642.2542615600971,NA,psn_lst,NA,TRUE,FALSE,FALSE,NA,nonmem,psn_cov,2,2,2,0,TRUE,NA,NA,NA,2391.468,5689.57,2.379,NA,NA,NA
80,11,ode,nonmem_scm,focei,67,not_converged,FALSE,FALSE,FALSE,FALSE,-1586.782764288187,NA,psn_lst,NA,FALSE,FALSE,TRUE,NA,nonmem,psn_cov,2,2,2,0,TRUE,NA,NA,NA,3337.077,3293.13,0.987,NA,NA,NA
80,11,ode,nonmem_scm,focei,68,not_converged,FALSE,FALSE,FALSE,FALSE,-1611.3491432021096,NA,psn_lst,NA,FALSE,FALSE,TRUE,NA,nonmem,psn_cov,2,2,2,0,TRUE,NA,NA,NA,2943.145,2899.58,0.985,NA,NA,NA
80,11,ode,nonmem_scm,focei,69,ok,TRUE,FALSE,FALSE,FALSE,-1625.958969513748,NA,psn_lst,NA,TRUE,FALSE,FALSE,NA,nonmem,psn_cov,2,2,2,0,TRUE,NA,NA,NA,1957.327,4790.35,2.447,NA,NA,NA
80,11,ode,nonmem_scm,focei,70,ok,TRUE,FALSE,FALSE,FALSE,-1625.750331451001,NA,psn_lst,NA,TRUE,FALSE,FALSE,NA,nonmem,psn_cov,2,2,2,0,TRUE,NA,NA,NA,1493.905,3611.28,2.417,NA,NA,NA
80,11,ode,nonmem_scm,focei,71,not_converged,FALSE,FALSE,FALSE,FALSE,-1611.595706710549,NA,psn_lst,NA,FALSE,FALSE,TRUE,NA,nonmem,psn_cov,2,2,2,0,TRUE,NA,NA,NA,3311.462,3270.43,0.988,NA,NA,NA
80,11,ode,nonmem_scm,focei,72,not_converged,FALSE,FALSE,FALSE,FALSE,-1661.3901273723009,NA,psn_lst,NA,FALSE,FALSE,TRUE,NA,nonmem,psn_cov,3,2,2,1,FALSE,NA,NA,NA,2209.847,3995.19,1.808,NA,NA,NA
80,11,ode,nonmem_scm,focei,73,ok,TRUE,FALSE,FALSE,FALSE,-1558.664381244271,NA,psn_lst,NA,TRUE,FALSE,FALSE,NA,nonmem,psn_cov,2,2,2,0,TRUE,NA,NA,NA,2884.52,2845.49,0.986,NA,NA,NA
80,11,ode,nonmem_scm,focei,74,ok,TRUE,FALSE,FALSE,FALSE,-1632.1578063620586,NA,psn_lst,NA,TRUE,FALSE,FALSE,NA,nonmem,psn_cov,2,2,1,1,FALSE,NA,NA,NA,2359.632,5544.49,2.35,NA,NA,NA
80,11,ode,nonmem_scm,focei,75,not_converged,FALSE,FALSE,FALSE,FALSE,-1620.1337307304436,NA,psn_lst,NA,FALSE,FALSE,TRUE,NA,nonmem,psn_cov,3,2,2,1,FALSE,NA,NA,NA,3800.309,6740.59,1.774,NA,NA,NA
80,11,ode,nonmem_scm,focei,76,not_converged,FALSE,FALSE,FALSE,FALSE,-1595.6207083630266,NA,psn_lst,NA,FALSE,FALSE,TRUE,NA,nonmem,psn_cov,3,2,2,1,FALSE,NA,NA,NA,2298.713,4009.99,1.744,NA,NA,NA
80,11,ode,nonmem_scm,focei,77,ok,TRUE,FALSE,FALSE,FALSE,-1708.808180694782,NA,psn_lst,NA,TRUE,FALSE,FALSE,NA,nonmem,psn_cov,2,2,1,1,FALSE,NA,NA,NA,1224.865,2795.17,2.282,NA,NA,NA
80,11,ode,nonmem_scm,focei,78,ok,TRUE,FALSE,FALSE,FALSE,-1549.8718858886468,NA,psn_lst,NA,TRUE,FALSE,FALSE,NA,nonmem,psn_cov,2,2,2,0,TRUE,NA,NA,NA,1853.151,4129.07,2.228,NA,NA,NA
80,11,ode,nonmem_scm,focei,79,not_converged,FALSE,FALSE,FALSE,FALSE,-1618.595767353204,NA,psn_lst,NA,FALSE,FALSE,TRUE,NA,nonmem,psn_cov,2,2,2,0,TRUE,NA,NA,NA,1642.903,4053.96,2.468,NA,NA,NA
80,11,ode,nonmem_scm,focei,80,not_converged,FALSE,FALSE,FALSE,FALSE,-1618.358314859925,NA,psn_lst,NA,FALSE,FALSE,TRUE,NA,nonmem,psn_cov,2,2,1,1,FALSE,NA,NA,NA,2581.624,4526.84,1.753,NA,NA,NA
80,11,ode,nonmem_scm,focei,81,ok,TRUE,FALSE,FALSE,FALSE,-1604.0537524375095,NA,psn_lst,NA,TRUE,FALSE,FALSE,NA,nonmem,psn_cov,2,2,2,0,TRUE,NA,NA,NA,1302.223,3138.36,2.41,NA,NA,NA
80,11,ode,nonmem_scm,focei,82,not_converged,FALSE,FALSE,FALSE,FALSE,-1570.1831613641673,NA,psn_lst,NA,FALSE,FALSE,TRUE,NA,nonmem,psn_cov,2,2,1,1,FALSE,NA,NA,NA,1327.045,3085.51,2.325,NA,NA,NA
80,11,ode,nonmem_scm,focei,83,not_converged,FALSE,FALSE,FALSE,FALSE,-1593.2705621260232,NA,psn_lst,NA,FALSE,FALSE,TRUE,NA,nonmem,psn_cov,2,2,2,0,TRUE,NA,NA,NA,1864.946,4366.39,2.341,NA,NA,NA
80,11,ode,nonmem_scm,focei,84,not_converged,FALSE,FALSE,FALSE,FALSE,-1616.2756447575537,NA,psn_lst,NA,FALSE,FALSE,TRUE,NA,nonmem,psn_cov,2,2,2,0,TRUE,NA,NA,NA,1827.804,4578.37,2.505,NA,NA,NA
80,11,ode,nonmem_scm,focei,85,ok,TRUE,FALSE,FALSE,FALSE,-1620.1809288313405,NA,psn_lst,NA,TRUE,FALSE,FALSE,NA,nonmem,psn_cov,2,2,2,0,TRUE,NA,NA,NA,3105.065,3063.3,0.987,NA,NA,NA
80,11,ode,nonmem_scm,focei,86,not_converged,FALSE,FALSE,FALSE,FALSE,-1552.8186715636723,NA,psn_lst,NA,FALSE,FALSE,TRUE,NA,nonmem,psn_cov,3,2,1,2,FALSE,NA,NA,NA,1769.899,4077.82,2.304,NA,NA,NA
80,11,ode,nonmem_scm,focei,87,not_converged,FALSE,FALSE,FALSE,FALSE,-1633.5746080631784,NA,psn_lst,NA,FALSE,FALSE,TRUE,NA,nonmem,psn_cov,2,2,2,0,TRUE,NA,NA,NA,1594.542,2889.15,1.812,NA,NA,NA
80,11,ode,nonmem_scm,focei,88,ok,TRUE,FALSE,FALSE,FALSE,-1580.5836696192664,NA,psn_lst,NA,TRUE,FALSE,FALSE,NA,nonmem,psn_cov,2,2,2,0,TRUE,NA,NA,NA,2584.333,2548.67,0.986,NA,NA,NA
80,11,ode,nonmem_scm,focei,89,not_converged,FALSE,FALSE,FALSE,FALSE,-1605.3842574066502,NA,psn_lst,NA,FALSE,FALSE,TRUE,NA,nonmem,psn_cov,2,2,2,0,TRUE,NA,NA,NA,3386.779,3341.94,0.987,NA,NA,NA
80,11,ode,nonmem_scm,focei,90,ok,TRUE,FALSE,FALSE,FALSE,-1636.0182152845869,NA,psn_lst,NA,TRUE,FALSE,FALSE,NA,nonmem,psn_cov,2,2,1,1,FALSE,NA,NA,NA,3156.452,3111.79,0.986,NA,NA,NA
80,11,ode,nonmem_scm,focei,91,ok,TRUE,FALSE,FALSE,FALSE,-1613.113074255402,NA,psn_lst,NA,TRUE,FALSE,FALSE,NA,nonmem,psn_cov,2,2,2,0,TRUE,NA,NA,NA,2883.957,2840.17,0.985,NA,NA,NA
80,11,ode,nonmem_scm,focei,92,ok,TRUE,FALSE,FALSE,FALSE,-1610.7260656319863,NA,psn_lst,NA,TRUE,FALSE,FALSE,NA,nonmem,psn_cov,2,2,2,0,TRUE,NA,NA,NA,2282.363,4035.59,1.768,NA,NA,NA
80,11,ode,nonmem_scm,focei,93,not_converged,FALSE,FALSE,FALSE,FALSE,-1556.234364923875,NA,psn_lst,NA,FALSE,FALSE,TRUE,NA,nonmem,psn_cov,2,2,2,0,TRUE,NA,NA,NA,2652.252,2614.51,0.986,NA,NA,NA
80,11,ode,nonmem_scm,focei,94,ok,TRUE,FALSE,FALSE,FALSE,-1594.3250249802652,NA,psn_lst,NA,TRUE,FALSE,FALSE,NA,nonmem,psn_cov,2,2,2,0,TRUE,NA,NA,NA,1770.995,3263.76,1.843,NA,NA,NA
80,11,ode,nonmem_scm,focei,95,ok,TRUE,FALSE,FALSE,FALSE,-1639.0613214854031,NA,psn_lst,NA,TRUE,FALSE,FALSE,NA,nonmem,psn_cov,2,2,2,0,TRUE,NA,NA,NA,2849.657,2804.04,0.984,NA,NA,NA
80,11,ode,nonmem_scm,focei,96,not_converged,FALSE,FALSE,FALSE,FALSE,-1566.4178127315115,NA,psn_lst,NA,FALSE,FALSE,TRUE,NA,nonmem,psn_cov,2,2,1,1,FALSE,NA,NA,NA,2689.241,2648.72,0.985,NA,NA,NA
80,11,ode,nonmem_scm,focei,97,not_converged,FALSE,FALSE,FALSE,FALSE,-1643.9620847130989,NA,psn_lst,NA,FALSE,FALSE,TRUE,NA,nonmem,psn_cov,3,2,1,2,FALSE,NA,NA,NA,1751.751,4465.5,2.549,NA,NA,NA
80,11,ode,nonmem_scm,focei,98,ok,TRUE,FALSE,FALSE,FALSE,-1678.0432321831058,NA,psn_lst,NA,TRUE,FALSE,FALSE,NA,nonmem,psn_cov,2,2,2,0,TRUE,NA,NA,NA,1763.287,4260.06,2.416,NA,NA,NA
80,11,ode,nonmem_scm,focei,99,ok,TRUE,FALSE,FALSE,FALSE,-1627.596335652707,NA,psn_lst,NA,TRUE,FALSE,FALSE,NA,nonmem,psn_cov,2,2,2,0,TRUE,NA,NA,NA,2907.865,2868.17,0.986,NA,NA,NA
80,11,ode,nonmem_scm,focei,100,ok,TRUE,FALSE,FALSE,FALSE,-1554.3386556278538,NA,psn_lst,NA,TRUE,FALSE,FALSE,NA,nonmem,psn_cov,2,2,2,0,TRUE,NA,NA,NA,1212.459,2808.5,2.316,NA,NA,NA
80,12,ode,nonmem_scm,focei,1,not_converged,FALSE,FALSE,FALSE,FALSE,-1616.5862845621325,NA,psn_lst,NA,FALSE,FALSE,TRUE,NA,nonmem,psn_cov,3,3,2,1,FALSE,NA,NA,NA,2075.114,3806.11,1.834,NA,NA,NA
80,12,ode,nonmem_scm,focei,2,not_converged,FALSE,FALSE,FALSE,FALSE,-1561.4431426976485,NA,psn_lst,NA,FALSE,FALSE,TRUE,NA,nonmem,psn_cov,3,3,3,0,TRUE,NA,NA,NA,1639.72,3927.84,2.395,NA,NA,NA
80,12,ode,nonmem_scm,focei,3,not_converged,FALSE,FALSE,FALSE,FALSE,-1545.9209150349252,NA,psn_lst,NA,FALSE,FALSE,TRUE,NA,nonmem,psn_cov,3,3,3,0,TRUE,NA,NA,NA,2906.529,5163.06,1.776,NA,NA,NA
80,12,ode,nonmem_scm,focei,4,ok,TRUE,FALSE,FALSE,FALSE,-1664.6058286410369,NA,psn_lst,NA,TRUE,FALSE,FALSE,NA,nonmem,psn_cov,4,3,3,1,FALSE,NA,NA,NA,2733.204,6556.8,2.399,NA,NA,NA
80,12,ode,nonmem_scm,focei,5,ok,TRUE,FALSE,FALSE,FALSE,-1538.6643738008,NA,psn_lst,NA,TRUE,FALSE,FALSE,NA,nonmem,psn_cov,3,3,1,2,FALSE,NA,NA,NA,2442.007,5873.88,2.405,NA,NA,NA
80,12,ode,nonmem_scm,focei,6,not_converged,FALSE,FALSE,FALSE,FALSE,-1622.0730268492082,NA,psn_lst,NA,FALSE,FALSE,TRUE,NA,nonmem,psn_cov,3,3,3,0,TRUE,NA,NA,NA,1952.279,4627.58,2.37,NA,NA,NA
80,12,ode,nonmem_scm,focei,7,ok,TRUE,FALSE,FALSE,FALSE,-1625.2293181200198,NA,psn_lst,NA,TRUE,FALSE,FALSE,NA,nonmem,psn_cov,3,3,2,1,FALSE,NA,NA,NA,1654.815,4043.54,2.443,NA,NA,NA
80,12,ode,nonmem_scm,focei,8,ok,TRUE,FALSE,FALSE,FALSE,-1661.7576690580354,NA,psn_lst,NA,TRUE,FALSE,FALSE,NA,nonmem,psn_cov,2,3,2,0,FALSE,NA,NA,NA,1733.873,4083.85,2.355,NA,NA,NA
80,12,ode,nonmem_scm,focei,9,ok,TRUE,FALSE,FALSE,FALSE,-1632.4928305682593,NA,psn_lst,NA,TRUE,FALSE,FALSE,NA,nonmem,psn_cov,4,3,3,1,FALSE,NA,NA,NA,2471.143,5566.07,2.252,NA,NA,NA
80,12,ode,nonmem_scm,focei,10,not_converged,FALSE,FALSE,FALSE,FALSE,-1592.798373116966,NA,psn_lst,NA,FALSE,FALSE,TRUE,NA,nonmem,psn_cov,3,3,3,0,TRUE,NA,NA,NA,3030.12,7410.45,2.446,NA,NA,NA
80,12,ode,nonmem_scm,focei,11,not_converged,FALSE,FALSE,FALSE,FALSE,-1619.6576975343737,NA,psn_lst,NA,FALSE,FALSE,TRUE,NA,nonmem,psn_cov,3,3,3,0,TRUE,NA,NA,NA,1579.723,3614.55,2.288,NA,NA,NA
80,12,ode,nonmem_scm,focei,12,not_converged,FALSE,FALSE,FALSE,FALSE,-1657.3457467961002,NA,psn_lst,NA,FALSE,FALSE,TRUE,NA,nonmem,psn_cov,3,3,2,1,FALSE,NA,NA,NA,2626.06,6210.49,2.365,NA,NA,NA
80,12,ode,nonmem_scm,focei,13,ok,TRUE,FALSE,FALSE,FALSE,-1568.2434062092411,NA,psn_lst,NA,TRUE,FALSE,FALSE,NA,nonmem,psn_cov,3,3,3,0,TRUE,NA,NA,NA,2366.514,5491.69,2.321,NA,NA,NA
80,12,ode,nonmem_scm,focei,14,not_converged,FALSE,FALSE,FALSE,FALSE,-1620.346465302505,NA,psn_lst,NA,FALSE,FALSE,TRUE,NA,nonmem,psn_cov,3,3,3,0,TRUE,NA,NA,NA,3819.604,3765.6,0.986,NA,NA,NA
80,12,ode,nonmem_scm,focei,15,ok,TRUE,FALSE,FALSE,FALSE,-1537.3573445139446,NA,psn_lst,NA,TRUE,FALSE,FALSE,NA,nonmem,psn_cov,3,3,2,1,FALSE,NA,NA,NA,1687.765,4293.15,2.544,NA,NA,NA
80,12,ode,nonmem_scm,focei,16,not_converged,FALSE,FALSE,FALSE,FALSE,-1637.100664302704,NA,psn_lst,NA,FALSE,FALSE,TRUE,NA,nonmem,psn_cov,3,3,3,0,TRUE,NA,NA,NA,1924.109,4460.21,2.318,NA,NA,NA
80,12,ode,nonmem_scm,focei,17,ok,TRUE,FALSE,FALSE,FALSE,-1502.6403224011233,NA,psn_lst,NA,TRUE,FALSE,FALSE,NA,nonmem,psn_cov,3,3,3,0,TRUE,NA,NA,NA,2221.252,5438.73,2.448,NA,NA,NA
80,12,ode,nonmem_scm,focei,18,not_converged,FALSE,FALSE,FALSE,FALSE,-1595.466143385118,NA,psn_lst,NA,FALSE,FALSE,TRUE,NA,nonmem,psn_cov,3,3,3,0,TRUE,NA,NA,NA,1777.479,4349.12,2.447,NA,NA,NA
80,12,ode,nonmem_scm,focei,19,not_converged,FALSE,FALSE,FALSE,FALSE,-1614.5971206083595,NA,psn_lst,NA,FALSE,FALSE,TRUE,NA,nonmem,psn_cov,3,3,3,0,TRUE,NA,NA,NA,1887.145,3381.31,1.792,NA,NA,NA
80,12,ode,nonmem_scm,focei,20,not_converged,FALSE,FALSE,FALSE,FALSE,-1596.499637849735,NA,psn_lst,NA,FALSE,FALSE,TRUE,NA,nonmem,psn_cov,3,3,3,0,TRUE,NA,NA,NA,1736.002,4004.11,2.307,NA,NA,NA
80,12,ode,nonmem_scm,focei,21,not_converged,FALSE,FALSE,FALSE,FALSE,-1587.1961759447777,NA,psn_lst,NA,FALSE,FALSE,TRUE,NA,nonmem,psn_cov,3,3,3,0,TRUE,NA,NA,NA,1758.362,4268.36,2.427,NA,NA,NA
80,12,ode,nonmem_scm,focei,22,not_converged,FALSE,FALSE,FALSE,FALSE,-1570.1675457420702,NA,psn_lst,NA,FALSE,FALSE,TRUE,NA,nonmem,psn_cov,3,3,2,1,FALSE,NA,NA,NA,1686.871,4113.53,2.439,NA,NA,NA
80,12,ode,nonmem_scm,focei,23,not_converged,FALSE,FALSE,FALSE,FALSE,-1582.1477645633886,NA,psn_lst,NA,FALSE,FALSE,TRUE,NA,nonmem,psn_cov,3,3,2,1,FALSE,NA,NA,NA,1716.275,4061.89,2.367,NA,NA,NA
80,12,ode,nonmem_scm,focei,24,not_converged,FALSE,FALSE,FALSE,FALSE,-1591.326045196809,NA,psn_lst,NA,FALSE,FALSE,TRUE,NA,nonmem,psn_cov,3,3,2,1,FALSE,NA,NA,NA,1703.354,3831.4,2.249,NA,NA,NA
80,12,ode,nonmem_scm,focei,25,not_converged,FALSE,FALSE,FALSE,FALSE,-1623.3878455229355,NA,psn_lst,NA,FALSE,FALSE,TRUE,NA,nonmem,psn_cov,3,3,3,0,TRUE,NA,NA,NA,2147.455,3939.38,1.834,NA,NA,NA
80,12,ode,nonmem_scm,focei,26,not_converged,FALSE,FALSE,FALSE,FALSE,-1670.4754946424289,NA,psn_lst,NA,FALSE,FALSE,TRUE,NA,nonmem,psn_cov,3,3,2,1,FALSE,NA,NA,NA,1811.799,4337.59,2.394,NA,NA,NA
80,12,ode,nonmem_scm,focei,27,not_converged,FALSE,FALSE,FALSE,FALSE,-1661.9678658664843,NA,psn_lst,NA,FALSE,FALSE,TRUE,NA,nonmem,psn_cov,3,3,2,1,FALSE,NA,NA,NA,1660.715,4012.35,2.416,NA,NA,NA
80,12,ode,nonmem_scm,focei,28,not_converged,FALSE,FALSE,FALSE,FALSE,-1595.2204637884747,NA,psn_lst,NA,FALSE,FALSE,TRUE,NA,nonmem,psn_cov,3,3,3,0,TRUE,NA,NA,NA,1805.48,4366.46,2.418,NA,NA,NA
80,12,ode,nonmem_scm,focei,29,ok,TRUE,FALSE,FALSE,FALSE,-1612.9835967181075,NA,psn_lst,NA,TRUE,FALSE,FALSE,NA,nonmem,psn_cov,3,3,3,0,TRUE,NA,NA,NA,1695.267,3994.25,2.356,NA,NA,NA
80,12,ode,nonmem_scm,focei,30,not_converged,FALSE,FALSE,FALSE,FALSE,-1603.7337957496602,NA,psn_lst,NA,FALSE,FALSE,TRUE,NA,nonmem,psn_cov,3,3,2,1,FALSE,NA,NA,NA,1582.283,3835.99,2.424,NA,NA,NA
80,12,ode,nonmem_scm,focei,31,not_converged,FALSE,FALSE,FALSE,FALSE,-1570.7145231971135,NA,psn_lst,NA,FALSE,FALSE,TRUE,NA,nonmem,psn_cov,4,3,3,1,FALSE,NA,NA,NA,2992.425,7083.63,2.367,NA,NA,NA
80,12,ode,nonmem_scm,focei,32,ok,TRUE,FALSE,FALSE,FALSE,-1558.3372922662832,NA,psn_lst,NA,TRUE,FALSE,FALSE,NA,nonmem,psn_cov,3,3,2,1,FALSE,NA,NA,NA,1893.802,4599.22,2.429,NA,NA,NA
80,12,ode,nonmem_scm,focei,33,not_converged,FALSE,FALSE,FALSE,FALSE,-1571.3677972653538,NA,psn_lst,NA,FALSE,FALSE,TRUE,NA,nonmem,psn_cov,3,3,3,0,TRUE,NA,NA,NA,2392.674,5986.22,2.502,NA,NA,NA
80,12,ode,nonmem_scm,focei,34,not_converged,FALSE,FALSE,FALSE,FALSE,-1622.4112518098357,NA,psn_lst,NA,FALSE,FALSE,TRUE,NA,nonmem,psn_cov,3,3,3,0,TRUE,NA,NA,NA,4457.389,4402.87,0.988,NA,NA,NA
80,12,ode,nonmem_scm,focei,35,not_converged,FALSE,FALSE,FALSE,FALSE,-1600.3120481024646,NA,psn_lst,NA,FALSE,FALSE,TRUE,NA,nonmem,psn_cov,3,3,3,0,TRUE,NA,NA,NA,2586.399,5898.41,2.281,NA,NA,NA
80,12,ode,nonmem_scm,focei,36,not_converged,FALSE,FALSE,FALSE,FALSE,-1591.6709613956505,NA,psn_lst,NA,FALSE,FALSE,TRUE,NA,nonmem,psn_cov,3,3,3,0,TRUE,NA,NA,NA,2309.673,5488.72,2.376,NA,NA,NA
80,12,ode,nonmem_scm,focei,37,ok,TRUE,FALSE,FALSE,FALSE,-1606.7318730999,NA,psn_lst,NA,TRUE,FALSE,FALSE,NA,nonmem,psn_cov,3,3,3,0,TRUE,NA,NA,NA,2127.567,5433.53,2.554,NA,NA,NA
80,12,ode,nonmem_scm,focei,38,ok,TRUE,FALSE,FALSE,FALSE,-1556.652649008297,NA,psn_lst,NA,TRUE,FALSE,FALSE,NA,nonmem,psn_cov,3,3,3,0,TRUE,NA,NA,NA,2039.935,5105.16,2.503,NA,NA,NA
80,12,ode,nonmem_scm,focei,39,not_converged,FALSE,FALSE,FALSE,FALSE,-1639.902827630544,NA,psn_lst,NA,FALSE,FALSE,TRUE,NA,nonmem,psn_cov,3,3,3,0,TRUE,NA,NA,NA,2351.332,5540.66,2.356,NA,NA,NA
80,12,ode,nonmem_scm,focei,40,ok,TRUE,FALSE,FALSE,FALSE,-1608.8483374438454,NA,psn_lst,NA,TRUE,FALSE,FALSE,NA,nonmem,psn_cov,3,3,2,1,FALSE,NA,NA,NA,1688.184,3912.14,2.317,NA,NA,NA
80,12,ode,nonmem_scm,focei,41,not_converged,FALSE,FALSE,FALSE,FALSE,-1602.1640034310658,NA,psn_lst,NA,FALSE,FALSE,TRUE,NA,nonmem,psn_cov,3,3,3,0,TRUE,NA,NA,NA,2428.165,4317.97,1.778,NA,NA,NA
80,12,ode,nonmem_scm,focei,42,not_converged,FALSE,FALSE,FALSE,FALSE,-1649.3928723400788,NA,psn_lst,NA,FALSE,FALSE,TRUE,NA,nonmem,psn_cov,3,3,3,0,TRUE,NA,NA,NA,1888.055,4444.01,2.354,NA,NA,NA
80,12,ode,nonmem_scm,focei,43,ok,TRUE,FALSE,FALSE,FALSE,-1560.7460143414826,NA,psn_lst,NA,TRUE,FALSE,FALSE,NA,nonmem,psn_cov,3,3,2,1,FALSE,NA,NA,NA,1557.13,3896.84,2.503,NA,NA,NA
80,12,ode,nonmem_scm,focei,44,ok,TRUE,FALSE,FALSE,FALSE,-1527.621798021457,NA,psn_lst,NA,TRUE,FALSE,FALSE,NA,nonmem,psn_cov,3,3,3,0,TRUE,NA,NA,NA,2887.988,7038.3,2.437,NA,NA,NA
80,12,ode,nonmem_scm,focei,45,not_converged,FALSE,FALSE,FALSE,FALSE,-1613.0921187326826,NA,psn_lst,NA,FALSE,FALSE,TRUE,NA,nonmem,psn_cov,3,3,3,0,TRUE,NA,NA,NA,1535.645,3906.94,2.544,NA,NA,NA
80,12,ode,nonmem_scm,focei,46,ok,TRUE,FALSE,FALSE,FALSE,-1597.8455886964368,NA,psn_lst,NA,TRUE,FALSE,FALSE,NA,nonmem,psn_cov,3,3,3,0,TRUE,NA,NA,NA,1701.35,4125.19,2.425,NA,NA,NA
80,12,ode,nonmem_scm,focei,47,not_converged,FALSE,FALSE,FALSE,FALSE,-1614.0577083199555,NA,psn_lst,NA,FALSE,FALSE,TRUE,NA,nonmem,psn_cov,3,3,3,0,TRUE,NA,NA,NA,1754.235,3988.35,2.274,NA,NA,NA
80,12,ode,nonmem_scm,focei,48,not_converged,FALSE,FALSE,FALSE,FALSE,-1643.6185598720533,NA,psn_lst,NA,FALSE,FALSE,TRUE,NA,nonmem,psn_cov,3,3,3,0,TRUE,NA,NA,NA,1693.218,3993.91,2.359,NA,NA,NA
80,12,ode,nonmem_scm,focei,49,not_converged,FALSE,FALSE,FALSE,FALSE,-1571.4799987125832,NA,psn_lst,NA,FALSE,FALSE,TRUE,NA,nonmem,psn_cov,3,3,2,1,FALSE,NA,NA,NA,2140.963,4824.48,2.253,NA,NA,NA
80,12,ode,nonmem_scm,focei,50,ok,TRUE,FALSE,FALSE,FALSE,-1556.081576706511,NA,psn_lst,NA,TRUE,FALSE,FALSE,NA,nonmem,psn_cov,3,3,3,0,TRUE,NA,NA,NA,1694.312,4308.45,2.543,NA,NA,NA
80,12,ode,nonmem_scm,focei,51,not_converged,FALSE,FALSE,FALSE,FALSE,-1649.486955100193,NA,psn_lst,NA,FALSE,FALSE,TRUE,NA,nonmem,psn_cov,3,3,3,0,TRUE,NA,NA,NA,1777.194,4080.69,2.296,NA,NA,NA
80,12,ode,nonmem_scm,focei,52,not_converged,FALSE,FALSE,FALSE,FALSE,-1595.172790040777,NA,psn_lst,NA,FALSE,FALSE,TRUE,NA,nonmem,psn_cov,3,3,2,1,FALSE,NA,NA,NA,1571.664,3886.27,2.473,NA,NA,NA
80,12,ode,nonmem_scm,focei,53,not_converged,FALSE,FALSE,FALSE,FALSE,-1566.590985402452,NA,psn_lst,NA,FALSE,FALSE,TRUE,NA,nonmem,psn_cov,3,3,3,0,TRUE,NA,NA,NA,2722.066,5042.24,1.852,NA,NA,NA
80,12,ode,nonmem_scm,focei,54,ok,TRUE,FALSE,FALSE,FALSE,-1651.0930584979988,NA,psn_lst,NA,TRUE,FALSE,FALSE,NA,nonmem,psn_cov,4,3,3,1,FALSE,NA,NA,NA,2219.202,5028.9,2.266,NA,NA,NA
80,12,ode,nonmem_scm,focei,55,ok,TRUE,FALSE,FALSE,FALSE,-1574.643451872835,NA,psn_lst,NA,TRUE,FALSE,FALSE,NA,nonmem,psn_cov,3,3,3,0,TRUE,NA,NA,NA,1756.734,4136.94,2.355,NA,NA,NA
80,12,ode,nonmem_scm,focei,56,not_converged,FALSE,FALSE,FALSE,FALSE,-1622.7848785242147,NA,psn_lst,NA,FALSE,FALSE,TRUE,NA,nonmem,psn_cov,3,3,3,0,TRUE,NA,NA,NA,1786.638,4306.34,2.41,NA,NA,NA
80,12,ode,nonmem_scm,focei,57,not_converged,FALSE,FALSE,FALSE,FALSE,-1546.0708500891403,NA,psn_lst,NA,FALSE,FALSE,TRUE,NA,nonmem,psn_cov,3,3,3,0,TRUE,NA,NA,NA,1577.434,3716.08,2.356,NA,NA,NA
80,12,ode,nonmem_scm,focei,58,ok,TRUE,FALSE,FALSE,FALSE,-1632.7732574213112,NA,psn_lst,NA,TRUE,FALSE,FALSE,NA,nonmem,psn_cov,3,3,2,1,FALSE,NA,NA,NA,4099.997,4046.25,0.987,NA,NA,NA
80,12,ode,nonmem_scm,focei,59,not_converged,FALSE,FALSE,FALSE,FALSE,-1659.5033889785864,NA,psn_lst,NA,FALSE,FALSE,TRUE,NA,nonmem,psn_cov,3,3,3,0,TRUE,NA,NA,NA,1701.72,4234.43,2.488,NA,NA,NA
80,12,ode,nonmem_scm,focei,60,ok,TRUE,FALSE,FALSE,FALSE,-1560.8877817768025,NA,psn_lst,NA,TRUE,FALSE,FALSE,NA,nonmem,psn_cov,3,3,3,0,TRUE,NA,NA,NA,1711.93,4020.82,2.349,NA,NA,NA
80,12,ode,nonmem_scm,focei,61,not_converged,FALSE,FALSE,FALSE,FALSE,-1624.0258906699266,NA,psn_lst,NA,FALSE,FALSE,TRUE,NA,nonmem,psn_cov,3,3,3,0,TRUE,NA,NA,NA,1492.365,3660.53,2.453,NA,NA,NA
80,12,ode,nonmem_scm,focei,62,ok,TRUE,FALSE,FALSE,FALSE,-1570.1955184232804,NA,psn_lst,NA,TRUE,FALSE,FALSE,NA,nonmem,psn_cov,3,3,3,0,TRUE,NA,NA,NA,1562.351,3737.01,2.392,NA,NA,NA
80,12,ode,nonmem_scm,focei,63,not_converged,FALSE,FALSE,FALSE,FALSE,-1539.7147364591622,NA,psn_lst,NA,FALSE,FALSE,TRUE,NA,nonmem,psn_cov,3,3,2,1,FALSE,NA,NA,NA,2887.334,7106.87,2.461,NA,NA,NA
80,12,ode,nonmem_scm,focei,64,not_converged,FALSE,FALSE,FALSE,FALSE,-1645.4046951246758,NA,psn_lst,NA,FALSE,FALSE,TRUE,NA,nonmem,psn_cov,3,3,2,1,FALSE,NA,NA,NA,2450.354,6068.39,2.477,NA,NA,NA
80,12,ode,nonmem_scm,focei,65,ok,TRUE,FALSE,FALSE,FALSE,-1613.6828164992266,NA,psn_lst,NA,TRUE,FALSE,FALSE,NA,nonmem,psn_cov,3,3,3,0,TRUE,NA,NA,NA,1582.392,3930.23,2.484,NA,NA,NA
80,12,ode,nonmem_scm,focei,66,ok,TRUE,FALSE,FALSE,FALSE,-1720.009733119541,NA,psn_lst,NA,TRUE,FALSE,FALSE,NA,nonmem,psn_cov,3,3,3,0,TRUE,NA,NA,NA,1691.2,4082.08,2.414,NA,NA,NA
80,12,ode,nonmem_scm,focei,67,not_converged,FALSE,FALSE,FALSE,FALSE,-1599.7058516205034,NA,psn_lst,NA,FALSE,FALSE,TRUE,NA,nonmem,psn_cov,3,3,3,0,TRUE,NA,NA,NA,2330.632,4159.34,1.785,NA,NA,NA
80,12,ode,nonmem_scm,focei,68,not_converged,FALSE,FALSE,FALSE,FALSE,-1690.841719037704,NA,psn_lst,NA,FALSE,FALSE,TRUE,NA,nonmem,psn_cov,3,3,3,0,TRUE,NA,NA,NA,2724.876,4675.33,1.716,NA,NA,NA
80,12,ode,nonmem_scm,focei,69,not_converged,FALSE,FALSE,FALSE,FALSE,-1629.718511857851,NA,psn_lst,NA,FALSE,FALSE,TRUE,NA,nonmem,psn_cov,3,3,2,1,FALSE,NA,NA,NA,1769.907,4518.84,2.553,NA,NA,NA
80,12,ode,nonmem_scm,focei,70,not_converged,FALSE,FALSE,FALSE,FALSE,-1530.9191917945368,NA,psn_lst,NA,FALSE,FALSE,TRUE,NA,nonmem,psn_cov,4,3,3,1,FALSE,NA,NA,NA,3209.072,7521.67,2.344,NA,NA,NA
80,12,ode,nonmem_scm,focei,71,not_converged,FALSE,FALSE,FALSE,FALSE,-1638.3607177415531,NA,psn_lst,NA,FALSE,FALSE,TRUE,NA,nonmem,psn_cov,3,3,3,0,TRUE,NA,NA,NA,1625.727,4003.98,2.463,NA,NA,NA
80,12,ode,nonmem_scm,focei,72,not_converged,FALSE,FALSE,FALSE,FALSE,-1528.38070496644,NA,psn_lst,NA,FALSE,FALSE,TRUE,NA,nonmem,psn_cov,3,3,3,0,TRUE,NA,NA,NA,2148.901,5138.82,2.391,NA,NA,NA
80,12,ode,nonmem_scm,focei,73,ok,TRUE,FALSE,FALSE,FALSE,-1586.4346870607574,NA,psn_lst,NA,TRUE,FALSE,FALSE,NA,nonmem,psn_cov,3,3,3,0,TRUE,NA,NA,NA,1596.394,3809.2,2.386,NA,NA,NA
80,12,ode,nonmem_scm,focei,74,not_converged,FALSE,FALSE,FALSE,FALSE,-1636.7773443185029,NA,psn_lst,NA,FALSE,FALSE,TRUE,NA,nonmem,psn_cov,3,3,3,0,TRUE,NA,NA,NA,3575.432,3531.75,0.988,NA,NA,NA
80,12,ode,nonmem_scm,focei,75,not_converged,FALSE,FALSE,FALSE,FALSE,-1563.086891925868,NA,psn_lst,NA,FALSE,FALSE,TRUE,NA,nonmem,psn_cov,2,3,1,1,FALSE,NA,NA,NA,1702.881,3888.05,2.283,NA,NA,NA
80,12,ode,nonmem_scm,focei,76,not_converged,FALSE,FALSE,FALSE,FALSE,-1540.0552815204,NA,psn_lst,NA,FALSE,FALSE,TRUE,NA,nonmem,psn_cov,3,3,2,1,FALSE,NA,NA,NA,2217.117,4104.85,1.851,NA,NA,NA
80,12,ode,nonmem_scm,focei,77,ok,TRUE,FALSE,FALSE,FALSE,-1566.139648308828,NA,psn_lst,NA,TRUE,FALSE,FALSE,NA,nonmem,psn_cov,3,3,2,1,FALSE,NA,NA,NA,2460.077,4263.47,1.733,NA,NA,NA
80,12,ode,nonmem_scm,focei,78,not_converged,FALSE,FALSE,FALSE,FALSE,-1610.6148430815365,NA,psn_lst,NA,FALSE,FALSE,TRUE,NA,nonmem,psn_cov,3,3,3,0,TRUE,NA,NA,NA,1635.733,3726.3,2.278,NA,NA,NA
80,12,ode,nonmem_scm,focei,79,not_converged,FALSE,FALSE,FALSE,FALSE,-1643.8134153614562,NA,psn_lst,NA,FALSE,FALSE,TRUE,NA,nonmem,psn_cov,3,3,2,1,FALSE,NA,NA,NA,2155.21,3825.04,1.775,NA,NA,NA
80,12,ode,nonmem_scm,focei,80,not_converged,FALSE,FALSE,FALSE,FALSE,-1598.471924648083,NA,psn_lst,NA,FALSE,FALSE,TRUE,NA,nonmem,psn_cov,3,3,3,0,TRUE,NA,NA,NA,1675.059,4093.18,2.444,NA,NA,NA
80,12,ode,nonmem_scm,focei,81,not_converged,FALSE,FALSE,FALSE,FALSE,-1568.3605699000511,NA,psn_lst,NA,FALSE,FALSE,TRUE,NA,nonmem,psn_cov,3,3,3,0,TRUE,NA,NA,NA,1441.801,3557.1,2.467,NA,NA,NA
80,12,ode,nonmem_scm,focei,82,ok,TRUE,FALSE,FALSE,FALSE,-1590.858235344879,NA,psn_lst,NA,TRUE,FALSE,FALSE,NA,nonmem,psn_cov,3,3,2,1,FALSE,NA,NA,NA,2032.455,4924.67,2.423,NA,NA,NA
80,12,ode,nonmem_scm,focei,83,not_converged,FALSE,FALSE,FALSE,FALSE,-1597.816534512698,NA,psn_lst,NA,FALSE,FALSE,TRUE,NA,nonmem,psn_cov,3,3,2,1,FALSE,NA,NA,NA,2068.198,5071.18,2.452,NA,NA,NA
80,12,ode,nonmem_scm,focei,84,not_converged,FALSE,FALSE,FALSE,FALSE,-1564.0370332835298,NA,psn_lst,NA,FALSE,FALSE,TRUE,NA,nonmem,psn_cov,2,3,2,0,FALSE,NA,NA,NA,2683.304,2644.14,0.985,NA,NA,NA
80,12,ode,nonmem_scm,focei,85,not_converged,FALSE,FALSE,FALSE,FALSE,-1595.6944064525749,NA,psn_lst,NA,FALSE,FALSE,TRUE,NA,nonmem,psn_cov,3,3,3,0,TRUE,NA,NA,NA,1686.776,3960.4,2.348,NA,NA,NA
80,12,ode,nonmem_scm,focei,86,ok,TRUE,FALSE,FALSE,FALSE,-1598.4964059636343,NA,psn_lst,NA,TRUE,FALSE,FALSE,NA,nonmem,psn_cov,3,3,2,1,FALSE,NA,NA,NA,1820.472,4606.5,2.53,NA,NA,NA
80,12,ode,nonmem_scm,focei,87,not_converged,FALSE,FALSE,FALSE,FALSE,-1581.2715787760862,NA,psn_lst,NA,FALSE,FALSE,TRUE,NA,nonmem,psn_cov,3,3,2,1,FALSE,NA,NA,NA,1935.454,3511.06,1.814,NA,NA,NA
80,12,ode,nonmem_scm,focei,88,ok,TRUE,FALSE,FALSE,FALSE,-1620.9031873866868,NA,psn_lst,NA,TRUE,FALSE,FALSE,NA,nonmem,psn_cov,3,3,3,0,TRUE,NA,NA,NA,2515.827,4471.4,1.777,NA,NA,NA
80,12,ode,nonmem_scm,focei,89,not_converged,FALSE,FALSE,FALSE,FALSE,-1618.5136487019868,NA,psn_lst,NA,FALSE,FALSE,TRUE,NA,nonmem,psn_cov,3,3,3,0,TRUE,NA,NA,NA,1550.78,3686.06,2.377,NA,NA,NA
80,12,ode,nonmem_scm,focei,90,ok,TRUE,FALSE,FALSE,FALSE,-1534.418538935677,NA,psn_lst,NA,TRUE,FALSE,FALSE,NA,nonmem,psn_cov,2,3,2,0,FALSE,NA,NA,NA,2063.984,3662.76,1.775,NA,NA,NA
80,12,ode,nonmem_scm,focei,91,ok,TRUE,FALSE,FALSE,FALSE,-1642.878852379426,NA,psn_lst,NA,TRUE,FALSE,FALSE,NA,nonmem,psn_cov,3,3,3,0,TRUE,NA,NA,NA,1628.236,4141.81,2.544,NA,NA,NA
80,12,ode,nonmem_scm,focei,92,not_converged,FALSE,FALSE,FALSE,FALSE,-1568.2969302912063,NA,psn_lst,NA,FALSE,FALSE,TRUE,NA,nonmem,psn_cov,3,3,3,0,TRUE,NA,NA,NA,1695.216,3860.5,2.277,NA,NA,NA
80,12,ode,nonmem_scm,focei,93,ok,TRUE,FALSE,FALSE,FALSE,-1496.2753424934403,NA,psn_lst,NA,TRUE,FALSE,FALSE,NA,nonmem,psn_cov,3,3,3,0,TRUE,NA,NA,NA,1646.231,4170.32,2.533,NA,NA,NA
80,12,ode,nonmem_scm,focei,94,not_converged,FALSE,FALSE,FALSE,FALSE,-1598.52714352877,NA,psn_lst,NA,FALSE,FALSE,TRUE,NA,nonmem,psn_cov,3,3,2,1,FALSE,NA,NA,NA,1910.175,4632.04,2.425,NA,NA,NA
80,12,ode,nonmem_scm,focei,95,ok,TRUE,FALSE,FALSE,FALSE,-1629.8075223370704,NA,psn_lst,NA,TRUE,FALSE,FALSE,NA,nonmem,psn_cov,3,3,3,0,TRUE,NA,NA,NA,2426.458,5652.96,2.33,NA,NA,NA
80,12,ode,nonmem_scm,focei,96,not_converged,FALSE,FALSE,FALSE,FALSE,-1616.02326394602,NA,psn_lst,NA,FALSE,FALSE,TRUE,NA,nonmem,psn_cov,3,3,3,0,TRUE,NA,NA,NA,1745.013,4123.56,2.363,NA,NA,NA
80,12,ode,nonmem_scm,focei,97,ok,TRUE,FALSE,FALSE,FALSE,-1571.5059467122974,NA,psn_lst,NA,TRUE,FALSE,FALSE,NA,nonmem,psn_cov,3,3,3,0,TRUE,NA,NA,NA,1497.714,3800.7,2.538,NA,NA,NA
80,12,ode,nonmem_scm,focei,98,not_converged,FALSE,FALSE,FALSE,FALSE,-1593.1888230941274,NA,psn_lst,NA,FALSE,FALSE,TRUE,NA,nonmem,psn_cov,3,3,2,1,FALSE,NA,NA,NA,2272.202,5325.63,2.344,NA,NA,NA
80,12,ode,nonmem_scm,focei,99,not_converged,FALSE,FALSE,FALSE,FALSE,-1606.3910791186368,NA,psn_lst,NA,FALSE,FALSE,TRUE,NA,nonmem,psn_cov,3,3,2,1,FALSE,NA,NA,NA,1679.221,3871.41,2.305,NA,NA,NA
80,12,ode,nonmem_scm,focei,100,not_converged,FALSE,FALSE,FALSE,FALSE,-1634.1197095662662,NA,psn_lst,NA,FALSE,FALSE,TRUE,NA,nonmem,psn_cov,3,3,3,0,TRUE,NA,NA,NA,2025.66,3662.18,1.808,NA,NA,NA
80,13,ode,nonmem_scm,focei,1,not_converged,FALSE,FALSE,FALSE,FALSE,-1656.4566269276902,NA,psn_lst,NA,FALSE,FALSE,TRUE,NA,nonmem,psn_cov,2,2,2,0,TRUE,NA,NA,NA,1960.932,4592.69,2.342,NA,NA,NA
80,13,ode,nonmem_scm,focei,2,not_converged,FALSE,FALSE,FALSE,FALSE,-1644.35193838066,NA,psn_lst,NA,FALSE,FALSE,TRUE,NA,nonmem,psn_cov,2,2,2,0,TRUE,NA,NA,NA,1483.085,2650.27,1.787,NA,NA,NA
80,13,ode,nonmem_scm,focei,3,ok,TRUE,FALSE,FALSE,FALSE,-1650.097231588717,NA,psn_lst,NA,TRUE,FALSE,FALSE,NA,nonmem,psn_cov,2,2,2,0,TRUE,NA,NA,NA,3025.891,2984.75,0.986,NA,NA,NA
80,13,ode,nonmem_scm,focei,4,not_converged,FALSE,FALSE,FALSE,FALSE,-1679.4794718280468,NA,psn_lst,NA,FALSE,FALSE,TRUE,NA,nonmem,psn_cov,2,2,2,0,TRUE,NA,NA,NA,2861.626,2821.81,0.986,NA,NA,NA
80,13,ode,nonmem_scm,focei,5,ok,TRUE,FALSE,FALSE,FALSE,-1613.513960826876,NA,psn_lst,NA,TRUE,FALSE,FALSE,NA,nonmem,psn_cov,2,2,2,0,TRUE,NA,NA,NA,1670.968,2955.32,1.769,NA,NA,NA
80,13,ode,nonmem_scm,focei,6,ok,TRUE,FALSE,FALSE,FALSE,-1639.1409894488936,NA,psn_lst,NA,TRUE,FALSE,FALSE,NA,nonmem,psn_cov,2,2,2,0,TRUE,NA,NA,NA,1431.506,3329.02,2.326,NA,NA,NA
80,13,ode,nonmem_scm,focei,7,ok,TRUE,FALSE,FALSE,FALSE,-1615.4253848933345,NA,psn_lst,NA,TRUE,FALSE,FALSE,NA,nonmem,psn_cov,2,2,2,0,TRUE,NA,NA,NA,1718.788,4092.64,2.381,NA,NA,NA
80,13,ode,nonmem_scm,focei,8,not_converged,FALSE,FALSE,FALSE,FALSE,-1661.592726091685,NA,psn_lst,NA,FALSE,FALSE,TRUE,NA,nonmem,psn_cov,2,2,2,0,TRUE,NA,NA,NA,1299.392,2912.28,2.241,NA,NA,NA
80,13,ode,nonmem_scm,focei,9,ok,TRUE,FALSE,FALSE,FALSE,-1696.3670648747293,NA,psn_lst,NA,TRUE,FALSE,FALSE,NA,nonmem,psn_cov,2,2,2,0,TRUE,NA,NA,NA,3048.217,3006.29,0.986,NA,NA,NA
80,13,ode,nonmem_scm,focei,10,not_converged,FALSE,FALSE,FALSE,FALSE,-1604.346273245703,NA,psn_lst,NA,FALSE,FALSE,TRUE,NA,nonmem,psn_cov,2,2,2,0,TRUE,NA,NA,NA,1299.582,2865.58,2.205,NA,NA,NA
80,13,ode,nonmem_scm,focei,11,not_converged,FALSE,FALSE,FALSE,FALSE,-1629.0722674547958,NA,psn_lst,NA,FALSE,FALSE,TRUE,NA,nonmem,psn_cov,2,2,2,0,TRUE,NA,NA,NA,1707.746,4144.87,2.427,NA,NA,NA
80,13,ode,nonmem_scm,focei,12,not_converged,FALSE,FALSE,FALSE,FALSE,-1620.383223631622,NA,psn_lst,NA,FALSE,FALSE,TRUE,NA,nonmem,psn_cov,2,2,2,0,TRUE,NA,NA,NA,1169.607,2889.25,2.47,NA,NA,NA
80,13,ode,nonmem_scm,focei,13,ok,TRUE,FALSE,FALSE,FALSE,-1636.313293624046,NA,psn_lst,NA,TRUE,FALSE,FALSE,NA,nonmem,psn_cov,2,2,2,0,TRUE,NA,NA,NA,1532.501,3644.58,2.378,NA,NA,NA
80,13,ode,nonmem_scm,focei,14,ok,TRUE,FALSE,FALSE,FALSE,-1568.8005211756483,NA,psn_lst,NA,TRUE,FALSE,FALSE,NA,nonmem,psn_cov,2,2,2,0,TRUE,NA,NA,NA,2974.683,2935.29,0.987,NA,NA,NA
80,13,ode,nonmem_scm,focei,15,not_converged,FALSE,FALSE,FALSE,FALSE,-1663.7663537704873,NA,psn_lst,NA,FALSE,FALSE,TRUE,NA,nonmem,psn_cov,2,2,1,1,FALSE,NA,NA,NA,1641.264,3905.43,2.38,NA,NA,NA
80,13,ode,nonmem_scm,focei,16,ok,TRUE,FALSE,FALSE,FALSE,-1675.0792922877197,NA,psn_lst,NA,TRUE,FALSE,FALSE,NA,nonmem,psn_cov,2,2,1,1,FALSE,NA,NA,NA,1390.832,3178.88,2.286,NA,NA,NA
80,13,ode,nonmem_scm,focei,17,ok,TRUE,FALSE,FALSE,FALSE,-1599.792364759082,NA,psn_lst,NA,TRUE,FALSE,FALSE,NA,nonmem,psn_cov,2,2,2,0,TRUE,NA,NA,NA,2336.586,2296.89,0.983,NA,NA,NA
80,13,ode,nonmem_scm,focei,18,ok,TRUE,FALSE,FALSE,FALSE,-1604.9546601953962,NA,psn_lst,NA,TRUE,FALSE,FALSE,NA,nonmem,psn_cov,2,2,2,0,TRUE,NA,NA,NA,1254.879,2996.48,2.388,NA,NA,NA
80,13,ode,nonmem_scm,focei,19,not_converged,FALSE,FALSE,FALSE,FALSE,-1629.2209138628011,NA,psn_lst,NA,FALSE,FALSE,TRUE,NA,nonmem,psn_cov,1,2,1,0,FALSE,NA,NA,NA,737.146,1797.45,2.438,NA,NA,NA
80,13,ode,nonmem_scm,focei,20,not_converged,FALSE,FALSE,FALSE,FALSE,-1626.2251798679615,NA,psn_lst,NA,FALSE,FALSE,TRUE,NA,nonmem,psn_cov,2,2,2,0,TRUE,NA,NA,NA,2798.185,2756.49,0.985,NA,NA,NA
80,13,ode,nonmem_scm,focei,21,ok,TRUE,FALSE,FALSE,FALSE,-1545.3141283781747,NA,psn_lst,NA,TRUE,FALSE,FALSE,NA,nonmem,psn_cov,2,2,2,0,TRUE,NA,NA,NA,1053.339,2586.7,2.456,NA,NA,NA
80,13,ode,nonmem_scm,focei,22,ok,TRUE,FALSE,FALSE,FALSE,-1634.003439541494,NA,psn_lst,NA,TRUE,FALSE,FALSE,NA,nonmem,psn_cov,2,2,2,0,TRUE,NA,NA,NA,1313.734,3096.05,2.357,NA,NA,NA
80,13,ode,nonmem_scm,focei,23,not_converged,FALSE,FALSE,FALSE,FALSE,-1623.9626794748633,NA,psn_lst,NA,FALSE,FALSE,TRUE,NA,nonmem,psn_cov,3,2,1,2,FALSE,NA,NA,NA,1495.672,3608.61,2.413,NA,NA,NA
80,13,ode,nonmem_scm,focei,24,ok,TRUE,FALSE,FALSE,FALSE,-1623.130111009485,NA,psn_lst,NA,TRUE,FALSE,FALSE,NA,nonmem,psn_cov,1,2,1,0,FALSE,NA,NA,NA,3179.225,3135.43,0.986,NA,NA,NA
80,13,ode,nonmem_scm,focei,25,ok,TRUE,FALSE,FALSE,FALSE,-1677.612269154504,NA,psn_lst,NA,TRUE,FALSE,FALSE,NA,nonmem,psn_cov,2,2,2,0,TRUE,NA,NA,NA,1604.939,3923.49,2.445,NA,NA,NA
80,13,ode,nonmem_scm,focei,26,ok,TRUE,FALSE,FALSE,FALSE,-1699.6269365081514,NA,psn_lst,NA,TRUE,FALSE,FALSE,NA,nonmem,psn_cov,1,2,1,0,FALSE,NA,NA,NA,2036.732,4707.53,2.311,NA,NA,NA
80,13,ode,nonmem_scm,focei,27,ok,TRUE,FALSE,FALSE,FALSE,-1629.1000836547255,NA,psn_lst,NA,TRUE,FALSE,FALSE,NA,nonmem,psn_cov,2,2,2,0,TRUE,NA,NA,NA,2238.99,4043.01,1.806,NA,NA,NA
80,13,ode,nonmem_scm,focei,28,ok,TRUE,FALSE,FALSE,FALSE,-1573.769358794751,NA,psn_lst,NA,TRUE,FALSE,FALSE,NA,nonmem,psn_cov,1,2,1,0,FALSE,NA,NA,NA,2923.344,2883.6,0.986,NA,NA,NA
80,13,ode,nonmem_scm,focei,29,ok,TRUE,FALSE,FALSE,FALSE,-1608.8393357563257,NA,psn_lst,NA,TRUE,FALSE,FALSE,NA,nonmem,psn_cov,2,2,2,0,TRUE,NA,NA,NA,1583.81,2957.74,1.867,NA,NA,NA
80,13,ode,nonmem_scm,focei,30,ok,TRUE,FALSE,FALSE,FALSE,-1576.805305846268,NA,psn_lst,NA,TRUE,FALSE,FALSE,NA,nonmem,psn_cov,1,2,1,0,FALSE,NA,NA,NA,3419.968,3373.84,0.987,NA,NA,NA
80,13,ode,nonmem_scm,focei,31,not_converged,FALSE,FALSE,FALSE,FALSE,-1680.7218439652615,NA,psn_lst,NA,FALSE,FALSE,TRUE,NA,nonmem,psn_cov,2,2,2,0,TRUE,NA,NA,NA,3155.575,3113.42,0.987,NA,NA,NA
80,13,ode,nonmem_scm,focei,32,ok,TRUE,FALSE,FALSE,FALSE,-1666.725045926751,NA,psn_lst,NA,TRUE,FALSE,FALSE,NA,nonmem,psn_cov,3,2,2,1,FALSE,NA,NA,NA,1906.04,4442.91,2.331,NA,NA,NA
80,13,ode,nonmem_scm,focei,33,ok,TRUE,FALSE,FALSE,FALSE,-1708.9454646127135,NA,psn_lst,NA,TRUE,FALSE,FALSE,NA,nonmem,psn_cov,2,2,2,0,TRUE,NA,NA,NA,3468.016,3424.2,0.987,NA,NA,NA
80,13,ode,nonmem_scm,focei,34,not_converged,FALSE,FALSE,FALSE,FALSE,-1659.299754052592,NA,psn_lst,NA,FALSE,FALSE,TRUE,NA,nonmem,psn_cov,3,2,2,1,FALSE,NA,NA,NA,2254.63,4092.96,1.815,NA,NA,NA
80,13,ode,nonmem_scm,focei,35,not_converged,FALSE,FALSE,FALSE,FALSE,-1702.0255381862812,NA,psn_lst,NA,FALSE,FALSE,TRUE,NA,nonmem,psn_cov,2,2,2,0,TRUE,NA,NA,NA,3020.65,2980.29,0.987,NA,NA,NA
80,13,ode,nonmem_scm,focei,36,not_converged,FALSE,FALSE,FALSE,FALSE,-1495.8975564256807,NA,psn_lst,NA,FALSE,FALSE,TRUE,NA,nonmem,psn_cov,2,2,2,0,TRUE,NA,NA,NA,3031.064,2986.2,0.985,NA,NA,NA
80,13,ode,nonmem_scm,focei,37,ok,TRUE,FALSE,FALSE,FALSE,-1550.954376959706,NA,psn_lst,NA,TRUE,FALSE,FALSE,NA,nonmem,psn_cov,2,2,2,0,TRUE,NA,NA,NA,1364.383,3142.72,2.303,NA,NA,NA
80,13,ode,nonmem_scm,focei,38,not_converged,FALSE,FALSE,FALSE,FALSE,-1671.1892921301935,NA,psn_lst,NA,FALSE,FALSE,TRUE,NA,nonmem,psn_cov,2,2,2,0,TRUE,NA,NA,NA,1913.764,4332.67,2.264,NA,NA,NA
80,13,ode,nonmem_scm,focei,39,not_converged,FALSE,FALSE,FALSE,FALSE,-1615.3494139762709,NA,psn_lst,NA,FALSE,FALSE,TRUE,NA,nonmem,psn_cov,2,2,2,0,TRUE,NA,NA,NA,1212.133,2875.15,2.372,NA,NA,NA
80,13,ode,nonmem_scm,focei,40,ok,TRUE,FALSE,FALSE,FALSE,-1635.7184184641767,NA,psn_lst,NA,TRUE,FALSE,FALSE,NA,nonmem,psn_cov,2,2,2,0,TRUE,NA,NA,NA,3345.165,3300.61,0.987,NA,NA,NA
80,13,ode,nonmem_scm,focei,41,ok,TRUE,FALSE,FALSE,FALSE,-1608.3639966997114,NA,psn_lst,NA,TRUE,FALSE,FALSE,NA,nonmem,psn_cov,2,2,2,0,TRUE,NA,NA,NA,3248.219,3205.08,0.987,NA,NA,NA
80,13,ode,nonmem_scm,focei,42,ok,TRUE,FALSE,FALSE,FALSE,-1709.7111800750235,NA,psn_lst,NA,TRUE,FALSE,FALSE,NA,nonmem,psn_cov,2,2,2,0,TRUE,NA,NA,NA,2540.069,4429.23,1.744,NA,NA,NA
80,13,ode,nonmem_scm,focei,43,not_converged,FALSE,FALSE,FALSE,FALSE,-1665.3368697633437,NA,psn_lst,NA,FALSE,FALSE,TRUE,NA,nonmem,psn_cov,3,2,2,1,FALSE,NA,NA,NA,1622.883,3905.96,2.407,NA,NA,NA
80,13,ode,nonmem_scm,focei,44,ok,TRUE,FALSE,FALSE,FALSE,-1668.978847731187,NA,psn_lst,NA,TRUE,FALSE,FALSE,NA,nonmem,psn_cov,2,2,2,0,TRUE,NA,NA,NA,1398.138,3299.76,2.36,NA,NA,NA
80,13,ode,nonmem_scm,focei,45,ok,TRUE,FALSE,FALSE,FALSE,-1681.3227525831169,NA,psn_lst,NA,TRUE,FALSE,FALSE,NA,nonmem,psn_cov,1,2,1,0,FALSE,NA,NA,NA,3390.151,3347.21,0.987,NA,NA,NA
80,13,ode,nonmem_scm,focei,46,ok,TRUE,FALSE,FALSE,FALSE,-1573.1586528247003,NA,psn_lst,NA,TRUE,FALSE,FALSE,NA,nonmem,psn_cov,2,2,2,0,TRUE,NA,NA,NA,2948.082,2910.46,0.987,NA,NA,NA
80,13,ode,nonmem_scm,focei,47,not_converged,FALSE,FALSE,FALSE,FALSE,-1639.0364612800786,NA,psn_lst,NA,FALSE,FALSE,TRUE,NA,nonmem,psn_cov,2,2,2,0,TRUE,NA,NA,NA,2979.083,2941.32,0.987,NA,NA,NA
80,13,ode,nonmem_scm,focei,48,ok,TRUE,FALSE,FALSE,FALSE,-1636.6989478419653,NA,psn_lst,NA,TRUE,FALSE,FALSE,NA,nonmem,psn_cov,2,2,2,0,TRUE,NA,NA,NA,1671.954,4063.83,2.431,NA,NA,NA
80,13,ode,nonmem_scm,focei,49,ok,TRUE,FALSE,FALSE,FALSE,-1631.812870140665,NA,psn_lst,NA,TRUE,FALSE,FALSE,NA,nonmem,psn_cov,2,2,1,1,FALSE,NA,NA,NA,1900.166,4536.69,2.388,NA,NA,NA
80,13,ode,nonmem_scm,focei,50,ok,TRUE,FALSE,FALSE,FALSE,-1641.6792451485046,NA,psn_lst,NA,TRUE,FALSE,FALSE,NA,nonmem,psn_cov,2,2,2,0,TRUE,NA,NA,NA,3204.07,3162.04,0.987,NA,NA,NA
80,13,ode,nonmem_scm,focei,51,ok,TRUE,FALSE,FALSE,FALSE,-1711.2145518611146,NA,psn_lst,NA,TRUE,FALSE,FALSE,NA,nonmem,psn_cov,2,2,2,0,TRUE,NA,NA,NA,3090.544,3046.09,0.986,NA,NA,NA
80,13,ode,nonmem_scm,focei,52,ok,TRUE,FALSE,FALSE,FALSE,-1613.216183719567,NA,psn_lst,NA,TRUE,FALSE,FALSE,NA,nonmem,psn_cov,2,2,2,0,TRUE,NA,NA,NA,3306.582,3266.6,0.988,NA,NA,NA
80,13,ode,nonmem_scm,focei,53,not_converged,FALSE,FALSE,FALSE,FALSE,-1623.695123203181,NA,psn_lst,NA,FALSE,FALSE,TRUE,NA,nonmem,psn_cov,2,2,2,0,TRUE,NA,NA,NA,1853.165,4242.03,2.289,NA,NA,NA
80,13,ode,nonmem_scm,focei,54,not_converged,FALSE,FALSE,FALSE,FALSE,-1643.2239304506722,NA,psn_lst,NA,FALSE,FALSE,TRUE,NA,nonmem,psn_cov,2,2,2,0,TRUE,NA,NA,NA,2926.922,2887.5,0.987,NA,NA,NA
80,13,ode,nonmem_scm,focei,55,not_converged,FALSE,FALSE,FALSE,FALSE,-1693.9840405743716,NA,psn_lst,NA,FALSE,FALSE,TRUE,NA,nonmem,psn_cov,2,2,2,0,TRUE,NA,NA,NA,1547.967,2759.79,1.783,NA,NA,NA
80,13,ode,nonmem_scm,focei,56,not_converged,FALSE,FALSE,FALSE,FALSE,-1602.4482501097823,NA,psn_lst,NA,FALSE,FALSE,TRUE,NA,nonmem,psn_cov,2,2,2,0,TRUE,NA,NA,NA,3036.514,2998.73,0.988,NA,NA,NA
80,13,ode,nonmem_scm,focei,57,ok,TRUE,FALSE,FALSE,FALSE,-1710.8903717983517,NA,psn_lst,NA,TRUE,FALSE,FALSE,NA,nonmem,psn_cov,2,2,1,1,FALSE,NA,NA,NA,2041.591,3578.85,1.753,NA,NA,NA
80,13,ode,nonmem_scm,focei,58,not_converged,FALSE,FALSE,FALSE,FALSE,-1648.0519753546394,NA,psn_lst,NA,FALSE,FALSE,TRUE,NA,nonmem,psn_cov,2,2,2,0,TRUE,NA,NA,NA,3030.654,2993.54,0.988,NA,NA,NA
80,13,ode,nonmem_scm,focei,59,ok,TRUE,FALSE,FALSE,FALSE,-1653.1091938642785,NA,psn_lst,NA,TRUE,FALSE,FALSE,NA,nonmem,psn_cov,2,2,2,0,TRUE,NA,NA,NA,3153.665,3112.55,0.987,NA,NA,NA
80,13,ode,nonmem_scm,focei,60,ok,TRUE,FALSE,FALSE,FALSE,-1648.550861119301,NA,psn_lst,NA,TRUE,FALSE,FALSE,NA,nonmem,psn_cov,2,2,2,0,TRUE,NA,NA,NA,1520.005,2691.41,1.771,NA,NA,NA
80,13,ode,nonmem_scm,focei,61,ok,TRUE,FALSE,FALSE,FALSE,-1658.407740115757,NA,psn_lst,NA,TRUE,FALSE,FALSE,NA,nonmem,psn_cov,2,2,2,0,TRUE,NA,NA,NA,3228.765,3189.19,0.988,NA,NA,NA
80,13,ode,nonmem_scm,focei,62,ok,TRUE,FALSE,FALSE,FALSE,-1636.578286597766,NA,psn_lst,NA,TRUE,FALSE,FALSE,NA,nonmem,psn_cov,2,2,1,1,FALSE,NA,NA,NA,1631.873,2819.98,1.728,NA,NA,NA
80,13,ode,nonmem_scm,focei,63,not_converged,FALSE,FALSE,FALSE,FALSE,-1628.2596824982893,NA,psn_lst,NA,FALSE,FALSE,TRUE,NA,nonmem,psn_cov,2,2,2,0,TRUE,NA,NA,NA,1246.36,2876.36,2.308,NA,NA,NA
80,13,ode,nonmem_scm,focei,64,not_converged,FALSE,FALSE,FALSE,FALSE,-1655.4563549836794,NA,psn_lst,NA,FALSE,FALSE,TRUE,NA,nonmem,psn_cov,2,2,2,0,TRUE,NA,NA,NA,2439.633,4325.44,1.773,NA,NA,NA
80,13,ode,nonmem_scm,focei,65,not_converged,FALSE,FALSE,FALSE,FALSE,-1694.4187524333638,NA,psn_lst,NA,FALSE,FALSE,TRUE,NA,nonmem,psn_cov,4,2,1,3,FALSE,NA,NA,NA,2689.853,4855.24,1.805,NA,NA,NA
80,13,ode,nonmem_scm,focei,66,not_converged,FALSE,FALSE,FALSE,FALSE,-1728.660877374005,NA,psn_lst,NA,FALSE,FALSE,TRUE,NA,nonmem,psn_cov,2,2,2,0,TRUE,NA,NA,NA,2334.817,4319.08,1.85,NA,NA,NA
80,13,ode,nonmem_scm,focei,67,ok,TRUE,FALSE,FALSE,FALSE,-1662.551405168028,NA,psn_lst,NA,TRUE,FALSE,FALSE,NA,nonmem,psn_cov,2,2,2,0,TRUE,NA,NA,NA,2695.601,2659.17,0.986,NA,NA,NA
80,13,ode,nonmem_scm,focei,68,not_converged,FALSE,FALSE,FALSE,FALSE,-1637.425064848397,NA,psn_lst,NA,FALSE,FALSE,TRUE,NA,nonmem,psn_cov,2,2,2,0,TRUE,NA,NA,NA,2716.278,2677.29,0.986,NA,NA,NA
80,13,ode,nonmem_scm,focei,69,not_converged,FALSE,FALSE,FALSE,FALSE,-1674.291146843511,NA,psn_lst,NA,FALSE,FALSE,TRUE,NA,nonmem,psn_cov,2,2,2,0,TRUE,NA,NA,NA,1300.152,3001.16,2.308,NA,NA,NA
80,13,ode,nonmem_scm,focei,70,ok,TRUE,FALSE,FALSE,FALSE,-1622.9147607629982,NA,psn_lst,NA,TRUE,FALSE,FALSE,NA,nonmem,psn_cov,2,2,2,0,TRUE,NA,NA,NA,2929.309,2890.54,0.987,NA,NA,NA
80,13,ode,nonmem_scm,focei,71,not_converged,FALSE,FALSE,FALSE,FALSE,-1684.26153812344,NA,psn_lst,NA,FALSE,FALSE,TRUE,NA,nonmem,psn_cov,2,2,2,0,TRUE,NA,NA,NA,1250.86,3072.1,2.456,NA,NA,NA
80,13,ode,nonmem_scm,focei,72,ok,TRUE,FALSE,FALSE,FALSE,-1651.9533780741103,NA,psn_lst,NA,TRUE,FALSE,FALSE,NA,nonmem,psn_cov,2,2,2,0,TRUE,NA,NA,NA,2975.931,2934.94,0.986,NA,NA,NA
80,13,ode,nonmem_scm,focei,73,ok,TRUE,FALSE,FALSE,FALSE,-1690.762980832964,NA,psn_lst,NA,TRUE,FALSE,FALSE,NA,nonmem,psn_cov,2,2,2,0,TRUE,NA,NA,NA,1606.285,2854.74,1.777,NA,NA,NA
80,13,ode,nonmem_scm,focei,74,ok,TRUE,FALSE,FALSE,FALSE,-1634.1660016307192,NA,psn_lst,NA,TRUE,FALSE,FALSE,NA,nonmem,psn_cov,2,2,2,0,TRUE,NA,NA,NA,1673.195,4078.73,2.438,NA,NA,NA
80,13,ode,nonmem_scm,focei,75,ok,TRUE,FALSE,FALSE,FALSE,-1554.551708816345,NA,psn_lst,NA,TRUE,FALSE,FALSE,NA,nonmem,psn_cov,2,2,2,0,TRUE,NA,NA,NA,1236.947,2966.11,2.398,NA,NA,NA
80,13,ode,nonmem_scm,focei,76,ok,TRUE,FALSE,FALSE,FALSE,-1684.4880008878265,NA,psn_lst,NA,TRUE,FALSE,FALSE,NA,nonmem,psn_cov,2,2,1,1,FALSE,NA,NA,NA,1780.617,4029.36,2.263,NA,NA,NA
80,13,ode,nonmem_scm,focei,77,ok,TRUE,FALSE,FALSE,FALSE,-1638.20746618867,NA,psn_lst,NA,TRUE,FALSE,FALSE,NA,nonmem,psn_cov,2,2,1,1,FALSE,NA,NA,NA,2713.199,2670.98,0.984,NA,NA,NA
80,13,ode,nonmem_scm,focei,78,not_converged,FALSE,FALSE,FALSE,FALSE,-1689.700275268398,NA,psn_lst,NA,FALSE,FALSE,TRUE,NA,nonmem,psn_cov,2,2,2,0,TRUE,NA,NA,NA,3064.372,3024.11,0.987,NA,NA,NA
80,13,ode,nonmem_scm,focei,79,ok,TRUE,FALSE,FALSE,FALSE,-1702.4326091582109,NA,psn_lst,NA,TRUE,FALSE,FALSE,NA,nonmem,psn_cov,3,2,1,2,FALSE,NA,NA,NA,2432.323,5777.73,2.375,NA,NA,NA
80,13,ode,nonmem_scm,focei,80,ok,TRUE,FALSE,FALSE,FALSE,-1686.082089468337,NA,psn_lst,NA,TRUE,FALSE,FALSE,NA,nonmem,psn_cov,1,2,1,0,FALSE,NA,NA,NA,2178.713,4932.75,2.264,NA,NA,NA
80,13,ode,nonmem_scm,focei,81,ok,TRUE,FALSE,FALSE,FALSE,-1682.7044283400694,NA,psn_lst,NA,TRUE,FALSE,FALSE,NA,nonmem,psn_cov,3,2,2,1,FALSE,NA,NA,NA,2353.673,4179.55,1.776,NA,NA,NA
80,13,ode,nonmem_scm,focei,82,not_converged,FALSE,FALSE,FALSE,FALSE,-1690.2688481464386,NA,psn_lst,NA,FALSE,FALSE,TRUE,NA,nonmem,psn_cov,2,2,2,0,TRUE,NA,NA,NA,3118.454,3075.45,0.986,NA,NA,NA
80,13,ode,nonmem_scm,focei,83,ok,TRUE,FALSE,FALSE,FALSE,-1623.0222897243189,NA,psn_lst,NA,TRUE,FALSE,FALSE,NA,nonmem,psn_cov,2,2,2,0,TRUE,NA,NA,NA,1150.865,2775.27,2.411,NA,NA,NA
80,13,ode,nonmem_scm,focei,84,not_converged,FALSE,FALSE,FALSE,FALSE,-1610.8960531743228,NA,psn_lst,NA,FALSE,FALSE,TRUE,NA,nonmem,psn_cov,2,2,2,0,TRUE,NA,NA,NA,1690.1,3059.89,1.81,NA,NA,NA
80,13,ode,nonmem_scm,focei,85,not_converged,FALSE,FALSE,FALSE,FALSE,-1599.9572669505278,NA,psn_lst,NA,FALSE,FALSE,TRUE,NA,nonmem,psn_cov,2,2,2,0,TRUE,NA,NA,NA,2875.526,2834.14,0.986,NA,NA,NA
80,13,ode,nonmem_scm,focei,86,ok,TRUE,FALSE,FALSE,FALSE,-1648.681544656816,NA,psn_lst,NA,TRUE,FALSE,FALSE,NA,nonmem,psn_cov,2,2,2,0,TRUE,NA,NA,NA,3161.646,3118.52,0.986,NA,NA,NA
80,13,ode,nonmem_scm,focei,87,not_converged,FALSE,FALSE,FALSE,FALSE,-1651.1529809024637,NA,psn_lst,NA,FALSE,FALSE,TRUE,NA,nonmem,psn_cov,2,2,2,0,TRUE,NA,NA,NA,1281.093,3036.38,2.37,NA,NA,NA
80,13,ode,nonmem_scm,focei,88,not_converged,FALSE,FALSE,FALSE,FALSE,-1578.4278238211275,NA,psn_lst,NA,FALSE,FALSE,TRUE,NA,nonmem,psn_cov,2,2,1,1,FALSE,NA,NA,NA,1618.295,3979.02,2.459,NA,NA,NA
80,13,ode,nonmem_scm,focei,89,ok,TRUE,FALSE,FALSE,FALSE,-1622.4364495113164,NA,psn_lst,NA,TRUE,FALSE,FALSE,NA,nonmem,psn_cov,2,2,2,0,TRUE,NA,NA,NA,2578.388,2537.91,0.984,NA,NA,NA
80,13,ode,nonmem_scm,focei,90,ok,TRUE,FALSE,FALSE,FALSE,-1655.696927701517,NA,psn_lst,NA,TRUE,FALSE,FALSE,NA,nonmem,psn_cov,2,2,2,0,TRUE,NA,NA,NA,3198.752,3158.79,0.988,NA,NA,NA
80,13,ode,nonmem_scm,focei,91,not_converged,FALSE,FALSE,FALSE,FALSE,-1646.460212076268,NA,psn_lst,NA,FALSE,FALSE,TRUE,NA,nonmem,psn_cov,2,2,2,0,TRUE,NA,NA,NA,1258.657,2839.99,2.256,NA,NA,NA
80,13,ode,nonmem_scm,focei,92,ok,TRUE,FALSE,FALSE,FALSE,-1588.389904700554,NA,psn_lst,NA,TRUE,FALSE,FALSE,NA,nonmem,psn_cov,2,2,2,0,TRUE,NA,NA,NA,2693.941,6365.65,2.363,NA,NA,NA
80,13,ode,nonmem_scm,focei,93,not_converged,FALSE,FALSE,FALSE,FALSE,-1643.5344563330036,NA,psn_lst,NA,FALSE,FALSE,TRUE,NA,nonmem,psn_cov,2,2,2,0,TRUE,NA,NA,NA,1743.959,3194,1.831,NA,NA,NA
80,13,ode,nonmem_scm,focei,94,ok,TRUE,FALSE,FALSE,FALSE,-1693.8307420898825,NA,psn_lst,NA,TRUE,FALSE,FALSE,NA,nonmem,psn_cov,2,2,2,0,TRUE,NA,NA,NA,1716.034,2870.42,1.673,NA,NA,NA
80,13,ode,nonmem_scm,focei,95,ok,TRUE,FALSE,FALSE,FALSE,-1629.2863640342348,NA,psn_lst,NA,TRUE,FALSE,FALSE,NA,nonmem,psn_cov,2,2,2,0,TRUE,NA,NA,NA,3221.875,3177.88,0.986,NA,NA,NA
80,13,ode,nonmem_scm,focei,96,not_converged,FALSE,FALSE,FALSE,FALSE,-1620.9308721490013,NA,psn_lst,NA,FALSE,FALSE,TRUE,NA,nonmem,psn_cov,2,2,2,0,TRUE,NA,NA,NA,3079.922,3038.6,0.987,NA,NA,NA
80,13,ode,nonmem_scm,focei,97,ok,TRUE,FALSE,FALSE,FALSE,-1717.0511650011215,NA,psn_lst,NA,TRUE,FALSE,FALSE,NA,nonmem,psn_cov,2,2,2,0,TRUE,NA,NA,NA,1833.127,4343.87,2.37,NA,NA,NA
80,13,ode,nonmem_scm,focei,98,ok,TRUE,FALSE,FALSE,FALSE,-1579.6527422142665,NA,psn_lst,NA,TRUE,FALSE,FALSE,NA,nonmem,psn_cov,1,2,1,0,FALSE,NA,NA,NA,1786.925,3899.43,2.182,NA,NA,NA
80,13,ode,nonmem_scm,focei,99,not_converged,FALSE,FALSE,FALSE,FALSE,-1642.8132044967083,NA,psn_lst,NA,FALSE,FALSE,TRUE,NA,nonmem,psn_cov,2,2,2,0,TRUE,NA,NA,NA,3460.207,3416.16,0.987,NA,NA,NA
80,13,ode,nonmem_scm,focei,100,ok,TRUE,FALSE,FALSE,FALSE,-1658.4026331889145,NA,psn_lst,NA,TRUE,FALSE,FALSE,NA,nonmem,psn_cov,2,2,2,0,TRUE,NA,NA,NA,3349.271,3309.07,0.988,NA,NA,NA
80,14,ode,nonmem_scm,focei,1,ok,TRUE,FALSE,FALSE,FALSE,-1650.4452552595249,NA,psn_lst,NA,TRUE,FALSE,FALSE,NA,nonmem,psn_cov,3,3,3,0,TRUE,NA,NA,NA,1601.065,3768.79,2.354,NA,NA,NA
80,14,ode,nonmem_scm,focei,2,not_converged,FALSE,FALSE,FALSE,FALSE,-1608.477416949216,NA,psn_lst,NA,FALSE,FALSE,TRUE,NA,nonmem,psn_cov,3,3,3,0,TRUE,NA,NA,NA,2715.746,4829.97,1.779,NA,NA,NA
80,14,ode,nonmem_scm,focei,3,ok,TRUE,FALSE,FALSE,FALSE,-1624.459138969621,NA,psn_lst,NA,TRUE,FALSE,FALSE,NA,nonmem,psn_cov,3,3,3,0,TRUE,NA,NA,NA,2169.059,5213.49,2.404,NA,NA,NA
80,14,ode,nonmem_scm,focei,4,not_converged,FALSE,FALSE,FALSE,FALSE,-1574.6985784137428,NA,psn_lst,NA,FALSE,FALSE,TRUE,NA,nonmem,psn_cov,4,3,3,1,FALSE,NA,NA,NA,2228.448,5724.8,2.569,NA,NA,NA
80,14,ode,nonmem_scm,focei,5,ok,TRUE,FALSE,FALSE,FALSE,-1633.084868755432,NA,psn_lst,NA,TRUE,FALSE,FALSE,NA,nonmem,psn_cov,4,3,3,1,FALSE,NA,NA,NA,2066.516,4965.04,2.403,NA,NA,NA
80,14,ode,nonmem_scm,focei,6,not_converged,FALSE,FALSE,FALSE,FALSE,-1650.011229373892,NA,psn_lst,NA,FALSE,FALSE,TRUE,NA,nonmem,psn_cov,3,3,3,0,TRUE,NA,NA,NA,2201.75,4049.26,1.839,NA,NA,NA
80,14,ode,nonmem_scm,focei,7,ok,TRUE,FALSE,FALSE,FALSE,-1644.6921802910667,NA,psn_lst,NA,TRUE,FALSE,FALSE,NA,nonmem,psn_cov,3,3,3,0,TRUE,NA,NA,NA,1538.468,3560.59,2.314,NA,NA,NA
80,14,ode,nonmem_scm,focei,8,ok,TRUE,FALSE,FALSE,FALSE,-1655.7053780442052,NA,psn_lst,NA,TRUE,FALSE,FALSE,NA,nonmem,psn_cov,3,3,2,1,FALSE,NA,NA,NA,1543.733,3769.24,2.442,NA,NA,NA
80,14,ode,nonmem_scm,focei,9,not_converged,FALSE,FALSE,FALSE,FALSE,-1700.098912066993,NA,psn_lst,NA,FALSE,FALSE,TRUE,NA,nonmem,psn_cov,3,3,3,0,TRUE,NA,NA,NA,3369.89,3323.45,0.986,NA,NA,NA
80,14,ode,nonmem_scm,focei,10,ok,TRUE,FALSE,FALSE,FALSE,-1675.1883847798904,NA,psn_lst,NA,TRUE,FALSE,FALSE,NA,nonmem,psn_cov,3,3,3,0,TRUE,NA,NA,NA,1755.359,4024.57,2.293,NA,NA,NA
80,14,ode,nonmem_scm,focei,11,ok,TRUE,FALSE,FALSE,FALSE,-1646.9024277471017,NA,psn_lst,NA,TRUE,FALSE,FALSE,NA,nonmem,psn_cov,3,3,3,0,TRUE,NA,NA,NA,1724.921,3990.55,2.313,NA,NA,NA
80,14,ode,nonmem_scm,focei,12,ok,TRUE,FALSE,FALSE,FALSE,-1632.211531246602,NA,psn_lst,NA,TRUE,FALSE,FALSE,NA,nonmem,psn_cov,3,3,3,0,TRUE,NA,NA,NA,1603.177,3949.13,2.463,NA,NA,NA
80,14,ode,nonmem_scm,focei,13,ok,TRUE,FALSE,FALSE,FALSE,-1614.2580960367463,NA,psn_lst,NA,TRUE,FALSE,FALSE,NA,nonmem,psn_cov,2,3,2,0,FALSE,NA,NA,NA,2045.143,3726.55,1.822,NA,NA,NA
80,14,ode,nonmem_scm,focei,14,ok,TRUE,FALSE,FALSE,FALSE,-1643.753493915471,NA,psn_lst,NA,TRUE,FALSE,FALSE,NA,nonmem,psn_cov,3,3,3,0,TRUE,NA,NA,NA,2517.404,6210.43,2.467,NA,NA,NA
80,14,ode,nonmem_scm,focei,15,ok,TRUE,FALSE,FALSE,FALSE,-1618.3230177599953,NA,psn_lst,NA,TRUE,FALSE,FALSE,NA,nonmem,psn_cov,3,3,2,1,FALSE,NA,NA,NA,2239.605,5534.99,2.471,NA,NA,NA
80,14,ode,nonmem_scm,focei,16,not_converged,FALSE,FALSE,FALSE,FALSE,-1640.8845181228876,NA,psn_lst,NA,FALSE,FALSE,TRUE,NA,nonmem,psn_cov,3,3,3,0,TRUE,NA,NA,NA,2315.804,4180.68,1.805,NA,NA,NA
80,14,ode,nonmem_scm,focei,17,not_converged,FALSE,FALSE,FALSE,FALSE,-1623.5444239501005,NA,psn_lst,NA,FALSE,FALSE,TRUE,NA,nonmem,psn_cov,3,3,3,0,TRUE,NA,NA,NA,1625.705,3820.07,2.35,NA,NA,NA
80,14,ode,nonmem_scm,focei,18,ok,TRUE,FALSE,FALSE,FALSE,-1665.332795465009,NA,psn_lst,NA,TRUE,FALSE,FALSE,NA,nonmem,psn_cov,3,3,3,0,TRUE,NA,NA,NA,4133.678,4077.66,0.986,NA,NA,NA
80,14,ode,nonmem_scm,focei,19,ok,TRUE,FALSE,FALSE,FALSE,-1689.4974593142313,NA,psn_lst,NA,TRUE,FALSE,FALSE,NA,nonmem,psn_cov,3,3,3,0,TRUE,NA,NA,NA,1820.631,4228.33,2.322,NA,NA,NA
80,14,ode,nonmem_scm,focei,20,ok,TRUE,FALSE,FALSE,FALSE,-1496.8118238495365,NA,psn_lst,NA,TRUE,FALSE,FALSE,NA,nonmem,psn_cov,3,3,3,0,TRUE,NA,NA,NA,3576.943,3531.55,0.987,NA,NA,NA
80,14,ode,nonmem_scm,focei,21,not_converged,FALSE,FALSE,FALSE,FALSE,-1593.137346093103,NA,psn_lst,NA,FALSE,FALSE,TRUE,NA,nonmem,psn_cov,3,3,2,1,FALSE,NA,NA,NA,1524.781,3706.97,2.431,NA,NA,NA
80,14,ode,nonmem_scm,focei,22,ok,TRUE,FALSE,FALSE,FALSE,-1582.8262784156907,NA,psn_lst,NA,TRUE,FALSE,FALSE,NA,nonmem,psn_cov,3,3,3,0,TRUE,NA,NA,NA,1747.36,4187.12,2.396,NA,NA,NA
80,14,ode,nonmem_scm,focei,23,ok,TRUE,FALSE,FALSE,FALSE,-1652.4787981255,NA,psn_lst,NA,TRUE,FALSE,FALSE,NA,nonmem,psn_cov,3,3,3,0,TRUE,NA,NA,NA,2129.563,5124.25,2.406,NA,NA,NA
80,14,ode,nonmem_scm,focei,24,ok,TRUE,FALSE,FALSE,FALSE,-1629.1504882458903,NA,psn_lst,NA,TRUE,FALSE,FALSE,NA,nonmem,psn_cov,3,3,3,0,TRUE,NA,NA,NA,1672.006,4072.13,2.435,NA,NA,NA
80,14,ode,nonmem_scm,focei,25,not_converged,FALSE,FALSE,FALSE,FALSE,-1656.582384496306,NA,psn_lst,NA,FALSE,FALSE,TRUE,NA,nonmem,psn_cov,2,3,2,0,FALSE,NA,NA,NA,3242.409,3201.37,0.987,NA,NA,NA
80,14,ode,nonmem_scm,focei,26,ok,TRUE,FALSE,FALSE,FALSE,-1640.135639310949,NA,psn_lst,NA,TRUE,FALSE,FALSE,NA,nonmem,psn_cov,3,3,3,0,TRUE,NA,NA,NA,2132.857,5103.16,2.393,NA,NA,NA
80,14,ode,nonmem_scm,focei,27,ok,TRUE,FALSE,FALSE,FALSE,-1655.054265845108,NA,psn_lst,NA,TRUE,FALSE,FALSE,NA,nonmem,psn_cov,3,3,3,0,TRUE,NA,NA,NA,1502.558,3543.24,2.358,NA,NA,NA
80,14,ode,nonmem_scm,focei,28,ok,TRUE,FALSE,FALSE,FALSE,-1582.3726230906495,NA,psn_lst,NA,TRUE,FALSE,FALSE,NA,nonmem,psn_cov,3,3,3,0,TRUE,NA,NA,NA,4071.739,4011.89,0.985,NA,NA,NA
80,14,ode,nonmem_scm,focei,29,ok,TRUE,FALSE,FALSE,FALSE,-1523.4632107929751,NA,psn_lst,NA,TRUE,FALSE,FALSE,NA,nonmem,psn_cov,3,3,3,0,TRUE,NA,NA,NA,2261.652,5365.49,2.372,NA,NA,NA
80,14,ode,nonmem_scm,focei,30,not_converged,FALSE,FALSE,FALSE,FALSE,-1632.233061840651,NA,psn_lst,NA,FALSE,FALSE,TRUE,NA,nonmem,psn_cov,3,3,3,0,TRUE,NA,NA,NA,1582.803,3569.92,2.255,NA,NA,NA
80,14,ode,nonmem_scm,focei,31,not_converged,FALSE,FALSE,FALSE,FALSE,-1674.3437627009694,NA,psn_lst,NA,FALSE,FALSE,TRUE,NA,nonmem,psn_cov,3,3,3,0,TRUE,NA,NA,NA,2154.072,3874.22,1.799,NA,NA,NA
80,14,ode,nonmem_scm,focei,32,ok,TRUE,FALSE,FALSE,FALSE,-1602.1126768317472,NA,psn_lst,NA,TRUE,FALSE,FALSE,NA,nonmem,psn_cov,3,3,2,1,FALSE,NA,NA,NA,2654.045,4749.16,1.789,NA,NA,NA
80,14,ode,nonmem_scm,focei,33,not_converged,FALSE,FALSE,FALSE,FALSE,-1653.8095808764804,NA,psn_lst,NA,FALSE,FALSE,TRUE,NA,nonmem,psn_cov,2,3,2,0,FALSE,NA,NA,NA,2640.857,4649.52,1.761,NA,NA,NA
80,14,ode,nonmem_scm,focei,34,not_converged,FALSE,FALSE,FALSE,FALSE,-1618.3176052221766,NA,psn_lst,NA,FALSE,FALSE,TRUE,NA,nonmem,psn_cov,3,3,3,0,TRUE,NA,NA,NA,3699.399,3644.37,0.985,NA,NA,NA
80,14,ode,nonmem_scm,focei,35,ok,TRUE,FALSE,FALSE,FALSE,-1676.0262573797522,NA,psn_lst,NA,TRUE,FALSE,FALSE,NA,nonmem,psn_cov,2,3,2,0,FALSE,NA,NA,NA,4651.349,4588.76,0.987,NA,NA,NA
80,14,ode,nonmem_scm,focei,36,ok,TRUE,FALSE,FALSE,FALSE,-1614.6106666567184,NA,psn_lst,NA,TRUE,FALSE,FALSE,NA,nonmem,psn_cov,3,3,2,1,FALSE,NA,NA,NA,1798.368,4189.49,2.33,NA,NA,NA
80,14,ode,nonmem_scm,focei,37,not_converged,FALSE,FALSE,FALSE,FALSE,-1634.1708432607363,NA,psn_lst,NA,FALSE,FALSE,TRUE,NA,nonmem,psn_cov,3,3,3,0,TRUE,NA,NA,NA,3870.605,3813.03,0.985,NA,NA,NA
80,14,ode,nonmem_scm,focei,38,not_converged,FALSE,FALSE,FALSE,FALSE,-1610.678993737936,NA,psn_lst,NA,FALSE,FALSE,TRUE,NA,nonmem,psn_cov,3,3,3,0,TRUE,NA,NA,NA,4119.75,4066.65,0.987,NA,NA,NA
80,14,ode,nonmem_scm,focei,39,not_converged,FALSE,FALSE,FALSE,FALSE,-1673.4992706109228,NA,psn_lst,NA,FALSE,FALSE,TRUE,NA,nonmem,psn_cov,3,3,3,0,TRUE,NA,NA,NA,3446.978,3399.53,0.986,NA,NA,NA
80,14,ode,nonmem_scm,focei,40,ok,TRUE,FALSE,FALSE,FALSE,-1654.5734997077004,NA,psn_lst,NA,TRUE,FALSE,FALSE,NA,nonmem,psn_cov,3,3,3,0,TRUE,NA,NA,NA,1551.491,3591.66,2.315,NA,NA,NA
80,14,ode,nonmem_scm,focei,41,not_converged,FALSE,FALSE,FALSE,FALSE,-1621.457565649886,NA,psn_lst,NA,FALSE,FALSE,TRUE,NA,nonmem,psn_cov,3,3,3,0,TRUE,NA,NA,NA,3894.725,3846.35,0.988,NA,NA,NA
80,14,ode,nonmem_scm,focei,42,not_converged,FALSE,FALSE,FALSE,FALSE,-1719.9149626136152,NA,psn_lst,NA,FALSE,FALSE,TRUE,NA,nonmem,psn_cov,3,3,3,0,TRUE,NA,NA,NA,1624.675,3772.49,2.322,NA,NA,NA
80,14,ode,nonmem_scm,focei,43,not_converged,FALSE,FALSE,FALSE,FALSE,-1529.5406074481518,NA,psn_lst,NA,FALSE,FALSE,TRUE,NA,nonmem,psn_cov,3,3,3,0,TRUE,NA,NA,NA,1812.546,4352.43,2.401,NA,NA,NA
80,14,ode,nonmem_scm,focei,44,not_converged,FALSE,FALSE,FALSE,FALSE,-1605.248978820032,NA,psn_lst,NA,FALSE,FALSE,TRUE,NA,nonmem,psn_cov,3,3,2,1,FALSE,NA,NA,NA,1541.449,3660.24,2.375,NA,NA,NA
80,14,ode,nonmem_scm,focei,45,not_converged,FALSE,FALSE,FALSE,FALSE,-1675.7157591920336,NA,psn_lst,NA,FALSE,FALSE,TRUE,NA,nonmem,psn_cov,3,3,3,0,TRUE,NA,NA,NA,1656.564,3844.41,2.321,NA,NA,NA
80,14,ode,nonmem_scm,focei,46,not_converged,FALSE,FALSE,FALSE,FALSE,-1609.3137453319202,NA,psn_lst,NA,FALSE,FALSE,TRUE,NA,nonmem,psn_cov,3,3,3,0,TRUE,NA,NA,NA,3494.342,3451.14,0.988,NA,NA,NA
80,14,ode,nonmem_scm,focei,47,not_converged,FALSE,FALSE,FALSE,FALSE,-1624.6000332506458,NA,psn_lst,NA,FALSE,FALSE,TRUE,NA,nonmem,psn_cov,3,3,3,0,TRUE,NA,NA,NA,3937.259,3880.79,0.986,NA,NA,NA
80,14,ode,nonmem_scm,focei,48,ok,TRUE,FALSE,FALSE,FALSE,-1616.6560382828145,NA,psn_lst,NA,TRUE,FALSE,FALSE,NA,nonmem,psn_cov,3,3,3,0,TRUE,NA,NA,NA,1648.327,4076.87,2.473,NA,NA,NA
80,14,ode,nonmem_scm,focei,49,not_converged,FALSE,FALSE,FALSE,FALSE,-1631.3555202870944,NA,psn_lst,NA,FALSE,FALSE,TRUE,NA,nonmem,psn_cov,3,3,3,0,TRUE,NA,NA,NA,3449.175,3400.96,0.986,NA,NA,NA
80,14,ode,nonmem_scm,focei,50,ok,TRUE,FALSE,FALSE,FALSE,-1667.332405612142,NA,psn_lst,NA,TRUE,FALSE,FALSE,NA,nonmem,psn_cov,3,3,3,0,TRUE,NA,NA,NA,2153.844,3823.7,1.775,NA,NA,NA
80,14,ode,nonmem_scm,focei,51,not_converged,FALSE,FALSE,FALSE,FALSE,-1671.447824045646,NA,psn_lst,NA,FALSE,FALSE,TRUE,NA,nonmem,psn_cov,3,3,3,0,TRUE,NA,NA,NA,1440.423,3704.33,2.572,NA,NA,NA
80,14,ode,nonmem_scm,focei,52,not_converged,FALSE,FALSE,FALSE,FALSE,-1569.82239215891,NA,psn_lst,NA,FALSE,FALSE,TRUE,NA,nonmem,psn_cov,3,3,2,1,FALSE,NA,NA,NA,6089.831,6018.77,0.988,NA,NA,NA
80,14,ode,nonmem_scm,focei,53,ok,TRUE,FALSE,FALSE,FALSE,-1612.8583179268935,NA,psn_lst,NA,TRUE,FALSE,FALSE,NA,nonmem,psn_cov,3,3,3,0,TRUE,NA,NA,NA,1747.659,4132.88,2.365,NA,NA,NA
80,14,ode,nonmem_scm,focei,54,ok,TRUE,FALSE,FALSE,FALSE,-1619.6108439545692,NA,psn_lst,NA,TRUE,FALSE,FALSE,NA,nonmem,psn_cov,2,3,2,0,FALSE,NA,NA,NA,1843.362,4083.12,2.215,NA,NA,NA
80,14,ode,nonmem_scm,focei,55,ok,TRUE,FALSE,FALSE,FALSE,-1702.463691215001,NA,psn_lst,NA,TRUE,FALSE,FALSE,NA,nonmem,psn_cov,3,3,3,0,TRUE,NA,NA,NA,1635.346,4028.31,2.463,NA,NA,NA
80,14,ode,nonmem_scm,focei,56,not_converged,FALSE,FALSE,FALSE,FALSE,-1581.219445825863,NA,psn_lst,NA,FALSE,FALSE,TRUE,NA,nonmem,psn_cov,3,3,3,0,TRUE,NA,NA,NA,1544.96,3828.54,2.478,NA,NA,NA
80,14,ode,nonmem_scm,focei,57,not_converged,FALSE,FALSE,FALSE,FALSE,-1645.924764241153,NA,psn_lst,NA,FALSE,FALSE,TRUE,NA,nonmem,psn_cov,3,3,3,0,TRUE,NA,NA,NA,1569.22,3712.05,2.366,NA,NA,NA
80,14,ode,nonmem_scm,focei,58,ok,TRUE,FALSE,FALSE,FALSE,-1709.856232428149,NA,psn_lst,NA,TRUE,FALSE,FALSE,NA,nonmem,psn_cov,3,3,3,0,TRUE,NA,NA,NA,1649.561,4020.64,2.437,NA,NA,NA
80,14,ode,nonmem_scm,focei,59,not_converged,FALSE,FALSE,FALSE,FALSE,-1582.6563025275182,NA,psn_lst,NA,FALSE,FALSE,TRUE,NA,nonmem,psn_cov,5,3,3,2,FALSE,NA,NA,NA,6203.894,6128.75,0.988,NA,NA,NA
80,14,ode,nonmem_scm,focei,60,not_converged,FALSE,FALSE,FALSE,FALSE,-1621.4590735791962,NA,psn_lst,NA,FALSE,FALSE,TRUE,NA,nonmem,psn_cov,3,3,3,0,TRUE,NA,NA,NA,2030.325,4858.49,2.393,NA,NA,NA
80,14,ode,nonmem_scm,focei,61,ok,TRUE,FALSE,FALSE,FALSE,-1625.4108648206984,NA,psn_lst,NA,TRUE,FALSE,FALSE,NA,nonmem,psn_cov,3,3,3,0,TRUE,NA,NA,NA,2371.842,4220.42,1.779,NA,NA,NA
80,14,ode,nonmem_scm,focei,62,not_converged,FALSE,FALSE,FALSE,FALSE,-1653.6575217207635,NA,psn_lst,NA,FALSE,FALSE,TRUE,NA,nonmem,psn_cov,3,3,3,0,TRUE,NA,NA,NA,2893.136,5184.41,1.792,NA,NA,NA
80,14,ode,nonmem_scm,focei,63,not_converged,FALSE,FALSE,FALSE,FALSE,-1673.217088612662,NA,psn_lst,NA,FALSE,FALSE,TRUE,NA,nonmem,psn_cov,3,3,3,0,TRUE,NA,NA,NA,1549.86,3833.27,2.473,NA,NA,NA
80,14,ode,nonmem_scm,focei,64,ok,TRUE,FALSE,FALSE,FALSE,-1609.2053164831848,NA,psn_lst,NA,TRUE,FALSE,FALSE,NA,nonmem,psn_cov,3,3,3,0,TRUE,NA,NA,NA,1733.442,4229.61,2.44,NA,NA,NA
80,14,ode,nonmem_scm,focei,65,ok,TRUE,FALSE,FALSE,FALSE,-1649.552382490232,NA,psn_lst,NA,TRUE,FALSE,FALSE,NA,nonmem,psn_cov,3,3,3,0,TRUE,NA,NA,NA,2826.439,5223.11,1.848,NA,NA,NA
80,14,ode,nonmem_scm,focei,66,not_converged,FALSE,FALSE,FALSE,FALSE,-1739.993574267682,NA,psn_lst,NA,FALSE,FALSE,TRUE,NA,nonmem,psn_cov,3,3,3,0,TRUE,NA,NA,NA,2831.472,5008.23,1.769,NA,NA,NA
80,14,ode,nonmem_scm,focei,67,not_converged,FALSE,FALSE,FALSE,FALSE,-1654.408864529813,NA,psn_lst,NA,FALSE,FALSE,TRUE,NA,nonmem,psn_cov,3,3,3,0,TRUE,NA,NA,NA,2635.897,4654.49,1.766,NA,NA,NA
80,14,ode,nonmem_scm,focei,68,not_converged,FALSE,FALSE,FALSE,FALSE,-1554.8389965459521,NA,psn_lst,NA,FALSE,FALSE,TRUE,NA,nonmem,psn_cov,3,3,3,0,TRUE,NA,NA,NA,5286.582,5226.92,0.989,NA,NA,NA
80,14,ode,nonmem_scm,focei,69,ok,TRUE,FALSE,FALSE,FALSE,-1609.29446073279,NA,psn_lst,NA,TRUE,FALSE,FALSE,NA,nonmem,psn_cov,3,3,3,0,TRUE,NA,NA,NA,1486.775,3727.21,2.507,NA,NA,NA
80,14,ode,nonmem_scm,focei,70,not_converged,FALSE,FALSE,FALSE,FALSE,-1654.3694515472416,NA,psn_lst,NA,FALSE,FALSE,TRUE,NA,nonmem,psn_cov,3,3,3,0,TRUE,NA,NA,NA,3661.463,3606.46,0.985,NA,NA,NA
80,14,ode,nonmem_scm,focei,71,ok,TRUE,FALSE,FALSE,FALSE,-1658.478507853843,NA,psn_lst,NA,TRUE,FALSE,FALSE,NA,nonmem,psn_cov,2,3,2,0,FALSE,NA,NA,NA,4052.332,3992.47,0.985,NA,NA,NA
80,14,ode,nonmem_scm,focei,72,ok,TRUE,FALSE,FALSE,FALSE,-1679.6073860406548,NA,psn_lst,NA,TRUE,FALSE,FALSE,NA,nonmem,psn_cov,3,3,3,0,TRUE,NA,NA,NA,3775.228,3717.88,0.985,NA,NA,NA
80,14,ode,nonmem_scm,focei,73,not_converged,FALSE,FALSE,FALSE,FALSE,-1632.9034666505595,NA,psn_lst,NA,FALSE,FALSE,TRUE,NA,nonmem,psn_cov,3,3,3,0,TRUE,NA,NA,NA,5442.471,5379.32,0.988,NA,NA,NA
80,14,ode,nonmem_scm,focei,74,not_converged,FALSE,FALSE,FALSE,FALSE,-1625.4925306741372,NA,psn_lst,NA,FALSE,FALSE,TRUE,NA,nonmem,psn_cov,3,3,3,0,TRUE,NA,NA,NA,3856.119,3801.88,0.986,NA,NA,NA
80,14,ode,nonmem_scm,focei,75,not_converged,FALSE,FALSE,FALSE,FALSE,-1600.6639746935211,NA,psn_lst,NA,FALSE,FALSE,TRUE,NA,nonmem,psn_cov,3,3,3,0,TRUE,NA,NA,NA,4326.435,4270.48,0.987,NA,NA,NA
80,14,ode,nonmem_scm,focei,76,ok,TRUE,FALSE,FALSE,FALSE,-1589.8050537844235,NA,psn_lst,NA,TRUE,FALSE,FALSE,NA,nonmem,psn_cov,3,3,3,0,TRUE,NA,NA,NA,3360.412,5912.96,1.76,NA,NA,NA
80,14,ode,nonmem_scm,focei,77,ok,TRUE,FALSE,FALSE,FALSE,-1576.2164359929225,NA,psn_lst,NA,TRUE,FALSE,FALSE,NA,nonmem,psn_cov,3,3,2,1,FALSE,NA,NA,NA,4288.091,4233.39,0.987,NA,NA,NA
80,14,ode,nonmem_scm,focei,78,ok,TRUE,FALSE,FALSE,FALSE,-1678.0409339071543,NA,psn_lst,NA,TRUE,FALSE,FALSE,NA,nonmem,psn_cov,3,3,3,0,TRUE,NA,NA,NA,3691.381,3634.28,0.985,NA,NA,NA
80,14,ode,nonmem_scm,focei,79,not_converged,FALSE,FALSE,FALSE,FALSE,-1567.3475694530578,NA,psn_lst,NA,FALSE,FALSE,TRUE,NA,nonmem,psn_cov,3,3,3,0,TRUE,NA,NA,NA,3927.103,3868.65,0.985,NA,NA,NA
80,14,ode,nonmem_scm,focei,80,not_converged,FALSE,FALSE,FALSE,FALSE,-1701.7056422376638,NA,psn_lst,NA,FALSE,FALSE,TRUE,NA,nonmem,psn_cov,3,3,2,1,FALSE,NA,NA,NA,1875.823,3346.71,1.784,NA,NA,NA
80,14,ode,nonmem_scm,focei,81,ok,TRUE,FALSE,FALSE,FALSE,-1571.7239962993683,NA,psn_lst,NA,TRUE,FALSE,FALSE,NA,nonmem,psn_cov,3,3,3,0,TRUE,NA,NA,NA,3927.34,3871.43,0.986,NA,NA,NA
80,14,ode,nonmem_scm,focei,82,not_converged,FALSE,FALSE,FALSE,FALSE,-1711.3329637097618,NA,psn_lst,NA,FALSE,FALSE,TRUE,NA,nonmem,psn_cov,3,3,3,0,TRUE,NA,NA,NA,4444.098,4385.28,0.987,NA,NA,NA
80,14,ode,nonmem_scm,focei,83,ok,TRUE,FALSE,FALSE,FALSE,-1622.2095952721477,NA,psn_lst,NA,TRUE,FALSE,FALSE,NA,nonmem,psn_cov,3,3,3,0,TRUE,NA,NA,NA,6069.589,6002.55,0.989,NA,NA,NA
80,14,ode,nonmem_scm,focei,84,ok,TRUE,FALSE,FALSE,FALSE,-1575.8246171830913,NA,psn_lst,NA,TRUE,FALSE,FALSE,NA,nonmem,psn_cov,3,3,3,0,TRUE,NA,NA,NA,2399.372,5486.84,2.287,NA,NA,NA
80,14,ode,nonmem_scm,focei,85,ok,TRUE,FALSE,FALSE,FALSE,-1606.907732643832,NA,psn_lst,NA,TRUE,FALSE,FALSE,NA,nonmem,psn_cov,3,3,3,0,TRUE,NA,NA,NA,1591.46,3828.68,2.406,NA,NA,NA
80,14,ode,nonmem_scm,focei,86,ok,TRUE,FALSE,FALSE,FALSE,-1659.7791194565202,NA,psn_lst,NA,TRUE,FALSE,FALSE,NA,nonmem,psn_cov,3,3,3,0,TRUE,NA,NA,NA,2459.187,5911,2.404,NA,NA,NA
80,14,ode,nonmem_scm,focei,87,ok,TRUE,FALSE,FALSE,FALSE,-1592.485760244493,NA,psn_lst,NA,TRUE,FALSE,FALSE,NA,nonmem,psn_cov,3,3,3,0,TRUE,NA,NA,NA,1725.679,4016.11,2.327,NA,NA,NA
80,14,ode,nonmem_scm,focei,88,ok,TRUE,FALSE,FALSE,FALSE,-1584.54285039569,NA,psn_lst,NA,TRUE,FALSE,FALSE,NA,nonmem,psn_cov,2,3,2,0,FALSE,NA,NA,NA,1177.959,2542.42,2.158,NA,NA,NA
80,14,ode,nonmem_scm,focei,89,ok,TRUE,FALSE,FALSE,FALSE,-1602.507361621163,NA,psn_lst,NA,TRUE,FALSE,FALSE,NA,nonmem,psn_cov,3,3,3,0,TRUE,NA,NA,NA,2151.935,3818.68,1.775,NA,NA,NA
80,14,ode,nonmem_scm,focei,90,not_converged,FALSE,FALSE,FALSE,FALSE,-1610.7868545302406,NA,psn_lst,NA,FALSE,FALSE,TRUE,NA,nonmem,psn_cov,3,3,3,0,TRUE,NA,NA,NA,4190.523,4130.75,0.986,NA,NA,NA
80,14,ode,nonmem_scm,focei,91,ok,TRUE,FALSE,FALSE,FALSE,-1603.8757298941798,NA,psn_lst,NA,TRUE,FALSE,FALSE,NA,nonmem,psn_cov,3,3,3,0,TRUE,NA,NA,NA,3539.119,3493.76,0.987,NA,NA,NA
80,14,ode,nonmem_scm,focei,92,ok,TRUE,FALSE,FALSE,FALSE,-1635.997112910304,NA,psn_lst,NA,TRUE,FALSE,FALSE,NA,nonmem,psn_cov,3,3,3,0,TRUE,NA,NA,NA,2190.719,3855.62,1.76,NA,NA,NA
80,14,ode,nonmem_scm,focei,93,not_converged,FALSE,FALSE,FALSE,FALSE,-1613.8251044959306,NA,psn_lst,NA,FALSE,FALSE,TRUE,NA,nonmem,psn_cov,3,3,3,0,TRUE,NA,NA,NA,3341.425,3300.52,0.988,NA,NA,NA
80,14,ode,nonmem_scm,focei,94,not_converged,FALSE,FALSE,FALSE,FALSE,-1630.723696802925,NA,psn_lst,NA,FALSE,FALSE,TRUE,NA,nonmem,psn_cov,3,3,3,0,TRUE,NA,NA,NA,3767.882,3712.13,0.985,NA,NA,NA
80,14,ode,nonmem_scm,focei,95,not_converged,FALSE,FALSE,FALSE,FALSE,-1633.5740202856982,NA,psn_lst,NA,FALSE,FALSE,TRUE,NA,nonmem,psn_cov,3,3,3,0,TRUE,NA,NA,NA,2159.775,3842.99,1.779,NA,NA,NA
80,14,ode,nonmem_scm,focei,96,not_converged,FALSE,FALSE,FALSE,FALSE,-1589.1061447067675,NA,psn_lst,NA,FALSE,FALSE,TRUE,NA,nonmem,psn_cov,3,3,3,0,TRUE,NA,NA,NA,2171.372,3897.24,1.795,NA,NA,NA
80,14,ode,nonmem_scm,focei,97,ok,TRUE,FALSE,FALSE,FALSE,-1665.8842358623608,NA,psn_lst,NA,TRUE,FALSE,FALSE,NA,nonmem,psn_cov,3,3,3,0,TRUE,NA,NA,NA,2187.583,3824.89,1.748,NA,NA,NA
80,14,ode,nonmem_scm,focei,98,not_converged,FALSE,FALSE,FALSE,FALSE,-1671.0251796842028,NA,psn_lst,NA,FALSE,FALSE,TRUE,NA,nonmem,psn_cov,3,3,2,1,FALSE,NA,NA,NA,2307.604,4207.16,1.823,NA,NA,NA
80,14,ode,nonmem_scm,focei,99,not_converged,FALSE,FALSE,FALSE,FALSE,-1640.8378038851465,NA,psn_lst,NA,FALSE,FALSE,TRUE,NA,nonmem,psn_cov,3,3,3,0,TRUE,NA,NA,NA,1570.324,3597.89,2.291,NA,NA,NA
80,14,ode,nonmem_scm,focei,100,not_converged,FALSE,FALSE,FALSE,FALSE,-1661.8187701158774,NA,psn_lst,NA,FALSE,FALSE,TRUE,NA,nonmem,psn_cov,3,3,3,0,TRUE,NA,NA,NA,2275.568,5382.4,2.365,NA,NA,NA
80,15,ode,nonmem_scm,focei,1,ok,TRUE,FALSE,FALSE,FALSE,-1576.0573449455014,NA,psn_lst,NA,TRUE,FALSE,FALSE,NA,nonmem,psn_cov,3,3,2,1,FALSE,NA,NA,NA,1625.522,3934.18,2.42,NA,NA,NA
80,15,ode,nonmem_scm,focei,2,ok,TRUE,FALSE,FALSE,FALSE,-1680.0140529170917,NA,psn_lst,NA,TRUE,FALSE,FALSE,NA,nonmem,psn_cov,3,3,3,0,TRUE,NA,NA,NA,2334.367,4274.48,1.831,NA,NA,NA
80,15,ode,nonmem_scm,focei,3,ok,TRUE,FALSE,FALSE,FALSE,-1627.080394060118,NA,psn_lst,NA,TRUE,FALSE,FALSE,NA,nonmem,psn_cov,3,3,3,0,TRUE,NA,NA,NA,1505.207,3711.05,2.465,NA,NA,NA
80,15,ode,nonmem_scm,focei,4,ok,TRUE,FALSE,FALSE,FALSE,-1635.278949121291,NA,psn_lst,NA,TRUE,FALSE,FALSE,NA,nonmem,psn_cov,3,3,3,0,TRUE,NA,NA,NA,2163.541,5336.72,2.467,NA,NA,NA
80,15,ode,nonmem_scm,focei,5,not_converged,FALSE,FALSE,FALSE,FALSE,-1629.123069351192,NA,psn_lst,NA,FALSE,FALSE,TRUE,NA,nonmem,psn_cov,3,3,3,0,TRUE,NA,NA,NA,1750.042,4431.64,2.532,NA,NA,NA
80,15,ode,nonmem_scm,focei,6,ok,TRUE,FALSE,FALSE,FALSE,-1567.553525611566,NA,psn_lst,NA,TRUE,FALSE,FALSE,NA,nonmem,psn_cov,3,3,3,0,TRUE,NA,NA,NA,2451.828,5951.05,2.427,NA,NA,NA
80,15,ode,nonmem_scm,focei,7,ok,TRUE,FALSE,FALSE,FALSE,-1589.3173277336305,NA,psn_lst,NA,TRUE,FALSE,FALSE,NA,nonmem,psn_cov,3,3,2,1,FALSE,NA,NA,NA,2668.17,6688.36,2.507,NA,NA,NA
80,15,ode,nonmem_scm,focei,8,ok,TRUE,FALSE,FALSE,FALSE,-1645.3089345203748,NA,psn_lst,NA,TRUE,FALSE,FALSE,NA,nonmem,psn_cov,3,3,3,0,TRUE,NA,NA,NA,1894.328,4552.9,2.403,NA,NA,NA
80,15,ode,nonmem_scm,focei,9,not_converged,FALSE,FALSE,FALSE,FALSE,-1667.0779902459772,NA,psn_lst,NA,FALSE,FALSE,TRUE,NA,nonmem,psn_cov,3,3,2,1,FALSE,NA,NA,NA,2026.237,4898.07,2.417,NA,NA,NA
80,15,ode,nonmem_scm,focei,10,not_converged,FALSE,FALSE,FALSE,FALSE,-1518.4774057369486,NA,psn_lst,NA,FALSE,FALSE,TRUE,NA,nonmem,psn_cov,4,3,3,1,FALSE,NA,NA,NA,2707.634,6494.52,2.399,NA,NA,NA
80,15,ode,nonmem_scm,focei,11,not_converged,FALSE,FALSE,FALSE,FALSE,-1586.344127519196,NA,psn_lst,NA,FALSE,FALSE,TRUE,NA,nonmem,psn_cov,3,3,3,0,TRUE,NA,NA,NA,1962.664,4665.43,2.377,NA,NA,NA
80,15,ode,nonmem_scm,focei,12,ok,TRUE,FALSE,FALSE,FALSE,-1636.1489876812325,NA,psn_lst,NA,TRUE,FALSE,FALSE,NA,nonmem,psn_cov,3,3,3,0,TRUE,NA,NA,NA,4247.769,4191.33,0.987,NA,NA,NA
80,15,ode,nonmem_scm,focei,13,ok,TRUE,FALSE,FALSE,FALSE,-1710.511668052828,NA,psn_lst,NA,TRUE,FALSE,FALSE,NA,nonmem,psn_cov,3,3,3,0,TRUE,NA,NA,NA,2411.665,4392.24,1.821,NA,NA,NA
80,15,ode,nonmem_scm,focei,14,not_converged,FALSE,FALSE,FALSE,FALSE,-1631.7710942762635,NA,psn_lst,NA,FALSE,FALSE,TRUE,NA,nonmem,psn_cov,3,3,2,1,FALSE,NA,NA,NA,3052.33,5497.39,1.801,NA,NA,NA
80,15,ode,nonmem_scm,focei,15,not_converged,FALSE,FALSE,FALSE,FALSE,-1625.5422874238498,NA,psn_lst,NA,FALSE,FALSE,TRUE,NA,nonmem,psn_cov,3,3,2,1,FALSE,NA,NA,NA,1763.763,4235.17,2.401,NA,NA,NA
80,15,ode,nonmem_scm,focei,16,not_converged,FALSE,FALSE,FALSE,FALSE,-1718.9426211883929,NA,psn_lst,NA,FALSE,FALSE,TRUE,NA,nonmem,psn_cov,3,3,2,1,FALSE,NA,NA,NA,2109.016,4737.67,2.246,NA,NA,NA
80,15,ode,nonmem_scm,focei,17,not_converged,FALSE,FALSE,FALSE,FALSE,-1591.4309932254855,NA,psn_lst,NA,FALSE,FALSE,TRUE,NA,nonmem,psn_cov,3,3,3,0,TRUE,NA,NA,NA,1541.804,3874.54,2.513,NA,NA,NA
80,15,ode,nonmem_scm,focei,18,ok,TRUE,FALSE,FALSE,FALSE,-1611.1083118182653,NA,psn_lst,NA,TRUE,FALSE,FALSE,NA,nonmem,psn_cov,3,3,3,0,TRUE,NA,NA,NA,2499.863,4625.91,1.85,NA,NA,NA
80,15,ode,nonmem_scm,focei,19,ok,TRUE,FALSE,FALSE,FALSE,-1546.2190752254298,NA,psn_lst,NA,TRUE,FALSE,FALSE,NA,nonmem,psn_cov,2,3,2,0,FALSE,NA,NA,NA,2187.953,3982.6,1.82,NA,NA,NA
80,15,ode,nonmem_scm,focei,20,ok,TRUE,FALSE,FALSE,FALSE,-1621.3333667383702,NA,psn_lst,NA,TRUE,FALSE,FALSE,NA,nonmem,psn_cov,3,3,3,0,TRUE,NA,NA,NA,5798.337,5731.08,0.988,NA,NA,NA
80,15,ode,nonmem_scm,focei,21,ok,TRUE,FALSE,FALSE,FALSE,-1620.2389910964152,NA,psn_lst,NA,TRUE,FALSE,FALSE,NA,nonmem,psn_cov,3,3,3,0,TRUE,NA,NA,NA,9262.366,9174.36,0.99,NA,NA,NA
80,15,ode,nonmem_scm,focei,22,ok,TRUE,FALSE,FALSE,FALSE,-1626.3143268408903,NA,psn_lst,NA,TRUE,FALSE,FALSE,NA,nonmem,psn_cov,3,3,3,0,TRUE,NA,NA,NA,2103.44,3837.07,1.824,NA,NA,NA
80,15,ode,nonmem_scm,focei,23,ok,TRUE,FALSE,FALSE,FALSE,-1596.8206731634316,NA,psn_lst,NA,TRUE,FALSE,FALSE,NA,nonmem,psn_cov,3,3,3,0,TRUE,NA,NA,NA,2123.335,5097.89,2.401,NA,NA,NA
80,15,ode,nonmem_scm,focei,24,not_converged,FALSE,FALSE,FALSE,FALSE,-1664.4389087882194,NA,psn_lst,NA,FALSE,FALSE,TRUE,NA,nonmem,psn_cov,3,3,3,0,TRUE,NA,NA,NA,2149.332,3978.87,1.851,NA,NA,NA
80,15,ode,nonmem_scm,focei,25,not_converged,FALSE,FALSE,FALSE,FALSE,-1719.4207506479622,NA,psn_lst,NA,FALSE,FALSE,TRUE,NA,nonmem,psn_cov,3,3,3,0,TRUE,NA,NA,NA,1702.275,3792.01,2.228,NA,NA,NA
80,15,ode,nonmem_scm,focei,26,not_converged,FALSE,FALSE,FALSE,FALSE,-1642.2727027159058,NA,psn_lst,NA,FALSE,FALSE,TRUE,NA,nonmem,psn_cov,3,3,2,1,FALSE,NA,NA,NA,1940.513,4833.62,2.491,NA,NA,NA
80,15,ode,nonmem_scm,focei,27,ok,TRUE,FALSE,FALSE,FALSE,-1532.8003032120218,NA,psn_lst,NA,TRUE,FALSE,FALSE,NA,nonmem,psn_cov,3,3,3,0,TRUE,NA,NA,NA,2437.988,5725.87,2.349,NA,NA,NA
80,15,ode,nonmem_scm,focei,28,not_converged,FALSE,FALSE,FALSE,FALSE,-1655.286273944908,NA,psn_lst,NA,FALSE,FALSE,TRUE,NA,nonmem,psn_cov,4,3,3,1,FALSE,NA,NA,NA,6127.255,6059.75,0.989,NA,NA,NA
80,15,ode,nonmem_scm,focei,29,ok,TRUE,FALSE,FALSE,FALSE,-1563.2147359167602,NA,psn_lst,NA,TRUE,FALSE,FALSE,NA,nonmem,psn_cov,3,3,2,1,FALSE,NA,NA,NA,6821.09,6754.22,0.99,NA,NA,NA
80,15,ode,nonmem_scm,focei,30,not_converged,FALSE,FALSE,FALSE,FALSE,-1594.3678622790374,NA,psn_lst,NA,FALSE,FALSE,TRUE,NA,nonmem,psn_cov,3,3,3,0,TRUE,NA,NA,NA,1588.31,4203.67,2.647,NA,NA,NA
80,15,ode,nonmem_scm,focei,31,not_converged,FALSE,FALSE,FALSE,FALSE,-1676.6619581102875,NA,psn_lst,NA,FALSE,FALSE,TRUE,NA,nonmem,psn_cov,3,3,3,0,TRUE,NA,NA,NA,2923.701,7316.98,2.503,NA,NA,NA
80,15,ode,nonmem_scm,focei,32,not_converged,FALSE,FALSE,FALSE,FALSE,-1621.2666016713265,NA,psn_lst,NA,FALSE,FALSE,TRUE,NA,nonmem,psn_cov,3,3,3,0,TRUE,NA,NA,NA,2138.293,5130.65,2.399,NA,NA,NA
80,15,ode,nonmem_scm,focei,33,not_converged,FALSE,FALSE,FALSE,FALSE,-1705.196662833451,NA,psn_lst,NA,FALSE,FALSE,TRUE,NA,nonmem,psn_cov,4,3,3,1,FALSE,NA,NA,NA,2262.603,5734.25,2.534,NA,NA,NA
80,15,ode,nonmem_scm,focei,34,ok,TRUE,FALSE,FALSE,FALSE,-1635.0515386982568,NA,psn_lst,NA,TRUE,FALSE,FALSE,NA,nonmem,psn_cov,3,3,3,0,TRUE,NA,NA,NA,3084.622,5734.64,1.859,NA,NA,NA
80,15,ode,nonmem_scm,focei,35,ok,TRUE,FALSE,FALSE,FALSE,-1683.370681972428,NA,psn_lst,NA,TRUE,FALSE,FALSE,NA,nonmem,psn_cov,3,3,3,0,TRUE,NA,NA,NA,1759.33,4395.76,2.499,NA,NA,NA
80,15,ode,nonmem_scm,focei,36,ok,TRUE,FALSE,FALSE,FALSE,-1488.648698321168,NA,psn_lst,NA,TRUE,FALSE,FALSE,NA,nonmem,psn_cov,3,3,3,0,TRUE,NA,NA,NA,1636.706,3882.33,2.372,NA,NA,NA
80,15,ode,nonmem_scm,focei,37,not_converged,FALSE,FALSE,FALSE,FALSE,-1654.5811892535282,NA,psn_lst,NA,FALSE,FALSE,TRUE,NA,nonmem,psn_cov,3,3,3,0,TRUE,NA,NA,NA,2133.696,3884.15,1.82,NA,NA,NA
80,15,ode,nonmem_scm,focei,38,ok,TRUE,FALSE,FALSE,FALSE,-1575.065981359234,NA,psn_lst,NA,TRUE,FALSE,FALSE,NA,nonmem,psn_cov,3,3,3,0,TRUE,NA,NA,NA,2406.228,5569.25,2.315,NA,NA,NA
80,15,ode,nonmem_scm,focei,39,not_converged,FALSE,FALSE,FALSE,FALSE,-1721.6846482589274,NA,psn_lst,NA,FALSE,FALSE,TRUE,NA,nonmem,psn_cov,3,3,2,1,FALSE,NA,NA,NA,1407.129,3544.84,2.519,NA,NA,NA
80,15,ode,nonmem_scm,focei,40,not_converged,FALSE,FALSE,FALSE,FALSE,-1563.2621295774,NA,psn_lst,NA,FALSE,FALSE,TRUE,NA,nonmem,psn_cov,3,3,3,0,TRUE,NA,NA,NA,2259.529,4010.66,1.775,NA,NA,NA
80,15,ode,nonmem_scm,focei,41,ok,TRUE,FALSE,FALSE,FALSE,-1663.300151111125,NA,psn_lst,NA,TRUE,FALSE,FALSE,NA,nonmem,psn_cov,3,3,3,0,TRUE,NA,NA,NA,1815.669,4530.87,2.495,NA,NA,NA
80,15,ode,nonmem_scm,focei,42,ok,TRUE,FALSE,FALSE,FALSE,-1676.9866455477506,NA,psn_lst,NA,TRUE,FALSE,FALSE,NA,nonmem,psn_cov,3,3,1,2,FALSE,NA,NA,NA,2304.201,5865.68,2.546,NA,NA,NA
80,15,ode,nonmem_scm,focei,43,ok,TRUE,FALSE,FALSE,FALSE,-1535.1094472854393,NA,psn_lst,NA,TRUE,FALSE,FALSE,NA,nonmem,psn_cov,3,3,3,0,TRUE,NA,NA,NA,1731.663,4088.3,2.361,NA,NA,NA
80,15,ode,nonmem_scm,focei,44,not_converged,FALSE,FALSE,FALSE,FALSE,-1614.5667306601852,NA,psn_lst,NA,FALSE,FALSE,TRUE,NA,nonmem,psn_cov,3,3,3,0,TRUE,NA,NA,NA,1623.78,4016.33,2.473,NA,NA,NA
80,15,ode,nonmem_scm,focei,45,ok,TRUE,FALSE,FALSE,FALSE,-1732.246901452848,NA,psn_lst,NA,TRUE,FALSE,FALSE,NA,nonmem,psn_cov,3,3,3,0,TRUE,NA,NA,NA,1529.146,3706.11,2.424,NA,NA,NA
80,15,ode,nonmem_scm,focei,46,ok,TRUE,FALSE,FALSE,FALSE,-1613.5850478875327,NA,psn_lst,NA,TRUE,FALSE,FALSE,NA,nonmem,psn_cov,3,3,3,0,TRUE,NA,NA,NA,2322.6,4241.46,1.826,NA,NA,NA
80,15,ode,nonmem_scm,focei,47,ok,TRUE,FALSE,FALSE,FALSE,-1620.6002545028437,NA,psn_lst,NA,TRUE,FALSE,FALSE,NA,nonmem,psn_cov,3,3,3,0,TRUE,NA,NA,NA,1580.922,3896.76,2.465,NA,NA,NA
80,15,ode,nonmem_scm,focei,48,ok,TRUE,FALSE,FALSE,FALSE,-1663.1019703851591,NA,psn_lst,NA,TRUE,FALSE,FALSE,NA,nonmem,psn_cov,3,3,2,1,FALSE,NA,NA,NA,4182.598,4128.54,0.987,NA,NA,NA
80,15,ode,nonmem_scm,focei,49,not_converged,FALSE,FALSE,FALSE,FALSE,-1647.189718678725,NA,psn_lst,NA,FALSE,FALSE,TRUE,NA,nonmem,psn_cov,3,3,3,0,TRUE,NA,NA,NA,2371.778,4226.77,1.782,NA,NA,NA
80,15,ode,nonmem_scm,focei,50,ok,TRUE,FALSE,FALSE,FALSE,-1676.6346648530498,NA,psn_lst,NA,TRUE,FALSE,FALSE,NA,nonmem,psn_cov,3,3,3,0,TRUE,NA,NA,NA,1752.347,4221.91,2.409,NA,NA,NA
80,15,ode,nonmem_scm,focei,51,not_converged,FALSE,FALSE,FALSE,FALSE,-1707.4207307679355,NA,psn_lst,NA,FALSE,FALSE,TRUE,NA,nonmem,psn_cov,3,3,3,0,TRUE,NA,NA,NA,1564.904,3852.71,2.462,NA,NA,NA
80,15,ode,nonmem_scm,focei,52,ok,TRUE,FALSE,FALSE,FALSE,-1554.2527668300309,NA,psn_lst,NA,TRUE,FALSE,FALSE,NA,nonmem,psn_cov,3,3,3,0,TRUE,NA,NA,NA,1889.565,4444.49,2.352,NA,NA,NA
80,15,ode,nonmem_scm,focei,53,ok,TRUE,FALSE,FALSE,FALSE,-1595.765996485169,NA,psn_lst,NA,TRUE,FALSE,FALSE,NA,nonmem,psn_cov,2,3,2,0,FALSE,NA,NA,NA,2715.269,4767.39,1.756,NA,NA,NA
80,15,ode,nonmem_scm,focei,54,ok,TRUE,FALSE,FALSE,FALSE,-1698.8192872564132,NA,psn_lst,NA,TRUE,FALSE,FALSE,NA,nonmem,psn_cov,4,3,2,2,FALSE,NA,NA,NA,2203.39,5399.39,2.45,NA,NA,NA
80,15,ode,nonmem_scm,focei,55,not_converged,FALSE,FALSE,FALSE,FALSE,-1630.6908504759635,NA,psn_lst,NA,FALSE,FALSE,TRUE,NA,nonmem,psn_cov,3,3,3,0,TRUE,NA,NA,NA,1651.244,3859.36,2.337,NA,NA,NA
80,15,ode,nonmem_scm,focei,56,not_converged,FALSE,FALSE,FALSE,FALSE,-1643.864895826534,NA,psn_lst,NA,FALSE,FALSE,TRUE,NA,nonmem,psn_cov,3,3,3,0,TRUE,NA,NA,NA,2335.887,4281.69,1.833,NA,NA,NA
80,15,ode,nonmem_scm,focei,57,not_converged,FALSE,FALSE,FALSE,FALSE,-1634.29207395026,NA,psn_lst,NA,FALSE,FALSE,TRUE,NA,nonmem,psn_cov,4,3,2,2,FALSE,NA,NA,NA,2184.106,5149.19,2.358,NA,NA,NA
80,15,ode,nonmem_scm,focei,58,ok,TRUE,FALSE,FALSE,FALSE,-1681.8631691735754,NA,psn_lst,NA,TRUE,FALSE,FALSE,NA,nonmem,psn_cov,3,3,2,1,FALSE,NA,NA,NA,3760.98,6707.68,1.783,NA,NA,NA
80,15,ode,nonmem_scm,focei,59,not_converged,FALSE,FALSE,FALSE,FALSE,-1566.8629486206817,NA,psn_lst,NA,FALSE,FALSE,TRUE,NA,nonmem,psn_cov,3,3,3,0,TRUE,NA,NA,NA,2053.052,4949.49,2.411,NA,NA,NA
80,15,ode,nonmem_scm,focei,60,ok,TRUE,FALSE,FALSE,FALSE,-1605.059679383935,NA,psn_lst,NA,TRUE,FALSE,FALSE,NA,nonmem,psn_cov,3,3,2,1,FALSE,NA,NA,NA,1470.719,3654.92,2.485,NA,NA,NA
80,15,ode,nonmem_scm,focei,61,ok,TRUE,FALSE,FALSE,FALSE,-1657.234748972629,NA,psn_lst,NA,TRUE,FALSE,FALSE,NA,nonmem,psn_cov,3,3,3,0,TRUE,NA,NA,NA,1925.057,4692.38,2.438,NA,NA,NA
80,15,ode,nonmem_scm,focei,62,not_converged,FALSE,FALSE,FALSE,FALSE,-1570.4403546678595,NA,psn_lst,NA,FALSE,FALSE,TRUE,NA,nonmem,psn_cov,2,3,2,0,FALSE,NA,NA,NA,1740.654,4141.85,2.379,NA,NA,NA
80,15,ode,nonmem_scm,focei,63,ok,TRUE,FALSE,FALSE,FALSE,-1615.2969316269548,NA,psn_lst,NA,TRUE,FALSE,FALSE,NA,nonmem,psn_cov,3,3,3,0,TRUE,NA,NA,NA,1597.946,3959.14,2.478,NA,NA,NA
80,15,ode,nonmem_scm,focei,64,not_converged,FALSE,FALSE,FALSE,FALSE,-1634.4903338406664,NA,psn_lst,NA,FALSE,FALSE,TRUE,NA,nonmem,psn_cov,3,3,2,1,FALSE,NA,NA,NA,1913.039,4636.94,2.424,NA,NA,NA
80,15,ode,nonmem_scm,focei,65,ok,TRUE,FALSE,FALSE,FALSE,-1627.833558127271,NA,psn_lst,NA,TRUE,FALSE,FALSE,NA,nonmem,psn_cov,3,3,3,0,TRUE,NA,NA,NA,2396.923,6008.83,2.507,NA,NA,NA
80,15,ode,nonmem_scm,focei,66,not_converged,FALSE,FALSE,FALSE,FALSE,-1682.1353020063211,NA,psn_lst,NA,FALSE,FALSE,TRUE,NA,nonmem,psn_cov,3,3,3,0,TRUE,NA,NA,NA,1562.869,3938.02,2.52,NA,NA,NA
80,15,ode,nonmem_scm,focei,67,not_converged,FALSE,FALSE,FALSE,FALSE,-1634.6399413501374,NA,psn_lst,NA,FALSE,FALSE,TRUE,NA,nonmem,psn_cov,3,3,3,0,TRUE,NA,NA,NA,1718.269,4316.9,2.512,NA,NA,NA
80,15,ode,nonmem_scm,focei,68,not_converged,FALSE,FALSE,FALSE,FALSE,-1692.1030400633188,NA,psn_lst,NA,FALSE,FALSE,TRUE,NA,nonmem,psn_cov,3,3,3,0,TRUE,NA,NA,NA,1608.047,3862.76,2.402,NA,NA,NA
80,15,ode,nonmem_scm,focei,69,not_converged,FALSE,FALSE,FALSE,FALSE,-1599.723797233854,NA,psn_lst,NA,FALSE,FALSE,TRUE,NA,nonmem,psn_cov,3,3,2,1,FALSE,NA,NA,NA,1679.891,4213.26,2.508,NA,NA,NA
80,15,ode,nonmem_scm,focei,70,ok,TRUE,FALSE,FALSE,FALSE,-1605.9627019872055,NA,psn_lst,NA,TRUE,FALSE,FALSE,NA,nonmem,psn_cov,3,3,3,0,TRUE,NA,NA,NA,1685.817,4112.82,2.44,NA,NA,NA
80,15,ode,nonmem_scm,focei,71,ok,TRUE,FALSE,FALSE,FALSE,-1648.9576075616403,NA,psn_lst,NA,TRUE,FALSE,FALSE,NA,nonmem,psn_cov,3,3,3,0,TRUE,NA,NA,NA,2873.848,7058.97,2.456,NA,NA,NA
80,15,ode,nonmem_scm,focei,72,not_converged,FALSE,FALSE,FALSE,FALSE,-1615.481775361149,NA,psn_lst,NA,FALSE,FALSE,TRUE,NA,nonmem,psn_cov,4,3,3,1,FALSE,NA,NA,NA,2278.871,5705.39,2.504,NA,NA,NA
80,15,ode,nonmem_scm,focei,73,ok,TRUE,FALSE,FALSE,FALSE,-1612.5663022828398,NA,psn_lst,NA,TRUE,FALSE,FALSE,NA,nonmem,psn_cov,3,3,3,0,TRUE,NA,NA,NA,1667.874,4052.47,2.43,NA,NA,NA
80,15,ode,nonmem_scm,focei,74,ok,TRUE,FALSE,FALSE,FALSE,-1591.8780719482293,NA,psn_lst,NA,TRUE,FALSE,FALSE,NA,nonmem,psn_cov,3,3,3,0,TRUE,NA,NA,NA,1801.267,4218.8,2.342,NA,NA,NA
80,15,ode,nonmem_scm,focei,75,ok,TRUE,FALSE,FALSE,FALSE,-1585.3016475267943,NA,psn_lst,NA,TRUE,FALSE,FALSE,NA,nonmem,psn_cov,3,3,3,0,TRUE,NA,NA,NA,2514.806,6144.67,2.443,NA,NA,NA
80,15,ode,nonmem_scm,focei,76,not_converged,FALSE,FALSE,FALSE,FALSE,-1606.4604372761153,NA,psn_lst,NA,FALSE,FALSE,TRUE,NA,nonmem,psn_cov,2,3,2,0,FALSE,NA,NA,NA,5663.264,5599.91,0.989,NA,NA,NA
80,15,ode,nonmem_scm,focei,77,not_converged,FALSE,FALSE,FALSE,FALSE,-1661.644951833568,NA,psn_lst,NA,FALSE,FALSE,TRUE,NA,nonmem,psn_cov,3,3,3,0,TRUE,NA,NA,NA,1591.133,3859.38,2.426,NA,NA,NA
80,15,ode,nonmem_scm,focei,78,ok,TRUE,FALSE,FALSE,FALSE,-1561.3261598239417,NA,psn_lst,NA,TRUE,FALSE,FALSE,NA,nonmem,psn_cov,3,3,3,0,TRUE,NA,NA,NA,1435.786,3580.56,2.494,NA,NA,NA
80,15,ode,nonmem_scm,focei,79,not_converged,FALSE,FALSE,FALSE,FALSE,-1627.3668952122407,NA,psn_lst,NA,FALSE,FALSE,TRUE,NA,nonmem,psn_cov,2,3,2,0,FALSE,NA,NA,NA,3111.497,3072.29,0.987,NA,NA,NA
80,15,ode,nonmem_scm,focei,80,ok,TRUE,FALSE,FALSE,FALSE,-1718.4022118060354,NA,psn_lst,NA,TRUE,FALSE,FALSE,NA,nonmem,psn_cov,3,3,3,0,TRUE,NA,NA,NA,1811.008,4390.04,2.424,NA,NA,NA
80,15,ode,nonmem_scm,focei,81,ok,TRUE,FALSE,FALSE,FALSE,-1713.0416003568666,NA,psn_lst,NA,TRUE,FALSE,FALSE,NA,nonmem,psn_cov,4,3,3,1,FALSE,NA,NA,NA,2829.207,5276.81,1.865,NA,NA,NA
80,15,ode,nonmem_scm,focei,82,not_converged,FALSE,FALSE,FALSE,FALSE,-1652.0145289012637,NA,psn_lst,NA,FALSE,FALSE,TRUE,NA,nonmem,psn_cov,3,3,3,0,TRUE,NA,NA,NA,1785.277,4355.08,2.439,NA,NA,NA
80,15,ode,nonmem_scm,focei,83,ok,TRUE,FALSE,FALSE,FALSE,-1660.410896476142,NA,psn_lst,NA,TRUE,FALSE,FALSE,NA,nonmem,psn_cov,3,3,3,0,TRUE,NA,NA,NA,4398.135,4338.51,0.986,NA,NA,NA
80,15,ode,nonmem_scm,focei,84,ok,TRUE,FALSE,FALSE,FALSE,-1558.6047248014509,NA,psn_lst,NA,TRUE,FALSE,FALSE,NA,nonmem,psn_cov,3,3,3,0,TRUE,NA,NA,NA,5093.046,5027.54,0.987,NA,NA,NA
80,15,ode,nonmem_scm,focei,85,ok,TRUE,FALSE,FALSE,FALSE,-1634.4071065992227,NA,psn_lst,NA,TRUE,FALSE,FALSE,NA,nonmem,psn_cov,3,3,3,0,TRUE,NA,NA,NA,4126.639,4072.26,0.987,NA,NA,NA
80,15,ode,nonmem_scm,focei,86,not_converged,FALSE,FALSE,FALSE,FALSE,-1703.8411261607444,NA,psn_lst,NA,FALSE,FALSE,TRUE,NA,nonmem,psn_cov,3,3,2,1,FALSE,NA,NA,NA,6467.627,6401.4,0.99,NA,NA,NA
80,15,ode,nonmem_scm,focei,87,not_converged,FALSE,FALSE,FALSE,FALSE,-1602.535123644543,NA,psn_lst,NA,FALSE,FALSE,TRUE,NA,nonmem,psn_cov,3,3,3,0,TRUE,NA,NA,NA,1883.169,4617.13,2.452,NA,NA,NA
80,15,ode,nonmem_scm,focei,88,not_converged,FALSE,FALSE,FALSE,FALSE,-1573.2521729077307,NA,psn_lst,NA,FALSE,FALSE,TRUE,NA,nonmem,psn_cov,3,3,2,1,FALSE,NA,NA,NA,9454.094,9358.8,0.99,NA,NA,NA
80,15,ode,nonmem_scm,focei,89,not_converged,FALSE,FALSE,FALSE,FALSE,-1664.6319425217143,NA,psn_lst,NA,FALSE,FALSE,TRUE,NA,nonmem,psn_cov,3,3,2,1,FALSE,NA,NA,NA,4360.664,4304.9,0.987,NA,NA,NA
80,15,ode,nonmem_scm,focei,90,ok,TRUE,FALSE,FALSE,FALSE,-1570.7007969246138,NA,psn_lst,NA,TRUE,FALSE,FALSE,NA,nonmem,psn_cov,3,3,3,0,TRUE,NA,NA,NA,4605.368,4540.72,0.986,NA,NA,NA
80,15,ode,nonmem_scm,focei,91,not_converged,FALSE,FALSE,FALSE,FALSE,-1621.3029276483303,NA,psn_lst,NA,FALSE,FALSE,TRUE,NA,nonmem,psn_cov,3,3,3,0,TRUE,NA,NA,NA,2028.716,3673.48,1.811,NA,NA,NA
80,15,ode,nonmem_scm,focei,92,not_converged,FALSE,FALSE,FALSE,FALSE,-1539.7146946347068,NA,psn_lst,NA,FALSE,FALSE,TRUE,NA,nonmem,psn_cov,3,3,2,1,FALSE,NA,NA,NA,5321.903,5258.69,0.988,NA,NA,NA
80,15,ode,nonmem_scm,focei,93,not_converged,FALSE,FALSE,FALSE,FALSE,-1634.0383632877113,NA,psn_lst,NA,FALSE,FALSE,TRUE,NA,nonmem,psn_cov,2,3,2,0,FALSE,NA,NA,NA,4940.976,4881.17,0.988,NA,NA,NA
80,15,ode,nonmem_scm,focei,94,ok,TRUE,FALSE,FALSE,FALSE,-1587.871039597757,NA,psn_lst,NA,TRUE,FALSE,FALSE,NA,nonmem,psn_cov,3,3,1,2,FALSE,NA,NA,NA,1673.117,4086.55,2.442,NA,NA,NA
80,15,ode,nonmem_scm,focei,95,not_converged,FALSE,FALSE,FALSE,FALSE,-1600.0760880694768,NA,psn_lst,NA,FALSE,FALSE,TRUE,NA,nonmem,psn_cov,3,3,3,0,TRUE,NA,NA,NA,1538.632,3776.65,2.455,NA,NA,NA
80,15,ode,nonmem_scm,focei,96,ok,TRUE,FALSE,FALSE,FALSE,-1640.2419324792268,NA,psn_lst,NA,TRUE,FALSE,FALSE,NA,nonmem,psn_cov,3,3,3,0,TRUE,NA,NA,NA,1649.149,3813.03,2.312,NA,NA,NA
80,15,ode,nonmem_scm,focei,97,not_converged,FALSE,FALSE,FALSE,FALSE,-1649.543899868164,NA,psn_lst,NA,FALSE,FALSE,TRUE,NA,nonmem,psn_cov,3,3,3,0,TRUE,NA,NA,NA,1710.744,4225.59,2.47,NA,NA,NA
80,15,ode,nonmem_scm,focei,98,not_converged,FALSE,FALSE,FALSE,FALSE,-1627.7673193121575,NA,psn_lst,NA,FALSE,FALSE,TRUE,NA,nonmem,psn_cov,3,3,2,1,FALSE,NA,NA,NA,2322.607,4303.7,1.853,NA,NA,NA
80,15,ode,nonmem_scm,focei,99,ok,TRUE,FALSE,FALSE,FALSE,-1662.004989326791,NA,psn_lst,NA,TRUE,FALSE,FALSE,NA,nonmem,psn_cov,3,3,2,1,FALSE,NA,NA,NA,1547.678,3793.79,2.451,NA,NA,NA
80,15,ode,nonmem_scm,focei,100,ok,TRUE,FALSE,FALSE,FALSE,-1627.967514484087,NA,psn_lst,NA,TRUE,FALSE,FALSE,NA,nonmem,psn_cov,3,3,3,0,TRUE,NA,NA,NA,2831.334,7263.59,2.565,NA,NA,NA
80,16,ode,nonmem_scm,focei,1,not_converged,FALSE,FALSE,FALSE,FALSE,-1591.3821817072528,NA,psn_lst,NA,FALSE,FALSE,TRUE,NA,nonmem,psn_cov,4,4,4,0,TRUE,NA,NA,NA,2002.799,5018.32,2.506,NA,NA,NA
80,16,ode,nonmem_scm,focei,2,ok,TRUE,FALSE,FALSE,FALSE,-1655.9613060764927,NA,psn_lst,NA,TRUE,FALSE,FALSE,NA,nonmem,psn_cov,4,4,4,0,TRUE,NA,NA,NA,6041.507,5977.01,0.989,NA,NA,NA
80,16,ode,nonmem_scm,focei,3,not_converged,FALSE,FALSE,FALSE,FALSE,-1673.4926413814703,NA,psn_lst,NA,FALSE,FALSE,TRUE,NA,nonmem,psn_cov,4,4,4,0,TRUE,NA,NA,NA,2503.1,5834,2.331,NA,NA,NA
80,16,ode,nonmem_scm,focei,4,not_converged,FALSE,FALSE,FALSE,FALSE,-1687.3648184240385,NA,psn_lst,NA,FALSE,FALSE,TRUE,NA,nonmem,psn_cov,4,4,4,0,TRUE,NA,NA,NA,3088.938,7253.98,2.348,NA,NA,NA
80,16,ode,nonmem_scm,focei,5,not_converged,FALSE,FALSE,FALSE,FALSE,-1625.2924372455286,NA,psn_lst,NA,FALSE,FALSE,TRUE,NA,nonmem,psn_cov,4,4,3,1,FALSE,NA,NA,NA,3153.332,5707.24,1.81,NA,NA,NA
80,16,ode,nonmem_scm,focei,6,ok,TRUE,FALSE,FALSE,FALSE,-1664.1334429007286,NA,psn_lst,NA,TRUE,FALSE,FALSE,NA,nonmem,psn_cov,4,4,4,0,TRUE,NA,NA,NA,5687.936,5624.08,0.989,NA,NA,NA
80,16,ode,nonmem_scm,focei,7,not_converged,FALSE,FALSE,FALSE,FALSE,-1679.1817653736643,NA,psn_lst,NA,FALSE,FALSE,TRUE,NA,nonmem,psn_cov,4,4,3,1,FALSE,NA,NA,NA,2885.053,7090.49,2.458,NA,NA,NA
80,16,ode,nonmem_scm,focei,8,ok,TRUE,FALSE,FALSE,FALSE,-1597.6862556523588,NA,psn_lst,NA,TRUE,FALSE,FALSE,NA,nonmem,psn_cov,4,4,4,0,TRUE,NA,NA,NA,5716.736,5653.27,0.989,NA,NA,NA
80,16,ode,nonmem_scm,focei,9,not_converged,FALSE,FALSE,FALSE,FALSE,-1629.61512959931,NA,psn_lst,NA,FALSE,FALSE,TRUE,NA,nonmem,psn_cov,4,4,3,1,FALSE,NA,NA,NA,6138.471,6068.48,0.989,NA,NA,NA
80,16,ode,nonmem_scm,focei,10,not_converged,FALSE,FALSE,FALSE,FALSE,-1639.3793293398849,NA,psn_lst,NA,FALSE,FALSE,TRUE,NA,nonmem,psn_cov,4,4,4,0,TRUE,NA,NA,NA,2099.11,5181.17,2.468,NA,NA,NA
80,16,ode,nonmem_scm,focei,11,ok,TRUE,FALSE,FALSE,FALSE,-1681.0168550243627,NA,psn_lst,NA,TRUE,FALSE,FALSE,NA,nonmem,psn_cov,4,4,4,0,TRUE,NA,NA,NA,6241.338,6173.06,0.989,NA,NA,NA
80,16,ode,nonmem_scm,focei,12,ok,TRUE,FALSE,FALSE,FALSE,-1596.8416801568098,NA,psn_lst,NA,TRUE,FALSE,FALSE,NA,nonmem,psn_cov,4,4,3,1,FALSE,NA,NA,NA,4859.382,4800.84,0.988,NA,NA,NA
80,16,ode,nonmem_scm,focei,13,not_converged,FALSE,FALSE,FALSE,FALSE,-1637.6043141501289,NA,psn_lst,NA,FALSE,FALSE,TRUE,NA,nonmem,psn_cov,4,4,4,0,TRUE,NA,NA,NA,6271.019,6208.42,0.99,NA,NA,NA
80,16,ode,nonmem_scm,focei,14,not_converged,FALSE,FALSE,FALSE,FALSE,-1589.7444321121975,NA,psn_lst,NA,FALSE,FALSE,TRUE,NA,nonmem,psn_cov,3,4,3,0,FALSE,NA,NA,NA,4257.612,4205.86,0.988,NA,NA,NA
80,16,ode,nonmem_scm,focei,15,not_converged,FALSE,FALSE,FALSE,FALSE,-1623.1333779817055,NA,psn_lst,NA,FALSE,FALSE,TRUE,NA,nonmem,psn_cov,4,4,4,0,TRUE,NA,NA,NA,5613.854,5551.57,0.989,NA,NA,NA
80,16,ode,nonmem_scm,focei,16,not_converged,FALSE,FALSE,FALSE,FALSE,-1663.8778588892817,NA,psn_lst,NA,FALSE,FALSE,TRUE,NA,nonmem,psn_cov,4,4,4,0,TRUE,NA,NA,NA,3076.977,5275.51,1.715,NA,NA,NA
80,16,ode,nonmem_scm,focei,17,ok,TRUE,FALSE,FALSE,FALSE,-1607.3381899595406,NA,psn_lst,NA,TRUE,FALSE,FALSE,NA,nonmem,psn_cov,4,4,4,0,TRUE,NA,NA,NA,3331.731,6064.22,1.82,NA,NA,NA
80,16,ode,nonmem_scm,focei,18,not_converged,FALSE,FALSE,FALSE,FALSE,-1642.3433402975984,NA,psn_lst,NA,FALSE,FALSE,TRUE,NA,nonmem,psn_cov,4,4,4,0,TRUE,NA,NA,NA,3096.197,5428.69,1.753,NA,NA,NA
80,16,ode,nonmem_scm,focei,19,not_converged,FALSE,FALSE,FALSE,FALSE,-1659.2780021949914,NA,psn_lst,NA,FALSE,FALSE,TRUE,NA,nonmem,psn_cov,3,4,3,0,FALSE,NA,NA,NA,4416.479,4359.16,0.987,NA,NA,NA
80,16,ode,nonmem_scm,focei,20,ok,TRUE,FALSE,FALSE,FALSE,-1658.9670985478108,NA,psn_lst,NA,TRUE,FALSE,FALSE,NA,nonmem,psn_cov,4,4,4,0,TRUE,NA,NA,NA,2352.617,5587.7,2.375,NA,NA,NA
80,16,ode,nonmem_scm,focei,21,ok,TRUE,FALSE,FALSE,FALSE,-1583.7219563399506,NA,psn_lst,NA,TRUE,FALSE,FALSE,NA,nonmem,psn_cov,4,4,3,1,FALSE,NA,NA,NA,2051.475,4909.89,2.393,NA,NA,NA
80,16,ode,nonmem_scm,focei,22,not_converged,FALSE,FALSE,FALSE,FALSE,-1642.9785539297677,NA,psn_lst,NA,FALSE,FALSE,TRUE,NA,nonmem,psn_cov,4,4,4,0,TRUE,NA,NA,NA,4104.032,7519.39,1.832,NA,NA,NA
80,16,ode,nonmem_scm,focei,23,not_converged,FALSE,FALSE,FALSE,FALSE,-1600.8499594496357,NA,psn_lst,NA,FALSE,FALSE,TRUE,NA,nonmem,psn_cov,3,4,3,0,FALSE,NA,NA,NA,2223.666,4977.8,2.239,NA,NA,NA
80,16,ode,nonmem_scm,focei,24,ok,TRUE,FALSE,FALSE,FALSE,-1628.9396651044094,NA,psn_lst,NA,TRUE,FALSE,FALSE,NA,nonmem,psn_cov,4,4,4,0,TRUE,NA,NA,NA,2460.934,5648.35,2.295,NA,NA,NA
80,16,ode,nonmem_scm,focei,25,ok,TRUE,FALSE,FALSE,FALSE,-1621.7850303031855,NA,psn_lst,NA,TRUE,FALSE,FALSE,NA,nonmem,psn_cov,4,4,4,0,TRUE,NA,NA,NA,2566.663,6097.72,2.376,NA,NA,NA
80,16,ode,nonmem_scm,focei,26,ok,TRUE,FALSE,FALSE,FALSE,-1592.848302167061,NA,psn_lst,NA,TRUE,FALSE,FALSE,NA,nonmem,psn_cov,4,4,3,1,FALSE,NA,NA,NA,3194.685,5632.84,1.763,NA,NA,NA
80,16,ode,nonmem_scm,focei,27,not_converged,FALSE,FALSE,FALSE,FALSE,-1639.6759852247449,NA,psn_lst,NA,FALSE,FALSE,TRUE,NA,nonmem,psn_cov,4,4,4,0,TRUE,NA,NA,NA,2615.685,4509.96,1.724,NA,NA,NA
80,16,ode,nonmem_scm,focei,28,ok,TRUE,FALSE,FALSE,FALSE,-1589.4727542536396,NA,psn_lst,NA,TRUE,FALSE,FALSE,NA,nonmem,psn_cov,4,4,3,1,FALSE,NA,NA,NA,2852.085,5099.67,1.788,NA,NA,NA
80,16,ode,nonmem_scm,focei,29,not_converged,FALSE,FALSE,FALSE,FALSE,-1592.4499209874043,NA,psn_lst,NA,FALSE,FALSE,TRUE,NA,nonmem,psn_cov,4,4,3,1,FALSE,NA,NA,NA,2657.371,6347.93,2.389,NA,NA,NA
80,16,ode,nonmem_scm,focei,30,not_converged,FALSE,FALSE,FALSE,FALSE,-1527.681696486316,NA,psn_lst,NA,FALSE,FALSE,TRUE,NA,nonmem,psn_cov,3,4,3,0,FALSE,NA,NA,NA,2152.061,4928.13,2.29,NA,NA,NA
80,16,ode,nonmem_scm,focei,31,not_converged,FALSE,FALSE,FALSE,FALSE,-1661.8999320201724,NA,psn_lst,NA,FALSE,FALSE,TRUE,NA,nonmem,psn_cov,4,4,4,0,TRUE,NA,NA,NA,2164.085,5187.97,2.397,NA,NA,NA
80,16,ode,nonmem_scm,focei,32,ok,TRUE,FALSE,FALSE,FALSE,-1654.805595070287,NA,psn_lst,NA,TRUE,FALSE,FALSE,NA,nonmem,psn_cov,4,4,4,0,TRUE,NA,NA,NA,2824.896,5046.19,1.786,NA,NA,NA
80,16,ode,nonmem_scm,focei,33,ok,TRUE,FALSE,FALSE,FALSE,-1603.9524947308978,NA,psn_lst,NA,TRUE,FALSE,FALSE,NA,nonmem,psn_cov,4,4,4,0,TRUE,NA,NA,NA,2007.025,4574.55,2.279,NA,NA,NA
80,16,ode,nonmem_scm,focei,34,ok,TRUE,FALSE,FALSE,FALSE,-1607.879971089583,NA,psn_lst,NA,TRUE,FALSE,FALSE,NA,nonmem,psn_cov,4,4,3,1,FALSE,NA,NA,NA,2054.784,4750.37,2.312,NA,NA,NA
80,16,ode,nonmem_scm,focei,35,ok,TRUE,FALSE,FALSE,FALSE,-1621.7500131061045,NA,psn_lst,NA,TRUE,FALSE,FALSE,NA,nonmem,psn_cov,4,4,4,0,TRUE,NA,NA,NA,2228.885,5350.25,2.4,NA,NA,NA
80,16,ode,nonmem_scm,focei,36,ok,TRUE,FALSE,FALSE,FALSE,-1547.368842161754,NA,psn_lst,NA,TRUE,FALSE,FALSE,NA,nonmem,psn_cov,4,4,4,0,TRUE,NA,NA,NA,2144.777,4921.56,2.295,NA,NA,NA
80,16,ode,nonmem_scm,focei,37,ok,TRUE,FALSE,FALSE,FALSE,-1580.233872494043,NA,psn_lst,NA,TRUE,FALSE,FALSE,NA,nonmem,psn_cov,4,4,2,2,FALSE,NA,NA,NA,2025.511,4989.67,2.463,NA,NA,NA
80,16,ode,nonmem_scm,focei,38,not_converged,FALSE,FALSE,FALSE,FALSE,-1556.3422980430898,NA,psn_lst,NA,FALSE,FALSE,TRUE,NA,nonmem,psn_cov,4,4,4,0,TRUE,NA,NA,NA,2107.066,4881.99,2.317,NA,NA,NA
80,16,ode,nonmem_scm,focei,39,ok,TRUE,FALSE,FALSE,FALSE,-1636.497809266565,NA,psn_lst,NA,TRUE,FALSE,FALSE,NA,nonmem,psn_cov,4,4,4,0,TRUE,NA,NA,NA,2151.057,5205.41,2.42,NA,NA,NA
80,16,ode,nonmem_scm,focei,40,ok,TRUE,FALSE,FALSE,FALSE,-1607.8298809317262,NA,psn_lst,NA,TRUE,FALSE,FALSE,NA,nonmem,psn_cov,4,4,4,0,TRUE,NA,NA,NA,2007.395,4837.09,2.41,NA,NA,NA
80,16,ode,nonmem_scm,focei,41,ok,TRUE,FALSE,FALSE,FALSE,-1638.2615232211433,NA,psn_lst,NA,TRUE,FALSE,FALSE,NA,nonmem,psn_cov,4,4,3,1,FALSE,NA,NA,NA,2572.521,5594.72,2.175,NA,NA,NA
80,16,ode,nonmem_scm,focei,42,not_converged,FALSE,FALSE,FALSE,FALSE,-1666.7719949838686,NA,psn_lst,NA,FALSE,FALSE,TRUE,NA,nonmem,psn_cov,4,4,4,0,TRUE,NA,NA,NA,2758.282,5075.75,1.84,NA,NA,NA
80,16,ode,nonmem_scm,focei,43,not_converged,FALSE,FALSE,FALSE,FALSE,-1605.9525865658911,NA,psn_lst,NA,FALSE,FALSE,TRUE,NA,nonmem,psn_cov,4,4,4,0,TRUE,NA,NA,NA,2365.588,5547.81,2.345,NA,NA,NA
80,16,ode,nonmem_scm,focei,44,not_converged,FALSE,FALSE,FALSE,FALSE,-1616.5268994970577,NA,psn_lst,NA,FALSE,FALSE,TRUE,NA,nonmem,psn_cov,4,4,4,0,TRUE,NA,NA,NA,2234.074,5287.47,2.367,NA,NA,NA
80,16,ode,nonmem_scm,focei,45,not_converged,FALSE,FALSE,FALSE,FALSE,-1696.6277875279352,NA,psn_lst,NA,FALSE,FALSE,TRUE,NA,nonmem,psn_cov,4,4,3,1,FALSE,NA,NA,NA,3165.734,7797.05,2.463,NA,NA,NA
80,16,ode,nonmem_scm,focei,46,ok,TRUE,FALSE,FALSE,FALSE,-1601.2664967454969,NA,psn_lst,NA,TRUE,FALSE,FALSE,NA,nonmem,psn_cov,4,4,4,0,TRUE,NA,NA,NA,2459.049,5507.76,2.24,NA,NA,NA
80,16,ode,nonmem_scm,focei,47,ok,TRUE,FALSE,FALSE,FALSE,-1602.0261921289543,NA,psn_lst,NA,TRUE,FALSE,FALSE,NA,nonmem,psn_cov,4,4,4,0,TRUE,NA,NA,NA,3142.591,7477.45,2.379,NA,NA,NA
80,16,ode,nonmem_scm,focei,48,not_converged,FALSE,FALSE,FALSE,FALSE,-1568.7892287125337,NA,psn_lst,NA,FALSE,FALSE,TRUE,NA,nonmem,psn_cov,4,4,4,0,TRUE,NA,NA,NA,5591.577,5527.47,0.989,NA,NA,NA
80,16,ode,nonmem_scm,focei,49,ok,TRUE,FALSE,FALSE,FALSE,-1642.151224142693,NA,psn_lst,NA,TRUE,FALSE,FALSE,NA,nonmem,psn_cov,4,4,3,1,FALSE,NA,NA,NA,2359.353,5734.84,2.431,NA,NA,NA
80,16,ode,nonmem_scm,focei,50,ok,TRUE,FALSE,FALSE,FALSE,-1645.276486130529,NA,psn_lst,NA,TRUE,FALSE,FALSE,NA,nonmem,psn_cov,4,4,4,0,TRUE,NA,NA,NA,2874.205,6996.5,2.434,NA,NA,NA
80,16,ode,nonmem_scm,focei,51,ok,TRUE,FALSE,FALSE,FALSE,-1649.717329401682,NA,psn_lst,NA,TRUE,FALSE,FALSE,NA,nonmem,psn_cov,3,4,3,0,FALSE,NA,NA,NA,2376.547,5729.36,2.411,NA,NA,NA
80,16,ode,nonmem_scm,focei,52,ok,TRUE,FALSE,FALSE,FALSE,-1606.115559909153,NA,psn_lst,NA,TRUE,FALSE,FALSE,NA,nonmem,psn_cov,4,4,4,0,TRUE,NA,NA,NA,2928.059,5051.34,1.725,NA,NA,NA
80,16,ode,nonmem_scm,focei,53,not_converged,FALSE,FALSE,FALSE,FALSE,-1596.8890863129343,NA,psn_lst,NA,FALSE,FALSE,TRUE,NA,nonmem,psn_cov,4,4,4,0,TRUE,NA,NA,NA,3257.254,5857.67,1.798,NA,NA,NA
80,16,ode,nonmem_scm,focei,54,not_converged,FALSE,FALSE,FALSE,FALSE,-1663.393538142322,NA,psn_lst,NA,FALSE,FALSE,TRUE,NA,nonmem,psn_cov,4,4,4,0,TRUE,NA,NA,NA,2407.383,5678.12,2.359,NA,NA,NA
80,16,ode,nonmem_scm,focei,55,ok,TRUE,FALSE,FALSE,FALSE,-1595.6679093788168,NA,psn_lst,NA,TRUE,FALSE,FALSE,NA,nonmem,psn_cov,3,4,3,0,FALSE,NA,NA,NA,2361.089,5776.73,2.447,NA,NA,NA
80,16,ode,nonmem_scm,focei,56,ok,TRUE,FALSE,FALSE,FALSE,-1659.5532167885187,NA,psn_lst,NA,TRUE,FALSE,FALSE,NA,nonmem,psn_cov,4,4,4,0,TRUE,NA,NA,NA,2470.408,5967.91,2.416,NA,NA,NA
80,16,ode,nonmem_scm,focei,57,not_converged,FALSE,FALSE,FALSE,FALSE,-1687.317425361421,NA,psn_lst,NA,FALSE,FALSE,TRUE,NA,nonmem,psn_cov,4,4,3,1,FALSE,NA,NA,NA,5012.082,9211.59,1.838,NA,NA,NA
80,16,ode,nonmem_scm,focei,58,not_converged,FALSE,FALSE,FALSE,FALSE,-1641.2350847320156,NA,psn_lst,NA,FALSE,FALSE,TRUE,NA,nonmem,psn_cov,4,4,4,0,TRUE,NA,NA,NA,2444.997,5443.55,2.226,NA,NA,NA
80,16,ode,nonmem_scm,focei,59,ok,TRUE,FALSE,FALSE,FALSE,-1620.7877199120044,NA,psn_lst,NA,TRUE,FALSE,FALSE,NA,nonmem,psn_cov,3,4,3,0,FALSE,NA,NA,NA,3128.896,6753.24,2.158,NA,NA,NA
80,16,ode,nonmem_scm,focei,60,ok,TRUE,FALSE,FALSE,FALSE,-1619.656982078067,NA,psn_lst,NA,TRUE,FALSE,FALSE,NA,nonmem,psn_cov,4,4,4,0,TRUE,NA,NA,NA,3368.704,7703.63,2.287,NA,NA,NA
80,16,ode,nonmem_scm,focei,61,not_converged,FALSE,FALSE,FALSE,FALSE,-1598.3178649233566,NA,psn_lst,NA,FALSE,FALSE,TRUE,NA,nonmem,psn_cov,4,4,4,0,TRUE,NA,NA,NA,2688.067,6634.9,2.468,NA,NA,NA
80,16,ode,nonmem_scm,focei,62,ok,TRUE,FALSE,FALSE,FALSE,-1645.889417164967,NA,psn_lst,NA,TRUE,FALSE,FALSE,NA,nonmem,psn_cov,4,4,4,0,TRUE,NA,NA,NA,2293.404,5543.46,2.417,NA,NA,NA
80,16,ode,nonmem_scm,focei,63,not_converged,FALSE,FALSE,FALSE,FALSE,-1627.4124882566364,NA,psn_lst,NA,FALSE,FALSE,TRUE,NA,nonmem,psn_cov,4,4,4,0,TRUE,NA,NA,NA,2098.966,4976.76,2.371,NA,NA,NA
80,16,ode,nonmem_scm,focei,64,ok,TRUE,FALSE,FALSE,FALSE,-1634.3194878895497,NA,psn_lst,NA,TRUE,FALSE,FALSE,NA,nonmem,psn_cov,4,4,4,0,TRUE,NA,NA,NA,2941.979,5265.26,1.79,NA,NA,NA
80,16,ode,nonmem_scm,focei,65,not_converged,FALSE,FALSE,FALSE,FALSE,-1640.1796927823232,NA,psn_lst,NA,FALSE,FALSE,TRUE,NA,nonmem,psn_cov,4,4,4,0,TRUE,NA,NA,NA,3409.574,6314.31,1.852,NA,NA,NA
80,16,ode,nonmem_scm,focei,66,not_converged,FALSE,FALSE,FALSE,FALSE,-1663.1784644973802,NA,psn_lst,NA,FALSE,FALSE,TRUE,NA,nonmem,psn_cov,4,4,4,0,TRUE,NA,NA,NA,3349.372,6005.33,1.793,NA,NA,NA
80,16,ode,nonmem_scm,focei,67,not_converged,FALSE,FALSE,FALSE,FALSE,-1619.8273190986265,NA,psn_lst,NA,FALSE,FALSE,TRUE,NA,nonmem,psn_cov,4,4,3,1,FALSE,NA,NA,NA,5442.561,5378.16,0.988,NA,NA,NA
80,16,ode,nonmem_scm,focei,68,not_converged,FALSE,FALSE,FALSE,FALSE,-1592.0586349969751,NA,psn_lst,NA,FALSE,FALSE,TRUE,NA,nonmem,psn_cov,4,4,3,1,FALSE,NA,NA,NA,2393.291,5816.07,2.43,NA,NA,NA
80,16,ode,nonmem_scm,focei,69,not_converged,FALSE,FALSE,FALSE,FALSE,-1642.6476021524306,NA,psn_lst,NA,FALSE,FALSE,TRUE,NA,nonmem,psn_cov,4,4,4,0,TRUE,NA,NA,NA,2048.511,4917.28,2.4,NA,NA,NA
80,16,ode,nonmem_scm,focei,70,not_converged,FALSE,FALSE,FALSE,FALSE,-1594.9717299659435,NA,psn_lst,NA,FALSE,FALSE,TRUE,NA,nonmem,psn_cov,4,4,4,0,TRUE,NA,NA,NA,2233.33,5213.05,2.334,NA,NA,NA
80,16,ode,nonmem_scm,focei,71,ok,TRUE,FALSE,FALSE,FALSE,-1668.2219143147324,NA,psn_lst,NA,TRUE,FALSE,FALSE,NA,nonmem,psn_cov,4,4,4,0,TRUE,NA,NA,NA,2028.052,4772.22,2.353,NA,NA,NA
80,16,ode,nonmem_scm,focei,72,not_converged,FALSE,FALSE,FALSE,FALSE,-1709.1706837167258,NA,psn_lst,NA,FALSE,FALSE,TRUE,NA,nonmem,psn_cov,4,4,4,0,TRUE,NA,NA,NA,1915.109,4869.81,2.543,NA,NA,NA
80,16,ode,nonmem_scm,focei,73,ok,TRUE,FALSE,FALSE,FALSE,-1619.31373254356,NA,psn_lst,NA,TRUE,FALSE,FALSE,NA,nonmem,psn_cov,3,4,3,0,FALSE,NA,NA,NA,2461.718,5847.32,2.375,NA,NA,NA
80,16,ode,nonmem_scm,focei,74,not_converged,FALSE,FALSE,FALSE,FALSE,-1640.1666834599434,NA,psn_lst,NA,FALSE,FALSE,TRUE,NA,nonmem,psn_cov,4,4,4,0,TRUE,NA,NA,NA,2178.162,5279.67,2.424,NA,NA,NA
80,16,ode,nonmem_scm,focei,75,not_converged,FALSE,FALSE,FALSE,FALSE,-1538.0929452586408,NA,psn_lst,NA,FALSE,FALSE,TRUE,NA,nonmem,psn_cov,4,4,4,0,TRUE,NA,NA,NA,8250.349,8175.41,0.991,NA,NA,NA
80,16,ode,nonmem_scm,focei,76,not_converged,FALSE,FALSE,FALSE,FALSE,-1665.1132010911267,NA,psn_lst,NA,FALSE,FALSE,TRUE,NA,nonmem,psn_cov,4,4,4,0,TRUE,NA,NA,NA,3063.721,5743.39,1.875,NA,NA,NA
80,16,ode,nonmem_scm,focei,77,ok,TRUE,FALSE,FALSE,FALSE,-1594.1059924772633,NA,psn_lst,NA,TRUE,FALSE,FALSE,NA,nonmem,psn_cov,3,4,3,0,FALSE,NA,NA,NA,2329.234,5488.67,2.356,NA,NA,NA
80,16,ode,nonmem_scm,focei,78,ok,TRUE,FALSE,FALSE,FALSE,-1571.951707581592,NA,psn_lst,NA,TRUE,FALSE,FALSE,NA,nonmem,psn_cov,4,4,3,1,FALSE,NA,NA,NA,2459.125,5778.27,2.35,NA,NA,NA
80,16,ode,nonmem_scm,focei,79,not_converged,FALSE,FALSE,FALSE,FALSE,-1620.284011528992,NA,psn_lst,NA,FALSE,FALSE,TRUE,NA,nonmem,psn_cov,5,4,3,2,FALSE,NA,NA,NA,2956.558,6655.2,2.251,NA,NA,NA
80,16,ode,nonmem_scm,focei,80,not_converged,FALSE,FALSE,FALSE,FALSE,-1688.4933310475976,NA,psn_lst,NA,FALSE,FALSE,TRUE,NA,nonmem,psn_cov,4,4,3,1,FALSE,NA,NA,NA,3163.961,7220.18,2.282,NA,NA,NA
80,16,ode,nonmem_scm,focei,81,not_converged,FALSE,FALSE,FALSE,FALSE,-1689.8916585797035,NA,psn_lst,NA,FALSE,FALSE,TRUE,NA,nonmem,psn_cov,4,4,4,0,TRUE,NA,NA,NA,5139.114,5075.9,0.988,NA,NA,NA
80,16,ode,nonmem_scm,focei,82,ok,TRUE,FALSE,FALSE,FALSE,-1670.8123128623288,NA,psn_lst,NA,TRUE,FALSE,FALSE,NA,nonmem,psn_cov,4,4,4,0,TRUE,NA,NA,NA,2826.229,6550.18,2.318,NA,NA,NA
80,16,ode,nonmem_scm,focei,83,not_converged,FALSE,FALSE,FALSE,FALSE,-1562.7064960900025,NA,psn_lst,NA,FALSE,FALSE,TRUE,NA,nonmem,psn_cov,4,4,2,2,FALSE,NA,NA,NA,2864.116,5195.02,1.814,NA,NA,NA
80,16,ode,nonmem_scm,focei,84,ok,TRUE,FALSE,FALSE,FALSE,-1612.9819706361516,NA,psn_lst,NA,TRUE,FALSE,FALSE,NA,nonmem,psn_cov,2,4,2,0,FALSE,NA,NA,NA,2984.562,5259.11,1.762,NA,NA,NA
80,16,ode,nonmem_scm,focei,85,ok,TRUE,FALSE,FALSE,FALSE,-1702.6970015673285,NA,psn_lst,NA,TRUE,FALSE,FALSE,NA,nonmem,psn_cov,4,4,4,0,TRUE,NA,NA,NA,2053.062,4828.73,2.352,NA,NA,NA
80,16,ode,nonmem_scm,focei,86,not_converged,FALSE,FALSE,FALSE,FALSE,-1680.1583031781038,NA,psn_lst,NA,FALSE,FALSE,TRUE,NA,nonmem,psn_cov,4,4,4,0,TRUE,NA,NA,NA,2335.91,5399.52,2.312,NA,NA,NA
80,16,ode,nonmem_scm,focei,87,not_converged,FALSE,FALSE,FALSE,FALSE,-1616.35017928055,NA,psn_lst,NA,FALSE,FALSE,TRUE,NA,nonmem,psn_cov,4,4,4,0,TRUE,NA,NA,NA,2105.426,4932.9,2.343,NA,NA,NA
80,16,ode,nonmem_scm,focei,88,not_converged,FALSE,FALSE,FALSE,FALSE,-1644.559030129407,NA,psn_lst,NA,FALSE,FALSE,TRUE,NA,nonmem,psn_cov,3,4,3,0,FALSE,NA,NA,NA,6359.434,6292.79,0.99,NA,NA,NA
80,16,ode,nonmem_scm,focei,89,not_converged,FALSE,FALSE,FALSE,FALSE,-1639.5802460155155,NA,psn_lst,NA,FALSE,FALSE,TRUE,NA,nonmem,psn_cov,4,4,4,0,TRUE,NA,NA,NA,3033.283,5361.26,1.767,NA,NA,NA
80,16,ode,nonmem_scm,focei,90,not_converged,FALSE,FALSE,FALSE,FALSE,-1542.55775317474,NA,psn_lst,NA,FALSE,FALSE,TRUE,NA,nonmem,psn_cov,4,4,4,0,TRUE,NA,NA,NA,2174.409,5013.22,2.306,NA,NA,NA
80,16,ode,nonmem_scm,focei,91,not_converged,FALSE,FALSE,FALSE,FALSE,-1629.503524586387,NA,psn_lst,NA,FALSE,FALSE,TRUE,NA,nonmem,psn_cov,4,4,4,0,TRUE,NA,NA,NA,2374.579,5640.7,2.375,NA,NA,NA
80,16,ode,nonmem_scm,focei,92,not_converged,FALSE,FALSE,FALSE,FALSE,-1596.1487188731874,NA,psn_lst,NA,FALSE,FALSE,TRUE,NA,nonmem,psn_cov,4,4,4,0,TRUE,NA,NA,NA,2045.207,4967,2.429,NA,NA,NA
80,16,ode,nonmem_scm,focei,93,ok,TRUE,FALSE,FALSE,FALSE,-1604.0434151417508,NA,psn_lst,NA,TRUE,FALSE,FALSE,NA,nonmem,psn_cov,4,4,4,0,TRUE,NA,NA,NA,2208.422,5515.66,2.498,NA,NA,NA
80,16,ode,nonmem_scm,focei,94,ok,TRUE,FALSE,FALSE,FALSE,-1687.4703978256298,NA,psn_lst,NA,TRUE,FALSE,FALSE,NA,nonmem,psn_cov,4,4,4,0,TRUE,NA,NA,NA,2460.264,5813.45,2.363,NA,NA,NA
80,16,ode,nonmem_scm,focei,95,not_converged,FALSE,FALSE,FALSE,FALSE,-1672.7211856681372,NA,psn_lst,NA,FALSE,FALSE,TRUE,NA,nonmem,psn_cov,4,4,4,0,TRUE,NA,NA,NA,2285.511,5495.01,2.404,NA,NA,NA
80,16,ode,nonmem_scm,focei,96,ok,TRUE,FALSE,FALSE,FALSE,-1625.23359678501,NA,psn_lst,NA,TRUE,FALSE,FALSE,NA,nonmem,psn_cov,4,4,3,1,FALSE,NA,NA,NA,4865.319,4806.98,0.988,NA,NA,NA
80,16,ode,nonmem_scm,focei,97,ok,TRUE,FALSE,FALSE,FALSE,-1662.36928550437,NA,psn_lst,NA,TRUE,FALSE,FALSE,NA,nonmem,psn_cov,4,4,3,1,FALSE,NA,NA,NA,4270.048,7546.21,1.767,NA,NA,NA
80,16,ode,nonmem_scm,focei,98,not_converged,FALSE,FALSE,FALSE,FALSE,-1628.8890733554488,NA,psn_lst,NA,FALSE,FALSE,TRUE,NA,nonmem,psn_cov,4,4,4,0,TRUE,NA,NA,NA,2175.657,5326.92,2.448,NA,NA,NA
80,16,ode,nonmem_scm,focei,99,not_converged,FALSE,FALSE,FALSE,FALSE,-1655.3989918118236,NA,psn_lst,NA,FALSE,FALSE,TRUE,NA,nonmem,psn_cov,4,4,3,1,FALSE,NA,NA,NA,2633.243,6068.04,2.304,NA,NA,NA
80,16,ode,nonmem_scm,focei,100,ok,TRUE,FALSE,FALSE,FALSE,-1645.9526528319468,NA,psn_lst,NA,TRUE,FALSE,FALSE,NA,nonmem,psn_cov,4,4,4,0,TRUE,NA,NA,NA,2250.519,5674.34,2.521,NA,NA,NA
