sample_N,scenario,structure,parameter,param_class,true_value,n_used,MedRE_pct,MeanRE_pct,MARE_pct,RMRSE_pct,P90AbsRE_pct
40,1,linCmt,TVCL,structural_intercept,0.6,51,0.23943306193271083,-0.029763616354847686,3.6095285944731104,5.054469217771045,8.027351447798278
40,1,linCmt,TVVc,structural_intercept,20,51,-0.05150794150202032,-0.037156682325205824,4.103787177250169,6.431253945073791,9.570661315634279
40,1,linCmt,ResErr,structural_other,0.1,51,13.361865234,13.55111354394117,13.361865234,14.983692402017553,20.881699264999998
40,1,linCmt,TVKA,structural_other,0.7,51,0,0,0,0,0
40,1,linCmt,TVQ,structural_other,1.8,51,3.054966092098383,3.2171546608659396,3.054966092098383,3.729579784168418,5.020790659306014
40,1,linCmt,TVVp,structural_other,80,51,1.2696397812269389,1.0956743566125844,1.3606760786571215,1.9325054449582963,2.926086213216319
40,1,linCmt,cov_VcCL,structural_other,0.02,51,-20.503540358999988,-11.266305171667451,43.94646734750003,54.696127273116524,90.97412440000002
40,1,linCmt,var_CL,structural_other,0.1,51,-7.266265336799985,-6.284837645411772,14.939726010900003,24.313923110271045,38.83498894199994
40,1,linCmt,var_Vc,structural_other,0.1,51,-42.2093974313,-41.82189819515686,42.2093974313,47.58816213242062,65.32592806240001
40,1,ode,TVCL,structural_intercept,0.6,54,0.5424066183804626,0.09937141948648505,3.6112629895491413,4.95039253358259,7.957807031426367
40,1,ode,TVVc,structural_intercept,20,54,0.23380970566878823,0.015094735263778754,4.043923276612996,6.308010768156359,9.570087172765907
40,1,ode,ResErr,structural_other,0.1,54,13.09398791,13.333220070962959,13.09398791,14.754712908814193,20.999722516999995
40,1,ode,TVKA,structural_other,0.7,54,0,0,0,0,0
40,1,ode,TVQ,structural_other,1.8,54,3.137547086483542,3.252356956667899,3.137547086483542,3.7486787522478178,5.05136137095465
40,1,ode,TVVp,structural_other,80,54,1.2319334561147333,1.0691433340304581,1.3868718372563826,1.9085710543443106,2.9522053066211598
40,1,ode,cov_VcCL,structural_other,0.02,54,-19.796159950499977,-13.805102595656948,43.770320271749995,58.08489903610844,93.69586436899999
40,1,ode,var_CL,structural_other,0.1,54,-7.465778087250019,-6.4583486484722314,15.365892891150013,25.216203766446505,41.05098452311003
40,1,ode,var_Vc,structural_other,0.1,54,-42.57677537329999,-42.85290394855,42.57677537329999,48.49314050892675,68.4936171181
40,2,linCmt,VcSEX,covariate_beta,0.4054651081081644,46,0.08858895787891273,1.861445989838741,20.33058241968617,24.289520433361023,41.50041159952214
40,2,linCmt,TVCL,structural_intercept,0.6,46,-0.03849705135602899,-0.09254038016521375,3.8148231646328488,5.205200385664461,7.9515374942583845
40,2,linCmt,TVVc,structural_intercept,20,46,-0.9122025974881431,0.392982712495397,5.601395193983319,7.683716914316078,11.827769660965313
40,2,linCmt,ResErr,structural_other,0.1,46,8.075806448499998,8.7976858985413,8.075806448499998,10.983728610853056,16.865651063999994
40,2,linCmt,TVKA,structural_other,0.7,46,0,0,0,0,0
40,2,linCmt,TVQ,structural_other,1.8,46,2.149243527221413,2.5320219045562626,2.149243527221413,3.669977328773145,6.386751842376408
40,2,linCmt,TVVp,structural_other,80,46,0.17985761112999654,0.29319944200437237,0.8530638650120447,1.6146521659669222,2.4315151416485214
40,2,linCmt,cov_VcCL,structural_other,0.02,46,-4.307711836999969,-11.067958746436531,36.928069169249994,55.15568860958048,89.74602437773996
40,2,linCmt,var_CL,structural_other,0.1,46,-5.330527505050011,-4.707008668482619,17.370409242000033,22.132966699330684,34.74863963095001
40,2,linCmt,var_Vc,structural_other,0.1,46,-39.562102659150014,-34.83815489453696,41.530937475300014,43.3208225180641,64.73281618230003
40,2,ode,VcSEX,covariate_beta,0.4054651081081644,47,-0.9374184954899762,1.7954722615343661,20.450186836802875,24.048973905873876,41.07552570333783
40,2,ode,TVCL,structural_intercept,0.6,47,0.41586390463203377,-0.02847154453562656,3.957828471351732,5.176919835780171,7.971241465005005
40,2,ode,TVVc,structural_intercept,20,47,-0.5988208076673551,0.3864013555496427,5.506542929704068,7.587473999906324,11.689265708606554
40,2,ode,ResErr,structural_other,0.1,47,7.770888204999993,8.497616842374462,7.770888204999993,10.798192948520713,16.604318224999993
40,2,ode,TVKA,structural_other,0.7,47,0,0,0,0,0
40,2,ode,TVQ,structural_other,1.8,47,2.046375880361273,2.4928827484636833,2.046375880361273,3.6342723333949003,6.426952510062344
40,2,ode,TVVp,structural_other,80,47,0.2962905710201369,0.2905622204727905,0.8859181205872878,1.5971716252316799,2.389138299055101
40,2,ode,cov_VcCL,structural_other,0.02,47,-2.399204492999976,-10.789354013555313,34.50540850199996,54.632343231737025,87.16446244543992
40,2,ode,var_CL,structural_other,0.1,47,-6.148629945700007,-5.021203007576596,18.589971407000057,22.151221551443648,34.71214793504001
40,2,ode,var_Vc,structural_other,0.1,47,-39.5746724028,-34.29826344369149,39.8546264436,42.870862953851805,65.06699517887998
40,3,linCmt,VcBW,covariate_beta,1,21,3.2637084289999896,4.315640076523809,18.807083854000005,19.958780616709088,31.33499121700001
40,3,linCmt,TVCL,structural_intercept,0.6,21,-0.7619056429160054,0.356091306494524,3.909716024428097,5.8386480913122485,10.514771334954876
40,3,linCmt,TVVc,structural_intercept,20,21,-0.19014810639152557,-0.8565276475501702,4.8217596186838385,6.307066899981431,10.143824532489827
40,3,linCmt,ResErr,structural_other,0.1,21,7.476843022999987,8.930130584095233,7.476843022999987,11.536572123563028,19.122983191999996
40,3,linCmt,TVKA,structural_other,0.7,21,0,0,0,0,0
40,3,linCmt,TVQ,structural_other,1.8,21,2.3228269977511777,2.860891708636631,2.3228269977511777,3.741411000055524,5.9453801949067575
40,3,linCmt,TVVp,structural_other,80,21,1.0307524130750245,0.7701943314635328,1.3666450815496844,1.8843062473504715,3.1184459064519565
40,3,linCmt,cov_VcCL,structural_other,0.02,21,-1.4314518139999997,-0.36337929898524873,35.65856280400003,56.76139521898562,89.57109647315
40,3,linCmt,var_CL,structural_other,0.1,21,-1.067471955199989,0.6388876000047463,16.359039485000004,19.93314568568888,31.192548282300002
40,3,linCmt,var_Vc,structural_other,0.1,21,-31.84752628039998,-31.291008423700013,32.35831096720002,43.59511147141014,64.5146376771
40,3,ode,VcBW,covariate_beta,1,21,3.192493396000007,4.33769372477143,17.622184881000003,19.870023680851393,31.221496804999994
40,3,ode,TVCL,structural_intercept,0.6,21,-0.7390200828951329,0.3515264541085831,3.9198552614861013,5.841350897376698,10.53197581786473
40,3,ode,TVVc,structural_intercept,20,21,-0.18152540438077125,-0.9047578195212352,4.723813213908787,6.328339289064681,10.107438852313706
40,3,ode,ResErr,structural_other,0.1,21,7.635800408999999,8.95695698389047,7.635800408999999,11.64401006286795,18.84538924599999
40,3,ode,TVKA,structural_other,0.7,21,0,0,0,0,0
40,3,ode,TVQ,structural_other,1.8,21,2.3453964939436944,2.877942396927904,2.3453964939436944,3.7506486460342465,5.867587649068991
40,3,ode,TVVp,structural_other,80,21,0.916239786953028,0.801829090543724,1.3133933723275426,1.904512347949607,3.0670545676014527
40,3,ode,cov_VcCL,structural_other,0.02,21,-0.790287379499946,-0.24354035760904003,35.50040303900001,57.41754068897534,89.89692042449998
40,3,ode,var_CL,structural_other,0.1,21,-1.0482648427999481,0.651398624000008,16.280786450100003,19.87897723318783,31.03224690649998
40,3,ode,var_Vc,structural_other,0.1,21,-31.673280123300007,-31.379602336642854,32.39869075870001,43.70469769576146,64.46942961659998
40,4,linCmt,VcBW,covariate_beta,1,21,-8.253934651899996,-4.622046185161905,14.679726200900001,20.05594032605625,30.879024559199998
40,4,linCmt,VcSEX,covariate_beta,0.4054651081081644,21,0.08186872586508119,-0.6558137627250962,17.320558434364944,22.3138279242176,33.2542321622395
40,4,linCmt,TVCL,structural_intercept,0.6,21,-0.4977974649619429,0.2028961659234497,2.340545034098307,3.797407473039737,5.753717704344501
40,4,linCmt,TVVc,structural_intercept,20,21,-3.7801444412380647,-1.8108878820871501,5.294358158799852,7.119092596747582,11.5701362902929
40,4,linCmt,ResErr,structural_other,0.1,21,10.015801817,9.561978916590471,10.015801817,11.32016733377357,15.150831805000001
40,4,linCmt,TVKA,structural_other,0.7,21,0,0,0,0,0
40,4,linCmt,TVQ,structural_other,1.8,21,2.4547177790932415,2.9196064963740733,2.4547177790932415,3.9047048921317904,6.639269766493563
40,4,linCmt,TVVp,structural_other,80,21,0.9131975492771182,1.0539449043381284,1.6913172610828122,2.0197638871105212,3.6431303100608403
40,4,linCmt,cov_VcCL,structural_other,0.02,21,-17.678840646500014,-32.64887602747,46.30522920099999,58.07500238386758,96.32632887132
40,4,linCmt,var_CL,structural_other,0.1,21,-8.27062145520005,-6.15291725788095,19.754854042999966,23.414110963409257,36.81591585200009
40,4,linCmt,var_Vc,structural_other,0.1,21,-27.927018278600002,-22.591282803547628,33.5731540474,36.14530984899434,55.85466664499994
40,4,ode,VcBW,covariate_beta,1,21,-8.244197717000002,-4.620715411790477,14.769761338800002,20.052399686131626,30.6717570475
40,4,ode,VcSEX,covariate_beta,0.4054651081081644,21,0.08568658113559346,-0.6746400169269791,17.130045359737096,22.267077628944072,33.21353380257795
40,4,ode,TVCL,structural_intercept,0.6,21,-0.5285558420046929,0.1905549772966014,2.3448172922822716,3.7931406607495193,5.722413030294248
40,4,ode,TVVc,structural_intercept,20,21,-3.8112238561009626,-1.7821687933853094,5.387668238136882,7.109453733592269,11.534752620627966
40,4,ode,ResErr,structural_other,0.1,21,9.96922282099999,9.597320015719044,9.96922282099999,11.332053211895781,15.096348760999994
40,4,ode,TVKA,structural_other,0.7,21,0,0,0,0,0
40,4,ode,TVQ,structural_other,1.8,21,2.377965703047059,2.9128792217608486,2.377965703047059,3.9037609332214416,6.639962856923266
40,4,ode,TVVp,structural_other,80,21,0.9716588212805988,1.0593258277391067,1.5355421005142667,2.0151488528160244,3.565666738777793
40,4,ode,cov_VcCL,structural_other,0.02,21,-18.486457489000006,-32.61201868667714,46.66513588349991,58.08149523553022,95.82056717862001
40,4,ode,var_CL,structural_other,0.1,21,-8.41411451150001,-6.204918492590475,19.82963464699994,23.409346608236927,36.78732368900009
40,4,ode,var_Vc,structural_other,0.1,21,-28.8739989248,-22.61029491569048,33.5448635888,36.1650906336182,54.644841101999965
40,5,linCmt,CLcrCL,covariate_beta,0.5,43,-1.1355393091999955,0.7511724142976749,16.3832149828,22.64888838984558,38.0915716916
40,5,linCmt,TVCL,structural_intercept,0.6,43,-0.31468730767216424,0.20129724027531465,2.8562844461951418,4.353966620523687,7.645537147992129
40,5,linCmt,TVVc,structural_intercept,20,43,0.4695134621296582,1.3539492852856727,3.6392783006526668,5.3468307645638005,7.8660950430228915
40,5,linCmt,ResErr,structural_other,0.1,43,13.224868863999998,13.793058642767436,13.224868863999998,15.071254039118589,21.995673202399995
40,5,linCmt,TVKA,structural_other,0.7,43,0,0,0,0,0
40,5,linCmt,TVQ,structural_other,1.8,43,2.6861678372841724,2.8265315518879413,2.6861678372841724,3.419906157969814,5.5132452168123995
40,5,linCmt,TVVp,structural_other,80,43,0.9323023620323667,0.8999310844172942,1.0479760923022319,1.5867619968850735,2.141785947482479
40,5,linCmt,cov_VcCL,structural_other,0.02,43,-7.855109202500044,-1.5669685791146484,52.30279246855002,59.57940620353285,87.38594633042001
40,5,linCmt,var_CL,structural_other,0.1,43,-10.593979208800008,-11.603128095723259,18.7506476393,25.276811654993324,41.79668220690001
40,5,linCmt,var_Vc,structural_other,0.1,43,-39.986602331200004,-39.727886874076745,39.986602331200004,46.81526335881097,70.37138358296001
40,5,ode,CLcrCL,covariate_beta,0.5,40,-2.0720132190999996,0.5314304339050008,15.5147853226,21.988974438040742,38.398130579000004
40,5,ode,TVCL,structural_intercept,0.6,40,0.26788303156931775,0.27579648636122245,2.840496872931346,4.482259190707017,7.819810705672488
40,5,ode,TVVc,structural_intercept,20,40,0.3087578411713832,1.4512910042664804,3.6146197721911926,5.371199384095665,7.9413984607589905
40,5,ode,ResErr,structural_other,0.1,40,12.385246708999993,13.429414078474993,12.385246708999993,14.787128855244887,21.513996461500003
40,5,ode,TVKA,structural_other,0.7,40,0,0,0,0,0
40,5,ode,TVQ,structural_other,1.8,40,2.696113732209065,2.889830519255675,2.696113732209065,3.4602565462862294,5.688238376466838
40,5,ode,TVVp,structural_other,80,40,0.8898676300657903,0.8943900580316652,1.087411398155913,1.6478498293987323,2.319323128564524
40,5,ode,cov_VcCL,structural_other,0.02,40,-11.787515684999967,-1.0524813675321243,52.267073330750044,58.90147397573444,85.815167107765
40,5,ode,var_CL,structural_other,0.1,40,-11.231738650250026,-12.236276648009998,19.85970383544997,25.711967430139225,42.254629414639986
40,5,ode,var_Vc,structural_other,0.1,40,-40.85785516854998,-39.734243998900006,40.85785516854998,47.09261391805779,69.67854744007
40,6,linCmt,CLcrCL,covariate_beta,0.5,38,3.6574909385999943,3.674629672242106,14.809019533599999,19.778539303795075,30.409763246420003
40,6,linCmt,VcSEX,covariate_beta,0.4054651081081644,38,1.8402747584497656,0.5313172327656017,16.654476190460706,25.14627574901935,43.74669080937229
40,6,linCmt,TVCL,structural_intercept,0.6,38,0.7992229784020792,-0.4235429836673814,3.9161511458924347,5.8444141010202415,9.991080779209213
40,6,linCmt,TVVc,structural_intercept,20,38,-2.451555215217125,-0.7146710030504794,5.807158844532179,9.233155122110698,15.05046506756997
40,6,linCmt,ResErr,structural_other,0.1,38,11.094098887999996,11.958743953765785,11.094098887999996,14.004143004375255,22.998759217299998
40,6,linCmt,TVKA,structural_other,0.7,38,0,0,0,0,0
40,6,linCmt,TVQ,structural_other,1.8,38,2.4556551589989444,2.365249009001904,2.827640176574633,3.554515127083428,4.880191504472723
40,6,linCmt,TVVp,structural_other,80,38,1.158973393869047,0.9689936314216536,1.599693611137489,2.062816384464473,3.038499321375452
40,6,linCmt,cov_VcCL,structural_other,0.02,38,-10.883445324499988,-2.4933704856671115,32.16084454774999,53.540124561483715,103.91908413434989
40,6,linCmt,var_CL,structural_other,0.1,38,-11.961813511549998,-13.391486278381585,16.276651923299934,24.211643151856002,37.23947857032005
40,6,linCmt,var_Vc,structural_other,0.1,38,-34.834279329350004,-30.089911873602638,36.41563831215004,42.09126488162662,62.16824183475003
40,6,ode,CLcrCL,covariate_beta,0.5,40,5.537771531200009,4.841614931014999,14.601721873700003,20.68835206101107,31.775322997720007
40,6,ode,VcSEX,covariate_beta,0.4054651081081644,40,1.0739832935696039,0.5634571723866196,15.154162349593092,24.504554000775858,43.769875010286974
40,6,ode,TVCL,structural_intercept,0.6,40,0.8178900781824483,-0.2694004981564991,3.944120813180056,5.77762600911118,9.94171636479568
40,6,ode,TVVc,structural_intercept,20,40,-2.3966736243777653,-0.7520638865869875,5.7847889730196025,9.128702417035296,14.761887334728854
40,6,ode,ResErr,structural_other,0.1,40,11.587016494999999,12.131478862022496,11.587016494999999,14.123981185321682,22.703062201499993
40,6,ode,TVKA,structural_other,0.7,40,0,0,0,0,0
40,6,ode,TVQ,structural_other,1.8,40,2.6339463977613526,2.3707173911613406,2.792847910431797,3.535506590582798,4.853916612507929
40,6,ode,TVVp,structural_other,80,40,1.24196848188328,1.0129050072557568,1.5364340303821147,2.093885248094016,3.001748583951895
40,6,ode,cov_VcCL,structural_other,0.02,40,-11.115091259000016,-4.2996145374846195,31.110123497750013,52.69756514132834,103.22963690419999
40,6,ode,var_CL,structural_other,0.1,40,-11.837261727899993,-12.97803886193,15.983573563849996,23.686818749584297,36.59231561473003
40,6,ode,var_Vc,structural_other,0.1,40,-34.09382435205002,-29.702644761090006,36.97639000185002,41.64864847793097,61.19538728315001
40,7,linCmt,CLcrCL,covariate_beta,0.5,14,-0.5426461699000018,4.824057630185714,8.433803785899997,19.145542446743598,31.42477634346
40,7,linCmt,VcBW,covariate_beta,1,14,-8.958355176300003,-4.775905538514287,15.623280845350001,16.843393924945268,23.639573822290004
40,7,linCmt,TVCL,structural_intercept,0.6,14,-2.494508223235594,-2.5928164346401035,3.1068974264171123,5.2921534942594555,8.529482974723253
40,7,linCmt,TVVc,structural_intercept,20,14,-1.1556369464652236,-1.0748870878772645,1.4365701172692091,4.9573209976754615,8.26291430267303
40,7,linCmt,ResErr,structural_other,0.1,14,7.799898341499994,7.524344840992852,7.799898341499994,9.969037674123816,17.113984490799997
40,7,linCmt,TVKA,structural_other,0.7,14,0,0,0,0,0
40,7,linCmt,TVQ,structural_other,1.8,14,2.2902423897457025,3.082753208952135,2.2902423897457025,3.719822674460757,6.411605382836882
40,7,linCmt,TVVp,structural_other,80,14,0.12853176805019292,0.7642581038072878,0.41817058506597776,1.4941889914751036,2.9187507781897186
40,7,linCmt,cov_VcCL,structural_other,0.02,14,10.574412465999975,-0.3340047360928571,24.247366936000013,41.47367021921472,70.084256638205
40,7,linCmt,var_CL,structural_other,0.1,14,-12.24686856839998,-7.849138802657148,19.282224519249976,25.52923305883357,37.55866628874002
40,7,linCmt,var_Vc,structural_other,0.1,14,-23.18782895265,-19.67347439022143,25.002977815649995,32.91257099923728,36.76204775393003
40,7,ode,CLcrCL,covariate_beta,0.5,14,-0.5311938617000023,4.856370693914286,8.4135068353,19.141476330036507,31.473320649520005
40,7,ode,VcBW,covariate_beta,1,14,-9.193356357650002,-4.687320571278574,15.541334322049998,16.958204295090454,23.64592471375
40,7,ode,TVCL,structural_intercept,0.6,14,-2.449440732415625,-2.591041590615035,3.0744600206322747,5.296138499745117,8.53600686111935
40,7,ode,TVVc,structural_intercept,20,14,-1.143520313594184,-1.114305883648008,1.4803977620605924,4.971674775474964,8.30634966404746
40,7,ode,ResErr,structural_other,0.1,14,7.612474990499988,7.436327623099993,7.612474990499988,9.91837838961633,17.031411160499992
40,7,ode,TVKA,structural_other,0.7,14,0,0,0,0,0
40,7,ode,TVQ,structural_other,1.8,14,2.253853076418128,3.0666289605765336,2.253853076418128,3.7137186750248796,6.44114543010052
40,7,ode,TVVp,structural_other,80,14,0.17218236504146664,0.7851372357333744,0.43092626419845464,1.5253975521056067,2.9515098523885546
40,7,ode,cov_VcCL,structural_other,0.02,14,9.538002485250004,-0.519441516992854,24.356298002499976,41.51934372567667,69.67931020702001
40,7,ode,var_CL,structural_other,0.1,14,-12.275445224550028,-7.831514855685717,19.196258412199995,25.525343289034623,37.70266428469002
40,7,ode,var_Vc,structural_other,0.1,14,-22.08905743079999,-19.45245331634999,23.609920690899976,33.0247181583055,37.87777477787
40,8,linCmt,CLcrCL,covariate_beta,0.5,10,15.375797758400001,17.48070809824,15.375797758400001,31.338423359472245,33.526969528179976
40,8,linCmt,VcBW,covariate_beta,1,10,-1.5970727385499983,-2.759772986679999,14.820521577500001,15.792644797832631,24.166615100199998
40,8,linCmt,VcSEX,covariate_beta,0.4054651081081644,10,11.231591131927196,10.446770778691992,12.98921914113268,17.903693995462504,27.045307437917
40,8,linCmt,TVCL,structural_intercept,0.6,10,2.408905392233439,1.818083244019562,3.8634271951285646,3.912232825770576,5.172653535988976
40,8,linCmt,TVVc,structural_intercept,20,10,-4.379353040852374,-2.9449113431703733,6.274983112353549,7.178517346112499,10.775203239974061
40,8,linCmt,ResErr,structural_other,0.1,10,9.070940147499991,9.409551902699993,9.070940147499991,10.832078376750234,15.924276548099996
40,8,linCmt,TVKA,structural_other,0.7,10,0,0,0,0,0
40,8,linCmt,TVQ,structural_other,1.8,10,2.093841718924479,1.902251122903019,2.249424679474458,2.7436032629395024,3.1498219415281365
40,8,linCmt,TVVp,structural_other,80,10,0.25524091360503043,0.7222170057167201,1.0010225823238983,1.6778756297070274,2.932386215656574
40,8,linCmt,cov_VcCL,structural_other,0.02,10,24.93373591975002,7.04526101779502,43.29215505725001,51.88461440198155,70.19207492971003
40,8,linCmt,var_CL,structural_other,0.1,10,-9.607951426799994,-8.743350595059997,15.95563038995002,21.405756222618294,31.584712257170004
40,8,linCmt,var_Vc,structural_other,0.1,10,-34.723605058200015,-37.207520185369994,34.723605058200015,40.328313304061666,64.3401092588
40,8,ode,CLcrCL,covariate_beta,0.5,11,14.477507885400009,16.473600051690905,14.477507885400009,30.00016053457175,27.599970235399994
40,8,ode,VcBW,covariate_beta,1,11,4.121455618999992,0.9661566540272705,14.542686772999991,13.792660227027135,18.5705484425
40,8,ode,VcSEX,covariate_beta,0.4054651081081644,11,7.705316080983519,7.334602476255584,14.760918800901996,18.86388820524127,26.634409134005043
40,8,ode,TVCL,structural_intercept,0.6,11,3.492328297639939,1.2400029267205348,4.655984788798344,5.410407512325468,6.499313296774556
40,8,ode,TVVc,structural_intercept,20,11,-2.274780435612982,-1.9584324887911742,5.412150551114969,6.052137974036096,9.217416343001315
40,8,ode,ResErr,structural_other,0.1,11,10.478714261,10.33500704845454,10.478714261,11.424833747665147,15.87829926199999
40,8,ode,TVKA,structural_other,0.7,11,0,0,0,0,0
40,8,ode,TVQ,structural_other,1.8,11,1.7149649143380536,1.6498726790720029,2.1308909537040504,2.624040147793214,2.759190058869413
40,8,ode,TVVp,structural_other,80,11,-0.18234561339845357,0.5611962547531556,0.8873032420965997,1.6258717408277799,2.918573487294669
40,8,ode,cov_VcCL,structural_other,0.02,11,25.59741608250001,10.268802255240892,58.14481697899999,53.0164795334645,67.54149254749998
40,8,ode,var_CL,structural_other,0.1,11,-6.4584175412000375,-7.439256528227278,16.265719509999958,21.052545982221808,31.245776415999988
40,8,ode,var_Vc,structural_other,0.1,11,-34.84601997390002,-35.57299831798183,34.84601997390002,38.81750842084401,63.73452585770001
40,9,linCmt,CLBW,covariate_beta,0.75,29,7.120965103600001,6.918641243655174,12.198842897466672,20.631368772605477,35.8634565504
40,9,linCmt,TVCL,structural_intercept,0.6,29,-0.10799174100550868,-0.4455769793116719,3.5823454764270886,6.145421363209777,9.650682508105904
40,9,linCmt,TVVc,structural_intercept,20,29,0.8289678377104971,-0.05428920144063972,5.054250906941462,6.78086595119351,10.187136377775628
40,9,linCmt,ResErr,structural_other,0.1,29,15.673195589999994,14.969715055099995,15.673195589999994,16.31620099724387,21.8640358914
40,9,linCmt,TVKA,structural_other,0.7,29,0,0,0,0,0
40,9,linCmt,TVQ,structural_other,1.8,29,3.5387588536017387,3.5563720441784352,3.5387588536017387,4.183079148636434,6.31591740198463
40,9,linCmt,TVVp,structural_other,80,29,0.5524935739433801,0.6133779003398303,0.8597230474569528,1.35533893792119,2.184930923070812
40,9,linCmt,cov_VcCL,structural_other,0.02,29,-25.033566810499984,-14.644635482181037,39.25172935850001,55.43371448350053,79.53863262137
40,9,linCmt,var_CL,structural_other,0.1,29,-10.90682454099999,-10.950902931810345,15.489357985300003,22.845247851830948,39.09940632884003
40,9,linCmt,var_Vc,structural_other,0.1,29,-54.60267842689996,-49.037934034558624,54.60267842689996,53.68045816108222,77.7622976961
40,9,ode,CLBW,covariate_beta,0.75,28,7.826887672866671,7.448681802409525,12.186804553533328,21.04893383485958,36.39398370306667
40,9,ode,TVCL,structural_intercept,0.6,28,-0.7069409647108837,-0.5850439282034129,3.686042782665877,6.226077823504209,9.730493181090088
40,9,ode,TVVc,structural_intercept,20,28,1.059324054172004,0.1936140706325811,4.127211687124399,6.754650089214706,10.468710382565789
40,9,ode,ResErr,structural_other,0.1,28,15.556480920999997,15.112961580285711,15.556480920999997,16.555667504732195,22.590820166399993
40,9,ode,TVKA,structural_other,0.7,28,0,0,0,0,0
40,9,ode,TVQ,structural_other,1.8,28,3.4074150821656324,3.5718201200866573,3.4074150821656324,4.183997370171951,6.480645629198448
40,9,ode,TVVp,structural_other,80,28,0.6865737989063181,0.6785508438118341,0.8927367787764685,1.396601235325844,2.3318774899731736
40,9,ode,cov_VcCL,structural_other,0.02,28,-25.368006612249978,-16.41607754664314,39.45026001175,56.90746729644401,85.63013071581243
40,9,ode,var_CL,structural_other,0.1,28,-12.672365850700029,-11.098460696596435,16.005653249299993,23.248170363156355,39.463496744480025
40,9,ode,var_Vc,structural_other,0.1,28,-52.90414094914999,-49.328153178042854,52.90414094914999,53.51020464498236,76.2617548344
40,10,linCmt,CLBW,covariate_beta,0.75,21,15.913387753733335,10.620293321079364,23.142612099866668,24.8246289863633,37.05228586933333
40,10,linCmt,VcSEX,covariate_beta,0.4054651081081644,21,-7.468856751315264,-3.0712757818349026,14.884016273495273,25.890861870012976,35.62638549002577
40,10,linCmt,TVCL,structural_intercept,0.6,21,-12.46901102800548,-13.095478175649431,12.46901102800548,14.180662442372155,19.727468593927888
40,10,linCmt,TVVc,structural_intercept,20,21,0.11961587138687335,-0.6737621917863599,5.380139267450623,6.659689584871899,10.425600912491504
40,10,linCmt,ResErr,structural_other,0.1,21,9.32266180699999,10.424627170999996,9.32266180699999,12.003996635546969,18.100059439999995
40,10,linCmt,TVKA,structural_other,0.7,21,0,0,0,0,0
40,10,linCmt,TVQ,structural_other,1.8,21,3.379417186769768,3.29860822923524,3.379417186769768,4.080128110855484,6.30679683115777
40,10,linCmt,TVVp,structural_other,80,21,0.5739588085713088,0.818307829886136,0.7714063641865998,1.434903476962701,2.4004934082980967
40,10,linCmt,cov_VcCL,structural_other,0.02,21,-24.04467111550003,-18.129128203771423,48.6977608745,60.599697205797455,96.71158817553498
40,10,linCmt,var_CL,structural_other,0.1,21,-10.685091665800005,-9.868053275404758,15.497083346100005,17.992684197122834,27.18623269579995
40,10,linCmt,var_Vc,structural_other,0.1,21,-34.40628516569999,-32.1776263975381,34.40628516569999,37.96598943713926,49.38475620789998
40,10,ode,CLBW,covariate_beta,0.75,22,11.739691589800003,8.148451347745455,24.384560328800003,26.12916808690852,41.41954008733335
40,10,ode,VcSEX,covariate_beta,0.4054651081081644,22,-1.9197379605566205,-2.298189385587015,15.804701969794388,25.460683527502,35.312866204688454
40,10,ode,TVCL,structural_intercept,0.6,22,-11.77519332976909,-12.432266151081086,11.77519332976909,13.819124458700221,19.69069909829793
40,10,ode,TVVc,structural_intercept,20,22,-0.22987543848227432,-0.9031222059011971,4.556238847233374,6.532337208109844,10.289380995436497
40,10,ode,ResErr,structural_other,0.1,22,9.431772860999992,10.351656397681811,9.431772860999992,11.704086589032546,16.890647539799993
40,10,ode,TVKA,structural_other,0.7,22,0,0,0,0,0
40,10,ode,TVQ,structural_other,1.8,22,3.615310775673379,3.1999326678910123,3.615310775673379,4.060438078567566,6.2984308499376755
40,10,ode,TVVp,structural_other,80,22,0.8865527848249588,0.9740183071756555,0.9459180748707486,1.5172898026704467,2.6997097464315885
40,10,ode,cov_VcCL,structural_other,0.02,22,-19.04509088275002,-15.129417402017506,48.001021782250014,59.78265718434238,96.5271589241005
40,10,ode,var_CL,structural_other,0.1,22,-12.678733615750026,-10.419367458218185,14.73182185760002,18.246988887103694,27.102237921510003
40,10,ode,var_Vc,structural_other,0.1,22,-33.916698470900016,-31.30909562777273,33.916698470900016,37.05134391842273,49.56368480761
40,11,linCmt,CLBW,covariate_beta,0.75,11,15.184259178000007,16.398205425721212,24.745307897866674,33.046915318271246,45.41044488799999
40,11,linCmt,VcBW,covariate_beta,1,11,-5.1981261149000035,-1.6319757889454543,10.998412131999991,21.358469497886855,28.885801527099996
40,11,linCmt,TVCL,structural_intercept,0.6,11,-16.373457769180238,-15.446559102140725,16.373457769180238,17.52017653855136,26.515029689043633
40,11,linCmt,TVVc,structural_intercept,20,11,-15.225981754670952,-14.259858041437914,15.225981754670952,14.87208875601703,18.66560757761672
40,11,linCmt,ResErr,structural_other,0.1,11,11.642358963999996,12.742152264272722,11.642358963999996,14.236806956891948,22.728993582999998
40,11,linCmt,TVKA,structural_other,0.7,11,0,0,0,0,0
40,11,linCmt,TVQ,structural_other,1.8,11,2.8681257418284494,3.008065536909062,2.8681257418284494,3.725702175457821,6.55712833821826
40,11,linCmt,TVVp,structural_other,80,11,0.21231401630892321,0.6703754386624813,0.7165049600346585,1.633580398216332,3.0799349070668036
40,11,linCmt,cov_VcCL,structural_other,0.02,11,-28.44317987500002,-29.383392286026815,57.261562591499946,74.30335125689508,113.63152242665
40,11,linCmt,var_CL,structural_other,0.1,11,4.246435454000025,-7.150621739009104,9.118401732,21.882220271588775,37.871081853900016
40,11,linCmt,var_Vc,structural_other,0.1,11,-54.8527519747,-47.179249802545456,54.8527519747,52.446565554069714,72.9683921786
40,11,ode,CLBW,covariate_beta,0.75,10,19.782994903066665,17.83652115752,26.6507993434,34.764917977582215,47.28328792133333
40,11,ode,VcBW,covariate_beta,1,10,-3.022387293150003,0.5530434038300003,9.226486817000001,19.588702350594435,23.942522343209983
40,11,ode,TVCL,structural_intercept,0.6,10,-15.499081885151227,-15.019141494353022,15.499081885151227,17.29923358505622,26.554834665975523
40,11,ode,TVVc,structural_intercept,20,10,-15.878073454715738,-14.832269107647228,15.878073454715738,15.369159327287008,18.51010385734116
40,11,ode,ResErr,structural_other,0.1,10,10.934585222499994,12.260272971339996,10.934585222499994,13.88510555977904,21.549446497399998
40,11,ode,TVKA,structural_other,0.7,10,0,0,0,0,0
40,11,ode,TVQ,structural_other,1.8,10,2.9514904685060315,3.1805591687558934,2.9514904685060315,3.87810620763367,6.681899170561172
40,11,ode,TVVp,structural_other,80,10,0.4601467574143569,0.9074741753498259,0.776591559569475,1.7403923232210992,2.7152805815478764
40,11,ode,cov_VcCL,structural_other,0.02,10,-38.87981932300001,-38.21081858048599,52.94473081000001,76.0706066625403,118.77588525085501
40,11,ode,var_CL,structural_other,0.1,10,1.5656580005499952,-9.90797827175,7.864848837499973,21.5237490334393,37.78918845649998
40,11,ode,var_Vc,structural_other,0.1,10,-56.332732346549996,-52.38374729420999,56.332732346549996,54.58865973124457,70.44980653564998
40,12,linCmt,CLBW,covariate_beta,0.75,9,0.7044396325333342,3.167093087525927,14.712198554133327,25.24021659467348,36.12480358234665
40,12,linCmt,VcBW,covariate_beta,1,9,9.083733099999991,0.3751544875555562,18.1198509035,23.087241140432265,33.40042384085999
40,12,linCmt,VcSEX,covariate_beta,0.4054651081081644,9,0.8331138579585248,3.636059286323602,24.60936885849547,28.16192451347933,40.05606211935065
40,12,linCmt,TVCL,structural_intercept,0.6,9,-9.838870629995666,-10.54151952910045,9.838870629995666,11.504019436864201,15.876727695079417
40,12,linCmt,TVVc,structural_intercept,20,9,-11.36531825402276,-14.359466518032828,11.36531825402276,17.468364509551183,26.78513927423471
40,12,linCmt,ResErr,structural_other,0.1,9,16.885035962999993,17.071694762888885,16.885035962999993,17.897387078963035,24.23129064639999
40,12,linCmt,TVKA,structural_other,0.7,9,0,0,0,0,0
40,12,linCmt,TVQ,structural_other,1.8,9,3.061782822729249,2.3616539283775326,3.8906101457391657,3.8556161633245414,5.237813299556667
40,12,linCmt,TVVp,structural_other,80,9,1.6686590320875894,0.9697941077222556,1.795647167594101,2.552764050953359,4.44411244256716
40,12,linCmt,cov_VcCL,structural_other,0.02,9,-38.94859365399997,-48.565296642940545,38.94859365399997,69.4625782787184,104.62785332097198
40,12,linCmt,var_CL,structural_other,0.1,9,-1.1693481842999924,-8.7980219569777791,16.159597593100024,21.998408075177004,32.918302439099996
40,12,linCmt,var_Vc,structural_other,0.1,9,-44.66361722410003,-47.1658620201,44.66361722410003,50.649596336504786,65.42834880347999
40,12,ode,CLBW,covariate_beta,0.75,10,1.5988805137333288,3.8871401358399975,13.122014299733328,24.201286493436932,34.01687334846666
40,12,ode,VcBW,covariate_beta,1,10,5.559312787499993,-0.5743428851400012,17.07722486055,22.053581872682667,32.24528543951
40,12,ode,VcSEX,covariate_beta,0.4054651081081644,10,1.2953440670496623,3.653863329192665,23.17237567203226,26.535701549997405,39.11631796663046
40,12,ode,TVCL,structural_intercept,0.6,10,-10.701769524592471,-10.66177969460428,10.701769524592471,11.524540006461795,15.451693619328955
40,12,ode,TVVc,structural_intercept,20,10,-11.59900080848911,-13.768547894591817,11.59900080848911,16.771096967050074,26.514235027556904
40,12,ode,ResErr,structural_other,0.1,10,17.36078440249999,18.74978775549999,17.36078440249999,20.010839277066093,28.215160700399988
40,12,ode,TVKA,structural_other,0.7,10,0,0,0,0,0
40,12,ode,TVQ,structural_other,1.8,10,2.826802394911491,2.3083945396718923,3.486102312612211,3.731270176674423,5.220035676388632
40,12,ode,TVVp,structural_other,80,10,1.2555810619381624,0.8813763135429564,1.75235832592751,2.450152754593379,4.387336871179729
40,12,ode,cov_VcCL,structural_other,0.02,10,-31.608438936750026,-38.521308499658005,40.659754262,66.88758221794315,100.18765559196699
40,12,ode,var_CL,structural_other,0.1,10,-7.963329033649997,-9.413853965440003,15.559848577699992,21.41671988047787,31.48204827772001
40,12,ode,var_Vc,structural_other,0.1,10,-48.13182367480001,-47.49359167425001,48.13182367480001,50.40259414817536,62.74624178459
40,13,linCmt,CLBW,covariate_beta,0.75,12,-1.8880330338666726,-0.4637918749222228,15.500944781066664,26.12805456696047,44.0194097246
40,13,linCmt,CLcrCL,covariate_beta,0.5,12,1.5368636954000037,6.474325272383336,27.904657542299997,34.72976213509333,53.274995059640005
40,13,linCmt,TVCL,structural_intercept,0.6,12,-13.984133814152255,-12.903393328789889,13.984133814152255,14.977611777936026,21.478943112505515
40,13,linCmt,TVVc,structural_intercept,20,12,-1.9644033027713625,0.8448258933667897,6.0782301021990826,6.7561409415956994,9.831797034690638
40,13,linCmt,ResErr,structural_other,0.1,12,19.461839880499994,18.828926459499996,19.461839880499994,20.00029736151668,27.6179614824
40,13,linCmt,TVKA,structural_other,0.7,12,0,0,0,0,0
40,13,linCmt,TVQ,structural_other,1.8,12,3.5938748629776,3.9223729009655006,3.5938748629776,4.112144325521613,5.430578212538709
40,13,linCmt,TVVp,structural_other,80,12,1.1186110526426152,0.9962731968969685,1.2700544789785795,2.1109071039630747,2.8037147730909795
40,13,linCmt,cov_VcCL,structural_other,0.02,12,-19.027849956999997,-10.738681407337491,37.574137713,68.06133801470963,98.42960385345496
40,13,linCmt,var_CL,structural_other,0.1,12,-18.66620045280002,-18.97647712005001,18.66620045280002,26.48801325326417,45.41364349940002
40,13,linCmt,var_Vc,structural_other,0.1,12,-54.50567540289999,-50.660095653741664,54.50567540289999,53.85668257049373,66.66990009268001
40,13,ode,CLBW,covariate_beta,0.75,12,-1.7859088207333358,-0.6228777663111127,15.357427752733328,25.94096054213234,43.92315498010667
40,13,ode,CLcrCL,covariate_beta,0.5,12,1.5075372279999943,6.5240216119999985,27.7249216768,34.67389363943557,53.15182240034001
40,13,ode,TVCL,structural_intercept,0.6,12,-14.041650593067695,-12.854888063117546,14.041650593067695,14.907684351425212,21.473020659171052
40,13,ode,TVVc,structural_intercept,20,12,-2.005564020053612,0.8488424769285041,5.771867279259676,6.712889294947488,9.774169595477229
40,13,ode,ResErr,structural_other,0.1,12,20.072195152499994,19.02186381716666,20.072195152499994,20.293374925596062,28.6042451289
40,13,ode,TVKA,structural_other,0.7,12,0,0,0,0,0
40,13,ode,TVQ,structural_other,1.8,12,3.5444113595692386,4.004847220975768,3.5444113595692386,4.1752623533973106,5.562085511934667
40,13,ode,TVVp,structural_other,80,12,1.2178231226878289,1.0821486465416985,1.3526208210810429,2.1471134254715922,3.0212448777642025
40,13,ode,cov_VcCL,structural_other,0.02,12,-17.561882996000037,-9.533055164749998,36.0330112005,66.65202595007274,98.41708961995008
40,13,ode,var_CL,structural_other,0.1,12,-18.362485263449983,-18.93693418713334,18.362485263449983,26.448766300931894,45.139698871230024
40,13,ode,var_Vc,structural_other,0.1,12,-58.35650562245001,-51.170521492375,58.35650562245001,54.48579880113563,68.83182658579
40,14,linCmt,CLBW,covariate_beta,0.75,17,-3.484039361333332,2.639679477043138,16.82495730373333,23.02003476551277,34.43537723144
40,14,linCmt,CLcrCL,covariate_beta,0.5,17,4.1033014973999915,2.9767291130117655,23.431291178600013,25.59305305621634,37.20916285332
40,14,linCmt,VcSEX,covariate_beta,0.4054651081081644,17,-7.3026990266362075,-6.132004526588378,13.831325940925062,18.940813904952098,30.084897966811795
40,14,linCmt,TVCL,structural_intercept,0.6,17,-11.72481685023789,-12.258343572141422,11.72481685023789,15.140658350477196,21.49652152733712
40,14,linCmt,TVVc,structural_intercept,20,17,4.49786611498725,1.6165581892975251,5.019396964749703,5.847625675926452,7.055270238975783
40,14,linCmt,ResErr,structural_other,0.1,17,16.471593780999992,15.300405715023524,16.471593780999992,17.12104416212495,22.361544272799993
40,14,linCmt,TVKA,structural_other,0.7,17,0,0,0,0,0
40,14,linCmt,TVQ,structural_other,1.8,17,2.85168929776563,2.6542296223489275,2.85168929776563,3.374968388545722,4.821543928506353
40,14,linCmt,TVVp,structural_other,80,17,1.062820223798031,1.3942383083051029,1.2934359628040148,2.2961507538483956,3.3579081484373927
40,14,linCmt,cov_VcCL,structural_other,0.02,17,-1.5314105834999745,-9.579709572735595,40.20406535950002,46.89766272890174,67.36229375499
40,14,linCmt,var_CL,structural_other,0.1,17,-17.706058382300036,-15.3336537343706,17.93957095139999,30.424679104393242,50.56584291214001
40,14,linCmt,var_Vc,structural_other,0.1,17,-33.839186006099986,-31.710690506482358,33.839186006099986,40.12833010642724,60.67762454398
40,14,ode,CLBW,covariate_beta,0.75,17,-3.317987226666667,2.751791821043138,17.291962800799997,23.14396000183296,34.59959534408
40,14,ode,CLcrCL,covariate_beta,0.5,17,4.166488600600005,2.8308527868352957,23.3571992798,25.532342846238315,37.27157578920001
40,14,ode,VcSEX,covariate_beta,0.4054651081081644,17,-7.544859205987098,-6.1532693369431835,13.787087471470333,19.003462627459587,30.121657203653506
40,14,ode,TVCL,structural_intercept,0.6,17,-11.426638787027025,-12.266172512707229,11.426638787027025,15.131057270851015,21.485759802864408
40,14,ode,TVVc,structural_intercept,20,17,4.08883752798932,1.540082393364563,4.93048375299816,5.8822708224323055,7.128786824600566
40,14,ode,ResErr,structural_other,0.1,17,16.018975161999986,15.423158241352938,16.018975161999986,17.321250849025553,22.594385267599996
40,14,ode,TVKA,structural_other,0.7,17,0,0,0,0,0
40,14,ode,TVQ,structural_other,1.8,17,2.945769062684523,2.7488530503747977,2.945769062684523,3.403398527923799,4.850164357841269
40,14,ode,TVVp,structural_other,80,17,1.3843726157230662,1.470852702414439,1.3843726157230662,2.2855959133071995,3.437592612483055
40,14,ode,cov_VcCL,structural_other,0.02,17,-1.8739014004999845,-9.924582099882056,38.19546398150006,46.505692072881324,66.30458394555998
40,14,ode,var_CL,structural_other,0.1,17,-17.838193961900007,-15.330556002152948,18.107732623300038,30.307214678590505,50.90212656724
40,14,ode,var_Vc,structural_other,0.1,17,-35.15453176500001,-31.911332022976474,35.15453176500001,40.05793126650491,60.89449881374001
40,15,linCmt,CLBW,covariate_beta,0.75,6,-2.185853834999999,3.908318694977779,8.899951198066665,14.210674935645434,22.810761118000002
40,15,linCmt,CLcrCL,covariate_beta,0.5,6,2.056446487899999,0.09810193590000053,15.560592224899999,17.93563397022733,26.429288618500006
40,15,linCmt,VcBW,covariate_beta,1,6,-4.190831763399999,-5.474337747049999,7.836081351500002,12.772456265757407,20.06826282925
40,15,linCmt,TVCL,structural_intercept,0.6,6,-13.39682296987462,-13.775011698793307,13.39682296987462,14.683903183852154,19.41327121207334
40,15,linCmt,TVVc,structural_intercept,20,6,-14.01631685713663,-14.890832811584112,14.01631685713663,18.207384291285468,27.111762588894127
40,15,linCmt,ResErr,structural_other,0.1,6,13.823002388999994,15.26465281916666,13.823002388999994,16.318232020631783,22.376706624999994
40,15,linCmt,TVKA,structural_other,0.7,6,0,0,0,0,0
40,15,linCmt,TVQ,structural_other,1.8,6,3.361813607580884,3.6588046249546506,3.361813607580884,4.0340369658664645,5.789229869697617
40,15,linCmt,TVVp,structural_other,80,6,0.7259484400600069,0.5466044844478576,1.6283356597553755,1.846870733852175,2.6666529085551804
40,15,linCmt,cov_VcCL,structural_other,0.02,6,31.30184664924999,19.36570194820829,46.516833791249965,45.188735058030375,60.438568808374946
40,15,linCmt,var_CL,structural_other,0.1,6,-13.802253516000007,-11.313362931916677,17.531373923350024,19.586090842590558,26.63816944935002
40,15,linCmt,var_Vc,structural_other,0.1,6,-50.99172606280003,-42.20627101033336,50.99172606280003,48.773126912137165,66.28126285290003
40,15,ode,CLBW,covariate_beta,0.75,6,-1.9415076589333353,3.9775870476222206,8.869900333466669,14.160264782053424,22.744169135266667
40,15,ode,CLcrCL,covariate_beta,0.5,6,1.9938017736999991,0.1925079133333359,15.553171956099998,17.863438618075026,26.338536220800002
40,15,ode,VcBW,covariate_beta,1,6,-4.124654933100002,-5.3482546535500015,8.226108790499998,12.890799633457387,20.14621781805
40,15,ode,TVCL,structural_intercept,0.6,6,-13.138437736949376,-13.719158156221633,13.138437736949376,14.622072746470415,19.47041798037005
40,15,ode,TVVc,structural_intercept,20,6,-14.484082652765046,-15.242754308037995,14.484082652765046,18.337128631804237,27.135156681110846
40,15,ode,ResErr,structural_other,0.1,6,14.00236029549999,14.326954736333326,14.00236029549999,15.363395139700037,20.85466037099999
40,15,ode,TVKA,structural_other,0.7,6,0,0,0,0,0
40,15,ode,TVQ,structural_other,1.8,6,3.2191007740446547,3.695733553603163,3.2191007740446547,4.058570361464099,5.874191328301372
40,15,ode,TVVp,structural_other,80,6,1.0577192042617332,0.6803515062851831,1.7425206087374967,1.9019010192027417,2.66102411828383
40,15,ode,cov_VcCL,structural_other,0.02,6,32.79773851624997,20.254330368541634,47.18175338149993,45.68697242626518,60.718467808875
40,15,ode,var_CL,structural_other,0.1,6,-13.95920168655001,-10.940171828000004,17.89995580920003,19.568321801086892,26.57850395505001
40,15,ode,var_Vc,structural_other,0.1,6,-51.1658596275,-39.73234686801669,51.1658596275,47.71312809197224,64.21846785285001
40,16,linCmt,CLBW,covariate_beta,0.75,5,-8.702367595333332,8.746719165733332,11.281996852800003,28.527471664478277,41.666997627413316
40,16,linCmt,CLcrCL,covariate_beta,0.5,5,1.7107049150000053,-6.7023292820799965,8.188610271400009,15.16789205604785,23.2108342024
40,16,linCmt,VcBW,covariate_beta,1,5,-2.9546737924999955,-11.06376827856,10.642990589,22.3323756876985,34.710700461859986
40,16,linCmt,VcSEX,covariate_beta,0.4054651081081644,5,-5.282996348097613,1.1023803210813512,8.969927930386083,18.851492814701693,29.199704473457043
40,16,linCmt,TVCL,structural_intercept,0.6,5,-16.5895563796649,-16.0996617341581,16.5895563796649,17.733607596963726,23.786831676630776
40,16,linCmt,TVVc,structural_intercept,20,5,-9.944902805284439,-9.6459338790828,9.944902805284439,12.255471688120991,18.246433456512705
40,16,linCmt,ResErr,structural_other,0.1,5,10.934712372999991,10.289941978599993,10.934712372999991,10.551207988896204,12.69202066719999
40,16,linCmt,TVKA,structural_other,0.7,5,0,0,0,0,0
40,16,linCmt,TVQ,structural_other,1.8,5,2.6275715238145425,2.1126682176219247,2.6275715238145425,4.212340687366154,6.180729661288742
40,16,linCmt,TVVp,structural_other,80,5,0.9905428303583186,0.845309855484672,1.1840645763782298,1.947545511720783,2.9082400551693186
40,16,linCmt,cov_VcCL,structural_other,0.02,5,6.707492843499967,25.670257188889998,34.70190947750002,78.01728714181905,117.17561611961997
40,16,linCmt,var_CL,structural_other,0.1,5,-9.656839779000018,-12.683170454579992,17.534394798000022,22.901352644412377,33.14005759509999
40,16,linCmt,var_Vc,structural_other,0.1,5,-53.43682701089999,-42.41038352948001,53.43682701089999,46.931451351962956,61.49950500365999
40,16,ode,CLBW,covariate_beta,0.75,5,-8.991020089466668,8.871387619679993,11.167067948266673,28.86186556914529,42.12816893589331
40,16,ode,CLcrCL,covariate_beta,0.5,5,1.6065337698000004,-6.674848989320001,8.416111954200002,15.171059928994083,23.24249092684
40,16,ode,VcBW,covariate_beta,1,5,-3.239866910400002,-11.16087289802,10.578287597999992,22.342392327873164,34.73820154339999
40,16,ode,VcSEX,covariate_beta,0.4054651081081644,5,-5.409735271798764,1.0229536189163648,9.003408625095778,18.80452678000457,29.115442736807463
40,16,ode,TVCL,structural_intercept,0.6,5,-16.601024312073683,-16.06498308121292,16.601024312073683,17.727235779555002,23.787105081270322
40,16,ode,TVVc,structural_intercept,20,5,-10.034056157886049,-9.703408006762118,10.034056157886049,12.203987788593814,18.1286748926828
40,16,ode,ResErr,structural_other,0.1,5,10.298021041,10.025087522599993,10.298021041,10.400082780497112,12.86896986739999
40,16,ode,TVKA,structural_other,0.7,5,0,0,0,0,0
40,16,ode,TVQ,structural_other,1.8,5,2.5830885585611156,2.147674532553107,2.5830885585611156,4.288267558759297,6.32413855216272
40,16,ode,TVVp,structural_other,80,5,0.9867220597650393,0.9774080654940179,1.7583939409438187,2.058945006491139,2.954327118019392
40,16,ode,cov_VcCL,structural_other,0.02,5,5.946212494500006,24.98457332710002,34.92924149700008,76.97975998430951,115.64481216429996
40,16,ode,var_CL,structural_other,0.1,5,-9.72022686199997,-12.41983719092,18.89589759,23.18390410316646,33.20685777293999
40,16,ode,var_Vc,structural_other,0.1,5,-53.48093827719998,-42.63531520268,53.48093827719998,47.133212440048986,61.812148341139995
80,1,linCmt,TVCL,structural_intercept,0.6,71,0.6440171973242833,0.7272693287591979,2.7127889748123453,3.699241442529713,5.486454087339462
80,1,linCmt,TVVc,structural_intercept,20,71,0.42466044143049336,0.053376892605155705,3.339140237001015,4.619759358697282,7.3898524316337175
80,1,linCmt,ResErr,structural_other,0.1,71,13.730183962999993,14.234562942915488,13.730183962999993,14.608496465015108,18.788857021
80,1,linCmt,TVKA,structural_other,0.7,71,0,0,0,0,0
80,1,linCmt,TVQ,structural_other,1.8,71,3.5580573295158007,3.8793769469110404,3.5580573295158007,4.144002422324789,5.856092026991086
80,1,linCmt,TVVp,structural_other,80,71,1.8031695880450191,1.7153990917427933,1.8031695880450191,2.1435098321210004,3.226487713374589
80,1,linCmt,cov_VcCL,structural_other,0.02,71,-11.819017468999993,-8.537360020869018,27.76697902750001,39.52103832917279,62.07767922149999
80,1,linCmt,var_CL,structural_other,0.1,71,-2.664423026599985,-0.16487526050282228,10.112408582999985,15.752270884200067,25.81345252399997
80,1,linCmt,var_Vc,structural_other,0.1,71,-49.11030219490001,-47.55683418486198,49.11030219490001,49.67335383887452,65.52889131680001
80,1,ode,TVCL,structural_intercept,0.6,72,0.7180080664036433,0.7239652006233115,2.641911715421219,3.6569878161723177,5.769831175873515
80,1,ode,TVVc,structural_intercept,20,72,0.43775606339517376,-0.014417149638972239,3.283993560210474,4.6308234249760725,7.233691143709767
80,1,ode,ResErr,structural_other,0.1,72,13.539432732499995,14.33018208006944,13.539432732499995,14.745093860673533,19.055800471999998
80,1,ode,TVKA,structural_other,0.7,72,0,0,0,0,0
80,1,ode,TVQ,structural_other,1.8,72,3.5527262796906407,3.866468147912573,3.5527262796906407,4.131086863334396,5.685364661540565
80,1,ode,TVVp,structural_other,80,72,1.8399352505065014,1.71380411482192,1.8399352505065014,2.1273979332240645,3.117695185502309
80,1,ode,cov_VcCL,structural_other,0.02,72,-12.060352532250002,-8.946288182752086,28.07128064774997,39.72906896456451,63.06427810035502
80,1,ode,var_CL,structural_other,0.1,72,-2.1318880414500017,0.035785278254162785,10.326421912500022,15.696132813063185,25.53199955640004
80,1,ode,var_Vc,structural_other,0.1,72,-47.665772820099995,-47.48212727593056,47.665772820099995,49.6105472714678,66.17573109583999
80,2,linCmt,VcSEX,covariate_beta,0.4054651081081644,72,-11.918237122951922,-9.689206446516698,16.840505680771077,22.16304406378417,35.164760373025395
80,2,linCmt,TVCL,structural_intercept,0.6,72,-0.023373770166470097,0.5708803595196331,2.430379546476939,3.6944319525299285,6.439327067759322
80,2,linCmt,TVVc,structural_intercept,20,72,1.8462158443507004,2.3984466670826805,3.987530961708776,6.116088221571632,10.089460035899487
80,2,linCmt,ResErr,structural_other,0.1,72,9.39104822499999,9.449429138991661,9.39104822499999,10.463138406888676,15.777503963199994
80,2,linCmt,TVKA,structural_other,0.7,72,0,0,0,0,0
80,2,linCmt,TVQ,structural_other,1.8,72,2.6278479325573993,2.784132908965165,2.6278479325573993,3.269991510203603,4.8155852949513145
80,2,linCmt,TVVp,structural_other,80,72,1.370407351789238,1.348361116814949,1.370407351789238,1.8258784019799368,2.64291587538971
80,2,linCmt,cov_VcCL,structural_other,0.02,72,-2.8132033802500365,-4.789726877754171,25.961854151749996,40.17595097696597,64.40696599159507
80,2,linCmt,var_CL,structural_other,0.1,72,-3.352507725400036,-1.336057143390286,12.10375432514999,16.338838001731933,24.829122780709923
80,2,linCmt,var_Vc,structural_other,0.1,72,-26.609828259649994,-25.6320167106264,26.609828259649994,32.93340663380411,54.95339593883004
80,2,ode,VcSEX,covariate_beta,0.4054651081081644,72,-12.447397076076083,-9.698997117769029,16.77841714479948,22.216234658434093,35.21641396760404
80,2,ode,TVCL,structural_intercept,0.6,72,-0.14946490715149013,0.5758780434704853,2.385749265609703,3.7003737031360617,6.436392139371868
80,2,ode,TVVc,structural_intercept,20,72,1.8491860175053887,2.3852240005933787,3.954076848866883,6.110928811594055,10.139344864795069
80,2,ode,ResErr,structural_other,0.1,72,9.56436533699999,9.426901717626384,9.56436533699999,10.44077923251706,15.430520361399996
80,2,ode,TVKA,structural_other,0.7,72,0,0,0,0,0
80,2,ode,TVQ,structural_other,1.8,72,2.689222074421207,2.785684242658736,2.689222074421207,3.2715814721428127,4.784182295549786
80,2,ode,TVVp,structural_other,80,72,1.4301708060753882,1.3698588514587313,1.4301708060753882,1.8360553756550189,2.696025318933661
80,2,ode,cov_VcCL,structural_other,0.02,72,-2.3004653605000063,-4.6723456910506975,25.899724676499993,40.257342035816905,64.53932949934003
80,2,ode,var_CL,structural_other,0.1,72,-3.240530865449988,-1.32574269042917,11.876796737049979,16.348822566361736,24.783555056710043
80,2,ode,var_Vc,structural_other,0.1,72,-26.021983045799992,-25.58254867547084,26.021983045799992,32.89587724193299,54.98027945437003
80,3,linCmt,VcBW,covariate_beta,1,38,-10.738512184300003,-10.733234714802633,13.194102275999997,19.66166772364182,29.773555833500005
80,3,linCmt,TVCL,structural_intercept,0.6,38,0.25162531276413475,0.49704005289598757,2.728263787280749,4.194015370273176,7.081708724304467
80,3,linCmt,TVVc,structural_intercept,20,38,0.9074655136086829,1.5265262314217523,2.0049912880194753,4.225144893636063,7.854959782721277
80,3,linCmt,ResErr,structural_other,0.1,38,12.25278106899999,12.749698141289468,12.25278106899999,13.762585446478198,19.0623204663
80,3,linCmt,TVKA,structural_other,0.7,38,0,0,0,0,0
80,3,linCmt,TVQ,structural_other,1.8,38,4.065429898539364,3.83217360616279,4.065429898539364,4.198149360001893,5.805153601247139
80,3,linCmt,TVVp,structural_other,80,38,1.8267834966605536,1.6497418642801478,1.8267834966605536,2.2032454740748695,3.3667363361684672
80,3,linCmt,cov_VcCL,structural_other,0.02,38,-9.970760251250013,-16.594229397177237,20.736079188999966,47.336416503299176,87.34601512054007
80,3,linCmt,var_CL,structural_other,0.1,38,-7.052544240049994,-1.1396751586657947,14.197190915250028,18.86585707010184,26.128926996180013
80,3,linCmt,var_Vc,structural_other,0.1,38,-38.39891501619998,-38.123554145215785,38.39891501619998,41.08723527800234,56.882371702319986
80,3,ode,VcBW,covariate_beta,1,39,-10.5130644298,-10.325907783051282,12.761161900000006,19.34335416418655,29.612152668460006
80,3,ode,TVCL,structural_intercept,0.6,39,0.294166955338071,0.5166379252860707,2.842869668720753,4.136289867151535,7.060649994760302
80,3,ode,TVVc,structural_intercept,20,39,1.3186408368417624,1.7114581532700863,2.0242481052747507,4.3385139777801385,7.959155755988891
80,3,ode,ResErr,structural_other,0.1,39,11.808549358999997,12.517423101179482,11.808549358999997,13.468731161730343,19.1442517972
80,3,ode,TVKA,structural_other,0.7,39,0,0,0,0,0
80,3,ode,TVQ,structural_other,1.8,39,4.030414501720382,3.7256934290897576,4.030414501720382,4.102083697132041,5.7801738392249895
80,3,ode,TVVp,structural_other,80,39,1.6653530437022466,1.5695186341514118,1.6653530437022466,2.083802123274189,3.252304641476932
80,3,ode,cov_VcCL,structural_other,0.02,39,-8.9537054725,-14.784333774461796,24.977725385000003,47.32735418401156,87.5949843772
80,3,ode,var_CL,structural_other,0.1,39,-7.012780629700025,-1.1395616415666756,14.211070563999991,18.493831525396487,25.986716612560002
80,3,ode,var_Vc,structural_other,0.1,39,-38.49847158169998,-37.495235127864106,38.49847158169998,40.46408245885877,54.724451345840016
80,4,linCmt,VcBW,covariate_beta,1,27,-9.776630322099999,-9.75734341041111,14.613808743900004,16.351679114992137,26.993097877920004
80,4,linCmt,VcSEX,covariate_beta,0.4054651081081644,27,-6.052654135067413,-6.058502066457611,10.932278494111697,16.29211640564369,28.67535610106009
80,4,linCmt,TVCL,structural_intercept,0.6,27,1.5441713126107723,1.1394536219585822,3.1638006975345245,3.804167187430703,5.546857947650119
80,4,linCmt,TVVc,structural_intercept,20,27,1.5179701276874447,2.4372468361457384,2.284866560103591,4.531490179046853,8.199362066263205
80,4,linCmt,ResErr,structural_other,0.1,27,9.415480721,9.036260297629624,9.415480721,9.747429532184931,13.9320167254
80,4,linCmt,TVKA,structural_other,0.7,27,0,0,0,0,0
80,4,linCmt,TVQ,structural_other,1.8,27,3.6681919807932424,3.5703049630642725,3.6681919807932424,4.071999725643526,5.9215336691697384
80,4,linCmt,TVVp,structural_other,80,27,1.33883264151482,1.414886566644074,1.348604564613165,2.1893171264762348,3.278170945233758
80,4,linCmt,cov_VcCL,structural_other,0.02,27,-19.342706888999977,-11.290757857827781,33.87892855949997,40.141407914680336,55.04574425029995
80,4,linCmt,var_CL,structural_other,0.1,27,-6.873811485500022,-5.759444082300001,8.158318767099992,14.714033223338783,27.039484746480042
80,4,linCmt,var_Vc,structural_other,0.1,27,-28.432546654200042,-23.050662019144454,28.43982876999998,31.019084346692978,46.934462905180006
80,4,ode,VcBW,covariate_beta,1,28,-9.813156171499998,-8.825636975457144,14.587549654549997,16.292602050691436,26.708387521380004
80,4,ode,VcSEX,covariate_beta,0.4054651081081644,28,-7.049241196862645,-7.263322232945607,12.107919933989377,17.809871143378064,29.697122158324586
80,4,ode,TVCL,structural_intercept,0.6,28,1.5701385267654542,1.2566385478560342,3.13218210474119,3.8278405779162834,5.4828506507672365
80,4,ode,TVVc,structural_intercept,20,28,1.5077398189936453,2.672028220088,2.6416821658579703,4.794270477617557,8.85902478025137
80,4,ode,ResErr,structural_other,0.1,28,8.980353174499994,8.940342585321423,8.980353174499994,9.596680075289184,14.011040768499997
80,4,ode,TVKA,structural_other,0.7,28,0,0,0,0,0
80,4,ode,TVQ,structural_other,1.8,28,3.5318832380106184,3.3623425440505916,3.5318832380106184,4.022887733291292,5.769471210234435
80,4,ode,TVVp,structural_other,80,28,1.6220292408779182,1.3514892496042372,1.630155183546238,2.1511089465507345,3.248497821523527
80,4,ode,cov_VcCL,structural_other,0.02,28,-18.12506647024998,-8.68941180736786,33.76751146149999,40.848671397951584,56.47269625575002
80,4,ode,var_CL,structural_other,0.1,28,-6.506408489900021,-5.5598081796357155,8.001390302800019,14.478591572987428,26.770181395950015
80,4,ode,var_Vc,structural_other,0.1,28,-23.27829988265001,-22.41897249993929,27.15526791615,30.39400956396239,45.03086163071001
80,5,linCmt,CLcrCL,covariate_beta,0.5,61,4.787725555,2.746318037944261,10.760299633199999,18.090621206255047,29.3432636608
80,5,linCmt,TVCL,structural_intercept,0.6,61,0.37956327962079817,0.40745625086576903,2.1281948544555895,3.3730564935256035,5.545654353517301
80,5,linCmt,TVVc,structural_intercept,20,61,0.0770344038684101,0.21887857565487603,2.9725606619552813,4.374883853371563,7.406201964068355
80,5,linCmt,ResErr,structural_other,0.1,61,15.098664030999991,14.281102307311471,15.098664030999991,15.199390890444844,20.656857429999995
80,5,linCmt,TVKA,structural_other,0.7,61,0,0,0,0,0
80,5,linCmt,TVQ,structural_other,1.8,61,3.5659424606483907,3.5083453655712082,3.5659424606483907,3.86966169456734,5.565734963393311
80,5,linCmt,TVVp,structural_other,80,61,2.211738834126482,1.9955183635696514,2.211738834126482,2.4125268061255385,3.6323510595543063
80,5,linCmt,cov_VcCL,structural_other,0.02,61,-24.096875616000005,-19.78306267408213,37.31133191199999,48.348626788736595,78.44756702904999
80,5,linCmt,var_CL,structural_other,0.1,61,-8.048450534599974,-6.610403865991805,13.700604285999992,19.642585964525676,30.899921210000013
80,5,linCmt,var_Vc,structural_other,0.1,61,-50.60189935070001,-48.11856397488853,50.60189935070001,51.25866429435892,66.9573941445
80,5,ode,CLcrCL,covariate_beta,0.5,62,3.9683261075000087,2.4003262024935483,10.920530342200003,18.121431338692542,29.155324593019998
80,5,ode,TVCL,structural_intercept,0.6,62,0.4041958135951226,0.449778764473331,2.1282458229850976,3.372906637054017,5.533873770023612
80,5,ode,TVVc,structural_intercept,20,62,0.2874376128413392,0.2575495732118802,2.860668933633255,4.368698702999213,7.352140370336431
80,5,ode,ResErr,structural_other,0.1,62,14.464238893999998,14.33914146954838,14.464238893999998,15.289378825409845,21.46797485269999
80,5,ode,TVKA,structural_other,0.7,62,0,0,0,0,0
80,5,ode,TVQ,structural_other,1.8,62,3.7290607158687346,3.543121611849128,3.7290607158687346,3.910191034293485,5.621434080019425
80,5,ode,TVVp,structural_other,80,62,2.2484513645548176,2.0214112555620227,2.2484513645548176,2.4355525236935214,3.3464185726604714
80,5,ode,cov_VcCL,structural_other,0.02,62,-22.345697233249975,-19.767312086964512,36.65184939699997,48.22875172005941,78.216093125345
80,5,ode,var_CL,structural_other,0.1,62,-8.672362842850015,-6.748778393187095,13.850905474650006,19.60868972551003,30.511277316700003
80,5,ode,var_Vc,structural_other,0.1,62,-50.14646699424997,-48.23753489089516,50.14646699424997,51.43872836642147,67.40585167951
80,6,linCmt,CLcrCL,covariate_beta,0.5,63,1.8599601827999912,2.286973946568254,8.821710265799998,16.617866872421487,27.132865341160006
80,6,linCmt,VcSEX,covariate_beta,0.4054651081081644,63,-7.204260108214278,-5.473311722097852,10.825771937805005,19.632668571652573,37.08103128863877
80,6,linCmt,TVCL,structural_intercept,0.6,63,1.831849439253778,1.8615394662951141,2.8030794689608935,4.181641927174832,6.214655751626006
80,6,linCmt,TVVc,structural_intercept,20,63,0.6843965728145562,0.8242938287924415,2.796311662104163,4.977445252741805,7.716927690583046
80,6,linCmt,ResErr,structural_other,0.1,63,11.768515822999994,11.789137548063486,11.768515822999994,12.436134747735553,17.220152335399995
80,6,linCmt,TVKA,structural_other,0.7,63,0,0,0,0,0
80,6,linCmt,TVQ,structural_other,1.8,63,3.503055497844662,3.5143930143295097,3.503055497844662,3.9317839088353947,5.848281885423306
80,6,linCmt,TVVp,structural_other,80,63,1.7838555944402756,1.8067920802627253,1.7838555944402756,2.1840141010771372,3.156832105694548
80,6,linCmt,cov_VcCL,structural_other,0.02,63,-3.610729999999982,-5.436672217166672,29.754334917000016,41.37429799233722,71.17394685019002
80,6,linCmt,var_CL,structural_other,0.1,63,-3.505966754999992,-2.8980493383714374,13.000350933000004,16.809756721097756,26.67307630580003
80,6,linCmt,var_Vc,structural_other,0.1,63,-32.41618723010002,-29.57731021703969,32.41618723010002,33.93087357468294,47.460862245719994
80,6,ode,CLcrCL,covariate_beta,0.5,63,1.8073568778000038,2.275049719507937,8.850173940600003,16.59030257129007,27.132855428720003
80,6,ode,VcSEX,covariate_beta,0.4054651081081644,63,-7.039008797410672,-5.465059003500912,10.7825316918519,19.650420661890426,37.187860909125966
80,6,ode,TVCL,structural_intercept,0.6,63,1.883444804709089,1.8236447204943982,2.7891592504419123,4.139075179219375,6.12120722913173
80,6,ode,TVVc,structural_intercept,20,63,0.5712557900006132,0.8551221383704986,2.885362840509238,4.979958043364143,7.719907825572378
80,6,ode,ResErr,structural_other,0.1,63,12.152301748,11.725622273841264,12.152301748,12.413514295507067,17.342951500799998
80,6,ode,TVKA,structural_other,0.7,63,0,0,0,0,0
80,6,ode,TVQ,structural_other,1.8,63,3.4940515965766257,3.4850228017368687,3.4940515965766257,3.898102079164958,5.696728855935041
80,6,ode,TVVp,structural_other,80,63,1.72703209989848,1.7705065079470315,1.72703209989848,2.143669734463198,3.190588736847275
80,6,ode,cov_VcCL,structural_other,0.02,63,-3.61962216399999,-5.060133322427788,28.048730850499958,41.36655704066342,71.48368547546993
80,6,ode,var_CL,structural_other,0.1,63,-3.5719763869000163,-2.9499570436317577,12.899176414,16.80429372050865,26.68039921402
80,6,ode,var_Vc,structural_other,0.1,63,-30.1945923369,-29.58841679079207,30.1945923369,33.9217441265007,47.309882019340016
80,7,linCmt,CLcrCL,covariate_beta,0.5,31,1.767415343800005,0.8750861620967741,12.4273228892,16.277815526377662,23.713103575799998
80,7,linCmt,VcBW,covariate_beta,1,31,-9.849815703599996,-9.835342989664515,10.737802255000005,16.012557595890335,26.390236295799994
80,7,linCmt,TVCL,structural_intercept,0.6,31,0.20118386721990067,0.2238426790444704,2.2563110358364002,2.998915876182928,4.576229454176147
80,7,linCmt,TVVc,structural_intercept,20,31,0.934341213102723,0.462832369685527,3.7749832450084857,5.026854590283811,9.473941354412005
80,7,linCmt,ResErr,structural_other,0.1,31,13.61502598299999,13.37608314590322,13.61502598299999,14.15197691313908,18.518690768999992
80,7,linCmt,TVKA,structural_other,0.7,31,0,0,0,0,0
80,7,linCmt,TVQ,structural_other,1.8,31,4.0817467599182,3.848485744133728,4.0817467599182,4.077364697095421,4.95323057909542
80,7,linCmt,TVVp,structural_other,80,31,2.087087940953012,2.0134511960574155,2.087087940953012,2.3468739747657357,3.2973124270692726
80,7,linCmt,cov_VcCL,structural_other,0.02,31,-18.518562827500013,-9.150968171136293,27.59782941950008,41.88795568824447,65.21279873700001
80,7,linCmt,var_CL,structural_other,0.1,31,-6.1376811881000135,-3.546715299583878,10.229004057000044,16.285968610490404,27.88748293499996
80,7,linCmt,var_Vc,structural_other,0.1,31,-35.194795036500025,-35.05772474209033,35.194795036500025,40.313425448582386,59.208034450299984
80,7,ode,CLcrCL,covariate_beta,0.5,32,2.2961014710999983,2.19217151820625,12.503654097000005,17.731569571757838,25.41891682698001
80,7,ode,VcBW,covariate_beta,1,32,-8.794772440000004,-9.68453612695,10.372757283,15.706334847770911,26.118701525820004
80,7,ode,TVCL,structural_intercept,0.6,32,0.14538229427532579,0.1538414473051698,2.1303277700768697,2.986117381888535,4.479157459486897
80,7,ode,TVVc,structural_intercept,20,32,0.7440068692897661,0.36387486860033624,3.6045444996892684,5.009732619463266,9.296555047038288
80,7,ode,ResErr,structural_other,0.1,32,13.517941719999996,13.214539284656244,13.517941719999996,13.995008488291875,17.875440039699992
80,7,ode,TVKA,structural_other,0.7,32,0,0,0,0,0
80,7,ode,TVQ,structural_other,1.8,32,4.048089532781389,3.8439645813849106,4.048089532781389,4.071382705489385,4.912058293562584
80,7,ode,TVVp,structural_other,80,32,1.932814312420765,1.955887210624363,1.932814312420765,2.354336913427626,3.2485465288309907
80,7,ode,cov_VcCL,structural_other,0.02,32,-13.266042443750015,-8.364225002895,27.57616929324998,41.528734369076616,66.637200240425
80,7,ode,var_CL,structural_other,0.1,32,-4.880349763549987,-3.4633767750249995,9.776336939350005,16.049558599570137,27.892359200429954
80,7,ode,var_Vc,structural_other,0.1,32,-34.66752636765001,-34.81436056284688,34.66752636765001,40.06988179631375,58.47555740285999
80,8,linCmt,CLcrCL,covariate_beta,0.5,28,-1.6526226438000002,0.5453432390071428,11.525310949100003,15.73347698163241,27.113529035300004
80,8,linCmt,VcBW,covariate_beta,1,28,-5.463494031650002,-5.265797418692859,9.935459857000001,13.883647954778683,21.70762311323
80,8,linCmt,VcSEX,covariate_beta,0.4054651081081644,28,-8.207116855363845,-4.306775326796588,14.473375390502152,18.557613453929285,26.908706809102295
80,8,linCmt,TVCL,structural_intercept,0.6,28,0.5169756590150029,0.7962893329721866,1.5319163650918308,3.594043984258305,5.630575921568975
80,8,linCmt,TVVc,structural_intercept,20,28,2.5555116829532754,2.2100915825230127,3.1345542740740395,4.9994982389261,8.969533249138575
80,8,linCmt,ResErr,structural_other,0.1,28,11.170205444499995,10.869923413449994,11.170205444499995,11.981117167458656,16.074273205799997
80,8,linCmt,TVKA,structural_other,0.7,28,0,0,0,0,0
80,8,linCmt,TVQ,structural_other,1.8,28,2.911384136859115,3.042440214644014,2.911384136859115,3.6878036966555348,5.502245533108908
80,8,linCmt,TVVp,structural_other,80,28,1.249744675124207,1.635581410102394,1.3017225359264284,2.2084285357512154,3.6093441774882202
80,8,linCmt,cov_VcCL,structural_other,0.02,28,-3.2286309335000096,6.751398404944646,27.151994723000016,38.40237302640704,60.43598135073501
80,8,linCmt,var_CL,structural_other,0.1,28,5.6699201924999905,2.8566150670499924,10.928870284249971,15.43518510161254,23.91983602119998
80,8,linCmt,var_Vc,structural_other,0.1,28,-20.031464761600017,-20.13208412858929,21.49794618789999,28.395658471502472,43.27581702184
80,8,ode,CLcrCL,covariate_beta,0.5,27,-1.2461832372000048,1.3514901812518532,10.852497870599997,15.495808507906943,27.246662996999998
80,8,ode,VcBW,covariate_beta,1,27,-2.771530876299999,-5.0192808464555565,9.928002274900006,13.96786515816981,22.03308999284
80,8,ode,VcSEX,covariate_beta,0.4054651081081644,27,-7.894496282680221,-3.689466023891732,14.335607823659721,18.50594135648384,26.98624286912651
80,8,ode,TVCL,structural_intercept,0.6,27,0.5470934966934997,0.7530813868256824,1.456473020372958,3.661315591238671,5.711452160747423
80,8,ode,TVVc,structural_intercept,20,27,2.350263405924604,1.9725104814918915,2.8700974670056745,4.851321776698693,9.064632311602644
80,8,ode,ResErr,structural_other,0.1,27,11.445426639999992,11.41132946777777,11.445426639999992,12.356604489915066,16.167692445199997
80,8,ode,TVKA,structural_other,0.7,27,0,0,0,0,0
80,8,ode,TVQ,structural_other,1.8,27,2.6752681402555747,3.033959565287324,2.6752681402555747,3.69294586809715,5.43640163991385
80,8,ode,TVVp,structural_other,80,27,1.3148934001533341,1.6646970099928855,1.3148934001533341,2.2477469226497773,3.6858308530475954
80,8,ode,cov_VcCL,structural_other,0.02,27,0.5888261950000653,7.341497584798147,28.39270872400001,38.502721478684634,60.21437691646996
80,8,ode,var_CL,structural_other,0.1,27,6.581686194999977,3.122593716548146,11.22706910600002,15.660051177604014,23.960363909400055
80,8,ode,var_Vc,structural_other,0.1,27,-19.66513156679997,-20.185990383818524,23.45728758360001,28.80624941309236,44.695509124440015
80,9,linCmt,CLBW,covariate_beta,0.75,33,2.4135465849333277,1.0786373894424253,22.815620425066673,22.058943249162862,29.038082509120006
80,9,linCmt,TVCL,structural_intercept,0.6,33,-0.8375197399833056,-0.6577136915421197,2.4715736342293404,4.52947847891492,8.20732605674122
80,9,linCmt,TVVc,structural_intercept,20,33,0.19119278337013768,0.1777677100634919,2.4985303415140336,3.456224958544305,5.1724203785732215
80,9,linCmt,ResErr,structural_other,0.1,33,16.400518897999998,16.463756546575752,16.400518897999998,17.65090974180743,21.517004022799995
80,9,linCmt,TVKA,structural_other,0.7,33,0,0,0,0,0
80,9,linCmt,TVQ,structural_other,1.8,33,4.29632462801028,4.202262336626868,4.29632462801028,4.452927850564505,5.800453148349158
80,9,linCmt,TVVp,structural_other,80,33,2.0035627528939415,2.0036031227358055,2.0035627528939415,2.2801367963713144,2.9656418949355436
80,9,linCmt,cov_VcCL,structural_other,0.02,33,-8.980489233500007,-16.343334944746974,25.886723071999945,38.11671658429663,55.90212536655999
80,9,linCmt,var_CL,structural_other,0.1,33,-8.384424136400003,-5.219161382418182,13.43343184859999,19.90806561181561,33.634135897040004
80,9,linCmt,var_Vc,structural_other,0.1,33,-43.13576727400001,-43.07379442362728,43.13576727400001,47.57573726289015,68.59666905442
80,9,ode,CLBW,covariate_beta,0.75,34,3.957916491333332,1.2437809451725503,22.507689749466664,21.782157490636436,29.03981470581334
80,9,ode,TVCL,structural_intercept,0.6,34,-0.4326255234280152,-0.4485258287981214,2.739387368564402,4.546889579211419,8.126609199626058
80,9,ode,TVVc,structural_intercept,20,34,0.39522141161159924,0.1698592693561619,2.4347762141410727,3.373057098541167,5.049471965475693
80,9,ode,ResErr,structural_other,0.1,34,16.648342475499998,16.493763602441174,16.648342475499998,17.636278546588922,21.632395939399995
80,9,ode,TVKA,structural_other,0.7,34,0,0,0,0,0
80,9,ode,TVQ,structural_other,1.8,34,4.388469020829696,4.331331194889384,4.388469020829696,4.577838470143593,5.887281093603663
80,9,ode,TVVp,structural_other,80,34,2.222616310097685,2.138847306013542,2.222616310097685,2.383950992142042,3.1258994340447774
80,9,ode,cov_VcCL,structural_other,0.02,34,-10.328009160499994,-16.762701880445583,27.013803170499994,37.28154350332831,56.11345978428999
80,9,ode,var_CL,structural_other,0.1,34,-7.8485414853500455,-5.748304841520597,13.433114683949999,19.921427029703658,32.64029248244004
80,9,ode,var_Vc,structural_other,0.1,34,-41.657865175649995,-43.00897986454706,41.657865175649995,47.31028121389292,69.11644228907001
80,10,linCmt,CLBW,covariate_beta,0.75,44,0.6670612481333309,1.4928891864818166,16.17291278233333,19.512528411003878,32.166379624280005
80,10,linCmt,VcSEX,covariate_beta,0.4054651081081644,44,-9.545753545787042,-9.591605034812302,14.874418368836704,20.21559731368771,32.73324656548713
80,10,linCmt,TVCL,structural_intercept,0.6,44,-10.297646760713329,-10.452074828519283,10.297646760713329,11.890283004090364,16.53839265321821
80,10,linCmt,TVVc,structural_intercept,20,44,2.606370561811042,2.4326415893489974,3.203810221815377,5.623159464282446,10.017027271270779
80,10,linCmt,ResErr,structural_other,0.1,44,12.891754126499988,12.601539797113631,12.891754126499988,13.31442640375439,17.7677537493
80,10,linCmt,TVKA,structural_other,0.7,44,0,0,0,0,0
80,10,linCmt,TVQ,structural_other,1.8,44,3.0323796248567945,3.274232043828857,3.0323796248567945,3.754806423637718,5.98942021086254
80,10,linCmt,TVVp,structural_other,80,44,1.6530886342924145,1.623605534102128,1.6530886342924145,2.032972704559055,3.421981193741485
80,10,linCmt,cov_VcCL,structural_other,0.02,44,3.699680976500018,-1.5233562676274919,29.46102645924995,41.90375976913864,62.61820995555002
80,10,linCmt,var_CL,structural_other,0.1,44,-3.152088133150023,-1.4078535492522743,8.13004551250001,15.109913370722982,26.208372725900027
80,10,linCmt,var_Vc,structural_other,0.1,44,-32.55478146480001,-31.411740044729548,32.55478146480001,35.98231374008487,51.43669513645
80,10,ode,CLBW,covariate_beta,0.75,46,0.6311897234000015,1.4145026571739137,15.624992896666672,19.299192336965127,31.78286495146666
80,10,ode,VcSEX,covariate_beta,0.4054651081081644,46,-9.747579889444141,-9.650367997613689,14.916316124303908,19.90517171813593,32.77697867943581
80,10,ode,TVCL,structural_intercept,0.6,46,-10.393443193375004,-10.370595866438075,10.393443193375004,11.779021271302577,16.5225365445314
80,10,ode,TVVc,structural_intercept,20,46,2.3604400410715964,2.276675406870611,3.591600886266573,5.563823956950766,9.676780368030178
80,10,ode,ResErr,structural_other,0.1,46,13.135746639999995,12.685882499456516,13.135746639999995,13.373875551233352,17.78070521899999
80,10,ode,TVKA,structural_other,0.7,46,0,0,0,0,0
80,10,ode,TVQ,structural_other,1.8,46,2.9803132928873315,3.264539022011596,2.9803132928873315,3.7345827743032545,5.857738930712329
80,10,ode,TVVp,structural_other,80,46,1.7075080519494266,1.6333614185559502,1.7075080519494266,2.0279800990694294,3.4706429250643467
80,10,ode,cov_VcCL,structural_other,0.02,46,-1.044837965249951,-4.506753037407934,29.419711684750034,44.186984143348205,67.456949712
80,10,ode,var_CL,structural_other,0.1,46,-4.2420540859499996,-1.9272153510717391,8.636294118250017,14.962240260757198,26.034383523999978
80,10,ode,var_Vc,structural_other,0.1,46,-32.4635980594,-31.87400039578696,32.4635980594,36.57029043364753,54.74573565475001
80,11,linCmt,CLBW,covariate_beta,0.75,23,-6.858595263333338,-4.054930380985509,12.910811171199995,16.696514332503078,27.548810767146676
80,11,linCmt,VcBW,covariate_beta,1,23,-2.9033623684999954,-2.421806324143478,10.321457361000007,14.915226090939942,22.538180767540002
80,11,linCmt,TVCL,structural_intercept,0.6,23,-10.307733697169827,-9.501254744858619,10.307733697169827,10.327519483788825,14.022982816528284
80,11,linCmt,TVVc,structural_intercept,20,23,-13.911639785655563,-13.249995053763547,13.911639785655563,14.319153982542405,20.845058278283425
80,11,linCmt,ResErr,structural_other,0.1,23,13.946570143999997,13.584802446391297,13.946570143999997,14.738591863818442,19.035872709199992
80,11,linCmt,TVKA,structural_other,0.7,23,0,0,0,0,0
80,11,linCmt,TVQ,structural_other,1.8,23,3.439561542391889,3.1114271024901843,3.439561542391889,3.431038803251189,5.397468672550987
80,11,linCmt,TVVp,structural_other,80,23,1.3083312140097902,1.2857961050504816,1.3083312140097902,1.6781232606433119,2.7794875139632613
80,11,linCmt,cov_VcCL,structural_other,0.02,23,-22.597976144499995,-18.668809434436955,30.427454431500006,36.764641046096244,56.32628037985001
80,11,linCmt,var_CL,structural_other,0.1,23,-10.516286258999989,-8.008779352117394,11.95914824670001,14.395448062018247,19.553584260080015
80,11,linCmt,var_Vc,structural_other,0.1,23,-41.68633565359999,-37.7475167024087,41.68633565359999,40.67333482660989,56.11430435170001
80,11,ode,CLBW,covariate_beta,0.75,23,-6.562124729066661,-1.8974083563536241,12.95271620466667,18.171521895368766,28.68902231770667
80,11,ode,VcBW,covariate_beta,1,23,-2.8980893721999967,-1.850035017865216,8.71020707200001,14.446856393263294,22.624346025959998
80,11,ode,TVCL,structural_intercept,0.6,23,-10.473466872205517,-10.174497492766605,10.473466872205517,11.234586374516393,15.087763610739788
80,11,ode,TVVc,structural_intercept,20,23,-14.074254644796918,-13.767666294479177,14.074254644796918,14.927290379384825,21.194074634108016
80,11,ode,ResErr,structural_other,0.1,23,13.995007598999992,13.677757855782602,13.995007598999992,14.821143984259772,18.5772664594
80,11,ode,TVKA,structural_other,0.7,23,0,0,0,0,0
80,11,ode,TVQ,structural_other,1.8,23,3.393306538827831,3.2154197386836323,3.393306538827831,3.5763866971052916,5.707789811522947
80,11,ode,TVVp,structural_other,80,23,1.2732101539240226,1.213412752695022,1.2732101539240226,1.5407992891625173,2.159305484815526
80,11,ode,cov_VcCL,structural_other,0.02,23,-22.438127678999965,-18.928520175671732,31.292043719000002,37.193161126986226,56.002868982260004
80,11,ode,var_CL,structural_other,0.1,23,-9.480946297200019,-6.964995393247826,10.714449839199974,14.025593372392242,19.491834341479983
80,11,ode,var_Vc,structural_other,0.1,23,-41.82692470659996,-37.3190134013913,41.82692470659996,40.32039419945924,55.79933574596002
80,12,linCmt,CLBW,covariate_beta,0.75,18,-4.782255505333333,-3.442237101540741,9.462701649000005,14.075424102746373,23.52085487837334
80,12,linCmt,VcBW,covariate_beta,1,18,-7.692363540600001,-4.382260998244445,10.434550030650003,12.735611762316367,19.206244217740004
80,12,linCmt,VcSEX,covariate_beta,0.4054651081081644,18,-1.2934113000829088,-2.0647256440341213,14.030909912225525,15.187644221569974,23.79042331579161
80,12,linCmt,TVCL,structural_intercept,0.6,18,-11.082457935944637,-11.302660097067928,11.082457935944637,12.695735973673328,18.943253005950034
80,12,linCmt,TVVc,structural_intercept,20,18,-14.120238310067377,-14.961247381028,14.120238310067377,15.797953060611162,23.517255468793273
80,12,linCmt,ResErr,structural_other,0.1,18,12.665539260499992,12.114613625277773,12.665539260499992,12.85064301294065,17.979768111299997
80,12,linCmt,TVKA,structural_other,0.7,18,0,0,0,0,0
80,12,linCmt,TVQ,structural_other,1.8,18,4.016903731408776,3.7253993376311696,4.016903731408776,4.214612787229377,5.691931509160183
80,12,linCmt,TVVp,structural_other,80,18,1.3652632814307972,1.649918107793248,1.3652632814307972,1.9714972433015965,2.9046437607146034
80,12,linCmt,cov_VcCL,structural_other,0.02,18,-6.89426031850006,-4.563836796888896,13.181546814250025,27.058130712806953,44.014928665649975
80,12,linCmt,var_CL,structural_other,0.1,18,-2.1737464794500188,-1.6638071099500082,10.94464747065,14.203992733915266,19.870184992980004
80,12,linCmt,var_Vc,structural_other,0.1,18,-24.45724854830002,-25.60595636465556,25.40947734110002,35.9574880842376,61.798485340810004
80,12,ode,CLBW,covariate_beta,0.75,18,-4.605872143800002,-2.154423590237037,10.01315378973333,14.223306144941686,23.49866933256
80,12,ode,VcBW,covariate_beta,1,18,-5.8691259168,-4.205065728783334,10.360034304299997,12.574437981586279,19.21131438808
80,12,ode,VcSEX,covariate_beta,0.4054651081081644,18,-1.207994981989365,-3.3134563101330374,14.955968793576929,16.691121690536708,25.917542989526698
80,12,ode,TVCL,structural_intercept,0.6,18,-11.121392765585936,-11.631864226436894,11.121392765585936,13.112697344105081,19.788135316506306
80,12,ode,TVVc,structural_intercept,20,18,-14.058736713268871,-14.775533358405202,14.058736713268871,15.676367799988169,23.537989015018525
80,12,ode,ResErr,structural_other,0.1,18,12.537592528499994,12.288733694499996,12.537592528499994,13.075950001084525,17.988499134599994
80,12,ode,TVKA,structural_other,0.7,18,0,0,0,0,0
80,12,ode,TVQ,structural_other,1.8,18,3.868651521593769,3.776189242035386,3.868651521593769,4.259823754366,5.755382645682998
80,12,ode,TVVp,structural_other,80,18,1.414331010972525,1.5458586357204447,1.414331010972525,1.9958190996560699,2.9924409889275707
80,12,ode,cov_VcCL,structural_other,0.02,18,-7.482434373750024,-6.081510048722225,18.31677284024999,28.552093125171247,44.016739858950004
80,12,ode,var_CL,structural_other,0.1,18,-0.7846011534999655,-0.8145812212500131,9.773941183199991,13.525015800881182,19.819606226199987
80,12,ode,var_Vc,structural_other,0.1,18,-25.024675844499995,-26.011777951216665,25.76722697889998,35.88958182116045,61.48462672706001
80,13,linCmt,CLBW,covariate_beta,0.75,34,-0.8787197576000031,1.1437688311137248,8.405803298600004,18.84093155756041,29.053833014200002
80,13,linCmt,CLcrCL,covariate_beta,0.5,34,-5.240787770999999,0.7976660606058825,11.720874695700001,16.759228198763065,27.78524005416001
80,13,linCmt,TVCL,structural_intercept,0.6,34,-14.231676299454321,-13.885659432060212,14.231676299454321,15.227729437124069,21.88188274052625
80,13,linCmt,TVVc,structural_intercept,20,34,0.17766291101906972,-0.24425305291651747,2.4683180539696448,3.4925316587141526,5.367459162447099
80,13,linCmt,ResErr,structural_other,0.1,34,17.172612621999995,16.896350607205875,17.172612621999995,17.40845574154833,22.53745192039999
80,13,linCmt,TVKA,structural_other,0.7,34,0,0,0,0,0
80,13,linCmt,TVQ,structural_other,1.8,34,3.802380184081411,3.85329626209076,3.802380184081411,4.1078782751048,5.381949877505596
80,13,linCmt,TVVp,structural_other,80,34,2.223305381121401,2.2054637962043806,2.223305381121401,2.489357837299204,3.78754244118323
80,13,linCmt,cov_VcCL,structural_other,0.02,34,-17.053443576999992,-11.375603303955891,27.83664545374997,39.646865659859195,56.551122943135
80,13,linCmt,var_CL,structural_other,0.1,34,-5.299793854450001,-4.193064621897074,12.241671812900028,13.818306299587269,21.534271867619985
80,13,linCmt,var_Vc,structural_other,0.1,34,-54.673213919949994,-51.23319639596177,54.673213919949994,53.81229754441912,68.38837121607999
80,13,ode,CLBW,covariate_beta,0.75,34,-0.87114140206667,1.1055212842117628,8.387699086666665,18.81615168389552,28.954506355213326
80,13,ode,CLcrCL,covariate_beta,0.5,34,-5.215450705899999,0.7611620396294128,11.7862017293,16.80273954678894,27.815147385780005
80,13,ode,TVCL,structural_intercept,0.6,34,-14.24430486851818,-13.89405296377238,14.24430486851818,15.233614497916168,21.8663111491119
80,13,ode,TVVc,structural_intercept,20,34,0.24488047274441985,-0.17047311901142745,2.3760107148208753,3.5231403977058164,5.702345583727027
80,13,ode,ResErr,structural_other,0.1,34,17.131210847499993,16.6739269357647,17.131210847499993,17.26935513710416,22.854987541499998
80,13,ode,TVKA,structural_other,0.7,34,0,0,0,0,0
80,13,ode,TVQ,structural_other,1.8,34,3.931104979261418,3.927614976761128,3.931104979261418,4.200380057007428,5.453679858335099
80,13,ode,TVVp,structural_other,80,34,2.122192558658602,2.2018322476097527,2.122192558658602,2.465113575321765,3.822212243730346
80,13,ode,cov_VcCL,structural_other,0.02,34,-16.485408478000032,-10.29419031773677,32.41354173625,40.77433968274136,60.36779930570504
80,13,ode,var_CL,structural_other,0.1,34,-5.351316506700045,-4.104774322679418,12.147562121950035,13.920659603034927,21.34810529212
80,13,ode,var_Vc,structural_other,0.1,34,-54.83215208450001,-50.496738527382355,54.83215208450001,53.20493021204117,68.94695617702001
80,14,linCmt,CLBW,covariate_beta,0.75,32,-2.840501090133333,-1.1676401736416664,17.223219627600006,23.678768772991962,43.155796011000014
80,14,linCmt,CLcrCL,covariate_beta,0.5,32,-2.5139059505000008,1.9118549554187507,12.3472538523,21.895730543870588,36.90753464576
80,14,linCmt,VcSEX,covariate_beta,0.4054651081081644,32,-7.055392093573917,-10.227289404034144,10.964629620149752,20.61153570502494,40.77147156915515
80,14,linCmt,TVCL,structural_intercept,0.6,32,-13.024406158832926,-12.389364042671069,13.024406158832926,13.964367884133248,20.745258079048693
80,14,linCmt,TVVc,structural_intercept,20,32,2.8465289580139252,3.590631304876645,3.170391734031934,6.197519324546331,8.683618692773686
80,14,linCmt,ResErr,structural_other,0.1,32,15.713289899499994,15.725274296124994,15.713289899499994,16.748328594270415,21.4569550214
80,14,linCmt,TVKA,structural_other,0.7,32,0,0,0,0,0
80,14,linCmt,TVQ,structural_other,1.8,32,2.598926672379394,3.2263010740097915,2.598926672379394,3.6883127705613297,5.714051727676246
80,14,linCmt,TVVp,structural_other,80,32,1.6937636968814829,1.683628581347869,1.6937636968814829,2.0257126457126455,3.0070008592723423
80,14,linCmt,cov_VcCL,structural_other,0.02,32,-7.940187199499993,-8.685631625529691,27.386299434500017,32.83956761953238,53.374287413160005
80,14,linCmt,var_CL,structural_other,0.1,32,-13.057514047700009,-10.628028589903135,16.61253683260005,19.054350414549894,27.187138025880014
80,14,linCmt,var_Vc,structural_other,0.1,32,-29.78917029395003,-28.9791826607375,29.78917029395003,34.46844945531033,48.094596652769994
80,14,ode,CLBW,covariate_beta,0.75,33,-1.4311717278666722,-0.9554967858343444,16.531458322933336,23.38742291810196,42.66694019706667
80,14,ode,CLcrCL,covariate_beta,0.5,33,-3.5728215371999994,1.0916724619393925,12.242933293799997,21.85880341479826,37.234350935959995
80,14,ode,VcSEX,covariate_beta,0.4054651081081644,33,-7.236084390604948,-10.802551043331967,10.918436803779068,20.889989411069187,40.11168831582368
80,14,ode,TVCL,structural_intercept,0.6,33,-13.28332213270069,-12.628812319204929,13.28332213270069,14.16122129609626,20.64798064057508
80,14,ode,TVVc,structural_intercept,20,33,3.2912244601696727,3.6990758946643902,3.316384959103935,6.255674717348815,8.683481994801797
80,14,ode,ResErr,structural_other,0.1,33,15.458826782999994,15.572562182121205,15.458826782999994,16.51130270272642,21.199362653799994
80,14,ode,TVKA,structural_other,0.7,33,0,0,0,0,0
80,14,ode,TVQ,structural_other,1.8,33,2.7373991633323396,3.1782183887080913,2.7373991633323396,3.6317670125225514,5.716226310905094
80,14,ode,TVVp,structural_other,80,33,1.549461000211707,1.5786287201218527,1.549461000211707,1.9965709360747215,3.1656279950723025
80,14,ode,cov_VcCL,structural_other,0.02,33,-8.604170624499988,-8.526857612895451,26.221503141500012,32.78436398923708,52.77671142219997
80,14,ode,var_CL,structural_other,0.1,33,-12.201516933399992,-10.326831535424246,14.58331282399994,18.798837243968443,26.954702770199983
80,14,ode,var_Vc,structural_other,0.1,33,-29.591978293300023,-28.299065834624244,29.591978293300023,33.882985726070906,47.8681504561
80,15,linCmt,CLBW,covariate_beta,0.75,24,-0.013079285400004647,2.969880763649999,8.003704841066664,24.05503185094533,45.840571518133324
80,15,linCmt,CLcrCL,covariate_beta,0.5,24,-1.5409506995000044,-4.6021359634,20.778211625099996,24.575654487324407,41.303224864499995
80,15,linCmt,VcBW,covariate_beta,1,24,-4.462745289699999,-3.982755425116666,13.400418319500002,16.474515500874602,25.43330763421
80,15,linCmt,TVCL,structural_intercept,0.6,24,-14.66399001328006,-14.553320032067004,14.66399001328006,15.760015203160012,21.84390051203364
80,15,linCmt,TVVc,structural_intercept,20,24,-12.570586958590734,-12.969129715615663,12.570586958590734,13.97452530785476,16.53217878578774
80,15,linCmt,ResErr,structural_other,0.1,24,16.111620176,16.63983722566666,16.111620176,16.94251118660743,19.989702888999993
80,15,linCmt,TVKA,structural_other,0.7,24,0,0,0,0,0
80,15,linCmt,TVQ,structural_other,1.8,24,3.699851967681362,3.8123506205198616,3.699851967681362,4.1528796013020735,5.868090015476471
80,15,linCmt,TVVp,structural_other,80,24,2.367887337565122,2.2095802109134755,2.367887337565122,2.5389549583989477,3.531817588296132
80,15,linCmt,cov_VcCL,structural_other,0.02,24,-0.023744098999987917,1.483845680737521,15.914748279499957,26.00076641735222,44.72200745945003
80,15,linCmt,var_CL,structural_other,0.1,24,-7.275535263150008,-2.1986254691249956,14.329242143949983,19.027910350763115,27.823810311340015
80,15,linCmt,var_Vc,structural_other,0.1,24,-38.00853719804997,-36.51580297189583,38.00853719804997,41.02983492498352,58.96887072271998
80,15,ode,CLBW,covariate_beta,0.75,23,-0.8638242152000005,0.09509851056811591,8.519115091733331,21.531238136682802,39.88803937768001
80,15,ode,CLcrCL,covariate_beta,0.5,23,2.2519854443999954,-1.3561850141217386,20.9988293948,23.856174565691052,29.928059819040005
80,15,ode,VcBW,covariate_beta,1,23,-5.190292842,-4.268335593539129,12.814778950200001,16.343004392295025,25.656919225859998
80,15,ode,TVCL,structural_intercept,0.6,23,-14.910746187765797,-14.657143082361603,14.910746187765797,15.7747541155354,21.736239908621663
80,15,ode,TVVc,structural_intercept,20,23,-11.458976097822156,-12.243627643203943,11.458976097822156,13.442196032269448,16.577532317668904
80,15,ode,ResErr,structural_other,0.1,23,16.561133413999993,16.493148402217383,16.561133413999993,16.758181246841378,19.503206551599995
80,15,ode,TVKA,structural_other,0.7,23,0,0,0,0,0
80,15,ode,TVQ,structural_other,1.8,23,3.5850427545228465,3.55327183890235,3.5850427545228465,3.9253521177363324,5.068778479623469
80,15,ode,TVVp,structural_other,80,23,1.894330429045841,1.8562941565412487,2.091908429420677,2.437107371233282,3.7505357489613798
80,15,ode,cov_VcCL,structural_other,0.02,23,-0.46964588999999846,1.183599225610871,17.386885652500002,26.053091257368894,42.818708508500016
80,15,ode,var_CL,structural_other,0.1,23,-8.00057534600003,-4.156052137634788,14.140199409299974,16.761200837638075,25.104631966199964
80,15,ode,var_Vc,structural_other,0.1,23,-38.56889003219996,-36.64590633286957,38.56889003219996,41.15731990281727,58.94286295964002
80,16,linCmt,CLBW,covariate_beta,0.75,18,8.263958558799999,0.8303247853259258,20.5648762848,27.137588802688967,47.335955059586674
80,16,linCmt,CLcrCL,covariate_beta,0.5,18,-8.091211315399999,-4.400052722055554,15.235239771100002,23.655007782578306,36.0375177103
80,16,linCmt,VcBW,covariate_beta,1,18,-4.165442704200001,-4.756291217,12.731150874999997,17.48516654811476,26.44692949433
80,16,linCmt,VcSEX,covariate_beta,0.4054651081081644,18,-4.247311780048479,-4.637666371127131,7.035059112547598,15.634481020257512,26.393901200442006
80,16,linCmt,TVCL,structural_intercept,0.6,18,-13.765652117134541,-13.382868227512471,13.765652117134541,14.871141916491776,20.437907168607055
80,16,linCmt,TVVc,structural_intercept,20,18,-10.077915513057718,-11.413120939978391,10.077915513057718,12.447424985573825,17.16456973703226
80,16,linCmt,ResErr,structural_other,0.1,18,11.354348990999991,12.114061951611104,11.354348990999991,12.952027136473701,17.834641142999995
80,16,linCmt,TVKA,structural_other,0.7,18,0,0,0,0,0
80,16,linCmt,TVQ,structural_other,1.8,18,3.427723030313695,3.30523266118445,3.427723030313695,3.771513899098485,5.451846544180823
80,16,linCmt,TVVp,structural_other,80,18,2.0470580987184483,2.021057963685342,2.0470580987184483,2.257374693920316,3.5458475518759762
80,16,linCmt,cov_VcCL,structural_other,0.02,18,-19.30675155474996,-1.829081579391667,30.72694004950001,44.48271993360466,66.62613366885498
80,16,linCmt,var_CL,structural_other,0.1,18,-16.364853878899986,-12.712943067616672,16.364853878899986,19.051938957568563,28.749212378620008
80,16,linCmt,var_Vc,structural_other,0.1,18,-30.49961030679999,-25.30324208083334,32.497404261799986,34.10076012119879,46.84276480669003
80,16,ode,CLBW,covariate_beta,0.75,16,8.1790228152,1.6163007262999987,20.69957860793333,27.88134433259201,47.28277925159999
80,16,ode,CLcrCL,covariate_beta,0.5,16,-7.9465405353000005,-5.461469786299999,11.306513427599995,22.85708898681441,38.0225992544
80,16,ode,VcBW,covariate_beta,1,16,-4.383904210149997,-4.258413413875001,12.797521863999995,16.87915044643852,24.60647855195
80,16,ode,VcSEX,covariate_beta,0.4054651081081644,16,-4.264152968016201,-6.47559972527219,7.0542025888783115,15.339992422375518,27.03344547152981
80,16,ode,TVCL,structural_intercept,0.6,16,-14.311381115338381,-13.505718359655706,14.311381115338381,15.140075879466844,20.931279659507645
80,16,ode,TVVc,structural_intercept,20,16,-10.078739666338441,-11.263625996366391,10.078739666338441,12.353605394871705,16.97244081659253
80,16,ode,ResErr,structural_other,0.1,16,11.196329874499998,12.200639885062495,11.196329874499998,13.133881121713465,18.462921731499993
80,16,ode,TVKA,structural_other,0.7,16,0,0,0,0,0
80,16,ode,TVQ,structural_other,1.8,16,3.5267680683887024,3.302795378520222,3.5267680683887024,3.8457008129832375,5.685885116675109
80,16,ode,TVVp,structural_other,80,16,2.091010551621242,2.0049855061357724,2.091010551621242,2.2565919402380588,3.3929149931863285
80,16,ode,cov_VcCL,structural_other,0.02,16,-23.342848942999993,-9.36562609118125,30.067058359999987,41.989015616382034,57.60736532545
80,16,ode,var_CL,structural_other,0.1,16,-16.278133219900003,-12.079412407962513,16.278133219900003,18.629140582521007,27.506680193099996
80,16,ode,var_Vc,structural_other,0.1,16,-32.65427669435001,-29.411620566631253,35.32226434494999,36.17579100246762,48.532431799400015
300,1,linCmt,TVCL,structural_intercept,0.6,86,0.3269224656983205,0.15888421070441922,1.1355564282330144,1.6982800306374886,2.9330281071895765
300,1,linCmt,TVVc,structural_intercept,20,86,1.8200233056982196,1.7737088619785961,2.0756255140828284,2.902115219523421,4.726125282019602
300,1,linCmt,ResErr,structural_other,0.1,86,11.334664751999991,11.608450487720924,11.334664751999991,11.810853904368635,14.391395969999992
300,1,linCmt,TVKA,structural_other,0.7,86,0,0,0,0,0
300,1,linCmt,TVQ,structural_other,1.8,86,3.137375130745912,3.161315002873983,3.137375130745912,3.2442738191354596,4.018583003047267
300,1,linCmt,TVVp,structural_other,80,86,1.0759720815676221,1.0977868196000042,1.0759720815676221,1.2354118333274466,1.8645067089328025
300,1,linCmt,cov_VcCL,structural_other,0.02,86,-8.921619163499983,-8.166589722560467,20.79065027625,25.130653820621045,37.74212854825001
300,1,linCmt,var_CL,structural_other,0.1,86,-1.7940629431,-1.9195127844174493,5.606076548350006,8.726321300454945,15.708442388199984
300,1,linCmt,var_Vc,structural_other,0.1,86,-40.73230122985,-40.41933055287093,40.73230122985,41.37019614807787,51.18742641645002
300,1,ode,TVCL,structural_intercept,0.6,86,0.3213226411567886,0.1515717464628231,1.1302040901494486,1.6973536595983558,2.9554248066536726
300,1,ode,TVVc,structural_intercept,20,86,1.7908427324170528,1.7716736773393533,2.0455737245816863,2.897889318953099,4.731339668493825
300,1,ode,ResErr,structural_other,0.1,86,11.329025986499992,11.544020189220923,11.329025986499992,11.7595413071954,14.70058830949999
300,1,ode,TVKA,structural_other,0.7,86,0,0,0,0,0
300,1,ode,TVQ,structural_other,1.8,86,3.1694616018405926,3.1563150250760965,3.1694616018405926,3.238492113170968,4.0185499767602355
300,1,ode,TVVp,structural_other,80,86,1.0913990761054304,1.1006533873186968,1.0913990761054304,1.239178783027742,1.8669549340579916
300,1,ode,cov_VcCL,structural_other,0.02,86,-8.520023348500002,-8.081942293610465,20.59381402049999,25.168258169456458,38.01049474524999
300,1,ode,var_CL,structural_other,0.1,86,-1.5395734183499958,-1.9162443504034916,5.6344233194499935,8.708265965862152,15.697661713500016
300,1,ode,var_Vc,structural_other,0.1,86,-40.43237788199999,-40.25515826291745,40.43237788199999,41.18979987688956,50.917208048499994
300,2,linCmt,VcSEX,covariate_beta,0.4054651081081644,80,-6.7018085452411915,-7.775594999617443,8.21758390048978,13.317932465166319,21.59793195546759
300,2,linCmt,TVCL,structural_intercept,0.6,80,-0.10493766181937647,0.09626383309421549,1.4067844995515333,1.9051090915055375,3.1672208012493495
300,2,linCmt,TVVc,structural_intercept,20,80,2.3887617149875595,2.803677822039721,2.446175132370767,4.198109767550073,7.225945701339989
300,2,linCmt,ResErr,structural_other,0.1,80,8.064238598999998,8.255995341662494,8.064238598999998,8.747465571931103,11.752499536399991
300,2,linCmt,TVKA,structural_other,0.7,80,0,0,0,0,0
300,2,linCmt,TVQ,structural_other,1.8,80,2.2374854832056936,2.2892839574876835,2.2374854832056936,2.4857017781608772,3.6334701463301684
300,2,linCmt,TVVp,structural_other,80,80,0.5303661232595935,0.5363838667496799,0.5555682872341983,0.8193202333403968,1.3425032896077094
300,2,linCmt,cov_VcCL,structural_other,0.02,80,1.2443770684999935,1.453166249837502,14.293792067499977,23.062033353476874,40.70698036964998
300,2,linCmt,var_CL,structural_other,0.1,80,0.5439162290000119,0.169777453636249,5.726897128600014,8.075435165614218,12.325492901529968
300,2,linCmt,var_Vc,structural_other,0.1,80,-25.686325648300006,-24.61513389806,25.686325648300006,26.115279156577337,34.05982677074001
300,2,ode,VcSEX,covariate_beta,0.4054651081081644,79,-6.870878453426027,-7.8478582269056725,8.370186085847385,13.416460033402391,21.86326474112198
300,2,ode,TVCL,structural_intercept,0.6,79,-0.04762026455205441,0.11575626795635603,1.4087211458395643,1.9061134221385705,3.159669980023487
300,2,ode,TVVc,structural_intercept,20,79,2.4638210078287592,2.8579506874982687,2.4673394022695305,4.2288161239067845,7.29543129641099
300,2,ode,ResErr,structural_other,0.1,79,8.002338977999997,8.286037580936704,8.002338977999997,8.775277124797801,11.937911052399993
300,2,ode,TVKA,structural_other,0.7,79,0,0,0,0,0
300,2,ode,TVQ,structural_other,1.8,79,2.2746816793261577,2.2847270210545574,2.2746816793261577,2.484804259190864,3.600733526342606
300,2,ode,TVVp,structural_other,80,79,0.5107347627037662,0.5375005057250651,0.569602979967403,0.826311950061031,1.3473301981035741
300,2,ode,cov_VcCL,structural_other,0.02,79,2.3159985145000324,1.5680197908291167,14.194055679999998,23.25207298967176,40.38440630280001
300,2,ode,var_CL,structural_other,0.1,79,0.6865185540000374,0.20357351303417157,5.892572841000032,8.115896089451178,12.476822086760016
300,2,ode,var_Vc,structural_other,0.1,79,-26.111646973800003,-24.743638805312656,26.111646973800003,26.231283873982612,34.22784822006001
300,3,linCmt,VcBW,covariate_beta,1,56,-11.169649753550004,-10.9739854593375,11.169649753550004,12.668916198898996,18.814346385100002
300,3,linCmt,TVCL,structural_intercept,0.6,56,0.4620157494689414,0.20052729137811767,1.502898105656773,2.1116661788005966,3.5640261727949527
300,3,linCmt,TVVc,structural_intercept,20,56,3.368291719843049,3.4333191875677787,3.368291719843049,4.052991636479401,6.3515652813492
300,3,linCmt,ResErr,structural_other,0.1,56,9.773837860499992,10.195379835321422,9.773837860499992,10.508394530741336,13.156535746999992
300,3,linCmt,TVKA,structural_other,0.7,56,0,0,0,0,0
300,3,linCmt,TVQ,structural_other,1.8,56,2.983664958040243,2.967300851197001,2.983664958040243,3.1298933040013086,4.320606148525654
300,3,linCmt,TVVp,structural_other,80,56,0.8612226829702063,0.8907546453659374,0.8642411097813073,1.1249235236206054,1.7537005957189231
300,3,linCmt,cov_VcCL,structural_other,0.02,56,-0.17715089075004062,0.0722965831625037,12.805359921250032,23.42204340693391,38.75720534099999
300,3,linCmt,var_CL,structural_other,0.1,56,-0.440064722950044,-0.8817373019607169,7.021861818500029,8.87518030484358,14.026628441899996
300,3,linCmt,var_Vc,structural_other,0.1,56,-27.302607200349993,-28.119959027191072,27.302607200349993,30.070960352130626,41.98707144795001
300,3,ode,VcBW,covariate_beta,1,55,-11.065895749400001,-11.003943043194544,11.065895749400001,12.738509464616895,19.509912595740005
300,3,ode,TVCL,structural_intercept,0.6,55,0.47446846211222454,0.20629779501243445,1.5648110369022028,2.1290931796421284,3.5974696798284587
300,3,ode,TVVc,structural_intercept,20,55,3.3250924166392264,3.4786220504066567,3.3250924166392264,4.068142226796264,6.395586184211127
300,3,ode,ResErr,structural_other,0.1,55,9.526648547999992,10.029297134599993,9.526648547999992,10.312583458792188,12.905212452399994
300,3,ode,TVKA,structural_other,0.7,55,0,0,0,0,0
300,3,ode,TVQ,structural_other,1.8,55,2.959767108666276,2.9281702350360486,2.959767108666276,3.087378690650636,4.187286706267757
300,3,ode,TVVp,structural_other,80,55,0.8903442628854918,0.8906857188173997,0.8903442628854918,1.1307351441848073,1.707047051442771
300,3,ode,cov_VcCL,structural_other,0.02,55,-0.7435489680000449,-0.4896744790163699,12.768633877000019,23.263893704681017,40.014992030999984
300,3,ode,var_CL,structural_other,0.1,55,-0.03690146069999789,-0.8612925059872801,7.1348602663999925,8.97420398433527,14.143345195540025
300,3,ode,var_Vc,structural_other,0.1,55,-28.14855450169999,-28.11341920754546,28.14855450169999,30.02775118523265,40.923725144759985
300,4,linCmt,VcBW,covariate_beta,1,44,-10.414779001949997,-11.519661083806817,10.414779001949997,14.689470916144574,25.739978137949997
300,4,linCmt,VcSEX,covariate_beta,0.4054651081081644,44,-4.77493273181958,-5.2294372671584295,8.157285136771058,12.981189904730101,21.94784003150886
300,4,linCmt,TVCL,structural_intercept,0.6,44,0.28125542825691946,0.4205452096864802,1.3596777782955891,2.0110034692288723,3.3039913961988994
300,4,linCmt,TVVc,structural_intercept,20,44,4.0857641603993855,4.1744813858084395,4.0857641603993855,5.124313811326711,8.175587421335571
300,4,linCmt,ResErr,structural_other,0.1,44,8.319335161999994,8.23486723261363,8.319335161999994,8.5556312958492,11.210344041199994
300,4,linCmt,TVKA,structural_other,0.7,44,0,0,0,0,0
300,4,linCmt,TVQ,structural_other,1.8,44,2.8739318933576863,2.809124111881152,2.8739318933576863,2.9699841465958556,3.9925421683723714
300,4,linCmt,TVVp,structural_other,80,44,0.6579745539282911,0.6827632361186999,0.6579745539282911,0.9758993720078445,1.6320654828345171
300,4,linCmt,cov_VcCL,structural_other,0.02,44,-0.05266586474999939,0.346533397181812,13.481949468249937,18.95230624906453,29.36108624970001
300,4,linCmt,var_CL,structural_other,0.1,44,-0.3058784781499735,0.3129566909386311,4.7980309027499946,7.608567939651076,11.945881115109987
300,4,linCmt,var_Vc,structural_other,0.1,44,-13.65063051505,-17.169676122243192,13.65063051505,19.554477917519215,29.39939341488001
300,4,ode,VcBW,covariate_beta,1,43,-10.461703730899997,-11.593886663227908,10.461703730899997,14.799460017254995,25.632110961939997
300,4,ode,VcSEX,covariate_beta,0.4054651081081644,43,-4.593503636864324,-4.66836581925622,7.594370882327563,12.326276794996174,21.0089054192649
300,4,ode,TVCL,structural_intercept,0.6,43,0.3021262626978216,0.458805954596878,1.459694866154234,2.0235583128670154,3.312518154919461
300,4,ode,TVVc,structural_intercept,20,43,3.9613593878527453,4.025714888538905,3.9613593878527453,4.930694596480848,7.2344324228980215
300,4,ode,ResErr,structural_other,0.1,43,8.423164996999994,8.260777895999995,8.423164996999994,8.59178961784662,11.233440870799994
300,4,ode,TVKA,structural_other,0.7,43,0,0,0,0,0
300,4,ode,TVQ,structural_other,1.8,43,2.7324519606299518,2.802139207787934,2.7324519606299518,2.9682789414693005,4.018118989107047
300,4,ode,TVVp,structural_other,80,43,0.6565677423614247,0.6789001665630724,0.6565677423614247,0.9725398834300687,1.6808227355528171
300,4,ode,cov_VcCL,structural_other,0.02,43,-1.519433201999966,-0.14147585181395228,13.019296592000021,18.757330916688815,29.368267728899983
300,4,ode,var_CL,structural_other,0.1,43,-0.300818836900002,0.4058410848604599,4.7824088958000335,7.640529820576463,11.950109829240013
300,4,ode,var_Vc,structural_other,0.1,43,-13.80027888939997,-17.190718356139538,13.80027888939997,19.627661881572347,29.740815554599987
300,5,linCmt,CLcrCL,covariate_beta,0.5,87,0.7071477395999892,0.8180613518873561,5.4136686981999915,8.718821807715793,15.704331835160007
300,5,linCmt,TVCL,structural_intercept,0.6,87,0.27788830894559524,0.31806124350568576,1.0379378895352862,1.7024296055866188,2.8847762054983743
300,5,linCmt,TVVc,structural_intercept,20,87,1.222112122907557,1.4102574100851546,1.5972633046858853,2.5816802966413612,4.191911840298118
300,5,linCmt,ResErr,structural_other,0.1,87,13.352308927999989,13.402218273298846,13.352308927999989,13.767751147191957,17.7589124226
300,5,linCmt,TVKA,structural_other,0.7,87,0,0,0,0,0
300,5,linCmt,TVQ,structural_other,1.8,87,3.3242164519038755,3.267404944528289,3.3242164519038755,3.386053372806217,4.229750203457545
300,5,linCmt,TVVp,structural_other,80,87,1.2459123109573866,1.2157338705793708,1.2459123109573866,1.373997700382173,2.062539415445528
300,5,linCmt,cov_VcCL,structural_other,0.02,87,-5.136228023000025,-9.167524995022994,12.903727800000016,26.54102011541418,42.8278892974
300,5,linCmt,var_CL,structural_other,0.1,87,-4.420169387100007,-3.0749179324390834,6.33150433690001,8.758380089369776,12.797961332560018
300,5,linCmt,var_Vc,structural_other,0.1,87,-43.509037797699996,-43.40727500826667,43.509037797699996,44.27266769727869,55.58960398774
300,5,ode,CLcrCL,covariate_beta,0.5,87,0.6260864691999934,0.8266574582850578,5.44783958720001,8.7414121968287,15.73907857392
300,5,ode,TVCL,structural_intercept,0.6,87,0.2532525505698306,0.3095879350701997,1.0379090870272778,1.6994016784512462,2.879654211189254
300,5,ode,TVVc,structural_intercept,20,87,1.2192116509146267,1.4283213849250675,1.5324980838359892,2.56451687511106,4.145425372098502
300,5,ode,ResErr,structural_other,0.1,87,13.471498208999996,13.308176558264362,13.471498208999996,13.659789134523011,17.246583436999995
300,5,ode,TVKA,structural_other,0.7,87,0,0,0,0,0
300,5,ode,TVQ,structural_other,1.8,87,3.3346533427296556,3.262838214375751,3.3346533427296556,3.383640616601503,4.213935985245273
300,5,ode,TVVp,structural_other,80,87,1.2451554803423726,1.221073519815321,1.2451554803423726,1.3759551289002392,1.9557431231733737
300,5,ode,cov_VcCL,structural_other,0.02,87,-4.817447115000005,-9.127342696518395,14.270557000000005,26.580593242976384,43.92890167510004
300,5,ode,var_CL,structural_other,0.1,87,-4.245628280699979,-3.0559757365988576,6.4094598498,8.772632903519064,12.764429845820022
300,5,ode,var_Vc,structural_other,0.1,87,-42.282907451299955,-43.17113328082184,42.282907451299955,44.011445181395956,55.144217203619995
300,6,linCmt,CLcrCL,covariate_beta,0.5,87,1.5083854151999976,0.9418804231885052,6.049537186599996,8.771283128148816,12.880043890280005
300,6,linCmt,VcSEX,covariate_beta,0.4054651081081644,87,-7.507708128622426,-6.977642564271358,9.303058976433991,12.198045345300946,18.828608555288696
300,6,linCmt,TVCL,structural_intercept,0.6,87,0.2249752624195837,0.030307214843639428,1.1029994871453546,1.6406111570657453,2.4958198978769017
300,6,linCmt,TVVc,structural_intercept,20,87,3.046858237609129,3.032868126285106,3.0678258906741185,4.169055159178124,6.6392504874134675
300,6,linCmt,ResErr,structural_other,0.1,87,9.753175613000002,9.924331807183902,9.753175613000002,10.338115521620056,13.814985233199994
300,6,linCmt,TVKA,structural_other,0.7,87,0,0,0,0,0
300,6,linCmt,TVQ,structural_other,1.8,87,2.7801663728842887,2.6574848419787735,2.7801663728842887,2.8283071791632333,3.7202042118299596
300,6,linCmt,TVVp,structural_other,80,87,0.7969016095358583,0.7819296798254917,0.8128212999079842,1.0401402806294033,1.5527589625207945
300,6,linCmt,cov_VcCL,structural_other,0.02,87,-7.1464694525000265,-3.518764429006894,15.41707033050002,25.63526863198199,43.63448383020002
300,6,linCmt,var_CL,structural_other,0.1,87,-0.930717133899972,-0.13408590069655593,6.58727901669999,9.301620008894103,15.796613065800003
300,6,linCmt,var_Vc,structural_other,0.1,87,-28.267940187,-27.602064274657472,28.267940187,29.190947456712507,38.44063513812001
300,6,ode,CLcrCL,covariate_beta,0.5,87,1.417084311200001,0.927754131712643,6.049648118399997,8.781601085480553,12.979212397200012
300,6,ode,VcSEX,covariate_beta,0.4054651081081644,87,-7.536219628795498,-6.943456045737103,9.137125467102155,12.19173108762556,18.823696683169068
300,6,ode,TVCL,structural_intercept,0.6,87,0.2324544302487186,0.02429886079897306,1.1108877739410088,1.6414759333431346,2.5153851720817784
300,6,ode,TVVc,structural_intercept,20,87,3.1172777291008735,3.0190779873659195,3.157931912475984,4.165381746689053,6.64026102161827
300,6,ode,ResErr,structural_other,0.1,87,9.810371522999988,9.925895681816085,9.810371522999988,10.333968587925257,13.870490392199992
300,6,ode,TVKA,structural_other,0.7,87,0,0,0,0,0
300,6,ode,TVQ,structural_other,1.8,87,2.735301070289322,2.6401151353377212,2.735301070289322,2.8155490015965077,3.7323614958970976
300,6,ode,TVVp,structural_other,80,87,0.8126833830221081,0.7895586890974002,0.8161520633584728,1.0465854089262128,1.587945607530582
300,6,ode,cov_VcCL,structural_other,0.02,87,-7.4502748290000005,-3.3584165700965554,14.931540429500012,25.700371115084735,43.73962500150002
300,6,ode,var_CL,structural_other,0.1,87,-0.9103239055999746,-0.1835973230241455,6.3798266899999785,9.266274658002299,15.55553862139999
300,6,ode,var_Vc,structural_other,0.1,87,-28.5148791637,-27.44556702668276,28.5148791637,29.06337040682343,38.725205760719994
300,7,linCmt,CLcrCL,covariate_beta,0.5,49,-0.5271777273999967,-0.5604884837714281,4.394786320799993,7.982727308316072,12.863180120040013
300,7,linCmt,VcBW,covariate_beta,1,49,-10.413887494399997,-10.174976682359183,10.413887494399997,13.376034460507979,21.278487457000004
300,7,linCmt,TVCL,structural_intercept,0.6,49,0.373594391180195,0.5926077658363204,1.2288427259661654,2.077505226287301,3.525275425041911
300,7,linCmt,TVVc,structural_intercept,20,49,2.706790529691876,3.3138156151386635,2.7154693972854815,3.913466978562081,5.877098401774114
300,7,linCmt,ResErr,structural_other,0.1,49,10.650846724999996,10.901758367551015,10.650846724999996,11.262103823785404,13.886278096199995
300,7,linCmt,TVKA,structural_other,0.7,49,0,0,0,0,0
300,7,linCmt,TVQ,structural_other,1.8,49,2.872407185755938,2.8628023661836157,2.872407185755938,2.9882647828143596,3.832932931738895
300,7,linCmt,TVVp,structural_other,80,49,1.0601611625768825,1.009701484368687,1.0601611625768825,1.1436026924867007,1.6017217932600156
300,7,linCmt,cov_VcCL,structural_other,0.02,49,-0.9420558955000081,-4.450399508426535,20.16148726650003,28.882696581034878,46.9053700317
300,7,linCmt,var_CL,structural_other,0.1,49,-2.7192553475000047,-2.3583827144571496,5.145328887400033,10.338742552648608,18.35675626756002
300,7,linCmt,var_Vc,structural_other,0.1,49,-31.788804188700016,-30.812662248195927,31.788804188700016,32.59265112082926,44.631878672939976
300,7,ode,CLcrCL,covariate_beta,0.5,48,-8.477860999944742e-4,-0.21830166511666513,4.438390037000007,7.710250136426044,12.580747319939997
300,7,ode,VcBW,covariate_beta,1,48,-10.541592393499998,-10.292406893154167,10.541592393499998,13.506525324970886,21.16763886645
300,7,ode,TVCL,structural_intercept,0.6,48,0.36556490664548436,0.5800247488321841,1.2759055068704561,2.0934368698659225,3.5453577324236476
300,7,ode,TVVc,structural_intercept,20,48,2.6644521899379825,3.299242597028123,2.6867949229751265,3.9079935043322216,5.952264834556799
300,7,ode,ResErr,structural_other,0.1,48,10.628416515499998,10.84230241847916,10.628416515499998,11.196794317578707,13.8257145166
300,7,ode,TVKA,structural_other,0.7,48,0,0,0,0,0
300,7,ode,TVQ,structural_other,1.8,48,2.920211561777174,2.847964618747977,2.920211561777174,2.9778890298491256,3.880496150163606
300,7,ode,TVVp,structural_other,80,48,1.1077608024656274,1.0307850938768883,1.1077608024656274,1.1619879895405687,1.6225286362684432
300,7,ode,cov_VcCL,structural_other,0.02,48,-0.2617677219999767,-3.288766869011467,19.1293170435,28.320712638169532,45.87203923310002
300,7,ode,var_CL,structural_other,0.1,48,-2.7696442024999977,-2.1258621617354234,5.0410262197499796,10.33371050262201,18.51933450073003
300,7,ode,var_Vc,structural_other,0.1,48,-32.4782247616,-30.622632483472927,32.4782247616,32.478143222688516,43.81580083077999
300,8,linCmt,CLcrCL,covariate_beta,0.5,40,-0.9401610466000021,-1.298228657105,8.380153743199998,10.674787390920226,15.745308705940007
300,8,linCmt,VcBW,covariate_beta,1,40,-9.801998661299999,-10.017125351245,9.801998661299999,13.126990797385648,21.800483834690002
300,8,linCmt,VcSEX,covariate_beta,0.4054651081081644,40,-5.2335789002104525,-5.242000161113594,7.08298525143099,10.740171389424031,17.83245152706852
300,8,linCmt,TVCL,structural_intercept,0.6,40,-0.3257781910176542,-0.14939104978544118,1.1807227914726697,1.507266489641887,2.3305103702229566
300,8,linCmt,TVVc,structural_intercept,20,40,4.989313938123274,4.324797634546322,4.989313938123274,5.270295821766079,7.913105288132936
300,8,linCmt,ResErr,structural_other,0.1,40,9.049404877499994,9.199626253874994,9.049404877499994,9.521264762103714,12.108407682999992
300,8,linCmt,TVKA,structural_other,0.7,40,0,0,0,0,0
300,8,linCmt,TVQ,structural_other,1.8,40,2.8274944713122405,2.7244320322961957,2.8274944713122405,2.881603341301323,3.92241983647242
300,8,linCmt,TVVp,structural_other,80,40,0.8581673426627477,0.6816897915272273,0.8581673426627477,0.9101580555414983,1.413042874852513
300,8,linCmt,cov_VcCL,structural_other,0.02,40,2.516506300749991,2.0346497962737495,11.634810015000006,19.372300450197255,30.38726674935002
300,8,linCmt,var_CL,structural_other,0.1,40,-0.03426287010001999,-0.3952497438150022,4.292163132550001,8.101880968826853,16.03178662786003
300,8,linCmt,var_Vc,structural_other,0.1,40,-21.589650848300007,-21.259023872757506,21.589650848300007,22.54718344126286,30.109924064400005
300,8,ode,CLcrCL,covariate_beta,0.5,41,0.5895819313999962,-1.1500846186292684,8.244740658399996,10.562615395472537,15.335676561
300,8,ode,VcBW,covariate_beta,1,41,-9.6463858523,-9.478707782165854,9.6967918092,13.071586665924292,21.7051303115
300,8,ode,VcSEX,covariate_beta,0.4054651081081644,41,-5.350444710615428,-5.644584228918904,8.216110519003642,11.151926626953337,17.883499079980226
300,8,ode,TVCL,structural_intercept,0.6,41,-0.31747585454091254,-0.1367301360871948,1.1652748925472338,1.490257601170625,2.31844943943856
300,8,ode,TVVc,structural_intercept,20,41,5.060087922469396,4.406923408566797,5.060087922469396,5.349212936610017,8.062992231275583
300,8,ode,ResErr,structural_other,0.1,41,9.166236188,9.290654589731702,9.166236188,9.62366389402108,12.405766610999999
300,8,ode,TVKA,structural_other,0.7,41,0,0,0,0,0
300,8,ode,TVQ,structural_other,1.8,41,2.8516075467499937,2.7483009721198295,2.8516075467499937,2.9164539502115856,4.310881101643213
300,8,ode,TVVp,structural_other,80,41,0.8803142969260057,0.7066543347545956,0.8803142969260057,0.9312147530246059,1.4059267686759291
300,8,ode,cov_VcCL,structural_other,0.02,41,2.9657071535000092,3.1162179498804896,12.811821947999997,20.236654562639494,33.95218136649999
300,8,ode,var_CL,structural_other,0.1,41,0.024835723999985793,-0.09413960986098237,4.671084181800012,8.206218315389444,15.79448227300008
300,8,ode,var_Vc,structural_other,0.1,41,-22.031363268900012,-21.466810873387807,22.031363268900012,22.79615540749134,30.619990407899987
300,9,linCmt,CLBW,covariate_beta,0.75,60,-1.0413668132666678,-0.36051264978444497,5.360449899466668,9.794982792886165,17.464276607240002
300,9,linCmt,TVCL,structural_intercept,0.6,60,0.22128401148695706,0.23336185334436108,1.4899091423393462,2.1553781321464833,3.4760544621913714
300,9,linCmt,TVVc,structural_intercept,20,60,1.708321875376333,1.656405678931373,2.0438171194134824,2.919922138357976,4.812008658455011
300,9,linCmt,ResErr,structural_other,0.1,60,14.866079626000001,15.00482830536666,14.866079626000001,15.160459313086253,17.782832884999987
300,9,linCmt,TVKA,structural_other,0.7,60,0,0,0,0,0
300,9,linCmt,TVQ,structural_other,1.8,60,3.8735645983185263,3.8550833542620255,3.8735645983185263,3.929203537137877,4.652601269193058
300,9,linCmt,TVVp,structural_other,80,60,1.326470198869183,1.3468385552960136,1.326470198869183,1.4731004117642736,2.124170930609278
300,9,linCmt,cov_VcCL,structural_other,0.02,60,-6.4418742474999995,-7.242962054163334,11.636165448250004,23.27519043973989,41.20555700060001
300,9,linCmt,var_CL,structural_other,0.1,60,-2.753715231449995,-3.2314355844800065,6.142035580199989,9.368327809679633,15.98240803021
300,9,linCmt,var_Vc,structural_other,0.1,60,-43.436923178,-44.55430526946834,43.436923178,45.422530602550715,55.263190976050005
300,9,ode,CLBW,covariate_beta,0.75,62,-1.0629608636666694,-0.5476349217548381,5.331235303599994,9.722488179434757,17.089570370626667
300,9,ode,TVCL,structural_intercept,0.6,62,0.2125833966313273,0.2528385087545318,1.5129210672981397,2.1721525306282232,3.460066083922928
300,9,ode,TVVc,structural_intercept,20,62,1.7500653626901916,1.602217627291274,2.0098764073021065,2.8888104258307985,4.808297206136472
300,9,ode,ResErr,structural_other,0.1,62,14.646122381499987,14.97407093388709,14.646122381499987,15.146164863794503,17.833295107899993
300,9,ode,TVKA,structural_other,0.7,62,0,0,0,0,0
300,9,ode,TVQ,structural_other,1.8,62,3.9569729604588697,3.930148379136087,3.9569729604588697,3.9997563590287113,4.781368446530261
300,9,ode,TVVp,structural_other,80,62,1.3792548955349648,1.3845466482061752,1.3792548955349648,1.4902455634945189,2.1161528041013593
300,9,ode,cov_VcCL,structural_other,0.02,62,-6.808109008500001,-6.248981942585486,12.218395310499996,23.320661638216905,41.52992464254995
300,9,ode,var_CL,structural_other,0.1,62,-2.566989633099981,-3.1330453602258106,6.267124256299994,9.614613515528909,16.163326454560014
300,9,ode,var_Vc,structural_other,0.1,62,-42.870764218199994,-44.553862571477424,42.870764218199994,45.363943018148426,54.967389066989995
300,10,linCmt,CLBW,covariate_beta,0.75,76,1.9190381683333275,0.7929817439807009,6.954973918066668,10.44379814457647,17.863315606666667
300,10,linCmt,VcSEX,covariate_beta,0.4054651081081644,76,-8.325418247002217,-7.603124291648371,8.968435258256392,12.215541263462462,19.517074539877267
300,10,linCmt,TVCL,structural_intercept,0.6,76,-10.759733682936618,-10.820090251260359,10.759733682936618,11.204783680305034,14.09205396141125
300,10,linCmt,TVVc,structural_intercept,20,76,2.959368219559666,3.188702038835103,2.959368219559666,4.19316615249516,6.831758072261085
300,10,linCmt,ResErr,structural_other,0.1,76,10.961821543999994,11.052801768894732,10.961821543999994,11.351892734034461,14.572260952999994
300,10,linCmt,TVKA,structural_other,0.7,76,0,0,0,0,0
300,10,linCmt,TVQ,structural_other,1.8,76,2.688980354819811,2.728333010516294,2.688980354819811,2.875149599137039,4.004544191494424
300,10,linCmt,TVVp,structural_other,80,76,0.7911950622870734,0.8550869101783777,0.7911950622870734,1.1200562976752213,1.753777066333466
300,10,linCmt,cov_VcCL,structural_other,0.02,76,-2.475612381250001,1.5041622726184145,18.285568247000008,26.439852865571172,42.87778916699998
300,10,linCmt,var_CL,structural_other,0.1,76,-1.6429393059999922,-0.45767199473685116,6.489377196499987,7.718875257073036,11.45632268659999
300,10,linCmt,var_Vc,structural_other,0.1,76,-29.03617262285001,-29.302614342067113,29.03617262285001,30.799296464995024,39.9544353011
300,10,ode,CLBW,covariate_beta,0.75,76,1.937094168666668,0.7968337157807016,7.019265863933333,10.440590930694585,17.826327583066664
300,10,ode,VcSEX,covariate_beta,0.4054651081081644,76,-8.324783563166655,-7.563990436449382,8.978127931858658,12.187948150024491,19.370145480116825
300,10,ode,TVCL,structural_intercept,0.6,76,-10.758386786914107,-10.83016315494365,10.758386786914107,11.214788928482115,14.098885480883922
300,10,ode,TVVc,structural_intercept,20,76,3.08416448904393,3.1911532900849227,3.08416448904393,4.187650611078015,6.857964499040755
300,10,ode,ResErr,structural_other,0.1,76,10.831059607499991,11.004327087723679,10.831059607499991,11.273455745647082,14.196869187999999
300,10,ode,TVKA,structural_other,0.7,76,0,0,0,0,0
300,10,ode,TVQ,structural_other,1.8,76,2.687949496874737,2.7034270609948488,2.687949496874737,2.8574907162535608,3.9790782930196515
300,10,ode,TVVp,structural_other,80,76,0.8341352491018129,0.8581268160097324,0.8341352491018129,1.12151886327436,1.7518234118220197
300,10,ode,cov_VcCL,structural_other,0.02,76,-2.945867389999978,1.641343290401314,17.573059651750008,26.538916330411794,42.73312895424999
300,10,ode,var_CL,structural_other,0.1,76,-1.7800112394000187,-0.4570687798039484,6.447403864200014,7.7215920302134204,11.520050803899998
300,10,ode,var_Vc,structural_other,0.1,76,-29.327828390700006,-29.137908670286848,29.327828390700006,30.70546689228782,39.67661858215
300,11,linCmt,CLBW,covariate_beta,0.75,49,0.24883737079999987,0.07509054248707565,7.438777189999997,10.168186967764488,16.914764869546662
300,11,linCmt,VcBW,covariate_beta,1,49,-11.051423680200001,-9.477345902938774,11.051423680200001,11.976712455167227,16.663157099440003
300,11,linCmt,TVCL,structural_intercept,0.6,49,-11.18739238236475,-10.743399337745506,11.18739238236475,11.172928261486435,14.390028657050022
300,11,linCmt,TVVc,structural_intercept,20,49,-10.638986756429691,-10.305530479243995,10.638986756429691,10.699897721637806,13.8872161193767
300,11,linCmt,ResErr,structural_other,0.1,49,11.911336662999997,12.094919106244891,11.911336662999997,12.388534258008582,15.542522044199991
300,11,linCmt,TVKA,structural_other,0.7,49,0,0,0,0,0
300,11,linCmt,TVQ,structural_other,1.8,49,3.0087596749115186,2.833691595670464,3.0087596749115186,2.9673968866059344,3.691396784622699
300,11,linCmt,TVVp,structural_other,80,49,1.1083343226159847,1.1299486180101348,1.1083343226159847,1.2693115399505484,1.8633333297976868
300,11,linCmt,cov_VcCL,structural_other,0.02,49,11.490557979499938,8.334354941983674,18.613480665000058,26.955240755992726,39.974105244700034
300,11,linCmt,var_CL,structural_other,0.1,49,1.1385251509999779,0.459466054802039,5.388362602999991,9.265168769471629,14.695361941500018
300,11,linCmt,var_Vc,structural_other,0.1,49,-30.98588917349999,-31.825337075875517,30.98588917349999,33.183351939977015,42.92069835178004
300,11,ode,CLBW,covariate_beta,0.75,49,-0.05884423960000144,-0.6685568097414968,7.418991821866665,10.044318494582855,16.756626270746665
300,11,ode,VcBW,covariate_beta,1,49,-11.010321276,-9.547846180067348,11.010321276,11.914103709509684,16.63468569308001
300,11,ode,TVCL,structural_intercept,0.6,49,-10.95541002240256,-10.620513186358773,10.95541002240256,11.063363797236773,14.397831233831521
300,11,ode,TVVc,structural_intercept,20,49,-10.77712125495351,-10.259851359787111,10.77712125495351,10.625212159521713,13.25459689735416
300,11,ode,ResErr,structural_other,0.1,49,11.874376197999997,12.005175639204076,11.874376197999997,12.28674152647872,15.418724870199995
300,11,ode,TVKA,structural_other,0.7,49,0,0,0,0,0
300,11,ode,TVQ,structural_other,1.8,49,3.0090064824442257,2.8339167184292373,3.0090064824442257,2.971664505132199,3.6785801334789334
300,11,ode,TVVp,structural_other,80,49,1.1338351235791855,1.131211943489062,1.1338351235791855,1.2700888018565635,1.8442142028358186
300,11,ode,cov_VcCL,structural_other,0.02,49,9.255153141499976,8.227648816690813,19.047654383999994,27.242249295567973,39.88467914479999
300,11,ode,var_CL,structural_other,0.1,49,1.923223295000012,0.841108814108155,5.3238749180000156,9.06391244756428,14.776331592360028
300,11,ode,var_Vc,structural_other,0.1,49,-31.75934433620001,-31.799661244957143,31.75934433620001,33.156218084058466,43.03976236074
300,12,linCmt,CLBW,covariate_beta,0.75,33,-3.4299480739999963,-0.6754111851030299,7.262535326133331,10.172829354271054,16.322095250586667
300,12,linCmt,VcBW,covariate_beta,1,33,-5.222533281999997,-6.575223708466665,6.494751591500004,10.15969328908447,16.895274672519996
300,12,linCmt,VcSEX,covariate_beta,0.4054651081081644,33,-6.214482188056131,-6.065397042394455,6.949767044645045,9.85368526926297,13.79011892703931
300,12,linCmt,TVCL,structural_intercept,0.6,33,-11.444031079786996,-11.29426665385069,11.444031079786996,11.491093875440143,13.946575009100002
300,12,linCmt,TVVc,structural_intercept,20,33,-11.073465870366093,-10.447064568837012,11.073465870366093,11.08443507142757,14.636852948657065
300,12,linCmt,ResErr,structural_other,0.1,33,9.54039813999999,9.606242727515145,9.54039813999999,9.989557691825562,13.214941628199991
300,12,linCmt,TVKA,structural_other,0.7,33,0,0,0,0,0
300,12,linCmt,TVQ,structural_other,1.8,33,2.9072642626164,2.7132611887227824,2.9072642626164,2.900591723834397,3.745672547407349
300,12,linCmt,TVVp,structural_other,80,33,0.40716640681246474,0.46306193827286074,0.5059588377905122,0.8944075103340767,1.4262622600943047
300,12,linCmt,cov_VcCL,structural_other,0.02,33,8.022922564999996,5.824550969468185,15.34781490350006,22.304391467176778,33.770455071399994
300,12,linCmt,var_CL,structural_other,0.1,33,-0.614931556900053,-1.1984414826212124,5.005219143199985,8.195097205287741,13.506549587899993
300,12,linCmt,var_Vc,structural_other,0.1,33,-23.897951461000016,-22.644191091730303,23.897951461000016,23.79400149868286,31.04831266728001
300,12,ode,CLBW,covariate_beta,0.75,35,-3.4943426408000042,-0.4065682801409538,7.348567003599997,10.190491257982796,16.255122736053334
300,12,ode,VcBW,covariate_beta,1,35,-5.420501578100001,-6.508365962111428,6.4213762506999945,9.942379014093898,16.74015984962
300,12,ode,VcSEX,covariate_beta,0.4054651081081644,35,-6.839801652862855,-6.513139096765613,7.129820668182495,10.29121656703628,13.959353099469496
300,12,ode,TVCL,structural_intercept,0.6,35,-11.333303579339038,-11.254688266850872,11.333303579339038,11.442189578122816,13.887810497192726
300,12,ode,TVVc,structural_intercept,20,35,-11.318110379660364,-10.429316564983642,11.318110379660364,11.034126421568493,14.481750385151123
300,12,ode,ResErr,structural_other,0.1,35,8.94443713399999,9.460538649028566,8.94443713399999,9.833792874923104,12.8756788172
300,12,ode,TVKA,structural_other,0.7,35,0,0,0,0,0
300,12,ode,TVQ,structural_other,1.8,35,2.7818162019477044,2.6825476148740623,2.7818162019477044,2.8690070382502504,3.8773933885501446
300,12,ode,TVVp,structural_other,80,35,0.5202921094152302,0.5110257131395304,0.5625941318478844,0.9207444686702796,1.4586263340579428
300,12,ode,cov_VcCL,structural_other,0.02,35,9.57031756000001,5.371106891298565,14.577669378000035,22.215650122090842,32.97278090410002
300,12,ode,var_CL,structural_other,0.1,35,-0.2618806111999855,-1.587080882768573,4.9897987227999625,8.558715346502474,14.658345775400013
300,12,ode,var_Vc,structural_other,0.1,35,-23.800786422199987,-22.402996428934298,23.800786422199987,23.548746208981257,31.084304939700026
300,13,linCmt,CLBW,covariate_beta,0.75,60,0.6834402840666609,0.7441859654911107,6.393665204400004,10.778334492750757,15.992427268746672
300,13,linCmt,CLcrCL,covariate_beta,0.5,60,-1.3690315977999967,-1.7729204244799992,5.778387567900001,11.944804059569194,17.948214704039998
300,13,linCmt,TVCL,structural_intercept,0.6,60,-14.550927899132132,-14.794035240934871,14.550927899132132,15.064247776948378,18.199026097734095
300,13,linCmt,TVVc,structural_intercept,20,60,0.9550003514812656,1.010045997222714,1.3903886837952673,2.3771083598940064,4.2302938971212285
300,13,linCmt,ResErr,structural_other,0.1,60,18.189879382499996,17.955968830349995,18.189879382499996,18.233245020989557,22.045981282499994
300,13,linCmt,TVKA,structural_other,0.7,60,0,0,0,0,0
300,13,linCmt,TVQ,structural_other,1.8,60,3.936088901376422,3.979501417632578,3.936088901376422,4.047408479908865,4.914007966640113
300,13,linCmt,TVVp,structural_other,80,60,1.6711336505885208,1.6606469011454577,1.6711336505885208,1.7540190909504687,2.295261085154374
300,13,linCmt,cov_VcCL,structural_other,0.02,60,-15.904638867249993,-15.935189466475833,19.585026955500012,30.537775049831,48.30332857453498
300,13,linCmt,var_CL,structural_other,0.1,60,-3.791535310900006,-2.8328036651250112,7.118476480300013,8.785666983808138,14.950151342419984
300,13,linCmt,var_Vc,structural_other,0.1,60,-50.51580354994998,-50.593072165225,50.51580354994998,51.541635006878614,63.67008143912999
300,13,ode,CLBW,covariate_beta,0.75,61,1.505308130133335,0.8630061444021854,7.128573904399997,11.06721774231786,16.771913479866672
300,13,ode,CLcrCL,covariate_beta,0.5,61,-1.3789211555999992,-1.6570045528852466,6.6709147124,12.14467991588961,17.9556207776
300,13,ode,TVCL,structural_intercept,0.6,61,-14.622450286520984,-14.872589643401819,14.622450286520984,15.147288929715414,18.196415979002754
300,13,ode,TVVc,structural_intercept,20,61,0.9374631878102234,1.041288356416895,1.4698483307115495,2.4085976259302955,4.280410805487147
300,13,ode,ResErr,structural_other,0.1,61,17.493886087999996,18.074875275950813,17.493886087999996,18.388025136425757,22.33146070599999
300,13,ode,TVKA,structural_other,0.7,61,0,0,0,0,0
300,13,ode,TVQ,structural_other,1.8,61,4.004101998100343,4.035557050628753,4.004101998100343,4.109715021843506,5.111297503265987
300,13,ode,TVVp,structural_other,80,61,1.6825821814410522,1.7292927620486134,1.6825821814410522,1.8231354065751488,2.4498068275620533
300,13,ode,cov_VcCL,structural_other,0.02,61,-17.27697797700002,-16.09041111209836,20.247184092999984,31.311080351446357,54.15633331619998
300,13,ode,var_CL,structural_other,0.1,61,-3.814869961100004,-2.9693685807672163,7.851801456400007,9.151778388665697,15.204656818699993
300,13,ode,var_Vc,structural_other,0.1,61,-50.99554003700003,-51.04362713468853,50.99554003700003,51.915769359405495,63.69881219710001
300,14,linCmt,CLBW,covariate_beta,0.75,60,1.063776842599995,1.5647246713377785,8.489862437999998,11.87558769197206,19.171976235120002
300,14,linCmt,CLcrCL,covariate_beta,0.5,60,-2.5309638888999952,-1.5720324138133335,7.727992626299995,9.389312116432881,14.101519495259998
300,14,linCmt,VcSEX,covariate_beta,0.4054651081081644,60,-7.835487814820599,-8.432640772764909,9.285609507395801,13.785801987888643,19.518786375756903
300,14,linCmt,TVCL,structural_intercept,0.6,60,-15.310542666158872,-15.00408192081675,15.310542666158872,15.26457568321035,18.896218459438614
300,14,linCmt,TVVc,structural_intercept,20,60,3.408119409588943,3.564547038668448,3.5804770112222606,4.568800793085049,8.005958154097414
300,14,linCmt,ResErr,structural_other,0.1,60,15.034889034999994,14.829141647766662,15.034889034999994,15.173580885763272,18.57809084299999
300,14,linCmt,TVKA,structural_other,0.7,60,0,0,0,0,0
300,14,linCmt,TVQ,structural_other,1.8,60,2.652047782853908,2.6202966073705434,2.652047782853908,2.790363836661978,3.8347518377914094
300,14,linCmt,TVVp,structural_other,80,60,1.4256179060516239,1.2905811382564711,1.4256179060516239,1.4732636963658998,2.035021300359464
300,14,linCmt,cov_VcCL,structural_other,0.02,60,-3.8834315902500167,-7.791742204055003,16.855842594250035,26.377850965419324,41.52174708200002
300,14,linCmt,var_CL,structural_other,0.1,60,-1.8066412067999915,-2.0005695008383384,6.972394978850022,9.1348160169714,13.954988838510014
300,14,linCmt,var_Vc,structural_other,0.1,60,-34.47402632335,-34.51720874076833,34.47402632335,35.427903100914605,42.46836439688999
300,14,ode,CLBW,covariate_beta,0.75,59,1.1130833513333402,1.7804881566282498,8.466699758,11.877074447084212,19.233228547680003
300,14,ode,CLcrCL,covariate_beta,0.5,59,-2.5236227907999953,-1.680268917372881,7.878404084000001,9.45766339025398,14.175917416400004
300,14,ode,VcSEX,covariate_beta,0.4054651081081644,59,-8.179505033591465,-8.526117033949136,10.327802986932578,13.896132178121883,19.699508715225022
300,14,ode,TVCL,structural_intercept,0.6,59,-15.456646830746584,-15.051563057398957,15.456646830746584,15.31206487906894,18.891792727101294
300,14,ode,TVVc,structural_intercept,20,59,3.442139422044619,3.5960631409361765,3.6216997847599153,4.600961544984509,8.04097622023271
300,14,ode,ResErr,structural_other,0.1,59,14.65432245199999,14.801408158542367,14.65432245199999,15.096066807831745,18.248814460199995
300,14,ode,TVKA,structural_other,0.7,59,0,0,0,0,0
300,14,ode,TVQ,structural_other,1.8,59,2.658244615223287,2.6085372912910536,2.658244615223287,2.7811416925778114,3.8034866576778237
300,14,ode,TVVp,structural_other,80,59,1.3863127773473494,1.3239932448732448,1.3863127773473494,1.497016873469105,2.0654351111849363
300,14,ode,cov_VcCL,structural_other,0.02,59,-4.350450342000007,-8.557296944817795,16.4560843575,25.820185363748433,40.54902640329997
300,14,ode,var_CL,structural_other,0.1,59,-1.8272922378999856,-2.264631033069493,6.453764310999991,8.99407034146783,14.107429672980002
300,14,ode,var_Vc,structural_other,0.1,59,-34.750052197300015,-34.3149054386373,34.750052197300015,35.248990314526274,42.68917675146
300,15,linCmt,CLBW,covariate_beta,0.75,54,0.07032712646667012,0.6379352167728399,10.557673947466665,12.162292143269664,18.506914745320003
300,15,linCmt,CLcrCL,covariate_beta,0.5,54,0.01081110710000055,0.027070458485185647,5.681119600000006,9.365810887228925,14.140178568779998
300,15,linCmt,VcBW,covariate_beta,1,54,-5.6888759400500035,-7.158632339457408,6.2166435924000005,10.257708119010795,16.795520335390005
300,15,linCmt,TVCL,structural_intercept,0.6,54,-14.863962820345172,-15.061883908804546,14.863962820345172,15.28471389498903,18.809649291397275
300,15,linCmt,TVVc,structural_intercept,20,54,-11.320553440969059,-11.114425396953466,11.320553440969059,11.445103380917923,14.423122336862026
300,15,linCmt,ResErr,structural_other,0.1,54,15.408216174999994,15.416503101666661,15.408216174999994,15.663247767672209,18.855170380699995
300,15,linCmt,TVKA,structural_other,0.7,54,0,0,0,0,0
300,15,linCmt,TVQ,structural_other,1.8,54,3.247384253243736,3.302323481232891,3.247384253243736,3.473133035961075,4.7530984467729365
300,15,linCmt,TVVp,structural_other,80,54,1.4541288222350346,1.3928329477985482,1.4541288222350346,1.5332139168189087,2.0814288477161846
300,15,linCmt,cov_VcCL,structural_other,0.02,54,-3.6663653029999925,2.7835953707129586,21.409163074249975,30.23134743168824,42.641615489
300,15,linCmt,var_CL,structural_other,0.1,54,-0.9842376000499877,-1.1679699162111141,5.195604801150014,8.177153238211996,13.543905653440023
300,15,linCmt,var_Vc,structural_other,0.1,54,-37.15818959170001,-37.94055556173889,37.15818959170001,38.90784648609508,48.79725856327001
300,15,ode,CLBW,covariate_beta,0.75,54,0.0801482199333329,0.7793758386592587,10.568516534466665,12.040772674184936,18.47317571473334
300,15,ode,CLcrCL,covariate_beta,0.5,54,0.04926545849999742,0.05283472589259208,5.637265338699993,9.327622356727462,14.236634455759997
300,15,ode,VcBW,covariate_beta,1,54,-5.233235024650002,-6.754047605453704,5.874024434400004,9.6998403945906,16.128820645460003
300,15,ode,TVCL,structural_intercept,0.6,54,-14.874419955953272,-15.03967190526176,14.874419955953272,15.273985982369217,18.799070734829712
300,15,ode,TVVc,structural_intercept,20,54,-11.36061585969978,-11.123516830986757,11.36061585969978,11.440557726306007,14.418440152576784
300,15,ode,ResErr,structural_other,0.1,54,15.178645609999991,15.437758443574069,15.178645609999991,15.706084137281518,19.041582064300002
300,15,ode,TVKA,structural_other,0.7,54,0,0,0,0,0
300,15,ode,TVQ,structural_other,1.8,54,3.1921585431106987,3.257109309571302,3.1921585431106987,3.4341368414230273,4.768285638473509
300,15,ode,TVVp,structural_other,80,54,1.4496849078226592,1.3829810317383453,1.4496849078226592,1.548551169441058,2.2252750682494744
300,15,ode,cov_VcCL,structural_other,0.02,54,-1.7267631239999919,3.66965408130555,20.85884131049997,30.19006369333005,42.44996433645001
300,15,ode,var_CL,structural_other,0.1,54,-0.8563700810000143,-1.3031605684037124,4.92344796665,8.116580274667184,13.249887240400001
300,15,ode,var_Vc,structural_other,0.1,54,-37.93724797585002,-38.33877635202778,37.93724797585002,39.35455636725979,48.59523581901001
300,16,linCmt,CLBW,covariate_beta,0.75,46,-1.2763243518666645,-0.0339908207797098,7.19298316633333,11.395005732838309,15.677407148466669
300,16,linCmt,CLcrCL,covariate_beta,0.5,46,-0.5102961903000025,0.5113250099956528,5.660942324499995,8.713140068811866,13.281069237300002
300,16,linCmt,VcBW,covariate_beta,1,46,-8.869281731850004,-6.38086308853913,9.706317465550002,11.920793331200137,16.58586504765
300,16,linCmt,VcSEX,covariate_beta,0.4054651081081644,46,-6.9351879288372675,-6.214951003654779,8.313643626356923,12.63628034441107,21.348131914614292
300,16,linCmt,TVCL,structural_intercept,0.6,46,-14.633901836920648,-14.856392640759184,14.633901836920648,15.15365702294461,18.491099252225375
300,16,linCmt,TVVc,structural_intercept,20,46,-10.030031875182353,-10.610444706516757,10.030031875182353,10.967738733980335,14.374225915873595
300,16,linCmt,ResErr,structural_other,0.1,46,11.423427177499994,11.997468554673908,11.423427177499994,12.360264523917417,15.492834001999995
300,16,linCmt,TVKA,structural_other,0.7,46,0,0,0,0,0
300,16,linCmt,TVQ,structural_other,1.8,46,2.5979854573268804,2.5418420819875722,2.5979854573268804,2.7252503233779883,3.5703957339746317
300,16,linCmt,TVVp,structural_other,80,46,0.9860862451744713,0.970754953565218,0.9860862451744713,1.2528220532081364,1.8369323869942722
300,16,linCmt,cov_VcCL,structural_other,0.02,46,7.003121410250005,6.493314435391295,14.290322590749993,22.20541187345959,31.246685629999988
300,16,linCmt,var_CL,structural_other,0.1,46,-2.3998464176000214,-2.4308523967087052,4.872180033499977,8.659719857644205,14.958090136999989
300,16,linCmt,var_Vc,structural_other,0.1,46,-23.41012907395,-22.95388770486088,23.41012907395,24.861819830522045,33.55235604760001
300,16,ode,CLBW,covariate_beta,0.75,45,-1.263147830933331,-0.06487612876444494,7.326500375066673,11.535463683874504,15.865292895039998
300,16,ode,CLcrCL,covariate_beta,0.5,45,-0.6251594846000019,0.29246267321333175,5.772609091600001,8.675066936446104,13.393622600159997
300,16,ode,VcBW,covariate_beta,1,45,-8.7706118695,-6.291595046595555,9.423996452399997,12.00524964777418,16.763651303179998
300,16,ode,VcSEX,covariate_beta,0.4054651081081644,45,-6.657586443162758,-5.769425137056712,8.22977911824016,12.268341259317017,19.78499061491725
300,16,ode,TVCL,structural_intercept,0.6,45,-14.604268555935182,-14.837615727996065,14.604268555935182,15.14124801563079,18.515824202396917
300,16,ode,TVVc,structural_intercept,20,45,-10.201012482893699,-10.665201016708625,10.201012482893699,11.032424637957378,14.33476743925151
300,16,ode,ResErr,structural_other,0.1,45,11.629428862999989,11.897968458644439,11.629428862999989,12.222741541538218,15.170403583399994
300,16,ode,TVKA,structural_other,0.7,45,0,0,0,0,0
300,16,ode,TVQ,structural_other,1.8,45,2.5446168340709967,2.52284794174341,2.5446168340709967,2.708185853958978,3.5784231187242894
300,16,ode,TVVp,structural_other,80,45,0.9938341627513659,0.9827993478184108,0.9938341627513659,1.2688708079980004,1.8326202533525022
300,16,ode,cov_VcCL,structural_other,0.02,45,6.214220902000002,6.952960099933324,14.62930593450002,22.19371871327004,30.597456270099983
300,16,ode,var_CL,structural_other,0.1,45,-2.297378585200016,-2.4887216372666754,5.329719437000044,8.74729013862937,14.80473822379999
300,16,ode,var_Vc,structural_other,0.1,45,-23.060926693900043,-22.884207660708896,23.060926693900043,24.884726672277495,33.81814241855998
