sample_N,scenario,structure,parameter,param_class,true_value,n_used,MedRE_pct,MeanRE_pct,MARE_pct,RMRSE_pct,P90AbsRE_pct
40,1,linCmt,TVCL,structural_intercept,0.6,100,1.248364325156228,3.5189902604120853,4.786634182081418,15.204831755820427,26.71016848400886
40,1,linCmt,TVVc,structural_intercept,20,100,0.3314465247168918,1.0657209551492144,4.8106249221327335,9.378936407616019,12.988056492567432
40,1,linCmt,ResErr,structural_other,0.1,100,13.41409463249999,13.781613126659995,13.41409463249999,15.078361220255484,21.325126002300003
40,1,linCmt,TVKA,structural_other,0.7,100,0,0,0,0,0
40,1,linCmt,TVQ,structural_other,1.8,100,3.152046075921443,3.3179046228410525,3.152046075921443,3.823075833805561,5.727116131835349
40,1,linCmt,TVVp,structural_other,80,100,1.2588305641319497,1.2149781546694283,1.4134985972799365,2.1258227341366562,3.199991417352847
40,1,linCmt,cov_VcCL,structural_other,0.02,100,-15.373503212499994,-9.9713992440517,44.35297625975002,61.99581215431908,96.26914633789998
40,1,linCmt,var_CL,structural_other,0.1,100,-9.491797118549993,-9.481819335998006,19.111882409850008,25.218273817050868,39.84817673257004
40,1,linCmt,var_Vc,structural_other,0.1,100,-46.082657243950024,-44.982482695459005,46.082657243950024,49.86463020124015,70.06719883200002
40,1,ode,TVCL,structural_intercept,0.6,100,1.0998823834590574,3.465886628569761,4.590682726812761,15.189609257658034,26.68654751188855
40,1,ode,TVVc,structural_intercept,20,100,0.29841019820189274,0.9759515092511631,4.612549728392904,9.305239779376464,12.956638503796448
40,1,ode,ResErr,structural_other,0.1,100,13.505872938499989,13.803648643679994,13.505872938499989,15.070084937007525,21.39145847809999
40,1,ode,TVKA,structural_other,0.7,100,0,0,0,0,0
40,1,ode,TVQ,structural_other,1.8,100,3.1657626766462608,3.343627055008796,3.1657626766462608,3.8468328959015983,5.745226518677653
40,1,ode,TVVp,structural_other,80,100,1.2319334561147333,1.2379937552118092,1.4576137944174405,2.1259138343971733,3.2491576431367415
40,1,ode,cov_VcCL,structural_other,0.02,100,-14.92132817525,-9.998527449715306,44.5075085585,61.97413249677448,96.60665586428439
40,1,ode,var_CL,structural_other,0.1,100,-9.36346133039999,-9.254160554930008,19.232993792450003,25.234897137528623,40.043289887970026
40,1,ode,var_Vc,structural_other,0.1,100,-46.097095180600014,-45.073358571040004,46.097095180600014,49.97322183694058,70.18939879599998
40,2,linCmt,VcSEX,covariate_beta,0.4054651081081644,90,1.7924177882395902,3.325174544103795,13.61251232061036,25.181789625927877,39.94166527003185
40,2,linCmt,TVCL,structural_intercept,0.6,100,-0.025098762706824783,0.7321814155044096,3.9682216726237938,10.441367319819781,13.415327429276275
40,2,linCmt,TVVc,structural_intercept,20,100,0.21690948458463313,1.2369906890073963,5.797563848317049,14.646209123723237,17.90538146344311
40,2,linCmt,ResErr,structural_other,0.1,100,8.075806448499998,8.299103005361994,8.219931825499994,10.681466966880619,16.142846881899995
40,2,linCmt,TVKA,structural_other,0.7,100,0,0,0,0,0
40,2,linCmt,TVQ,structural_other,1.8,100,2.0217901390639135,2.2217679370985755,2.0271698052071185,3.329353487894305,5.412846084981979
40,2,linCmt,TVVp,structural_other,80,100,0.28728871417625257,0.4310274524699379,1.1318967912767253,1.659608112260725,2.722970798729968
40,2,linCmt,cov_VcCL,structural_other,0.02,100,-13.218503654750002,-9.34753601146346,34.109245478750005,56.32646943276919,96.51111484324402
40,2,linCmt,var_CL,structural_other,0.1,100,-14.256377540800024,-11.47924274936501,20.84539059715003,25.39333688259563,38.72597403166003
40,2,linCmt,var_Vc,structural_other,0.1,100,-35.17012344650001,-32.072177571038004,38.16168145949999,41.9188350065652,64.64609084182
40,2,ode,VcSEX,covariate_beta,0.4054651081081644,90,0.3980566952767396,3.2452936046781518,13.745573711396197,25.22620195874338,39.91707957308614
40,2,ode,TVCL,structural_intercept,0.6,100,0.49420279250167454,0.8399490750823055,4.097570325005878,10.472147178872726,13.433045601866572
40,2,ode,TVVc,structural_intercept,20,100,0.29559076293204534,1.2810806549380818,5.789761669612448,14.647377361340263,17.98405842001387
40,2,ode,ResErr,structural_other,0.1,100,8.23929442399999,8.271043641315993,8.23929442399999,10.624224587490946,16.166587790699996
40,2,ode,TVKA,structural_other,0.7,100,0,0,0,0,0
40,2,ode,TVQ,structural_other,1.8,100,1.9773387498650665,2.2007040281652355,2.0135430657680025,3.3272553701126077,5.4109989919584285
40,2,ode,TVVp,structural_other,80,100,0.3826738387433526,0.4391165761093694,1.2140789668740748,1.6796645838736148,2.694511547779936
40,2,ode,cov_VcCL,structural_other,0.02,100,-11.62990290775002,-9.3047767470921,33.973572676999964,56.5040342561409,98.19986343146456
40,2,ode,var_CL,structural_other,0.1,100,-14.25201749485,-11.416188789581005,20.739905916599998,25.432860577442707,38.801439249499985
40,2,ode,var_Vc,structural_other,0.1,100,-35.342041347100015,-32.103411177137005,37.95052791749998,41.924410392572796,64.86925739636999
40,3,linCmt,VcBW,covariate_beta,1,77,-41.6600409366,-42.16511889352672,70.45496979899998,72.71949624802842,99.057142707896
40,3,linCmt,TVCL,structural_intercept,0.6,100,-0.8503382469786843,1.2408493240535274,3.760354409557872,13.958643053652587,25.80501127687316
40,3,linCmt,TVVc,structural_intercept,20,100,1.2516798134886198,1.3750601310886041,5.7566330531835685,11.603639213896981,17.07138942390444
40,3,linCmt,ResErr,structural_other,0.1,100,10.560639509999998,11.061474506969994,10.560639509999998,12.980203536994475,19.2883737403
40,3,linCmt,TVKA,structural_other,0.7,100,0,0,0,0,0
40,3,linCmt,TVQ,structural_other,1.8,100,2.38097638111555,2.8535606404967844,2.398971157479526,3.838406987360958,5.96169694724447
40,3,linCmt,TVVp,structural_other,80,100,0.909211602178539,0.9088298635506624,1.2982884392511629,2.0668149918131205,3.3129368979262948
40,3,linCmt,cov_VcCL,structural_other,0.02,100,-9.269975279249985,-7.772921634314109,36.003782877249996,60.14021738000016,102.41131050100698
40,3,linCmt,var_CL,structural_other,0.1,100,-9.625719537349996,-8.326696162094011,16.492053332650002,24.290382863462746,42.44890539588005
40,3,linCmt,var_Vc,structural_other,0.1,100,-36.9588327812,-35.22003228290901,37.02424783550002,42.81916306899546,62.70204805989002
40,3,ode,VcBW,covariate_beta,1,77,-49.173179778999994,-45.15613486656026,70.35488336499999,72.13020704343329,99.0309304936436
40,3,ode,TVCL,structural_intercept,0.6,100,-0.9115678663003761,1.2324512596297295,3.7108077872823704,13.935495400194172,25.81943356732269
40,3,ode,TVVc,structural_intercept,20,100,1.2696529917414612,0.9765929162788903,5.930604187341277,11.611813893992206,15.493975016726555
40,3,ode,ResErr,structural_other,0.1,100,10.717635388499993,11.113791743202993,10.717635388499993,13.03292553452933,19.237133902699995
40,3,ode,TVKA,structural_other,0.7,100,0,0,0,0,0
40,3,ode,TVQ,structural_other,1.8,100,2.398433498507472,2.860537693455037,2.4626050974170255,3.838169854867169,5.895673664388627
40,3,ode,TVVp,structural_other,80,100,0.8961005265113098,0.9217691157982978,1.26883197098576,2.0693894828597683,3.413249865161067
40,3,ode,cov_VcCL,structural_other,0.02,100,-9.247936073750038,-7.913783768201996,35.87900717800004,60.32460423386079,102.67008767225401
40,3,ode,var_CL,structural_other,0.1,100,-9.571214702700004,-8.334588156451,16.416403953649976,24.302078856591752,42.53145744345999
40,3,ode,var_Vc,structural_other,0.1,100,-37.377288794550026,-35.372858865476,38.06442405375001,42.967598971374215,63.368170724160024
40,4,linCmt,VcBW,covariate_beta,1,75,-21.225250738699998,-30.719450935532162,39.582815475400004,71.22369081929111,99.0986685487614
40,4,linCmt,VcSEX,covariate_beta,0.4054651081081644,85,9.25009071898495,12.02085688140246,21.14528495366677,30.770707920531336,52.07663799596469
40,4,linCmt,TVCL,structural_intercept,0.6,100,0.16364261497360996,0.5960110537036454,3.2401363680637694,9.751383695454686,12.23764912423402
40,4,linCmt,TVVc,structural_intercept,20,100,0.7806887311612787,2.531539186835513,7.516368458939135,17.26409336497517,23.010654348125826
40,4,linCmt,ResErr,structural_other,0.1,100,8.255559866499992,8.459693712635994,8.255559866499992,10.824532395171325,16.573368126400005
40,4,linCmt,TVKA,structural_other,0.7,100,0,0,0,0,0
40,4,linCmt,TVQ,structural_other,1.8,100,2.457756284134508,2.6303965346504685,2.5076983144462184,3.609401464019198,5.972271584676093
40,4,linCmt,TVVp,structural_other,80,100,0.6163257725979232,0.8150169311737805,1.2515800631557106,2.0277302424158665,3.6850937684367513
40,4,linCmt,cov_VcCL,structural_other,0.02,100,-9.555515209749998,-12.77943326139845,40.92250050850003,58.26587660763809,99.25848451750852
40,4,linCmt,var_CL,structural_other,0.1,100,-11.742046019250003,-9.958544918436003,20.175584300800008,24.90337101785156,39.16730592039001
40,4,linCmt,var_Vc,structural_other,0.1,100,-30.430592113750016,-26.531289372209006,33.38527643235,38.67357563617968,62.98745580713002
40,4,ode,VcBW,covariate_beta,1,76,-19.86747027735,-30.54472201723717,39.075702411500004,70.46569408955231,99.0967698687915
40,4,ode,VcSEX,covariate_beta,0.4054651081081644,85,8.548478165373774,11.699552506214589,19.881171515172653,30.724107392997457,52.0137879226775
40,4,ode,TVCL,structural_intercept,0.6,100,0.17566714196783537,0.5732663889656573,3.2534057852292486,9.789292565154804,12.255859501479044
40,4,ode,TVVc,structural_intercept,20,100,0.7542719190987146,2.1854128922429927,7.172820948494215,16.76745639477449,22.22693452316526
40,4,ode,ResErr,structural_other,0.1,100,8.044773099999993,8.483101722309993,8.044773099999993,10.854361984473542,17.027918546099997
40,4,ode,TVKA,structural_other,0.7,100,0,0,0,0,0
40,4,ode,TVQ,structural_other,1.8,100,2.3958948211191635,2.6349294874029705,2.4324750792614447,3.6066668937126845,5.983585971822772
40,4,ode,TVVp,structural_other,80,100,0.6490087012856005,0.8369458989161487,1.2747496516822743,2.026920066049471,3.7321385038323136
40,4,ode,cov_VcCL,structural_other,0.02,100,-10.951986050499983,-12.608014326494448,40.71564105425003,58.19251281729076,99.05233343259752
40,4,ode,var_CL,structural_other,0.1,100,-12.160063624549993,-10.043794562637004,20.258440440349997,24.974493750571348,39.26346293122998
40,4,ode,var_Vc,structural_other,0.1,100,-30.038043887800004,-26.433530515816006,33.42430561615001,38.61178062411602,62.09027189344
40,5,linCmt,CLcrCL,covariate_beta,0.5,99,-15.420928744399998,-27.900985296473475,23.171715844999994,54.99859916576912,99.1059187817476
40,5,linCmt,TVCL,structural_intercept,0.6,100,-0.6263354448443522,1.8372502747239776,3.7380017013672147,13.076323600459139,16.662691875065317
40,5,linCmt,TVVc,structural_intercept,20,100,0.547940063244301,1.2989821797887153,4.123134315011061,14.052156408613586,15.64880544808811
40,5,linCmt,ResErr,structural_other,0.1,100,12.804006211499996,13.230001286005994,12.804006211499996,14.668414924961356,21.4443119159
40,5,linCmt,TVKA,structural_other,0.7,100,0,0,0,0,0
40,5,linCmt,TVQ,structural_other,1.8,100,2.763145938780218,2.8920324286905927,2.763145938780218,3.4706168799435506,5.564443572123149
40,5,linCmt,TVVp,structural_other,80,100,0.8200654275410991,0.7147221397215613,1.1577444035073103,1.614365582338477,2.545108208559949
40,5,linCmt,cov_VcCL,structural_other,0.02,100,-13.830441133749968,-10.380366377548963,49.570435935250046,60.86482870644198,86.19773060738503
40,5,linCmt,var_CL,structural_other,0.1,100,-14.433051060649982,-13.245411517050004,21.229989680449993,25.92822856082529,40.49378374955002
40,5,linCmt,var_Vc,structural_other,0.1,100,-48.39176161520001,-42.969740175177,48.39176161520001,49.64852809407043,71.3358868423
40,5,ode,CLcrCL,covariate_beta,0.5,99,-15.615926632199994,-27.94510313378824,23.180961063399998,55.422407658172745,99.1068579676232
40,5,ode,TVCL,structural_intercept,0.6,100,-0.6492363902372567,1.8678052199195203,3.7924591656613256,13.080113346372974,16.662766397889182
40,5,ode,TVVc,structural_intercept,20,100,0.7498538807344791,1.482813943000684,4.17724008785684,14.140912910951023,15.954936064660888
40,5,ode,ResErr,structural_other,0.1,100,12.641156623999999,13.144584560775996,12.641156623999999,14.566577534765779,21.2123966745
40,5,ode,TVKA,structural_other,0.7,100,0,0,0,0,0
40,5,ode,TVQ,structural_other,1.8,100,2.791817663417727,2.8925579935583148,2.791817663417727,3.477205888933193,5.659109402635309
40,5,ode,TVVp,structural_other,80,100,0.7546548073382642,0.7179985616773463,1.1208762229590885,1.6245171709710147,2.4740562720445682
40,5,ode,cov_VcCL,structural_other,0.02,100,-14.559365128500001,-10.382618265433681,49.47629228850001,61.03660031047299,85.815167107765
40,5,ode,var_CL,structural_other,0.1,100,-14.359881846350003,-13.389916587200004,21.24365298484995,25.955845691572083,40.495737612400056
40,5,ode,var_Vc,structural_other,0.1,100,-47.838814198100025,-43.027679566404004,47.838814198100025,49.775545256114384,70.86986735217002
40,6,linCmt,CLcrCL,covariate_beta,0.5,97,-3.6528204898000016,-21.030250008556248,24.387871070399992,57.63832118587607,99.12593190317
40,6,linCmt,VcSEX,covariate_beta,0.4054651081081644,86,1.8373862528136993,3.4701810814360523,16.20092012158451,26.802941351370848,45.00376139656821
40,6,linCmt,TVCL,structural_intercept,0.6,100,-0.5074994619619078,0.40872231741903664,4.533357489121852,10.115269400030952,16.07570467400489
40,6,linCmt,TVVc,structural_intercept,20,100,1.2187021964010025,3.0341944101454974,6.213826499427047,12.030313641738568,18.547487958247906
40,6,linCmt,ResErr,structural_other,0.1,100,11.109413670999997,11.626863677638994,11.109413670999997,13.43818176665533,20.82302177450001
40,6,linCmt,TVKA,structural_other,0.7,100,0,0,0,0,0
40,6,linCmt,TVQ,structural_other,1.8,100,2.3582163719773495,2.371067749552946,2.5904718379186864,3.5705765654954544,5.4458122576775905
40,6,linCmt,TVVp,structural_other,80,100,0.9475263751117246,0.9110974493866455,1.4939067383294447,2.0636729577518524,3.5694012000580826
40,6,linCmt,cov_VcCL,structural_other,0.02,100,-17.39520146699999,-10.911112581797457,40.49481625574999,62.14572149887847,103.75544414594995
40,6,linCmt,var_CL,structural_other,0.1,100,-16.108079246899976,-15.578156573709002,18.54252045809997,25.71067917385409,39.918999517200035
40,6,linCmt,var_Vc,structural_other,0.1,100,-33.89674616205,-32.225746952462,34.834279329350004,41.07927382928,60.69826700295005
40,6,ode,CLcrCL,covariate_beta,0.5,96,-3.6795012159999976,-19.722811910844378,22.8227532031,56.06880665786017,99.10837386903701
40,6,ode,VcSEX,covariate_beta,0.4054651081081644,87,1.7617061256304416,3.409308069112889,16.73897010518073,26.632517642519886,44.677164154975365
40,6,ode,TVCL,structural_intercept,0.6,100,-0.4987440195098799,0.3716439543661662,4.582832310869885,10.139592700553598,16.089096042200694
40,6,ode,TVVc,structural_intercept,20,100,1.2401110841543783,3.1134191445084394,6.287379413284455,11.973342490987958,18.420475904033008
40,6,ode,ResErr,structural_other,0.1,100,11.443071899499994,11.652624652817995,11.443071899499994,13.42463907405326,20.606011665000004
40,6,ode,TVKA,structural_other,0.7,100,0,0,0,0,0
40,6,ode,TVQ,structural_other,1.8,100,2.37915695761672,2.368516185935829,2.675752225132271,3.5877216110159713,5.474717610362012
40,6,ode,TVVp,structural_other,80,100,0.9592117437332259,0.9395368442116235,1.5026273881402652,2.0965759904103836,3.5679281754983916
40,6,ode,cov_VcCL,structural_other,0.02,100,-16.32726656350002,-10.723479706962499,40.136578713999995,61.98616852760067,103.90287348154999
40,6,ode,var_CL,structural_other,0.1,100,-15.983573563849996,-15.507608721794,19.115661954849998,25.851433208947412,39.88648771958001
40,6,ode,var_Vc,structural_other,0.1,100,-33.44176053589999,-32.156818107601005,34.09382435205002,41.09047833987043,60.980512090230036
40,7,linCmt,CLcrCL,covariate_beta,0.5,94,-14.140931110199995,-34.87382549939685,25.8639950329,61.64261332737616,99.180555512888
40,7,linCmt,VcBW,covariate_beta,1,80,-98.317167590735,-52.258210061861156,98.317167590735,74.16200105443835,99.0823754025573
40,7,linCmt,TVCL,structural_intercept,0.6,100,-1.5639670658385194,-1.0154457788416207,5.338778090782537,9.665901562478654,15.197541671793257
40,7,linCmt,TVVc,structural_intercept,20,100,0.3049819270171117,0.012910315352198607,6.02984480311024,12.141873124067331,21.070644701326867
40,7,linCmt,ResErr,structural_other,0.1,100,10.063096339999994,10.536184471217993,10.063096339999994,13.065670370099761,21.323032549399993
40,7,linCmt,TVKA,structural_other,0.7,100,0,0,0,0,0
40,7,linCmt,TVQ,structural_other,1.8,100,2.5079391464840493,2.6956757979426045,2.608084153930385,3.631365142083872,5.937440135157542
40,7,linCmt,TVVp,structural_other,80,100,0.4299796442840442,0.6476132667178085,1.3742526243560604,1.8941528996570116,3.089046912379855
40,7,linCmt,cov_VcCL,structural_other,0.02,100,-17.006273521249998,-10.565514744984867,34.785778493500025,54.602527151978464,93.77171449800653
40,7,linCmt,var_CL,structural_other,0.1,100,-15.242896235749996,-12.892392162340006,18.160789546800004,25.62990079914974,38.90691100715001
40,7,linCmt,var_Vc,structural_other,0.1,100,-36.540469883650005,-34.044979127816006,36.540469883650005,41.43486421448554,61.40876786431999
40,7,ode,CLcrCL,covariate_beta,0.5,94,-14.890144536100003,-34.943695475164276,25.793348344400002,61.659743114516964,99.1794037738154
40,7,ode,VcBW,covariate_beta,1,79,-98.29159855798,-51.653277463725885,98.29159855798,73.76690584596123,99.08716934770419
40,7,ode,TVCL,structural_intercept,0.6,100,-1.5720764572503358,-1.0220074260666134,5.2434798907116384,9.631848756972076,15.038273532640714
40,7,ode,TVVc,structural_intercept,20,100,0.37152771971944,0.08156345595318695,5.96256459986046,12.189135281977197,21.118573431315223
40,7,ode,ResErr,structural_other,0.1,100,9.922143693999997,10.418150851919993,9.922143693999997,12.950821995322725,21.241488024299997
40,7,ode,TVKA,structural_other,0.7,100,0,0,0,0,0
40,7,ode,TVQ,structural_other,1.8,100,2.40682506979691,2.6831453636071547,2.576873004395741,3.6320799917895537,6.106452149818421
40,7,ode,TVVp,structural_other,80,100,0.30135108638523533,0.653382159773434,1.3927997646440549,1.9089167494440562,3.1078360654872217
40,7,ode,cov_VcCL,structural_other,0.02,100,-16.961186643750022,-10.438215631638741,35.564551728000005,54.585480551660446,94.216914852501
40,7,ode,var_CL,structural_other,0.1,100,-14.801964795600004,-12.768744449689006,17.869292399649993,25.565143061262596,38.858002449740034
40,7,ode,var_Vc,structural_other,0.1,100,-36.21303950605,-33.88146520332601,36.21303950605,41.39046833609156,61.36414935986002
40,8,linCmt,CLcrCL,covariate_beta,0.5,92,-8.389235933399997,-29.18134201925941,31.172726796199996,62.58733429579173,99.16404724881059
40,8,linCmt,VcBW,covariate_beta,1,81,-36.643209821599996,-36.49260059708875,98.44189432998,80.45175042098359,99.284860144666
40,8,linCmt,VcSEX,covariate_beta,0.4054651081081644,90,7.318830667155522,10.910236563065787,18.295013082657483,31.72169438591565,53.212852025328495
40,8,linCmt,TVCL,structural_intercept,0.6,100,-1.1209016965171292,-0.6156413121111131,5.005324726719968,15.480204787995685,26.309545590710503
40,8,linCmt,TVVc,structural_intercept,20,100,-0.3113620225109859,0.8072635934956123,6.147837773460969,14.385783702785362,18.544911381755945
40,8,linCmt,ResErr,structural_other,0.1,100,9.841168843499997,9.484242070519995,10.012974715499993,11.626588836630145,17.5309948006
40,8,linCmt,TVKA,structural_other,0.7,100,0,0,0,0,0
40,8,linCmt,TVQ,structural_other,1.8,100,2.0185019717257924,2.413819530602096,2.3060989207577203,3.755684903420277,6.575364473052045
40,8,linCmt,TVVp,structural_other,80,100,0.5239846730254438,0.7174419665680949,1.3192135111890657,1.7782074507238035,2.7455457728434602
40,8,linCmt,cov_VcCL,structural_other,0.02,100,-10.065896262999994,-2.2431869502729977,51.28216625297502,59.92370115100874,90.57118603468504
40,8,linCmt,var_CL,structural_other,0.1,100,-7.0022754610500195,-9.447787886842004,16.027531740750014,24.773284382295255,40.59585102869999
40,8,linCmt,var_Vc,structural_other,0.1,100,-32.89885612174998,-30.233503766959004,33.094184432199974,36.7358297500606,56.277343139330014
40,8,ode,CLcrCL,covariate_beta,0.5,92,-8.3867321906,-29.296577224936915,30.009125317699997,62.54718809305311,99.161775337346
40,8,ode,VcBW,covariate_beta,1,80,-29.2861252775,-34.780913550049675,98.40504408988,80.0454522074211,99.2896251007471
40,8,ode,VcSEX,covariate_beta,0.4054651081081644,90,7.57880284365629,10.9560359771811,18.236115154929532,31.749389858751066,53.18119615947633
40,8,ode,TVCL,structural_intercept,0.6,100,-0.9212631698013729,-0.6065471422478453,4.997090140271814,15.476489850008898,26.406557357845557
40,8,ode,TVVc,structural_intercept,20,100,-0.20652302914456303,0.8549324699162536,6.359960258758113,14.36429625825712,18.501397327193384
40,8,ode,ResErr,structural_other,0.1,100,9.825895823499991,9.460261815376994,10.017687169999991,11.570326043537603,17.410777256499994
40,8,ode,TVKA,structural_other,0.7,100,0,0,0,0,0
40,8,ode,TVQ,structural_other,1.8,100,2.155598416284956,2.41936618787161,2.3963114896192246,3.765525403765748,6.507389140234418
40,8,ode,TVVp,structural_other,80,100,0.49598660918171333,0.7458319970307709,1.24297616841627,1.8090710750069905,2.8956932864197817
40,8,ode,cov_VcCL,structural_other,0.02,100,-9.564995504000002,-2.6311514725245044,51.162111112950015,59.894730392426396,89.88150127030002
40,8,ode,var_CL,structural_other,0.1,100,-6.92672644095,-9.413884494629004,16.1735372208,24.828138370262415,40.63773339185999
40,8,ode,var_Vc,structural_other,0.1,100,-32.57607113440002,-30.005218915845006,32.85230115140002,36.616747669932636,56.90292720927004
40,9,linCmt,CLBW,covariate_beta,0.75,71,-6.0873983232000075,-21.768993096165087,51.58629070533335,76.00811278718555,99.01152955628399
40,9,linCmt,TVCL,structural_intercept,0.6,100,0.9466324151463184,2.806447359852343,6.011167757398795,13.53321393971097,19.572266679142064
40,9,linCmt,TVVc,structural_intercept,20,100,0.6325748271540288,0.49064599879214343,5.233012983407415,9.77517283280695,11.890644838025212
40,9,linCmt,ResErr,structural_other,0.1,100,15.398009849499989,14.764609387078995,15.398009849499989,16.295317077546088,23.679590935499995
40,9,linCmt,TVKA,structural_other,0.7,100,0,0,0,0,0
40,9,linCmt,TVQ,structural_other,1.8,100,3.3065930898051072,3.3287021780200305,3.3065930898051072,3.923334367023227,6.156832284839512
40,9,linCmt,TVVp,structural_other,80,100,0.6889074498312109,0.7227695391392323,1.1878667539395504,1.7103254505492815,2.7819992985891293
40,9,linCmt,cov_VcCL,structural_other,0.02,100,-21.45751061449999,-24.478706981982004,37.431302701500016,63.045114747298946,112.99960921679005
40,9,linCmt,var_CL,structural_other,0.1,100,-13.497590132900028,-12.778411840381002,18.499004849499997,26.206325179285304,43.01518491067
40,9,linCmt,var_Vc,structural_other,0.1,100,-46.00844944294998,-45.687385017933,46.00844944294998,50.40615801480688,75.02456998773
40,9,ode,CLBW,covariate_beta,0.75,72,-6.109497118999996,-22.791618647553722,55.211388273999994,76.39099933936096,99.01251884152413
40,9,ode,TVCL,structural_intercept,0.6,100,0.9532041493120851,2.6704924038298197,5.919372789591057,13.45828462052594,19.571104596944274
40,9,ode,TVVc,structural_intercept,20,100,0.5745006827052013,0.14873530968627918,5.100830632454105,9.906124443334843,11.775487517501885
40,9,ode,ResErr,structural_other,0.1,100,15.444030694499988,14.859774693989994,15.444030694499988,16.37987827637962,23.6500630598
40,9,ode,TVKA,structural_other,0.7,100,0,0,0,0,0
40,9,ode,TVQ,structural_other,1.8,100,3.3889819325846644,3.422459248686576,3.3889819325846644,4.004485812507579,6.281353638057791
40,9,ode,TVVp,structural_other,80,100,0.7304907211865963,0.7605420883163999,1.2760166870435175,1.7258538405326256,2.7130539769365356
40,9,ode,cov_VcCL,structural_other,0.02,100,-20.419863347249994,-24.392730580282578,35.82960442175002,63.32796162670855,112.01857189798501
40,9,ode,var_CL,structural_other,0.1,100,-13.59712410204999,-12.758297389860008,18.699685264499994,26.14350019751025,42.96476428680004
40,9,ode,var_Vc,structural_other,0.1,100,-47.087131247750015,-45.966903132948,47.087131247750015,50.612477031194956,73.82809853367002
40,10,linCmt,CLBW,covariate_beta,0.75,71,-17.598676191600006,-34.853944145093486,41.977877621333334,69.25458169894122,98.98669310449733
40,10,linCmt,VcSEX,covariate_beta,0.4054651081081644,84,-6.777284323398244,-0.6310595985612774,16.728523295746996,29.493467848430726,41.8956127582372
40,10,linCmt,TVCL,structural_intercept,0.6,100,-5.003631866486622,-6.135400049583732,9.830243429857425,14.907952555047638,21.820848874790666
40,10,linCmt,TVVc,structural_intercept,20,100,2.9934059570083176,1.9855672645996743,6.824008962532657,11.260438051543103,19.052277214507953
40,10,linCmt,ResErr,structural_other,0.1,100,10.669112618499996,10.640276011529993,10.669112618499996,12.26447621038014,18.582148957099996
40,10,linCmt,TVKA,structural_other,0.7,100,0,0,0,0,0
40,10,linCmt,TVQ,structural_other,1.8,100,2.3474129034378977,2.3366580277704947,2.3474129034378977,3.4492772790619624,5.520215795049438
40,10,linCmt,TVVp,structural_other,80,100,0.3939004876720009,0.27440675249886953,1.041900585850719,1.6876329457880812,2.656396904793047
40,10,linCmt,cov_VcCL,structural_other,0.02,100,0.45622338424996733,-2.988121977680401,41.20833843750001,63.61408432653699,103.07818459262153
40,10,linCmt,var_CL,structural_other,0.1,100,-10.539580528099988,-10.754499044426003,15.126007853699983,21.037384488434792,33.44519164419002
40,10,linCmt,var_Vc,structural_other,0.1,100,-34.826685275199985,-33.19381638031601,35.11990370390004,40.1675619991648,57.97015226855
40,10,ode,CLBW,covariate_beta,0.75,72,-18.93713995466667,-36.01887446384484,42.15550087000001,69.92575405119383,98.98385491579694
40,10,ode,VcSEX,covariate_beta,0.4054651081081644,84,-5.518684150053946,-0.3052688854186772,17.28297103630687,29.53545441081222,41.860666915804266
40,10,ode,TVCL,structural_intercept,0.6,100,-5.308361119265341,-6.437472633062444,9.654574784945137,14.778051185092107,21.88170118071678
40,10,ode,TVVc,structural_intercept,20,100,3.551970541316063,2.4671349015737665,7.030718267347575,11.552851098634122,19.37127510277223
40,10,ode,ResErr,structural_other,0.1,100,10.818594023499994,10.624333343744995,10.818594023499994,12.21802117991515,17.683293790799993
40,10,ode,TVKA,structural_other,0.7,100,0,0,0,0,0
40,10,ode,TVQ,structural_other,1.8,100,2.322810402161448,2.3770279508715966,2.322810402161448,3.47395530706543,5.563934177098967
40,10,ode,TVVp,structural_other,80,100,0.4193572295365655,0.3218368093007797,1.059475921501729,1.696999316656132,2.6826683390359105
40,10,ode,cov_VcCL,structural_other,0.02,100,0.1446906937500273,-2.178461171178004,42.41803714949998,63.67258953753644,101.52180134050903
40,10,ode,var_CL,structural_other,0.1,100,-10.62764634805001,-10.640127719273003,14.837609080150004,20.90291487943052,33.51322056220001
40,10,ode,var_Vc,structural_other,0.1,100,-34.9578936888,-33.134237492461004,35.0819591101,40.253466027702785,58.94430161322002
40,11,linCmt,CLBW,covariate_beta,0.75,72,-0.36824302399999603,-8.764998596048464,54.958347856,81.34359551216015,99.0607744851512
40,11,linCmt,VcBW,covariate_beta,1,80,-23.35251506465,-42.75872783976533,28.791837697949994,71.97855443023973,99.0230373605642
40,11,linCmt,TVCL,structural_intercept,0.6,100,-7.688442817278837,-9.23593120672128,11.784957896364894,16.50341975880209,26.42396235480289
40,11,linCmt,TVVc,structural_intercept,20,100,-4.579272908117016,-2.0856512935259053,8.527670947458432,15.662491878457965,21.478415160862284
40,11,linCmt,ResErr,structural_other,0.1,100,12.819908422999992,12.956236470467994,12.819908422999992,14.423953981052337,21.304617782800005
40,11,linCmt,TVKA,structural_other,0.7,100,0,0,0,0,0
40,11,linCmt,TVQ,structural_other,1.8,100,2.5287539226836833,2.7101322942881465,2.5927317607877436,3.6873431820845384,6.134758719410736
40,11,linCmt,TVVp,structural_other,80,100,0.7577770020986208,0.8679549503052344,1.1112705725896355,1.908575707150994,3.0820018528427124
40,11,linCmt,cov_VcCL,structural_other,0.02,100,-22.665021694000025,-20.739395817375506,46.44051850450001,64.16793881855098,106.41094703303
40,11,linCmt,var_CL,structural_other,0.1,100,-17.938312091649998,-15.788614577687001,20.228149274100033,26.780167346872492,42.772628900520026
40,11,linCmt,var_Vc,structural_other,0.1,100,-45.861972662750006,-43.731209077254,45.861972662750006,48.468610124316676,69.31345214429999
40,11,ode,CLBW,covariate_beta,0.75,73,-1.9050611625333354,-13.133948181421953,57.09276998133333,80.85885156799827,99.01911598355306
40,11,ode,VcBW,covariate_beta,1,79,-25.936091803600004,-45.16853673786643,40.0742661545,73.97203320372826,99.05426304900419
40,11,ode,TVCL,structural_intercept,0.6,100,-7.062053113821919,-9.254571217959613,11.540214575686205,16.46474285447334,26.43822023974323
40,11,ode,TVVc,structural_intercept,20,100,-4.29135072090144,-2.6388766620248023,8.837742314931383,14.518992247163995,20.904780560494203
40,11,ode,ResErr,structural_other,0.1,100,12.801940372499992,12.961574843669995,12.801940372499992,14.41056257287688,21.244347580800003
40,11,ode,TVKA,structural_other,0.7,100,0,0,0,0,0
40,11,ode,TVQ,structural_other,1.8,100,2.4707966856825263,2.717936893043331,2.490471957563467,3.711565385913893,6.119523910582937
40,11,ode,TVVp,structural_other,80,100,0.7603139426316563,0.8944188598986457,1.1317044781331909,1.925292826993039,3.0864262107910196
40,11,ode,cov_VcCL,structural_other,0.02,100,-22.537732426500035,-21.133513276105937,48.72581731275005,64.67785648291056,106.47723440068002
40,11,ode,var_CL,structural_other,0.1,100,-17.996968884900003,-15.792689620570002,20.163208140649992,26.731112134334566,42.550107007010055
40,11,ode,var_Vc,structural_other,0.1,100,-45.80287136265001,-43.815421052465005,45.80287136265001,48.723852121132936,68.97415473819
40,12,linCmt,CLBW,covariate_beta,0.75,81,-23.093485133733335,-30.919940539722894,45.01223302253334,74.96664306681716,99.031393284896
40,12,linCmt,VcBW,covariate_beta,1,68,-98.215083638445,-38.961030469887334,98.586270168225,86.56937191174627,99.2050274945833
40,12,linCmt,VcSEX,covariate_beta,0.4054651081081644,87,11.741766596137104,11.914262212607756,24.60936885849547,34.19572601704994,56.15096535884917
40,12,linCmt,TVCL,structural_intercept,0.6,100,-7.202642439725765,-6.95609722543432,9.284021061574657,14.413355435057182,24.06397074897906
40,12,linCmt,TVVc,structural_intercept,20,100,-1.657737683719569,-3.482729359426241,8.76767938984048,14.786388326584483,25.963488596006528
40,12,linCmt,ResErr,structural_other,0.1,100,11.728827323499996,11.879952445092995,11.728827323499996,13.962428831188593,20.95790944529999
40,12,linCmt,TVKA,structural_other,0.7,100,0,0,0,0,0
40,12,linCmt,TVQ,structural_other,1.8,100,2.585005850323785,2.4355145497010495,2.694297880542515,3.33425878630082,5.272200802032856
40,12,linCmt,TVVp,structural_other,80,100,0.34849692684601585,0.24827263750756556,1.2022559388758758,1.8335395465883337,3.008709978805119
40,12,linCmt,cov_VcCL,structural_other,0.02,100,1.6825181635000008,-3.282563216656034,43.24713243325,66.31722506629963,101.2455474004128
40,12,linCmt,var_CL,structural_other,0.1,100,-15.550465375300021,-11.872655927792005,20.11039736400001,27.38829606754486,42.368425901829994
40,12,linCmt,var_Vc,structural_other,0.1,100,-30.96460376875001,-25.192859956442003,34.12877896875002,37.899761004215,56.810486434569995
40,12,ode,CLBW,covariate_beta,0.75,81,-20.845679568533328,-29.356795818994634,43.29863747199998,74.24534613003932,99.03109428654
40,12,ode,VcBW,covariate_beta,1,69,-98.15462397169,-38.512422083629666,98.50535715873,85.93221742063433,99.2127705679978
40,12,ode,VcSEX,covariate_beta,0.4054651081081644,86,11.447123316084179,12.021357136354123,24.842434418457852,34.17985163995478,56.47996847012159
40,12,ode,TVCL,structural_intercept,0.6,100,-7.421728451139735,-6.973532472473417,9.616665911489019,14.318443633514738,24.08266364997029
40,12,ode,TVVc,structural_intercept,20,100,-1.9715353945495637,-3.543589609545595,9.085397123830816,14.940060442378385,26.16582321843488
40,12,ode,ResErr,structural_other,0.1,100,12.109712500499997,11.901475417283994,12.109712500499997,13.958131206743623,20.644583786099997
40,12,ode,TVKA,structural_other,0.7,100,0,0,0,0,0
40,12,ode,TVQ,structural_other,1.8,100,2.620034390349092,2.432186717888994,2.684512967555656,3.347943965128391,5.293661812517146
40,12,ode,TVVp,structural_other,80,100,0.3027877295953285,0.27051800961497335,1.1701017220228493,1.8278671085129687,3.0778168739162592
40,12,ode,cov_VcCL,structural_other,0.02,100,1.9065810442500144,-3.104817122984902,42.89993771724999,66.11892237580709,101.9268950107556
40,12,ode,var_CL,structural_other,0.1,100,-15.559848577699992,-11.799946342390006,19.81275118795002,27.270530755430954,42.327601087439994
40,12,ode,var_Vc,structural_other,0.1,100,-32.681915356250016,-25.164960737078008,33.86342418524997,37.883729443735035,56.02566724810003
40,13,linCmt,CLBW,covariate_beta,0.75,65,-45.98472936786667,-38.56731320771678,97.26166323061332,74.75538562712764,99.07944798717946
40,13,linCmt,CLcrCL,covariate_beta,0.5,94,-4.0800976401,-17.519632641547616,30.199435926699998,55.91036423541396,98.964841306308
40,13,linCmt,TVCL,structural_intercept,0.6,100,-9.667384363588466,-8.757342609296497,12.29671586515696,16.767733307411824,25.03772694612364
40,13,linCmt,TVVc,structural_intercept,20,100,-0.4648219829668676,-0.8862688444521847,4.958598825760907,8.157452099696009,11.475672309295858
40,13,linCmt,ResErr,structural_other,0.1,100,16.797445597499994,16.929085316969996,16.797445597499994,18.344718558309648,25.449149292599994
40,13,linCmt,TVKA,structural_other,0.7,100,0,0,0,0,0
40,13,linCmt,TVQ,structural_other,1.8,100,3.2654017229856973,3.3191885349148076,3.2654017229856973,3.892509382104238,5.953143694981246
40,13,linCmt,TVVp,structural_other,80,100,1.0101710837940825,0.9414301407396403,1.3947968195624227,1.951019869858982,3.1828630167655594
40,13,linCmt,cov_VcCL,structural_other,0.02,100,-27.21462553049998,-22.031127615407545,43.64999507449997,65.53354458296621,98.6052438049935
40,13,linCmt,var_CL,structural_other,0.1,100,-17.872286073450017,-14.281625132165004,22.24012978315002,28.378476737872475,44.31674939005001
40,13,linCmt,var_Vc,structural_other,0.1,100,-44.96989144084999,-44.121060866075,45.802242236549986,50.22864132715262,71.04993531713
40,13,ode,CLBW,covariate_beta,0.75,65,-45.88693932533334,-38.64394184279828,97.26318938577334,74.7199384282481,99.0784861112752
40,13,ode,CLcrCL,covariate_beta,0.5,94,-3.9895606226000027,-17.806457561110705,30.0682977854,55.48754698023437,98.96041192358621
40,13,ode,TVCL,structural_intercept,0.6,100,-9.39969564697546,-8.759960147245865,12.285096884781447,16.73935784310359,25.037001798797803
40,13,ode,TVVc,structural_intercept,20,100,-0.43513708229705905,-0.7038419332125728,4.899530005893471,7.982464880269961,11.35018010315798
40,13,ode,ResErr,structural_other,0.1,100,16.781554553999996,17.256998451049995,16.781554553999996,18.785819793458565,26.5442141265
40,13,ode,TVKA,structural_other,0.7,100,0,0,0,0,0
40,13,ode,TVQ,structural_other,1.8,100,3.3888291512416986,3.4503584298938517,3.3888291512416986,3.9979418296409865,6.028164324805796
40,13,ode,TVVp,structural_other,80,100,1.0694288365651161,0.9806540191679064,1.4004120334479797,1.9598807827086635,3.2428240212827824
40,13,ode,cov_VcCL,structural_other,0.02,100,-26.51092895800001,-23.05075439554495,41.160445131250015,65.045115138169,97.12702387712446
40,13,ode,var_CL,structural_other,0.1,100,-17.448874060799994,-14.458717939447,23.661105469649996,28.469226353193356,44.416769420989986
40,13,ode,var_Vc,structural_other,0.1,100,-45.61290162935001,-45.534100240493004,47.156779786349986,51.24963843472632,72.7851963557
40,14,linCmt,CLBW,covariate_beta,0.75,72,-8.590582548200008,-19.411634592183034,29.5738004238,66.80141278581804,98.96775332906734
40,14,linCmt,CLcrCL,covariate_beta,0.5,91,-13.909869114600005,-28.021480619874723,34.0619833246,62.75359098090241,99.03574501197
40,14,linCmt,VcSEX,covariate_beta,0.4054651081081644,89,-1.552008141841314,3.173367870444107,17.01460955856944,25.92607062889699,36.63813313031271
40,14,linCmt,TVCL,structural_intercept,0.6,100,-10.61396120221858,-10.13537627155103,11.665211634083322,17.256532314770958,27.38084596056328
40,14,linCmt,TVVc,structural_intercept,20,100,0.9685163970652867,2.294240915231242,4.822532174029286,12.55559666472732,17.681070463262827
40,14,linCmt,ResErr,structural_other,0.1,100,13.648409930499989,13.754210209736994,13.648409930499989,15.495283569277213,21.895070863700003
40,14,linCmt,TVKA,structural_other,0.7,100,0,0,0,0,0
40,14,linCmt,TVQ,structural_other,1.8,100,2.8133086836259045,2.8508928014774075,2.8504592126502333,3.855086281760367,6.031207549171406
40,14,linCmt,TVVp,structural_other,80,100,0.6507758144113928,0.6849427833170713,1.3375679097853068,2.023459116235302,3.1752660629590777
40,14,linCmt,cov_VcCL,structural_other,0.02,100,-15.882185416249998,-13.691453592912403,35.80542841725,58.25571591774433,91.19778106986503
40,14,linCmt,var_CL,structural_other,0.1,100,-20.634980467150015,-18.04379285282601,23.3628872163,29.410175217147984,47.83099486077998
40,14,linCmt,var_Vc,structural_other,0.1,100,-42.07503996935,-36.545475741534005,42.8501951542,44.885388714342575,67.65814785711997
40,14,ode,CLBW,covariate_beta,0.75,72,-8.497155349733335,-19.351708577937444,29.976585418999996,66.82435063446722,98.96941128973506
40,14,ode,CLcrCL,covariate_beta,0.5,91,-13.998483283600006,-28.275490708239516,33.65832394499999,62.715733124627505,99.034606132884
40,14,ode,VcSEX,covariate_beta,0.4054651081081644,88,-1.758249414339889,2.1447147979668006,16.760394130848667,23.65891036808957,36.65811134816182
40,14,ode,TVCL,structural_intercept,0.6,100,-10.615879004944437,-10.148128054649659,11.64502442209442,17.256472615539206,27.417024727112103
40,14,ode,TVVc,structural_intercept,20,100,0.791219587249321,2.2795436120070924,5.289899080974552,12.729035652311453,19.036564700289368
40,14,ode,ResErr,structural_other,0.1,100,13.824897313999996,13.812506856850995,13.824897313999996,15.592718024059025,22.821796901999996
40,14,ode,TVKA,structural_other,0.7,100,0,0,0,0,0
40,14,ode,TVQ,structural_other,1.8,100,2.813628718551015,2.909421805979206,2.8682900751571103,3.904452327900041,6.336366088349335
40,14,ode,TVVp,structural_other,80,100,0.7190433256642237,0.7377478319541904,1.311249551783522,2.04176231270965,3.2666142436218064
40,14,ode,cov_VcCL,structural_other,0.02,100,-16.973186149250022,-13.987580430068808,36.24364016424999,57.66010816250356,89.00162659413002
40,14,ode,var_CL,structural_other,0.1,100,-20.29895423730002,-18.01271370592701,23.375743109350005,29.378589892128797,48.03933068397996
40,14,ode,var_Vc,structural_other,0.1,100,-41.23796955704999,-36.38149210892201,42.38294048975001,44.864968865332585,67.86153669577
40,15,linCmt,CLBW,covariate_beta,0.75,77,-3.9959186473333297,-22.62383110366331,42.27626308533334,69.57308695717421,99.17269087859385
40,15,linCmt,CLcrCL,covariate_beta,0.5,92,-13.9888445187,-27.35829666482089,31.825829557699997,63.07253244400667,99.1068285371636
40,15,linCmt,VcBW,covariate_beta,1,80,-30.5198811638,-43.994620118044395,43.604247092550004,70.50429766242779,99.039750581231
40,15,linCmt,TVCL,structural_intercept,0.6,100,-10.175886899701874,-10.014273748080191,10.998456351098419,15.389921492035374,23.3913610796355
40,15,linCmt,TVVc,structural_intercept,20,100,-5.29810564407609,-5.936054860886685,9.176872157570948,16.215966116741505,26.616483878306628
40,15,linCmt,ResErr,structural_other,0.1,100,13.22097671099999,13.885318976584996,13.22097671099999,15.384286684691922,22.694703814399997
40,15,linCmt,TVKA,structural_other,0.7,100,0,0,0,0,0
40,15,linCmt,TVQ,structural_other,1.8,100,2.734747902742301,2.9174857302897594,2.734747902742301,3.795964470250828,6.123643207487634
40,15,linCmt,TVVp,structural_other,80,100,0.5263584360319129,0.701616664951481,1.2779496249262934,1.7425476946800498,2.498433353667889
40,15,linCmt,cov_VcCL,structural_other,0.02,100,-0.1892366425000191,-0.6813501823037116,35.53068998200001,59.10239549299603,99.03904922939401
40,15,linCmt,var_CL,structural_other,0.1,100,-15.873149615600033,-15.385626772905002,19.4621069428,25.897511214311315,41.080307799870006
40,15,linCmt,var_Vc,structural_other,0.1,100,-42.68845612625001,-39.49191016542501,42.68845612625001,45.10534524146786,67.15054660226001
40,15,ode,CLBW,covariate_beta,0.75,77,-4.047897658266667,-22.63559563920743,42.24867448533332,69.58684179470663,99.1720583912184
40,15,ode,CLcrCL,covariate_beta,0.5,92,-14.039537005699998,-27.312449903678914,31.6343780046,63.12114689539897,99.1149055216696
40,15,ode,VcBW,covariate_beta,1,79,-30.886287339999996,-47.71586031064266,44.35677470299999,70.18030314837749,99.0245081411352
40,15,ode,TVCL,structural_intercept,0.6,100,-10.183565804098968,-10.045222228247672,10.9909586436417,15.406158000567775,23.327767783231295
40,15,ode,TVVc,structural_intercept,20,100,-4.79591108963752,-5.560208925082905,8.730734676828728,15.775144697255971,25.528122093828642
40,15,ode,ResErr,structural_other,0.1,100,13.225121053999992,13.668007715933994,13.225121053999992,15.197863379819369,22.275742090199994
40,15,ode,TVKA,structural_other,0.7,100,0,0,0,0,0
40,15,ode,TVQ,structural_other,1.8,100,2.8064223373130104,2.908191350711538,2.8064223373130104,3.780873844815244,6.079872224660505
40,15,ode,TVVp,structural_other,80,100,0.5046426537493787,0.66426292761543,1.2218971697147296,1.6931705014912404,2.44333986318183
40,15,ode,cov_VcCL,structural_other,0.02,100,-0.4186398877500074,-0.5106606499698102,35.587100372000016,59.213063252175324,97.68644050344403
40,15,ode,var_CL,structural_other,0.1,100,-16.066656212400012,-15.405388349613006,20.01435818895001,25.900190954746627,41.08413621243
40,15,ode,var_Vc,structural_other,0.1,100,-40.96142169910002,-39.12382265192101,40.96142169910002,44.896125613590485,65.19565392841
40,16,linCmt,CLBW,covariate_beta,0.75,69,-4.004711795333327,-14.37534338436145,33.63776166800001,70.03122649679517,98.9047556583624
40,16,linCmt,CLcrCL,covariate_beta,0.5,85,-9.211304608000004,-18.898811474714964,29.173724860399997,56.03355277399602,98.99447439895881
40,16,linCmt,VcBW,covariate_beta,1,78,-17.778832500649997,-24.205220333778154,35.387399390000006,77.72535883950671,99.078862679109
40,16,linCmt,VcSEX,covariate_beta,0.4054651081081644,82,9.254252275469735,11.66373649754288,20.10410580818465,33.39234410523279,51.156689102506526
40,16,linCmt,TVCL,structural_intercept,0.6,100,-9.95847126166155,-9.515553167719547,11.63050470854779,16.097849075960617,26.229785449375786
40,16,linCmt,TVVc,structural_intercept,20,100,-5.085946365501881,-3.692376548460816,9.699868385325914,17.633818410807795,25.459410427353845
40,16,linCmt,ResErr,structural_other,0.1,100,11.165716659,11.105341810513995,11.165716659,12.731935731657739,19.072251326199993
40,16,linCmt,TVKA,structural_other,0.7,100,0,0,0,0,0
40,16,linCmt,TVQ,structural_other,1.8,100,2.287282197592925,2.466433887320648,2.3311558054916595,3.4855461656510904,6.08998737225096
40,16,linCmt,TVVp,structural_other,80,100,0.5599763220155828,0.5983277709200261,1.2500215479367771,2.0198371427771233,3.1503071733242196
40,16,linCmt,cov_VcCL,structural_other,0.02,100,-13.18218116475001,-9.390917033502554,38.31171175625004,59.7058451762162,91.4584725898
40,16,linCmt,var_CL,structural_other,0.1,100,-16.517697815849996,-15.209123590652002,19.465506609299993,26.344170238789122,42.87478877267004
40,16,linCmt,var_Vc,structural_other,0.1,100,-26.410731578850044,-26.816993155808007,27.642612584199988,37.933491379001666,60.753538950350006
40,16,ode,CLBW,covariate_beta,0.75,69,-3.9720538798666696,-14.397642458894822,33.63451070533333,70.0039984746328,98.85601314607067
40,16,ode,CLcrCL,covariate_beta,0.5,85,-8.997363822799997,-18.9842717018664,29.28069002,56.06908919570925,98.99403255301881
40,16,ode,VcBW,covariate_beta,1,78,-17.59409051215,-23.98727236847118,35.6106128835,77.60003405358502,99.07563266310171
40,16,ode,VcSEX,covariate_beta,0.4054651081081644,82,9.121327374850118,11.588644342951996,20.043816343169862,33.36969460958252,51.2646939591866
40,16,ode,TVCL,structural_intercept,0.6,100,-9.58905132680705,-9.28359787907115,11.132002356643559,15.944392185444034,26.26698406609099
40,16,ode,TVVc,structural_intercept,20,100,-5.10980042243534,-3.695984829522725,9.71230120126248,17.621595717181986,25.423957113337764
40,16,ode,ResErr,structural_other,0.1,100,11.246769250999995,11.006994931484995,11.246769250999995,12.67348407540346,19.107248341299996
40,16,ode,TVKA,structural_other,0.7,100,0,0,0,0,0
40,16,ode,TVQ,structural_other,1.8,100,2.288148535826558,2.4383349966358283,2.3175868602341567,3.4643023084621167,6.0874197262592515
40,16,ode,TVVp,structural_other,80,100,0.35464042690262154,0.5940096682294851,1.379136527707221,2.0347568816955452,3.2619822614830962
40,16,ode,cov_VcCL,structural_other,0.02,100,-14.792945015750004,-9.52485604586655,39.13507321199999,59.793647139136986,91.48023415034999
40,16,ode,var_CL,structural_other,0.1,100,-16.364539156349995,-15.118807598520004,19.285734099999985,26.316651528811196,42.86785964961
40,16,ode,var_Vc,structural_other,0.1,100,-26.28108945855001,-26.725748317486005,27.767033886749992,37.86411408020419,60.60930203707004
80,1,linCmt,TVCL,structural_intercept,0.6,100,-0.4839643052911106,0.554505732882472,2.8547484818891395,5.1530666825274976,5.3762366096413245
80,1,linCmt,TVVc,structural_intercept,20,100,0.9642374093661931,1.6556875705718985,3.627857299107555,9.299175711574042,10.327579209145119
80,1,linCmt,ResErr,structural_other,0.1,100,13.887432667499999,13.993804993978994,13.887432667499999,14.544464646631464,18.5023952689
80,1,linCmt,TVKA,structural_other,0.7,100,0,0,0,0,0
80,1,linCmt,TVQ,structural_other,1.8,100,3.447852620759257,3.5975880336161747,3.447852620759257,3.885919672805117,5.548478383775353
80,1,linCmt,TVVp,structural_other,80,100,1.7308247420069736,1.680530343237148,1.7308247420069736,2.0873743414310706,3.2319522442869877
80,1,linCmt,cov_VcCL,structural_other,0.02,100,-13.096863358749971,-10.885932934731002,28.299820113249996,43.62172012991792,67.63136174875997
80,1,linCmt,var_CL,structural_other,0.1,100,-3.178000823599994,-2.330046241102004,11.175836865700013,15.803035556212148,25.830113960979972
80,1,linCmt,var_Vc,structural_other,0.1,100,-45.93879349055001,-46.135831458957,45.93879349055001,48.7421562782493,65.30999587883002
80,1,ode,TVCL,structural_intercept,0.6,100,-0.5019990453220269,0.5394763274194446,2.8047166594362776,5.1355939433640385,5.403989217154882
80,1,ode,TVVc,structural_intercept,20,100,0.9489262734816339,1.6540022543603408,3.6277699102100325,9.293944863270855,10.237791440421402
80,1,ode,ResErr,structural_other,0.1,100,13.735579114999993,13.980764036361995,13.735579114999993,14.553757381678532,18.559101584099995
80,1,ode,TVKA,structural_other,0.7,100,0,0,0,0,0
80,1,ode,TVQ,structural_other,1.8,100,3.4660623484620476,3.6026004045127964,3.4660623484620476,3.8928399722809317,5.605761831009825
80,1,ode,TVVp,structural_other,80,100,1.689104578253238,1.687589784615846,1.689104578253238,2.0890340914943386,3.1428609039995643
80,1,ode,cov_VcCL,structural_other,0.02,100,-12.71321535750002,-10.763743396451503,28.412167223000008,43.51230132166646,66.38480339515502
80,1,ode,var_CL,structural_other,0.1,100,-3.1623160509499924,-2.3544428920120044,11.19760865460001,15.751825762773247,25.71613539752003
80,1,ode,var_Vc,structural_other,0.1,100,-46.11872586,-46.06938932731,46.11872586,48.672163771505176,65.66967924328999
80,2,linCmt,VcSEX,covariate_beta,0.4054651081081644,98,-10.382260596498597,-7.999907445804618,14.385533614261076,20.553931715511133,35.04454826834536
80,2,linCmt,TVCL,structural_intercept,0.6,100,0.39995368525648967,0.6659820375556471,2.5443145317788627,5.964338317194903,6.993811641110678
80,2,linCmt,TVVc,structural_intercept,20,100,2.011800037497107,1.9642909928764434,4.073642091691543,7.201219355310845,10.480728237166732
80,2,linCmt,ResErr,structural_other,0.1,100,8.898990998999997,9.362097064785994,8.898990998999997,10.38628476490312,15.478658244799995
80,2,linCmt,TVKA,structural_other,0.7,100,0,0,0,0,0
80,2,linCmt,TVQ,structural_other,1.8,100,2.824969598337125,2.8965434553654057,2.824969598337125,3.3711796738144013,4.891540039472039
80,2,linCmt,TVVp,structural_other,80,100,1.3282363663654186,1.3256676050992593,1.3481689844850386,1.8238039713562797,2.8458085116116436
80,2,linCmt,cov_VcCL,structural_other,0.02,100,-5.139470304750052,-4.302983253488002,26.750784451750008,39.35373452696172,60.04008754095504
80,2,linCmt,var_CL,structural_other,0.1,100,-3.8975442516000216,-2.165811640356007,12.28105259614999,16.925692453383824,26.462078666139995
80,2,linCmt,var_Vc,structural_other,0.1,100,-27.180760398150028,-25.814728494707005,27.180760398150028,32.466958181777926,49.92067931338998
80,2,ode,VcSEX,covariate_beta,0.4054651081081644,98,-10.292210148087971,-7.972158828414345,14.46967127091216,20.591145420821668,35.00234765554828
80,2,ode,TVCL,structural_intercept,0.6,100,0.35903454610610364,0.6636860629262155,2.542591958515602,5.969138916967146,7.057276175335496
80,2,ode,TVVc,structural_intercept,20,100,2.035210687008977,1.9530463232640436,4.200165418936478,7.195279912066245,10.497576236617476
80,2,ode,ResErr,structural_other,0.1,100,9.044076436499994,9.320194163034994,9.044076436499994,10.358973888248807,15.191408466499997
80,2,ode,TVKA,structural_other,0.7,100,0,0,0,0,0
80,2,ode,TVQ,structural_other,1.8,100,2.7746148556229207,2.886717094270934,2.7746148556229207,3.3638138254557832,4.911825960510422
80,2,ode,TVVp,structural_other,80,100,1.3511733321674146,1.3337201332792303,1.3768311831772806,1.8229890442106562,2.86923538221963
80,2,ode,cov_VcCL,structural_other,0.02,100,-4.827795997250014,-4.207263858556506,26.72599408800002,39.46718748998922,60.653048397650025
80,2,ode,var_CL,structural_other,0.1,100,-3.89912554065,-2.175138334379005,12.277238060099997,16.897094100328204,26.33151851789
80,2,ode,var_Vc,structural_other,0.1,100,-27.033381700250036,-25.70814888302201,27.033381700250036,32.41538776887269,51.08564345607001
80,3,linCmt,VcBW,covariate_beta,1,94,-41.1095699501,-53.267809402970315,41.1095699501,70.50556607243561,99.004099982102
80,3,linCmt,TVCL,structural_intercept,0.6,100,0.6834326809957159,0.7952270386649692,2.935719183222357,7.877499891132514,8.035611548098679
80,3,linCmt,TVVc,structural_intercept,20,100,0.3214332290291999,0.9832609996945814,3.5450535606719487,8.219845844492715,9.87361009960618
80,3,linCmt,ResErr,structural_other,0.1,100,11.659860277999993,11.898028567219994,11.659860277999993,12.866728026036228,18.391817505799995
80,3,linCmt,TVKA,structural_other,0.7,100,0,0,0,0,0
80,3,linCmt,TVQ,structural_other,1.8,100,3.3858681586337744,3.4074031926819894,3.3858681586337744,3.7713661152611357,5.37047517931333
80,3,linCmt,TVVp,structural_other,80,100,1.730606019188876,1.6630663922879578,1.7404191194959575,2.1929288567948353,3.4220995126781952
80,3,linCmt,cov_VcCL,structural_other,0.02,100,-6.955050514750012,-6.704278307110351,27.924650867500027,45.049442254567815,76.81840140751503
80,3,linCmt,var_CL,structural_other,0.1,100,-5.090732738749979,-2.4887823246190077,13.089769652650018,17.008703051596676,24.854235955000018
80,3,linCmt,var_Vc,structural_other,0.1,100,-37.03787313789999,-36.837880459821,37.03787313789999,40.88385133035877,57.055240606
80,3,ode,VcBW,covariate_beta,1,94,-35.5061389012,-51.99329350220695,37.19815718345,69.74781973190045,98.96681530609101
80,3,ode,TVCL,structural_intercept,0.6,100,0.5152795694637335,0.5488567633444058,3.0055161001331654,8.074255112683215,8.086112721594397
80,3,ode,TVVc,structural_intercept,20,100,-0.006817898861228856,0.9268424709026002,3.234198995706752,7.789993481235053,9.596251806649798
80,3,ode,ResErr,structural_other,0.1,100,11.616956974999995,11.816653186369996,11.616956974999995,12.73895915846371,18.216931032799994
80,3,ode,TVKA,structural_other,0.7,100,0,0,0,0,0
80,3,ode,TVQ,structural_other,1.8,100,3.3614740990180842,3.3896922483479037,3.3614740990180842,3.75585978235691,5.454594858042898
80,3,ode,TVVp,structural_other,80,100,1.7020863986616241,1.65406099237559,1.7494491054276382,2.1619483916679907,3.409771056541412
80,3,ode,cov_VcCL,structural_other,0.02,100,-7.943262284999955,-6.489580699417095,27.252230076000007,45.04335269118295,78.95666237556
80,3,ode,var_CL,structural_other,0.1,100,-4.764238880749977,-2.5628615248370052,13.079600470950004,16.946870278810493,25.214816096969976
80,3,ode,var_Vc,structural_other,0.1,100,-37.37684837919999,-36.510415927301004,37.37684837919999,40.57877446067998,55.987258977810015
80,4,linCmt,VcBW,covariate_beta,1,87,-98.04857964057,-53.691865817777476,98.04857964057,71.92416820884665,99.00260906077361
80,4,linCmt,VcSEX,covariate_beta,0.4054651081081644,99,-2.383934843435602,-1.5193933678043787,16.00232712540256,23.171055249848806,38.556860942518846
80,4,linCmt,TVCL,structural_intercept,0.6,100,0.5241571946554743,0.6824539156483953,3.0598027308133546,7.238965726932214,6.838332508777673
80,4,linCmt,TVVc,structural_intercept,20,100,1.629479020553175,2.425421445203824,3.674461488682494,8.31716677868203,10.773179342296729
80,4,linCmt,ResErr,structural_other,0.1,100,8.138378785499993,8.676922724264994,8.138378785499993,9.86901563706877,15.080647661699992
80,4,linCmt,TVKA,structural_other,0.7,100,0,0,0,0,0
80,4,linCmt,TVQ,structural_other,1.8,100,2.92381519220394,3.0538434719880927,2.92381519220394,3.5653095600494136,5.488787023840147
80,4,linCmt,TVVp,structural_other,80,100,1.0881042085586579,1.1104485311109915,1.291834033387813,1.8446710292472,3.000331441322722
80,4,linCmt,cov_VcCL,structural_other,0.02,100,-12.745896023000029,-8.85361637074845,32.31764652875002,41.79811439800711,66.650227847725
80,4,linCmt,var_CL,structural_other,0.1,100,-5.394057025200002,-4.068046110065008,10.537669283799996,16.962047385248542,27.905762912279997
80,4,linCmt,var_Vc,structural_other,0.1,100,-26.609527916100017,-25.469270747628002,27.649483256900005,31.592727840967544,50.45248480132002
80,4,ode,VcBW,covariate_beta,1,87,-96.89006426117,-52.36462102835087,96.89006426117,71.15156325639175,98.973130456112
80,4,ode,VcSEX,covariate_beta,0.4054651081081644,99,-2.397445250596316,-1.5292013964993922,15.911834721330608,23.160000409188942,38.725345324316194
80,4,ode,TVCL,structural_intercept,0.6,100,0.4891023083490875,0.6952078963050369,3.049575728844558,7.243160457081413,6.915199601898419
80,4,ode,TVVc,structural_intercept,20,100,1.525296311675799,2.3810101499183522,3.679954466176385,8.302839634353091,10.801527234001645
80,4,ode,ResErr,structural_other,0.1,100,8.317261832999995,8.642902603242995,8.317261832999995,9.846028817741455,14.589993740199994
80,4,ode,TVKA,structural_other,0.7,100,0,0,0,0,0
80,4,ode,TVQ,structural_other,1.8,100,2.9636461097857962,3.062547852529994,2.9636461097857962,3.5725514306597486,5.522222271364928
80,4,ode,TVVp,structural_other,80,100,1.1388879071110212,1.1349879167119759,1.3197860682682094,1.8544662893185337,3.098542753779862
80,4,ode,cov_VcCL,structural_other,0.02,100,-11.57548956874998,-8.667130657055203,32.17278173800003,41.74637893929602,66.64152228959001
80,4,ode,var_CL,structural_other,0.1,100,-5.249827825999996,-4.030465578561005,10.446609555250001,16.966604961113628,27.844243687350023
80,4,ode,var_Vc,structural_other,0.1,100,-26.312947914550012,-25.334803084237006,26.590052350250026,31.522708695168326,50.45685136510003
80,5,linCmt,CLcrCL,covariate_beta,0.5,100,1.138169467700001,-15.176576510931142,15.955546692,46.688012825063005,98.95445124907461
80,5,linCmt,TVCL,structural_intercept,0.6,100,0.31882630124868694,0.2534441190613244,2.280076949118896,5.367550816356617,8.594841454276517
80,5,linCmt,TVVc,structural_intercept,20,100,0.5742893831096207,1.2001057928358432,2.9153446322183196,6.992110554622168,7.954743918811884
80,5,linCmt,ResErr,structural_other,0.1,100,14.970510364999996,14.605923683449994,14.970510364999996,15.63373210956787,20.766839695200005
80,5,linCmt,TVKA,structural_other,0.7,100,0,0,0,0,0
80,5,linCmt,TVQ,structural_other,1.8,100,3.6591056791619385,3.5065744779459376,3.6591056791619385,3.880155511198361,5.649632002309828
80,5,linCmt,TVVp,structural_other,80,100,2.0858379805857656,1.8088961811844801,2.0858379805857656,2.283463226478646,3.2649945159333233
80,5,linCmt,cov_VcCL,structural_other,0.02,100,-26.80498851674996,-24.500321484395567,36.03872076725003,48.757998807468894,79.68039304304007
80,5,linCmt,var_CL,structural_other,0.1,100,-9.248208013749995,-7.2829766928180035,14.190739230199991,19.35029339424356,30.765603919400004
80,5,linCmt,var_Vc,structural_other,0.1,100,-50.74127470680001,-48.506702978542,50.74127470680001,51.87826119827277,67.87899679516002
80,5,ode,CLcrCL,covariate_beta,0.5,100,1.0543966504000024,-15.249716448765561,16.508219615500003,46.718509002879976,98.9540737207582
80,5,ode,TVCL,structural_intercept,0.6,100,0.34850934449696486,0.26863777387717863,2.2949227151189504,5.382594080240173,8.533195851461354
80,5,ode,TVVc,structural_intercept,20,100,0.6203451485455957,1.049177831661153,2.8897397602064867,7.188782825720791,7.983666750751441
80,5,ode,ResErr,structural_other,0.1,100,14.614016115499991,14.607259861409993,14.614016115499991,15.677505175223644,21.572436475799993
80,5,ode,TVKA,structural_other,0.7,100,0,0,0,0,0
80,5,ode,TVQ,structural_other,1.8,100,3.7290607158687346,3.5297446154656686,3.7290607158687346,3.9167037326345273,5.656980999710551
80,5,ode,TVVp,structural_other,80,100,2.0347214029267136,1.8455513555662952,2.0347214029267136,2.307890441121545,3.2809066239013065
80,5,ode,cov_VcCL,structural_other,0.02,100,-27.228133750000005,-24.335836591584112,36.65184939699997,48.83630128542555,79.28760500004005
80,5,ode,var_CL,structural_other,0.1,100,-9.549153397650008,-7.259019125897,14.235676335450004,19.344980984468478,30.65587318989
80,5,ode,var_Vc,structural_other,0.1,100,-50.53217349944998,-48.469701297781,50.53217349944998,51.85275324160779,67.72856450395001
80,6,linCmt,CLcrCL,covariate_beta,0.5,100,-0.605802669600003,-12.448499690695861,14.734643180700003,41.816173886655974,98.9291459811042
80,6,linCmt,VcSEX,covariate_beta,0.4054651081081644,99,-9.889980714312644,-9.252639586443777,15.473259867554143,22.321905177539893,40.35666685857291
80,6,linCmt,TVCL,structural_intercept,0.6,100,0.8125436550353767,0.7802432257828129,3.1947766053194258,6.332521541540714,8.880060434896714
80,6,linCmt,TVVc,structural_intercept,20,100,1.2717268281140548,3.4941810085776805,3.670597753593565,12.046694669047325,9.83133430253938
80,6,linCmt,ResErr,structural_other,0.1,100,11.976939542499995,11.936193440149994,11.976939542499995,12.858061319690908,18.6616911971
80,6,linCmt,TVKA,structural_other,0.7,100,0,0,0,0,0
80,6,linCmt,TVQ,structural_other,1.8,100,3.187758889359639,3.2841195550104327,3.187758889359639,3.7135236211359293,5.355996809780582
80,6,linCmt,TVVp,structural_other,80,100,1.692173961252763,1.6302774860301252,1.692173961252763,2.0651738247898233,3.1712299296179443
80,6,linCmt,cov_VcCL,structural_other,0.02,100,-2.7019628365000483,-4.451663004241456,31.48127598899996,42.453409489868335,69.48154455870502
80,6,linCmt,var_CL,structural_other,0.1,100,-5.4745011324000075,-3.6731615914360067,12.001034359999995,15.860795680690243,24.878748970060006
80,6,linCmt,var_Vc,structural_other,0.1,100,-31.717630160150005,-30.861647828673007,31.717630160150005,35.36884026271344,53.832475189210015
80,6,ode,CLcrCL,covariate_beta,0.5,100,-0.7237984271000031,-12.46317147103056,14.7077930955,41.80707168227523,98.929519416639
80,6,ode,VcSEX,covariate_beta,0.4054651081081644,99,-10.058598530822175,-9.244206861359658,14.721602320770067,22.288793862663475,39.95364302319912
80,6,ode,TVCL,structural_intercept,0.6,100,0.8123202147429509,0.7444889706648237,3.249567132690081,6.320916600780169,8.77875836704595
80,6,ode,TVVc,structural_intercept,20,100,1.3869402981484047,3.5232268665668953,3.652641250038871,12.049166593378228,9.90742459187244
80,6,ode,ResErr,structural_other,0.1,100,12.160345897499994,11.942655261709994,12.160345897499994,12.881261612413633,18.8613427327
80,6,ode,TVKA,structural_other,0.7,100,0,0,0,0,0
80,6,ode,TVQ,structural_other,1.8,100,3.1581045035114372,3.258118581728827,3.1581045035114372,3.687451991047653,5.333767425948835
80,6,ode,TVVp,structural_other,80,100,1.5807780985757172,1.6044844889152958,1.5807780985757172,2.034994467794475,3.2127063780878644
80,6,ode,cov_VcCL,structural_other,0.02,100,-2.1567979052500297,-4.2254553580493095,30.639654605500027,42.53763706587751,69.66914139416001
80,6,ode,var_CL,structural_other,0.1,100,-5.57099780534999,-3.7280200900650105,11.998678752099993,15.877475427676973,24.827809915190016
80,6,ode,var_Vc,structural_other,0.1,100,-30.167574714650016,-30.965835073429005,30.167574714650016,35.45872187987323,53.19616613862001
80,7,linCmt,CLcrCL,covariate_beta,0.5,99,-2.8794627569999953,-18.25052490269194,15.544636465399996,47.32809809626101,98.95246825776161
80,7,linCmt,VcBW,covariate_beta,1,91,-21.8336446819,-39.734336654139454,26.921735315399996,64.41153998880657,98.98418497844
80,7,linCmt,TVCL,structural_intercept,0.6,100,-0.4018313359664775,-0.34708588189642936,2.7946727123054442,5.681325614469842,8.432244189897084
80,7,linCmt,TVVc,structural_intercept,20,100,0.7538206374647771,1.2916251833323382,3.7844801590570665,9.568885016131894,9.538057355140163
80,7,linCmt,ResErr,structural_other,0.1,100,12.900311049499999,12.339543329159994,12.900311049499999,13.247793647550216,18.420712211899996
80,7,linCmt,TVKA,structural_other,0.7,100,0,0,0,0,0
80,7,linCmt,TVQ,structural_other,1.8,100,3.5094595786390057,3.337297004263821,3.5094595786390057,3.7401466869494153,5.167798946729313
80,7,linCmt,TVVp,structural_other,80,100,1.788775641192837,1.6199599400263547,1.819343062870589,2.1394236493644145,3.5380234039942198
80,7,linCmt,cov_VcCL,structural_other,0.02,100,1.8810105532499586,-0.539494601441756,31.252403295250016,42.725591807630195,66.21084310700999
80,7,linCmt,var_CL,structural_other,0.1,100,-3.9443154506000333,-4.077118843189009,12.032374963150003,16.959439089407176,27.92813808491997
80,7,linCmt,var_Vc,structural_other,0.1,100,-35.205109229950004,-33.52579332818,35.205109229950004,37.97132633071895,56.590942688370006
80,7,ode,CLcrCL,covariate_beta,0.5,99,-2.6543821002000034,-18.6293641953339,15.517708567800003,46.85817304032077,98.95112690608
80,7,ode,VcBW,covariate_beta,1,90,-21.830399102199998,-39.057072417162495,26.55635751075,63.90574352450461,98.971551170242
80,7,ode,TVCL,structural_intercept,0.6,100,-0.32360472457163003,-0.5346136503709649,2.7523408750216953,6.082366193886241,9.242444597834817
80,7,ode,TVVc,structural_intercept,20,100,0.7493184802537467,1.2027080936869834,3.9331696098448,9.376438997737948,9.981873485418044
80,7,ode,ResErr,structural_other,0.1,100,12.950644189499997,12.323169635479994,12.950644189499997,13.213085099319285,17.991972983299988
80,7,ode,TVKA,structural_other,0.7,100,0,0,0,0,0
80,7,ode,TVQ,structural_other,1.8,100,3.438895045901527,3.3194148440446694,3.438895045901527,3.714991931945487,5.193599308701806
80,7,ode,TVVp,structural_other,80,100,1.8073902772465276,1.6174934576110453,1.8549993585465427,2.1381144742034968,3.485922385576061
80,7,ode,cov_VcCL,structural_other,0.02,100,2.575142873500044,-0.6439978287409038,32.15822003424995,42.7082619530061,67.07267953062501
80,7,ode,var_CL,structural_other,0.1,100,-3.7908442400000073,-3.9611108800300054,11.971953352199998,16.95567864735519,28.561507856890017
80,7,ode,var_Vc,structural_other,0.1,100,-35.080072386750025,-33.642706585354006,35.080072386750025,38.09312427894627,55.818725477179996
80,8,linCmt,CLcrCL,covariate_beta,0.5,100,-4.621320432600001,-19.09782180388422,15.332955504999996,46.39816923759525,98.938971072207
80,8,linCmt,VcBW,covariate_beta,1,84,-23.394428927099998,-42.04166069324211,25.815074055350003,68.82253624757526,99.0564379967863
80,8,linCmt,VcSEX,covariate_beta,0.4054651081081644,98,-4.766476452397667,-0.9921830948449429,14.308401523793613,22.22497631439148,33.91129506942819
80,8,linCmt,TVCL,structural_intercept,0.6,100,0.24006889945340135,0.4292905276853093,2.84008903881978,5.919511872636402,7.378206535696806
80,8,linCmt,TVVc,structural_intercept,20,100,2.254124627344165,2.4515701514845007,4.76807536720413,6.850908672005315,11.192407222940316
80,8,linCmt,ResErr,structural_other,0.1,100,11.417604228999997,11.136741578415995,11.417604228999997,12.304994699501044,17.032526823499996
80,8,linCmt,TVKA,structural_other,0.7,100,0,0,0,0,0
80,8,linCmt,TVQ,structural_other,1.8,100,3.3716791270455877,3.214624862857634,3.3716791270455877,3.739132326241551,5.49947011429687
80,8,linCmt,TVVp,structural_other,80,100,1.3896552844550136,1.4616156505005355,1.3915588067076623,2.0761953894749,3.2901684119279397
80,8,linCmt,cov_VcCL,structural_other,0.02,100,1.6527126192499975,3.6368427892829978,29.253707387500004,44.09021222848805,62.985497829800096
80,8,linCmt,var_CL,structural_other,0.1,100,-4.157754399850049,-2.5184794238660095,9.848074984750003,15.177180480616236,24.01833932973002
80,8,linCmt,var_Vc,structural_other,0.1,100,-23.617471843550035,-23.762773989582005,23.779232925800017,30.49962613165687,47.73145721435002
80,8,ode,CLcrCL,covariate_beta,0.5,100,-4.671916670600002,-19.8339976600645,15.461639228800006,47.405091408021335,98.96291590806939
80,8,ode,VcBW,covariate_beta,1,83,-23.412969218199997,-42.7817560919136,26.695683529799997,69.18314332819307,99.057312589181
80,8,ode,VcSEX,covariate_beta,0.4054651081081644,98,-4.72790657711797,-0.5293744560453093,14.312053024429277,22.95923008155332,35.609309426057365
80,8,ode,TVCL,structural_intercept,0.6,100,0.16041199102767578,0.3794321448920858,2.8742116911370985,5.856917994669331,7.298834356875947
80,8,ode,TVVc,structural_intercept,20,100,2.241580646633299,2.4516143882717345,4.669925101672163,6.868933397765491,11.026911508865762
80,8,ode,ResErr,structural_other,0.1,100,11.144061014499995,11.163074125702995,11.144061014499995,12.348165841557023,17.2446105644
80,8,ode,TVKA,structural_other,0.7,100,0,0,0,0,0
80,8,ode,TVQ,structural_other,1.8,100,3.1754490221482676,3.2009360877323463,3.1754490221482676,3.730618440718599,5.4626759678302745
80,8,ode,TVVp,structural_other,80,100,1.3773915007343263,1.4609835562205515,1.4441700632084409,2.0529786205461233,2.930069319153745
80,8,ode,cov_VcCL,structural_other,0.02,100,1.6446936829999856,3.7798545552784986,28.54619951749997,43.85114220855137,63.81547154450007
80,8,ode,var_CL,structural_other,0.1,100,-4.074053884550032,-2.555945512387007,9.72806806135003,15.18251205215079,24.326785350730006
80,8,ode,var_Vc,structural_other,0.1,100,-24.01396017535,-23.650635564363004,24.655547548750018,30.42413851032761,47.780091619739984
80,9,linCmt,CLBW,covariate_beta,0.75,86,-23.067763375933335,-36.50244655042415,31.788601475400004,68.35417314326938,98.982862400166
80,9,linCmt,TVCL,structural_intercept,0.6,100,-0.667015694638488,0.39326952378007174,3.878245319034348,11.197858930633837,14.299670566993692
80,9,linCmt,TVVc,structural_intercept,20,100,0.5769628446860775,2.0527722927288177,2.645306593185923,9.487575906720135,8.592398926468158
80,9,linCmt,ResErr,structural_other,0.1,100,16.347975952499997,16.390546957999995,16.347975952499997,17.282272912440167,22.495372376300004
80,9,linCmt,TVKA,structural_other,0.7,100,0,0,0,0,0
80,9,linCmt,TVQ,structural_other,1.8,100,4.155532351551207,3.9581437772576082,4.155532351551207,4.209319763893798,5.5408133239947706
80,9,linCmt,TVVp,structural_other,80,100,1.8775847423852368,1.8484509920118968,1.8775847423852368,2.1850639625537265,3.2062950609474727
80,9,linCmt,cov_VcCL,structural_other,0.02,100,-20.640148432250022,-21.872375274290857,32.081468943,44.30382830070006,72.13010194770999
80,9,linCmt,var_CL,structural_other,0.1,100,-11.376033505250023,-8.935018407836008,13.015853203250021,18.671664443205344,28.842831109750033
80,9,linCmt,var_Vc,structural_other,0.1,100,-51.51915321635001,-48.259523408104,51.51915321635001,51.39955733768057,68.53728756337999
80,9,ode,CLBW,covariate_beta,0.75,86,-22.507689749466664,-35.27462779445536,30.755606130933334,67.54154407543624,98.98490645490735
80,9,ode,TVCL,structural_intercept,0.6,100,-0.4879545120356303,0.4269657174940225,3.948101113946362,11.184600995426454,14.291954409518134
80,9,ode,TVVc,structural_intercept,20,100,0.6224015234643776,2.4063467524624964,2.724318382881128,10.221766331292706,8.302808332132473
80,9,ode,ResErr,structural_other,0.1,100,16.590902466999992,16.528958063869993,16.590902466999992,17.391885763889043,22.9625167287
80,9,ode,TVKA,structural_other,0.7,100,0,0,0,0,0
80,9,ode,TVQ,structural_other,1.8,100,4.24378536917875,4.0510014968031784,4.24378536917875,4.2996424738095635,5.558674199989486
80,9,ode,TVVp,structural_other,80,100,2.0039049523459878,1.9363102680531084,2.0039049523459878,2.2608726195237034,3.218208708518829
80,9,ode,cov_VcCL,structural_other,0.02,100,-20.401056080249987,-21.940243006632603,30.543683967750024,44.156603355841426,70.25021458002003
80,9,ode,var_CL,structural_other,0.1,100,-11.527587431749982,-8.879069903893008,13.031615007000022,18.636865598485752,28.91464349045997
80,9,ode,var_Vc,structural_other,0.1,100,-52.22853262844998,-48.7971117831,52.22853262844998,51.75685073305616,68.99190954041003
80,10,linCmt,CLBW,covariate_beta,0.75,87,-16.802481842266662,-33.209222090779285,30.6018791404,62.89220998969059,98.91042788755387
80,10,linCmt,VcSEX,covariate_beta,0.4054651081081644,100,-10.581508771580653,-9.906479117376756,15.162861794287656,21.557152308464765,32.9710780360172
80,10,linCmt,TVCL,structural_intercept,0.6,100,-4.257893035232968,-5.570705174142634,5.667458356432991,11.501342016214004,17.208441273484272
80,10,linCmt,TVVc,structural_intercept,20,100,2.435615681081744,3.3890551142211613,4.316407256769583,9.695327591982203,11.067740414842465
80,10,linCmt,ResErr,structural_other,0.1,100,12.976473283999992,12.755379912479995,12.976473283999992,13.370608391793775,17.560048953899997
80,10,linCmt,TVKA,structural_other,0.7,100,0,0,0,0,0
80,10,linCmt,TVQ,structural_other,1.8,100,3.1729757630971016,3.2710238001804797,3.1729757630971016,3.6635785616211947,5.61540325831697
80,10,linCmt,TVVp,structural_other,80,100,1.5784574211828237,1.4994254672774696,1.626797360309258,1.933223413131857,3.049989446675162
80,10,linCmt,cov_VcCL,structural_other,0.02,100,-9.26675619574999,-10.9693238086754,28.937401581499987,43.45209154260043,72.21994763703013
80,10,linCmt,var_CL,structural_other,0.1,100,-5.890082142750018,-5.532996757494002,10.67109689480001,16.625602390292073,27.77483490990002
80,10,linCmt,var_Vc,structural_other,0.1,100,-33.557729176100004,-33.930123149549004,33.557729176100004,37.790685325734316,55.264341542480054
80,10,ode,CLBW,covariate_beta,0.75,87,-16.21978224893333,-30.944964960540077,25.60063692666666,61.11437574297566,98.899523268516
80,10,ode,VcSEX,covariate_beta,0.4054651081081644,100,-10.802470303925622,-9.912736004687815,15.190914220187063,21.56308002847987,33.48208935367842
80,10,ode,TVCL,structural_intercept,0.6,100,-4.51760042140865,-5.768839354273944,6.0082445451420945,11.563434627256088,17.18748422494191
80,10,ode,TVVc,structural_intercept,20,100,2.4798975584726524,3.354544644626122,4.3302510967363705,9.692898223557933,11.193012761253412
80,10,ode,ResErr,structural_other,0.1,100,13.197732477499995,12.674555484419994,13.197732477499995,13.302729540350958,17.5091889598
80,10,ode,TVKA,structural_other,0.7,100,0,0,0,0,0
80,10,ode,TVQ,structural_other,1.8,100,3.0811305828519266,3.2797525633355797,3.0811305828519266,3.6908360743077977,5.636684172177066
80,10,ode,TVVp,structural_other,80,100,1.6645674283090626,1.5312028931540635,1.669662110079706,1.9581657780406516,3.0121372647987816
80,10,ode,cov_VcCL,structural_other,0.02,100,-9.251504453249987,-10.840835949325097,28.66070324450002,43.19646178592218,72.71661921795503
80,10,ode,var_CL,structural_other,0.1,100,-6.098495622550007,-5.488009008797006,10.296464702649992,16.578223648649175,27.795878384339996
80,10,ode,var_Vc,structural_other,0.1,100,-33.092277337999974,-33.846087339846,33.092277337999974,37.74328427684816,53.496572079890036
80,11,linCmt,CLBW,covariate_beta,0.75,88,-8.317167735133335,-23.56809976827044,20.943333214333332,56.68836925403499,98.83390868534347
80,11,linCmt,VcBW,covariate_beta,1,91,-18.369170928400003,-39.57209298243203,21.49178988,61.20056481478569,99.009641469228
80,11,linCmt,TVCL,structural_intercept,0.6,100,-8.506935733964236,-7.008450736764953,9.177598712880542,11.302859543961128,16.629900215112386
80,11,linCmt,TVVc,structural_intercept,20,100,-6.843286754075447,-6.635336808607228,7.765735467838502,11.719106960364751,18.07029216684071
80,11,linCmt,ResErr,structural_other,0.1,100,12.940779305999994,13.305655249569995,12.940779305999994,14.13405495763927,19.133376206199994
80,11,linCmt,TVKA,structural_other,0.7,100,0,0,0,0,0
80,11,linCmt,TVQ,structural_other,1.8,100,3.1529553963314987,3.285992839811716,3.1529553963314987,3.6719353451126584,5.555742221506693
80,11,linCmt,TVVp,structural_other,80,100,1.6494861639862801,1.7133535383660623,1.6494861639862801,2.0844424757169606,3.3161118437085024
80,11,linCmt,cov_VcCL,structural_other,0.02,100,-11.665412123249997,-9.777854826200999,25.925224925000034,39.70862682515871,64.72755627862006
80,11,linCmt,var_CL,structural_other,0.1,100,-8.35440384135002,-6.818154215950003,12.53449781410001,16.618514279227902,27.157877214560017
80,11,linCmt,var_Vc,structural_other,0.1,100,-39.71903495910002,-38.90434925898501,39.71903495910002,42.00722477905797,56.60525750373
80,11,ode,CLBW,covariate_beta,0.75,89,-6.852217427066669,-23.026549697615657,21.756643858000004,56.437719795510766,98.83125266190294
80,11,ode,VcBW,covariate_beta,1,91,-18.348959323000003,-40.05164577231423,21.273056833000005,61.09236722024508,99.010034382179
80,11,ode,TVCL,structural_intercept,0.6,100,-8.532542738728214,-7.087988236224173,9.278255530104067,11.38249753738787,16.809282627171292
80,11,ode,TVVc,structural_intercept,20,100,-7.089712591617898,-6.546772258963333,7.770086213253986,11.490707444516024,18.116817271682034
80,11,ode,ResErr,structural_other,0.1,100,13.052446834499992,13.339435592399996,13.052446834499992,14.167559373967084,18.8541115934
80,11,ode,TVKA,structural_other,0.7,100,0,0,0,0,0
80,11,ode,TVQ,structural_other,1.8,100,3.1006704047296907,3.295099242883929,3.1006704047296907,3.687415049967746,5.566112664226681
80,11,ode,TVVp,structural_other,80,100,1.65505011364405,1.740017846836018,1.65505011364405,2.096853731102032,3.2556856792669917
80,11,ode,cov_VcCL,structural_other,0.02,100,-9.803578639250004,-9.144159769356497,26.185165871249993,39.435344396433365,64.26688177964999
80,11,ode,var_CL,structural_other,0.1,100,-8.323720031049975,-6.783897428593999,12.236327669200026,16.58682357076917,27.22082221919998
80,11,ode,var_Vc,structural_other,0.1,100,-40.90798517055,-38.927594130202,40.90798517055,41.96423611783241,56.503040966820016
80,12,linCmt,CLBW,covariate_beta,0.75,88,-18.868863247999997,-36.9383176573457,22.865242586866668,64.93479033429125,98.9206338092356
80,12,linCmt,VcBW,covariate_beta,1,83,-98.42745473483,-55.998166611051914,98.42745473483,72.17702173759932,99.0508678955232
80,12,linCmt,VcSEX,covariate_beta,0.4054651081081644,99,-0.43863944704459107,2.4697876177621287,15.429144230123681,24.127309773005166,39.71085372842554
80,12,linCmt,TVCL,structural_intercept,0.6,100,-5.754962474205872,-5.970106336903494,7.0411682116171646,11.918930158997963,18.6839532937695
80,12,linCmt,TVVc,structural_intercept,20,100,-3.2103883354634988,-4.460059970627559,5.910752594851978,10.754037310538179,17.828891981432818
80,12,linCmt,ResErr,structural_other,0.1,100,12.672927540499993,12.649741357225997,12.672927540499993,13.819358243333516,19.949186030699995
80,12,linCmt,TVKA,structural_other,0.7,100,0,0,0,0,0
80,12,linCmt,TVQ,structural_other,1.8,100,3.125271386435295,3.3515998147236914,3.125271386435295,3.842823967802828,5.6552918002768156
80,12,linCmt,TVVp,structural_other,80,100,1.2821501439364003,1.3626641978350644,1.351767943921729,1.9213445414869272,3.2057872558187483
80,12,linCmt,cov_VcCL,structural_other,0.02,100,-8.606674125750018,-4.417267825280051,28.619755409250025,40.21908455912534,67.58390388000501
80,12,linCmt,var_CL,structural_other,0.1,100,-6.245428071550006,-6.345226660206009,13.109796408750007,16.940665622811906,26.583255085830025
80,12,linCmt,var_Vc,structural_other,0.1,100,-26.765445258800014,-27.320016923403006,26.88314750830003,33.1933340009391,50.75932025446001
80,12,ode,CLBW,covariate_beta,0.75,88,-20.967989832866664,-38.79093502512261,24.164484383266664,66.57491896832838,98.95018839790892
80,12,ode,VcBW,covariate_beta,1,84,-98.451646298345,-56.466001117430494,98.451646298345,72.54740568093297,99.0399932247254
80,12,ode,VcSEX,covariate_beta,0.4054651081081644,99,-0.4651265799328173,2.1102804225515572,15.122447521299057,23.878819197787653,38.17946830742808
80,12,ode,TVCL,structural_intercept,0.6,100,-5.739416570681055,-5.8439913135156205,6.678070844788479,11.722069045718731,18.700667974658312
80,12,ode,TVVc,structural_intercept,20,100,-3.3702919836810357,-4.463370709114697,5.686800363253299,10.718356946515147,17.842544890519914
80,12,ode,ResErr,structural_other,0.1,100,12.584998237999995,12.688608638658994,12.584998237999995,13.892779658600329,19.6525368658
80,12,ode,TVKA,structural_other,0.7,100,0,0,0,0,0
80,12,ode,TVQ,structural_other,1.8,100,3.1264486631550286,3.3409306177756504,3.1264486631550286,3.836459749683358,5.722884348170034
80,12,ode,TVVp,structural_other,80,100,1.3567243276277363,1.3839758188963938,1.379692333861966,1.9531934233642092,3.230322964988086
80,12,ode,cov_VcCL,structural_other,0.02,100,-8.220837740500023,-4.416359686123203,28.770228733749992,40.34035591152336,67.39133235299505
80,12,ode,var_CL,structural_other,0.1,100,-6.272467080900013,-6.342413881633008,12.744833272200001,16.957001999236514,26.645902372670033
80,12,ode,var_Vc,structural_other,0.1,100,-27.00996093970002,-27.270760028557007,27.488318057249998,33.056915160021234,50.27699265721004
80,13,linCmt,CLBW,covariate_beta,0.75,86,-6.3475439923999994,-26.548849663170465,27.569260826200004,61.3809231218305,98.90710903010466
80,13,linCmt,CLcrCL,covariate_beta,0.5,100,-6.1919003425,-16.4564366085681,21.1173478341,48.32886873496892,99.00101787495339
80,13,linCmt,TVCL,structural_intercept,0.6,100,-10.863366766787712,-10.10259218187588,11.225306693922152,13.31845398655024,20.290122499805417
80,13,linCmt,TVVc,structural_intercept,20,100,0.6372436104700085,1.061615863336755,3.2100909264557926,8.247454904448885,9.334429342825834
80,13,linCmt,ResErr,structural_other,0.1,100,18.414900093999993,17.988234067409994,18.414900093999993,18.627761806619954,23.360411448900013
80,13,linCmt,TVKA,structural_other,0.7,100,0,0,0,0,0
80,13,linCmt,TVQ,structural_other,1.8,100,3.871807113479379,3.973332093970351,3.871807113479379,4.1958801297880735,5.610872592784076
80,13,linCmt,TVVp,structural_other,80,100,2.060925315682951,2.0972574453190074,2.060925315682951,2.4794603196774094,3.8300403453376686
80,13,linCmt,cov_VcCL,structural_other,0.02,100,-22.25245286925003,-16.39872633256196,35.932290327250016,45.64024408640744,75.57694175439003
80,13,linCmt,var_CL,structural_other,0.1,100,-5.834034188250022,-4.984541869779011,12.874465021500011,15.559777055069462,24.938380172880027
80,13,linCmt,var_Vc,structural_other,0.1,100,-55.289506546850006,-53.63775660451701,55.289506546850006,56.27084767429492,70.63995888677002
80,13,ode,CLBW,covariate_beta,0.75,86,-6.323003660599998,-26.550488303864604,27.708937191333327,61.37364368232257,98.91004825941934
80,13,ode,CLcrCL,covariate_beta,0.5,100,-6.2582484164000025,-16.384406282670938,20.914614630499994,48.41179075075173,99.0003397676808
80,13,ode,TVCL,structural_intercept,0.6,100,-11.017544720923256,-10.10317359292479,11.243466671247731,13.315568228661693,20.383080278665254
80,13,ode,TVVc,structural_intercept,20,100,0.75893266474373,1.339302219413007,3.1767466543469776,8.074546893734723,8.660400911372172
80,13,ode,ResErr,structural_other,0.1,100,18.482448342499993,17.997820201249993,18.482448342499993,18.615197402728782,23.597385178799993
80,13,ode,TVKA,structural_other,0.7,100,0,0,0,0,0
80,13,ode,TVQ,structural_other,1.8,100,3.984678816663022,4.077891541809057,3.984678816663022,4.307387366040967,5.803891686840336
80,13,ode,TVVp,structural_other,80,100,2.0964305472519573,2.1297414483536126,2.0964305472519573,2.4850829846840643,3.885539398828535
80,13,ode,cov_VcCL,structural_other,0.02,100,-21.895055649000035,-15.558475363468553,36.85151254575002,45.52575658120488,77.138543177945
80,13,ode,var_CL,structural_other,0.1,100,-5.738840783000007,-5.0008375253640045,12.878521995700003,15.52980468303625,25.02143994079003
80,13,ode,var_Vc,structural_other,0.1,100,-55.71493497434999,-53.168332244131,55.71493497434999,55.69258634086973,69.79076189550999
80,14,linCmt,CLBW,covariate_beta,0.75,90,-7.961273804666669,-23.03517626940625,24.89544335326667,59.0688713388751,98.83880350226627
80,14,linCmt,CLcrCL,covariate_beta,0.5,99,-8.775352781199997,-21.034661056573416,17.933103449799994,52.94072248512735,99.0179214734544
80,14,linCmt,VcSEX,covariate_beta,0.4054651081081644,98,-10.54602860926256,-10.792126491054399,14.549980687428748,21.931218954427955,36.45241096763022
80,14,linCmt,TVCL,structural_intercept,0.6,100,-10.387166549889711,-10.004902058220754,10.74674837871493,13.13742231364209,20.851923470789636
80,14,linCmt,TVVc,structural_intercept,20,100,2.4715074038353086,2.653674429691456,4.09424089810119,6.232636776547597,9.540139606191463
80,14,linCmt,ResErr,structural_other,0.1,100,15.570213701999991,15.876073314049993,15.570213701999991,16.856929116960654,22.161460766199998
80,14,linCmt,TVKA,structural_other,0.7,100,0,0,0,0,0
80,14,linCmt,TVQ,structural_other,1.8,100,3.0978011359992847,3.371771758473526,3.0978011359992847,3.8130084879596287,5.770008625758086
80,14,linCmt,TVVp,structural_other,80,100,1.8077304202638267,1.7868864551201402,1.818722765175442,2.1830330055572786,3.1519268308507162
80,14,linCmt,cov_VcCL,structural_other,0.02,100,-5.295839931500016,-2.969818869717503,21.488828705000028,33.30494187475392,55.24877953065002
80,14,linCmt,var_CL,structural_other,0.1,100,-8.732577589950017,-6.725556863800007,13.425525461550036,17.097796228259156,25.964303811580038
80,14,linCmt,var_Vc,structural_other,0.1,100,-34.614864063999995,-33.584587213294,34.614864063999995,38.259078205369256,55.595713019609995
80,14,ode,CLBW,covariate_beta,0.75,91,-8.45532707813333,-23.919953767385245,25.046480782800007,59.633033418694204,98.83605445293067
80,14,ode,CLcrCL,covariate_beta,0.5,99,-8.477018452399998,-20.0429188239838,17.90691746419999,52.05229308992331,99.0194213200368
80,14,ode,VcSEX,covariate_beta,0.4054651081081644,99,-10.581661598541004,-11.230458732382058,14.764747525911751,22.581694085022637,37.36525810791801
80,14,ode,TVCL,structural_intercept,0.6,100,-10.408285949535134,-10.143845717597147,10.734981019028497,13.219892235198863,20.841063847989176
80,14,ode,TVVc,structural_intercept,20,100,2.436746214622767,2.5846845313487097,3.9702436870353353,6.181372230708898,9.558134262740287
80,14,ode,ResErr,structural_other,0.1,100,15.464565098499994,15.901171037189995,15.464565098499994,16.83360021354267,22.483457689999994
80,14,ode,TVKA,structural_other,0.7,100,0,0,0,0,0
80,14,ode,TVQ,structural_other,1.8,100,3.15660732580343,3.4012068181681885,3.15660732580343,3.8365842377811785,5.74663716074048
80,14,ode,TVVp,structural_other,80,100,1.8613196897569573,1.8101190900162347,1.910065512453398,2.2152438039098885,3.207136844019088
80,14,ode,cov_VcCL,structural_other,0.02,100,-4.790735335249967,-2.9545179419160026,19.58050752549999,33.21160985440654,54.68889412256499
80,14,ode,var_CL,structural_other,0.1,100,-8.83966518724999,-6.740605758958007,13.459728637300023,17.088998499316038,25.834567762490003
80,14,ode,var_Vc,structural_other,0.1,100,-35.26554353730001,-33.746079429164006,35.26554353730001,38.34142858644063,55.29378292896002
80,15,linCmt,CLBW,covariate_beta,0.75,86,-11.673623461466669,-30.358402808609693,26.713961455933333,59.71661014977299,98.88822662416868
80,15,linCmt,CLcrCL,covariate_beta,0.5,99,-3.6530876047999983,-15.943081745673132,23.280747429000005,47.73643977898075,98.9883714518224
80,15,linCmt,VcBW,covariate_beta,1,90,-26.079146912450003,-47.058604121365214,26.829285262650004,66.55321668241814,98.9557134593333
80,15,linCmt,TVCL,structural_intercept,0.6,100,-10.230542970216426,-8.915600002198666,10.984764827238555,15.008087116456014,21.80751859433983
80,15,linCmt,TVVc,structural_intercept,20,100,-5.143924403176259,-5.560461032669788,8.249230380964097,12.060727626582752,20.251531547417716
80,15,linCmt,ResErr,structural_other,0.1,100,16.546492799499994,16.239131139229997,16.546492799499994,16.8569174794437,21.864502398999992
80,15,linCmt,TVKA,structural_other,0.7,100,0,0,0,0,0
80,15,linCmt,TVQ,structural_other,1.8,100,3.6304269922206465,3.5316844796289533,3.6304269922206465,3.9584479013961706,5.9430222533635435
80,15,linCmt,TVVp,structural_other,80,100,1.9728157958713675,1.8994554678232356,1.9903673874583825,2.300863962402072,3.511782410970895
80,15,linCmt,cov_VcCL,structural_other,0.02,100,-1.7981199630000104,-1.4808998034809984,27.029704935499986,35.5740772426489,59.46049863682003
80,15,linCmt,var_CL,structural_other,0.1,100,-6.398883556300021,-4.958114450242005,12.29771947824998,17.532743649471442,27.958278390220002
80,15,linCmt,var_Vc,structural_other,0.1,100,-42.3192140322,-40.408474897431,42.3192140322,43.90016784369413,60.37822180693001
80,15,ode,CLBW,covariate_beta,0.75,86,-11.681970472400005,-30.801129711399923,26.563085757999993,59.66416399515593,98.87969469164332
80,15,ode,CLcrCL,covariate_beta,0.5,99,-3.6941829601999987,-15.956599656118827,23.409163543199995,47.75252364288065,98.9882776424284
80,15,ode,VcBW,covariate_beta,1,90,-26.816567446049998,-46.64323583164019,28.655681745549998,66.9089221565681,98.95643481196981
80,15,ode,TVCL,structural_intercept,0.6,100,-10.234489567524236,-8.868022466699305,10.74939392163098,14.98704140403255,21.893219369127323
80,15,ode,TVVc,structural_intercept,20,100,-5.336217936682175,-5.817507599019154,8.094574199114673,12.516252969272317,21.201633898373792
80,15,ode,ResErr,structural_other,0.1,100,16.68270053999999,16.280295566269995,16.68270053999999,16.917320393287863,21.8837210212
80,15,ode,TVKA,structural_other,0.7,100,0,0,0,0,0
80,15,ode,TVQ,structural_other,1.8,100,3.5633181539895253,3.544483843263574,3.5633181539895253,3.9623368467915485,6.006020206450485
80,15,ode,TVVp,structural_other,80,100,1.9293172565610563,1.9207250723951699,1.9457885077963155,2.310325489015147,3.540606753765678
80,15,ode,cov_VcCL,structural_other,0.02,100,-1.8465606882500218,-1.5536504453859987,26.547877994249998,35.89697741714558,60.16203473483001
80,15,ode,var_CL,structural_other,0.1,100,-6.428881000550016,-4.958169311710004,12.364552834949984,17.50498018706257,27.874801087990075
80,15,ode,var_Vc,structural_other,0.1,100,-42.6239193387,-40.515632111424,42.6239193387,44.02524913242253,62.27734324349999
80,16,linCmt,CLBW,covariate_beta,0.75,84,-18.516540186533334,-30.908572487060553,37.881643292,64.55517236694608,99.0062431766624
80,16,linCmt,CLcrCL,covariate_beta,0.5,100,-11.910642159599998,-21.811980886008282,19.6911411591,49.423293798946915,99.08600873034881
80,16,linCmt,VcBW,covariate_beta,1,89,-33.486398199300005,-47.77366935190104,36.243440678000006,69.34013329939516,98.97011351399401
80,16,linCmt,VcSEX,covariate_beta,0.4054651081081644,97,-4.332953193219689,-3.6517597342962977,15.677796864059095,21.489682365470568,33.55634144182312
80,16,linCmt,TVCL,structural_intercept,0.6,100,-8.220441400147022,-9.17309013660437,9.298181291460983,12.855325136191297,19.542775769128042
80,16,linCmt,TVVc,structural_intercept,20,100,-5.719389611075876,-5.648918314042851,7.739193438864217,10.545218723505702,16.868125146112977
80,16,linCmt,ResErr,structural_other,0.1,100,13.186703087999996,13.514527272119995,13.186703087999996,14.456469589435386,19.666265177199996
80,16,linCmt,TVKA,structural_other,0.7,100,0,0,0,0,0
80,16,linCmt,TVQ,structural_other,1.8,100,3.387749933568779,3.3517726558259806,3.387749933568779,3.7491025764396153,5.423453019741904
80,16,linCmt,TVVp,structural_other,80,100,1.9257124679078788,1.7722719426979698,1.9640736272446626,2.3673674413383408,3.5735300491532076
80,16,linCmt,cov_VcCL,structural_other,0.02,100,-5.432043422249986,3.822877329439995,26.14388475024998,43.8799063734445,64.99714218685016
80,16,linCmt,var_CL,structural_other,0.1,100,-6.083288895650026,-6.268039192856007,10.90425348510001,17.881505247593573,29.917865997730008
80,16,linCmt,var_Vc,structural_other,0.1,100,-31.529756162400012,-30.095565438805004,31.71385471245002,34.517378657215076,51.88190288944001
80,16,ode,CLBW,covariate_beta,0.75,84,-18.465293062066664,-30.925219005501653,37.9315883,64.57115413769958,99.00576833620507
80,16,ode,CLcrCL,covariate_beta,0.5,100,-11.895324496099995,-21.83328011412578,19.692875678700002,49.41251980330665,99.093380821821
80,16,ode,VcBW,covariate_beta,1,88,-34.21692441975,-48.10949342514306,38.3786331291,69.66391409468669,98.98380149229399
80,16,ode,VcSEX,covariate_beta,0.4054651081081644,97,-3.3666355736146096,-3.1869594094236566,15.694547730074884,21.60730590868736,33.47090160848792
80,16,ode,TVCL,structural_intercept,0.6,100,-8.156107800745874,-9.205269703947414,9.305585498535738,12.86723084028361,19.573683877237524
80,16,ode,TVVc,structural_intercept,20,100,-5.367524558975019,-5.415824900456299,7.9621431486993455,10.668349212290883,16.83048420324753
80,16,ode,ResErr,structural_other,0.1,100,13.146208215999994,13.423164515319996,13.146208215999994,14.34791796796128,19.9951083682
80,16,ode,TVKA,structural_other,0.7,100,0,0,0,0,0
80,16,ode,TVQ,structural_other,1.8,100,3.4004496246707925,3.282240528985667,3.4004496246707925,3.679202471141173,5.4052842556776755
80,16,ode,TVVp,structural_other,80,100,1.86498391419863,1.7144580386407153,1.9258208041253777,2.304905819977938,3.46920536387955
80,16,ode,cov_VcCL,structural_other,0.02,100,-5.12641186975,3.860852036849504,26.105366515749978,44.10393513691401,65.47433184935005
80,16,ode,var_CL,structural_other,0.1,100,-5.89107277635003,-6.333645628527999,11.492866384300033,17.84036840330284,29.787137578689997
80,16,ode,var_Vc,structural_other,0.1,100,-31.2675680132,-29.999465065044,31.449531978399985,34.33809739411349,52.15096562343001
300,1,linCmt,TVCL,structural_intercept,0.6,100,0.3601821575698513,0.27837456779520403,1.2058182811839533,3.749038965618505,3.124838800804646
300,1,linCmt,TVVc,structural_intercept,20,100,1.8848712011432944,1.9511220846207937,2.128072021917884,3.271651943706374,4.759242589212049
300,1,linCmt,ResErr,structural_other,0.1,100,11.165021836999994,11.370408664199996,11.165021836999994,11.59299864694954,14.191483849799999
300,1,linCmt,TVKA,structural_other,0.7,100,0,0,0,0,0
300,1,linCmt,TVQ,structural_other,1.8,100,3.1657676746047096,3.167450676051141,3.1657676746047096,3.2451302078147592,3.988564681665574
300,1,linCmt,TVVp,structural_other,80,100,1.0759720815676221,1.082482926103383,1.0759720815676221,1.2294048909574657,1.84259117039993
300,1,linCmt,cov_VcCL,structural_other,0.02,100,-7.4454006944999955,-7.1038556315035,19.618229154250006,24.894236925718996,38.38822795920002
300,1,linCmt,var_CL,structural_other,0.1,100,-1.8831172188499972,-1.9647707945270074,5.606076548350006,8.832833401551374,15.824598528370002
300,1,linCmt,var_Vc,structural_other,0.1,100,-40.786690480399976,-40.41441289743501,40.786690480399976,41.3644754059394,51.17020102681003
300,1,ode,TVCL,structural_intercept,0.6,100,0.35567760788520386,0.2708770557618955,1.205944013954454,3.7478480823128506,3.1190214060353263
300,1,ode,TVVc,structural_intercept,20,100,1.8886820303281926,1.9495469173153832,2.0614672313286153,3.2689055654992987,4.7712120256496124
300,1,ode,ResErr,structural_other,0.1,100,11.160493885999996,11.302163151909994,11.160493885999996,11.535406539523223,14.429120333399991
300,1,ode,TVKA,structural_other,0.7,100,0,0,0,0,0
300,1,ode,TVQ,structural_other,1.8,100,3.196650523738557,3.16327084549176,3.196650523738557,3.240151220426811,4.005618028829602
300,1,ode,TVVp,structural_other,80,100,1.0913990761054304,1.085410310212548,1.0913990761054304,1.2326069113777147,1.8335801444608952
300,1,ode,cov_VcCL,structural_other,0.02,100,-7.350085915750021,-7.0383214607495,19.52790213024999,24.9141185173509,38.95383831590001
300,1,ode,var_CL,structural_other,0.1,100,-1.6921981964499873,-1.9626576891050038,5.6344233194499935,8.81931302557095,15.805018955260008
300,1,ode,var_Vc,structural_other,0.1,100,-41.05677006795001,-40.236138367183,41.05677006795001,41.16054478099412,50.87201038938001
300,2,linCmt,VcSEX,covariate_beta,0.4054651081081644,100,-6.5442895164201875,-7.4551417674071665,8.25537926572232,13.21958835386613,21.475261930512605
300,2,linCmt,TVCL,structural_intercept,0.6,100,-0.06635447590087422,0.2422413139762817,1.4413294854965046,3.0911378400199903,3.5226718703077595
300,2,linCmt,TVVc,structural_intercept,20,100,2.354595833394253,2.74238644201749,2.446175132370767,4.185876114858892,7.225945701339989
300,2,linCmt,ResErr,structural_other,0.1,100,8.179152700499994,8.321477765989993,8.179152700499994,8.790204845835634,11.9286174399
300,2,linCmt,TVKA,structural_other,0.7,100,0,0,0,0,0
300,2,linCmt,TVQ,structural_other,1.8,100,2.364579997163243,2.339203510964517,2.364579997163243,2.535062185292843,3.6334701463301684
300,2,linCmt,TVVp,structural_other,80,100,0.5875181819057573,0.5764541974951684,0.6566871312733191,0.8757826050490337,1.382001878471098
300,2,linCmt,cov_VcCL,structural_other,0.02,100,0.39413596724999567,0.6226080898049985,14.02006842425002,21.949830815930067,39.10075491875
300,2,linCmt,var_CL,structural_other,0.1,100,0.6131188400000098,0.2864424912479956,5.550283651700017,7.669839635131299,12.003363848400012
300,2,linCmt,var_Vc,structural_other,0.1,100,-26.01902745229999,-24.951981695026003,26.01902745229999,26.60458432299377,34.33667286425001
300,2,ode,VcSEX,covariate_beta,0.4054651081081644,100,-6.654777688408705,-7.538218797769083,8.454762320474433,13.259220427504804,21.464294958334055
300,2,ode,TVCL,structural_intercept,0.6,100,-0.04015619495636077,0.38391858430000836,1.462400709291147,3.3369006993280643,3.6630385277785975
300,2,ode,TVVc,structural_intercept,20,100,2.4604054661355956,2.77707425004116,2.471995352638201,4.212635018493657,7.254032063043249
300,2,ode,ResErr,structural_other,0.1,100,8.0509680015,8.335421309889995,8.0509680015,8.806012040143218,12.000686709699998
300,2,ode,TVKA,structural_other,0.7,100,0,0,0,0,0
300,2,ode,TVQ,structural_other,1.8,100,2.3498981295100676,2.3320171422021474,2.3498981295100676,2.5288729350472017,3.5918675419785577
300,2,ode,TVVp,structural_other,80,100,0.5811013573270786,0.5851688962375761,0.5929760154950081,0.8829041420931546,1.4111411215123282
300,2,ode,cov_VcCL,structural_other,0.02,100,0.23227209749999284,0.6790563765800026,13.940663433500038,21.984819613271817,39.02247779600003
300,2,ode,var_CL,structural_other,0.1,100,0.5568880645000496,0.26773726762299455,5.385364965599979,7.669333914666238,11.951558677790025
300,2,ode,var_Vc,structural_other,0.1,100,-26.46508949495003,-25.031653901367,26.46508949495003,26.706029635229328,34.59647390892
300,3,linCmt,VcBW,covariate_beta,1,99,-16.511541112899998,-43.13663873136636,17.280789500100003,61.077147202051094,98.99301025460102
300,3,linCmt,TVCL,structural_intercept,0.6,100,0.3545373160738404,0.2808572257653149,1.502898105656773,3.3063989313593423,3.37932081074836
300,3,linCmt,TVVc,structural_intercept,20,100,3.066961791715146,2.9422604579917246,3.144896851387831,4.083777064594119,6.883513692745108
300,3,linCmt,ResErr,structural_other,0.1,100,9.756432870499994,10.115464381809995,9.756432870499994,10.418145649465302,13.145931346499989
300,3,linCmt,TVKA,structural_other,0.7,100,0,0,0,0,0
300,3,linCmt,TVQ,structural_other,1.8,100,3.0776615309877875,3.05239726997281,3.0776615309877875,3.19199006353837,4.2631606469692
300,3,linCmt,TVVp,structural_other,80,100,0.834321563737559,0.8851145512934829,0.8523797356809304,1.117907519859668,1.7176163071660773
300,3,linCmt,cov_VcCL,structural_other,0.02,100,1.4475570432499751,-0.4824163645955024,14.251355619500023,23.334881257946126,38.2791961866
300,3,linCmt,var_CL,structural_other,0.1,100,-0.15347920940002313,-0.5002846729370067,6.387842535149992,8.506455899501569,13.459665872199938
300,3,linCmt,var_Vc,structural_other,0.1,100,-28.08471557415001,-28.694407039458003,28.08471557415001,30.525322851333403,42.033555233019996
300,3,ode,VcBW,covariate_beta,1,98,-16.9255601598,-43.95359747542353,17.772622801550003,61.95651704338472,98.99605542564491
300,3,ode,TVCL,structural_intercept,0.6,100,0.3471379278220758,0.2740847955489077,1.5333102249546668,3.302189148633652,3.357358336368152
300,3,ode,TVVc,structural_intercept,20,100,3.034302950484369,2.9273673236754836,3.1987601640842556,4.090083062081455,6.8657143926446835
300,3,ode,ResErr,structural_other,0.1,100,9.692789663999994,10.123508155059993,9.692789663999994,10.421802232831517,13.332680190099996
300,3,ode,TVKA,structural_other,0.7,100,0,0,0,0,0
300,3,ode,TVQ,structural_other,1.8,100,3.0892339601500765,3.044355561588815,3.0892339601500765,3.1826411898075815,4.266446681169891
300,3,ode,TVVp,structural_other,80,100,0.8725607761151366,0.8901697916563586,0.8725607761151366,1.12299200624614,1.7283708539999498
300,3,ode,cov_VcCL,structural_other,0.02,100,1.5682737674999578,-0.5205769230440074,14.258510452250015,23.375706249751797,38.9277302635
300,3,ode,var_CL,structural_other,0.1,100,-0.1253055255500124,-0.5199442502620104,6.284558804650037,8.51643318630985,13.267561231840016
300,3,ode,var_Vc,structural_other,0.1,100,-28.71304266685002,-28.652917794792003,28.71304266685002,30.46613332922108,41.541042807669996
300,4,linCmt,VcBW,covariate_beta,1,98,-98.422205013325,-57.187758388763264,98.422205013325,72.09396265893875,98.956740796072
300,4,linCmt,VcSEX,covariate_beta,0.4054651081081644,100,-5.3093854551651125,-4.328405559353973,8.638118565430853,13.872468858458314,23.766067990481186
300,4,linCmt,TVCL,structural_intercept,0.6,100,0.011676005433484498,0.011549181867225299,1.2273219100221537,1.9325022768341766,3.213130947426357
300,4,linCmt,TVVc,structural_intercept,20,100,3.072756090411266,2.91380199524017,3.5019532496799233,4.654527416040608,7.161018587622473
300,4,linCmt,ResErr,structural_other,0.1,100,8.095586211999995,7.941571940289995,8.095586211999995,8.2923146513897,10.87564948399999
300,4,linCmt,TVKA,structural_other,0.7,100,0,0,0,0,0
300,4,linCmt,TVQ,structural_other,1.8,100,2.8740028684924623,2.8420084469887685,2.8740028684924623,3.005899760444942,4.075828879207417
300,4,linCmt,TVVp,structural_other,80,100,0.750857455454943,0.7627697626253562,0.750857455454943,1.0284380854102833,1.6602030835220474
300,4,linCmt,cov_VcCL,structural_other,0.02,100,4.358805589999969,3.579102801084498,14.90389993800002,23.32000453857446,36.02330274789999
300,4,linCmt,var_CL,structural_other,0.1,100,-0.11682219044999859,0.5925576601129979,5.541941414499984,8.476362823877313,14.098071336519997
300,4,linCmt,var_Vc,structural_other,0.1,100,-18.557830785599993,-18.98162292772301,18.557830785599993,21.496485145276377,34.65533741150001
300,4,ode,VcBW,covariate_beta,1,98,-98.734682548195,-58.11448778648496,98.734682548195,72.77784228837606,98.95564754813199
300,4,ode,VcSEX,covariate_beta,0.4054651081081644,100,-5.3720327409414885,-4.303147039300829,8.560419110853873,13.793838458123453,23.787417553234917
300,4,ode,TVCL,structural_intercept,0.6,100,0.016997803332594964,0.008754339770870414,1.218037106399376,1.9315226169654933,3.1958891350182586
300,4,ode,TVVc,structural_intercept,20,100,3.076366847057939,2.8945639975189623,3.5916674915713465,4.628602869991338,7.187179337092722
300,4,ode,ResErr,structural_other,0.1,100,8.161373330999998,7.958428939139994,8.161373330999998,8.309474380162948,10.867018056599997
300,4,ode,TVKA,structural_other,0.7,100,0,0,0,0,0
300,4,ode,TVQ,structural_other,1.8,100,2.8566237107124914,2.8398704651842372,2.8566237107124914,3.005931727835391,4.0746188762857845
300,4,ode,TVVp,structural_other,80,100,0.7475856924987223,0.7729792232619375,0.7475856924987223,1.0345295123804503,1.7008878725038714
300,4,ode,cov_VcCL,structural_other,0.02,100,4.221466823749967,3.6043783805894978,14.806269701249992,23.251491409702123,36.25460510705008
300,4,ode,var_CL,structural_other,0.1,100,-0.05086830905001727,0.5728356311229942,5.473564068899983,8.462300765950879,14.179829335900049
300,4,ode,var_Vc,structural_other,0.1,100,-18.556398389450006,-19.001410546765005,18.556398389450006,21.52915409940442,34.16324589562004
300,5,linCmt,CLcrCL,covariate_beta,0.5,100,0.7448827038999961,0.13059651574221987,5.761878983800001,13.402195288386196,16.01176262452001
300,5,linCmt,TVCL,structural_intercept,0.6,100,0.30649212262898184,0.4483398602066698,1.1415413333423496,1.891673261439829,3.1192600269181234
300,5,linCmt,TVVc,structural_intercept,20,100,1.2295591513352733,1.5642942691617467,1.7218710649348081,3.0533223786013943,4.61857026095723
300,5,linCmt,ResErr,structural_other,0.1,100,13.38129382949999,13.496946536379994,13.38129382949999,13.863463796340389,17.637141595499997
300,5,linCmt,TVKA,structural_other,0.7,100,0,0,0,0,0
300,5,linCmt,TVQ,structural_other,1.8,100,3.298673983446015,3.2786020494412065,3.298673983446015,3.3872490927098977,4.2067206361175
300,5,linCmt,TVVp,structural_other,80,100,1.237877064582582,1.2151301579609068,1.237877064582582,1.362203521264555,1.9712634461690512
300,5,linCmt,cov_VcCL,structural_other,0.02,100,-5.123962323250013,-7.973734367035007,14.140539737750018,26.317015797826244,43.79328510245
300,5,linCmt,var_CL,structural_other,0.1,100,-3.990069642850008,-2.679853514806005,6.4878180069000075,8.949064327453197,13.024379082689997
300,5,linCmt,var_Vc,structural_other,0.1,100,-43.882427042850026,-43.50072734001401,43.882427042850026,44.33488347223883,54.57119655757001
300,5,ode,CLcrCL,covariate_beta,0.5,100,0.6437586576999998,0.14090398104180013,5.717882053899998,13.418853397028437,16.051278944080003
300,5,ode,TVCL,structural_intercept,0.6,100,0.29628411754637857,0.4401141315508706,1.1356366366395698,1.88830327538538,3.1061741751709007
300,5,ode,TVVc,structural_intercept,20,100,1.2325713725021537,1.5727929534250915,1.6187065317705953,3.0284181317537144,4.575404946764812
300,5,ode,ResErr,structural_other,0.1,100,13.496963168499999,13.421673863179995,13.496963168499999,13.779471419505754,17.545019491099996
300,5,ode,TVKA,structural_other,0.7,100,0,0,0,0,0
300,5,ode,TVQ,structural_other,1.8,100,3.3073142361549963,3.275824998147276,3.3073142361549963,3.386420624602445,4.204094162141389
300,5,ode,TVVp,structural_other,80,100,1.2159411752996352,1.222707747913488,1.2159411752996352,1.3663786981978576,1.9532133545348669
300,5,ode,cov_VcCL,structural_other,0.02,100,-4.680042851999958,-7.900584346246005,14.88621563825003,26.379276075353204,44.89492583379999
300,5,ode,var_CL,structural_other,0.1,100,-4.024356424749999,-2.654089882370007,6.493264244950024,8.971671669540529,12.977204173219995
300,5,ode,var_Vc,structural_other,0.1,100,-43.1220083363,-43.342167844842,43.1220083363,44.159900817235936,54.60943184653999
300,6,linCmt,CLcrCL,covariate_beta,0.5,100,0.5012698109999936,-5.4931960070937205,6.860584084499999,25.864985408843765,19.372993300040005
300,6,linCmt,VcSEX,covariate_beta,0.4054651081081644,100,-7.704205805874468,-7.091658366236962,9.125748366069905,11.859419130705726,17.78911394008851
300,6,linCmt,TVCL,structural_intercept,0.6,100,0.09509482601312755,0.04848650838280049,1.1714624411320689,2.514445272408055,2.880874993765801
300,6,linCmt,TVVc,structural_intercept,20,100,3.038606129652015,3.070210200767687,3.057342064141624,4.173201311475503,6.767785240142575
300,6,linCmt,ResErr,structural_other,0.1,100,9.5503570735,9.880353006339995,9.5503570735,10.262026231970943,13.737886315699999
300,6,linCmt,TVKA,structural_other,0.7,100,0,0,0,0,0
300,6,linCmt,TVQ,structural_other,1.8,100,2.684216764373563,2.620726225942262,2.684216764373563,2.7979657765261416,3.6947400319695443
300,6,linCmt,TVVp,structural_other,80,100,0.7800950888935709,0.7692713296990608,0.7902615738223863,1.0315505297641847,1.5356499897649634
300,6,linCmt,cov_VcCL,structural_other,0.02,100,-2.381349234749997,-1.5411873813809989,15.520199840999993,25.165334670091553,41.55160448054998
300,6,linCmt,var_CL,structural_other,0.1,100,-1.216197839550022,-0.40325799512700605,5.505768083649977,9.275776404802453,16.184797470999985
300,6,linCmt,var_Vc,structural_other,0.1,100,-27.684464345049996,-26.687922038943,27.684464345049996,28.355224956181353,38.168247454749995
300,6,ode,CLcrCL,covariate_beta,0.5,100,0.42082817540000095,-5.506053012035321,6.771919345099997,25.86775467687797,19.29614251396001
300,6,ode,VcSEX,covariate_beta,0.4054651081081644,100,-7.538061462618108,-7.056366488386445,9.072262126153511,11.849448846923234,17.877831705194954
300,6,ode,TVCL,structural_intercept,0.6,100,0.07515701056382922,0.04318977344257384,1.1845402453610765,2.515940742902181,2.885414657987118
300,6,ode,TVVc,structural_intercept,20,100,3.0621993656790014,3.059458966598596,3.137604820788429,4.170195487812059,6.7865078901278855
300,6,ode,ResErr,structural_other,0.1,100,9.496000371499996,9.859744242719994,9.496000371499996,10.236906467627495,13.79978621709999
300,6,ode,TVKA,structural_other,0.7,100,0,0,0,0,0
300,6,ode,TVQ,structural_other,1.8,100,2.6669013319699384,2.602664631955234,2.6669013319699384,2.7841456608841235,3.724617388031657
300,6,ode,TVVp,structural_other,80,100,0.7914893427550496,0.7759312639563927,0.7940001943248377,1.0387860559682325,1.5994026727206596
300,6,ode,cov_VcCL,structural_other,0.02,100,-2.273250087499977,-1.386546944969003,15.158162698000005,25.24042805035008,42.67634926659999
300,6,ode,var_CL,structural_other,0.1,100,-1.209353764200026,-0.44547655367200534,5.410252149049985,9.229750487062498,15.84833826290003
300,6,ode,var_Vc,structural_other,0.1,100,-27.368524897399993,-26.528092764681006,27.368524897399993,28.216249290196444,37.95404719520001
300,7,linCmt,CLcrCL,covariate_beta,0.5,100,-1.3531238534000012,-10.1961726117606,6.5408471814,31.086402248857926,23.608313291100014
300,7,linCmt,VcBW,covariate_beta,1,100,-19.608973556299997,-44.88954467689033,19.608973556299997,62.74142672897054,98.971079773545
300,7,linCmt,TVCL,structural_intercept,0.6,100,0.0055163509201464995,-0.06758053800418128,1.3667710583505541,2.2820713771988537,3.872096066134641
300,7,linCmt,TVVc,structural_intercept,20,100,2.5716373617037025,3.093175993300681,2.600900109879785,4.461750944222639,6.117835713007996
300,7,linCmt,ResErr,structural_other,0.1,100,10.754336124999993,10.827048268069994,10.754336124999993,11.17457171030603,13.811263348399988
300,7,linCmt,TVKA,structural_other,0.7,100,0,0,0,0,0
300,7,linCmt,TVQ,structural_other,1.8,100,2.8571565099965106,2.8840605821348286,2.8571565099965106,3.0120206810923524,3.9163848843791498
300,7,linCmt,TVVp,structural_other,80,100,1.0152621480685389,0.9732403262979283,1.0152621480685389,1.1366779826113076,1.6171632700257281
300,7,linCmt,cov_VcCL,structural_other,0.02,100,-2.4373696000000096,-1.5628274034690008,16.87186686375003,25.407159870571867,40.82176674849999
300,7,linCmt,var_CL,structural_other,0.1,100,-2.764422426100012,-2.0925646260470043,6.153140107499996,10.007018232386693,18.03744934364002
300,7,linCmt,var_Vc,structural_other,0.1,100,-27.574247576900003,-29.026728661249003,27.574247576900003,30.71999824333614,43.15850557936005
300,7,ode,CLcrCL,covariate_beta,0.5,100,-1.3995812343000014,-11.01816777756086,6.522395964100003,32.588333435308634,31.896517775724238
300,7,ode,VcBW,covariate_beta,1,100,-19.601161376000004,-44.88843608730149,19.601161376000004,62.74448682394631,98.972327963635
300,7,ode,TVCL,structural_intercept,0.6,100,-0.04044589483688059,-0.10115254285191853,1.3758089277913963,2.288146924848166,3.8906523010028464
300,7,ode,TVVc,structural_intercept,20,100,2.546015650742808,3.0883768735474777,2.617662976004551,4.444492078344441,6.193368690632636
300,7,ode,ResErr,structural_other,0.1,100,10.778918142999991,10.840609665479995,10.778918142999991,11.178846870046618,13.7383468474
300,7,ode,TVKA,structural_other,0.7,100,0,0,0,0,0
300,7,ode,TVQ,structural_other,1.8,100,2.8641093170081517,2.8727637159930293,2.8641093170081517,3.0013374104734276,3.950238458341812
300,7,ode,TVVp,structural_other,80,100,0.9970807121810844,0.9824881457279694,0.9970807121810844,1.141193582365184,1.6300777856506792
300,7,ode,cov_VcCL,structural_other,0.02,100,-1.9191652120000187,-1.313653241760504,16.77664240149999,25.343579946842443,40.658445210050004
300,7,ode,var_CL,structural_other,0.1,100,-2.868536031199999,-2.107606706802002,6.24073637900003,10.065150288791521,18.12090799060998
300,7,ode,var_Vc,structural_other,0.1,100,-27.76117399285,-29.069180321145005,27.76117399285,30.794539983527834,43.3001974297
300,8,linCmt,CLcrCL,covariate_beta,0.5,100,-1.959086218099998,-7.679882727793021,8.926476975699993,29.721604933357575,20.61403196128
300,8,linCmt,VcBW,covariate_beta,1,99,-23.2478213539,-49.66911591935278,23.2478213539,66.70795307514902,98.9988802982958
300,8,linCmt,VcSEX,covariate_beta,0.4054651081081644,100,-3.1009656044954244,-3.4224413381835364,7.46743138374385,11.573864625277839,18.244596934350824
300,8,linCmt,TVCL,structural_intercept,0.6,100,0.0022800484204924905,0.3064855390799498,1.3120129118860866,3.271078957066748,3.644204194336996
300,8,linCmt,TVVc,structural_intercept,20,100,3.3586219869329788,3.6425667240580086,3.3586219869329788,5.315174785350529,7.3876520240093155
300,8,linCmt,ResErr,structural_other,0.1,100,9.406820938499996,9.529999970269994,9.406820938499996,9.850973127519097,12.829374109199989
300,8,linCmt,TVKA,structural_other,0.7,100,0,0,0,0,0
300,8,linCmt,TVQ,structural_other,1.8,100,2.84065724134313,2.7773716353860367,2.84065724134313,2.930399804507772,3.9482965923350486
300,8,linCmt,TVVp,structural_other,80,100,0.9287197008163338,0.8219304643311729,0.9287197008163338,1.053928232331019,1.511732954500589
300,8,linCmt,cov_VcCL,structural_other,0.02,100,2.441253983500001,3.726571048839496,16.927622462500008,24.297428726220996,38.94251347010002
300,8,linCmt,var_CL,structural_other,0.1,100,-2.9081524246999875,-1.6002609324860053,5.027005472499998,8.590586079145936,13.816187470479996
300,8,linCmt,var_Vc,structural_other,0.1,100,-21.06233742530002,-20.006469615280007,21.06233742530002,21.684814326855346,29.869465065129997
300,8,ode,CLcrCL,covariate_beta,0.5,100,-1.9434521791000026,-7.623295038158701,8.8464090341,29.70791380893372,20.622283255480006
300,8,ode,VcBW,covariate_beta,1,98,-22.156126988300002,-48.0311658873274,22.156126988300002,65.5466538687453,98.98967682489399
300,8,ode,VcSEX,covariate_beta,0.4054651081081644,100,-3.041190588802753,-3.264730400188494,7.575562451925194,11.991180054462369,19.337835103494957
300,8,ode,TVCL,structural_intercept,0.6,100,0.005226925259264418,0.3036280437861102,1.3133826575804641,3.2735061629409734,3.662904021805306
300,8,ode,TVVc,structural_intercept,20,100,3.583512539107421,3.6786166855351494,3.583512539107421,5.347078710383967,7.3670015121069365
300,8,ode,ResErr,structural_other,0.1,100,9.570090001499999,9.560895732339995,9.570090001499999,9.886422755608773,12.835310837899996
300,8,ode,TVKA,structural_other,0.7,100,0,0,0,0,0
300,8,ode,TVQ,structural_other,1.8,100,2.855389607823,2.771097226456209,2.855389607823,2.922507012124794,4.0487755424699055
300,8,ode,TVVp,structural_other,80,100,0.9059733347374356,0.8367140224124707,0.9059733347374356,1.062192221939728,1.537043626187078
300,8,ode,cov_VcCL,structural_other,0.02,100,2.629770778749983,3.8817840938309978,16.99498153424999,24.408488774362848,40.01122006744998
300,8,ode,var_CL,structural_other,0.1,100,-2.8159219108500193,-1.5846266094580088,5.112082989850025,8.604428772863903,13.885350178120037
300,8,ode,var_Vc,structural_other,0.1,100,-20.98049884845001,-20.097590119359005,20.98049884845001,21.808426049077628,30.388653127020014
300,9,linCmt,CLBW,covariate_beta,0.75,100,-4.2582259566,-22.206037819833117,9.400264692200002,49.01209386923669,98.82309491043466
300,9,linCmt,TVCL,structural_intercept,0.6,100,-0.03918029913796417,-0.2657909062767435,1.5038000355071894,3.117340959156638,3.875086801525068
300,9,linCmt,TVVc,structural_intercept,20,100,1.489816443983747,1.7973743586949382,1.7935370776565929,3.6122841544306636,4.812008658455012
300,9,linCmt,ResErr,structural_other,0.1,100,14.661536877499998,14.992686964809995,14.661536877499998,15.200382213169888,18.078883953799995
300,9,linCmt,TVKA,structural_other,0.7,100,0,0,0,0,0
300,9,linCmt,TVQ,structural_other,1.8,100,3.8701692855247307,3.910015133428637,3.8701692855247307,3.9739337988988432,4.671154187461333
300,9,linCmt,TVVp,structural_other,80,100,1.3618936859319497,1.422341491798427,1.3618936859319497,1.5493654786106894,2.1595156830020756
300,9,linCmt,cov_VcCL,structural_other,0.02,100,-7.066392005000013,-6.784541700247002,13.697019923999997,23.932184233027172,39.82762054730004
300,9,linCmt,var_CL,structural_other,0.1,100,-3.521321122350027,-3.4643983185240055,5.744260009949986,8.887834304720696,14.280346737480034
300,9,linCmt,var_Vc,structural_other,0.1,100,-46.840040258100004,-45.632392103021004,46.840040258100004,46.39174657172526,54.96533521202001
300,9,ode,CLBW,covariate_beta,0.75,100,-4.313832990133333,-22.1796792862542,9.455541971599997,49.00942139535057,98.82309931518269
300,9,ode,TVCL,structural_intercept,0.6,100,-0.06229995678154928,-0.3056806649568174,1.5224128105611283,3.138392971149047,3.877439077026279
300,9,ode,TVVc,structural_intercept,20,100,1.4006740184068711,1.6462161509232613,1.9367900781985712,3.500987930047318,4.68276625698474
300,9,ode,ResErr,structural_other,0.1,100,14.795891607499994,14.936908127439994,14.795891607499994,15.130081742845277,17.891529400799996
300,9,ode,TVKA,structural_other,0.7,100,0,0,0,0,0
300,9,ode,TVQ,structural_other,1.8,100,3.9477990829375877,3.962962940630213,3.9477990829375877,4.025611696980737,4.796155084377981
300,9,ode,TVVp,structural_other,80,100,1.4704139587288978,1.442714254799518,1.4704139587288978,1.5542851840308836,2.1753067590884645
300,9,ode,cov_VcCL,structural_other,0.02,100,-7.7761820040000025,-6.1812256812685,14.446429472999991,23.981962101027275,39.479625770950044
300,9,ode,var_CL,structural_other,0.1,100,-3.435882762300016,-3.457488283868003,5.714452367099998,8.900463033754992,14.274081730839997
300,9,ode,var_Vc,structural_other,0.1,100,-45.195006968600026,-45.215608151124,45.195006968600026,45.878666727006205,54.31151178627
300,10,linCmt,CLBW,covariate_beta,0.75,99,-0.8640905517333319,-13.786909864901158,10.059914877066662,40.19343088353274,98.70918464068295
300,10,linCmt,VcSEX,covariate_beta,0.4054651081081644,100,-8.35620243200457,-7.544940525978243,8.968435258256392,11.69387433357066,17.815621585667575
300,10,linCmt,TVCL,structural_intercept,0.6,100,-10.097422517832781,-9.60357983569123,10.097422517832781,11.029847723675038,14.299994919175871
300,10,linCmt,TVVc,structural_intercept,20,100,2.959368219559666,3.402785190701728,2.959368219559666,4.878976042340587,6.821307376580781
300,10,linCmt,ResErr,structural_other,0.1,100,11.0021365795,11.198403699259993,11.0021365795,11.492837796282833,14.805752399699992
300,10,linCmt,TVKA,structural_other,0.7,100,0,0,0,0,0
300,10,linCmt,TVQ,structural_other,1.8,100,2.7770790990644203,2.7883532546487375,2.7770790990644203,2.92743884434437,4.00391246115352
300,10,linCmt,TVVp,structural_other,80,100,0.7865315630317582,0.8794972192945308,0.7865315630317582,1.1110647837638286,1.7235630198081535
300,10,linCmt,cov_VcCL,structural_other,0.02,100,-1.546350970250002,1.9419748552749965,16.75511548525,25.670115003016747,40.72552197610001
300,10,linCmt,var_CL,structural_other,0.1,100,-1.0720692816999917,-0.22554819128400627,6.427512727699987,7.9316342254534336,11.945618583609994
300,10,linCmt,var_Vc,structural_other,0.1,100,-29.294495994699975,-29.530487834037007,29.294495994699975,30.98568160037165,39.65960597422
300,10,ode,CLBW,covariate_beta,0.75,99,-0.7754610638666708,-13.780506300648243,10.051679878000003,40.19508138672532,98.70780423325493
300,10,ode,VcSEX,covariate_beta,0.4054651081081644,100,-8.530917221843163,-7.5130983859227385,8.924100694013774,11.674999753993133,17.818735341955733
300,10,ode,TVCL,structural_intercept,0.6,100,-10.105862631661013,-9.61220258671162,10.105862631661013,11.038183724592699,14.312312740297827
300,10,ode,TVVc,structural_intercept,20,100,3.0069144577445517,3.3995163922242644,3.0069144577445517,4.874383110107773,6.856393386286991
300,10,ode,ResErr,structural_other,0.1,100,11.012682196499993,11.134096337699994,11.012682196499993,11.404612739208167,14.716688145799997
300,10,ode,TVKA,structural_other,0.7,100,0,0,0,0,0
300,10,ode,TVQ,structural_other,1.8,100,2.7671390243774185,2.7635550490475684,2.7671390243774185,2.9092243873062786,3.951434398439524
300,10,ode,TVVp,structural_other,80,100,0.8341352491018129,0.8870403753775161,0.8341352491018129,1.1162582789949023,1.7473402779111955
300,10,ode,cov_VcCL,structural_other,0.02,100,-1.5714777509999531,2.045671498739999,17.3294838295,25.771194387744895,40.54025135450003
300,10,ode,var_CL,structural_other,0.1,100,-1.1174364732999957,-0.19813798880200195,6.31241333709999,7.964113675830907,11.947553160180044
300,10,ode,var_Vc,structural_other,0.1,100,-29.703234834250004,-29.357024783168008,29.703234834250004,30.87879905560577,39.58845216202998
300,11,linCmt,CLBW,covariate_beta,0.75,99,-3.296049471066661,-19.5297900376007,9.3504858036,45.6798225103548,98.81216875081388
300,11,linCmt,VcBW,covariate_beta,1,100,-12.414134903599999,-32.37942873260223,12.414134903599999,52.20389885413393,98.921268175341
300,11,linCmt,TVCL,structural_intercept,0.6,100,-10.346960281153608,-9.158395413342518,10.346960281153608,10.724615039490558,14.351914198602298
300,11,linCmt,TVVc,structural_intercept,20,100,-9.311322006533445,-7.242894259337247,9.311322006533445,9.382203850473516,13.590799414641427
300,11,linCmt,ResErr,structural_other,0.1,100,12.249613691999992,12.112172635069994,12.249613691999992,12.377819483701478,15.271445042199991
300,11,linCmt,TVKA,structural_other,0.7,100,0,0,0,0,0
300,11,linCmt,TVQ,structural_other,1.8,100,2.9556634436412876,2.8383902469367372,2.9556634436412876,2.96403353802997,3.9206952721610038
300,11,linCmt,TVVp,structural_other,80,100,0.9878985783561768,0.9687494156957993,0.9878985783561768,1.1331824471968104,1.7560235688923884
300,11,linCmt,cov_VcCL,structural_other,0.02,100,3.4296944034999886,3.6934237941294965,16.647255221250017,23.413535360075414,37.45428505004994
300,11,linCmt,var_CL,structural_other,0.1,100,-1.8451541931000028,-1.4721564341420064,5.384814187350005,8.63134576058226,13.939535135090017
300,11,linCmt,var_Vc,structural_other,0.1,100,-30.4917519535,-31.257892474673003,30.4917519535,32.47274561636508,42.66192990957002
300,11,ode,CLBW,covariate_beta,0.75,99,-3.304944528800006,-19.522357739271207,9.220239068266672,45.67684052531132,98.81139899568427
300,11,ode,VcBW,covariate_beta,1,100,-12.388463459549998,-32.473467873848286,12.388463459549998,52.1911099204999,98.919608452314
300,11,ode,TVCL,structural_intercept,0.6,100,-10.354567402198164,-9.16608692374295,10.354567402198164,10.732167360593786,14.375447022676157
300,11,ode,TVVc,structural_intercept,20,100,-9.265175398465555,-7.298498332836413,9.265175398465555,9.383184145451198,13.15055863773903
300,11,ode,ResErr,structural_other,0.1,100,12.2046388985,12.122724052339995,12.2046388985,12.376202034592582,15.26352479859999
300,11,ode,TVKA,structural_other,0.7,100,0,0,0,0,0
300,11,ode,TVQ,structural_other,1.8,100,2.9532914042371807,2.830652614521037,2.9532914042371807,2.9586188237128495,3.9408649829868483
300,11,ode,TVVp,structural_other,80,100,0.9841756259179758,0.985284408717403,0.9841756259179758,1.148106028023508,1.8337061106401917
300,11,ode,cov_VcCL,structural_other,0.02,100,3.3969019024999816,3.70741284022,16.379514479749975,23.434690284378775,37.42062326664998
300,11,ode,var_CL,structural_other,0.1,100,-1.6813428616999637,-1.4781288317000048,5.3085400764999875,8.607952297408081,13.660659655080018
300,11,ode,var_Vc,structural_other,0.1,100,-31.07596886775,-31.274704555648004,31.07596886775,32.49801194010351,42.20763859016001
300,12,linCmt,CLBW,covariate_beta,0.75,97,-4.74804681826666,-21.038605714126184,10.42287584533333,46.57144453783511,98.82609916779788
300,12,linCmt,VcBW,covariate_beta,1,99,-98.21220592272,-53.32877847092469,98.21220592272,71.62667573823238,98.975341732088
300,12,linCmt,VcSEX,covariate_beta,0.4054651081081644,100,-5.944405600674933,-5.744883846010362,8.318801854996215,13.358792839856507,19.95341745805316
300,12,linCmt,TVCL,structural_intercept,0.6,100,-10.323805747346363,-8.735472764190163,10.368350529746394,10.600556748083653,14.002128302291439
300,12,linCmt,TVVc,structural_intercept,20,100,-2.148096534773112,-3.890891020157869,5.054071867436365,8.160807355146797,13.692757041888438
300,12,linCmt,ResErr,structural_other,0.1,100,10.187293464499994,10.156356429349994,10.187293464499994,10.474256874629642,13.1244688275
300,12,linCmt,TVKA,structural_other,0.7,100,0,0,0,0,0
300,12,linCmt,TVQ,structural_other,1.8,100,2.6560164378577147,2.6062914302218783,2.6560164378577147,2.7747926860665997,3.8017688238966034
300,12,linCmt,TVVp,structural_other,80,100,0.6286060204797295,0.625285721501987,0.7305117472756795,0.9331949063119821,1.4388136591240865
300,12,linCmt,cov_VcCL,structural_other,0.02,100,2.9449238494999848,3.235199383179501,13.7028796465,20.780531898330445,33.295732226750005
300,12,linCmt,var_CL,structural_other,0.1,100,-1.6665430713500087,-1.7009375590070035,4.983199278599984,8.85139926599581,14.910624815499993
300,12,linCmt,var_Vc,structural_other,0.1,100,-23.380870669250008,-22.53057723187,23.380870669250008,24.067899094945158,33.29484028125002
300,12,ode,CLBW,covariate_beta,0.75,97,-4.816581781200005,-21.023179117028192,10.402595409066667,46.57438303953723,98.8259151164488
300,12,ode,VcBW,covariate_beta,1,99,-24.091726345599994,-51.39112986349556,53.678828725,70.26918110804809,98.97527599163799
300,12,ode,VcSEX,covariate_beta,0.4054651081081644,100,-6.118598300459987,-5.798832725320994,8.271009454583728,13.452535448225088,21.361385902916957
300,12,ode,TVCL,structural_intercept,0.6,100,-10.338857358682016,-8.745620716917443,10.371331679794103,10.611053353920061,13.975251802196178
300,12,ode,TVVc,structural_intercept,20,100,-2.884190475167907,-4.146484028505897,5.765617458640735,8.30691199856241,13.723290790709243
300,12,ode,ResErr,structural_other,0.1,100,10.146282414999993,10.137911827379995,10.146282414999993,10.455338680599692,13.1146342488
300,12,ode,TVKA,structural_other,0.7,100,0,0,0,0,0
300,12,ode,TVQ,structural_other,1.8,100,2.662555409871086,2.5817393372985045,2.662555409871086,2.7561418146577976,3.8744868578615788
300,12,ode,TVVp,structural_other,80,100,0.6350008733839818,0.630596631687097,0.7098330139056762,0.9362884982885968,1.467722717532853
300,12,ode,cov_VcCL,structural_other,0.02,100,2.7493306777499633,3.3660414375644994,13.543935345249986,20.699007477835856,33.43570133350002
300,12,ode,var_CL,structural_other,0.1,100,-1.6571133841000036,-1.7274506408060026,4.897368548549975,8.859471941284404,14.780716135399985
300,12,ode,var_Vc,structural_other,0.1,100,-23.103367487750013,-22.405916308277007,23.103367487750013,23.971641519882684,32.97255864147001
300,13,linCmt,CLBW,covariate_beta,0.75,98,-1.3684186514666703,-10.964560684044354,9.278637949533334,37.97883198373247,98.68120899251373
300,13,linCmt,CLcrCL,covariate_beta,0.5,100,-1.5408905976000031,-8.46865938494156,6.657080859500003,28.365753392241018,26.969767458800064
300,13,linCmt,TVCL,structural_intercept,0.6,100,-14.08078487163243,-13.856089522234004,14.08078487163243,14.80407228870601,19.479582806335852
300,13,linCmt,TVVc,structural_intercept,20,100,0.8426187104849169,0.43171655947588744,1.6590425259791264,3.622954199640454,4.490881199700269
300,13,linCmt,ResErr,structural_other,0.1,100,18.078230100999992,17.800452857859995,18.078230100999992,18.032694102080278,21.297786266099987
300,13,linCmt,TVKA,structural_other,0.7,100,0,0,0,0,0
300,13,linCmt,TVQ,structural_other,1.8,100,3.8493347179457897,3.8887220445401742,3.8493347179457897,3.9680644652044137,4.914007966640113
300,13,linCmt,TVVp,structural_other,80,100,1.6711336505885208,1.6770416324004167,1.6711336505885208,1.7809386295486764,2.3517406832158745
300,13,linCmt,cov_VcCL,structural_other,0.02,100,-18.023171356000002,-16.682200244679,22.8200933295,30.92666610027395,48.02729838145001
300,13,linCmt,var_CL,structural_other,0.1,100,-3.9225220911000074,-3.052946017599008,6.936491473749987,8.696891889062565,14.399992990020028
300,13,linCmt,var_Vc,structural_other,0.1,100,-51.700555592499995,-52.070202686311006,51.700555592499995,53.087468459549015,64.38187062771003
300,13,ode,CLBW,covariate_beta,0.75,98,-1.2929830964666673,-11.060541590873619,9.525108488133334,37.98428767318265,98.68365580923188
300,13,ode,CLcrCL,covariate_beta,0.5,100,-1.486517355200001,-8.550872404984421,6.928393125499999,28.41000469665125,26.99081499390007
300,13,ode,TVCL,structural_intercept,0.6,100,-14.076226694581132,-13.841253633258715,14.076226694581132,14.782949437685474,19.52600825005154
300,13,ode,TVVc,structural_intercept,20,100,0.8899644844089051,0.5646514581184681,1.521170919790622,3.6767561087797884,4.415911882982536
300,13,ode,ResErr,structural_other,0.1,100,17.198182664499996,17.857905867529993,17.198182664499996,18.12691976908449,22.03710640969999
300,13,ode,TVKA,structural_other,0.7,100,0,0,0,0,0
300,13,ode,TVQ,structural_other,1.8,100,3.889874477743169,3.9654835155053503,3.889874477743169,4.047973452964628,5.127251873428586
300,13,ode,TVVp,structural_other,80,100,1.675318171119091,1.7242074057744174,1.675318171119091,1.8220685318402576,2.4501046857520006
300,13,ode,cov_VcCL,structural_other,0.02,100,-17.386555010249953,-16.705605156207497,22.513958897250035,31.262762214114375,54.16396771657498
300,13,ode,var_CL,structural_other,0.1,100,-3.8540444284999795,-3.0207246830470034,7.328297073749955,8.659544825779752,14.183974404429975
300,13,ode,var_Vc,structural_other,0.1,100,-52.630903760149984,-52.357369868788,52.630903760149984,53.37655076245679,65.23534189556999
300,14,linCmt,CLBW,covariate_beta,0.75,99,-1.5615981805333266,-19.03121750073608,11.168740139066664,46.69965067123108,98.79084851467867
300,14,linCmt,CLcrCL,covariate_beta,0.5,100,-2.5309638888999952,-7.37547710511416,8.331864882599998,26.544819840033473,19.880323376540034
300,14,linCmt,VcSEX,covariate_beta,0.4054651081081644,100,-8.276607148083393,-8.877340089241974,9.514641363387778,14.133726409389217,20.38493157729745
300,14,linCmt,TVCL,structural_intercept,0.6,100,-14.432820246417217,-12.932862068919155,14.432820246417217,13.929521952772891,18.42834213068966
300,14,linCmt,TVVc,structural_intercept,20,100,3.346268418370215,3.1542432195175962,3.494826670752023,4.498869629334594,7.280008002167734
300,14,linCmt,ResErr,structural_other,0.1,100,14.562319362999995,14.523050016219996,14.562319362999995,14.825756890192658,17.933141694300005
300,14,linCmt,TVKA,structural_other,0.7,100,0,0,0,0,0
300,14,linCmt,TVQ,structural_other,1.8,100,2.636761911313907,2.6280644949924827,2.636761911313907,2.7862178584812516,3.869844331902054
300,14,linCmt,TVVp,structural_other,80,100,1.3840560790577783,1.211657400229524,1.3840560790577783,1.4058973067258589,1.9840889238115889
300,14,linCmt,cov_VcCL,structural_other,0.02,100,-5.008475896499994,-4.130559372943002,19.685146244750023,27.82013669235479,45.142391582750044
300,14,linCmt,var_CL,structural_other,0.1,100,-3.299800877150004,-2.808675623612007,6.328689592499999,8.70285386408504,13.954988838510015
300,14,linCmt,var_Vc,structural_other,0.1,100,-34.395891488599986,-32.909040606866,34.395891488599986,34.17654727012746,42.67900173368997
300,14,ode,CLBW,covariate_beta,0.75,99,-1.4948367791999928,-18.950680980756065,10.946487036399999,46.68855764058367,98.78978087501334
300,14,ode,CLcrCL,covariate_beta,0.5,100,-2.4523632138999996,-7.3793193911084,8.443026143500004,26.548508822650625,19.839179467460035
300,14,ode,VcSEX,covariate_beta,0.4054651081081644,100,-8.466440852663133,-8.940741425726745,9.668941167856557,14.166706940427767,20.39526141961
300,14,ode,TVCL,structural_intercept,0.6,100,-14.452882550615934,-12.95012970969951,14.452882550615934,13.946540238358349,18.455874947838044
300,14,ode,TVVc,structural_intercept,20,100,3.436155923846149,3.1025884195263997,3.5339348770881602,4.496010333215626,7.254612268629672
300,14,ode,ResErr,structural_other,0.1,100,14.402981873499998,14.535232179189993,14.402981873499998,14.802990164393586,17.863256625899997
300,14,ode,TVKA,structural_other,0.7,100,0,0,0,0,0
300,14,ode,TVQ,structural_other,1.8,100,2.6283244405615283,2.6308725953675305,2.6283244405615283,2.791890052890288,3.8009592196127304
300,14,ode,TVVp,structural_other,80,100,1.3823388309499407,1.2357779203270547,1.3823388309499407,1.4253567130542104,2.0107664259961555
300,14,ode,cov_VcCL,structural_other,0.02,100,-4.847413692000016,-4.0571026517324995,20.118057128500006,27.73921171798641,44.69677329184997
300,14,ode,var_CL,structural_other,0.1,100,-3.3245776243499976,-2.8178620581480036,6.146271594499993,8.684555234554272,14.082479935290005
300,14,ode,var_Vc,structural_other,0.1,100,-34.4202223492,-32.876591521551,34.4202223492,34.169921954529606,43.5796505418
300,15,linCmt,CLBW,covariate_beta,0.75,99,-3.352053103200007,-19.192094614159124,11.15476356493333,45.624763834612274,98.80192002474374
300,15,linCmt,CLcrCL,covariate_beta,0.5,100,0.19938993029999796,-5.23566643634904,7.2883865948,26.167043662836704,21.10258707872001
300,15,linCmt,VcBW,covariate_beta,1,100,-9.3103684738,-30.38039988989697,9.382038992350001,50.33373156322403,98.85851121925701
300,15,linCmt,TVCL,structural_intercept,0.6,100,-14.058570705866192,-13.256191444797102,14.058570705866192,14.059218318986154,18.46839467533215
300,15,linCmt,TVVc,structural_intercept,20,100,-9.999936419923152,-8.390934972480558,9.999936419923152,10.14184476028512,14.572123923160948
300,15,linCmt,ResErr,structural_other,0.1,100,15.370868889499997,15.189996775309995,15.370868889499997,15.424327996595045,18.6239689504
300,15,linCmt,TVKA,structural_other,0.7,100,0,0,0,0,0
300,15,linCmt,TVQ,structural_other,1.8,100,3.1473693973652628,3.1403136289967946,3.1473693973652628,3.3023762201552356,4.497859512335538
300,15,linCmt,TVVp,structural_other,80,100,1.3696712063533047,1.3486733977464507,1.4070590567400743,1.5250729783526298,2.1148944344443525
300,15,linCmt,cov_VcCL,structural_other,0.02,100,2.244037411249962,3.0000048070749976,15.529086892500011,27.451871030353924,39.68945654015005
300,15,linCmt,var_CL,structural_other,0.1,100,-1.906478922800041,-1.9410692527630045,6.105214679150012,8.487324590135396,13.448644138049973
300,15,linCmt,var_Vc,structural_other,0.1,100,-36.851488052050044,-37.205818012092,36.851488052050044,38.36336559115405,48.304220659809985
300,15,ode,CLBW,covariate_beta,0.75,99,-2.307160691733327,-19.09822170372578,11.081806749599998,45.602850706779115,98.80584334542533
300,15,ode,CLcrCL,covariate_beta,0.5,100,0.3226129463999916,-5.23652680059604,7.450370127600003,26.175443192598387,21.06405158482001
300,15,ode,VcBW,covariate_beta,1,100,-9.20917001885,-31.17900014713592,9.374400816599998,51.23870655042981,98.893313134727
300,15,ode,TVCL,structural_intercept,0.6,100,-14.049476727755861,-13.282643874020767,14.049476727755861,14.002125122928428,18.383933901083687
300,15,ode,TVVc,structural_intercept,20,100,-9.822674104750062,-8.300587692328117,9.822674104750062,10.058955560994615,14.572346934824726
300,15,ode,ResErr,structural_other,0.1,100,14.912911657999995,15.179815654959993,14.912911657999995,15.424338814563257,18.660951558100003
300,15,ode,TVKA,structural_other,0.7,100,0,0,0,0,0
300,15,ode,TVQ,structural_other,1.8,100,3.141010190174777,3.1270855542145446,3.141010190174777,3.287085354980405,4.4231821606192545
300,15,ode,TVVp,structural_other,80,100,1.381070949161245,1.3695919551097304,1.381070949161245,1.528381237702856,2.1330509062658725
300,15,ode,cov_VcCL,structural_other,0.02,100,1.3080788639999867,3.2685787121799925,16.245397868999987,27.42026533536362,40.48562347770001
300,15,ode,var_CL,structural_other,0.1,100,-2.1334782804999923,-1.9405595928690074,5.768032774900019,8.398047280447116,13.326228613669993
300,15,ode,var_Vc,structural_other,0.1,100,-37.3091211801,-37.277257785625004,37.3091211801,38.46456496943848,48.719507887140004
300,16,linCmt,CLBW,covariate_beta,0.75,99,-3.618115315199999,-17.94070374772563,8.667419471333337,44.173674263606536,98.78003571563227
300,16,linCmt,CLcrCL,covariate_beta,0.5,100,-0.27558675550000133,-5.7866830377729395,6.369407592399995,28.173142929894123,23.504963282660015
300,16,linCmt,VcBW,covariate_beta,1,100,-13.794563067899995,-39.11794014284127,14.49707860065,60.37903192862238,98.891402438972
300,16,linCmt,VcSEX,covariate_beta,0.4054651081081644,100,-6.72371650827516,-6.468229137459606,7.763311149846921,12.261244188477495,19.796632033341687
300,16,linCmt,TVCL,structural_intercept,0.6,100,-13.820131807190467,-12.235669611167683,13.86702200932753,13.750246532483457,18.341541580095633
300,16,linCmt,TVVc,structural_intercept,20,100,-7.865947258247896,-6.165661942249507,7.865947258247896,8.723380946847398,12.728492495028343
300,16,linCmt,ResErr,structural_other,0.1,100,11.637692291499995,12.032350254429995,11.637692291499995,12.329859588861064,15.554627839099993
300,16,linCmt,TVKA,structural_other,0.7,100,0,0,0,0,0
300,16,linCmt,TVQ,structural_other,1.8,100,2.6238014194939945,2.5102620858362608,2.6238014194939945,2.682391963478082,3.4756892550054563
300,16,linCmt,TVVp,structural_other,80,100,0.9016779147418497,0.9163207957342646,0.9565309799759537,1.187261525837499,1.8481237340915762
300,16,linCmt,cov_VcCL,structural_other,0.02,100,6.010005794500009,4.276328102970997,14.273448919249962,21.21303693117278,31.680910694700003
300,16,linCmt,var_CL,structural_other,0.1,100,-2.7910337403999756,-2.964747163312007,5.7052276116,8.469387867026132,13.86899780364001
300,16,linCmt,var_Vc,structural_other,0.1,100,-23.313779005100017,-22.531238932345005,23.313779005100017,24.44202804214128,34.089858970060035
300,16,ode,CLBW,covariate_beta,0.75,99,-3.870821077466665,-17.896626010515543,8.67747300133333,44.19767447856399,98.7799126361096
300,16,ode,CLcrCL,covariate_beta,0.5,100,-0.39720185940000374,-5.833182544085221,6.360390289799994,28.160203463357252,23.27928007278001
300,16,ode,VcBW,covariate_beta,1,99,-14.496047621099994,-40.41463297949092,14.711883319800002,61.47640052967963,98.88087778966599
300,16,ode,VcSEX,covariate_beta,0.4054651081081644,100,-6.595698062638275,-6.256253027189543,7.872512483980435,12.444222827251467,19.97525445811192
300,16,ode,TVCL,structural_intercept,0.6,100,-13.858784082405373,-12.260696563997264,13.867642166560234,13.781154535526719,18.34219043985823
300,16,ode,TVVc,structural_intercept,20,100,-7.700146142459179,-5.857630153689912,7.826661948169606,8.693569772606219,13.150116275785095
300,16,ode,ResErr,structural_other,0.1,100,11.815561930999994,12.075471141899992,11.815561930999994,12.355336451529418,15.464598068299996
300,16,ode,TVKA,structural_other,0.7,100,0,0,0,0,0
300,16,ode,TVQ,structural_other,1.8,100,2.524097263263858,2.472675145522924,2.524097263263858,2.645051834262226,3.4871478709700052
300,16,ode,TVVp,structural_other,80,100,0.891388345163433,0.9141598432689607,0.9114204548388205,1.1878491500401551,1.845449100791207
300,16,ode,cov_VcCL,structural_other,0.02,100,5.925516663000006,4.3948373058644945,14.743832507499988,21.194864340031053,30.900930129249982
300,16,ode,var_CL,structural_other,0.1,100,-2.8950934601500373,-2.9884410956250065,5.72513814895003,8.46396863623664,14.046430971370016
300,16,ode,var_Vc,structural_other,0.1,100,-23.05657148135002,-22.56848335018101,23.05657148135002,24.510435281807467,34.139360319910004
