sample_N,scenario,structure,parameter,param_class,true_value,n_used,MedRE_pct,MeanRE_pct,MARE_pct,RMRSE_pct,P90AbsRE_pct
40,1,linCmt,TVCL,structural_intercept,0.6,100,1.248364325156228,3.5189902604120853,4.786634182081418,15.204831755820427,26.71016848400886
40,1,linCmt,TVVc,structural_intercept,20,100,0.3314465247168918,1.0657209551492144,4.8106249221327335,9.378936407616019,12.988056492567432
40,1,linCmt,ResErr,structural_other,0.1,100,13.41409463249999,13.781613126659995,13.41409463249999,15.078361220255484,21.325126002300003
40,1,linCmt,TVKA,structural_other,0.7,100,0,0,0,0,0
40,1,linCmt,TVQ,structural_other,1.8,100,3.152046075921443,3.3179046228410525,3.152046075921443,3.823075833805561,5.727116131835349
40,1,linCmt,TVVp,structural_other,80,100,1.2588305641319497,1.2149781546694283,1.4134985972799365,2.1258227341366562,3.199991417352847
40,1,linCmt,cov_VcCL,structural_other,0.02,100,-15.373503212499994,-9.9713992440517,44.35297625975002,61.99581215431908,96.26914633789998
40,1,linCmt,var_CL,structural_other,0.1,100,-9.491797118549993,-9.481819335998006,19.111882409850008,25.218273817050868,39.84817673257004
40,1,linCmt,var_Vc,structural_other,0.1,100,-46.082657243950024,-44.982482695459005,46.082657243950024,49.86463020124015,70.06719883200002
40,1,ode,TVCL,structural_intercept,0.6,97,1.1892529247200894,3.5588950004474054,4.830117655136043,15.417673365650838,27.240895017140076
40,1,ode,TVVc,structural_intercept,20,97,0.21683466067049295,0.4885553720525515,4.179208134689851,8.071745158515526,10.54551328413317
40,1,ode,ResErr,structural_other,0.1,97,13.705692815999996,14.043238246216488,13.705692815999996,15.256498834451055,21.397131298399994
40,1,ode,TVKA,structural_other,0.7,97,0,0,0,0,0
40,1,ode,TVQ,structural_other,1.8,97,3.1678089893565105,3.337320654138234,3.1678089893565105,3.8307652533449477,5.531209748341659
40,1,ode,TVVp,structural_other,80,97,1.314914571928849,1.262568561473581,1.4468815999536666,2.127521604517434,3.270978690395982
40,1,ode,cov_VcCL,structural_other,0.02,97,-14.939964690499993,-10.538092031557017,44.590536758000006,62.58596891835473,97.34614185813793
40,1,ode,var_CL,structural_other,0.1,97,-10.569040852999992,-9.217862782747432,19.937210398999998,25.448426128665897,40.375999907880015
40,1,ode,var_Vc,structural_other,0.1,97,-46.369047248500024,-45.27793779881753,46.369047248500024,50.22179391100955,70.3203347017
40,2,linCmt,VcSEX,covariate_beta,0.4054651081081644,90,1.7924177882395902,3.325174544103795,13.61251232061036,25.181789625927877,39.94166527003185
40,2,linCmt,TVCL,structural_intercept,0.6,100,-0.025098762706824783,0.7321814155044096,3.9682216726237938,10.441367319819781,13.415327429276275
40,2,linCmt,TVVc,structural_intercept,20,100,0.21690948458463313,1.2369906890073963,5.797563848317049,14.646209123723237,17.90538146344311
40,2,linCmt,ResErr,structural_other,0.1,100,8.075806448499998,8.299103005361994,8.219931825499994,10.681466966880619,16.142846881899995
40,2,linCmt,TVKA,structural_other,0.7,100,0,0,0,0,0
40,2,linCmt,TVQ,structural_other,1.8,100,2.0217901390639135,2.2217679370985755,2.0271698052071185,3.329353487894305,5.412846084981979
40,2,linCmt,TVVp,structural_other,80,100,0.28728871417625257,0.4310274524699379,1.1318967912767253,1.659608112260725,2.722970798729968
40,2,linCmt,cov_VcCL,structural_other,0.02,100,-13.218503654750002,-9.34753601146346,34.109245478750005,56.32646943276919,96.51111484324402
40,2,linCmt,var_CL,structural_other,0.1,100,-14.256377540800024,-11.47924274936501,20.84539059715003,25.39333688259563,38.72597403166003
40,2,linCmt,var_Vc,structural_other,0.1,100,-35.17012344650001,-32.072177571038004,38.16168145949999,41.9188350065652,64.64609084182
40,2,ode,VcSEX,covariate_beta,0.4054651081081644,89,0.5079960173259006,3.371931329751447,14.059406988881607,25.353258284598855,40.30322828317003
40,2,ode,TVCL,structural_intercept,0.6,99,0.5725416803713154,1.0571663554860808,4.074552541431742,10.317956566920298,12.843790042367345
40,2,ode,TVVc,structural_intercept,20,99,0.25317550286882096,1.188923186358817,5.7369692454556365,14.683980551147002,18.143507712410745
40,2,ode,ResErr,structural_other,0.1,99,8.31583360999999,8.281249950925247,8.31583360999999,10.652783683447769,16.184568788399993
40,2,ode,TVKA,structural_other,0.7,99,0,0,0,0,0
40,2,ode,TVQ,structural_other,1.8,99,1.9897377970554193,2.232466987231881,2.037348334480586,3.3426717928626513,5.445837553047809
40,2,ode,TVVp,structural_other,80,99,0.41142046943694055,0.46134302248271736,1.2133029698771836,1.6788197154261542,2.715320620948991
40,2,ode,cov_VcCL,structural_other,0.02,99,-11.98421145300001,-10.147775399582931,33.44173685199997,56.29755509814748,98.87179116967403
40,2,ode,var_CL,structural_other,0.1,99,-14.574426393199975,-11.597521387081825,20.952787290200003,25.55254515762507,38.81472473329999
40,2,ode,var_Vc,structural_other,0.1,99,-35.35276768630003,-32.20835039915758,38.52742850399996,42.07906246369843,64.93516999053999
40,3,linCmt,VcBW,covariate_beta,1,76,-35.07648323405,-41.42139792035733,67.87064900649999,72.31567596110735,99.06309540235301
40,3,linCmt,TVCL,structural_intercept,0.6,99,-0.7619056429160054,1.4202754522623424,3.678270875235849,13.930340391109644,25.84688003766581
40,3,linCmt,TVVc,structural_intercept,20,99,1.1591438372109586,1.3499903303086371,5.792966362078538,11.655651977872154,17.07583308787668
40,3,linCmt,ResErr,structural_other,0.1,99,10.615075843999996,11.07936943194949,10.615075843999996,13.012141405894154,19.2914085816
40,3,linCmt,TVKA,structural_other,0.7,99,0,0,0,0,0
40,3,linCmt,TVQ,structural_other,1.8,99,2.373941855701389,2.8487927283689816,2.3880109065297117,3.8432379439823636,5.978013699582182
40,3,linCmt,TVVp,structural_other,80,99,0.9457515243943782,0.9161302922657784,1.3522648710741159,2.077143027494382,3.3191343957263015
40,3,linCmt,cov_VcCL,structural_other,0.02,99,-8.697088212499954,-6.9568185965996054,35.65856280400003,59.78416055613831,102.53751294801398
40,3,linCmt,var_CL,structural_other,0.1,99,-9.362347935500004,-7.966858261068699,16.408498504200022,24.00980659785624,41.53641521688001
40,3,linCmt,var_Vc,structural_other,0.1,99,-36.9225889076,-35.037128608777785,36.99507665480001,42.69982740259829,62.71918765168001
40,3,ode,VcBW,covariate_beta,1,74,-73.11040296852,-46.25608636610054,83.70125476151999,72.23461969281523,99.0317934333533
40,3,ode,TVCL,structural_intercept,0.6,95,-0.8536571571148288,1.4225521217239074,3.619142387690862,14.158482576684477,25.990954375017882
40,3,ode,TVVc,structural_intercept,20,95,1.2474086728029299,0.9867577425575921,6.13298745830992,11.870092915018352,16.31733210653469
40,3,ode,ResErr,structural_other,0.1,95,10.594249342999989,11.020150786929467,10.594249342999989,12.97882410883713,19.198099995599993
40,3,ode,TVKA,structural_other,0.7,95,0,0,0,0,0
40,3,ode,TVQ,structural_other,1.8,95,2.45147050307125,2.8697873492202723,2.4737396917628005,3.886424513968953,6.036103740986801
40,3,ode,TVVp,structural_other,80,95,0.9737148382367343,0.9752393521528605,1.2404486214925647,2.089767105695135,3.4340565698856595
40,3,ode,cov_VcCL,structural_other,0.02,95,-8.04351059050001,-6.944689833944732,35.656382325000045,57.17213788047907,100.88059223683605
40,3,ode,var_CL,structural_other,0.1,95,-9.738099718499996,-8.277279077672633,16.292029157599973,24.206214651747864,42.019502115440005
40,3,ode,var_Vc,structural_other,0.1,95,-35.3094627041,-34.76586036794737,37.01558895870002,42.65735788190551,63.97998121996
40,4,linCmt,VcBW,covariate_beta,1,75,-21.225250738699998,-30.719450935532162,39.582815475400004,71.22369081929111,99.0986685487614
40,4,linCmt,VcSEX,covariate_beta,0.4054651081081644,84,9.078222509473294,11.715337879179009,21.0891947461208,30.679018268473918,52.214024268780875
40,4,linCmt,TVCL,structural_intercept,0.6,99,0.1650370608030638,0.6401238963981286,3.196533352342342,9.793177767107496,12.453849802984257
40,4,linCmt,TVVc,structural_intercept,20,99,0.8443995570425679,2.850747321909144,7.492952175903015,17.103317423919442,20.47589393451942
40,4,linCmt,ResErr,structural_other,0.1,99,8.299969133999996,8.507413441945449,8.299969133999996,10.872584669244947,16.639588656799997
40,4,linCmt,TVKA,structural_other,0.7,99,0,0,0,0,0
40,4,linCmt,TVQ,structural_other,1.8,99,2.458735677314509,2.648078195964236,2.556660951577928,3.626506858674054,5.985862157357481
40,4,linCmt,TVVp,structural_other,80,99,0.6389551198910759,0.8221777943892412,1.308157140447559,2.037917679070598,3.693870872417836
40,4,linCmt,cov_VcCL,structural_other,0.02,99,-9.815882446500002,-13.652824517710558,40.873905195000034,58.089235317190855,99.47300033692201
40,4,linCmt,var_CL,structural_other,0.1,99,-11.907434813000009,-9.989442048616166,20.260055904600033,25.019221407634863,39.21196130258001
40,4,linCmt,var_Vc,structural_other,0.1,99,-30.385714395500003,-26.134587841595962,33.1973988173,38.30160496194567,61.97710209002001
40,4,ode,VcBW,covariate_beta,1,73,-21.735322334100005,-31.06705228590322,38.925529082,70.69569947492485,99.0982934369778
40,4,ode,VcSEX,covariate_beta,0.4054651081081644,81,8.172721586932617,11.790931615049956,19.881171515172653,31.023683874544606,52.51289055408323
40,4,ode,TVCL,structural_intercept,0.6,96,0.17566714196783537,0.4969063875898203,3.2534057852292486,9.912347086266795,13.136842456230472
40,4,ode,TVVc,structural_intercept,20,96,1.0165690405011494,2.5548453219013183,7.044048352199245,16.76093228244332,21.027472993430212
40,4,ode,ResErr,structural_other,0.1,96,8.289722848499991,8.616143044032286,8.289722848499991,10.976413896278855,17.204190178499996
40,4,ode,TVKA,structural_other,0.7,96,0,0,0,0,0
40,4,ode,TVQ,structural_other,1.8,96,2.3958948211191635,2.649357085831955,2.4324750792614447,3.636451253971419,6.018343586468595
40,4,ode,TVVp,structural_other,80,96,0.7032185682396719,0.8659693281094224,1.3439521146071343,2.06053160032281,3.7378088273922394
40,4,ode,cov_VcCL,structural_other,0.02,96,-11.198849837750014,-14.85314693916609,40.53001879400002,58.00789047017221,100.11677284378749
40,4,ode,var_CL,structural_other,0.1,96,-13.804003487450029,-10.326872482918754,20.283151295100005,25.308565237666663,39.37036689815
40,4,ode,var_Vc,structural_other,0.1,96,-30.038043887800004,-26.172089686681254,33.42430561615001,38.03900706123836,59.1857467199
40,5,linCmt,CLcrCL,covariate_beta,0.5,99,-15.420928744399998,-27.900985296473475,23.171715844999994,54.99859916576912,99.1059187817476
40,5,linCmt,TVCL,structural_intercept,0.6,100,-0.6263354448443522,1.8372502747239776,3.7380017013672147,13.076323600459139,16.662691875065317
40,5,linCmt,TVVc,structural_intercept,20,100,0.547940063244301,1.2989821797887153,4.123134315011061,14.052156408613586,15.64880544808811
40,5,linCmt,ResErr,structural_other,0.1,100,12.804006211499996,13.230001286005994,12.804006211499996,14.668414924961356,21.4443119159
40,5,linCmt,TVKA,structural_other,0.7,100,0,0,0,0,0
40,5,linCmt,TVQ,structural_other,1.8,100,2.763145938780218,2.8920324286905927,2.763145938780218,3.4706168799435506,5.564443572123149
40,5,linCmt,TVVp,structural_other,80,100,0.8200654275410991,0.7147221397215613,1.1577444035073103,1.614365582338477,2.545108208559949
40,5,linCmt,cov_VcCL,structural_other,0.02,100,-13.830441133749968,-10.380366377548963,49.570435935250046,60.86482870644198,86.19773060738503
40,5,linCmt,var_CL,structural_other,0.1,100,-14.433051060649982,-13.245411517050004,21.229989680449993,25.92822856082529,40.49378374955002
40,5,linCmt,var_Vc,structural_other,0.1,100,-48.39176161520001,-42.969740175177,48.39176161520001,49.64852809407043,71.3358868423
40,5,ode,CLcrCL,covariate_beta,0.5,95,-12.239203951800004,-26.562025093328966,22.432712755999994,54.62500919808271,99.099205017574
40,5,ode,TVCL,structural_intercept,0.6,96,-0.5604595749613972,2.3225295444912017,3.666676226701989,12.95955456147996,14.415918018582396
40,5,ode,TVVc,structural_intercept,20,96,0.9054577129826047,2.0543991560679977,4.121724401060254,14.12407828955562,15.408476844176588
40,5,ode,ResErr,structural_other,0.1,96,12.686744943999994,13.072121843110413,12.686744943999994,14.522677639211892,21.200410762
40,5,ode,TVKA,structural_other,0.7,96,0,0,0,0,0
40,5,ode,TVQ,structural_other,1.8,96,2.7399083554837236,2.8586999280782095,2.7399083554837236,3.462137980316366,5.665714641086339
40,5,ode,TVVp,structural_other,80,96,0.767844708735721,0.7255131065062828,1.1208762229590885,1.608177057998241,2.4612535342015995
40,5,ode,cov_VcCL,structural_other,0.02,96,-11.548305715750033,-10.159679614842377,50.11795181050005,61.72859722742772,86.462212448825
40,5,ode,var_CL,structural_other,0.1,96,-13.955051578350025,-13.516510375934379,21.66182987899997,26.17246642074697,41.23928475440002
40,5,ode,var_Vc,structural_other,0.1,96,-45.53506898085001,-41.842263281576045,45.53506898085001,48.659584981297805,70.79090709305001
40,6,linCmt,CLcrCL,covariate_beta,0.5,97,-3.6528204898000016,-21.030250008556248,24.387871070399992,57.63832118587607,99.12593190317
40,6,linCmt,VcSEX,covariate_beta,0.4054651081081644,86,1.8373862528136993,3.4701810814360523,16.20092012158451,26.802941351370848,45.00376139656821
40,6,linCmt,TVCL,structural_intercept,0.6,100,-0.5074994619619078,0.40872231741903664,4.533357489121852,10.115269400030952,16.07570467400489
40,6,linCmt,TVVc,structural_intercept,20,100,1.2187021964010025,3.0341944101454974,6.213826499427047,12.030313641738568,18.547487958247906
40,6,linCmt,ResErr,structural_other,0.1,100,11.109413670999997,11.626863677638994,11.109413670999997,13.43818176665533,20.82302177450001
40,6,linCmt,TVKA,structural_other,0.7,100,0,0,0,0,0
40,6,linCmt,TVQ,structural_other,1.8,100,2.3582163719773495,2.371067749552946,2.5904718379186864,3.5705765654954544,5.4458122576775905
40,6,linCmt,TVVp,structural_other,80,100,0.9475263751117246,0.9110974493866455,1.4939067383294447,2.0636729577518524,3.5694012000580826
40,6,linCmt,cov_VcCL,structural_other,0.02,100,-17.39520146699999,-10.911112581797457,40.49481625574999,62.14572149887847,103.75544414594995
40,6,linCmt,var_CL,structural_other,0.1,100,-16.108079246899976,-15.578156573709002,18.54252045809997,25.71067917385409,39.918999517200035
40,6,linCmt,var_Vc,structural_other,0.1,100,-33.89674616205,-32.225746952462,34.834279329350004,41.07927382928,60.69826700295005
40,6,ode,CLcrCL,covariate_beta,0.5,87,-3.2750916326000024,-14.28944432835577,21.256943957199994,51.45520922788719,99.0847888504404
40,6,ode,VcSEX,covariate_beta,0.4054651081081644,79,2.386267529154328,3.7218585271294597,15.66688166820471,26.380741227648574,44.22393675069671
40,6,ode,TVCL,structural_intercept,0.6,91,-0.05966028547105262,0.13788286952572734,4.608544905671401,9.308785524166996,14.943440191946433
40,6,ode,TVVc,structural_intercept,20,91,1.2643614362809075,3.234619169695939,6.389450010425221,12.162322630590076,18.319543597211148
40,6,ode,ResErr,structural_other,0.1,91,11.557706867,11.723952936228567,11.557706867,13.522747148396155,20.554314381
40,6,ode,TVKA,structural_other,0.7,91,0,0,0,0,0
40,6,ode,TVQ,structural_other,1.8,91,2.3646422088912717,2.4014004194368797,2.7511080007995603,3.6728532275252426,5.644274063879104
40,6,ode,TVVp,structural_other,80,91,0.9386727599806123,0.9516891990336739,1.5462862838156788,2.1498736964211114,3.6196225863454856
40,6,ode,cov_VcCL,structural_other,0.02,91,-18.210178426499997,-11.200511656584442,39.589673778499964,62.143099478460414,104.0150230805001
40,6,ode,var_CL,structural_other,0.1,91,-16.052710814800005,-15.487311640763735,19.402218108000024,26.55811838645212,41.791763954899984
40,6,ode,var_Vc,structural_other,0.1,91,-33.18652967520003,-31.439301348879127,33.32757844420001,41.05788517661403,65.4919137072
40,7,linCmt,CLcrCL,covariate_beta,0.5,93,-13.599516521199995,-35.09093818542047,25.8976388492,61.954434855678016,99.182024923666
40,7,linCmt,VcBW,covariate_beta,1,79,-98.34359327675,-53.23135451056825,98.34359327675,74.57848110883721,99.0867104874116
40,7,linCmt,TVCL,structural_intercept,0.6,99,-1.6872955296872532,-1.0559269943655458,5.362400374232024,9.709940794626295,15.20788037681841
40,7,linCmt,TVVc,structural_intercept,20,99,0.4055983141412156,0.2925980172422629,5.928543289860606,11.88179908069809,20.337161167149908
40,7,linCmt,ResErr,structural_other,0.1,99,10.067792356,10.600449337189893,10.067792356,13.124790429132197,21.359362972799993
40,7,linCmt,TVKA,structural_other,0.7,99,0,0,0,0,0
40,7,linCmt,TVQ,structural_other,1.8,99,2.476362991489505,2.6912484744098024,2.5655489288229916,3.6360421424226184,5.964613192559062
40,7,linCmt,TVVp,structural_other,80,99,0.427264668421401,0.6337141108731176,1.353443445644018,1.892799870386115,3.089899811113444
40,7,linCmt,cov_VcCL,structural_other,0.02,99,-16.17165254650001,-10.467902079833198,35.78463644900007,54.83993032768688,93.93134120251302
40,7,linCmt,var_CL,structural_other,0.1,99,-15.237729451700016,-12.851784386275764,18.292777380600008,25.702876218464432,39.192812554099994
40,7,linCmt,var_Vc,structural_other,0.1,99,-36.36324705280001,-33.52286546856162,36.36324705280001,40.742408205821036,60.88144215182001
40,7,ode,CLcrCL,covariate_beta,0.5,88,-13.318789239899997,-32.58139751226534,25.2429287898,60.106061922956066,99.19008010133598
40,7,ode,VcBW,covariate_beta,1,74,-98.36681567728999,-54.68708894480818,98.36681567728999,75.04592800166702,99.1088729326447
40,7,ode,TVCL,structural_intercept,0.6,94,-1.6854950368403085,-1.5029405950627512,5.085604427268483,9.37304303879484,14.677516997672157
40,7,ode,TVVc,structural_intercept,20,94,0.45371218746568687,0.8137724300120056,5.978865001039884,11.375269878621879,19.95621642602955
40,7,ode,ResErr,structural_other,0.1,94,9.530387170499997,10.260192326287228,9.530387170499997,12.898257083419573,21.377217224099997
40,7,ode,TVKA,structural_other,0.7,94,0,0,0,0,0
40,7,ode,TVQ,structural_other,1.8,94,2.3873493872930016,2.6893436806219686,2.4442200791435096,3.620986487138078,5.9804515403491
40,7,ode,TVVp,structural_other,80,94,0.25861768942685437,0.5984712882681209,1.228960844177056,1.8951945414722151,3.1003655105409287
40,7,ode,cov_VcCL,structural_other,0.02,94,-14.617163825750005,-8.953711046237347,38.607518950000006,55.00054955968302,94.00425709207497
40,7,ode,var_CL,structural_other,0.1,94,-14.670226114150003,-12.590355267615964,17.30843428580002,25.25119530496298,38.47668367103001
40,7,ode,var_Vc,structural_other,0.1,94,-35.83006877465002,-33.06015418229362,35.83006877465002,40.503218243441935,60.79357569132
40,8,linCmt,CLcrCL,covariate_beta,0.5,90,-10.0819651108,-30.07677874184962,31.865860036100003,63.21939518736425,99.16529935936319
40,8,linCmt,VcBW,covariate_beta,1,79,-30.080144801499998,-34.909380910828254,98.36772028760001,79.92539082621758,99.3029577351076
40,8,linCmt,VcSEX,covariate_beta,0.4054651081081644,88,7.318830667155522,11.066141019578993,18.36305957609109,32.002892184151946,53.43838449357629
40,8,linCmt,TVCL,structural_intercept,0.6,98,-0.8549844159159992,-0.008870853284416651,4.940132514615652,14.94483981711776,25.54443545358554
40,8,linCmt,TVVc,structural_intercept,20,98,-0.3113620225109859,0.8930271736489473,6.147837773460969,14.512882945094788,18.546826998441578
40,8,linCmt,ResErr,structural_other,0.1,98,9.841168843499997,9.463053334122444,10.012974715499993,11.605216906176222,17.302313425099992
40,8,linCmt,TVKA,structural_other,0.7,98,0,0,0,0,0
40,8,linCmt,TVQ,structural_other,1.8,98,1.9047714817366224,2.4045531820866985,2.2223002576688042,3.7713160562426706,6.584686567082135
40,8,linCmt,TVVp,structural_other,80,98,0.5239846730254438,0.7060578351794861,1.3192135111890657,1.77477294105756,2.750571978232937
40,8,linCmt,cov_VcCL,structural_other,0.02,98,-10.065896262999994,-2.349843854543875,51.49749643285,60.38799486408591,91.35586434785499
40,8,linCmt,var_CL,structural_other,0.1,98,-6.610596692949993,-8.843653140648984,15.95563038995002,24.394091750353667,40.242557784579994
40,8,linCmt,var_Vc,structural_other,0.1,98,-32.36783683455001,-29.724487514579597,32.89885612174998,36.233813962056225,55.93846049514
40,8,ode,CLcrCL,covariate_beta,0.5,69,-6.840218904200002,-17.277672918951335,18.987163829599996,53.6288544215147,99.0520206645728
40,8,ode,VcBW,covariate_beta,1,61,-27.790212494199995,-31.995914487273414,98.22896846392,80.37079555178751,99.263781015082
40,8,ode,VcSEX,covariate_beta,0.4054651081081644,68,4.772930933226689,10.673594095261759,18.03576326934058,32.11432667568142,53.4661339155734
40,8,ode,TVCL,structural_intercept,0.6,76,-0.9212631698013729,-1.009427881524494,4.666175791086635,13.337883250845934,19.33243085473747
40,8,ode,TVVc,structural_intercept,20,76,-0.5085847958046585,-0.8368146637232501,6.359960258758113,10.46187493847085,16.504490896556085
40,8,ode,ResErr,structural_other,0.1,76,9.549737600999995,9.148371048984206,9.653778937999991,10.997216568508815,16.323943293499987
40,8,ode,TVKA,structural_other,0.7,76,0,0,0,0,0
40,8,ode,TVQ,structural_other,1.8,76,2.1696853057611336,2.3968054095229645,2.3963114896192246,3.4850296889187233,6.254079944046037
40,8,ode,TVVp,structural_other,80,76,0.3925179480565167,0.640798896776876,1.1290475688892965,1.7039881141106796,2.7745868910696636
40,8,ode,cov_VcCL,structural_other,0.02,76,7.772032549749966,3.980577979878285,50.50901602647502,60.42403814210529,96.60184108599996
40,8,ode,var_CL,structural_other,0.1,76,-6.374791156750013,-8.123132682639476,15.159576126350007,24.037397778171123,39.558879007450024
40,8,ode,var_Vc,structural_other,0.1,76,-30.762413074399987,-28.78311812059211,31.43287015549999,35.51638577748022,57.73111611195001
40,9,linCmt,CLBW,covariate_beta,0.75,69,-4.796460643733328,-20.883430994235574,51.58629070533335,76.17994877080318,99.01735171602773
40,9,linCmt,TVCL,structural_intercept,0.6,98,0.9466324151463184,2.9005060358684296,6.011167757398795,13.647223164059149,19.58950276910912
40,9,linCmt,TVVc,structural_intercept,20,98,0.6325748271540288,0.5233033146023477,5.233012983407415,9.837011854674023,11.995977304638044
40,9,linCmt,ResErr,structural_other,0.1,98,15.398009849499989,14.759733007192851,15.398009849499989,16.316979465630098,23.683459898499994
40,9,linCmt,TVKA,structural_other,0.7,98,0,0,0,0,0
40,9,linCmt,TVQ,structural_other,1.8,98,3.2590668795920306,3.299560066672632,3.2590668795920306,3.903913946584201,6.160899094303751
40,9,linCmt,TVVp,structural_other,80,98,0.7704608090783083,0.7517286614046026,1.1878667539395504,1.715514318006143,2.7860475096970547
40,9,linCmt,cov_VcCL,structural_other,0.02,98,-21.571963446500014,-25.262736845114294,38.518589625750025,63.65388094370661,114.32868604216995
40,9,linCmt,var_CL,structural_other,0.1,98,-13.993546776100018,-12.898224026121433,18.882955678999988,26.453833356911527,43.45457157140999
40,9,linCmt,var_Vc,structural_other,0.1,98,-45.15019094365,-45.02143141537347,45.15019094365,49.67332782956231,71.49483049608001
40,9,ode,CLBW,covariate_beta,0.75,64,-5.788970905800002,-22.529247603153564,48.404451019999996,75.20007539092764,99.01199864599107
40,9,ode,TVCL,structural_intercept,0.6,91,1.2151267541078241,2.3449227051073596,5.909678998488729,12.57236798544213,19.416614471553057
40,9,ode,TVVc,structural_intercept,20,91,0.9070188041714288,0.9327038998332439,5.151958384431818,9.255248440925728,11.159542238482025
40,9,ode,ResErr,structural_other,0.1,91,15.409352519999988,14.746845489076918,15.409352519999988,16.33826758633885,23.850230725999996
40,9,ode,TVKA,structural_other,0.7,91,0,0,0,0,0
40,9,ode,TVQ,structural_other,1.8,91,3.3576822222961176,3.422414459428849,3.3576822222961176,4.0132155990105405,6.348094305126777
40,9,ode,TVVp,structural_other,80,91,0.8166760365072356,0.8126277162132078,1.2795942891696654,1.7199605619517628,2.710078808026335
40,9,ode,cov_VcCL,structural_other,0.02,91,-21.97288569700001,-23.174233439206134,36.703520184499965,63.73696436813626,115.56340634249995
40,9,ode,var_CL,structural_other,0.1,91,-14.513348507600027,-12.91090305149781,19.19956160890002,26.4916313607291,42.788187458900026
40,9,ode,var_Vc,structural_other,0.1,91,-45.67071108650002,-44.62997305548571,45.67071108650002,49.427760531391854,73.4395400161
40,10,linCmt,CLBW,covariate_beta,0.75,70,-18.079544518333336,-35.25601322533196,41.99185416866666,69.74289323648705,98.98844428477787
40,10,linCmt,VcSEX,covariate_beta,0.4054651081081644,83,-7.468856751315264,-1.3465686126678094,16.280400355244872,28.96119974913623,41.45259970361289
40,10,linCmt,TVCL,structural_intercept,0.6,99,-5.180899095086289,-6.179150457181877,9.947273395023457,14.981958890192706,22.1808456996669
40,10,linCmt,TVVc,structural_intercept,20,99,2.957230102961592,1.8966029508265974,6.382380382312629,11.265060366602075,19.076238387225217
40,10,linCmt,ResErr,structural_other,0.1,99,10.570419632999997,10.62601535824242,10.570419632999997,12.266602858287634,18.632572354199993
40,10,linCmt,TVKA,structural_other,0.7,99,0,0,0,0,0
40,10,linCmt,TVQ,structural_other,1.8,99,2.3489047201982314,2.370648857933478,2.3489047201982314,3.4651128481153273,5.543572827581855
40,10,linCmt,TVVp,structural_other,80,99,0.40935796272647096,0.3004105731559811,1.039036335695016,1.680309696996929,2.6612408430181778
40,10,linCmt,cov_VcCL,structural_other,0.02,99,-0.7200967160000266,-3.85405263825293,41.172385541000025,63.391474758111976,103.28134272239299
40,10,linCmt,var_CL,structural_other,0.1,99,-10.685091665800005,-10.884540508258588,15.203801533299977,21.142293741935532,33.56268845828001
40,10,linCmt,var_Vc,structural_other,0.1,99,-34.7350324391,-32.889497701136364,35.010807120800024,39.865139875472416,57.88142964240001
40,10,ode,CLBW,covariate_beta,0.75,65,-17.40439780173334,-36.92001443900962,37.026955897333316,66.5078381415503,98.95636861353681
40,10,ode,VcSEX,covariate_beta,0.4054651081081644,76,-2.479107555287558,0.7021238053659867,18.75740639238323,30.61384905627728,42.57950344520006
40,10,ode,TVCL,structural_intercept,0.6,90,-4.633352233280384,-4.863570676085024,9.208712292897122,13.07258469308926,19.441463946312833
40,10,ode,TVVc,structural_intercept,20,90,3.551970541316063,1.9378710728811928,7.550488428688551,11.321542063215395,19.281946056544015
40,10,ode,ResErr,structural_other,0.1,90,10.974448414999998,10.62235878250555,10.974448414999998,12.233354028016507,17.683293790799993
40,10,ode,TVKA,structural_other,0.7,90,0,0,0,0,0
40,10,ode,TVQ,structural_other,1.8,90,2.347715736987684,2.525972210162539,2.347715736987684,3.614946821117164,5.877406156758148
40,10,ode,TVVp,structural_other,80,90,0.3788740244838795,0.2641130062630322,1.2022121375146089,1.6939224658086414,2.6826683390359105
40,10,ode,cov_VcCL,structural_other,0.02,90,0.1446906937500273,-1.809478788677615,42.41803714949998,62.826276021878215,101.52180134050903
40,10,ode,var_CL,structural_other,0.1,90,-10.222271718850026,-10.29965217094556,14.667075406550023,19.909101367548136,28.43725480079
40,10,ode,var_Vc,structural_other,0.1,90,-35.0819591101,-33.38725740426223,35.47464483150001,40.38097476630178,58.94430161322002
40,11,linCmt,CLBW,covariate_beta,0.75,71,-0.4109330733333305,-9.116864037059475,57.16582538799999,81.8918208275873,99.06454327384533
40,11,linCmt,VcBW,covariate_beta,1,79,-22.502048007,-42.04761738543995,28.697873868799995,71.5722669181473,99.02616279782241
40,11,linCmt,TVCL,structural_intercept,0.6,99,-7.397805090509821,-9.120810597494264,11.63925539594272,16.456422708079664,26.43408094749631
40,11,linCmt,TVVc,structural_intercept,20,99,-4.550503390294853,-2.0404475328012137,8.560888316126736,15.727580091492463,21.573590396729678
40,11,linCmt,ResErr,structural_other,0.1,99,12.802218966999998,12.927924129664643,12.802218966999998,14.409835928542442,21.462881760599995
40,11,linCmt,TVKA,structural_other,0.7,99,0,0,0,0,0
40,11,linCmt,TVQ,structural_other,1.8,99,2.513436682154794,2.6990560749017036,2.5440711632125725,3.6861180707887167,6.181688677056014
40,11,linCmt,TVVp,structural_other,80,99,0.765769744231477,0.8713259667746689,1.1498360886268166,1.9174391786247555,3.0840687986186204
40,11,linCmt,cov_VcCL,structural_other,0.02,99,-22.868425614000042,-21.025108801157078,46.706146449999984,64.48674534900216,106.49927174185999
40,11,linCmt,var_CL,structural_other,0.1,99,-18.179384636499986,-16.339149089239395,20.209796907100035,26.632352757803464,42.986622535240016
40,11,linCmt,var_Vc,structural_other,0.1,99,-45.33087603649997,-43.504620671748484,45.33087603649997,48.25678506094294,69.3479459029
40,11,ode,CLBW,covariate_beta,0.75,66,-2.4479773908000046,-13.227185601889918,54.98196185933334,80.22487403666929,99.00822970575867
40,11,ode,VcBW,covariate_beta,1,74,-26.339854939200002,-46.76308299900754,50.504967403150005,75.36480464953334,99.06322961403468
40,11,ode,TVCL,structural_intercept,0.6,92,-6.695686284538141,-8.730569824883164,11.04719415818195,16.158358708180526,26.40494611631215
40,11,ode,TVVc,structural_intercept,20,92,-4.29135072090144,-3.026210813223785,8.611247371668398,14.134279236096663,18.580963398865457
40,11,ode,ResErr,structural_other,0.1,92,12.98627491849999,13.437312808699994,12.98627491849999,14.703450780326943,22.0755561872
40,11,ode,TVKA,structural_other,0.7,92,0,0,0,0,0
40,11,ode,TVQ,structural_other,1.8,92,2.4707966856825263,2.7912740961790568,2.4841397151288103,3.744304874467937,6.6033703916447255
40,11,ode,TVVp,structural_other,80,92,0.9372079780013642,1.0227929888382186,1.1317044781331909,1.952413277687878,3.094382796656435
40,11,ode,cov_VcCL,structural_other,0.02,92,-22.537732426500035,-19.96869824732439,49.07664334700006,64.79285670888056,106.31017723796003
40,11,ode,var_CL,structural_other,0.1,92,-17.996968884900003,-16.058177867359788,19.797648939850003,26.442868727180436,42.232961107250034
40,11,ode,var_Vc,structural_other,0.1,92,-45.80287136265001,-43.0849850744837,45.80287136265001,48.16888591786697,68.95037323931
40,12,linCmt,CLBW,covariate_beta,0.75,81,-23.093485133733335,-30.919940539722894,45.01223302253334,74.96664306681716,99.031393284896
40,12,linCmt,VcBW,covariate_beta,1,66,-97.69327930407499,-37.13639781646315,98.577535380745,86.158630971052,99.20017646518899
40,12,linCmt,VcSEX,covariate_beta,0.4054651081081644,85,11.794505115611125,12.818026183392162,22.393834741001246,34.35554388812145,56.85901872575791
40,12,linCmt,TVCL,structural_intercept,0.6,98,-7.388339735076559,-7.3557079895691215,9.20876185719042,14.44469362754551,24.55641914327204
40,12,linCmt,TVVc,structural_intercept,20,98,-1.9621702245289716,-3.7842243422455826,8.526423520434676,14.846455597639066,26.02156327218917
40,12,linCmt,ResErr,structural_other,0.1,98,11.728827323499996,11.805866248492853,11.728827323499996,13.912556698390782,20.961951203899993
40,12,linCmt,TVKA,structural_other,0.7,98,0,0,0,0,0
40,12,linCmt,TVQ,structural_other,1.8,98,2.585005850323785,2.447523629277028,2.694297880542515,3.345421960146585,5.281383866215306
40,12,linCmt,TVVp,structural_other,80,98,0.4007143523246448,0.2934727107425125,1.1978951470694188,1.8299238509704785,3.017140682145996
40,12,linCmt,cov_VcCL,structural_other,0.02,98,-0.6013565119999866,-4.773965228113301,42.73790320349998,66.13304479364186,103.55374762923208
40,12,linCmt,var_CL,structural_other,0.1,98,-16.369175920250022,-12.477389761940822,20.11039736400001,27.455828463288878,42.47130163048999
40,12,linCmt,var_Vc,structural_other,0.1,98,-29.91009117825001,-24.317833635751025,33.36851651480001,37.01155930371712,53.56071285167
40,12,ode,CLBW,covariate_beta,0.75,76,-19.961466156199993,-29.948271785657614,39.32057842200001,70.08289505529616,98.90291033032601
40,12,ode,VcBW,covariate_beta,1,64,-97.05726024861501,-35.5790135950517,98.45792724505,85.69545108118393,99.2089200451046
40,12,ode,VcSEX,covariate_beta,0.4054651081081644,79,11.569725329440997,12.222813970623472,22.105635415921903,32.19910676883526,53.67267113928358
40,12,ode,TVCL,structural_intercept,0.6,93,-7.32213486241079,-6.953055277424322,9.180026598352468,14.098461222194652,23.541296831983857
40,12,ode,TVVc,structural_intercept,20,93,-2.6430782793313767,-3.67470524686861,8.411167155897807,14.493767474650191,25.998416184046548
40,12,ode,ResErr,structural_other,0.1,93,12.113048771,12.058699640434403,12.113048771,14.1111699639688,20.95190491279999
40,12,ode,TVKA,structural_other,0.7,93,0,0,0,0,0
40,12,ode,TVQ,structural_other,1.8,93,2.616183603833311,2.4576702092583735,2.623885176864873,3.1947589515437045,5.23383251003612
40,12,ode,TVVp,structural_other,80,93,0.3058846238032409,0.34477237512207015,1.1312073679514256,1.7873309051245154,3.0575704722258297
40,12,ode,cov_VcCL,structural_other,0.02,93,2.3242957785000495,-4.479944570636452,43.18796831300004,66.5574999175926,110.38388599242894
40,12,ode,var_CL,structural_other,0.1,93,-16.8265793235,-13.072497211304308,19.883898258900025,27.753369041423998,42.93414895412003
40,12,ode,var_Vc,structural_other,0.1,93,-30.65233896490002,-24.234106867988178,33.36348831330003,36.870738248827195,53.047769449960015
40,13,linCmt,CLBW,covariate_beta,0.75,62,-36.15813115153333,-39.00188497826834,83.0754288567,73.19923977075811,99.01999394298173
40,13,linCmt,CLcrCL,covariate_beta,0.5,90,-4.7083174123000004,-17.789390002168908,31.689330466999998,56.088152854546024,98.97816648672921
40,13,linCmt,TVCL,structural_intercept,0.6,96,-9.667384363588466,-8.775763733546974,12.29671586515696,16.855225494752847,25.188137899606428
40,13,linCmt,TVVc,structural_intercept,20,96,-0.4648219829668676,-0.7488820513036529,4.958598825760907,8.162471396406849,11.37317828247048
40,13,linCmt,ResErr,structural_other,0.1,96,16.797445597499994,16.976054415760412,16.797445597499994,18.42870946610354,25.46192535899999
40,13,linCmt,TVKA,structural_other,0.7,96,0,0,0,0,0
40,13,linCmt,TVQ,structural_other,1.8,96,3.2437092465191033,3.264225739005978,3.2437092465191033,3.8567487353032934,5.955421277963113
40,13,linCmt,TVVp,structural_other,80,96,0.9561215163492509,0.9018907909943428,1.3947968195624227,1.92472593632717,3.0699286400124226
40,13,linCmt,cov_VcCL,structural_other,0.02,96,-27.933206133499972,-22.884662858537023,43.64999507449997,66.29995665885268,99.01926268612749
40,13,linCmt,var_CL,structural_other,0.1,96,-17.96377252700002,-14.64424954163959,24.10209314464999,28.795901201301298,44.40615560825002
40,13,linCmt,var_Vc,structural_other,0.1,96,-44.78503224965,-43.80882363379375,44.96989144084999,49.874553486038984,70.26939390805
40,13,ode,CLBW,covariate_beta,0.75,50,-12.965695333599998,-34.20829486350096,65.98878017666667,71.99986657434094,98.85796693927054
40,13,ode,CLcrCL,covariate_beta,0.5,76,-4.499540483600001,-15.683121637331132,28.911561922499995,52.29057794726495,98.94945805608299
40,13,ode,TVCL,structural_intercept,0.6,82,-8.902505055262475,-8.39053675558633,10.747790946378446,16.175582832274678,24.47700452307238
40,13,ode,TVVc,structural_intercept,20,82,-0.30499058433803405,-0.5443285384114055,4.709162893788443,7.809542389929014,11.300919805034255
40,13,ode,ResErr,structural_other,0.1,82,16.781554553999996,17.133689235219506,16.781554553999996,18.625169263240668,26.255211006300005
40,13,ode,TVKA,structural_other,0.7,82,0,0,0,0,0
40,13,ode,TVQ,structural_other,1.8,82,3.3888291512416986,3.4425219025776013,3.3888291512416986,4.0203170093903795,6.078976503860653
40,13,ode,TVVp,structural_other,80,82,0.9735213913490615,0.9798809747673306,1.3041658271293155,1.8610561429622585,3.2336015388543693
40,13,ode,cov_VcCL,structural_other,0.02,82,-25.79930722024999,-20.628454186403598,41.046118875750025,63.92408994439468,96.92059739374996
40,13,ode,var_CL,structural_other,0.1,82,-16.100804533499996,-12.45719562924634,25.023294204099965,28.49113077094917,44.35283286155998
40,13,ode,var_Vc,structural_other,0.1,82,-45.34227146354998,-44.22982312186464,45.362414920549995,49.744923902015834,70.15800609142
40,14,linCmt,CLBW,covariate_beta,0.75,70,-8.122242388333337,-18.381645068340646,29.5738004238,66.70257794911288,98.97887686854612
40,14,linCmt,CLcrCL,covariate_beta,0.5,89,-13.9090998292,-27.10673098215101,33.807200484599996,62.44900940883077,99.0484037450224
40,14,linCmt,VcSEX,covariate_beta,0.4054651081081644,87,-1.552008141841314,3.0841070518687177,16.535366743389172,25.56620269523196,35.70343169336712
40,14,linCmt,TVCL,structural_intercept,0.6,98,-10.61396120221858,-10.224320155367844,11.665211634083322,17.24304222504049,27.422616042782632
40,14,linCmt,TVVc,structural_intercept,20,98,0.9685163970652867,2.6486351242071153,4.822532174029286,12.190625939192422,15.43701912065522
40,14,linCmt,ResErr,structural_other,0.1,98,13.73785329899999,13.765423153874485,13.73785329899999,15.538351056592262,21.9932228151
40,14,linCmt,TVKA,structural_other,0.7,98,0,0,0,0,0
40,14,linCmt,TVQ,structural_other,1.8,98,2.8133086836259045,2.8502082070685932,2.8504592126502333,3.8569498961686053,6.051850491357902
40,14,linCmt,TVVp,structural_other,80,98,0.6507758144113928,0.6894613125238626,1.3963791740505196,2.04147697188383,3.2025548457762105
40,14,linCmt,cov_VcCL,structural_other,0.02,98,-18.694128407,-14.632839897686125,35.80542841725,58.33725683394321,91.69033805989501
40,14,linCmt,var_CL,structural_other,0.1,98,-20.86300175845002,-18.6615437446245,23.3628872163,29.56822369489633,47.93872214353998
40,14,linCmt,var_Vc,structural_other,0.1,98,-42.07503996935,-36.272662192075515,42.8501951542,44.67734211821025,67.4663084425
40,14,ode,CLBW,covariate_beta,0.75,45,-7.732910497333334,-9.634998759989747,30.208676773999994,67.34166237335035,98.95591426566426
40,14,ode,CLcrCL,covariate_beta,0.5,59,-5.788248523999995,-15.692392331507184,24.7657665324,53.91878667132674,99.1029149028392
40,14,ode,VcSEX,covariate_beta,0.4054651081081644,57,0.20154239526267462,-0.3796823487856617,16.464590138877142,19.974832414800662,31.926717873218212
40,14,ode,TVCL,structural_intercept,0.6,66,-8.778271153211662,-9.967455813043797,10.763798418932074,17.880438615280745,27.918482249742183
40,14,ode,TVVc,structural_intercept,20,66,2.5552820391737097,3.3201789854163604,5.735115360089119,13.011109957639722,22.484194276387388
40,14,ode,ResErr,structural_other,0.1,66,13.93887937249999,14.18916872160757,13.93887937249999,16.038078665071293,22.428782551999987
40,14,ode,TVKA,structural_other,0.7,66,0,0,0,0,0
40,14,ode,TVQ,structural_other,1.8,66,3.0289903040550743,3.175732561367052,3.066961899023292,4.22003049433777,6.749254512524999
40,14,ode,TVVp,structural_other,80,66,1.0687059777623098,1.0084395597274047,1.669069829008869,2.2604030509376054,3.350563477733246
40,14,ode,cov_VcCL,structural_other,0.02,66,-7.4781612787499885,-13.107602052534551,38.83963852475002,59.33548504924563,89.43608665765
40,14,ode,var_CL,structural_other,0.1,66,-22.320883059000018,-18.746524365425763,23.375743109350005,29.650343931557032,48.365089819999994
40,14,ode,var_Vc,structural_other,0.1,66,-45.422113045050025,-38.43631619628637,45.422113045050025,46.11093247550566,67.5087489626
40,15,linCmt,CLBW,covariate_beta,0.75,73,-8.25651102186667,-24.989554692272236,42.27626308533334,68.85129752641478,99.12084690404825
40,15,linCmt,CLcrCL,covariate_beta,0.5,89,-14.566906649,-28.119160502733955,32.388839159999996,63.98936631290639,99.1172026339792
40,15,linCmt,VcBW,covariate_beta,1,76,-28.13908265165,-42.02304790507884,39.12871440505,69.55011017982069,99.07675597229499
40,15,linCmt,TVCL,structural_intercept,0.6,96,-10.175886899701874,-9.982572011499617,10.998456351098419,15.490262091033124,23.45897511953478
40,15,linCmt,TVVc,structural_intercept,20,96,-5.76793912214411,-6.0515305884582,9.61694334073103,16.503737614621546,27.469282296714052
40,15,linCmt,ResErr,structural_other,0.1,96,13.276176308999993,14.074190103244785,13.276176308999993,15.567533168195002,22.708044792
40,15,linCmt,TVKA,structural_other,0.7,96,0,0,0,0,0
40,15,linCmt,TVQ,structural_other,1.8,96,2.734747902742301,2.9351986138070565,2.734747902742301,3.8164353419598562,6.140350531689925
40,15,linCmt,TVVp,structural_other,80,96,0.5466691525882261,0.7255509768309246,1.2779496249262934,1.7596391952124455,2.524622536809371
40,15,linCmt,cov_VcCL,structural_other,0.02,96,-2.1448843212500126,0.03311708020082159,35.74649972075,59.15373994310603,97.14611753818501
40,15,linCmt,var_CL,structural_other,0.1,96,-14.474821444800043,-15.161937880920838,18.900591631449984,26.013911219173576,41.444227151350006
40,15,linCmt,var_Vc,structural_other,0.1,96,-42.68845612625001,-39.07371182840626,42.68845612625001,44.71472030614034,66.42640036630002
40,15,ode,CLBW,covariate_beta,0.75,52,0.14517531826666225,-16.76995125718123,31.94722823753334,60.53800575474529,99.0274284712196
40,15,ode,CLcrCL,covariate_beta,0.5,61,0.6324214643999904,-11.016256889211148,26.04546026079999,53.02689454062822,99.055137910914
40,15,ode,VcBW,covariate_beta,1,50,-97.97085235624,-56.852071798673045,97.97085235624,73.85639574073157,99.0346387322532
40,15,ode,TVCL,structural_intercept,0.6,67,-10.898336440926803,-9.863881959856744,12.246664682322143,15.9824353796344,23.400791607398
40,15,ode,TVVc,structural_intercept,20,67,-2.441486505870163,-4.938036555422143,7.497165416921573,14.931048331793434,20.853428343740205
40,15,ode,ResErr,structural_other,0.1,67,12.40371078699999,13.20570574766268,12.40371078699999,14.86325765958359,22.03079408719999
40,15,ode,TVKA,structural_other,0.7,67,0,0,0,0,0
40,15,ode,TVQ,structural_other,1.8,67,2.747631136499377,2.6136878956923497,2.747631136499377,3.4436632764622574,5.323981446373481
40,15,ode,TVVp,structural_other,80,67,0.2928395333256617,0.6215485437139536,1.2364125408711324,1.751551865039548,2.456114643193448
40,15,ode,cov_VcCL,structural_other,0.02,67,-6.04142035149996,-0.7590514956594143,40.66250925150001,59.95494367488923,89.42630664272
40,15,ode,var_CL,structural_other,0.1,67,-15.277695877600001,-14.933551912511946,18.94429507120003,25.97318926693571,39.92473609165999
40,15,ode,var_Vc,structural_other,0.1,67,-37.109210490099976,-35.54555306896269,37.109210490099976,41.88763659674253,64.22658159090003
40,16,linCmt,CLBW,covariate_beta,0.75,69,-4.004711795333327,-14.37534338436145,33.63776166800001,70.03122649679517,98.9047556583624
40,16,linCmt,CLcrCL,covariate_beta,0.5,84,-9.741876215700001,-19.06311901448538,29.477031555,56.363355508865766,99.0001235142006
40,16,linCmt,VcBW,covariate_beta,1,77,-16.794577982299998,-24.244378568915533,36.60939723700001,78.19116036742975,99.082771279341
40,16,linCmt,VcSEX,covariate_beta,0.4054651081081644,81,8.748809760560833,11.58906443073354,20.181721742381395,33.540148739056434,51.18246565755652
40,16,linCmt,TVCL,structural_intercept,0.6,99,-10.005506045507836,-9.73501733803915,11.551576774981495,16.132330360996278,26.33310872139201
40,16,linCmt,TVVc,structural_intercept,20,99,-5.188282336259888,-3.6793337823367445,9.807928041813199,17.715575182880198,25.547915626222217
40,16,linCmt,ResErr,structural_other,0.1,99,11.274839305999999,11.105834212519186,11.274839305999999,12.747735182630121,19.098703888399992
40,16,linCmt,TVKA,structural_other,0.7,99,0,0,0,0,0
40,16,linCmt,TVQ,structural_other,1.8,99,2.2555286959266994,2.4485987451664246,2.319035699259151,3.4771874550778383,6.095176430153214
40,16,linCmt,TVVp,structural_other,80,99,0.570854934904883,0.6193047418597922,1.2491559377087924,2.024567703918936,3.1765913029612967
40,16,linCmt,cov_VcCL,structural_other,0.02,99,-14.383353854500026,-9.713681087239953,38.87599257550006,59.9637700627251,91.5580093856
40,16,linCmt,var_CL,structural_other,0.1,99,-16.291835506500014,-14.95599661501212,19.408153420999984,26.165742663891933,42.91111181464003
40,16,linCmt,var_Vc,structural_other,0.1,99,-26.301950105800053,-26.3963826161495,27.419548522700012,37.49862707206635,60.24488767634002
40,16,ode,CLBW,covariate_beta,0.75,50,7.088212350533333,-0.8332454586107216,29.483298814,61.12887265035836,98.74871944011613
40,16,ode,CLcrCL,covariate_beta,0.5,62,2.0579627212999996,-4.7778425248142256,22.662952858300002,46.40684573965606,98.3134827357592
40,16,ode,VcBW,covariate_beta,1,54,-31.7530455466,-32.13716029762028,97.992532464565,83.1280218141589,99.08826253852591
40,16,ode,VcSEX,covariate_beta,0.4054651081081644,60,12.374560048814548,16.289914536238154,20.585871781122293,35.89832769669698,60.2443625579424
40,16,ode,TVCL,structural_intercept,0.6,74,-10.316335936249606,-10.079774374817465,11.211125263011517,14.914465090344128,23.38275346086618
40,16,ode,TVVc,structural_intercept,20,74,-2.625841285723496,-1.5586813683140985,8.535355101295803,16.752204035663542,22.14098753363711
40,16,ode,ResErr,structural_other,0.1,74,10.4954321305,11.16215427291486,10.4954321305,12.90986447315622,19.8339610814
40,16,ode,TVKA,structural_other,0.7,74,0,0,0,0,0
40,16,ode,TVQ,structural_other,1.8,74,2.2860446952268445,2.453762804845378,2.353239030450908,3.5437197551101356,6.134481663190275
40,16,ode,TVVp,structural_other,80,74,0.5269658276422362,0.7354035132586197,1.2675132250980248,2.0756083236181,3.5438673869181634
40,16,ode,cov_VcCL,structural_other,0.02,74,-11.701180740749956,-6.7965106032196605,43.22521062525,63.41265675510984,95.017618132250007
40,16,ode,var_CL,structural_other,0.1,74,-14.339577467450015,-12.896382395986489,18.353041637550028,25.840401421572036,42.80409908317
40,16,ode,var_Vc,structural_other,0.1,74,-26.118241171949986,-26.126577451510812,27.767033886749992,37.74974021614146,59.97253601723003
80,1,linCmt,TVCL,structural_intercept,0.6,100,-0.4839643052911106,0.554505732882472,2.8547484818891395,5.1530666825274976,5.3762366096413245
80,1,linCmt,TVVc,structural_intercept,20,100,0.9642374093661931,1.6556875705718985,3.627857299107555,9.299175711574042,10.327579209145119
80,1,linCmt,ResErr,structural_other,0.1,100,13.887432667499999,13.993804993978994,13.887432667499999,14.544464646631464,18.5023952689
80,1,linCmt,TVKA,structural_other,0.7,100,0,0,0,0,0
80,1,linCmt,TVQ,structural_other,1.8,100,3.447852620759257,3.5975880336161747,3.447852620759257,3.885919672805117,5.548478383775353
80,1,linCmt,TVVp,structural_other,80,100,1.7308247420069736,1.680530343237148,1.7308247420069736,2.0873743414310706,3.2319522442869877
80,1,linCmt,cov_VcCL,structural_other,0.02,100,-13.096863358749971,-10.885932934731002,28.299820113249996,43.62172012991792,67.63136174875997
80,1,linCmt,var_CL,structural_other,0.1,100,-3.178000823599994,-2.330046241102004,11.175836865700013,15.803035556212148,25.830113960979972
80,1,linCmt,var_Vc,structural_other,0.1,100,-45.93879349055001,-46.135831458957,45.93879349055001,48.7421562782493,65.30999587883002
80,1,ode,TVCL,structural_intercept,0.6,97,-0.5009378070067368,0.5527978806857702,2.77278263532386,5.162906412573404,5.300084785222796
80,1,ode,TVVc,structural_intercept,20,97,0.962151813819947,1.9730538435019696,3.7850310657423765,9.037768554615774,9.858557041676457
80,1,ode,ResErr,structural_other,0.1,97,13.857870982999994,13.980367547197933,13.857870982999994,14.569038226831571,18.586319897399996
80,1,ode,TVKA,structural_other,0.7,97,0,0,0,0,0
80,1,ode,TVQ,structural_other,1.8,97,3.4835530879979335,3.6096066811118876,3.4835530879979335,3.9054723099019197,5.621992562720826
80,1,ode,TVVp,structural_other,80,97,1.6963437625487112,1.6851008754882029,1.6963437625487112,2.09754621886566,3.1771444771132953
80,1,ode,cov_VcCL,structural_other,0.02,97,-13.11696813950002,-10.677005553385568,28.519520188999977,43.32646174694353,65.59266323395002
80,1,ode,var_CL,structural_other,0.1,97,-3.1083675582999906,-2.2452577820515502,11.345243223800011,15.864550896185955,25.77836875508001
80,1,ode,var_Vc,structural_other,0.1,97,-45.944219585499994,-46.14917859980825,45.944219585499994,48.797592880859334,65.87392060855998
80,2,linCmt,VcSEX,covariate_beta,0.4054651081081644,98,-10.382260596498597,-7.999907445804618,14.385533614261076,20.553931715511133,35.04454826834536
80,2,linCmt,TVCL,structural_intercept,0.6,100,0.39995368525648967,0.6659820375556471,2.5443145317788627,5.964338317194903,6.993811641110678
80,2,linCmt,TVVc,structural_intercept,20,100,2.011800037497107,1.9642909928764434,4.073642091691543,7.201219355310845,10.480728237166732
80,2,linCmt,ResErr,structural_other,0.1,100,8.898990998999997,9.362097064785994,8.898990998999997,10.38628476490312,15.478658244799995
80,2,linCmt,TVKA,structural_other,0.7,100,0,0,0,0,0
80,2,linCmt,TVQ,structural_other,1.8,100,2.824969598337125,2.8965434553654057,2.824969598337125,3.3711796738144013,4.891540039472039
80,2,linCmt,TVVp,structural_other,80,100,1.3282363663654186,1.3256676050992593,1.3481689844850386,1.8238039713562797,2.8458085116116436
80,2,linCmt,cov_VcCL,structural_other,0.02,100,-5.139470304750052,-4.302983253488002,26.750784451750008,39.35373452696172,60.04008754095504
80,2,linCmt,var_CL,structural_other,0.1,100,-3.8975442516000216,-2.165811640356007,12.28105259614999,16.925692453383824,26.462078666139995
80,2,linCmt,var_Vc,structural_other,0.1,100,-27.180760398150028,-25.814728494707005,27.180760398150028,32.466958181777926,49.92067931338998
80,2,ode,VcSEX,covariate_beta,0.4054651081081644,92,-10.292210148087971,-8.153499966359082,13.922353899341038,20.761031682093044,35.21641396760404
80,2,ode,TVCL,structural_intercept,0.6,94,0.4305846826223129,0.742369383973304,2.535441118573678,6.1025856243018834,7.3704622969010165
80,2,ode,TVVc,structural_intercept,20,94,2.035210687008977,2.0454996678326696,4.291402995792329,7.385873422900026,10.57420467001908
80,2,ode,ResErr,structural_other,0.1,94,9.411638320499994,9.573606764639358,9.411638320499994,10.54879809993699,15.376347723499995
80,2,ode,TVKA,structural_other,0.7,94,0,0,0,0,0
80,2,ode,TVQ,structural_other,1.8,94,2.75359194316095,2.8374581521015645,2.75359194316095,3.3085684203621275,4.887433918228661
80,2,ode,TVVp,structural_other,80,94,1.3511733321674146,1.3296417609418913,1.3768311831772806,1.821369259198493,2.828887359196243
80,2,ode,cov_VcCL,structural_other,0.02,94,-8.73595740600002,-5.341178301859582,26.72599408800002,39.66355872450941,63.69868350215
80,2,ode,var_CL,structural_other,0.1,94,-4.576554168100038,-2.8415570057648996,12.512725219599993,16.487054742401842,25.871935738970013
80,2,ode,var_Vc,structural_other,0.1,94,-27.033381700250036,-25.2407072380915,27.033381700250036,32.107256048889404,49.29749453124
80,3,linCmt,VcBW,covariate_beta,1,94,-41.1095699501,-53.267809402970315,41.1095699501,70.50556607243561,99.004099982102
80,3,linCmt,TVCL,structural_intercept,0.6,100,0.6834326809957159,0.7952270386649692,2.935719183222357,7.877499891132514,8.035611548098679
80,3,linCmt,TVVc,structural_intercept,20,100,0.3214332290291999,0.9832609996945814,3.5450535606719487,8.219845844492715,9.87361009960618
80,3,linCmt,ResErr,structural_other,0.1,100,11.659860277999993,11.898028567219994,11.659860277999993,12.866728026036228,18.391817505799995
80,3,linCmt,TVKA,structural_other,0.7,100,0,0,0,0,0
80,3,linCmt,TVQ,structural_other,1.8,100,3.3858681586337744,3.4074031926819894,3.3858681586337744,3.7713661152611357,5.37047517931333
80,3,linCmt,TVVp,structural_other,80,100,1.730606019188876,1.6630663922879578,1.7404191194959575,2.1929288567948353,3.4220995126781952
80,3,linCmt,cov_VcCL,structural_other,0.02,100,-6.955050514750012,-6.704278307110351,27.924650867500027,45.049442254567815,76.81840140751503
80,3,linCmt,var_CL,structural_other,0.1,100,-5.090732738749979,-2.4887823246190077,13.089769652650018,17.008703051596676,24.854235955000018
80,3,linCmt,var_Vc,structural_other,0.1,100,-37.03787313789999,-36.837880459821,37.03787313789999,40.88385133035877,57.055240606
80,3,ode,VcBW,covariate_beta,1,90,-41.1811213244,-52.905281856052255,41.1811213244,70.436969054702,98.970772512669
80,3,ode,TVCL,structural_intercept,0.6,96,0.4525528232193858,0.41408331171814755,3.0055161001331654,8.171621427540748,8.547551486239767
80,3,ode,TVVc,structural_intercept,20,96,-0.006817898861228856,0.9080788679122329,3.3605995933264494,7.886339693564941,9.743053394831263
80,3,ode,ResErr,structural_other,0.1,96,11.508358440999997,11.725173880270829,11.508358440999997,12.638890472072948,17.980757919499997
80,3,ode,TVKA,structural_other,0.7,96,0,0,0,0,0
80,3,ode,TVQ,structural_other,1.8,96,3.33536771632095,3.3355022120083913,3.33536771632095,3.701885452412188,5.254913720331309
80,3,ode,TVVp,structural_other,80,96,1.7020863986616241,1.6582426765017384,1.7494491054276382,2.166441893580739,3.4867680874280627
80,3,ode,cov_VcCL,structural_other,0.02,96,-7.411357598999975,-6.377859308627183,27.693955141750003,45.742307218102965,79.61536954219997
80,3,ode,var_CL,structural_other,0.1,96,-4.764238880749977,-2.6453059557802137,13.079600470950004,16.988441669355517,25.231080531649972
80,3,ode,var_Vc,structural_other,0.1,96,-36.53034659440001,-36.015650793690625,36.53034659440001,40.20151452559096,55.53087165260001
80,4,linCmt,VcBW,covariate_beta,1,87,-98.04857964057,-53.691865817777476,98.04857964057,71.92416820884665,99.00260906077361
80,4,linCmt,VcSEX,covariate_beta,0.4054651081081644,99,-2.383934843435602,-1.5193933678043787,16.00232712540256,23.171055249848806,38.556860942518846
80,4,linCmt,TVCL,structural_intercept,0.6,100,0.5241571946554743,0.6824539156483953,3.0598027308133546,7.238965726932214,6.838332508777673
80,4,linCmt,TVVc,structural_intercept,20,100,1.629479020553175,2.425421445203824,3.674461488682494,8.31716677868203,10.773179342296729
80,4,linCmt,ResErr,structural_other,0.1,100,8.138378785499993,8.676922724264994,8.138378785499993,9.86901563706877,15.080647661699992
80,4,linCmt,TVKA,structural_other,0.7,100,0,0,0,0,0
80,4,linCmt,TVQ,structural_other,1.8,100,2.92381519220394,3.0538434719880927,2.92381519220394,3.5653095600494136,5.488787023840147
80,4,linCmt,TVVp,structural_other,80,100,1.0881042085586579,1.1104485311109915,1.291834033387813,1.8446710292472,3.000331441322722
80,4,linCmt,cov_VcCL,structural_other,0.02,100,-12.745896023000029,-8.85361637074845,32.31764652875002,41.79811439800711,66.650227847725
80,4,linCmt,var_CL,structural_other,0.1,100,-5.394057025200002,-4.068046110065008,10.537669283799996,16.962047385248542,27.905762912279997
80,4,linCmt,var_Vc,structural_other,0.1,100,-26.609527916100017,-25.469270747628002,27.649483256900005,31.592727840967544,50.45248480132002
80,4,ode,VcBW,covariate_beta,1,85,-34.3155777047,-51.26597049280064,34.3155777047,70.361814076412,98.94524252177399
80,4,ode,VcSEX,covariate_beta,0.4054651081081644,95,-5.331950118972291,-2.723619329363635,15.444359451548738,22.53507650964193,36.498789824520706
80,4,ode,TVCL,structural_intercept,0.6,96,0.5536743388176354,0.6830235998039615,3.049575728844558,7.313526847705029,6.662593511031148
80,4,ode,TVVc,structural_intercept,20,96,1.525296311675799,2.308723928564777,3.6428026107368083,8.210574710452276,10.620714574375887
80,4,ode,ResErr,structural_other,0.1,96,8.400107370499995,8.707001697180203,8.400107370499995,9.923169761016162,14.69285288499999
80,4,ode,TVKA,structural_other,0.7,96,0,0,0,0,0
80,4,ode,TVQ,structural_other,1.8,96,2.9636461097857962,3.0330042207566263,2.9636461097857962,3.5433480477743395,5.335896198059772
80,4,ode,TVVp,structural_other,80,96,1.1267081245088217,1.120489568448693,1.3197860682682094,1.8531048167565936,3.1167908621609985
80,4,ode,cov_VcCL,structural_other,0.02,96,-11.57548956874998,-8.462265728576773,33.05581220025,42.117887550732235,67.13969669455
80,4,ode,var_CL,structural_other,0.1,96,-6.089172038400016,-4.217035562515628,10.446609555250001,17.10301363668575,28.04258878675001
80,4,ode,var_Vc,structural_other,0.1,96,-26.312947914550012,-25.539741111541677,26.590052350250026,31.713254433825327,50.55371904270002
80,5,linCmt,CLcrCL,covariate_beta,0.5,100,1.138169467700001,-15.176576510931142,15.955546692,46.688012825063005,98.95445124907461
80,5,linCmt,TVCL,structural_intercept,0.6,100,0.31882630124868694,0.2534441190613244,2.280076949118896,5.367550816356617,8.594841454276517
80,5,linCmt,TVVc,structural_intercept,20,100,0.5742893831096207,1.2001057928358432,2.9153446322183196,6.992110554622168,7.954743918811884
80,5,linCmt,ResErr,structural_other,0.1,100,14.970510364999996,14.605923683449994,14.970510364999996,15.63373210956787,20.766839695200005
80,5,linCmt,TVKA,structural_other,0.7,100,0,0,0,0,0
80,5,linCmt,TVQ,structural_other,1.8,100,3.6591056791619385,3.5065744779459376,3.6591056791619385,3.880155511198361,5.649632002309828
80,5,linCmt,TVVp,structural_other,80,100,2.0858379805857656,1.8088961811844801,2.0858379805857656,2.283463226478646,3.2649945159333233
80,5,linCmt,cov_VcCL,structural_other,0.02,100,-26.80498851674996,-24.500321484395567,36.03872076725003,48.757998807468894,79.68039304304007
80,5,linCmt,var_CL,structural_other,0.1,100,-9.248208013749995,-7.2829766928180035,14.190739230199991,19.35029339424356,30.765603919400004
80,5,linCmt,var_Vc,structural_other,0.1,100,-50.74127470680001,-48.506702978542,50.74127470680001,51.87826119827277,67.87899679516002
80,5,ode,CLcrCL,covariate_beta,0.5,92,2.4144212353000016,-12.69765714026024,14.67475745029999,45.07186157015785,98.9282524144706
80,5,ode,TVCL,structural_intercept,0.6,92,0.4041958135951226,0.21288789173502148,2.3996723568093516,5.429225701922155,8.477813495620104
80,5,ode,TVVc,structural_intercept,20,92,0.5121365594717453,0.9818301246503491,2.8121771059785416,7.382129284145862,7.916500694466852
80,5,ode,ResErr,structural_other,0.1,92,14.521671067999995,14.623488708228255,14.521671067999995,15.759751180594778,21.600802330199997
80,5,ode,TVKA,structural_other,0.7,92,0,0,0,0,0
80,5,ode,TVQ,structural_other,1.8,92,3.606918464879723,3.5473074486844274,3.606918464879723,3.9453545976313253,5.690985304710518
80,5,ode,TVVp,structural_other,80,92,2.0347214029267136,1.8411371991735526,2.0347214029267136,2.2992533749625914,3.253317200131874
80,5,ode,cov_VcCL,structural_other,0.02,92,-26.62124711075001,-23.1581193646186,36.65184939699997,48.89431595013718,78.21609312534501
80,5,ode,var_CL,structural_other,0.1,92,-9.896815000549994,-7.328723950601088,14.432210727799994,19.709060394047977,30.702756751410014
80,5,ode,var_Vc,structural_other,0.1,92,-51.74322852415,-48.385791650115216,51.74322852415,51.762254073433475,67.40585167951
80,6,linCmt,CLcrCL,covariate_beta,0.5,100,-0.605802669600003,-12.448499690695861,14.734643180700003,41.816173886655974,98.9291459811042
80,6,linCmt,VcSEX,covariate_beta,0.4054651081081644,99,-9.889980714312644,-9.252639586443777,15.473259867554143,22.321905177539893,40.35666685857291
80,6,linCmt,TVCL,structural_intercept,0.6,100,0.8125436550353767,0.7802432257828129,3.1947766053194258,6.332521541540714,8.880060434896714
80,6,linCmt,TVVc,structural_intercept,20,100,1.2717268281140548,3.4941810085776805,3.670597753593565,12.046694669047325,9.83133430253938
80,6,linCmt,ResErr,structural_other,0.1,100,11.976939542499995,11.936193440149994,11.976939542499995,12.858061319690908,18.6616911971
80,6,linCmt,TVKA,structural_other,0.7,100,0,0,0,0,0
80,6,linCmt,TVQ,structural_other,1.8,100,3.187758889359639,3.2841195550104327,3.187758889359639,3.7135236211359293,5.355996809780582
80,6,linCmt,TVVp,structural_other,80,100,1.692173961252763,1.6302774860301252,1.692173961252763,2.0651738247898233,3.1712299296179443
80,6,linCmt,cov_VcCL,structural_other,0.02,100,-2.7019628365000483,-4.451663004241456,31.48127598899996,42.453409489868335,69.48154455870502
80,6,linCmt,var_CL,structural_other,0.1,100,-5.4745011324000075,-3.6731615914360067,12.001034359999995,15.860795680690243,24.878748970060006
80,6,linCmt,var_Vc,structural_other,0.1,100,-31.717630160150005,-30.861647828673007,31.717630160150005,35.36884026271344,53.832475189210015
80,6,ode,CLcrCL,covariate_beta,0.5,92,-0.6184029694000004,-10.708570242212435,14.471668145100002,39.45069694945228,98.92483604567059
80,6,ode,VcSEX,covariate_beta,0.4054651081081644,91,-9.614939400350195,-8.463327766364745,13.22442058981319,21.06984823135151,37.52772044261149
80,6,ode,TVCL,structural_intercept,0.6,92,1.0069942287320353,0.71081924423798,3.1915281250019434,6.270306171610159,8.357218267259563
80,6,ode,TVVc,structural_intercept,20,92,1.0801510118775237,3.461108194740512,3.652641250038871,12.454487220588012,10.312014426758665
80,6,ode,ResErr,structural_other,0.1,92,12.139296139499995,11.905405216510864,12.139296139499995,12.847475729552619,18.787081844299998
80,6,ode,TVKA,structural_other,0.7,92,0,0,0,0,0
80,6,ode,TVQ,structural_other,1.8,92,3.1581045035114372,3.2952605792804075,3.1581045035114372,3.7371127065201346,5.369254758970444
80,6,ode,TVVp,structural_other,80,92,1.621436965625387,1.6563895345072317,1.621436965625387,2.0784401942351174,3.2375521536923113
80,6,ode,cov_VcCL,structural_other,0.02,92,-1.9202905145000293,-2.718660168485662,32.22344378525002,42.871836671429236,71.8746109884849
80,6,ode,var_CL,structural_other,0.1,92,-5.02342731895003,-3.717420182843488,11.998678752099993,16.152657669081123,25.243808115910028
80,6,ode,var_Vc,structural_other,0.1,92,-31.206965769049987,-30.924414910045655,31.206965769049987,35.626163994288135,53.83866066758001
80,7,linCmt,CLcrCL,covariate_beta,0.5,99,-2.8794627569999953,-18.25052490269194,15.544636465399996,47.32809809626101,98.95246825776161
80,7,linCmt,VcBW,covariate_beta,1,91,-21.8336446819,-39.734336654139454,26.921735315399996,64.41153998880657,98.98418497844
80,7,linCmt,TVCL,structural_intercept,0.6,100,-0.4018313359664775,-0.34708588189642936,2.7946727123054442,5.681325614469842,8.432244189897084
80,7,linCmt,TVVc,structural_intercept,20,100,0.7538206374647771,1.2916251833323382,3.7844801590570665,9.568885016131894,9.538057355140163
80,7,linCmt,ResErr,structural_other,0.1,100,12.900311049499999,12.339543329159994,12.900311049499999,13.247793647550216,18.420712211899996
80,7,linCmt,TVKA,structural_other,0.7,100,0,0,0,0,0
80,7,linCmt,TVQ,structural_other,1.8,100,3.5094595786390057,3.337297004263821,3.5094595786390057,3.7401466869494153,5.167798946729313
80,7,linCmt,TVVp,structural_other,80,100,1.788775641192837,1.6199599400263547,1.819343062870589,2.1394236493644145,3.5380234039942198
80,7,linCmt,cov_VcCL,structural_other,0.02,100,1.8810105532499586,-0.539494601441756,31.252403295250016,42.725591807630195,66.21084310700999
80,7,linCmt,var_CL,structural_other,0.1,100,-3.9443154506000333,-4.077118843189009,12.032374963150003,16.959439089407176,27.92813808491997
80,7,linCmt,var_Vc,structural_other,0.1,100,-35.205109229950004,-33.52579332818,35.205109229950004,37.97132633071895,56.590942688370006
80,7,ode,CLcrCL,covariate_beta,0.5,91,-1.0114999350000042,-12.521363790641098,13.957211194600006,40.42386530955955,98.921188799968
80,7,ode,VcBW,covariate_beta,1,84,-23.1334581298,-40.930281293016016,27.573005833449997,64.9771583441928,98.981553735814
80,7,ode,TVCL,structural_intercept,0.6,92,-0.21800374816713375,-0.3789218355969034,2.6662176592057905,6.210823109835964,9.244820208718382
80,7,ode,TVVc,structural_intercept,20,92,0.7242354323776556,1.2675224889286323,4.0144656415116575,9.662317934719365,10.03072683690045
80,7,ode,ResErr,structural_other,0.1,92,12.950644189499997,12.34255767705434,12.950644189499997,13.258133415329631,17.999333289699994
80,7,ode,TVKA,structural_other,0.7,92,0,0,0,0,0
80,7,ode,TVQ,structural_other,1.8,92,3.4830608649021197,3.3412356578932627,3.4830608649021197,3.7363317193472336,5.189711749799222
80,7,ode,TVVp,structural_other,80,92,1.7933788023336825,1.6014303736542157,1.8549993585465427,2.132256753357838,3.477892675927346
80,7,ode,cov_VcCL,structural_other,0.02,92,3.480447972999982,0.40123603094901594,29.507467206749993,42.59587077730049,66.70378474697497
80,7,ode,var_CL,structural_other,0.1,92,-4.191049247750017,-4.162463331256527,12.080013691449988,17.281414725023897,29.023379428009992
80,7,ode,var_Vc,structural_other,0.1,92,-34.49743542434999,-32.82602372694022,34.49743542434999,37.50552491580792,56.122093221280025
80,8,linCmt,CLcrCL,covariate_beta,0.5,100,-4.621320432600001,-19.09782180388422,15.332955504999996,46.39816923759525,98.938971072207
80,8,linCmt,VcBW,covariate_beta,1,84,-23.394428927099998,-42.04166069324211,25.815074055350003,68.82253624757526,99.0564379967863
80,8,linCmt,VcSEX,covariate_beta,0.4054651081081644,98,-4.766476452397667,-0.9921830948449429,14.308401523793613,22.22497631439148,33.91129506942819
80,8,linCmt,TVCL,structural_intercept,0.6,100,0.24006889945340135,0.4292905276853093,2.84008903881978,5.919511872636402,7.378206535696806
80,8,linCmt,TVVc,structural_intercept,20,100,2.254124627344165,2.4515701514845007,4.76807536720413,6.850908672005315,11.192407222940316
80,8,linCmt,ResErr,structural_other,0.1,100,11.417604228999997,11.136741578415995,11.417604228999997,12.304994699501044,17.032526823499996
80,8,linCmt,TVKA,structural_other,0.7,100,0,0,0,0,0
80,8,linCmt,TVQ,structural_other,1.8,100,3.3716791270455877,3.214624862857634,3.3716791270455877,3.739132326241551,5.49947011429687
80,8,linCmt,TVVp,structural_other,80,100,1.3896552844550136,1.4616156505005355,1.3915588067076623,2.0761953894749,3.2901684119279397
80,8,linCmt,cov_VcCL,structural_other,0.02,100,1.6527126192499975,3.6368427892829978,29.253707387500004,44.09021222848805,62.985497829800096
80,8,linCmt,var_CL,structural_other,0.1,100,-4.157754399850049,-2.5184794238660095,9.848074984750003,15.177180480616236,24.01833932973002
80,8,linCmt,var_Vc,structural_other,0.1,100,-23.617471843550035,-23.762773989582005,23.779232925800017,30.49962613165687,47.73145721435002
80,8,ode,CLcrCL,covariate_beta,0.5,92,-3.7765446568999996,-14.948828446719348,15.2528984233,42.43520217639226,98.86511208905262
80,8,ode,VcBW,covariate_beta,1,76,-24.0878775911,-42.23139353448625,30.799281865349997,69.49686132522966,99.050012576027
80,8,ode,VcSEX,covariate_beta,0.4054651081081644,90,-4.585669073577675,-0.5709194829115082,14.312053024429277,23.456428803997305,36.46109710321276
80,8,ode,TVCL,structural_intercept,0.6,92,0.18998359418760197,0.6112427585090627,2.8742116911370985,5.976951821426143,7.529431508818725
80,8,ode,TVVc,structural_intercept,20,92,2.0479399916153884,2.3873878476264023,4.877816500425132,7.069741021049504,11.492716600834878
80,8,ode,ResErr,structural_other,0.1,92,11.144061014499995,11.093728615666299,11.144061014499995,12.33005207640907,17.1343974779
80,8,ode,TVKA,structural_other,0.7,92,0,0,0,0,0
80,8,ode,TVQ,structural_other,1.8,92,3.279869709465952,3.2917250206457296,3.279869709465952,3.8065900687334273,5.494930849739433
80,8,ode,TVVp,structural_other,80,92,1.3220430447117868,1.4696680734069902,1.346515757675739,2.0629019828028152,2.9407864790945553
80,8,ode,cov_VcCL,structural_other,0.02,92,2.9311564352499637,5.5897851062402175,27.543093388250018,43.53708087833921,63.636237608600034
80,8,ode,var_CL,structural_other,0.1,92,-3.986252030500022,-1.998229177594572,9.636415565600014,14.733517017842471,23.69627883049998
80,8,ode,var_Vc,structural_other,0.1,92,-23.22065585660002,-23.3307889516587,24.01396017535,30.154991406954107,46.54368417485003
80,9,linCmt,CLBW,covariate_beta,0.75,86,-23.067763375933335,-36.50244655042415,31.788601475400004,68.35417314326938,98.982862400166
80,9,linCmt,TVCL,structural_intercept,0.6,100,-0.667015694638488,0.39326952378007174,3.878245319034348,11.197858930633837,14.299670566993692
80,9,linCmt,TVVc,structural_intercept,20,100,0.5769628446860775,2.0527722927288177,2.645306593185923,9.487575906720135,8.592398926468158
80,9,linCmt,ResErr,structural_other,0.1,100,16.347975952499997,16.390546957999995,16.347975952499997,17.282272912440167,22.495372376300004
80,9,linCmt,TVKA,structural_other,0.7,100,0,0,0,0,0
80,9,linCmt,TVQ,structural_other,1.8,100,4.155532351551207,3.9581437772576082,4.155532351551207,4.209319763893798,5.5408133239947706
80,9,linCmt,TVVp,structural_other,80,100,1.8775847423852368,1.8484509920118968,1.8775847423852368,2.1850639625537265,3.2062950609474727
80,9,linCmt,cov_VcCL,structural_other,0.02,100,-20.640148432250022,-21.872375274290857,32.081468943,44.30382830070006,72.13010194770999
80,9,linCmt,var_CL,structural_other,0.1,100,-11.376033505250023,-8.935018407836008,13.015853203250021,18.671664443205344,28.842831109750033
80,9,linCmt,var_Vc,structural_other,0.1,100,-51.51915321635001,-48.259523408104,51.51915321635001,51.39955733768057,68.53728756337999
80,9,ode,CLBW,covariate_beta,0.75,81,-22.172689804266664,-36.129872515238695,29.148629686133336,64.73228759635658,98.97359589325868
80,9,ode,TVCL,structural_intercept,0.6,94,-0.4879545120356303,0.10585966163691979,3.6618652979668322,10.299449446290872,11.539443858846887
80,9,ode,TVVc,structural_intercept,20,94,0.6224015234643776,2.6027461549863675,2.7506667521450012,10.496661092883611,8.5977076623733
80,9,ode,ResErr,structural_other,0.1,94,16.55366449349999,16.42344520067021,16.55366449349999,17.285607008738552,22.791806553
80,9,ode,TVKA,structural_other,0.7,94,0,0,0,0,0
80,9,ode,TVQ,structural_other,1.8,94,4.285548618800415,4.150671733719949,4.285548618800415,4.375217351676356,5.674263247728336
80,9,ode,TVVp,structural_other,80,94,2.0014148261350595,1.9267764457288918,2.0014148261350595,2.2476545369768632,3.201057172977047
80,9,ode,cov_VcCL,structural_other,0.02,94,-22.419860608499988,-23.362435431888937,31.95092052625001,44.880879857160735,71.75708343203999
80,9,ode,var_CL,structural_other,0.1,94,-10.298109750850013,-8.194292521821284,12.590549500300007,18.164001987323868,28.54496139573999
80,9,ode,var_Vc,structural_other,0.1,94,-52.14535827105,-48.320224576310636,52.14535827105,51.361259554331305,68.72310782757003
80,10,linCmt,CLBW,covariate_beta,0.75,87,-16.802481842266662,-33.209222090779285,30.6018791404,62.89220998969059,98.91042788755387
80,10,linCmt,VcSEX,covariate_beta,0.4054651081081644,100,-10.581508771580653,-9.906479117376756,15.162861794287656,21.557152308464765,32.9710780360172
80,10,linCmt,TVCL,structural_intercept,0.6,100,-4.257893035232968,-5.570705174142634,5.667458356432991,11.501342016214004,17.208441273484272
80,10,linCmt,TVVc,structural_intercept,20,100,2.435615681081744,3.3890551142211613,4.316407256769583,9.695327591982203,11.067740414842465
80,10,linCmt,ResErr,structural_other,0.1,100,12.976473283999992,12.755379912479995,12.976473283999992,13.370608391793775,17.560048953899997
80,10,linCmt,TVKA,structural_other,0.7,100,0,0,0,0,0
80,10,linCmt,TVQ,structural_other,1.8,100,3.1729757630971016,3.2710238001804797,3.1729757630971016,3.6635785616211947,5.61540325831697
80,10,linCmt,TVVp,structural_other,80,100,1.5784574211828237,1.4994254672774696,1.626797360309258,1.933223413131857,3.049989446675162
80,10,linCmt,cov_VcCL,structural_other,0.02,100,-9.26675619574999,-10.9693238086754,28.937401581499987,43.45209154260043,72.21994763703013
80,10,linCmt,var_CL,structural_other,0.1,100,-5.890082142750018,-5.532996757494002,10.67109689480001,16.625602390292073,27.77483490990002
80,10,linCmt,var_Vc,structural_other,0.1,100,-33.557729176100004,-33.930123149549004,33.557729176100004,37.790685325734316,55.264341542480054
80,10,ode,CLBW,covariate_beta,0.75,77,-11.562241239733329,-23.821438031317506,22.732207653599993,55.403021432804564,98.8900270123096
80,10,ode,VcSEX,covariate_beta,0.4054651081081644,89,-10.512031670995006,-9.834861941848525,15.194164289322995,22.038809335962213,33.89605822849272
80,10,ode,TVCL,structural_intercept,0.6,89,-5.317571575945701,-6.097570773482862,7.325379812779772,11.721401283395807,17.356987918229017
80,10,ode,TVVc,structural_intercept,20,89,2.1066819584859964,2.5869785632926225,4.266931110666068,8.995033568689845,10.712304651497826
80,10,ode,ResErr,structural_other,0.1,89,13.041557019999997,12.580431192505612,13.041557019999997,13.234248262629691,17.577068024599996
80,10,ode,TVKA,structural_other,0.7,89,0,0,0,0,0
80,10,ode,TVQ,structural_other,1.8,89,3.4150809817002914,3.4017339301752,3.4150809817002914,3.80120933215285,5.684441456038465
80,10,ode,TVVp,structural_other,80,89,1.737075651844542,1.5771225454546067,1.7485975224138706,2.0016443578044663,3.0619542086540292
80,10,ode,cov_VcCL,structural_other,0.02,89,-8.64212766899998,-10.635245676796178,28.41907866249998,44.304356592128855,75.09802060685
80,10,ode,var_CL,structural_other,0.1,89,-6.3273189089000645,-5.873152196765173,10.854191904699995,17.10917188989009,28.489484082540024
80,10,ode,var_Vc,structural_other,0.1,89,-34.0814048572,-34.01293440904607,34.0814048572,38.201256037672394,57.02393915328001
80,11,linCmt,CLBW,covariate_beta,0.75,88,-8.317167735133335,-23.56809976827044,20.943333214333332,56.68836925403499,98.83390868534347
80,11,linCmt,VcBW,covariate_beta,1,91,-18.369170928400003,-39.57209298243203,21.49178988,61.20056481478569,99.009641469228
80,11,linCmt,TVCL,structural_intercept,0.6,100,-8.506935733964236,-7.008450736764953,9.177598712880542,11.302859543961128,16.629900215112386
80,11,linCmt,TVVc,structural_intercept,20,100,-6.843286754075447,-6.635336808607228,7.765735467838502,11.719106960364751,18.07029216684071
80,11,linCmt,ResErr,structural_other,0.1,100,12.940779305999994,13.305655249569995,12.940779305999994,14.13405495763927,19.133376206199994
80,11,linCmt,TVKA,structural_other,0.7,100,0,0,0,0,0
80,11,linCmt,TVQ,structural_other,1.8,100,3.1529553963314987,3.285992839811716,3.1529553963314987,3.6719353451126584,5.555742221506693
80,11,linCmt,TVVp,structural_other,80,100,1.6494861639862801,1.7133535383660623,1.6494861639862801,2.0844424757169606,3.3161118437085024
80,11,linCmt,cov_VcCL,structural_other,0.02,100,-11.665412123249997,-9.777854826200999,25.925224925000034,39.70862682515871,64.72755627862006
80,11,linCmt,var_CL,structural_other,0.1,100,-8.35440384135002,-6.818154215950003,12.53449781410001,16.618514279227902,27.157877214560017
80,11,linCmt,var_Vc,structural_other,0.1,100,-39.71903495910002,-38.90434925898501,39.71903495910002,42.00722477905797,56.60525750373
80,11,ode,CLBW,covariate_beta,0.75,77,-5.511203369066667,-16.398925918309523,18.61983670946666,51.70714925189933,98.78660938650401
80,11,ode,VcBW,covariate_beta,1,80,-18.417932478550004,-42.50734804545368,20.5795350474,62.761782320901716,99.0273388924976
80,11,ode,TVCL,structural_intercept,0.6,88,-8.565683052899944,-7.700500127528204,9.279237813921814,11.41215431880785,16.594480965399153
80,11,ode,TVVc,structural_intercept,20,88,-6.6328196884720025,-6.307864829092663,7.571453083025759,10.972053461118445,17.759331485172
80,11,ode,ResErr,structural_other,0.1,88,13.052446834499992,13.224567720204538,13.052446834499992,14.056640527819802,18.697869793999992
80,11,ode,TVKA,structural_other,0.7,88,0,0,0,0,0
80,11,ode,TVQ,structural_other,1.8,88,3.0964350961891576,3.2935128068040025,3.0964350961891576,3.6551307394196986,5.470050159714694
80,11,ode,TVVp,structural_other,80,88,1.6205492113801778,1.6753122378884873,1.6205492113801778,2.032188775766813,3.137620518245969
80,11,ode,cov_VcCL,structural_other,0.02,88,-10.791521523249953,-10.795088764927268,23.79927014900001,37.08306263217129,59.79228556045004
80,11,ode,var_CL,structural_other,0.1,88,-8.672502577099964,-7.28255956468068,12.181497381000016,16.350567129921437,27.378249313199976
80,11,ode,var_Vc,structural_other,0.1,88,-40.90798517055,-39.23079857733182,40.90798517055,41.95982057959418,56.596561622060015
80,12,linCmt,CLBW,covariate_beta,0.75,88,-18.868863247999997,-36.9383176573457,22.865242586866668,64.93479033429125,98.9206338092356
80,12,linCmt,VcBW,covariate_beta,1,83,-98.42745473483,-55.998166611051914,98.42745473483,72.17702173759932,99.0508678955232
80,12,linCmt,VcSEX,covariate_beta,0.4054651081081644,99,-0.43863944704459107,2.4697876177621287,15.429144230123681,24.127309773005166,39.71085372842554
80,12,linCmt,TVCL,structural_intercept,0.6,100,-5.754962474205872,-5.970106336903494,7.0411682116171646,11.918930158997963,18.6839532937695
80,12,linCmt,TVVc,structural_intercept,20,100,-3.2103883354634988,-4.460059970627559,5.910752594851978,10.754037310538179,17.828891981432818
80,12,linCmt,ResErr,structural_other,0.1,100,12.672927540499993,12.649741357225997,12.672927540499993,13.819358243333516,19.949186030699995
80,12,linCmt,TVKA,structural_other,0.7,100,0,0,0,0,0
80,12,linCmt,TVQ,structural_other,1.8,100,3.125271386435295,3.3515998147236914,3.125271386435295,3.842823967802828,5.6552918002768156
80,12,linCmt,TVVp,structural_other,80,100,1.2821501439364003,1.3626641978350644,1.351767943921729,1.9213445414869272,3.2057872558187483
80,12,linCmt,cov_VcCL,structural_other,0.02,100,-8.606674125750018,-4.417267825280051,28.619755409250025,40.21908455912534,67.58390388000501
80,12,linCmt,var_CL,structural_other,0.1,100,-6.245428071550006,-6.345226660206009,13.109796408750007,16.940665622811906,26.583255085830025
80,12,linCmt,var_Vc,structural_other,0.1,100,-26.765445258800014,-27.320016923403006,26.88314750830003,33.1933340009391,50.75932025446001
80,12,ode,CLBW,covariate_beta,0.75,79,-19.737498498933327,-37.72745594089583,22.718839477599996,65.3208895318841,98.92678039205546
80,12,ode,VcBW,covariate_beta,1,76,-97.77829430892999,-55.622771812935056,97.77829430892999,71.8803801777264,99.03912174541301
80,12,ode,VcSEX,covariate_beta,0.4054651081081644,89,0.28207162415823306,2.5685605355151684,15.543359735987941,24.381324159199288,39.6632099531322
80,12,ode,TVCL,structural_intercept,0.6,90,-5.890216290952562,-5.635790684234848,7.346855593958118,11.691919546528732,18.700667974658312
80,12,ode,TVVc,structural_intercept,20,90,-3.4634084320624496,-4.840604708200699,5.952069658883827,10.86954094160817,17.842544890519914
80,12,ode,ResErr,structural_other,0.1,90,12.704527395999998,13.095931322421105,12.704527395999998,14.191210821505914,20.069333237899993
80,12,ode,TVKA,structural_other,0.7,90,0,0,0,0,0
80,12,ode,TVQ,structural_other,1.8,90,3.1521255552232743,3.378783429359311,3.1521255552232743,3.896298214543365,5.8160566343632825
80,12,ode,TVVp,structural_other,80,90,1.379692333861966,1.369699998275017,1.414331010972525,1.9681887895148724,3.230322964988086
80,12,ode,cov_VcCL,structural_other,0.02,90,-9.14849745350001,-5.161233856154114,29.19295921525001,40.41965471929068,63.53196702695004
80,12,ode,var_CL,structural_other,0.1,90,-6.272467080900013,-5.9576830008088955,12.744833272200001,17.069265448420083,26.838638481760025
80,12,ode,var_Vc,structural_other,0.1,90,-27.69886768494999,-27.550308560738895,28.008664534349993,33.20475262532032,50.27699265721004
80,13,linCmt,CLBW,covariate_beta,0.75,86,-6.3475439923999994,-26.548849663170465,27.569260826200004,61.3809231218305,98.90710903010466
80,13,linCmt,CLcrCL,covariate_beta,0.5,100,-6.1919003425,-16.4564366085681,21.1173478341,48.32886873496892,99.00101787495339
80,13,linCmt,TVCL,structural_intercept,0.6,100,-10.863366766787712,-10.10259218187588,11.225306693922152,13.31845398655024,20.290122499805417
80,13,linCmt,TVVc,structural_intercept,20,100,0.6372436104700085,1.061615863336755,3.2100909264557926,8.247454904448885,9.334429342825834
80,13,linCmt,ResErr,structural_other,0.1,100,18.414900093999993,17.988234067409994,18.414900093999993,18.627761806619954,23.360411448900013
80,13,linCmt,TVKA,structural_other,0.7,100,0,0,0,0,0
80,13,linCmt,TVQ,structural_other,1.8,100,3.871807113479379,3.973332093970351,3.871807113479379,4.1958801297880735,5.610872592784076
80,13,linCmt,TVVp,structural_other,80,100,2.060925315682951,2.0972574453190074,2.060925315682951,2.4794603196774094,3.8300403453376686
80,13,linCmt,cov_VcCL,structural_other,0.02,100,-22.25245286925003,-16.39872633256196,35.932290327250016,45.64024408640744,75.57694175439003
80,13,linCmt,var_CL,structural_other,0.1,100,-5.834034188250022,-4.984541869779011,12.874465021500011,15.559777055069462,24.938380172880027
80,13,linCmt,var_Vc,structural_other,0.1,100,-55.289506546850006,-53.63775660451701,55.289506546850006,56.27084767429492,70.63995888677002
80,13,ode,CLBW,covariate_beta,0.75,63,-4.293985986133331,-20.315314584406792,24.661026312799997,57.21802790609939,98.92074394716134
80,13,ode,CLcrCL,covariate_beta,0.5,75,-2.761992470200003,-6.769033511018825,19.109439051600006,38.7207776136348,77.86766208021244
80,13,ode,TVCL,structural_intercept,0.6,75,-11.110095429687698,-10.037082656610192,11.9980347814852,13.493679101339543,20.38611473142758
80,13,ode,TVVc,structural_intercept,20,75,1.0876037696229623,1.2273417386274732,3.2419375525491034,8.1370870687803,7.929285923809222
80,13,ode,ResErr,structural_other,0.1,75,17.963426790999993,17.676328092653325,17.963426790999993,18.401340349770777,24.232571921999995
80,13,ode,TVKA,structural_other,0.7,75,0,0,0,0,0
80,13,ode,TVQ,structural_other,1.8,75,3.8042610405228072,4.024126387354862,3.8042610405228072,4.280113872517485,5.8521060881447955
80,13,ode,TVVp,structural_other,80,75,2.0596478444538135,2.0458433590301404,2.0596478444538135,2.427990743398386,3.840315238389888
80,13,ode,cov_VcCL,structural_other,0.02,75,-25.561521631999977,-17.153935712796738,37.68969355450004,45.34199601088409,75.54051792859002
80,13,ode,var_CL,structural_other,0.1,75,-7.239485041299995,-6.234735670112007,12.980352149400035,15.534741729426113,24.101784689040034
80,13,ode,var_Vc,structural_other,0.1,75,-55.4259868672,-52.083085346798676,55.4259868672,54.89696230248317,69.14188137382
80,14,linCmt,CLBW,covariate_beta,0.75,87,-8.418689192400002,-23.641945765690757,25.354692418266673,60.04147256154431,98.85017358049306
80,14,linCmt,CLcrCL,covariate_beta,0.5,96,-8.2588891785,-18.600910325003145,17.699573215600005,50.83848278921167,99.021898332351
80,14,linCmt,VcSEX,covariate_beta,0.4054651081081644,95,-10.327634679232018,-10.568999495719309,14.46576506878832,21.84471116278935,36.69863876038824
80,14,linCmt,TVCL,structural_intercept,0.6,97,-9.932075700871032,-9.854039376778251,10.453536581279492,13.073889884819637,20.916253784309614
80,14,linCmt,TVVc,structural_intercept,20,97,2.5918386523560955,2.689053580634007,4.113052790928968,6.29377635016133,9.70130406990114
80,14,linCmt,ResErr,structural_other,0.1,97,15.622097174999988,15.934729047402055,15.622097174999988,16.937884833679014,22.2091248718
80,14,linCmt,TVKA,structural_other,0.7,97,0,0,0,0,0
80,14,linCmt,TVQ,structural_other,1.8,97,2.963251595077882,3.329089820253918,2.963251595077882,3.774810297348142,5.536822550964016
80,14,linCmt,TVVp,structural_other,80,97,1.8022957459646347,1.7802945233930687,1.8131650945630184,2.1877558930556926,3.1676043054285263
80,14,linCmt,cov_VcCL,structural_other,0.02,97,-5.11262907300001,-2.690004594244848,20.698998277499953,32.79365616289033,55.26436096110001
80,14,linCmt,var_CL,structural_other,0.1,97,-8.739477871700013,-7.024694160953615,13.769448972500028,17.009034685290217,25.748023254360024
80,14,linCmt,var_Vc,structural_other,0.1,97,-34.669681936500005,-33.38948151269175,34.669681936500005,38.114246702493034,55.402630908499994
80,14,ode,CLBW,covariate_beta,0.75,66,-8.504683486399996,-20.789386228817314,23.978418829866666,57.10623562573664,98.89868132993867
80,14,ode,CLcrCL,covariate_beta,0.5,72,-2.0416845482999992,-10.734268977492,14.096332276699997,44.35561941645659,98.97471490980699
80,14,ode,VcSEX,covariate_beta,0.4054651081081644,72,-10.750049201160037,-11.429532930977198,14.498111393837265,22.396162197596063,38.25472038405104
80,14,ode,TVCL,structural_intercept,0.6,73,-10.121738875765878,-10.217400767131332,11.098670414128264,13.315486610641727,20.953705015103555
80,14,ode,TVVc,structural_intercept,20,73,2.255740267653543,2.7680008784528405,3.9067780612641734,6.63234597719158,10.745754169386476
80,14,ode,ResErr,structural_other,0.1,73,14.600692228999998,15.339336910369857,14.600692228999998,16.233668173601867,22.250916599599993
80,14,ode,TVKA,structural_other,0.7,73,0,0,0,0,0
80,14,ode,TVQ,structural_other,1.8,73,2.939038238066183,3.12398040214915,2.939038238066183,3.532242135830784,4.972775841227986
80,14,ode,TVVp,structural_other,80,73,1.6757519372863783,1.6978763071718168,1.7948138209396094,2.1461633333255343,3.189391003258567
80,14,ode,cov_VcCL,structural_other,0.02,73,-8.604170624499988,-6.700782147898633,21.573608512999996,33.72025330560387,54.86702700662002
80,14,ode,var_CL,structural_other,0.1,73,-11.467084949700002,-9.083921953380827,14.03918170699997,17.777712521706615,26.986087580379987
80,14,ode,var_Vc,structural_other,0.1,73,-35.82077527800001,-33.46366209102877,35.82077527800001,38.61545665653501,56.388588294879995
80,15,linCmt,CLBW,covariate_beta,0.75,85,-11.476055532933332,-29.56087942904243,26.546174507866667,59.115969283069155,98.88891548535094
80,15,linCmt,CLcrCL,covariate_beta,0.5,98,-3.6211818013999975,-15.09746386735059,23.1279459299,46.929589722099216,98.99547922683159
80,15,linCmt,VcBW,covariate_beta,1,89,-26.4372178371,-47.61998711721201,27.0813533783,66.92535860323528,98.9617633288366
80,15,linCmt,TVCL,structural_intercept,0.6,99,-10.150581390298417,-8.873708822679635,10.591348649005702,15.026451574840136,21.80777078239364
80,15,linCmt,TVVc,structural_intercept,20,99,-5.136268169711435,-5.403156648142607,8.23780064199946,11.93394540768819,19.18337942236839
80,15,linCmt,ResErr,structural_other,0.1,99,16.453759949999995,16.148305603929288,16.453759949999995,16.750989851119243,21.637657021799992
80,15,linCmt,TVKA,structural_other,0.7,99,0,0,0,0,0
80,15,linCmt,TVQ,structural_other,1.8,99,3.6509432224202234,3.5604140230190837,3.6509432224202234,3.97778982588136,5.945535635788817
80,15,linCmt,TVVp,structural_other,80,99,1.9899668208004329,1.902125929174949,1.9907679541163328,2.306608887468892,3.5181901500460735
80,15,linCmt,cov_VcCL,structural_other,0.02,99,-1.8275388345000143,-2.0737807038292915,26.842507915999995,35.28785237151239,59.54365951334002
80,15,linCmt,var_CL,structural_other,0.1,99,-6.5603991302000395,-4.965148530592934,12.4153130005,17.6158639350832,28.078448009439995
80,15,linCmt,var_Vc,structural_other,0.1,99,-42.58282773329999,-40.50342165491415,42.58282773329999,44.01112478138616,60.47382233156
80,15,ode,CLBW,covariate_beta,0.75,62,-9.405449352066672,-24.15799519541213,22.744755741400002,54.161050633846216,98.83430290341494
80,15,ode,CLcrCL,covariate_beta,0.5,72,0.3548048013000016,-6.1650767436364164,20.6740985835,37.46568461459326,50.091523531880014
80,15,ode,VcBW,covariate_beta,1,67,-27.6190626738,-47.42916916878185,32.4896406977,68.11580677577584,98.93669144101
80,15,ode,TVCL,structural_intercept,0.6,73,-9.748114507739752,-9.099754542444163,10.445223793771422,13.221668907638437,21.60068631422826
80,15,ode,TVVc,structural_intercept,20,73,-5.401635614403251,-5.779891649615619,6.987251041820067,12.223375929669787,22.26180971016917
80,15,ode,ResErr,structural_other,0.1,73,16.946616439999993,16.524902894808214,16.946616439999993,17.075040906876964,21.8120544706
80,15,ode,TVKA,structural_other,0.7,73,0,0,0,0,0
80,15,ode,TVQ,structural_other,1.8,73,3.5199225571705837,3.4445708004901534,3.5199225571705837,3.8539089868994645,5.677542636340001
80,15,ode,TVVp,structural_other,80,73,1.943914001528686,2.012489318006328,2.091908429420677,2.3817827253751673,3.680834735992902
80,15,ode,cov_VcCL,structural_other,0.02,73,-2.0759046140000383,-4.385736852207534,26.561588643499984,34.70665206476832,59.14092377634997
80,15,ode,var_CL,structural_other,0.1,73,-6.465304584600026,-4.9654515468287705,14.140199409299974,18.829883721909543,28.8276225414
80,15,ode,var_Vc,structural_other,0.1,73,-40.44384565570002,-39.006183009083564,40.44384565570002,42.58440842598988,62.08524273926002
80,16,linCmt,CLBW,covariate_beta,0.75,83,-17.113503801600004,-30.091466997407068,37.06335677999999,64.03235446188393,99.01281899050426
80,16,linCmt,CLcrCL,covariate_beta,0.5,99,-11.895893809199997,-21.031446379389454,19.583299795,48.66380026552653,99.07909246003838
80,16,linCmt,VcBW,covariate_beta,1,88,-31.462123156600004,-47.192303610397765,35.893800583150004,68.9308700195339,98.97107396359101
80,16,linCmt,VcSEX,covariate_beta,0.4054651081081644,96,-4.247311780048479,-3.4096942627410933,15.607254454461838,21.42626672453303,33.67079288622294
80,16,linCmt,TVCL,structural_intercept,0.6,99,-8.496462070658906,-9.211833453598723,9.491608657267003,12.908946670775432,19.55512716975154
80,16,linCmt,TVVc,structural_intercept,20,99,-5.813488069993404,-5.69768986575713,7.8998096343571325,10.598022740817177,16.95081927075643
80,16,linCmt,ResErr,structural_other,0.1,99,13.147424152000001,13.494884763919185,13.147424152000001,14.445986624519039,19.698837019399996
80,16,linCmt,TVKA,structural_other,0.7,99,0,0,0,0,0
80,16,linCmt,TVQ,structural_other,1.8,99,3.386676716306917,3.3202479677774366,3.386676716306917,3.7114087695953626,5.4041370525050745
80,16,linCmt,TVVp,structural_other,80,99,1.9127546995470903,1.737749322610214,1.9386702362686672,2.3214124980212816,3.5270521650886835
80,16,linCmt,cov_VcCL,structural_other,0.02,99,-5.2848748565000045,4.165150214212115,25.978830166000037,43.99734681822587,66.26387613220007
80,16,linCmt,var_CL,structural_other,0.1,99,-6.145234781200007,-6.751618602430309,10.49661678450002,17.478337799775627,28.578486451920014
80,16,linCmt,var_Vc,structural_other,0.1,99,-31.51584576620002,-29.767937874700007,31.54366655860001,34.117274751248786,50.751469432539984
80,16,ode,CLBW,covariate_beta,0.75,54,-7.388662942799999,-19.27151430723,25.0689565558,56.81934533655107,99.00069957616107
80,16,ode,CLcrCL,covariate_beta,0.5,68,-11.895324496099995,-16.775138823213236,19.692875678700002,45.44989491195434,98.9580109040346
80,16,ode,VcBW,covariate_beta,1,60,-98.380939665765,-56.4972737727111,98.380939665765,73.85902290068454,98.99109844166529
80,16,ode,VcSEX,covariate_beta,0.4054651081081644,67,-2.9338904461271142,-0.932164025851546,15.413081596200911,22.16933536450554,33.47090160848792
80,16,ode,TVCL,structural_intercept,0.6,68,-8.858913433059733,-9.00601947891364,10.226621445115104,12.948037679314114,19.419888281436418
80,16,ode,TVVc,structural_intercept,20,68,-4.132721663786746,-4.622486772140758,6.9401404933084265,10.124444498514741,15.888076222540997
80,16,ode,ResErr,structural_other,0.1,68,13.18809066699999,14.0930304722647,13.18809066699999,14.998221783997792,21.741850424899994
80,16,ode,TVKA,structural_other,0.7,68,0,0,0,0,0
80,16,ode,TVQ,structural_other,1.8,68,3.5351211656547914,3.4527237289628565,3.5351211656547914,3.8420191795176124,5.494520167466242
80,16,ode,TVVp,structural_other,80,68,1.9997823427127768,1.9327705452325155,1.9997823427127768,2.4826376784395245,3.6809255609388374
80,16,ode,cov_VcCL,structural_other,0.02,68,-4.3033803709999985,4.73065173519265,26.345852692999983,46.37788220192734,77.706389714355
80,16,ode,var_CL,structural_other,0.1,68,-7.717545374449998,-6.858977296727943,11.72191558230002,17.230759106946486,27.229604849000015
80,16,ode,var_Vc,structural_other,0.1,68,-31.2675680132,-29.319443925389706,31.449531978399985,34.38431691667254,52.31781120738
300,1,linCmt,TVCL,structural_intercept,0.6,100,0.3601821575698513,0.27837456779520403,1.2058182811839533,3.749038965618505,3.124838800804646
300,1,linCmt,TVVc,structural_intercept,20,100,1.8848712011432944,1.9511220846207937,2.128072021917884,3.271651943706374,4.759242589212049
300,1,linCmt,ResErr,structural_other,0.1,100,11.165021836999994,11.370408664199996,11.165021836999994,11.59299864694954,14.191483849799999
300,1,linCmt,TVKA,structural_other,0.7,100,0,0,0,0,0
300,1,linCmt,TVQ,structural_other,1.8,100,3.1657676746047096,3.167450676051141,3.1657676746047096,3.2451302078147592,3.988564681665574
300,1,linCmt,TVVp,structural_other,80,100,1.0759720815676221,1.082482926103383,1.0759720815676221,1.2294048909574657,1.84259117039993
300,1,linCmt,cov_VcCL,structural_other,0.02,100,-7.4454006944999955,-7.1038556315035,19.618229154250006,24.894236925718996,38.38822795920002
300,1,linCmt,var_CL,structural_other,0.1,100,-1.8831172188499972,-1.9647707945270074,5.606076548350006,8.832833401551374,15.824598528370002
300,1,linCmt,var_Vc,structural_other,0.1,100,-40.786690480399976,-40.41441289743501,40.786690480399976,41.3644754059394,51.17020102681003
300,1,ode,TVCL,structural_intercept,0.6,99,0.3478293774863787,0.2642527074101093,1.221753009150469,3.765577443756736,3.146471293061612
300,1,ode,TVVc,structural_intercept,20,99,1.914408626516941,1.9641574113992093,2.066686735897161,3.2849845747105353,4.775796141095842
300,1,ode,ResErr,structural_other,0.1,99,11.149468800999998,11.253592830333327,11.149468800999998,11.479893783033567,14.258190527799988
300,1,ode,TVKA,structural_other,0.7,99,0,0,0,0,0
300,1,ode,TVQ,structural_other,1.8,99,3.1913112498884977,3.1624480656468723,3.1913112498884977,3.2401049770730572,4.006616214773548
300,1,ode,TVVp,structural_other,80,99,1.085246496873573,1.075927353676069,1.085246496873573,1.2219974582717175,1.7957470294442648
300,1,ode,cov_VcCL,structural_other,0.02,99,-7.305224878499973,-6.804791246989394,18.9859837735,24.855509010199903,39.229030544299995
300,1,ode,var_CL,structural_other,0.1,99,-1.550554584599989,-1.888231920120206,5.538622774999988,8.813994973039206,15.811606084720006
300,1,ode,var_Vc,structural_other,0.1,99,-40.8856554987,-40.05965429876667,40.8856554987,40.95930776253724,50.32016731236002
300,2,linCmt,VcSEX,covariate_beta,0.4054651081081644,100,-6.5442895164201875,-7.4551417674071665,8.25537926572232,13.21958835386613,21.475261930512605
300,2,linCmt,TVCL,structural_intercept,0.6,100,-0.06635447590087422,0.2422413139762817,1.4413294854965046,3.0911378400199903,3.5226718703077595
300,2,linCmt,TVVc,structural_intercept,20,100,2.354595833394253,2.74238644201749,2.446175132370767,4.185876114858892,7.225945701339989
300,2,linCmt,ResErr,structural_other,0.1,100,8.179152700499994,8.321477765989993,8.179152700499994,8.790204845835634,11.9286174399
300,2,linCmt,TVKA,structural_other,0.7,100,0,0,0,0,0
300,2,linCmt,TVQ,structural_other,1.8,100,2.364579997163243,2.339203510964517,2.364579997163243,2.535062185292843,3.6334701463301684
300,2,linCmt,TVVp,structural_other,80,100,0.5875181819057573,0.5764541974951684,0.6566871312733191,0.8757826050490337,1.382001878471098
300,2,linCmt,cov_VcCL,structural_other,0.02,100,0.39413596724999567,0.6226080898049985,14.02006842425002,21.949830815930067,39.10075491875
300,2,linCmt,var_CL,structural_other,0.1,100,0.6131188400000098,0.2864424912479956,5.550283651700017,7.669839635131299,12.003363848400012
300,2,linCmt,var_Vc,structural_other,0.1,100,-26.01902745229999,-24.951981695026003,26.01902745229999,26.60458432299377,34.33667286425001
300,2,ode,VcSEX,covariate_beta,0.4054651081081644,98,-6.654777688408705,-7.52528177572034,8.454762320474433,13.314747092314121,21.740404833687688
300,2,ode,TVCL,structural_intercept,0.6,98,-0.07118088261328279,0.31871510605037884,1.462400709291147,3.30684732691495,3.536657349559963
300,2,ode,TVVc,structural_intercept,20,98,2.454963663917651,2.73213454583405,2.465580205049145,4.190836770678865,7.336830529778732
300,2,ode,ResErr,structural_other,0.1,98,8.0509680015,8.339260498071424,8.0509680015,8.817710080293823,12.115516917099992
300,2,ode,TVKA,structural_other,0.7,98,0,0,0,0,0
300,2,ode,TVQ,structural_other,1.8,98,2.3498981295100676,2.352293930965513,2.3498981295100676,2.542551303931528,3.6095995107066527
300,2,ode,TVVp,structural_other,80,98,0.5811013573270786,0.5878616123430828,0.5929760154950081,0.8860892208267379,1.4159813811144932
300,2,ode,cov_VcCL,structural_other,0.02,98,0.23227209749999284,0.8835258082295945,13.940663433500038,22.11917723369819,39.260310228000016
300,2,ode,var_CL,structural_other,0.1,98,0.4220271200000361,0.17466090853366859,5.59393675259999,7.716399252533638,11.994473197170015
300,2,ode,var_Vc,structural_other,0.1,98,-26.57625943165001,-25.04905071974694,26.57625943165001,26.755101110826036,34.717846308159984
300,3,linCmt,VcBW,covariate_beta,1,99,-16.511541112899998,-43.13663873136636,17.280789500100003,61.077147202051094,98.99301025460102
300,3,linCmt,TVCL,structural_intercept,0.6,100,0.3545373160738404,0.2808572257653149,1.502898105656773,3.3063989313593423,3.37932081074836
300,3,linCmt,TVVc,structural_intercept,20,100,3.066961791715146,2.9422604579917246,3.144896851387831,4.083777064594119,6.883513692745108
300,3,linCmt,ResErr,structural_other,0.1,100,9.756432870499994,10.115464381809995,9.756432870499994,10.418145649465302,13.145931346499989
300,3,linCmt,TVKA,structural_other,0.7,100,0,0,0,0,0
300,3,linCmt,TVQ,structural_other,1.8,100,3.0776615309877875,3.05239726997281,3.0776615309877875,3.19199006353837,4.2631606469692
300,3,linCmt,TVVp,structural_other,80,100,0.834321563737559,0.8851145512934829,0.8523797356809304,1.117907519859668,1.7176163071660773
300,3,linCmt,cov_VcCL,structural_other,0.02,100,1.4475570432499751,-0.4824163645955024,14.251355619500023,23.334881257946126,38.2791961866
300,3,linCmt,var_CL,structural_other,0.1,100,-0.15347920940002313,-0.5002846729370067,6.387842535149992,8.506455899501569,13.459665872199938
300,3,linCmt,var_Vc,structural_other,0.1,100,-28.08471557415001,-28.694407039458003,28.08471557415001,30.525322851333403,42.033555233019996
300,3,ode,VcBW,covariate_beta,1,97,-17.332450564900004,-44.36533076815161,18.212795038200003,62.27372701646193,98.9994046960732
300,3,ode,TVCL,structural_intercept,0.6,99,0.34749701197720845,0.2810769663848369,1.5648110369022028,3.318558887936856,3.363029840078728
300,3,ode,TVVc,structural_intercept,20,99,3.0475778235459394,2.941296400780623,3.2719945327486677,4.107741444776619,6.8970269358308105
300,3,ode,ResErr,structural_other,0.1,99,9.793598349999987,10.131185449404034,9.793598349999987,10.431944853626028,13.339843695199995
300,3,ode,TVKA,structural_other,0.7,99,0,0,0,0,0
300,3,ode,TVQ,structural_other,1.8,99,3.092484254575805,3.0508249986743112,3.092484254575805,3.1895375825334993,4.2732274961277374
300,3,ode,TVVp,structural_other,80,99,0.8575714692699243,0.8866853261583691,0.8575714692699243,1.121802093937382,1.7285108313810225
300,3,ode,cov_VcCL,structural_other,0.02,99,1.893667966499958,-0.48507999986263345,14.300124929000052,23.48996881968131,39.14518261699998
300,3,ode,var_CL,structural_other,0.1,99,-0.03690146069999789,-0.41416194740304096,6.1015452183000445,8.487739663343806,13.303243136680015
300,3,ode,var_Vc,structural_other,0.1,99,-28.80024883760003,-28.77833200506869,28.80024883760003,30.576099916669175,41.57737863994001
300,4,linCmt,VcBW,covariate_beta,1,98,-98.422205013325,-57.187758388763264,98.422205013325,72.09396265893875,98.956740796072
300,4,linCmt,VcSEX,covariate_beta,0.4054651081081644,100,-5.3093854551651125,-4.328405559353973,8.638118565430853,13.872468858458314,23.766067990481186
300,4,linCmt,TVCL,structural_intercept,0.6,100,0.011676005433484498,0.011549181867225299,1.2273219100221537,1.9325022768341766,3.213130947426357
300,4,linCmt,TVVc,structural_intercept,20,100,3.072756090411266,2.91380199524017,3.5019532496799233,4.654527416040608,7.161018587622473
300,4,linCmt,ResErr,structural_other,0.1,100,8.095586211999995,7.941571940289995,8.095586211999995,8.2923146513897,10.87564948399999
300,4,linCmt,TVKA,structural_other,0.7,100,0,0,0,0,0
300,4,linCmt,TVQ,structural_other,1.8,100,2.8740028684924623,2.8420084469887685,2.8740028684924623,3.005899760444942,4.075828879207417
300,4,linCmt,TVVp,structural_other,80,100,0.750857455454943,0.7627697626253562,0.750857455454943,1.0284380854102833,1.6602030835220474
300,4,linCmt,cov_VcCL,structural_other,0.02,100,4.358805589999969,3.579102801084498,14.90389993800002,23.32000453857446,36.02330274789999
300,4,linCmt,var_CL,structural_other,0.1,100,-0.11682219044999859,0.5925576601129979,5.541941414499984,8.476362823877313,14.098071336519997
300,4,linCmt,var_Vc,structural_other,0.1,100,-18.557830785599993,-18.98162292772301,18.557830785599993,21.496485145276377,34.65533741150001
300,4,ode,VcBW,covariate_beta,1,97,-98.72815503355,-57.693470454203464,98.72815503355,72.45876712304612,98.955784504516
300,4,ode,VcSEX,covariate_beta,0.4054651081081644,99,-5.163079579360449,-4.2408056151597,8.5325629355033,13.823298077668976,23.84380515123731
300,4,ode,TVCL,structural_intercept,0.6,99,0.03838143078604972,0.036370079013433976,1.2048912027069296,1.9218342090667844,3.209784866465216
300,4,ode,TVVc,structural_intercept,20,99,3.045867780699023,2.8522116878141697,3.5445205101585846,4.597061654173105,7.187894619876967
300,4,ode,ResErr,structural_other,0.1,99,8.185406275000002,7.9638321224747415,8.185406275000002,8.317942083828727,10.867928867199996
300,4,ode,TVKA,structural_other,0.7,99,0,0,0,0,0
300,4,ode,TVQ,structural_other,1.8,99,2.8652466495584505,2.8512323205524708,2.8652466495584505,3.0161537648193604,4.078853476383867
300,4,ode,TVVp,structural_other,80,99,0.7521817444623657,0.7856650061194407,0.7521817444623657,1.038607877333056,1.702198214097251
300,4,ode,cov_VcCL,structural_other,0.02,99,4.182404807999938,3.345037703494442,14.69926058850003,23.182612620599162,36.260850771600076
300,4,ode,var_CL,structural_other,0.1,99,-0.13305109309999508,0.4240408322555491,5.391142709999963,8.364701978029867,14.077349087160027
300,4,ode,var_Vc,structural_other,0.1,99,-18.369015176400023,-19.00140650586162,18.369015176400023,21.553170995849467,34.30192613944003
300,5,linCmt,CLcrCL,covariate_beta,0.5,100,0.7448827038999961,0.13059651574221987,5.761878983800001,13.402195288386196,16.01176262452001
300,5,linCmt,TVCL,structural_intercept,0.6,100,0.30649212262898184,0.4483398602066698,1.1415413333423496,1.891673261439829,3.1192600269181234
300,5,linCmt,TVVc,structural_intercept,20,100,1.2295591513352733,1.5642942691617467,1.7218710649348081,3.0533223786013943,4.61857026095723
300,5,linCmt,ResErr,structural_other,0.1,100,13.38129382949999,13.496946536379994,13.38129382949999,13.863463796340389,17.637141595499997
300,5,linCmt,TVKA,structural_other,0.7,100,0,0,0,0,0
300,5,linCmt,TVQ,structural_other,1.8,100,3.298673983446015,3.2786020494412065,3.298673983446015,3.3872490927098977,4.2067206361175
300,5,linCmt,TVVp,structural_other,80,100,1.237877064582582,1.2151301579609068,1.237877064582582,1.362203521264555,1.9712634461690512
300,5,linCmt,cov_VcCL,structural_other,0.02,100,-5.123962323250013,-7.973734367035007,14.140539737750018,26.317015797826244,43.79328510245
300,5,linCmt,var_CL,structural_other,0.1,100,-3.990069642850008,-2.679853514806005,6.4878180069000075,8.949064327453197,13.024379082689997
300,5,linCmt,var_Vc,structural_other,0.1,100,-43.882427042850026,-43.50072734001401,43.882427042850026,44.33488347223883,54.57119655757001
300,5,ode,CLcrCL,covariate_beta,0.5,98,0.6437586576999998,0.0741067645957145,5.717882053899998,13.528626788231984,16.192432053839998
300,5,ode,TVCL,structural_intercept,0.6,98,0.29628411754637857,0.4201711316167527,1.1356366366395698,1.8796428491108557,3.0643594109265724
300,5,ode,TVVc,structural_intercept,20,98,1.2750127337504136,1.6118512107299674,1.7133621557495273,3.0581408472565683,4.621722333013789
300,5,ode,ResErr,structural_other,0.1,98,13.483604703499996,13.277748698602036,13.483604703499996,13.606036847997121,16.922258696899995
300,5,ode,TVKA,structural_other,0.7,98,0,0,0,0,0
300,5,ode,TVQ,structural_other,1.8,98,3.301296121256428,3.2628448633447023,3.301296121256428,3.374726710941911,4.210655377543978
300,5,ode,TVVp,structural_other,80,98,1.1921031313210584,1.2136648818770688,1.1921031313210584,1.3595722227227713,1.9548998669605382
300,5,ode,cov_VcCL,structural_other,0.02,98,-4.680042851999958,-7.928330839766332,15.059476018750019,26.626455845921843,44.9061859104
300,5,ode,var_CL,structural_other,0.1,98,-4.024356424749999,-2.767458283550007,6.493264244950024,8.960792144542662,13.07225670565999
300,5,ode,var_Vc,structural_other,0.1,98,-42.7643659817,-43.257512681784696,42.7643659817,44.08770264839964,54.70010661381999
300,6,linCmt,CLcrCL,covariate_beta,0.5,100,0.5012698109999936,-5.4931960070937205,6.860584084499999,25.864985408843765,19.372993300040005
300,6,linCmt,VcSEX,covariate_beta,0.4054651081081644,100,-7.704205805874468,-7.091658366236962,9.125748366069905,11.859419130705726,17.78911394008851
300,6,linCmt,TVCL,structural_intercept,0.6,100,0.09509482601312755,0.04848650838280049,1.1714624411320689,2.514445272408055,2.880874993765801
300,6,linCmt,TVVc,structural_intercept,20,100,3.038606129652015,3.070210200767687,3.057342064141624,4.173201311475503,6.767785240142575
300,6,linCmt,ResErr,structural_other,0.1,100,9.5503570735,9.880353006339995,9.5503570735,10.262026231970943,13.737886315699999
300,6,linCmt,TVKA,structural_other,0.7,100,0,0,0,0,0
300,6,linCmt,TVQ,structural_other,1.8,100,2.684216764373563,2.620726225942262,2.684216764373563,2.7979657765261416,3.6947400319695443
300,6,linCmt,TVVp,structural_other,80,100,0.7800950888935709,0.7692713296990608,0.7902615738223863,1.0315505297641847,1.5356499897649634
300,6,linCmt,cov_VcCL,structural_other,0.02,100,-2.381349234749997,-1.5411873813809989,15.520199840999993,25.165334670091553,41.55160448054998
300,6,linCmt,var_CL,structural_other,0.1,100,-1.216197839550022,-0.40325799512700605,5.505768083649977,9.275776404802453,16.184797470999985
300,6,linCmt,var_Vc,structural_other,0.1,100,-27.684464345049996,-26.687922038943,27.684464345049996,28.355224956181353,38.168247454749995
300,6,ode,CLcrCL,covariate_beta,0.5,92,0.9789472849999981,-2.4973648954283485,6.548385713499999,20.091968454360245,17.621569834680013
300,6,ode,VcSEX,covariate_beta,0.4054651081081644,92,-7.198852034483269,-6.614287039940099,8.58814113787445,11.69072395634206,17.778474367647537
300,6,ode,TVCL,structural_intercept,0.6,92,0.15103294320575888,0.12438738678003187,1.1672663416154676,2.5138587827088466,2.8559732714632693
300,6,ode,TVVc,structural_intercept,20,92,2.9922987106870913,2.984454755671948,3.0825264573665567,4.112792485572752,6.480824094504639
300,6,ode,ResErr,structural_other,0.1,92,9.396654136999992,9.77578680283695,9.396654136999992,10.154107285030442,13.771598075699993
300,6,ode,TVKA,structural_other,0.7,92,0,0,0,0,0
300,6,ode,TVQ,structural_other,1.8,92,2.727294739428596,2.6250470566830644,2.727294739428596,2.8173992984372753,3.745268342339499
300,6,ode,TVVp,structural_other,80,92,0.7940001943248377,0.777419624771591,0.8013880868296664,1.0414099057272281,1.5925930672978608
300,6,ode,cov_VcCL,structural_other,0.02,92,-2.9239791942500033,-1.6028133263793505,16.98429939900001,26.00679860387639,43.573887123400034
300,6,ode,var_CL,structural_other,0.1,92,-0.849958347199975,-0.025505937731527005,5.757086898800015,9.346631319279027,15.753319478300023
300,6,ode,var_Vc,structural_other,0.1,92,-27.636223902,-26.98816976211848,27.636223902,28.648135143761007,38.62294349280002
300,7,linCmt,CLcrCL,covariate_beta,0.5,100,-1.3531238534000012,-10.1961726117606,6.5408471814,31.086402248857926,23.608313291100014
300,7,linCmt,VcBW,covariate_beta,1,100,-19.608973556299997,-44.88954467689033,19.608973556299997,62.74142672897054,98.971079773545
300,7,linCmt,TVCL,structural_intercept,0.6,100,0.0055163509201464995,-0.06758053800418128,1.3667710583505541,2.2820713771988537,3.872096066134641
300,7,linCmt,TVVc,structural_intercept,20,100,2.5716373617037025,3.093175993300681,2.600900109879785,4.461750944222639,6.117835713007996
300,7,linCmt,ResErr,structural_other,0.1,100,10.754336124999993,10.827048268069994,10.754336124999993,11.17457171030603,13.811263348399988
300,7,linCmt,TVKA,structural_other,0.7,100,0,0,0,0,0
300,7,linCmt,TVQ,structural_other,1.8,100,2.8571565099965106,2.8840605821348286,2.8571565099965106,3.0120206810923524,3.9163848843791498
300,7,linCmt,TVVp,structural_other,80,100,1.0152621480685389,0.9732403262979283,1.0152621480685389,1.1366779826113076,1.6171632700257281
300,7,linCmt,cov_VcCL,structural_other,0.02,100,-2.4373696000000096,-1.5628274034690008,16.87186686375003,25.407159870571867,40.82176674849999
300,7,linCmt,var_CL,structural_other,0.1,100,-2.764422426100012,-2.0925646260470043,6.153140107499996,10.007018232386693,18.03744934364002
300,7,linCmt,var_Vc,structural_other,0.1,100,-27.574247576900003,-29.026728661249003,27.574247576900003,30.71999824333614,43.15850557936005
300,7,ode,CLcrCL,covariate_beta,0.5,96,-1.1684583904000012,-8.388039538997436,6.411053445100001,28.280896902535158,22.3848279603
300,7,ode,VcBW,covariate_beta,1,96,-20.53201679015,-46.53169268018176,20.53201679015,64.01366161316011,98.975992471135
300,7,ode,TVCL,structural_intercept,0.6,96,0.06493276490839492,-0.003674980071936617,1.3678583178174664,2.2605945231113416,3.8366691732223956
300,7,ode,TVVc,structural_intercept,20,96,2.5918124603821546,3.1437055021778284,2.617662976004551,4.478132890147092,6.237469835145131
300,7,ode,ResErr,structural_other,0.1,96,10.75744502949999,10.836510045760411,10.75744502949999,11.178111541762634,13.746898453
300,7,ode,TVKA,structural_other,0.7,96,0,0,0,0,0
300,7,ode,TVQ,structural_other,1.8,96,2.877444604860193,2.874694397653615,2.877444604860193,2.9994953252008223,3.9258714830012074
300,7,ode,TVVp,structural_other,80,96,1.0751817789810225,1.0012719938245,1.0751817789810225,1.1541785441854273,1.654269465951517
300,7,ode,cov_VcCL,structural_other,0.02,96,-1.9191652120000187,-2.0917951979067753,16.77664240149999,24.95540677454975,38.741523685749996
300,7,ode,var_CL,structural_other,0.1,96,-2.868536031199999,-2.131586461190627,6.473357080499967,10.244352163971396,18.18850084145001
300,7,ode,var_Vc,structural_other,0.1,96,-27.960328942800018,-29.296603527990634,27.960328942800018,31.027390401291754,43.4053289225
300,8,linCmt,CLcrCL,covariate_beta,0.5,100,-1.959086218099998,-7.679882727793021,8.926476975699993,29.721604933357575,20.61403196128
300,8,linCmt,VcBW,covariate_beta,1,99,-23.2478213539,-49.66911591935278,23.2478213539,66.70795307514902,98.9988802982958
300,8,linCmt,VcSEX,covariate_beta,0.4054651081081644,100,-3.1009656044954244,-3.4224413381835364,7.46743138374385,11.573864625277839,18.244596934350824
300,8,linCmt,TVCL,structural_intercept,0.6,100,0.0022800484204924905,0.3064855390799498,1.3120129118860866,3.271078957066748,3.644204194336996
300,8,linCmt,TVVc,structural_intercept,20,100,3.3586219869329788,3.6425667240580086,3.3586219869329788,5.315174785350529,7.3876520240093155
300,8,linCmt,ResErr,structural_other,0.1,100,9.406820938499996,9.529999970269994,9.406820938499996,9.850973127519097,12.829374109199989
300,8,linCmt,TVKA,structural_other,0.7,100,0,0,0,0,0
300,8,linCmt,TVQ,structural_other,1.8,100,2.84065724134313,2.7773716353860367,2.84065724134313,2.930399804507772,3.9482965923350486
300,8,linCmt,TVVp,structural_other,80,100,0.9287197008163338,0.8219304643311729,0.9287197008163338,1.053928232331019,1.511732954500589
300,8,linCmt,cov_VcCL,structural_other,0.02,100,2.441253983500001,3.726571048839496,16.927622462500008,24.297428726220996,38.94251347010002
300,8,linCmt,var_CL,structural_other,0.1,100,-2.9081524246999875,-1.6002609324860053,5.027005472499998,8.590586079145936,13.816187470479996
300,8,linCmt,var_Vc,structural_other,0.1,100,-21.06233742530002,-20.006469615280007,21.06233742530002,21.684814326855346,29.869465065129997
300,8,ode,CLcrCL,covariate_beta,0.5,94,-1.6263989450999994,-5.830389796738383,8.6314891442,26.939829533309616,19.788392315399996
300,8,ode,VcBW,covariate_beta,1,92,-21.1305596714,-46.57879320900701,21.1305596714,64.40127941387989,98.997152958982
300,8,ode,VcSEX,covariate_beta,0.4054651081081644,94,-3.1248512597745934,-3.518581624613021,8.081280085738799,12.186062460287033,19.44178811784103
300,8,ode,TVCL,structural_intercept,0.6,94,0.005226925259264418,0.4176732011675615,1.3133826575804641,3.2497771620195683,3.6020211465019867
300,8,ode,TVVc,structural_intercept,20,94,3.583512539107421,3.6182313567913056,3.583512539107421,5.330979320741692,7.284891418784858
300,8,ode,ResErr,structural_other,0.1,94,9.708921288499997,9.644591319425528,9.708921288499997,9.968485507478064,12.976984823299992
300,8,ode,TVKA,structural_other,0.7,94,0,0,0,0,0
300,8,ode,TVQ,structural_other,1.8,94,2.864221731231094,2.8023677269322884,2.864221731231094,2.952257910384997,4.056456313824351
300,8,ode,TVVp,structural_other,80,94,0.9199126711302164,0.8628265565971646,0.9199126711302164,1.0802277698110105,1.5393700159174275
300,8,ode,cov_VcCL,structural_other,0.02,94,3.846092363000006,4.716326362953191,16.54814377825001,24.818898833078322,40.45701932914999
300,8,ode,var_CL,structural_other,0.1,94,-2.2176384601500025,-1.3978923249861779,5.288939064450014,8.706662218650537,14.327114220039997
300,8,ode,var_Vc,structural_other,0.1,94,-20.98049884845001,-20.035237889575537,20.98049884845001,21.80588863188732,30.54287798094
300,9,linCmt,CLBW,covariate_beta,0.75,100,-4.2582259566,-22.206037819833117,9.400264692200002,49.01209386923669,98.82309491043466
300,9,linCmt,TVCL,structural_intercept,0.6,100,-0.03918029913796417,-0.2657909062767435,1.5038000355071894,3.117340959156638,3.875086801525068
300,9,linCmt,TVVc,structural_intercept,20,100,1.489816443983747,1.7973743586949382,1.7935370776565929,3.6122841544306636,4.812008658455012
300,9,linCmt,ResErr,structural_other,0.1,100,14.661536877499998,14.992686964809995,14.661536877499998,15.200382213169888,18.078883953799995
300,9,linCmt,TVKA,structural_other,0.7,100,0,0,0,0,0
300,9,linCmt,TVQ,structural_other,1.8,100,3.8701692855247307,3.910015133428637,3.8701692855247307,3.9739337988988432,4.671154187461333
300,9,linCmt,TVVp,structural_other,80,100,1.3618936859319497,1.422341491798427,1.3618936859319497,1.5493654786106894,2.1595156830020756
300,9,linCmt,cov_VcCL,structural_other,0.02,100,-7.066392005000013,-6.784541700247002,13.697019923999997,23.932184233027172,39.82762054730004
300,9,linCmt,var_CL,structural_other,0.1,100,-3.521321122350027,-3.4643983185240055,5.744260009949986,8.887834304720696,14.280346737480034
300,9,linCmt,var_Vc,structural_other,0.1,100,-46.840040258100004,-45.632392103021004,46.840040258100004,46.39174657172526,54.96533521202001
300,9,ode,CLBW,covariate_beta,0.75,98,-4.4610104119333345,-22.838186776972314,9.455541971599997,49.44744271126604,98.82531711111601
300,9,ode,TVCL,structural_intercept,0.6,98,7.896802462862835e-5,-0.10713290658380893,1.5129210672981397,2.6727545973619886,3.8538110314634966
300,9,ode,TVVc,structural_intercept,20,98,1.4006740184068711,1.685936540339355,1.9367900781985712,3.524527819202176,4.7176820550584075
300,9,ode,ResErr,structural_other,0.1,98,14.71222165799999,14.895414748877545,14.71222165799999,15.090172185264885,17.911663696399994
300,9,ode,TVKA,structural_other,0.7,98,0,0,0,0,0
300,9,ode,TVQ,structural_other,1.8,98,3.9477990829375877,3.9611809800248423,3.9477990829375877,4.024928094021161,4.79992505270165
300,9,ode,TVVp,structural_other,80,98,1.4704139587288978,1.4488043078251336,1.4704139587288978,1.5603700965284715,2.186097731995261
300,9,ode,cov_VcCL,structural_other,0.02,98,-7.7761820040000025,-6.118181892539286,14.446429472999991,24.062183624123858,39.992200488849996
300,9,ode,var_CL,structural_other,0.1,98,-3.54364651835002,-3.674211917600003,5.714452367099998,8.910549620082023,14.276285186520003
300,9,ode,var_Vc,structural_other,0.1,98,-45.195006968600026,-45.18532250629592,45.195006968600026,45.8559831130398,54.36079446901001
300,10,linCmt,CLBW,covariate_beta,0.75,99,-0.8640905517333319,-13.786909864901158,10.059914877066662,40.19343088353274,98.70918464068295
300,10,linCmt,VcSEX,covariate_beta,0.4054651081081644,100,-8.35620243200457,-7.544940525978243,8.968435258256392,11.69387433357066,17.815621585667575
300,10,linCmt,TVCL,structural_intercept,0.6,100,-10.097422517832781,-9.60357983569123,10.097422517832781,11.029847723675038,14.299994919175871
300,10,linCmt,TVVc,structural_intercept,20,100,2.959368219559666,3.402785190701728,2.959368219559666,4.878976042340587,6.821307376580781
300,10,linCmt,ResErr,structural_other,0.1,100,11.0021365795,11.198403699259993,11.0021365795,11.492837796282833,14.805752399699992
300,10,linCmt,TVKA,structural_other,0.7,100,0,0,0,0,0
300,10,linCmt,TVQ,structural_other,1.8,100,2.7770790990644203,2.7883532546487375,2.7770790990644203,2.92743884434437,4.00391246115352
300,10,linCmt,TVVp,structural_other,80,100,0.7865315630317582,0.8794972192945308,0.7865315630317582,1.1110647837638286,1.7235630198081535
300,10,linCmt,cov_VcCL,structural_other,0.02,100,-1.546350970250002,1.9419748552749965,16.75511548525,25.670115003016747,40.72552197610001
300,10,linCmt,var_CL,structural_other,0.1,100,-1.0720692816999917,-0.22554819128400627,6.427512727699987,7.9316342254534336,11.945618583609994
300,10,linCmt,var_Vc,structural_other,0.1,100,-29.294495994699975,-29.530487834037007,29.294495994699975,30.98568160037165,39.65960597422
300,10,ode,CLBW,covariate_beta,0.75,94,-0.005409583399999373,-12.583609377438368,8.929526291199998,38.593760935011986,98.70115150288585
300,10,ode,VcSEX,covariate_beta,0.4054651081081644,95,-8.663348748566978,-7.6566047224640945,8.919803403038157,11.654823054955221,18.140379824695412
300,10,ode,TVCL,structural_intercept,0.6,95,-10.131822826378368,-9.719308567735231,10.131822826378368,11.116638219174032,14.579578133642574
300,10,ode,TVVc,structural_intercept,20,95,3.11547642107584,3.4694519730460853,3.11547642107584,4.959187173966023,6.974266612723425
300,10,ode,ResErr,structural_other,0.1,95,11.084577039999989,11.2082929634421,11.084577039999989,11.48091800735399,14.775924429799996
300,10,ode,TVKA,structural_other,0.7,95,0,0,0,0,0
300,10,ode,TVQ,structural_other,1.8,95,2.761312517807806,2.757148934749384,2.761312517807806,2.906138344778563,3.985989266664684
300,10,ode,TVVp,structural_other,80,95,0.8432277902593732,0.8931440164907819,0.8432277902593732,1.1169711626736587,1.7410732789795385
300,10,ode,cov_VcCL,structural_other,0.02,95,0.32619730999997737,2.8643687241842093,17.258609217499966,25.71440093848567,41.36845953369996
300,10,ode,var_CL,structural_other,0.1,95,-0.5991122306000102,-0.04717286910947533,6.323650609299985,8.030713042745049,12.475841465080054
300,10,ode,var_Vc,structural_other,0.1,95,-29.46221531550001,-29.234165369274738,29.46221531550001,30.811059331047446,39.4907909124
300,11,linCmt,CLBW,covariate_beta,0.75,99,-3.296049471066661,-19.5297900376007,9.3504858036,45.6798225103548,98.81216875081388
300,11,linCmt,VcBW,covariate_beta,1,100,-12.414134903599999,-32.37942873260223,12.414134903599999,52.20389885413393,98.921268175341
300,11,linCmt,TVCL,structural_intercept,0.6,100,-10.346960281153608,-9.158395413342518,10.346960281153608,10.724615039490558,14.351914198602298
300,11,linCmt,TVVc,structural_intercept,20,100,-9.311322006533445,-7.242894259337247,9.311322006533445,9.382203850473516,13.590799414641427
300,11,linCmt,ResErr,structural_other,0.1,100,12.249613691999992,12.112172635069994,12.249613691999992,12.377819483701478,15.271445042199991
300,11,linCmt,TVKA,structural_other,0.7,100,0,0,0,0,0
300,11,linCmt,TVQ,structural_other,1.8,100,2.9556634436412876,2.8383902469367372,2.9556634436412876,2.96403353802997,3.9206952721610038
300,11,linCmt,TVVp,structural_other,80,100,0.9878985783561768,0.9687494156957993,0.9878985783561768,1.1331824471968104,1.7560235688923884
300,11,linCmt,cov_VcCL,structural_other,0.02,100,3.4296944034999886,3.6934237941294965,16.647255221250017,23.413535360075414,37.45428505004994
300,11,linCmt,var_CL,structural_other,0.1,100,-1.8451541931000028,-1.4721564341420064,5.384814187350005,8.63134576058226,13.939535135090017
300,11,linCmt,var_Vc,structural_other,0.1,100,-30.4917519535,-31.257892474673003,30.4917519535,32.47274561636508,42.66192990957002
300,11,ode,CLBW,covariate_beta,0.75,94,-2.655548462733333,-16.973988173870342,8.288363735199995,43.23628287424081,98.79858868205214
300,11,ode,VcBW,covariate_beta,1,95,-12.338116053199998,-32.71116568728735,12.338116053199998,52.5204993647887,98.92261454573399
300,11,ode,TVCL,structural_intercept,0.6,95,-10.502764309613353,-9.463847795745362,10.502764309613353,10.965599442700826,14.567873595686326
300,11,ode,TVVc,structural_intercept,20,95,-9.058051991211613,-7.1896623607879215,9.058051991211613,9.263573949958596,13.026959495285285
300,11,ode,ResErr,structural_other,0.1,95,12.204184600000001,12.108519196252626,12.204184600000001,12.372106242663325,15.303531356599992
300,11,ode,TVKA,structural_other,0.7,95,0,0,0,0,0
300,11,ode,TVQ,structural_other,1.8,95,2.9797633309127285,2.849921047038415,2.9797633309127285,2.9796233495960043,3.9435095924979278
300,11,ode,TVVp,structural_other,80,95,1.0051737527669502,0.9810132384018164,1.0051737527669502,1.1441112582238615,1.7938063583525627
300,11,ode,cov_VcCL,structural_other,0.02,95,2.8921025484999854,3.525599928361579,15.628861748000004,22.4071142463634,36.53480040430005
300,11,ode,var_CL,structural_other,0.1,95,-2.1294897027999693,-1.5117266206000042,5.3238749180000156,8.471502963722138,13.39551153646002
300,11,ode,var_Vc,structural_other,0.1,95,-31.574920396800017,-31.711116455074738,31.574920396800017,32.90105350561431,42.21038355496
300,12,linCmt,CLBW,covariate_beta,0.75,97,-4.74804681826666,-21.038605714126184,10.42287584533333,46.57144453783511,98.82609916779788
300,12,linCmt,VcBW,covariate_beta,1,99,-98.21220592272,-53.32877847092469,98.21220592272,71.62667573823238,98.975341732088
300,12,linCmt,VcSEX,covariate_beta,0.4054651081081644,100,-5.944405600674933,-5.744883846010362,8.318801854996215,13.358792839856507,19.95341745805316
300,12,linCmt,TVCL,structural_intercept,0.6,100,-10.323805747346363,-8.735472764190163,10.368350529746394,10.600556748083653,14.002128302291439
300,12,linCmt,TVVc,structural_intercept,20,100,-2.148096534773112,-3.890891020157869,5.054071867436365,8.160807355146797,13.692757041888438
300,12,linCmt,ResErr,structural_other,0.1,100,10.187293464499994,10.156356429349994,10.187293464499994,10.474256874629642,13.1244688275
300,12,linCmt,TVKA,structural_other,0.7,100,0,0,0,0,0
300,12,linCmt,TVQ,structural_other,1.8,100,2.6560164378577147,2.6062914302218783,2.6560164378577147,2.7747926860665997,3.8017688238966034
300,12,linCmt,TVVp,structural_other,80,100,0.6286060204797295,0.625285721501987,0.7305117472756795,0.9331949063119821,1.4388136591240865
300,12,linCmt,cov_VcCL,structural_other,0.02,100,2.9449238494999848,3.235199383179501,13.7028796465,20.780531898330445,33.295732226750005
300,12,linCmt,var_CL,structural_other,0.1,100,-1.6665430713500087,-1.7009375590070035,4.983199278599984,8.85139926599581,14.910624815499993
300,12,linCmt,var_Vc,structural_other,0.1,100,-23.380870669250008,-22.53057723187,23.380870669250008,24.067899094945158,33.29484028125002
300,12,ode,CLBW,covariate_beta,0.75,92,-4.375963889933332,-19.31661697544761,10.160857261333334,45.21577035742072,98.83004387963148
300,12,ode,VcBW,covariate_beta,1,94,-24.050711110199995,-50.868011240912516,48.61358167750001,69.91152215572167,98.97311877695701
300,12,ode,VcSEX,covariate_beta,0.4054651081081644,95,-6.178514237156372,-5.7034537352739205,8.287100528068303,13.471103124665218,20.594219589491487
300,12,ode,TVCL,structural_intercept,0.6,95,-10.403287258588449,-9.002779463873885,10.576220676507116,10.789488189733104,14.03317331557673
300,12,ode,TVVc,structural_intercept,20,95,-3.3177561740325245,-4.260462952402734,5.944477157940078,8.374708736635249,13.626368672898618
300,12,ode,ResErr,structural_other,0.1,95,10.181610875999988,10.203603187884205,10.181610875999988,10.522526825766723,13.198798307799997
300,12,ode,TVKA,structural_other,0.7,95,0,0,0,0,0
300,12,ode,TVQ,structural_other,1.8,95,2.650809508999035,2.586152034035531,2.650809508999035,2.7679658197377908,3.958805425469567
300,12,ode,TVVp,structural_other,80,95,0.7058274600666969,0.6590846797712312,0.7300296358053515,0.9534930763776105,1.4738628885587097
300,12,ode,cov_VcCL,structural_other,0.02,95,3.085950937499974,3.792200695867895,13.521143544999967,20.973715510864814,33.53310900350003
300,12,ode,var_CL,structural_other,0.1,95,-0.9317142534000372,-1.4116470261031602,4.9897987227999625,8.662803910711416,14.568733118119988
300,12,ode,var_Vc,structural_other,0.1,95,-23.10067067440001,-22.425221156244216,23.10067067440001,24.002440478395144,33.16704265382
300,13,linCmt,CLBW,covariate_beta,0.75,97,-1.3337769174666705,-10.061114435503644,9.200939216399995,36.837991922049476,98.68138963076187
300,13,linCmt,CLcrCL,covariate_beta,0.5,99,-1.521751893400003,-8.354081980405615,6.622713421799997,28.43903425081555,27.632401804200025
300,13,linCmt,TVCL,structural_intercept,0.6,99,-14.221573297987696,-13.923918957149592,14.221573297987696,14.861332818922376,19.492528562836863
300,13,linCmt,TVVc,structural_intercept,20,99,0.8537333509277368,0.4975726240077015,1.6520525058045799,3.5894283011268056,4.442993540115886
300,13,linCmt,ResErr,structural_other,0.1,99,18.05328864899999,17.792335504141406,18.05328864899999,18.026830229657616,21.298985567199992
300,13,linCmt,TVKA,structural_other,0.7,99,0,0,0,0,0
300,13,linCmt,TVQ,structural_other,1.8,99,3.8530736229887133,3.9010431041778046,3.8530736229887133,3.9790237046091526,4.9142783780234485
300,13,linCmt,TVVp,structural_other,80,99,1.6609750415392457,1.6746807702421724,1.6609750415392457,1.779578913269607,2.3560705085596862
300,13,linCmt,cov_VcCL,structural_other,0.02,99,-17.609482306000025,-16.622876157615153,22.841913758500027,30.999694806657875,48.56190776589999
300,13,linCmt,var_CL,structural_other,0.1,99,-3.849285622000015,-3.04281709131617,6.944805847600002,8.7311957085936,14.440883515040026
300,13,linCmt,var_Vc,structural_other,0.1,99,-51.673423633799985,-51.73184638483232,51.673423633799985,52.65728126042269,64.26592529466001
300,13,ode,CLBW,covariate_beta,0.75,78,-1.2929830964666673,-8.649154466965864,8.730838402933331,33.66360705552141,56.42183288098689
300,13,ode,CLcrCL,covariate_beta,0.5,79,-1.472727909799998,-3.349212005819671,5.885659057000003,16.022077521663235,18.14846810928
300,13,ode,TVCL,structural_intercept,0.6,79,-14.26458891437225,-13.862604105948199,14.26458891437225,14.717085443828736,18.567826285092696
300,13,ode,TVVc,structural_intercept,20,79,0.9374631878102234,0.6606630334197973,1.6784095425307832,3.654088632159072,4.415923239575299
300,13,ode,ResErr,structural_other,0.1,79,17.13413377499999,17.920615923696197,17.13413377499999,18.20137368917204,22.316263174799996
300,13,ode,TVKA,structural_other,0.7,79,0,0,0,0,0
300,13,ode,TVQ,structural_other,1.8,79,3.9150272877641736,3.9962595593450416,3.9150272877641736,4.072174348676051,5.113849442803341
300,13,ode,TVVp,structural_other,80,79,1.6825821814410522,1.717488490241591,1.6825821814410522,1.8302197567171468,2.4556381445798756
300,13,ode,cov_VcCL,structural_other,0.02,79,-17.793256319499992,-16.528905695895567,24.75644830350003,32.06952464450613,54.374342000899986
300,13,ode,var_CL,structural_other,0.1,79,-3.1863605468999827,-2.505497719388612,6.330090117199997,8.65088330790893,15.118646718940001
300,13,ode,var_Vc,structural_other,0.1,79,-52.318515080400005,-52.05002213692151,52.318515080400005,53.00632235474163,64.62168740447999
300,14,linCmt,CLBW,covariate_beta,0.75,98,-1.1489299824666659,-18.21793590295279,11.044250910799997,45.865454446122996,98.79148415197068
300,14,linCmt,CLcrCL,covariate_beta,0.5,99,-2.6805930547999957,-7.478814243840566,8.3699332186,26.677004735114146,20.27487571608001
300,14,linCmt,VcSEX,covariate_beta,0.4054651081081644,99,-8.355091795007711,-9.032342994688486,10.064300657722287,14.190047684673528,20.538515908488247
300,14,linCmt,TVCL,structural_intercept,0.6,99,-14.68653871786546,-13.008954912192882,14.68653871786546,13.989173931342396,18.480196249093186
300,14,linCmt,TVVc,structural_intercept,20,99,3.350808912900618,3.2135640059691757,3.524223435226777,4.513271644011775,7.343458951086506
300,14,linCmt,ResErr,structural_other,0.1,99,14.49416026799999,14.520605686656559,14.49416026799999,14.826368937283554,17.995221330600003
300,14,linCmt,TVKA,structural_other,0.7,99,0,0,0,0,0
300,14,linCmt,TVQ,structural_other,1.8,99,2.631396051655583,2.6179794380878785,2.631396051655583,2.776433292794445,3.870353755488757
300,14,linCmt,TVVp,structural_other,80,99,1.3673381053704503,1.2042784577955645,1.3673381053704503,1.3994323845891439,1.985854233652127
300,14,linCmt,cov_VcCL,structural_other,0.02,99,-6.1287531929999846,-4.395051439705053,19.63364967850004,27.872294414138803,45.25416535100003
300,14,linCmt,var_CL,structural_other,0.1,99,-3.5857535391999735,-2.919153677789906,6.270744442999993,8.708460740753807,14.027952330220012
300,14,linCmt,var_Vc,structural_other,0.1,99,-34.46683646319999,-32.92841016562525,34.46683646319999,34.20720700419179,42.68892496487997
300,14,ode,CLBW,covariate_beta,0.75,74,-0.2735787916000006,-14.22257999068018,8.961519691466664,41.03457092026165,98.73270800165359
300,14,ode,CLcrCL,covariate_beta,0.5,75,-3.0625893451999953,-4.311742881176399,7.967381894799996,19.243607737881256,16.307950899600016
300,14,ode,VcSEX,covariate_beta,0.4054651081081644,75,-8.507431725287288,-9.107686842385407,9.056380311858705,14.441006672052511,22.80862107574833
300,14,ode,TVCL,structural_intercept,0.6,75,-14.158308103680351,-13.092513944900944,14.158308103680351,13.986564081879852,18.226062247005995
300,14,ode,TVVc,structural_intercept,20,75,3.508279665513605,3.332262650652355,3.6216997847599153,4.757602522325727,7.889363355259615
300,14,ode,ResErr,structural_other,0.1,75,13.923632221999993,14.430131817039992,13.923632221999993,14.749919454875416,18.348894716399993
300,14,ode,TVKA,structural_other,0.7,75,0,0,0,0,0
300,14,ode,TVQ,structural_other,1.8,75,2.5553858535661216,2.610067411266771,2.5553858535661216,2.778047990506684,3.823476667273303
300,14,ode,TVVp,structural_other,80,75,1.2737631821035755,1.202397240427921,1.2737631821035755,1.4088643008048798,1.9958578512514547
300,14,ode,cov_VcCL,structural_other,0.02,75,-2.8065351545000436,-4.245822313983331,16.4560843575,26.845973606533157,43.35284077510001
300,14,ode,var_CL,structural_other,0.1,75,-4.567331602300051,-3.7617738188600027,6.670616173999972,9.26831170937382,14.74739129112001
300,14,ode,var_Vc,structural_other,0.1,75,-34.750052197300015,-33.005018042905334,34.750052197300015,34.3323596882543,43.246335487980026
300,15,linCmt,CLBW,covariate_beta,0.75,98,-3.4052841434000003,-19.41893656246279,11.560472986999995,45.85592526729324,98.80198189960826
300,15,linCmt,CLcrCL,covariate_beta,0.5,99,0.08290494400000625,-5.3352033514717565,7.309007883199992,26.29477172220971,21.162636733840007
300,15,linCmt,VcBW,covariate_beta,1,99,-9.310352992600002,-30.490894673935326,9.310383955,50.54955410900289,98.86225464053399
300,15,linCmt,TVCL,structural_intercept,0.6,99,-14.064973259005262,-13.259183462618996,14.064973259005262,14.069883607788386,18.473002378291948
300,15,linCmt,TVVc,structural_intercept,20,99,-10.094836117738932,-8.37610295583967,10.094836117738932,10.144658557005231,14.648098325703435
300,15,linCmt,ResErr,structural_other,0.1,99,15.374226744999998,15.191897019191913,15.374226744999998,15.428536211136876,18.632461165799995
300,15,linCmt,TVKA,structural_other,0.7,99,0,0,0,0,0
300,15,linCmt,TVQ,structural_other,1.8,99,3.178611482081823,3.154241900925028,3.178611482081823,3.314288454754779,4.499611270360113
300,15,linCmt,TVVp,structural_other,80,99,1.3774961679563624,1.35099284315766,1.436621945523786,1.5286241580070876,2.1161566477664984
300,15,linCmt,cov_VcCL,structural_other,0.02,99,1.9812164809999977,3.000919301191917,15.866567139999985,27.588618882342725,39.835810177800035
300,15,linCmt,var_CL,structural_other,0.1,99,-2.0139468925000488,-2.0044726706393985,6.1631980159999875,8.518943898143512,13.460562168599965
300,15,linCmt,var_Vc,structural_other,0.1,99,-36.74825558780005,-37.056996768610105,36.74825558780005,38.201632738610044,48.218049583980005
300,15,ode,CLBW,covariate_beta,0.75,84,-2.286492083199998,-17.7962111417533,11.527194947533337,44.44614340592168,98.79429929030226
300,15,ode,CLcrCL,covariate_beta,0.5,85,0.4637134443999935,-3.9858418603837182,7.071060462,23.725558643667974,20.608481909920012
300,15,ode,VcBW,covariate_beta,1,85,-9.089243771,-32.57167567206193,9.329096266699999,53.18695413803112,98.893895829712
300,15,ode,TVCL,structural_intercept,0.6,85,-13.981817516712736,-13.417965963812712,13.981817516712736,14.055560168243497,18.238312735102983
300,15,ode,TVVc,structural_intercept,20,85,-10.086136079328405,-8.103738104598484,10.086136079328405,9.930748514750587,14.25500361935052
300,15,ode,ResErr,structural_other,0.1,85,14.90998837299999,15.200648094447052,14.90998837299999,15.465632151957454,18.741157815399998
300,15,ode,TVKA,structural_other,0.7,85,0,0,0,0,0
300,15,ode,TVQ,structural_other,1.8,85,3.103756219588681,3.102359478064164,3.103756219588681,3.2574792461455435,4.342732649846895
300,15,ode,TVVp,structural_other,80,85,1.3775985045353067,1.3627807483311545,1.3775985045353067,1.5358638337481099,2.1504288107583496
300,15,ode,cov_VcCL,structural_other,0.02,85,-0.48993570399998715,2.5121326057411695,17.058759881999983,28.199560273807833,40.54195880620001
300,15,ode,var_CL,structural_other,0.1,85,-1.8552340029999588,-1.7509263042411845,5.798303026700008,8.250530914422043,13.227039529379999
300,15,ode,var_Vc,structural_other,0.1,85,-37.527241211299994,-37.44171908984824,37.527241211299994,38.586280187728036,48.28628391596001
300,16,linCmt,CLBW,covariate_beta,0.75,99,-3.618115315199999,-17.94070374772563,8.667419471333337,44.173674263606536,98.78003571563227
300,16,linCmt,CLcrCL,covariate_beta,0.5,100,-0.27558675550000133,-5.7866830377729395,6.369407592399995,28.173142929894123,23.504963282660015
300,16,linCmt,VcBW,covariate_beta,1,100,-13.794563067899995,-39.11794014284127,14.49707860065,60.37903192862238,98.891402438972
300,16,linCmt,VcSEX,covariate_beta,0.4054651081081644,100,-6.72371650827516,-6.468229137459606,7.763311149846921,12.261244188477495,19.796632033341687
300,16,linCmt,TVCL,structural_intercept,0.6,100,-13.820131807190467,-12.235669611167683,13.86702200932753,13.750246532483457,18.341541580095633
300,16,linCmt,TVVc,structural_intercept,20,100,-7.865947258247896,-6.165661942249507,7.865947258247896,8.723380946847398,12.728492495028343
300,16,linCmt,ResErr,structural_other,0.1,100,11.637692291499995,12.032350254429995,11.637692291499995,12.329859588861064,15.554627839099993
300,16,linCmt,TVKA,structural_other,0.7,100,0,0,0,0,0
300,16,linCmt,TVQ,structural_other,1.8,100,2.6238014194939945,2.5102620858362608,2.6238014194939945,2.682391963478082,3.4756892550054563
300,16,linCmt,TVVp,structural_other,80,100,0.9016779147418497,0.9163207957342646,0.9565309799759537,1.187261525837499,1.8481237340915762
300,16,linCmt,cov_VcCL,structural_other,0.02,100,6.010005794500009,4.276328102970997,14.273448919249962,21.21303693117278,31.680910694700003
300,16,linCmt,var_CL,structural_other,0.1,100,-2.7910337403999756,-2.964747163312007,5.7052276116,8.469387867026132,13.86899780364001
300,16,linCmt,var_Vc,structural_other,0.1,100,-23.313779005100017,-22.531238932345005,23.313779005100017,24.44202804214128,34.089858970060035
300,16,ode,CLBW,covariate_beta,0.75,82,-3.139063340400002,-12.162269371825058,7.593325161400004,34.61935415532712,93.4273529416123
300,16,ode,CLcrCL,covariate_beta,0.5,83,0.23631190540001068,-2.7798627468474955,5.8377314658,23.903489115285627,18.01793668943999
300,16,ode,VcBW,covariate_beta,1,82,-14.199845128449995,-38.677959439945376,15.092796327700004,60.03219366125312,98.889082222642
300,16,ode,VcSEX,covariate_beta,0.4054651081081644,83,-5.696002441226908,-5.720141875908332,7.366352359275416,12.623170159540825,20.406258611651506
300,16,ode,TVCL,structural_intercept,0.6,83,-14.035003679710096,-13.333303328933773,14.035003679710096,14.013422375338521,18.237550583075606
300,16,ode,TVVc,structural_intercept,20,83,-8.153690698106129,-6.1298701851309545,8.162963425521745,8.927231073093576,13.283335160702789
300,16,ode,ResErr,structural_other,0.1,83,11.636316009999994,11.932742319132524,11.636316009999994,12.22684299019664,15.420503194199997
300,16,ode,TVKA,structural_other,0.7,83,0,0,0,0,0
300,16,ode,TVQ,structural_other,1.8,83,2.5446168340709967,2.4701090754649697,2.5446168340709967,2.628610813834723,3.4391737021178543
300,16,ode,TVVp,structural_other,80,83,0.8017443759209897,0.8979793875545184,0.8495574241739412,1.1691050461213084,1.8349071424779488
300,16,ode,cov_VcCL,structural_other,0.02,83,6.214220902000002,4.608365761330715,14.919204230499986,21.657248946357306,32.11367095749996
300,16,ode,var_CL,structural_other,0.1,83,-2.895967632500038,-3.38023727495061,5.767025020900041,8.674577461967834,14.089025725460017
300,16,ode,var_Vc,structural_other,0.1,83,-23.060926693900043,-22.82054739386025,23.060926693900043,24.72028632675504,33.87737192087998
