sample_N,scenario,structure,estimator,outer_opt,parameter,param_class,true_value,n_used,MedRE_pct,MeanRE_pct,MARE_pct,RMRSE_pct,P90AbsRE_pct
40,1,linCmt,focei,bobyqa,TVCL,structural_intercept,0.6,90,1.1892521659943127,0.9186113686861915,4.090564154909641,5.441833164158937,8.823756369366507
40,1,linCmt,focei,bobyqa,TVVc,structural_intercept,20,90,1.0807504100079868,1.5771839787591322,4.665740124887501,6.9453972681523455,11.0495154117266
40,1,linCmt,focei,bobyqa,ResErr,structural_other,0.1,90,0.7531361942866577,1.7079266610817347,4.41835196181467,7.555923942263671,12.518696019553849
40,1,linCmt,focei,bobyqa,TVKA,structural_other,0.7,90,0,0,0,0,0
40,1,linCmt,focei,bobyqa,TVQ,structural_other,1.8,90,2.3036624603069495,2.3350898780765164,2.5565499125493947,3.069276564909304,4.73865490790276
40,1,linCmt,focei,bobyqa,TVVp,structural_other,80,90,0.7433126965601478,0.7328656619703505,1.2660167489639207,1.908772039585753,2.8489808731827186
40,1,linCmt,focei,bobyqa,cov_VcCL,structural_other,0.02,90,-13.390518589936478,-11.434366883681095,42.2758614075815,63.40635523687874,98.75267537338944
40,1,linCmt,focei,bobyqa,var_CL,structural_other,0.1,90,-5.279339810094,-3.6883096729865685,15.525822945214701,23.815980829871275,39.54340976046395
40,1,linCmt,focei,bobyqa,var_Vc,structural_other,0.1,90,-12.449815163188175,-12.873397279083834,22.646431256717822,35.85685439991551,65.41429157524192
40,1,ode,focei,bobyqa,TVCL,structural_intercept,0.6,91,1.0725310351115496,0.8674964613704859,4.035747291212403,5.406437905092256,8.681589127212767
40,1,ode,focei,bobyqa,TVVc,structural_intercept,20,91,1.1637776539528133,1.5688294304529848,4.62485788135611,6.911507879252271,11.094217172536833
40,1,ode,focei,bobyqa,ResErr,structural_other,0.1,91,0.8054635518636444,1.632938857564753,4.506546654104452,7.401049999949046,12.56168289967391
40,1,ode,focei,bobyqa,TVKA,structural_other,0.7,91,0,0,0,0,0
40,1,ode,focei,bobyqa,TVQ,structural_other,1.8,91,2.283937746523702,2.3128125510562985,2.5080144532944293,3.0426980268343318,4.69516655014568
40,1,ode,focei,bobyqa,TVVp,structural_other,80,91,0.7181620446837655,0.731245315156416,1.2676585243196925,1.9004911471961854,2.7956198770282725
40,1,ode,focei,bobyqa,cov_VcCL,structural_other,0.02,91,-15.583495146618676,-11.810126457386305,41.03849223500459,63.923308166908846,103.37783555582057
40,1,ode,focei,bobyqa,var_CL,structural_other,0.1,91,-5.399581414550034,-3.353091500070307,15.696614500998157,23.908904969516545,39.89054049391771
40,1,ode,focei,bobyqa,var_Vc,structural_other,0.1,91,-12.16232968199274,-12.116965636925908,23.310816606283257,35.11547108377005,60.26016589571154
40,2,linCmt,focei,bobyqa,VcSEX,covariate_beta,0.4054651081081644,73,12.566540081610423,13.525596055724117,16.9200384795171,27.475379618060757,46.07310608899705
40,2,linCmt,focei,bobyqa,TVCL,structural_intercept,0.6,73,1.7259169304422728,0.9020020228350949,3.4565673483730373,5.093388820561255,8.342899000801008
40,2,linCmt,focei,bobyqa,TVVc,structural_intercept,20,73,-0.7582729731713833,-0.3715651160219553,6.5736998168953775,8.605530096294947,13.765715055856761
40,2,linCmt,focei,bobyqa,ResErr,structural_other,0.1,73,-0.5094848313660777,-0.9192657772716698,5.0466017715338625,7.005662204988174,11.991039593555739
40,2,linCmt,focei,bobyqa,TVKA,structural_other,0.7,73,4.7580986769649564e-14,4.7580986769649564e-14,4.7580986769649564e-14,4.7580986769649564e-14,4.7580986769649564e-14
40,2,linCmt,focei,bobyqa,TVQ,structural_other,1.8,73,1.3896858227166649,1.4042407355021733,1.7146513222744284,2.884487054794177,4.540632333025595
40,2,linCmt,focei,bobyqa,TVVp,structural_other,80,73,-0.014580138268414089,0.018758490175688928,0.9237874386382748,1.4875374808694473,2.4150809667292097
40,2,linCmt,focei,bobyqa,cov_VcCL,structural_other,0.02,73,-6.525062002597469,-9.25806442633585,38.932425435614896,58.15068201443834,96.98460628949869
40,2,linCmt,focei,bobyqa,var_CL,structural_other,0.1,73,-7.388423583803497,-4.969601570466169,17.262570674730483,21.029712988958334,33.498787926855336
40,2,linCmt,focei,bobyqa,var_Vc,structural_other,0.1,73,-18.73997070365381,-14.824199248567647,26.03218344097592,34.990085667871845,54.7435724796068
40,2,ode,focei,bobyqa,VcSEX,covariate_beta,0.4054651081081644,73,12.452058433839072,13.470529418634639,17.055710057597093,27.368643483130604,46.31274605056046
40,2,ode,focei,bobyqa,TVCL,structural_intercept,0.6,73,1.7160361035962932,0.8771261082409852,3.4758374724396064,5.086567549393297,8.339235523012098
40,2,ode,focei,bobyqa,TVVc,structural_intercept,20,73,-0.6591783295026232,-0.38603538499908135,6.316068031936712,8.592766593112556,13.653123529996385
40,2,ode,focei,bobyqa,ResErr,structural_other,0.1,73,-0.5282983466658314,-0.9856045036060145,4.977312335317382,7.0116740667507,11.925689832467611
40,2,ode,focei,bobyqa,TVKA,structural_other,0.7,73,4.7580986769649564e-14,4.7580986769649564e-14,4.7580986769649564e-14,4.7580986769649564e-14,4.7580986769649564e-14
40,2,ode,focei,bobyqa,TVQ,structural_other,1.8,73,1.3916391717773515,1.3774565748697598,1.7348757720969912,2.874524018015894,4.553939617859856
40,2,ode,focei,bobyqa,TVVp,structural_other,80,73,-0.03260940413809976,0.009087152002948894,0.91986886502049,1.4869396828108143,2.4243276965806504
40,2,ode,focei,bobyqa,cov_VcCL,structural_other,0.02,73,-7.7897837330575745,-11.398108255500148,37.694709736237066,57.22890488286069,94.85047042742697
40,2,ode,focei,bobyqa,var_CL,structural_other,0.1,73,-7.176184545500328,-5.108236295660611,17.61125331243389,21.04602546979425,33.36159843033517
40,2,ode,focei,bobyqa,var_Vc,structural_other,0.1,73,-18.94709192303834,-14.273974268121181,25.26637011500213,34.70816383383552,54.1435336071241
40,3,linCmt,focei,bobyqa,VcBW,covariate_beta,1,40,7.546690868278116,8.159674470490407,12.696170341231822,22.455767211119504,40.53281644585856
40,3,linCmt,focei,bobyqa,TVCL,structural_intercept,0.6,40,0.39369244033060635,1.063509562663933,3.30602462375317,5.586890942235532,9.837618316525994
40,3,linCmt,focei,bobyqa,TVVc,structural_intercept,20,40,0.2528422956520426,0.23185740754178416,4.660970633265542,6.882489496799546,10.716570594553588
40,3,linCmt,focei,bobyqa,ResErr,structural_other,0.1,40,-1.7425757777673954,-0.35906733088398346,4.734924519326237,7.232139048125758,12.855366027271959
40,3,linCmt,focei,bobyqa,TVKA,structural_other,0.7,40,4.7580986769649564e-14,4.7580986769649564e-14,4.7580986769649564e-14,4.7580986769649564e-14,4.7580986769649564e-14
40,3,linCmt,focei,bobyqa,TVQ,structural_other,1.8,40,1.3281687108271378,1.9209588283169248,1.5598745456608971,3.0203723854892996,5.153023160188021
40,3,linCmt,focei,bobyqa,TVVp,structural_other,80,40,0.4219397488195841,0.5235927624203902,0.9466711507971758,1.7869636619051747,3.100780904243799
40,3,linCmt,focei,bobyqa,cov_VcCL,structural_other,0.02,40,-4.536835781923784,-0.20580104999506832,41.114514980480706,48.341936831495836,78.77045188052904
40,3,linCmt,focei,bobyqa,var_CL,structural_other,0.1,40,0.041815975767682534,-1.5911233327723564,13.293639651096727,19.604058718758846,29.808414021431773
40,3,linCmt,focei,bobyqa,var_Vc,structural_other,0.1,40,-6.815608462229873,-7.01892808802069,20.068697560151712,31.618366331383058,54.68570961190304
40,3,ode,focei,bobyqa,VcBW,covariate_beta,1,45,5.505080592735467,6.50885586728288,13.254785717866469,22.22596854575429,40.546535560722354
40,3,ode,focei,bobyqa,TVCL,structural_intercept,0.6,45,-0.17766578042048103,0.36133650134224365,3.3742328346595594,5.797330369654737,10.151644604529945
40,3,ode,focei,bobyqa,TVVc,structural_intercept,20,45,-0.32288823330031136,-0.05997834613359112,5.211336837834057,6.784882317219215,10.53312530964218
40,3,ode,focei,bobyqa,ResErr,structural_other,0.1,45,-1.84789303732473,-0.6470225524937029,4.742890487207038,7.242616345968152,13.03663350137474
40,3,ode,focei,bobyqa,TVKA,structural_other,0.7,45,4.7580986769649564e-14,4.7580986769649564e-14,4.7580986769649564e-14,4.7580986769649564e-14,4.7580986769649564e-14
40,3,ode,focei,bobyqa,TVQ,structural_other,1.8,45,1.3000528768229374,1.771042282602538,1.516093015532744,2.8874554261312557,5.084355977852116
40,3,ode,focei,bobyqa,TVVp,structural_other,80,45,0.40587830757623067,0.44705370220369056,1.0334464028844614,1.8280815071192014,3.168032319240549
40,3,ode,focei,bobyqa,cov_VcCL,structural_other,0.02,45,8.367504647987573,3.0115660054360873,35.943018647752176,47.545839706773585,80.19006747774439
40,3,ode,focei,bobyqa,var_CL,structural_other,0.1,45,-0.902918531598948,-2.211319577436508,13.304865115438282,19.226772280916467,28.90231643114516
40,3,ode,focei,bobyqa,var_Vc,structural_other,0.1,45,-3.459558997088788,-4.241095073851079,20.44512695722267,30.375087015706264,50.96712588766802
40,4,linCmt,focei,bobyqa,VcBW,covariate_beta,1,41,-1.1767911280769816,4.995994837022022,11.632580650516843,23.718741790982588,39.651021483252194
40,4,linCmt,focei,bobyqa,VcSEX,covariate_beta,0.4054651081081644,41,10.608613851084565,10.328248163306059,17.503832490336528,26.031230827890305,38.3690064616066
40,4,linCmt,focei,bobyqa,TVCL,structural_intercept,0.6,41,0.10386108129900595,0.8245289675737251,2.8173395175372837,4.24976186686589,6.875682073384867
40,4,linCmt,focei,bobyqa,TVVc,structural_intercept,20,41,-4.272613975144459,-2.8777394574584303,6.816488845832466,8.892942049444331,14.124293728870487
40,4,linCmt,focei,bobyqa,ResErr,structural_other,0.1,41,-1.4294837434317142,-2.11962253588603,4.7630494894516096,6.728273824945699,10.12714917422991
40,4,linCmt,focei,bobyqa,TVKA,structural_other,0.7,41,4.7580986769649564e-14,4.7580986769649564e-14,4.7580986769649564e-14,4.7580986769649564e-14,4.7580986769649564e-14
40,4,linCmt,focei,bobyqa,TVQ,structural_other,1.8,41,1.2562607150911187,1.3146187628370176,1.9872867539566519,2.937069413435481,5.295327846898222
40,4,linCmt,focei,bobyqa,TVVp,structural_other,80,41,-0.353599235187918,-0.04145420087834617,1.5410660666148779,1.8249720162385983,2.39445441697125
40,4,linCmt,focei,bobyqa,cov_VcCL,structural_other,0.02,41,-6.4147324042658145,-14.080181335684506,29.315937979708035,55.205437456102445,93.61301689337633
40,4,linCmt,focei,bobyqa,var_CL,structural_other,0.1,41,1.9130907804941617,0.9820186811877386,17.519802552887196,22.980456041609333,37.13821997672825
40,4,linCmt,focei,bobyqa,var_Vc,structural_other,0.1,41,-25.744651231335236,-17.228666142516836,28.38617834833663,33.20374594195992,48.84393194844417
40,4,ode,focei,bobyqa,VcBW,covariate_beta,1,40,-1.320140210324755,5.3443449985388245,11.580828000708653,23.91992250884087,40.25650328543616
40,4,ode,focei,bobyqa,VcSEX,covariate_beta,0.4054651081081644,40,10.313612934577787,11.462392889012909,16.51840138435364,25.935542162135388,39.573264082391994
40,4,ode,focei,bobyqa,TVCL,structural_intercept,0.6,40,0.3561481530857483,1.0293529625706386,2.827538557214719,4.291005146441481,7.009962798737433
40,4,ode,focei,bobyqa,TVVc,structural_intercept,20,40,-4.76450905101502,-3.3621238116529515,6.391732683502224,8.757848492137414,14.226782841760677
40,4,ode,focei,bobyqa,ResErr,structural_other,0.1,40,-1.455266314726228,-2.2202130891520957,5.523533146684523,6.871322510440911,10.269310312955197
40,4,ode,focei,bobyqa,TVKA,structural_other,0.7,40,4.7580986769649564e-14,4.7580986769649564e-14,4.7580986769649564e-14,4.7580986769649564e-14,4.7580986769649564e-14
40,4,ode,focei,bobyqa,TVQ,structural_other,1.8,40,1.3247596219681892,1.3997830207534094,1.9153887776634761,2.8330651873871644,4.650791138183157
40,4,ode,focei,bobyqa,TVVp,structural_other,80,40,-0.14667686903523602,0.09838472574872313,1.5376850279454946,1.6893351450440928,2.3301746906781045
40,4,ode,focei,bobyqa,cov_VcCL,structural_other,0.02,40,-9.152571569103381,-15.902829929115159,28.327971891821356,56.46600778951421,93.4852241558034
40,4,ode,focei,bobyqa,var_CL,structural_other,0.1,40,-1.5817267790639717,0.21713984744295214,16.912938352712096,23.081794885478825,36.659544675276436
40,4,ode,focei,bobyqa,var_Vc,structural_other,0.1,40,-26.31948584688854,-17.189255129670865,29.880967528481627,33.654391864446374,49.824409318094645
40,5,linCmt,focei,bobyqa,CLcrCL,covariate_beta,0.5,58,-2.845429361421897,0.917369312799433,14.666284126820834,18.605495367794433,30.830475050294805
40,5,linCmt,focei,bobyqa,TVCL,structural_intercept,0.6,58,1.2116168522132709,1.0880029243796279,2.8964361622438872,4.904884998973791,8.520353804775919
40,5,linCmt,focei,bobyqa,TVVc,structural_intercept,20,58,2.80071718290424,2.4034099201157186,3.619404879860868,6.854781903707371,11.114208873677208
40,5,linCmt,focei,bobyqa,ResErr,structural_other,0.1,58,0.987862190253222,0.797076194466793,3.922291189099099,6.1959480737309,10.965011825469485
40,5,linCmt,focei,bobyqa,TVKA,structural_other,0.7,58,4.7580986769649564e-14,4.7580986769649564e-14,4.7580986769649564e-14,4.7580986769649564e-14,4.7580986769649564e-14
40,5,linCmt,focei,bobyqa,TVQ,structural_other,1.8,58,1.7167656130343298,1.8730283668944587,1.7920863416128383,2.7062640021958373,4.865721562817458
40,5,linCmt,focei,bobyqa,TVVp,structural_other,80,58,0.5119286701134661,0.4943000457608522,0.969730902700965,1.513600697318916,2.2324396237311293
40,5,linCmt,focei,bobyqa,cov_VcCL,structural_other,0.02,58,-5.837644399387509,1.2229137171565057,50.77786444630519,61.768781401458654,96.61158401128534
40,5,linCmt,focei,bobyqa,var_CL,structural_other,0.1,58,-9.002558958584963,-9.330041091989296,14.919040394877536,21.864634179940083,34.49271043497037
40,5,linCmt,focei,bobyqa,var_Vc,structural_other,0.1,58,-8.494603707143625,-10.325414719379959,23.588863380949093,39.54224656820985,67.18325931009315
40,5,ode,focei,bobyqa,CLcrCL,covariate_beta,0.5,57,-2.7412299250706984,1.0049933476718687,13.343595012166487,18.67993501251829,30.573911482515975
40,5,ode,focei,bobyqa,TVCL,structural_intercept,0.6,57,1.1261762578146373,0.791736320164082,2.8957168928774313,4.664360336532082,8.273877004813412
40,5,ode,focei,bobyqa,TVVc,structural_intercept,20,57,2.78607558864012,2.5328584676860983,3.944760264027884,7.000291647270646,11.25446476053977
40,5,ode,focei,bobyqa,ResErr,structural_other,0.1,57,1.0599234558444082,0.699988636515508,4.430357700210191,6.117163777898574,10.900663791946224
40,5,ode,focei,bobyqa,TVKA,structural_other,0.7,57,4.7580986769649564e-14,4.7580986769649564e-14,4.7580986769649564e-14,4.7580986769649564e-14,4.7580986769649564e-14
40,5,ode,focei,bobyqa,TVQ,structural_other,1.8,57,1.709406685270852,1.8518928840654973,1.8362099307118,2.6855854937332686,4.905699060836865
40,5,ode,focei,bobyqa,TVVp,structural_other,80,57,0.4993803795064089,0.4632590886346935,0.9964183829406892,1.5143372953266978,2.2202550978816507
40,5,ode,focei,bobyqa,cov_VcCL,structural_other,0.02,57,-0.6744165123023436,-1.3328452405127758,46.62074028641433,58.06473648892245,93.44808554136984
40,5,ode,focei,bobyqa,var_CL,structural_other,0.1,57,-8.742815471356025,-8.207721942618225,14.825743609468201,21.49744544943005,33.914324475377185
40,5,ode,focei,bobyqa,var_Vc,structural_other,0.1,57,-6.809358055323289,-8.23430061285935,23.639547232343627,37.47613397184163,65.25063703547286
40,6,linCmt,focei,bobyqa,CLcrCL,covariate_beta,0.5,51,3.9503502852832773,5.16844206724532,11.696935980112178,19.224949100143796,30.77558194213852
40,6,linCmt,focei,bobyqa,VcSEX,covariate_beta,0.4054651081081644,51,14.375502510453927,14.402715013915005,17.005087241142448,29.919228808229114,52.18403693066208
40,6,linCmt,focei,bobyqa,TVCL,structural_intercept,0.6,51,1.737342544095281,0.937972002578628,3.859419021327082,5.627456200600101,8.924492901289845
40,6,linCmt,focei,bobyqa,TVVc,structural_intercept,20,51,-1.4721401644268894,-1.940132468743484,5.221500225557101,9.388360065552318,16.194270967141904
40,6,linCmt,focei,bobyqa,ResErr,structural_other,0.1,51,1.3820620094404794,1.3966715204113296,3.6090008806463207,6.1045345226525924,10.789879261371398
40,6,linCmt,focei,bobyqa,TVKA,structural_other,0.7,51,4.7580986769649564e-14,4.7580986769649564e-14,4.7580986769649564e-14,4.7580986769649564e-14,4.7580986769649564e-14
40,6,linCmt,focei,bobyqa,TVQ,structural_other,1.8,51,1.3012203849685673,1.3656960706516033,1.6958347368301412,2.374132293680316,3.728466540103121
40,6,linCmt,focei,bobyqa,TVVp,structural_other,80,51,0.6386521323492467,0.6299882201184681,1.196265547720845,1.7535810140590593,2.5231265831027017
40,6,linCmt,focei,bobyqa,cov_VcCL,structural_other,0.02,51,-8.53403388575537,-3.8399860673310147,28.216690549150503,58.39333648658408,101.96934027583555
40,6,linCmt,focei,bobyqa,var_CL,structural_other,0.1,51,-9.487954976670071,-10.550723113788951,14.793859052416494,23.60077937811742,38.33666788000066
40,6,linCmt,focei,bobyqa,var_Vc,structural_other,0.1,51,-10.698893154106312,-10.610475834601537,19.161696645469462,33.944446484218425,56.60823702234457
40,6,ode,focei,bobyqa,CLcrCL,covariate_beta,0.5,50,5.204363083022767,6.376585383888256,12.338757565842007,20.335110810563783,31.930260533242045
40,6,ode,focei,bobyqa,VcSEX,covariate_beta,0.4054651081081644,50,12.962256755954193,14.920969145673496,16.82749775550814,30.36625002623639,51.941419271794146
40,6,ode,focei,bobyqa,TVCL,structural_intercept,0.6,50,1.3182128419186128,0.8283219668531827,3.919983926461997,5.6622339239053625,8.891939867890956
40,6,ode,focei,bobyqa,TVVc,structural_intercept,20,50,-1.7194479849651767,-2.2444168698548763,5.978533834802553,9.676147969781645,16.346544894913936
40,6,ode,focei,bobyqa,ResErr,structural_other,0.1,50,1.0645174622662332,0.8619158417495318,3.654624265905286,5.680067955372269,10.433826418237667
40,6,ode,focei,bobyqa,TVKA,structural_other,0.7,50,4.7580986769649564e-14,4.7580986769649564e-14,4.7580986769649564e-14,4.7580986769649564e-14,4.7580986769649564e-14
40,6,ode,focei,bobyqa,TVQ,structural_other,1.8,50,1.2468035196267984,1.319830387403634,1.5659077470334744,2.357952221454979,3.7193157316017564
40,6,ode,focei,bobyqa,TVVp,structural_other,80,50,0.5282045203608376,0.5663545905209763,1.237641524692652,1.6931783417015598,2.2469725792150137
40,6,ode,focei,bobyqa,cov_VcCL,structural_other,0.02,50,-8.818108327774619,-8.727038802935997,33.787788043465824,57.32038894175088,97.02716600977173
40,6,ode,focei,bobyqa,var_CL,structural_other,0.1,50,-9.94924624733072,-11.723859302342072,14.15279195626445,23.267842823884568,39.018390392331284
40,6,ode,focei,bobyqa,var_Vc,structural_other,0.1,50,-9.834144250242677,-9.93153524718584,21.187809918530178,34.25818954998617,57.59467025119115
40,7,linCmt,focei,bobyqa,CLcrCL,covariate_beta,0.5,22,2.0043276255198696,5.345408379432602,12.789640925084033,18.879969978172728,32.919333371896165
40,7,linCmt,focei,bobyqa,VcBW,covariate_beta,1,22,2.781305259709921,5.212367981458368,13.882553449434932,19.908981600502646,32.89234710806591
40,7,linCmt,focei,bobyqa,TVCL,structural_intercept,0.6,22,-1.7117840272298421,-0.37819267087761727,4.410813261851581,6.238751599702567,10.718428376126383
40,7,linCmt,focei,bobyqa,TVVc,structural_intercept,20,22,0.22801534230763032,0.24612277866521443,3.257045187060701,5.625307453802552,8.690617703423863
40,7,linCmt,focei,bobyqa,ResErr,structural_other,0.1,22,-4.434658732714696,-3.499985477273987,6.886918697198014,7.196415538012782,11.484383151681463
40,7,linCmt,focei,bobyqa,TVKA,structural_other,0.7,22,4.7580986769649564e-14,4.7580986769649564e-14,4.7580986769649564e-14,4.7580986769649564e-14,4.7580986769649564e-14
40,7,linCmt,focei,bobyqa,TVQ,structural_other,1.8,22,0.5237841872488732,1.166021724182246,1.5050917551374665,2.736761619154827,4.5541409722185024
40,7,linCmt,focei,bobyqa,TVVp,structural_other,80,22,-0.47218775143428543,-0.20342891933830853,0.6794036479361587,1.7974509792762063,2.811241201152653
40,7,linCmt,focei,bobyqa,cov_VcCL,structural_other,0.02,22,-11.548105692064336,-9.254242271529261,48.03208012926715,54.07775913784025,81.44403571287306
40,7,linCmt,focei,bobyqa,var_CL,structural_other,0.1,22,-15.130830453817786,-16.266500723953474,15.85612725431923,27.159545538117065,40.266981938092144
40,7,linCmt,focei,bobyqa,var_Vc,structural_other,0.1,22,3.4914960637147665,1.5775304032068898,17.722916851259757,30.2786023663833,40.14204220339693
40,7,ode,focei,bobyqa,CLcrCL,covariate_beta,0.5,24,1.6809313424235195,4.277610980892871,12.470544420144215,18.399540217689754,31.568515001684617
40,7,ode,focei,bobyqa,VcBW,covariate_beta,1,24,2.0020707114947744,4.276214712118651,13.81810494249452,19.767274832970415,32.73559247772828
40,7,ode,focei,bobyqa,TVCL,structural_intercept,0.6,24,-1.747956071047228,-0.6291381762199652,4.387674708842336,6.152852221519891,10.617018180945147
40,7,ode,focei,bobyqa,TVVc,structural_intercept,20,24,-0.30747094920815066,0.014182579697208429,2.868233809645302,5.447156881530414,8.45083098886129
40,7,ode,focei,bobyqa,ResErr,structural_other,0.1,24,-4.762709813809385,-3.1567653799481956,7.016814043093671,7.719494502084125,11.619168794585837
40,7,ode,focei,bobyqa,TVKA,structural_other,0.7,24,4.7580986769649564e-14,4.7580986769649564e-14,4.7580986769649564e-14,4.7580986769649564e-14,4.7580986769649564e-14
40,7,ode,focei,bobyqa,TVQ,structural_other,1.8,24,0.49010432002860593,1.247001538454727,1.4932143734492982,2.836839104261907,5.12440891877952
40,7,ode,focei,bobyqa,TVVp,structural_other,80,24,-0.45228627579719566,-0.08291556448092467,0.6897857459084111,1.8167426511601394,2.9511004841414614
40,7,ode,focei,bobyqa,cov_VcCL,structural_other,0.02,24,-0.8275037553597243,-8.447635697835835,55.37641824880324,58.2372344691413,86.03547553902578
40,7,ode,focei,bobyqa,var_CL,structural_other,0.1,24,-13.489215405186647,-14.769000523277793,15.318965894399724,26.10078397518999,39.73411452241959
40,7,ode,focei,bobyqa,var_Vc,structural_other,0.1,24,4.198542777909299,1.504731661156518,19.223112685116227,38.49750483454116,73.09738421874796
40,8,linCmt,focei,bobyqa,CLcrCL,covariate_beta,0.5,23,14.51921967172538,13.203972901990275,18.17106396923247,28.295793697856936,42.61004910589298
40,8,linCmt,focei,bobyqa,VcBW,covariate_beta,1,23,17.335101791862574,7.430858111311364,19.116656287430487,21.84162689677526,28.919649334169474
40,8,linCmt,focei,bobyqa,VcSEX,covariate_beta,0.4054651081081644,23,8.862671914671727,12.940329141529116,14.40321191551284,23.661737001781564,43.2926744717987
40,8,linCmt,focei,bobyqa,TVCL,structural_intercept,0.6,23,1.6563018944685446,0.8890986358119003,4.157307580710183,5.116466546843238,7.486161850950077
40,8,linCmt,focei,bobyqa,TVVc,structural_intercept,20,23,-3.98501403669945,-2.1536145115035943,5.888402637676009,7.949704823865046,10.708958416973672
40,8,linCmt,focei,bobyqa,ResErr,structural_other,0.1,23,-0.18640143918297047,-1.1461558577893567,2.2446786477268583,4.979708376448295,8.544391965253364
40,8,linCmt,focei,bobyqa,TVKA,structural_other,0.7,23,4.7580986769649564e-14,4.7580986769649564e-14,4.7580986769649564e-14,4.7580986769649564e-14,4.7580986769649564e-14
40,8,linCmt,focei,bobyqa,TVQ,structural_other,1.8,23,1.1160283714476784,1.907204974954651,2.035038050397447,3.530423550909381,5.875738345135657
40,8,linCmt,focei,bobyqa,TVVp,structural_other,80,23,0.459031179946443,0.30423195913941903,1.1313672690774013,1.506605059682433,2.2091068958212325
40,8,linCmt,focei,bobyqa,cov_VcCL,structural_other,0.02,23,-8.468480861942867,-9.350288458340087,38.98936797696659,43.765180178469244,64.21203836638503
40,8,linCmt,focei,bobyqa,var_CL,structural_other,0.1,23,-3.4675704767979654,-0.6630415215359441,13.197214452028566,18.79830851346515,31.625133264591
40,8,linCmt,focei,bobyqa,var_Vc,structural_other,0.1,23,-16.21186055568874,-15.687956833846389,20.487824170979565,27.503920802677705,44.30665346949164
40,8,ode,focei,bobyqa,CLcrCL,covariate_beta,0.5,23,14.152225768530435,12.45884476007933,18.159638437300853,28.27146726879992,42.393929866535046
40,8,ode,focei,bobyqa,VcBW,covariate_beta,1,23,17.195646139356203,8.853984444812532,19.226097440658073,21.47023711503447,28.28062098004349
40,8,ode,focei,bobyqa,VcSEX,covariate_beta,0.4054651081081644,23,16.448099009677875,14.71426072935052,16.48061231963346,24.224471401853933,43.22164173507026
40,8,ode,focei,bobyqa,TVCL,structural_intercept,0.6,23,1.2090138656634664,0.7652743058727379,4.152791029483849,5.050520494826237,7.4811264656545635
40,8,ode,focei,bobyqa,TVVc,structural_intercept,20,23,-5.4977210492953255,-2.710750987119034,6.100056087484997,7.964870452316054,10.774742941137092
40,8,ode,focei,bobyqa,ResErr,structural_other,0.1,23,-0.41625249936406983,-0.9744052630354516,2.1415168545807632,5.2596790419312045,9.147960737809985
40,8,ode,focei,bobyqa,TVKA,structural_other,0.7,23,4.7580986769649564e-14,4.7580986769649564e-14,4.7580986769649564e-14,4.7580986769649564e-14,4.7580986769649564e-14
40,8,ode,focei,bobyqa,TVQ,structural_other,1.8,23,1.0839706821441273,1.573473219561554,1.9096526884461544,3.3579545100538066,5.757625633136898
40,8,ode,focei,bobyqa,TVVp,structural_other,80,23,0.45518730860816703,0.2647413727893274,0.9982410019123122,1.4870199196970655,2.1990862896435743
40,8,ode,focei,bobyqa,cov_VcCL,structural_other,0.02,23,-11.415030198635797,-5.60070868448109,38.95489049153086,45.22253531012341,64.63732032799761
40,8,ode,focei,bobyqa,var_CL,structural_other,0.1,23,-3.440247059509252,-1.1062824860459608,12.769173599211758,18.680246912653068,31.30954120412327
40,8,ode,focei,bobyqa,var_Vc,structural_other,0.1,23,-15.18772085016637,-15.164832007274429,20.737997256632447,27.251082594098857,43.50927026115698
40,9,linCmt,focei,bobyqa,CLBW,covariate_beta,0.75,40,12.451898077206867,15.230218781598658,14.487684294550482,26.340979938857316,46.94958809777553
40,9,linCmt,focei,bobyqa,TVCL,structural_intercept,0.6,40,-1.1931047300259476,-0.7200959043145341,5.096041330778705,7.119519390625921,10.581788877371634
40,9,linCmt,focei,bobyqa,TVVc,structural_intercept,20,40,0.8846233336169719,0.8161580017859555,4.169599370932708,7.0149821123096325,11.230347135403122
40,9,linCmt,focei,bobyqa,ResErr,structural_other,0.1,40,0.08505565069590049,-1.0393274495083569,5.58610765074434,6.844702185371487,10.414686875711022
40,9,linCmt,focei,bobyqa,TVKA,structural_other,0.7,40,4.7580986769649564e-14,4.7580986769649564e-14,4.7580986769649564e-14,4.7580986769649564e-14,4.7580986769649564e-14
40,9,linCmt,focei,bobyqa,TVQ,structural_other,1.8,40,2.0917668467714132,2.3239964639091455,2.096389937671879,3.2768789954982043,4.744942549049211
40,9,linCmt,focei,bobyqa,TVVp,structural_other,80,40,0.3877435322278622,0.46199841988691004,1.007374390410991,1.4511799478411858,2.3311009201475437
40,9,linCmt,focei,bobyqa,cov_VcCL,structural_other,0.02,40,-21.118059171639477,-16.162279263570944,30.414859992547292,52.875268279321006,74.0169152631126
40,9,linCmt,focei,bobyqa,var_CL,structural_other,0.1,40,-7.315862266535508,-4.914924552346658,16.188899145152558,22.86657193128164,37.12256386644054
40,9,linCmt,focei,bobyqa,var_Vc,structural_other,0.1,40,-3.886258911680755,-9.013201071304895,20.654380643493578,35.22141126100041,59.90982871284592
40,9,ode,focei,bobyqa,CLBW,covariate_beta,0.75,39,13.509284934762503,15.294863771210682,14.206115517539667,26.623463673388,47.084463953148614
40,9,ode,focei,bobyqa,TVCL,structural_intercept,0.6,39,-1.298040440777341,-0.4436562959204935,5.355834930564056,7.737462016289369,10.835791259730808
40,9,ode,focei,bobyqa,TVVc,structural_intercept,20,39,0.7045549488485392,0.5999219083970099,5.055237812300941,7.2175570736859544,11.315951618764792
40,9,ode,focei,bobyqa,ResErr,structural_other,0.1,39,0.5624059953380778,-0.8786660586367352,5.196242951857847,6.84566171742686,10.489062216093306
40,9,ode,focei,bobyqa,TVKA,structural_other,0.7,39,4.7580986769649564e-14,4.7580986769649564e-14,4.7580986769649564e-14,4.7580986769649564e-14,4.7580986769649564e-14
40,9,ode,focei,bobyqa,TVQ,structural_other,1.8,39,1.9968653691991116,2.2381287016747375,2.0383920688160266,3.227094227287864,4.704677408131695
40,9,ode,focei,bobyqa,TVVp,structural_other,80,39,0.6096147443766675,0.4595550037460523,0.9250712075777301,1.447505918206152,2.367725936440889
40,9,ode,focei,bobyqa,cov_VcCL,structural_other,0.02,39,-16.410886654486724,-15.57492301583237,37.231655581311635,53.49624409198495,72.66035427283181
40,9,ode,focei,bobyqa,var_CL,structural_other,0.1,39,-8.762950063932879,-5.0134269458091865,17.323523843625967,23.24445291376413,37.00375359009883
40,9,ode,focei,bobyqa,var_Vc,structural_other,0.1,39,-2.066189100727353,-7.089386496498708,23.182284318754505,36.90820262766732,60.12639815840415
40,10,linCmt,focei,bobyqa,CLBW,covariate_beta,0.75,21,16.060608031551485,12.968346761360856,19.57649136125378,22.62685508026501,31.513724293645318
40,10,linCmt,focei,bobyqa,VcSEX,covariate_beta,0.4054651081081644,21,17.86242809418675,18.05435457733743,19.20078030051539,31.997767552741134,48.08031813386598
40,10,linCmt,focei,bobyqa,TVCL,structural_intercept,0.6,21,-7.68828133446949,-7.668530741656081,7.68828133446949,8.587766169381467,11.848504230865975
40,10,linCmt,focei,bobyqa,TVVc,structural_intercept,20,21,0.43114625031249076,-0.011266209442460507,7.487600166153392,9.76048751336356,12.703979251547198
40,10,linCmt,focei,bobyqa,ResErr,structural_other,0.1,21,-2.3230156175145513,-2.465978610079437,4.23098083058919,5.582161454593898,9.217639462001188
40,10,linCmt,focei,bobyqa,TVKA,structural_other,0.7,21,4.7580986769649564e-14,4.7580986769649564e-14,4.7580986769649564e-14,4.7580986769649564e-14,4.7580986769649564e-14
40,10,linCmt,focei,bobyqa,TVQ,structural_other,1.8,21,1.8800361347854282,1.8114392392418897,2.1830760415227046,2.8367038046130975,3.940710896770456
40,10,linCmt,focei,bobyqa,TVVp,structural_other,80,21,0.27277903263962955,0.25661093845260025,1.256098973942592,1.214135771224963,1.5004775878413312
40,10,linCmt,focei,bobyqa,cov_VcCL,structural_other,0.02,21,-18.103122515655894,-10.937980251231611,66.61901401799118,79.20787003091964,117.95767007634737
40,10,linCmt,focei,bobyqa,var_CL,structural_other,0.1,21,-6.643431857203272,-8.428849068030498,14.790594503589883,20.02407085562748,27.98851989477025
40,10,linCmt,focei,bobyqa,var_Vc,structural_other,0.1,21,-19.412418209251104,-17.745001260348516,24.243161226941577,30.092167248824353,46.24710815204894
40,10,ode,focei,bobyqa,CLBW,covariate_beta,0.75,20,12.82230594716772,11.198847955878762,19.123601492985625,20.530900155740063,30.437061719591746
40,10,ode,focei,bobyqa,VcSEX,covariate_beta,0.4054651081081644,20,6.852036686896774,15.567900992649347,16.832824239327817,30.80440924469586,50.781086355196706
40,10,ode,focei,bobyqa,TVCL,structural_intercept,0.6,20,-7.25589069202448,-7.396276623577896,7.25589069202448,8.327286253812561,11.305614475029055
40,10,ode,focei,bobyqa,TVVc,structural_intercept,20,20,0.9048935561640459,0.07462496024281208,7.488537519458571,10.068214920106318,13.29281948942587
40,10,ode,focei,bobyqa,ResErr,structural_other,0.1,20,-2.494507467382771,-2.351708468351563,4.199968511223839,5.85000902574271,9.414919545944311
40,10,ode,focei,bobyqa,TVKA,structural_other,0.7,20,4.7580986769649564e-14,4.7580986769649564e-14,4.7580986769649564e-14,4.7580986769649564e-14,4.7580986769649564e-14
40,10,ode,focei,bobyqa,TVQ,structural_other,1.8,20,1.7507835822376867,1.923123106730552,2.0833121200582325,3.076301608820554,4.858348609514242
40,10,ode,focei,bobyqa,TVVp,structural_other,80,20,0.6687082718206571,0.3648805246275826,1.2845812710836668,1.3983280378855445,1.6074547159310375
40,10,ode,focei,bobyqa,cov_VcCL,structural_other,0.02,20,-20.745444231017178,-12.643209401977193,65.44713284866862,71.00228108512647,105.83109653052382
40,10,ode,focei,bobyqa,var_CL,structural_other,0.1,20,-8.123604797990062,-10.410955021090707,13.620222856985276,19.41330216693855,27.6993524364822
40,10,ode,focei,bobyqa,var_Vc,structural_other,0.1,20,-13.823726921221233,-14.397299328708307,16.59288014338163,27.899322694959245,46.424754821682946
40,11,linCmt,focei,bobyqa,CLBW,covariate_beta,0.75,17,25.010978402771162,25.585938667442587,25.010978402771162,32.62311438437246,49.36982807365137
40,11,linCmt,focei,bobyqa,VcBW,covariate_beta,1,17,4.394103990110221,8.903003822116254,15.089392386131518,21.983092594252906,30.048693933326664
40,11,linCmt,focei,bobyqa,TVCL,structural_intercept,0.6,17,-10.499561188539527,-12.219765441894785,10.499561188539527,14.768921047662294,22.786191285983097
40,11,linCmt,focei,bobyqa,TVVc,structural_intercept,20,17,-6.614113484291995,-10.146628324658948,7.478813375964943,12.921811499078114,18.030855182559787
40,11,linCmt,focei,bobyqa,ResErr,structural_other,0.1,17,-1.8348109236555192,1.0672904225288078,5.401113549422298,7.792291607075162,12.286029740301021
40,11,linCmt,focei,bobyqa,TVKA,structural_other,0.7,17,4.7580986769649564e-14,4.7580986769649564e-14,4.7580986769649564e-14,4.7580986769649564e-14,4.7580986769649564e-14
40,11,linCmt,focei,bobyqa,TVQ,structural_other,1.8,17,1.871421431832597,1.7379035211307008,2.26174907208174,3.013384931513625,5.177277885575872
40,11,linCmt,focei,bobyqa,TVVp,structural_other,80,17,0.8261082300298382,1.0550298529951367,1.0020246587073167,1.7650543166745798,2.5727377736489783
40,11,linCmt,focei,bobyqa,cov_VcCL,structural_other,0.02,17,-46.04887959800716,-38.28197345059961,49.79403776096255,66.24133242588317,95.31179276344612
40,11,linCmt,focei,bobyqa,var_CL,structural_other,0.1,17,-5.9093629836284025,-8.108695689149197,12.926740336212674,19.927738347128614,35.35379459118307
40,11,linCmt,focei,bobyqa,var_Vc,structural_other,0.1,17,-17.380295218392057,-24.419748673842676,17.380295218392057,32.26900436376626,50.74140096929148
40,11,ode,focei,bobyqa,CLBW,covariate_beta,0.75,16,19.612145681697,21.131862430871582,20.71018690147819,31.37942027090041,49.416869159656954
40,11,ode,focei,bobyqa,VcBW,covariate_beta,1,16,4.75187297807177,10.396649356379006,17.5943475629037,24.263336665488858,39.461880419221586
40,11,ode,focei,bobyqa,TVCL,structural_intercept,0.6,16,-10.682838710384882,-10.531382779544625,10.724522477336027,13.69883464045005,20.93371547440835
40,11,ode,focei,bobyqa,TVVc,structural_intercept,20,16,-13.069890225909244,-11.38345739699697,13.069890225909244,14.17817596820828,21.779999704586555
40,11,ode,focei,bobyqa,ResErr,structural_other,0.1,16,-3.421916643771346,-0.36671326216161126,9.4091770639853,8.804854615003446,12.486067483919921
40,11,ode,focei,bobyqa,TVKA,structural_other,0.7,16,4.7580986769649564e-14,4.7580986769649564e-14,4.7580986769649564e-14,4.7580986769649564e-14,4.7580986769649564e-14
40,11,ode,focei,bobyqa,TVQ,structural_other,1.8,16,0.9438866781447798,1.6072347156868498,1.6856427062858073,2.994675730021781,5.332908869142832
40,11,ode,focei,bobyqa,TVVp,structural_other,80,16,0.8971461317880713,1.0400964539900859,0.9047978018396207,1.701520429533156,2.635840103547098
40,11,ode,focei,bobyqa,cov_VcCL,structural_other,0.02,16,-23.963394284658396,-16.557183954976736,36.67292708502667,59.64477963699609,94.99437662882619
40,11,ode,focei,bobyqa,var_CL,structural_other,0.1,16,-10.13083762532733,-9.36670665703849,11.357277011451554,19.779645099020915,35.036148341078984
40,11,ode,focei,bobyqa,var_Vc,structural_other,0.1,16,-13.191087632090301,-13.28683515059157,26.321101296785027,35.37552136406603,54.772688615735376
40,12,linCmt,focei,bobyqa,CLBW,covariate_beta,0.75,12,1.9753307566767742,3.7603212038478633,9.681678064748764,17.53579062959149,31.859606079194368
40,12,linCmt,focei,bobyqa,VcBW,covariate_beta,1,12,11.653338474284991,11.174291410223205,14.855808483638555,20.32424169776805,29.245395223415
40,12,linCmt,focei,bobyqa,VcSEX,covariate_beta,0.4054651081081644,12,-3.919690550349688,11.556103846303001,20.988774781053735,30.825567838237834,48.335191111155765
40,12,linCmt,focei,bobyqa,TVCL,structural_intercept,0.6,12,-8.841093837199342,-7.705471216609433,8.841093837199342,9.504651071027888,14.095424436109107
40,12,linCmt,focei,bobyqa,TVVc,structural_intercept,20,12,-20.393102474704367,-17.1801263502381,20.393102474704367,19.61736528761085,25.676842611986338
40,12,linCmt,focei,bobyqa,ResErr,structural_other,0.1,12,1.6352679835602082,1.1952243876065782,3.0375026587669067,5.648967162718511,10.025330575269638
40,12,linCmt,focei,bobyqa,TVKA,structural_other,0.7,12,4.7580986769649564e-14,4.7580986769649564e-14,4.7580986769649564e-14,4.7580986769649564e-14,4.7580986769649564e-14
40,12,linCmt,focei,bobyqa,TVQ,structural_other,1.8,12,2.265358237614022,1.495840739157244,2.385096913808893,2.8181101180868877,4.065248618219118
40,12,linCmt,focei,bobyqa,TVVp,structural_other,80,12,0.19653778148194687,0.01751396272581772,1.6074948591118865,2.1492210695710217,3.6699486424806542
40,12,linCmt,focei,bobyqa,cov_VcCL,structural_other,0.02,12,-17.798638385151104,-19.895511655434632,51.41507102309818,65.909961137455,87.3057193305845
40,12,linCmt,focei,bobyqa,var_CL,structural_other,0.1,12,-3.4815898315837672,-9.045012585454957,7.550387534722571,22.077563281617284,24.291482718019413
40,12,linCmt,focei,bobyqa,var_Vc,structural_other,0.1,12,-15.799378036269967,-14.595821510602919,22.60053038311594,35.41258844488759,49.841897618802385
40,12,ode,focei,bobyqa,CLBW,covariate_beta,0.75,9,11.269005236018865,13.58800561776745,17.8500106435469,25.55214006865067,41.04485245451885
40,12,ode,focei,bobyqa,VcBW,covariate_beta,1,9,-3.216143921239656,3.744208272562219,10.473197980619952,16.792611526302572,29.167052115314128
40,12,ode,focei,bobyqa,VcSEX,covariate_beta,0.4054651081081644,9,-6.134493154153782,-4.197788394649701,7.090598911036761,14.373552106730584,26.551798769968393
40,12,ode,focei,bobyqa,TVCL,structural_intercept,0.6,9,-7.246212875978839,-9.150918423059704,7.246212875978839,11.156072471126535,14.319364856780565
40,12,ode,focei,bobyqa,TVVc,structural_intercept,20,9,-14.368982825883805,-12.276017513773189,14.368982825883805,15.306707565807809,22.01069741216798
40,12,ode,focei,bobyqa,ResErr,structural_other,0.1,9,2.3281950657460806,4.063439256203267,7.863341976072399,10.636786215068398,15.98281616988612
40,12,ode,focei,bobyqa,TVKA,structural_other,0.7,9,4.7580986769649564e-14,4.7580986769649564e-14,4.7580986769649564e-14,4.7580986769649564e-14,4.7580986769649564e-14
40,12,ode,focei,bobyqa,TVQ,structural_other,1.8,9,2.4686929573988334,2.131079490926281,2.4686929573988334,2.729869995267206,3.864708161551532
40,12,ode,focei,bobyqa,TVVp,structural_other,80,9,0.576056702074883,0.21013431068185734,1.1815063871217646,1.306050173393445,1.6478007009284674
40,12,ode,focei,bobyqa,cov_VcCL,structural_other,0.02,9,46.149106097304205,45.03292085916091,46.149106097304205,57.12953221903627,79.83529370268153
40,12,ode,focei,bobyqa,var_CL,structural_other,0.1,9,-12.191942051670749,-7.390176788887634,17.154814598280943,20.901743534479582,28.38599707908182
40,12,ode,focei,bobyqa,var_Vc,structural_other,0.1,9,-22.32232187557197,-5.995478156620498,24.674932241885188,32.28864620878027,43.996466025924576
40,13,linCmt,focei,bobyqa,CLBW,covariate_beta,0.75,13,-2.4793911291936714,4.853017243987388,6.946898763750697,18.672013264767894,32.229898788505764
40,13,linCmt,focei,bobyqa,CLcrCL,covariate_beta,0.5,13,12.975253652264684,17.427180394742418,16.719800040487122,31.736046974388316,52.359097340783144
40,13,linCmt,focei,bobyqa,TVCL,structural_intercept,0.6,13,-11.860683255525528,-9.069769455423433,12.915555832979672,15.485598638562273,21.927628159881458
40,13,linCmt,focei,bobyqa,TVVc,structural_intercept,20,13,1.8780638151523552,1.0404285461186793,5.951593055356383,6.7981742335232616,10.278355369238042
40,13,linCmt,focei,bobyqa,ResErr,structural_other,0.1,13,2.2049809798605073,0.6043845055741215,4.382176676535787,7.919093697557165,14.876433007699443
40,13,linCmt,focei,bobyqa,TVKA,structural_other,0.7,13,4.7580986769649564e-14,4.7580986769649564e-14,4.7580986769649564e-14,4.7580986769649564e-14,4.7580986769649564e-14
40,13,linCmt,focei,bobyqa,TVQ,structural_other,1.8,13,1.75435648853116,1.5596322559374909,1.9475204943219588,2.537511398638395,3.6244010511801443
40,13,linCmt,focei,bobyqa,TVVp,structural_other,80,13,0.5525388141807497,0.6819863305129572,0.6712970882404612,1.247787744970662,2.1391755181102146
40,13,linCmt,focei,bobyqa,cov_VcCL,structural_other,0.02,13,24.27741113024748,16.57031830385408,44.24368612530775,59.5070605254189,90.37376114719812
40,13,linCmt,focei,bobyqa,var_CL,structural_other,0.1,13,-13.028555345917653,-12.713923218031283,21.527388591708092,28.284635916065458,43.14457255125708
40,13,linCmt,focei,bobyqa,var_Vc,structural_other,0.1,13,-4.483070249296631,4.20107793557855,14.081584212283268,39.02595041133827,51.34385053453371
40,13,ode,focei,bobyqa,CLBW,covariate_beta,0.75,13,-2.5509824718066136,5.9090051052690065,11.684342201151354,19.425337370475226,33.23972190778145
40,13,ode,focei,bobyqa,CLcrCL,covariate_beta,0.5,13,4.3832439247856625,15.13418394632865,8.416292145193305,27.708917203026402,51.318742584077114
40,13,ode,focei,bobyqa,TVCL,structural_intercept,0.6,13,-8.688053501428964,-10.29874392026866,12.682125889793339,16.40543716099418,27.658989661673814
40,13,ode,focei,bobyqa,TVVc,structural_intercept,20,13,1.8661065286047318,0.9071198027200248,4.061836297973329,6.773497770840475,10.420731270000493
40,13,ode,focei,bobyqa,ResErr,structural_other,0.1,13,-2.0290909822151955,-4.067573112416379,5.54834012512391,9.46108551106066,17.162934762347895
40,13,ode,focei,bobyqa,TVKA,structural_other,0.7,13,4.7580986769649564e-14,4.7580986769649564e-14,4.7580986769649564e-14,4.7580986769649564e-14,4.7580986769649564e-14
40,13,ode,focei,bobyqa,TVQ,structural_other,1.8,13,1.5415545016157988,1.374189622260557,1.656400684266843,2.380885699901253,3.580047053613653
40,13,ode,focei,bobyqa,TVVp,structural_other,80,13,0.3511890776422,0.36183011805605203,0.5410396961453579,1.0898041035902717,1.4383993650882412
40,13,ode,focei,bobyqa,cov_VcCL,structural_other,0.02,13,-12.57817104727856,9.64797414770187,38.99085256683952,55.28954460741623,71.14728295149469
40,13,ode,focei,bobyqa,var_CL,structural_other,0.1,13,-24.88179621913421,-16.79321819317249,31.54986235425762,31.878360102182455,46.24277049515495
40,13,ode,focei,bobyqa,var_Vc,structural_other,0.1,13,10.840890529214608,18.192555156415537,25.658484814914367,43.686954810034116,60.489387757884
40,14,linCmt,focei,bobyqa,CLBW,covariate_beta,0.75,13,3.939429362615613,9.217369327417622,11.368522604320901,21.37634662445464,31.302511304687442
40,14,linCmt,focei,bobyqa,CLcrCL,covariate_beta,0.5,13,7.9188466157611215,6.526608968166868,24.785691141353215,22.50564825835555,32.574960694712075
40,14,linCmt,focei,bobyqa,VcSEX,covariate_beta,0.4054651081081644,13,-3.7022001101814013,3.9095266885504283,8.163376767152826,16.081376722820632,26.396194119046484
40,14,linCmt,focei,bobyqa,TVCL,structural_intercept,0.6,13,-13.230177239391406,-13.127690381811627,13.230177239391406,16.424238308905625,24.736891533779232
40,14,linCmt,focei,bobyqa,TVVc,structural_intercept,20,13,0.602865173563849,0.9054183725762199,6.455836193242543,7.373812767944865,12.28560040001478
40,14,linCmt,focei,bobyqa,ResErr,structural_other,0.1,13,3.241511608445574,0.3616233107490163,6.207270632620706,8.434650254751771,12.101434421614702
40,14,linCmt,focei,bobyqa,TVKA,structural_other,0.7,13,4.7580986769649564e-14,4.7580986769649564e-14,4.7580986769649564e-14,4.7580986769649564e-14,4.7580986769649564e-14
40,14,linCmt,focei,bobyqa,TVQ,structural_other,1.8,13,0.7768148761018662,1.6592417707838227,2.0564144643777276,3.111515409412342,4.760652023404812
40,14,linCmt,focei,bobyqa,TVVp,structural_other,80,13,1.2281365663520027,1.3163216036658663,1.7053134827559724,2.4022046388601117,3.132980157787276
40,14,linCmt,focei,bobyqa,cov_VcCL,structural_other,0.02,13,0.20629768896161457,-3.990263891786342,51.50625235625721,61.921110453401504,89.98668840886268
40,14,linCmt,focei,bobyqa,var_CL,structural_other,0.1,13,-17.525503193956904,-18.82932805709042,17.525503193956904,26.41033123788312,44.81019428603579
40,14,linCmt,focei,bobyqa,var_Vc,structural_other,0.1,13,-15.478068794621283,-9.851490626895206,21.17506849724893,32.99804590832798,59.514125533256255
40,14,ode,focei,bobyqa,CLBW,covariate_beta,0.75,13,0.88472473342082,3.769804538437676,7.885731928614185,14.282162182154778,26.652786364214755
40,14,ode,focei,bobyqa,CLcrCL,covariate_beta,0.5,13,15.162213650585986,8.325802069293559,24.88474614556302,23.461234816365813,31.956765960142793
40,14,ode,focei,bobyqa,VcSEX,covariate_beta,0.4054651081081644,13,-4.825175581789988,5.16098707220426,8.53790595706002,18.593286018936833,34.9767194427527
40,14,ode,focei,bobyqa,TVCL,structural_intercept,0.6,13,-13.192143563903322,-12.295265624977377,13.192143563903322,15.04783022699938,22.596947578162897
40,14,ode,focei,bobyqa,TVVc,structural_intercept,20,13,0.55682861465149,0.07959024978174345,6.644154184367519,8.30269075729336,12.858206800562364
40,14,ode,focei,bobyqa,ResErr,structural_other,0.1,13,1.461314585746304,0.04058906079479234,5.896968898365898,8.3083273691013,12.027906739410524
40,14,ode,focei,bobyqa,TVKA,structural_other,0.7,13,4.7580986769649564e-14,4.7580986769649564e-14,4.7580986769649564e-14,4.7580986769649564e-14,4.7580986769649564e-14
40,14,ode,focei,bobyqa,TVQ,structural_other,1.8,13,0.7469172582345399,1.2791236387735827,1.818590858937356,2.671084253239871,4.492548751712801
40,14,ode,focei,bobyqa,TVVp,structural_other,80,13,0.0773491658370773,1.0140048972115026,1.2100081153034026,2.234622397520099,3.037496951286414
40,14,ode,focei,bobyqa,cov_VcCL,structural_other,0.02,13,-15.015257187609624,-9.624707345196423,57.071420116103596,59.714612753397155,86.94231679890697
40,14,ode,focei,bobyqa,var_CL,structural_other,0.1,13,-18.114589993470155,-18.954636585360998,18.114589993470155,26.303802680059157,44.584476619093
40,14,ode,focei,bobyqa,var_Vc,structural_other,0.1,13,-15.33847368961612,-7.41460484064419,21.69886223133166,32.99325309774953,59.39167183684842
40,15,linCmt,focei,bobyqa,CLBW,covariate_beta,0.75,5,25.15886607536076,19.43470941583615,25.15886607536076,23.098361038835556,31.103040487018614
40,15,linCmt,focei,bobyqa,CLcrCL,covariate_beta,0.5,5,13.34488381769443,5.249960582935915,17.63364142834345,16.10979241873009,20.426589960520886
40,15,linCmt,focei,bobyqa,VcBW,covariate_beta,1,5,10.059675759827869,20.30662068514763,19.52695493504161,35.748584598229144,54.41286373945321
40,15,linCmt,focei,bobyqa,TVCL,structural_intercept,0.6,5,-10.994620487711067,-10.30284169295411,10.994620487711067,10.982964772671744,14.226040320427828
40,15,linCmt,focei,bobyqa,TVVc,structural_intercept,20,5,-3.913199216430137,-13.217514588074197,3.913199216430137,19.0034754331739,30.399046605111547
40,15,linCmt,focei,bobyqa,ResErr,structural_other,0.1,5,-1.8900540649156305,0.7232004820671462,5.853964211051374,7.373396542350402,10.648791714112889
40,15,linCmt,focei,bobyqa,TVKA,structural_other,0.7,5,4.7580986769649564e-14,4.7580986769649564e-14,4.7580986769649564e-14,4.7580986769649564e-14,4.7580986769649564e-14
40,15,linCmt,focei,bobyqa,TVQ,structural_other,1.8,5,0.27805822782091105,1.1371553310554778,1.9919914453391623,3.0140082643477872,4.5376780850705405
40,15,linCmt,focei,bobyqa,TVVp,structural_other,80,5,0.9624469459565789,0.8480656626382094,0.9624469459565789,1.3011072141516382,1.8853567665397575
40,15,linCmt,focei,bobyqa,cov_VcCL,structural_other,0.02,5,5.482558663194425,-19.223938663792584,15.296279389907033,69.91008011887826,106.83958461563965
40,15,linCmt,focei,bobyqa,var_CL,structural_other,0.1,5,-20.183958200774732,-16.49811857105873,20.183958200774732,20.662461065186903,29.311134820134804
40,15,linCmt,focei,bobyqa,var_Vc,structural_other,0.1,5,9.022157363169955,-5.547065839692414,15.220273160827553,23.629531080635115,34.452849733796775
40,15,ode,focei,bobyqa,CLBW,covariate_beta,0.75,3,9.62396928824713,10.805074260796141,9.62396928824713,18.202654172623305,25.370772052522327
40,15,ode,focei,bobyqa,CLcrCL,covariate_beta,0.5,3,18.648210353635108,6.905596191803835,21.574634969210372,21.387084525031685,23.229497546631485
40,15,ode,focei,bobyqa,VcBW,covariate_beta,1,3,9.672228910522861,11.232883140448331,9.672228910522861,18.13747471469706,25.455786947845382
40,15,ode,focei,bobyqa,TVCL,structural_intercept,0.6,3,-8.218810337484895,-7.192388164165115,8.218810337484895,8.509101146032707,11.385021444469619
40,15,ode,focei,bobyqa,TVVc,structural_intercept,20,3,-17.377390909660022,-13.593366220794856,17.377390909660022,15.685959886132004,20.043911592058848
40,15,ode,focei,bobyqa,ResErr,structural_other,0.1,3,-3.94295800977848,-3.668737201879999,3.94295800977848,3.980293829182191,5.114455425890546
40,15,ode,focei,bobyqa,TVKA,structural_other,0.7,3,4.7580986769649564e-14,4.7580986769649564e-14,4.7580986769649564e-14,4.7580986769649564e-14,4.7580986769649564e-14
40,15,ode,focei,bobyqa,TVQ,structural_other,1.8,3,0.30026851428983153,-0.06363351905423496,0.7148551180519035,0.8277828552119744,1.1077903752139326
40,15,ode,focei,bobyqa,TVVp,structural_other,80,3,-0.21636094809863948,-0.0019669647183147435,0.7471229500902332,0.7122663294087678,0.9154909932451895
40,15,ode,focei,bobyqa,cov_VcCL,structural_other,0.02,3,29.51231710942134,42.06214490151072,29.51231710942134,47.90432121756875,65.2838663981146
40,15,ode,focei,bobyqa,var_CL,structural_other,0.1,3,-19.003573818433136,-20.661542804140414,19.003573818433136,21.684507880525782,27.33871272789919
40,15,ode,focei,bobyqa,var_Vc,structural_other,0.1,3,6.355289411734702,-2.267242890452932,15.195664219212118,18.931213276010816,25.72127868568691
40,16,linCmt,focei,bobyqa,CLBW,covariate_beta,0.75,4,8.969489438264572,6.936672762909724,12.666892940400878,13.621061661260745,18.55539743223253
40,16,linCmt,focei,bobyqa,CLcrCL,covariate_beta,0.5,4,5.863341689382173,5.33362018631254,5.863341689382173,7.31526475907313,10.42845345066065
40,16,linCmt,focei,bobyqa,VcBW,covariate_beta,1,4,2.5575432328805547,-0.759091899601963,4.770423116580047,7.9525928155750965,11.752398458685418
40,16,linCmt,focei,bobyqa,VcSEX,covariate_beta,0.4054651081081644,4,4.9605264245410075,10.065441642052383,16.03915122220571,26.40425615169228,38.29101428560427
40,16,linCmt,focei,bobyqa,TVCL,structural_intercept,0.6,4,-15.898725145538872,-14.838771678394064,15.898725145538872,15.356390096962958,18.499756888019707
40,16,linCmt,focei,bobyqa,TVVc,structural_intercept,20,4,-14.624159759560735,-13.735597645194328,14.624159759560735,15.505889397960063,20.815151638820897
40,16,linCmt,focei,bobyqa,ResErr,structural_other,0.1,4,-0.4383845901405059,0.4345039270200607,2.1281042489583597,2.8973566919791347,4.022041053489104
40,16,linCmt,focei,bobyqa,TVKA,structural_other,0.7,4,4.7580986769649564e-14,4.7580986769649564e-14,4.7580986769649564e-14,4.7580986769649564e-14,4.7580986769649564e-14
40,16,linCmt,focei,bobyqa,TVQ,structural_other,1.8,4,5.074720778445439,4.911631171762928,5.074720778445439,5.391650133602903,7.143745692371531
40,16,linCmt,focei,bobyqa,TVVp,structural_other,80,4,1.8016278717921885,1.7876742297229817,1.8016278717921885,2.0829062999915293,2.9254325653903965
40,16,linCmt,focei,bobyqa,cov_VcCL,structural_other,0.02,4,-25.768737112894442,-20.44835864653668,32.121663267054664,34.9901310500292,48.20846094469242
40,16,linCmt,focei,bobyqa,var_CL,structural_other,0.1,4,-12.867046645978277,-12.712716873232377,12.867046645978277,13.09993219195108,16.041489675108824
40,16,linCmt,focei,bobyqa,var_Vc,structural_other,0.1,4,-30.58961264466674,-30.77631342556588,30.58961264466674,41.60192804020437,60.306344880399585
40,16,ode,focei,bobyqa,CLBW,covariate_beta,0.75,4,9.286387856434564,7.598478355752931,12.989385617976252,14.317146273561931,19.858015859132276
40,16,ode,focei,bobyqa,CLcrCL,covariate_beta,0.5,4,4.55996498655995,4.258712476816437,4.924739835618958,6.470347998405393,9.36321463507732
40,16,ode,focei,bobyqa,VcBW,covariate_beta,1,4,3.205569721643653,-0.8364820585023247,4.439912961663417,7.851946279074119,11.323517423825846
40,16,ode,focei,bobyqa,VcSEX,covariate_beta,0.4054651081081644,4,3.927732341521583,9.385640992922717,16.071823000977716,26.45340344477191,38.34714163387945
40,16,ode,focei,bobyqa,TVCL,structural_intercept,0.6,4,-15.907507440097687,-14.84476742510801,15.907507440097687,15.319865535109928,18.32698807983473
40,16,ode,focei,bobyqa,TVVc,structural_intercept,20,4,-14.5362885379238,-13.553694183190808,14.5362885379238,15.283092855293907,20.45112781072014
40,16,ode,focei,bobyqa,ResErr,structural_other,0.1,4,-0.5082453752948481,0.4675223571300319,2.069684099873084,2.944737676306818,4.145717699730427
40,16,ode,focei,bobyqa,TVKA,structural_other,0.7,4,4.7580986769649564e-14,4.7580986769649564e-14,4.7580986769649564e-14,4.7580986769649564e-14,4.7580986769649564e-14
40,16,ode,focei,bobyqa,TVQ,structural_other,1.8,4,5.092740683274841,4.927692844627842,5.092740683274841,5.417189937456461,7.192084024319096
40,16,ode,focei,bobyqa,TVVp,structural_other,80,4,1.81580282166232,1.7858040287641197,1.81580282166232,2.0849865259033127,2.926276879631656
40,16,ode,focei,bobyqa,cov_VcCL,structural_other,0.02,4,-14.919901805726257,-3.8571785416109075,27.013178387469907,30.93090661026477,42.86851727323015
40,16,ode,focei,bobyqa,var_CL,structural_other,0.1,4,-12.526045332183594,-11.762143148340275,12.526045332183594,12.104469967930319,14.406327191754517
40,16,ode,focei,bobyqa,var_Vc,structural_other,0.1,4,-31.84623025375693,-31.14977198940061,31.84623025375693,41.78991082691282,60.15413044412375
80,1,linCmt,focei,bobyqa,TVCL,structural_intercept,0.6,90,0.08400840880117463,0.7579514225638664,2.696988662174003,3.8038245192594515,6.526945884548951
80,1,linCmt,focei,bobyqa,TVVc,structural_intercept,20,90,2.696428377322339,2.362131672768793,4.452096621846921,5.850649850190723,8.604730151136627
80,1,linCmt,focei,bobyqa,ResErr,structural_other,0.1,90,1.4365760472286744,1.3118747682517715,3.0696166916015093,4.314265106193237,6.535872397648376
80,1,linCmt,focei,bobyqa,TVKA,structural_other,0.7,90,0,0,0,0,0
80,1,linCmt,focei,bobyqa,TVQ,structural_other,1.8,90,2.010155283019362,2.251746115555438,2.010155283019362,2.6816923528844963,4.32315295000204
80,1,linCmt,focei,bobyqa,TVVp,structural_other,80,90,0.5597893808103827,0.47658968423819675,0.8788994986544553,1.2241151162170691,1.9002516477133362
80,1,linCmt,focei,bobyqa,cov_VcCL,structural_other,0.02,90,-5.598530115508349,-2.7989629625043846,32.56241242419061,47.093575803483176,79.09538185128548
80,1,linCmt,focei,bobyqa,var_CL,structural_other,0.1,90,-0.9921775481095685,-0.5339378480281357,10.106387224983013,14.885650185299252,23.916201330540805
80,1,linCmt,focei,bobyqa,var_Vc,structural_other,0.1,90,-7.990379666362083,-7.979393562145373,20.976002492416683,26.70611693611772,43.59502165406771
80,1,ode,focei,bobyqa,TVCL,structural_intercept,0.6,90,0.04304131715088255,0.7218334859797232,2.6835142150641405,3.7852251782418675,6.571915621318521
80,1,ode,focei,bobyqa,TVVc,structural_intercept,20,90,2.5195096666349404,2.2903328031553785,4.429061470206994,5.815313441366587,8.513038684699309
80,1,ode,focei,bobyqa,ResErr,structural_other,0.1,90,1.3273971417899348,1.1695738208864896,2.965805503204487,4.268561454040181,6.496741226640629
80,1,ode,focei,bobyqa,TVKA,structural_other,0.7,90,0,0,0,0,0
80,1,ode,focei,bobyqa,TVQ,structural_other,1.8,90,1.9904909762581782,2.2134577180556616,1.9904909762581782,2.649902073643596,4.286371745667474
80,1,ode,focei,bobyqa,TVVp,structural_other,80,90,0.5449053253335912,0.4631915158214996,0.8620449543074926,1.219545031364039,1.918280146940507
80,1,ode,focei,bobyqa,cov_VcCL,structural_other,0.02,90,-8.553552933566422,-2.9845535850740568,27.84347560358732,46.8327065273903,79.27078873246542
80,1,ode,focei,bobyqa,var_CL,structural_other,0.1,90,-1.1654021511117718,-0.5106977701708031,10.348472592443043,14.824194661976179,24.171689284521186
80,1,ode,focei,bobyqa,var_Vc,structural_other,0.1,90,-7.904959012598897,-6.823413154995563,20.704889397819564,26.718624417119845,43.59978617905463
80,2,linCmt,focei,bobyqa,VcSEX,covariate_beta,0.4054651081081644,86,-3.680640469885384,-1.3504295831488973,12.842113550477045,20.46855737570665,32.04198629497199
80,2,linCmt,focei,bobyqa,TVCL,structural_intercept,0.6,86,0.8664336870450966,1.3312217198417828,2.5698965538904868,3.856674108040058,6.711433955651095
80,2,linCmt,focei,bobyqa,TVVc,structural_intercept,20,86,1.5615993351684045,2.0333384515203257,4.561309225585646,6.77664390987246,10.503145326902636
80,2,linCmt,focei,bobyqa,ResErr,structural_other,0.1,86,-1.6428953813471745,-1.2160312962390722,3.7113474086184692,4.879631434044764,7.694845435813641
80,2,linCmt,focei,bobyqa,TVKA,structural_other,0.7,86,4.7580986769649564e-14,4.7580986769649564e-14,4.7580986769649564e-14,4.7580986769649564e-14,4.7580986769649564e-14
80,2,linCmt,focei,bobyqa,TVQ,structural_other,1.8,86,1.5943759140971927,1.5964378133994106,1.797782765206732,2.304337748218457,3.754873031425564
80,2,linCmt,focei,bobyqa,TVVp,structural_other,80,86,0.34545603951957377,0.3782199850534297,0.9069038927639727,1.2119639768285981,1.9011087428299867
80,2,linCmt,focei,bobyqa,cov_VcCL,structural_other,0.02,86,-2.0274648494162437,-2.706780296036699,30.713384772048517,41.267692375079434,62.369905472074294
80,2,linCmt,focei,bobyqa,var_CL,structural_other,0.1,86,-3.752098665218542,-1.4362659706756697,11.63702363642257,15.511978975409399,24.121047514589854
80,2,linCmt,focei,bobyqa,var_Vc,structural_other,0.1,86,-3.4613372511881346,-2.310418384489812,17.317626196851023,24.92674168512671,41.28576190138803
80,2,ode,focei,bobyqa,VcSEX,covariate_beta,0.4054651081081644,86,-3.9312436082607136,-1.184555824914408,12.618895438795874,20.43863748532466,31.863127547527565
80,2,ode,focei,bobyqa,TVCL,structural_intercept,0.6,86,0.8576981864908961,1.3018679408866043,2.576404632867818,3.844491441225146,6.723896450790921
80,2,ode,focei,bobyqa,TVVc,structural_intercept,20,86,1.5597949144186707,1.933681783034684,4.538313306374322,6.695642829110632,10.557239562247842
80,2,ode,focei,bobyqa,ResErr,structural_other,0.1,86,-1.745610683511492,-1.3006213509287352,3.5378215596018543,4.891925033195832,7.764714408935065
80,2,ode,focei,bobyqa,TVKA,structural_other,0.7,86,4.7580986769649564e-14,4.7580986769649564e-14,4.7580986769649564e-14,4.7580986769649564e-14,4.7580986769649564e-14
80,2,ode,focei,bobyqa,TVQ,structural_other,1.8,86,1.5545836814097047,1.5705448500688324,1.8003035510005692,2.290046738906465,3.7554389958241634
80,2,ode,focei,bobyqa,TVVp,structural_other,80,86,0.3425066024121559,0.3721775117514759,0.9066258337958201,1.2125611510454046,1.9068883637660505
80,2,ode,focei,bobyqa,cov_VcCL,structural_other,0.02,86,-5.169171347699855,-4.37823494998384,29.596837072615077,41.561453185761756,63.0657827143992
80,2,ode,focei,bobyqa,var_CL,structural_other,0.1,86,-3.937450289808263,-1.4895041631455224,11.531823276609579,15.527528382409525,23.932093555366624
80,2,ode,focei,bobyqa,var_Vc,structural_other,0.1,86,-3.83719105159748,-1.6587877959184039,16.765874248014878,24.9949555037073,40.8302678007028
80,3,linCmt,focei,bobyqa,VcBW,covariate_beta,1,65,6.278174746210197,5.381663798151916,14.515384624418637,18.859793616421904,27.72067679304912
80,3,linCmt,focei,bobyqa,TVCL,structural_intercept,0.6,65,0.9926700477072744,0.9150749789317368,2.6443285378711656,3.7918693877653222,6.257193882438387
80,3,linCmt,focei,bobyqa,TVVc,structural_intercept,20,65,-0.312871201732694,0.26688390479349056,2.8222707166659156,5.263034272863891,8.935022983775983
80,3,linCmt,focei,bobyqa,ResErr,structural_other,0.1,65,0.8539852051151348,0.7199677753080493,3.084036553444594,5.0368464175562355,8.83481967773932
80,3,linCmt,focei,bobyqa,TVKA,structural_other,0.7,65,4.7580986769649564e-14,4.7580986769649564e-14,4.7580986769649564e-14,4.7580986769649564e-14,4.7580986769649564e-14
80,3,linCmt,focei,bobyqa,TVQ,structural_other,1.8,65,1.862647836378042,1.927119194686676,1.9499526093979227,2.539017387062323,4.018972949629562
80,3,linCmt,focei,bobyqa,TVVp,structural_other,80,65,0.6122313279166924,0.6303256333047356,0.9690384991386126,1.37298920224715,2.266883338784865
80,3,linCmt,focei,bobyqa,cov_VcCL,structural_other,0.02,65,-3.105897232662455,-3.509537906343324,28.514177741399294,48.87999535834291,86.4807942764515
80,3,linCmt,focei,bobyqa,var_CL,structural_other,0.1,65,-1.3281397577111775,0.39088442337322765,13.158103455153864,16.925124400756282,24.616771536878822
80,3,linCmt,focei,bobyqa,var_Vc,structural_other,0.1,65,-15.77617436289723,-10.242835773496555,22.68606367599406,26.033960498828208,39.51398081762831
80,3,ode,focei,bobyqa,VcBW,covariate_beta,1,66,6.661994621504808,5.907247902508938,15.076478221925782,19.433019672918412,30.740134163912558
80,3,ode,focei,bobyqa,TVCL,structural_intercept,0.6,66,0.8169889756876325,0.8439095487892496,2.582250933474075,3.7188749061664264,6.260573515105331
80,3,ode,focei,bobyqa,TVVc,structural_intercept,20,66,-0.19616151869109363,0.547306323569729,2.950309383164651,5.304794045762668,8.950582598931572
80,3,ode,focei,bobyqa,ResErr,structural_other,0.1,66,0.8218771816686093,0.6929472583523075,3.0068541467457925,5.00351693552429,8.718879738670902
80,3,ode,focei,bobyqa,TVKA,structural_other,0.7,66,4.7580986769649564e-14,4.7580986769649564e-14,4.7580986769649564e-14,4.7580986769649564e-14,4.7580986769649564e-14
80,3,ode,focei,bobyqa,TVQ,structural_other,1.8,66,1.8211230374122138,1.8677673405669035,1.8679577011155857,2.453300192498733,3.955667714899641
80,3,ode,focei,bobyqa,TVVp,structural_other,80,66,0.537770946014895,0.5835679088570694,0.9891561138693827,1.328073507346807,2.218819253489137
80,3,ode,focei,bobyqa,cov_VcCL,structural_other,0.02,66,-3.261924388599565,-1.5388489928847904,32.18206215205088,49.031726466147234,84.71146076669528
80,3,ode,focei,bobyqa,var_CL,structural_other,0.1,66,-1.5049206754312872,0.14872285025884888,13.257662991140979,16.44654383402006,24.624572927352123
80,3,ode,focei,bobyqa,var_Vc,structural_other,0.1,66,-13.987934264055479,-8.426715359512817,21.31487783045838,24.231712377940102,37.28421010784412
80,4,linCmt,focei,bobyqa,VcBW,covariate_beta,1,72,1.4438147616359975,1.76556754115282,9.044617550708978,14.272876328266632,23.599321355983314
80,4,linCmt,focei,bobyqa,VcSEX,covariate_beta,0.4054651081081644,72,-3.5967096673649257,-1.478680559677686,11.689745913590599,17.514079105516526,29.214213010559288
80,4,linCmt,focei,bobyqa,TVCL,structural_intercept,0.6,72,1.267755197048137,1.0872241037930301,1.9026826883057069,3.3568486359251875,5.552571126238505
80,4,linCmt,focei,bobyqa,TVVc,structural_intercept,20,72,0.798961172627095,1.3537331274532518,2.541271746567517,4.9610187664177126,8.625754379986656
80,4,linCmt,focei,bobyqa,ResErr,structural_other,0.1,72,-1.4981371052209398,-1.284388360517132,2.780611680014665,4.662358900039991,7.701242907416288
80,4,linCmt,focei,bobyqa,TVKA,structural_other,0.7,72,4.7580986769649564e-14,4.7580986769649564e-14,4.7580986769649564e-14,4.7580986769649564e-14,4.7580986769649564e-14
80,4,linCmt,focei,bobyqa,TVQ,structural_other,1.8,72,1.4539442750549882,1.5828679583559726,1.658926504828949,2.3905271232070304,4.00727610133265
80,4,linCmt,focei,bobyqa,TVVp,structural_other,80,72,0.21601826847764904,0.2925892188141178,0.9979145741111851,1.5044876472928912,2.409956846770419
80,4,linCmt,focei,bobyqa,cov_VcCL,structural_other,0.02,72,-9.664227373958177,-5.586866343050122,30.325322969215584,40.64828108466879,59.921603028908045
80,4,linCmt,focei,bobyqa,var_CL,structural_other,0.1,72,-4.414500857278576,-2.556499248720421,9.633174845375624,15.176121019889463,24.151309892158217
80,4,linCmt,focei,bobyqa,var_Vc,structural_other,0.1,72,-5.993850189451519,-6.4530150349449995,13.80583018073825,22.0841352944867,40.34376513770886
80,4,ode,focei,bobyqa,VcBW,covariate_beta,1,76,2.524065523800889,1.9216181778425723,9.569327236359815,14.414325701571629,22.4199731189022
80,4,ode,focei,bobyqa,VcSEX,covariate_beta,0.4054651081081644,76,-3.5903996713151534,-1.0383716447491267,12.765352225111487,17.528357514860094,28.741281035411614
80,4,ode,focei,bobyqa,TVCL,structural_intercept,0.6,76,1.2945971160256236,1.209370667245706,1.9611053961864355,3.385139556449327,5.471902746670403
80,4,ode,focei,bobyqa,TVVc,structural_intercept,20,76,0.7316255834340701,1.290792474464462,2.5205646213891253,5.039205648527821,8.841775409302235
80,4,ode,focei,bobyqa,ResErr,structural_other,0.1,76,-1.491267920912434,-1.2425595889947965,2.779838620979136,4.571286336780467,7.741515157507449
80,4,ode,focei,bobyqa,TVKA,structural_other,0.7,76,4.7580986769649564e-14,4.7580986769649564e-14,4.7580986769649564e-14,4.7580986769649564e-14,4.7580986769649564e-14
80,4,ode,focei,bobyqa,TVQ,structural_other,1.8,76,1.3774270978774705,1.5994625712886974,1.5715041960820655,2.432082142949745,4.064135622673006
80,4,ode,focei,bobyqa,TVVp,structural_other,80,76,0.20091343258138217,0.3103562143764612,0.9996434737641469,1.4976966089337063,2.2381301817888577
80,4,ode,focei,bobyqa,cov_VcCL,structural_other,0.02,76,-6.799895835964366,-5.28111632534445,30.989950306136087,40.09218685287937,60.729074653906864
80,4,ode,focei,bobyqa,var_CL,structural_other,0.1,76,-4.621256900213165,-2.5550867951249394,9.5877147229749,15.036666194815465,23.21892346958499
80,4,ode,focei,bobyqa,var_Vc,structural_other,0.1,76,-6.488187953693214,-6.997010777701817,13.820222769722356,22.45222339743989,41.339417323595114
80,5,linCmt,focei,bobyqa,CLcrCL,covariate_beta,0.5,72,3.6874399046697426,2.4535190563516127,10.955562876555625,18.566642585623384,29.237211068779416
80,5,linCmt,focei,bobyqa,TVCL,structural_intercept,0.6,72,0.5135770795878977,0.6244620749758342,2.415637126799255,3.281573486033335,5.467415205451839
80,5,linCmt,focei,bobyqa,TVVc,structural_intercept,20,72,2.165704111011859,1.7490108125556598,3.0355206622191577,5.00170894743993,8.25242791645095
80,5,linCmt,focei,bobyqa,ResErr,structural_other,0.1,72,-0.8762068842209092,-0.22254167125922655,3.6812382862705593,5.48457101651284,8.487128056135559
80,5,linCmt,focei,bobyqa,TVKA,structural_other,0.7,72,4.7580986769649564e-14,4.7580986769649564e-14,4.7580986769649564e-14,4.7580986769649564e-14,4.7580986769649564e-14
80,5,linCmt,focei,bobyqa,TVQ,structural_other,1.8,72,2.0918245973078218,2.021559959303733,2.1048657486343942,2.6207645990980293,4.228410531959245
80,5,linCmt,focei,bobyqa,TVVp,structural_other,80,72,0.5652402675495781,0.5408838312573623,1.0230509779209918,1.3154231109653087,2.186255051015492
80,5,linCmt,focei,bobyqa,cov_VcCL,structural_other,0.02,72,-11.824452898216856,-12.858471580192541,37.995784851035765,49.45121911606737,80.14784749961676
80,5,linCmt,focei,bobyqa,var_CL,structural_other,0.1,72,-8.096307822348672,-6.075013983386391,13.176648505661198,18.03056614464775,28.657374338943093
80,5,linCmt,focei,bobyqa,var_Vc,structural_other,0.1,72,-2.1479549579278348,-6.154055573161073,19.61546513059404,27.183802810663565,42.26166720375185
80,5,ode,focei,bobyqa,CLcrCL,covariate_beta,0.5,71,3.9098026242474715,2.4659583229097275,11.1203465433362,18.701271753069108,29.489967237201952
80,5,ode,focei,bobyqa,TVCL,structural_intercept,0.6,71,0.4742832816513517,0.5741855591298142,2.40449784786743,3.2847368124847134,5.474856897954849
80,5,ode,focei,bobyqa,TVVc,structural_intercept,20,71,2.2250849876584056,1.7226556697473903,3.122109852471464,5.005792367634605,8.26050036632278
80,5,ode,focei,bobyqa,ResErr,structural_other,0.1,71,-0.8918917747051114,-0.276039137767918,3.56434583691069,5.464717784667956,8.549801757775894
80,5,ode,focei,bobyqa,TVKA,structural_other,0.7,71,4.7580986769649564e-14,4.7580986769649564e-14,4.7580986769649564e-14,4.7580986769649564e-14,4.7580986769649564e-14
80,5,ode,focei,bobyqa,TVQ,structural_other,1.8,71,2.0529458133584026,2.010743051259696,2.053636221616633,2.6077522987538315,4.27802675824112
80,5,ode,focei,bobyqa,TVVp,structural_other,80,71,0.5283138743445015,0.5253444106365084,1.0227478226683573,1.310209148727142,2.187074503101485
80,5,ode,focei,bobyqa,cov_VcCL,structural_other,0.02,71,-11.136973359402447,-14.633807450456956,31.889327226999676,47.304401451315606,80.82174820248534
80,5,ode,focei,bobyqa,var_CL,structural_other,0.1,71,-8.048035804719675,-6.450066720278038,13.060752735046034,18.043063212667413,28.839185066508104
80,5,ode,focei,bobyqa,var_Vc,structural_other,0.1,71,-1.7755132298496594,-5.884074374435,18.890784774943604,26.795910077882358,42.638571801636715
80,6,linCmt,focei,bobyqa,CLcrCL,covariate_beta,0.5,71,1.1729987180973955,1.9459348194616946,9.149583250374317,16.435806373052262,26.09916527970606
80,6,linCmt,focei,bobyqa,VcSEX,covariate_beta,0.4054651081081644,71,1.6983637250492147,1.5584866091834564,13.108049827179325,20.633147076963095,32.83246549400067
80,6,linCmt,focei,bobyqa,TVCL,structural_intercept,0.6,71,1.345411463570719,1.499276865879632,2.8574847582126437,3.7201424114500683,5.609665831769047
80,6,linCmt,focei,bobyqa,TVVc,structural_intercept,20,71,1.035916837127484,0.9558093864176495,3.1421302031161424,5.717791189178336,8.707768086952559
80,6,linCmt,focei,bobyqa,ResErr,structural_other,0.1,71,-0.17395304523865063,-0.47637831648363815,3.4487306781401106,4.8878213477057955,7.8077743293515915
80,6,linCmt,focei,bobyqa,TVKA,structural_other,0.7,71,4.7580986769649564e-14,4.7580986769649564e-14,4.7580986769649564e-14,4.7580986769649564e-14,4.7580986769649564e-14
80,6,linCmt,focei,bobyqa,TVQ,structural_other,1.8,71,1.572120224320418,1.7838640941583803,1.860355047710106,2.492388367228368,3.895321231830969
80,6,linCmt,focei,bobyqa,TVVp,structural_other,80,71,0.3415189844805333,0.36801734189735935,0.8241365761867135,1.2430655600925231,2.0782000585155735
80,6,linCmt,focei,bobyqa,cov_VcCL,structural_other,0.02,71,-8.248142400075729,-3.6154334196310765,28.46912666543776,44.31265145282718,68.49974756947339
80,6,linCmt,focei,bobyqa,var_CL,structural_other,0.1,71,-3.4491306788895364,-2.979289099354653,10.54010617543047,15.341643384432338,24.641025843162495
80,6,linCmt,focei,bobyqa,var_Vc,structural_other,0.1,71,-7.176113133643594,-4.632590719931838,15.500816712501045,22.781280057904198,35.976254711384854
80,6,ode,focei,bobyqa,CLcrCL,covariate_beta,0.5,69,1.0531974151813728,1.913198494623446,9.608840687092258,16.70096458978518,26.172307608361795
80,6,ode,focei,bobyqa,VcSEX,covariate_beta,0.4054651081081644,69,1.831735992652814,1.5854345775232752,12.6788102911354,20.700823708339936,33.69270112144157
80,6,ode,focei,bobyqa,TVCL,structural_intercept,0.6,69,1.2260928824317507,1.574865499341567,3.0770069898352443,3.9655490554231045,5.816710808192161
80,6,ode,focei,bobyqa,TVVc,structural_intercept,20,69,0.8612085465313511,0.9060316721931937,3.093510341225798,5.734593312428711,8.7380430376578
80,6,ode,focei,bobyqa,ResErr,structural_other,0.1,69,-0.39682073278096697,-0.46287159494094776,3.459222541207549,4.764020092042549,7.20325784070466
80,6,ode,focei,bobyqa,TVKA,structural_other,0.7,69,4.7580986769649564e-14,4.7580986769649564e-14,4.7580986769649564e-14,4.7580986769649564e-14,4.7580986769649564e-14
80,6,ode,focei,bobyqa,TVQ,structural_other,1.8,69,1.8215116908386741,1.8596478015806872,1.9667595521884647,2.560495061325045,4.113794026302113
80,6,ode,focei,bobyqa,TVVp,structural_other,80,69,0.3254792447802579,0.3941680895629035,0.8002961715542511,1.2363800217784109,2.085423991771702
80,6,ode,focei,bobyqa,cov_VcCL,structural_other,0.02,69,-8.362910092749205,-5.121807959719538,28.310210517024597,41.668141338679476,65.0621676466365
80,6,ode,focei,bobyqa,var_CL,structural_other,0.1,69,-3.5795895919409073,-3.3254502782711906,10.993030727448922,15.482349711110208,25.109904945009596
80,6,ode,focei,bobyqa,var_Vc,structural_other,0.1,69,-6.577921159728383,-3.539004038507567,14.610056006586685,22.643388049552776,36.57616579534787
80,7,linCmt,focei,bobyqa,CLcrCL,covariate_beta,0.5,53,0.4552825172927877,1.6106710349896958,12.892202018937882,18.165918389975317,30.108097273812678
80,7,linCmt,focei,bobyqa,VcBW,covariate_beta,1,53,2.6352189078190813,1.73966617353375,10.276426143647877,13.381902359591527,20.734367803654028
80,7,linCmt,focei,bobyqa,TVCL,structural_intercept,0.6,53,0.1687046473298389,0.28482777249874813,1.8667187376219716,3.2504432978088027,4.815693352639458
80,7,linCmt,focei,bobyqa,TVVc,structural_intercept,20,53,0.34586421963689773,0.21999123137526658,3.5169478636231766,5.090863226001541,7.75872573704525
80,7,linCmt,focei,bobyqa,ResErr,structural_other,0.1,53,-0.3024890755172066,-0.7172781242172195,2.7694315761714328,4.6071289325208316,8.520574057300832
80,7,linCmt,focei,bobyqa,TVKA,structural_other,0.7,53,4.7580986769649564e-14,4.7580986769649564e-14,4.7580986769649564e-14,4.7580986769649564e-14,4.7580986769649564e-14
80,7,linCmt,focei,bobyqa,TVQ,structural_other,1.8,53,2.1720317358053425,1.93649363173123,2.1720317358053425,2.5074106377641097,3.451801067180434
80,7,linCmt,focei,bobyqa,TVVp,structural_other,80,53,0.44074849198459276,0.36216245519322626,0.9388442665498431,1.269208084968514,2.1362337115705237
80,7,linCmt,focei,bobyqa,cov_VcCL,structural_other,0.02,53,6.470218858841796,1.3570127158487137,33.83920335158287,46.057232309205396,66.52910715207543
80,7,linCmt,focei,bobyqa,var_CL,structural_other,0.1,53,-2.5357332585294463,-1.5189453607340015,11.504037090636354,17.799388670778075,29.774280960760986
80,7,linCmt,focei,bobyqa,var_Vc,structural_other,0.1,53,-2.9057279596511747,-0.02594775323423799,14.474607201168082,22.027443426056223,32.495283765819785
80,7,ode,focei,bobyqa,CLcrCL,covariate_beta,0.5,55,0.9489033845770045,1.7911319209053276,12.36830480101685,17.782248371911432,29.435545677075837
80,7,ode,focei,bobyqa,VcBW,covariate_beta,1,55,3.4694247789351484,2.6913857774966705,10.819849681007554,13.988793767695858,21.172428784430895
80,7,ode,focei,bobyqa,TVCL,structural_intercept,0.6,55,0.15521982465190506,0.1774833305591109,1.814780461543412,3.01217236348292,4.6062865466892875
80,7,ode,focei,bobyqa,TVVc,structural_intercept,20,55,0.5409485926497837,-0.06350522737056868,3.4306099440424376,5.230950012328848,8.276631131263734
80,7,ode,focei,bobyqa,ResErr,structural_other,0.1,55,-0.42599913386101584,-1.0445132734326685,3.3399551536461707,4.932628079677411,8.925643434256692
80,7,ode,focei,bobyqa,TVKA,structural_other,0.7,55,4.7580986769649564e-14,4.7580986769649564e-14,4.7580986769649564e-14,4.7580986769649564e-14,4.7580986769649564e-14
80,7,ode,focei,bobyqa,TVQ,structural_other,1.8,55,2.1252534788538147,1.8210867194152207,2.1509462443633436,2.4983517040331975,3.546518104180299
80,7,ode,focei,bobyqa,TVVp,structural_other,80,55,0.33173458994072647,0.23778746401874915,0.9333148009126546,1.2714937886804032,2.133975604843503
80,7,ode,focei,bobyqa,cov_VcCL,structural_other,0.02,55,12.614390361005178,3.044567139892869,30.053042930322977,44.29896717967646,67.41972606336306
80,7,ode,focei,bobyqa,var_CL,structural_other,0.1,55,-4.188021128962618,-2.725457307465005,12.233291514802582,18.131597229594977,29.66828280479402
80,7,ode,focei,bobyqa,var_Vc,structural_other,0.1,55,-2.5391947871584857,1.055552872282124,14.589033580770113,23.693237786600474,35.16344777943058
80,8,linCmt,focei,bobyqa,CLcrCL,covariate_beta,0.5,52,-1.6549367068804,-0.5320910149154284,10.488359394240815,16.06403470188929,28.29551494316033
80,8,linCmt,focei,bobyqa,VcBW,covariate_beta,1,52,4.932445232350369,4.470313334921581,12.934189623454895,16.585240707140457,25.268645268746493
80,8,linCmt,focei,bobyqa,VcSEX,covariate_beta,0.4054651081081644,52,-1.7145317951464956,-1.2725580928934683,12.248731416089342,19.31828163770037,32.36220578731436
80,8,linCmt,focei,bobyqa,TVCL,structural_intercept,0.6,52,0.7975728986362914,1.0947209848754855,2.1151900253515987,3.5307323826774666,5.81599362224356
80,8,linCmt,focei,bobyqa,TVVc,structural_intercept,20,52,0.4189205940073127,0.6671217061887197,4.093916505890808,5.821772033817013,9.0513859691236
80,8,linCmt,focei,bobyqa,ResErr,structural_other,0.1,52,-1.0291536954139953,-1.1116558343996383,2.777614967388077,4.559572283727523,7.945785786420501
80,8,linCmt,focei,bobyqa,TVKA,structural_other,0.7,52,4.7580986769649564e-14,4.7580986769649564e-14,4.7580986769649564e-14,4.7580986769649564e-14,4.7580986769649564e-14
80,8,linCmt,focei,bobyqa,TVQ,structural_other,1.8,52,1.7936180006155784,1.7177877034374136,1.9750471260501348,2.4807064365965843,4.196865818959597
80,8,linCmt,focei,bobyqa,TVVp,structural_other,80,52,0.1633020720887579,0.15715207709322637,0.7619968367709617,1.1482186323143122,1.8183317284075677
80,8,linCmt,focei,bobyqa,cov_VcCL,structural_other,0.02,52,5.610529204378694,2.236483759009978,27.858610888095185,43.846611142412115,64.48674930298947
80,8,linCmt,focei,bobyqa,var_CL,structural_other,0.1,52,-2.5776363250702565,-2.402907227491088,10.129986525507451,13.718442663279207,22.462638941670356
80,8,linCmt,focei,bobyqa,var_Vc,structural_other,0.1,52,-6.076751210433932,-5.073392943124568,12.673888499998947,23.79850152161244,37.50138541333397
80,8,ode,focei,bobyqa,CLcrCL,covariate_beta,0.5,50,-1.6398959612554442,-0.7561594896004107,11.866274031039769,17.36250319548042,29.85842515956425
80,8,ode,focei,bobyqa,VcBW,covariate_beta,1,50,4.61381778608867,3.7281583233577247,13.60093455285899,16.66926136300685,25.99263849083059
80,8,ode,focei,bobyqa,VcSEX,covariate_beta,0.4054651081081644,50,-1.2704970164432352,-0.6808115572039576,12.795451837907635,19.478630171899518,32.30973639942059
80,8,ode,focei,bobyqa,TVCL,structural_intercept,0.6,50,0.6242520269993113,0.9843443718395344,2.415903656638352,3.591133118891706,5.865308853887334
80,8,ode,focei,bobyqa,TVVc,structural_intercept,20,50,-0.35445243141343674,0.32910210919987254,3.9792830824602277,5.825177717403482,9.268203145108407
80,8,ode,focei,bobyqa,ResErr,structural_other,0.1,50,-1.3322628929720235,-1.3862840943662047,2.809880133022628,4.4726567764085425,7.76857557716789
80,8,ode,focei,bobyqa,TVKA,structural_other,0.7,50,4.7580986769649564e-14,4.7580986769649564e-14,4.7580986769649564e-14,4.7580986769649564e-14,4.7580986769649564e-14
80,8,ode,focei,bobyqa,TVQ,structural_other,1.8,50,1.5382507909831866,1.589711842752269,1.7060190518289393,2.3924800282293432,4.005494713813807
80,8,ode,focei,bobyqa,TVVp,structural_other,80,50,0.15882854721006368,0.1682872590142985,0.7720688567085253,1.15731291379322,1.8442930297078208
80,8,ode,focei,bobyqa,cov_VcCL,structural_other,0.02,50,5.03699321361831,0.4943536471357137,29.530692544128446,42.51519864196766,58.52622159354293
80,8,ode,focei,bobyqa,var_CL,structural_other,0.1,50,-1.990107522929878,-2.43135787859782,8.897968030104183,13.43566187556194,21.64604664941672
80,8,ode,focei,bobyqa,var_Vc,structural_other,0.1,50,-5.85986006129377,-5.330531129225291,12.005832345053424,20.979104583279863,33.52124696120099
80,9,linCmt,focei,bobyqa,CLBW,covariate_beta,0.75,49,3.3442705933279657,2.044504651185727,17.19777269790527,19.90141923221379,29.349459974083143
80,9,linCmt,focei,bobyqa,TVCL,structural_intercept,0.6,49,-0.742386078111168,-0.5218683385278938,2.627831464136088,4.330250937059188,7.9048782134226006
80,9,linCmt,focei,bobyqa,TVVc,structural_intercept,20,49,1.238106001030328,1.1493609519707817,2.9518921328967096,4.423699796074498,6.511439835331044
80,9,linCmt,focei,bobyqa,ResErr,structural_other,0.1,49,0.3132032296219306,-0.010037329420521912,3.8117978983016885,5.69748461063027,8.82250986047417
80,9,linCmt,focei,bobyqa,TVKA,structural_other,0.7,49,4.7580986769649564e-14,4.7580986769649564e-14,4.7580986769649564e-14,4.7580986769649564e-14,4.7580986769649564e-14
80,9,linCmt,focei,bobyqa,TVQ,structural_other,1.8,49,1.9679620442423835,1.991808541645959,2.0559938652090866,2.5988586633778605,4.318714002086985
80,9,linCmt,focei,bobyqa,TVVp,structural_other,80,49,0.7535284873416082,0.5485984030869842,0.8621668657632319,1.230912498897521,1.9708974678495645
80,9,linCmt,focei,bobyqa,cov_VcCL,structural_other,0.02,49,-17.591329723079284,-17.098365871755572,41.859682103934645,48.943709076134134,72.71055120597501
80,9,linCmt,focei,bobyqa,var_CL,structural_other,0.1,49,-6.738436698896594,-5.342979797360403,12.140445133814195,18.461195843048145,27.836156167719217
80,9,linCmt,focei,bobyqa,var_Vc,structural_other,0.1,49,1.1438185849852593,2.785861560496191,17.13694964867432,26.53165153614296,47.21233303421264
80,9,ode,focei,bobyqa,CLBW,covariate_beta,0.75,50,3.881361249746762,2.6415078101527634,17.90630134206077,19.984188278274097,29.87928623402874
80,9,ode,focei,bobyqa,TVCL,structural_intercept,0.6,50,-0.05491640509114326,-0.4714061936395286,2.674887826263286,4.106797391015182,7.255349318589238
80,9,ode,focei,bobyqa,TVVc,structural_intercept,20,50,0.7245393514617327,1.0458846748984925,2.360893601075764,4.176604911793913,6.320721933944196
80,9,ode,focei,bobyqa,ResErr,structural_other,0.1,50,0.051473232408109915,0.03903805861015602,3.9848153643856357,5.837352635685865,8.835910910904268
80,9,ode,focei,bobyqa,TVKA,structural_other,0.7,50,4.7580986769649564e-14,4.7580986769649564e-14,4.7580986769649564e-14,4.7580986769649564e-14,4.7580986769649564e-14
80,9,ode,focei,bobyqa,TVQ,structural_other,1.8,50,1.8946800162578659,1.8629917072399498,1.982379827754362,2.4877328931771387,4.308648194672244
80,9,ode,focei,bobyqa,TVVp,structural_other,80,50,0.69664145538888,0.4982811914059685,0.8823824791540157,1.2602578901414574,1.9187519062939857
80,9,ode,focei,bobyqa,cov_VcCL,structural_other,0.02,50,-12.775811185671863,-14.006755326397391,41.29863763963636,51.02822077822804,74.21370809584865
80,9,ode,focei,bobyqa,var_CL,structural_other,0.1,50,-7.656432368107404,-6.588126946811357,11.389783902045627,18.50376615241084,27.660356249048405
80,9,ode,focei,bobyqa,var_Vc,structural_other,0.1,50,4.704248473641877,3.877425397326993,18.610290105833524,25.858756985413883,41.63321350369477
80,10,linCmt,focei,bobyqa,CLBW,covariate_beta,0.75,51,3.8063497244130198,2.8111676291506544,16.0499522918372,20.03173526976239,33.42099351279071
80,10,linCmt,focei,bobyqa,VcSEX,covariate_beta,0.4054651081081644,51,1.3365352031124453,2.438995148885736,11.765329149228775,19.67597599387648,34.25874197402699
80,10,linCmt,focei,bobyqa,TVCL,structural_intercept,0.6,51,-8.994513185340633,-8.040746440530079,8.994513185340633,9.95419560229163,14.610335424226536
80,10,linCmt,focei,bobyqa,TVVc,structural_intercept,20,51,0.3684432378645397,0.5247054441623055,3.65747893153852,6.263703800708116,9.512241036921996
80,10,linCmt,focei,bobyqa,ResErr,structural_other,0.1,51,-1.3422253971771965,-1.4783019877630086,2.3126453647618614,4.064768094261994,7.234815739127668
80,10,linCmt,focei,bobyqa,TVKA,structural_other,0.7,51,4.7580986769649564e-14,4.7580986769649564e-14,4.7580986769649564e-14,4.7580986769649564e-14,4.7580986769649564e-14
80,10,linCmt,focei,bobyqa,TVQ,structural_other,1.8,51,1.6945271105252506,1.8559117916924752,1.6945271105252506,2.4252097168677977,4.089553209485723
80,10,linCmt,focei,bobyqa,TVVp,structural_other,80,51,0.6046039844093443,0.5540531372760549,0.9281695569337245,1.1416774169302917,1.7945869075785306
80,10,linCmt,focei,bobyqa,cov_VcCL,structural_other,0.02,51,-5.767712716839811,-5.934083970504926,30.094494157443496,43.44036265188749,62.897652530703105
80,10,linCmt,focei,bobyqa,var_CL,structural_other,0.1,51,-4.760154116784279,-2.0880241647444344,9.081083138319416,15.472299519266446,27.66722778082639
80,10,linCmt,focei,bobyqa,var_Vc,structural_other,0.1,51,-5.778044977938935,-4.2196079104555455,18.029999503897066,22.85797965003084,36.05958267286991
80,10,ode,focei,bobyqa,CLBW,covariate_beta,0.75,50,3.508328812086803,2.338117778899386,16.46909035947448,20.824126334540345,35.07922849204005
80,10,ode,focei,bobyqa,VcSEX,covariate_beta,0.4054651081081644,50,2.396231837361655,4.546186925939289,12.472783143795423,19.68448228489515,33.70474867720738
80,10,ode,focei,bobyqa,TVCL,structural_intercept,0.6,50,-7.831471465407155,-7.681949032504197,7.831471465407155,9.796401521372196,14.590927506344755
80,10,ode,focei,bobyqa,TVVc,structural_intercept,20,50,-0.003943791271234778,0.2638119889103986,3.691628457049676,5.6223858221616565,9.305576371487948
80,10,ode,focei,bobyqa,ResErr,structural_other,0.1,50,-1.13067253804814,-1.679832745093899,2.3437155665175653,4.105415434246442,7.2844336047477585
80,10,ode,focei,bobyqa,TVKA,structural_other,0.7,50,4.7580986769649564e-14,4.7580986769649564e-14,4.7580986769649564e-14,4.7580986769649564e-14,4.7580986769649564e-14
80,10,ode,focei,bobyqa,TVQ,structural_other,1.8,50,1.6622036241675118,1.86157740007072,1.6622036241675118,2.4303345118053272,4.1161267622495865
80,10,ode,focei,bobyqa,TVVp,structural_other,80,50,0.6070043530806757,0.5328084326863841,0.9422840956854815,1.1745992229792876,1.82208361038057
80,10,ode,focei,bobyqa,cov_VcCL,structural_other,0.02,50,-1.0462047107361385,-1.901756416225462,25.769255414214964,40.05752477788922,63.08718703456802
80,10,ode,focei,bobyqa,var_CL,structural_other,0.1,50,-2.9365003301104196,-1.1568468140263597,8.806888586839236,14.875326060912236,24.181927601703453
80,10,ode,focei,bobyqa,var_Vc,structural_other,0.1,50,-5.956908530524337,-3.8599292114319304,17.959109643095218,22.79369505587478,36.13627259667362
80,11,linCmt,focei,bobyqa,CLBW,covariate_beta,0.75,31,-0.6994036782877355,-1.8721929956560628,12.178443793118438,17.20212310652864,28.490140671398105
80,11,linCmt,focei,bobyqa,VcBW,covariate_beta,1,31,3.751950249813185,2.175532519321905,11.540724529139935,18.952129766977034,30.241889520799624
80,11,linCmt,focei,bobyqa,TVCL,structural_intercept,0.6,31,-8.004227579862652,-8.010765603304703,8.004227579862652,8.6408368170482,11.623165405191854
80,11,linCmt,focei,bobyqa,TVVc,structural_intercept,20,31,-9.124959996670974,-9.552167881746373,9.124959996670974,11.687102139822944,19.35603962520462
80,11,linCmt,focei,bobyqa,ResErr,structural_other,0.1,31,-0.6249122510918054,-0.7168714886887474,3.5562927478596933,5.337407497116035,8.766664642188351
80,11,linCmt,focei,bobyqa,TVKA,structural_other,0.7,31,4.7580986769649564e-14,4.7580986769649564e-14,4.7580986769649564e-14,4.7580986769649564e-14,4.7580986769649564e-14
80,11,linCmt,focei,bobyqa,TVQ,structural_other,1.8,31,1.5601119905875749,1.45196364890672,1.5609256731507049,2.198005964989544,3.5903420224627163
80,11,linCmt,focei,bobyqa,TVVp,structural_other,80,31,-0.12565490977733518,0.23220897940017465,0.7847532738631458,1.2635911039647476,2.221091166595439
80,11,linCmt,focei,bobyqa,cov_VcCL,structural_other,0.02,31,-6.727768472924045,-11.69046054570356,27.56044704336989,40.426102093178656,69.4307815737542
80,11,linCmt,focei,bobyqa,var_CL,structural_other,0.1,31,-4.104989564215414,-3.668430385533779,10.671598789763731,13.011209685636107,19.40008326333277
80,11,linCmt,focei,bobyqa,var_Vc,structural_other,0.1,31,-13.715209422725236,-12.841344777000236,14.886374939973788,24.242514548249552,39.99486313949917
80,11,ode,focei,bobyqa,CLBW,covariate_beta,0.75,21,-5.88492820213434,-5.185727650344041,13.206719837229505,17.74290138197445,28.470456120543375
80,11,ode,focei,bobyqa,VcBW,covariate_beta,1,21,4.1938226050749705,4.970567617259398,14.912263711304607,20.348940283971903,34.458212320258895
80,11,ode,focei,bobyqa,TVCL,structural_intercept,0.6,21,-7.388952492122791,-7.222059359496689,7.388952492122791,8.157133111797691,11.743178297767942
80,11,ode,focei,bobyqa,TVVc,structural_intercept,20,21,-9.448033171687626,-10.318539458985077,9.448033171687626,12.604901446134992,19.376014681273475
80,11,ode,focei,bobyqa,ResErr,structural_other,0.1,21,1.4197340057237051,1.0598345720285987,2.5351423075211654,3.4779774177244245,5.2933330619447245
80,11,ode,focei,bobyqa,TVKA,structural_other,0.7,21,4.7580986769649564e-14,4.7580986769649564e-14,4.7580986769649564e-14,4.7580986769649564e-14,4.7580986769649564e-14
80,11,ode,focei,bobyqa,TVQ,structural_other,1.8,21,1.5713879708680014,1.429899472084425,1.7962839555897774,2.344458343464172,3.6804466334047956
80,11,ode,focei,bobyqa,TVVp,structural_other,80,21,0.15211720317113375,0.24560854737964902,0.6561449416092024,1.1364977318252085,2.2380490261268093
80,11,ode,focei,bobyqa,cov_VcCL,structural_other,0.02,21,7.051848449519202,7.018335540420955,34.324007011281424,53.44183268584156,81.80568697365254
80,11,ode,focei,bobyqa,var_CL,structural_other,0.1,21,-0.5957468684205103,-0.9115598582894227,9.590361908525663,14.110079347437477,19.781213251692257
80,11,ode,focei,bobyqa,var_Vc,structural_other,0.1,21,-14.166350741529914,-13.359084378226946,16.14567112061757,26.215076262437325,49.59589503832571
80,12,linCmt,focei,bobyqa,CLBW,covariate_beta,0.75,23,1.5931386012702387,0.8771334970537275,11.809376909229297,15.267433671406113,23.982892534185986
80,12,linCmt,focei,bobyqa,VcBW,covariate_beta,1,23,2.384623202792824,4.8760011386481015,8.962666157790933,14.434393574620053,21.564270643166637
80,12,linCmt,focei,bobyqa,VcSEX,covariate_beta,0.4054651081081644,23,-3.4329747161151647,-0.5543141592792697,12.37380056560936,17.49474551707168,26.990341741462377
80,12,linCmt,focei,bobyqa,TVCL,structural_intercept,0.6,23,-8.765324509246831,-9.457246526988031,8.765324509246831,11.00418290851143,17.067290655732712
80,12,linCmt,focei,bobyqa,TVVc,structural_intercept,20,23,-12.60962783831241,-12.89098507567914,12.60962783831241,14.413006808606319,20.904764270819275
80,12,linCmt,focei,bobyqa,ResErr,structural_other,0.1,23,1.1013828600932167,1.1305976705232934,3.60733493903842,5.338900938689674,7.969981852486827
80,12,linCmt,focei,bobyqa,TVKA,structural_other,0.7,23,4.7580986769649564e-14,4.7580986769649564e-14,4.7580986769649564e-14,4.7580986769649564e-14,4.7580986769649564e-14
80,12,linCmt,focei,bobyqa,TVQ,structural_other,1.8,23,2.125115041153227,2.1610868270822547,2.125115041153227,2.981860168028782,4.391894733572246
80,12,linCmt,focei,bobyqa,TVVp,structural_other,80,23,0.41694329111514605,0.5013714613726975,0.9748972092082299,1.385687603634281,2.4556793885731385
80,12,linCmt,focei,bobyqa,cov_VcCL,structural_other,0.02,23,-5.506117562257326,-2.796355826724504,32.46896476825594,41.49901918449086,57.72869234502708
80,12,linCmt,focei,bobyqa,var_CL,structural_other,0.1,23,-2.326984343412719,-3.39368614042911,10.280887950278789,16.67004543571458,26.45193716804563
80,12,linCmt,focei,bobyqa,var_Vc,structural_other,0.1,23,0.32109177815685397,-3.2727211366018465,16.126096737304586,28.37856141614059,51.17117269575038
80,12,ode,focei,bobyqa,CLBW,covariate_beta,0.75,21,1.4191550312393275,0.34047854853543325,12.80405335305693,16.251462417551384,24.162013460374773
80,12,ode,focei,bobyqa,VcBW,covariate_beta,1,21,2.553755829151272,6.080518296601807,8.40550871248762,13.908199775896307,21.98284647876878
80,12,ode,focei,bobyqa,VcSEX,covariate_beta,0.4054651081081644,21,-4.8584128450718955,-1.3451323677429616,14.84215601224206,17.72169402611423,26.75346717163889
80,12,ode,focei,bobyqa,TVCL,structural_intercept,0.6,21,-8.952876353506408,-9.213592568140948,8.952876353506408,10.913670660180113,17.29887780013942
80,12,ode,focei,bobyqa,TVVc,structural_intercept,20,21,-13.072837055093094,-13.341093711325646,13.072837055093094,14.969089225367721,21.045498065769824
80,12,ode,focei,bobyqa,ResErr,structural_other,0.1,21,0.06485965768088242,1.5753541701403004,3.7573447721644255,5.266269406335418,8.054788784326778
80,12,ode,focei,bobyqa,TVKA,structural_other,0.7,21,4.7580986769649564e-14,4.7580986769649564e-14,4.7580986769649564e-14,4.7580986769649564e-14,4.7580986769649564e-14
80,12,ode,focei,bobyqa,TVQ,structural_other,1.8,21,1.8363075961124433,2.0123327508145588,1.8363075961124433,2.8630901076268755,4.472323888425099
80,12,ode,focei,bobyqa,TVVp,structural_other,80,21,0.07151059304991492,0.2529145628759992,0.98305977609904,1.2760816804305486,1.8951846755201804
80,12,ode,focei,bobyqa,cov_VcCL,structural_other,0.02,21,0.8163484084623349,3.9743441332230933,30.288515678025885,47.38850027057712,71.62813008834661
80,12,ode,focei,bobyqa,var_CL,structural_other,0.1,21,-3.22717409002192,-4.278647731355316,10.935960971831236,15.141457479997515,21.064848319979582
80,12,ode,focei,bobyqa,var_Vc,structural_other,0.1,21,-4.598648765471614,-1.3163702996338913,17.496201350337635,25.47366659154106,46.76928173340541
80,13,linCmt,focei,bobyqa,CLBW,covariate_beta,0.75,33,3.9074758057639456,6.93345534718411,10.045736979972968,20.42104234879186,31.175286603824336
80,13,linCmt,focei,bobyqa,CLcrCL,covariate_beta,0.5,33,-5.149609062074035,1.721237965544669,10.94083470739735,17.000125165499306,26.84294334615941
80,13,linCmt,focei,bobyqa,TVCL,structural_intercept,0.6,33,-10.092702218925035,-9.22441061816029,10.092702218925035,10.691385793099837,15.831750639439912
80,13,linCmt,focei,bobyqa,TVVc,structural_intercept,20,33,1.1478587608678659,0.85185015299324085,3.1795107320691685,4.023344803275215,6.777684636867782
80,13,linCmt,focei,bobyqa,ResErr,structural_other,0.1,33,-0.878655267476422,-0.7922150779049335,4.6638027728142655,5.335501843175523,8.561777980129511
80,13,linCmt,focei,bobyqa,TVKA,structural_other,0.7,33,4.7580986769649564e-14,4.7580986769649564e-14,4.7580986769649564e-14,4.7580986769649564e-14,4.7580986769649564e-14
80,13,linCmt,focei,bobyqa,TVQ,structural_other,1.8,33,2.0092906306980525,2.2804953669704737,2.0092906306980525,2.78875422227458,3.983335626538044
80,13,linCmt,focei,bobyqa,TVVp,structural_other,80,33,0.5687637211017282,0.8485078101105636,0.7829849931226462,1.3247580539551809,2.1406879838201185
80,13,linCmt,focei,bobyqa,cov_VcCL,structural_other,0.02,33,-2.3751285175203396,6.3924199982842005,29.418961670745347,51.162560727490536,83.65585203895695
80,13,linCmt,focei,bobyqa,var_CL,structural_other,0.1,33,-4.5572575455609945,-4.025954640134975,8.134515958409652,11.737918216616743,17.302331554655805
80,13,linCmt,focei,bobyqa,var_Vc,structural_other,0.1,33,-6.5726465763945585,-6.077565628745899,20.95073437775752,24.672300929666445,42.66643157762252
80,13,ode,focei,bobyqa,CLBW,covariate_beta,0.75,35,1.033740062737524,1.966573272286999,13.341159127566756,19.406980799695738,30.264906008368303
80,13,ode,focei,bobyqa,CLcrCL,covariate_beta,0.5,35,-0.41687214483070445,6.393341752606392,11.220381768817479,21.419862600194982,32.579965581672674
80,13,ode,focei,bobyqa,TVCL,structural_intercept,0.6,35,-8.777356023321323,-8.381697156175523,8.777356023321323,10.387023946755233,15.741849599985382
80,13,ode,focei,bobyqa,TVVc,structural_intercept,20,35,1.5768798943812001,1.1482994829042101,3.1406970467615385,3.8624195071059986,6.469999550800254
80,13,ode,focei,bobyqa,ResErr,structural_other,0.1,35,-1.294361843910588,-1.3612222938153753,4.052580402389316,5.104630903002959,8.548445856196548
80,13,ode,focei,bobyqa,TVKA,structural_other,0.7,35,4.7580986769649564e-14,4.7580986769649564e-14,4.7580986769649564e-14,4.7580986769649564e-14,4.7580986769649564e-14
80,13,ode,focei,bobyqa,TVQ,structural_other,1.8,35,1.6968181431615454,2.10167325088885,1.6968181431615454,2.605432305983477,3.7909719764120102
80,13,ode,focei,bobyqa,TVVp,structural_other,80,35,0.5432087081934966,0.6311892214529412,0.7047115044605157,1.1764980264137088,1.9909524172935782
80,13,ode,focei,bobyqa,cov_VcCL,structural_other,0.02,35,-2.457933876396489,4.855102874485306,25.317696931562068,46.25471285720818,83.05187657873856
80,13,ode,focei,bobyqa,var_CL,structural_other,0.1,35,-5.693141947442887,-3.914667531086971,11.02185817930719,13.904762909717597,19.05781339560534
80,13,ode,focei,bobyqa,var_Vc,structural_other,0.1,35,-5.566245853448129,-6.5740528349455305,21.57455350492858,24.35186711809254,39.53880729231402
80,14,linCmt,focei,bobyqa,CLBW,covariate_beta,0.75,41,-1.3978407600396223,-0.36518488393936704,17.293421044418402,22.193162839716322,34.99732059425054
80,14,linCmt,focei,bobyqa,CLcrCL,covariate_beta,0.5,41,2.6931444821768125,1.809723165390383,12.145435466152055,20.633128070191344,35.57861999144403
80,14,linCmt,focei,bobyqa,VcSEX,covariate_beta,0.4054651081081644,41,0.8369040052763748,-0.28929535357672703,13.077941228642246,19.197683554749652,27.131334644986044
80,14,linCmt,focei,bobyqa,TVCL,structural_intercept,0.6,41,-8.912621520684542,-9.008163293833153,8.912621520684542,11.079085026295115,16.948541878708028
80,14,linCmt,focei,bobyqa,TVVc,structural_intercept,20,41,2.253057380105634,3.0723399926843764,4.418146880474847,6.558687780643907,11.235032059161085
80,14,linCmt,focei,bobyqa,ResErr,structural_other,0.1,41,-1.4099427211408389,-1.0969156326489848,3.337762947332332,4.630002267727349,7.998893949836355
80,14,linCmt,focei,bobyqa,TVKA,structural_other,0.7,41,4.7580986769649564e-14,4.7580986769649564e-14,4.7580986769649564e-14,4.7580986769649564e-14,4.7580986769649564e-14
80,14,linCmt,focei,bobyqa,TVQ,structural_other,1.8,41,1.394502370198521,1.5542307110079492,1.394502370198521,2.2172039106328034,3.7780089070003937
80,14,linCmt,focei,bobyqa,TVVp,structural_other,80,41,0.39865492300505073,0.3877855351728785,0.75435210196936,1.2177626616652293,1.9452071207357413
80,14,linCmt,focei,bobyqa,cov_VcCL,structural_other,0.02,41,-10.316405451003298,-5.202167453011455,21.351277038125037,32.492449785715024,50.801033588585135
80,14,linCmt,focei,bobyqa,var_CL,structural_other,0.1,41,-8.73470095724943,-6.5574962305000035,12.364287506104507,16.871982448716203,24.892794402685713
80,14,linCmt,focei,bobyqa,var_Vc,structural_other,0.1,41,3.9077741056691986,2.2421724076202154,18.73357480656168,26.263405799243657,39.29769413361118
80,14,ode,focei,bobyqa,CLBW,covariate_beta,0.75,32,-3.1193624900832067,-4.05395791153147,15.963407861615103,22.133393342133907,37.612249677672274
80,14,ode,focei,bobyqa,CLcrCL,covariate_beta,0.5,32,4.737184175422904,4.321271310633112,13.227998803469038,20.953949087264743,34.474033436035576
80,14,ode,focei,bobyqa,VcSEX,covariate_beta,0.4054651081081644,32,0.7430048271624672,-1.6779844762307827,12.949719333817173,17.8877594687259,26.76799699045037
80,14,ode,focei,bobyqa,TVCL,structural_intercept,0.6,32,-6.6780779430530846,-7.761016066109137,6.6780779430530846,9.96496999238163,16.408622368834333
80,14,ode,focei,bobyqa,TVVc,structural_intercept,20,32,2.3106470747885766,3.235178722584349,4.789835880156881,6.656728666073349,11.107569474390973
80,14,ode,focei,bobyqa,ResErr,structural_other,0.1,32,-0.6881914459873142,-0.9954097743419106,3.193711925745718,4.876417534518507,8.738156229161838
80,14,ode,focei,bobyqa,TVKA,structural_other,0.7,32,4.7580986769649564e-14,4.7580986769649564e-14,4.7580986769649564e-14,4.7580986769649564e-14,4.7580986769649564e-14
80,14,ode,focei,bobyqa,TVQ,structural_other,1.8,32,1.5998380142204043,1.7492492469159115,1.5998380142204043,2.463279996024416,4.224238163782025
80,14,ode,focei,bobyqa,TVVp,structural_other,80,32,0.32516183952401967,0.2688783340490031,0.6118987839799939,1.1689237320577126,1.9568775871800208
80,14,ode,focei,bobyqa,cov_VcCL,structural_other,0.02,32,-6.46364125028628,-4.932020768896597,22.693875762127757,31.967938364372905,54.294541036968916
80,14,ode,focei,bobyqa,var_CL,structural_other,0.1,32,-9.640639381328379,-5.885399162634005,13.714600866381149,16.733753301515144,24.650500872080638
80,14,ode,focei,bobyqa,var_Vc,structural_other,0.1,32,-0.8470077152281583,0.33478182208407586,13.847518427958526,25.92334336248094,39.27607846347962
80,15,linCmt,focei,bobyqa,CLBW,covariate_beta,0.75,25,-0.5669039509872704,0.688921990919853,11.601935423240379,22.201570102096486,40.167012188751116
80,15,linCmt,focei,bobyqa,CLcrCL,covariate_beta,0.5,25,-0.46510723646636665,-0.37315756864011895,20.383308499658913,23.552204090085,34.57518627453425
80,15,linCmt,focei,bobyqa,VcBW,covariate_beta,1,25,6.397874050760355,4.1845225813887605,16.357411585297776,19.334708986874677,32.35052356710303
80,15,linCmt,focei,bobyqa,TVCL,structural_intercept,0.6,25,-10.323991096766738,-9.948996230410314,10.323991096766738,11.575796968961042,15.336901410667325
80,15,linCmt,focei,bobyqa,TVVc,structural_intercept,20,25,-10.613144003994446,-11.09870904074654,10.613144003994446,13.046711144581021,19.75649362179127
80,15,linCmt,focei,bobyqa,ResErr,structural_other,0.1,25,1.1372198016077195,1.4120457439851697,1.941376029010733,4.860306847870529,9.04964227648991
80,15,linCmt,focei,bobyqa,TVKA,structural_other,0.7,25,4.7580986769649564e-14,4.7580986769649564e-14,4.7580986769649564e-14,4.7580986769649564e-14,4.7580986769649564e-14
80,15,linCmt,focei,bobyqa,TVQ,structural_other,1.8,25,1.896136707078518,2.284570105909031,1.896136707078518,2.802500470036207,4.673398584966348
80,15,linCmt,focei,bobyqa,TVVp,structural_other,80,25,0.484800302736037,0.47714554845358637,0.7670322374751493,1.0706859880372634,1.758110186259626
80,15,linCmt,focei,bobyqa,cov_VcCL,structural_other,0.02,25,5.712020730629271,3.1134083378935533,24.206066505400884,37.87506922920782,52.9448078972814
80,15,linCmt,focei,bobyqa,var_CL,structural_other,0.1,25,-6.710141149022034,-6.071531518610408,12.795687200828548,15.759734874691992,26.164902219050546
80,15,linCmt,focei,bobyqa,var_Vc,structural_other,0.1,25,-12.126621282814817,-4.504494183155631,21.06177797559336,23.81801738334988,35.57593545449665
80,15,ode,focei,bobyqa,CLBW,covariate_beta,0.75,14,0.11433981824400252,3.1240886507176935,9.597903079308693,20.91408187663615,37.63493154407255
80,15,ode,focei,bobyqa,CLcrCL,covariate_beta,0.5,14,0.5006707353813589,-0.902720052618958,16.35694913258207,18.932451967698597,28.95783266334597
80,15,ode,focei,bobyqa,VcBW,covariate_beta,1,14,7.572009110983357,8.551181102339703,12.556574363043982,17.05016612688776,24.098582957934138
80,15,ode,focei,bobyqa,TVCL,structural_intercept,0.6,14,-7.026997919573878,-8.12065235989336,7.026997919573878,11.081420131839192,18.159534674009574
80,15,ode,focei,bobyqa,TVVc,structural_intercept,20,14,-9.583185464757396,-11.371893310769291,9.583185464757396,13.934990238449178,20.37221345718296
80,15,ode,focei,bobyqa,ResErr,structural_other,0.1,14,1.3613700385151777,2.244415074409927,2.3260147035438425,4.417439077444044,7.7413896813157494
80,15,ode,focei,bobyqa,TVKA,structural_other,0.7,14,4.7580986769649564e-14,4.7580986769649564e-14,4.7580986769649564e-14,4.7580986769649564e-14,4.7580986769649564e-14
80,15,ode,focei,bobyqa,TVQ,structural_other,1.8,14,2.1685080720801144,2.1252655352669354,2.1685080720801144,2.745900022862888,4.165662816385007
80,15,ode,focei,bobyqa,TVVp,structural_other,80,14,0.593076361206677,0.5963151643465624,0.8340449582654407,1.3440023287444802,2.0726002820285423
80,15,ode,focei,bobyqa,cov_VcCL,structural_other,0.02,14,26.644239663680068,29.484338259856564,26.644239663680068,40.98905021413853,63.534412349137085
80,15,ode,focei,bobyqa,var_CL,structural_other,0.1,14,1.0024108882581637,3.5948896929165244,11.577067922219728,13.83749412472412,23.047869512200307
80,15,ode,focei,bobyqa,var_Vc,structural_other,0.1,14,2.043516899950533,-1.9248430236939709,15.127918360897086,22.080761123140054,36.16515718164302
80,16,linCmt,focei,bobyqa,CLBW,covariate_beta,0.75,19,9.948724081038085,8.229225460489637,22.112151132962158,26.540733221887656,40.246827021442535
80,16,linCmt,focei,bobyqa,CLcrCL,covariate_beta,0.5,19,-6.216635707545237,-6.031548464968575,18.222743161112554,21.105702428799695,32.062025565547366
80,16,linCmt,focei,bobyqa,VcBW,covariate_beta,1,19,2.3093950732854696,-0.9078944627802267,13.750783823784985,16.323285877601627,24.71628725440146
80,16,linCmt,focei,bobyqa,VcSEX,covariate_beta,0.4054651081081644,19,-0.69846469678883,-1.7160257872791191,6.291037340046793,16.59814419375264,31.681973913926896
80,16,linCmt,focei,bobyqa,TVCL,structural_intercept,0.6,19,-9.042426047303858,-8.62791151410072,9.042426047303858,10.67576945532379,15.57820598887258
80,16,linCmt,focei,bobyqa,TVVc,structural_intercept,20,19,-8.459320427274832,-8.622624021852898,8.459320427274832,10.034505750222426,15.473940337496295
80,16,linCmt,focei,bobyqa,ResErr,structural_other,0.1,19,-0.9726966092106076,-0.8581752008057395,2.9122667494749925,4.597300506512838,7.35197825681872
80,16,linCmt,focei,bobyqa,TVKA,structural_other,0.7,19,4.7580986769649564e-14,4.7580986769649564e-14,4.7580986769649564e-14,4.7580986769649564e-14,4.7580986769649564e-14
80,16,linCmt,focei,bobyqa,TVQ,structural_other,1.8,19,1.6172352972276691,1.6021294408600548,1.6172352972276691,2.4360439018115216,4.288659818643513
80,16,linCmt,focei,bobyqa,TVVp,structural_other,80,19,0.30046221751620195,0.1544129155134951,0.6623098812417538,1.0866420634880711,1.8726277538520821
80,16,linCmt,focei,bobyqa,cov_VcCL,structural_other,0.02,19,-6.644195901913432,0.16674689453519104,32.2121593508159,39.142561283768,62.67976959688383
80,16,linCmt,focei,bobyqa,var_CL,structural_other,0.1,19,-7.374277594433348,-5.971009409178659,12.806555531160932,15.81002387974717,27.37323289853889
80,16,linCmt,focei,bobyqa,var_Vc,structural_other,0.1,19,-10.38385810625346,-5.16058333061509,19.788372756260706,28.513332885703672,37.30343376749246
80,16,ode,focei,bobyqa,CLBW,covariate_beta,0.75,16,7.219943984228568,3.5746457602186523,18.62609647118052,22.513896989429025,29.13063417336239
80,16,ode,focei,bobyqa,CLcrCL,covariate_beta,0.5,16,-9.170324922382905,-5.752340339894578,14.821016366148697,18.474097591576452,30.62672432739189
80,16,ode,focei,bobyqa,VcBW,covariate_beta,1,16,2.131202730290016,0.24924217212511784,11.88314253268581,15.420157985312546,25.98452486152726
80,16,ode,focei,bobyqa,VcSEX,covariate_beta,0.4054651081081644,16,-0.6907663920453045,-3.133739244001016,5.986846422201499,16.007263274969095,28.02322075775988
80,16,ode,focei,bobyqa,TVCL,structural_intercept,0.6,16,-8.113904679400735,-7.884272672297888,8.113904679400735,10.08322232612261,13.858782455069738
80,16,ode,focei,bobyqa,TVVc,structural_intercept,20,16,-8.48102382225,-8.258324210581259,8.48102382225,9.336524379581167,12.39536560575658
80,16,ode,focei,bobyqa,ResErr,structural_other,0.1,16,-0.5649855440677948,-0.7416604846404579,2.76475339036171,2.852457041303103,4.608250162229016
80,16,ode,focei,bobyqa,TVKA,structural_other,0.7,16,4.7580986769649564e-14,4.7580986769649564e-14,4.7580986769649564e-14,4.7580986769649564e-14,4.7580986769649564e-14
80,16,ode,focei,bobyqa,TVQ,structural_other,1.8,16,1.1871859288056539,1.3713574501231043,1.1871859288056539,2.228805057536707,3.9860437632606223
80,16,ode,focei,bobyqa,TVVp,structural_other,80,16,-0.07979327417974247,-0.029843560419026135,0.7295864796603357,1.1131874919555078,1.965165308496388
80,16,ode,focei,bobyqa,cov_VcCL,structural_other,0.02,16,8.334902202485235,8.261615416510859,33.96742967682892,40.02443271828314,61.33264960017972
80,16,ode,focei,bobyqa,var_CL,structural_other,0.1,16,-5.880585307011028,-6.419619284852694,14.345145764713532,15.609968233921117,23.19388484706667
80,16,ode,focei,bobyqa,var_Vc,structural_other,0.1,16,-2.8487569760988487,0.30548351478207647,13.740587863939052,28.322413931904233,38.77682689431226
300,1,linCmt,focei,bobyqa,TVCL,structural_intercept,0.6,90,0.917549789940723,0.7964278107750805,1.2405070721394074,1.9085566803973768,3.4324709942913687
300,1,linCmt,focei,bobyqa,TVVc,structural_intercept,20,90,2.0703579878250356,2.0919036939566324,2.3205540301763516,3.2185806724703205,5.059145317497786
300,1,linCmt,focei,bobyqa,ResErr,structural_other,0.1,90,0.6864751167366332,0.871291947608577,1.472390357250955,2.5892982012158163,4.414835521277245
300,1,linCmt,focei,bobyqa,TVKA,structural_other,0.7,90,0,0,0,0,0
300,1,linCmt,focei,bobyqa,TVQ,structural_other,1.8,90,2.1215977957031207,2.1409564775985626,2.1215977957031207,2.2697283838966094,3.158623811078496
300,1,linCmt,focei,bobyqa,TVVp,structural_other,80,90,0.4705977057166955,0.49223081747954883,0.5418332546781279,0.7568248266677436,1.284249943198832
300,1,linCmt,focei,bobyqa,cov_VcCL,structural_other,0.02,90,-10.176223521881642,-5.4343547586868945,21.6928393595569,27.378416414527507,43.54180388241499
300,1,linCmt,focei,bobyqa,var_CL,structural_other,0.1,90,-1.738864815025873,-2.2712459940649747,5.280434494498914,9.08494731058276,15.56378038191638
300,1,linCmt,focei,bobyqa,var_Vc,structural_other,0.1,90,-3.593030599289046,-3.2063179569604765,8.393340900589783,13.335814748416352,21.005864142215728
300,1,ode,focei,bobyqa,TVCL,structural_intercept,0.6,91,0.8947849594100332,0.7349022339952174,1.1885269051509217,1.8759094153415903,3.3578700411357096
300,1,ode,focei,bobyqa,TVVc,structural_intercept,20,91,1.9847277198066318,1.973659191253905,2.168682527464174,3.151328945538783,5.090969333367195
300,1,ode,focei,bobyqa,ResErr,structural_other,0.1,91,0.6424846717369426,0.787385792843074,1.5271834523719607,2.550340441937492,4.324083448431271
300,1,ode,focei,bobyqa,TVKA,structural_other,0.7,91,0,0,0,0,0
300,1,ode,focei,bobyqa,TVQ,structural_other,1.8,91,2.0802606298328095,2.101836431727394,2.0802606298328095,2.2307410791933675,3.077040343815877
300,1,ode,focei,bobyqa,TVVp,structural_other,80,91,0.5130980501212612,0.49776684344612737,0.5505075886045141,0.7646032933672312,1.3011895461936973
300,1,ode,focei,bobyqa,cov_VcCL,structural_other,0.02,91,-6.987277639102542,-4.552245478018327,21.697751031183962,26.92252504338157,39.66280600607063
300,1,ode,focei,bobyqa,var_CL,structural_other,0.1,91,-1.767882590891348,-2.1576956349885172,5.609964017714978,9.09286182140437,15.883848509285482
300,1,ode,focei,bobyqa,var_Vc,structural_other,0.1,91,-3.709167344629949,-2.542405869276519,8.024464582399707,13.160919061653662,21.40478965241127
300,2,linCmt,focei,bobyqa,VcSEX,covariate_beta,0.4054651081081644,85,1.0539949200957797,-0.24459202534187194,7.095776798168836,11.873698037607921,20.232446067983563
300,2,linCmt,focei,bobyqa,TVCL,structural_intercept,0.6,85,0.6700480814746206,0.7918969768174147,1.4021022331758837,2.0560628190127637,3.5925942919725222
300,2,linCmt,focei,bobyqa,TVVc,structural_intercept,20,85,0.7223655215995173,1.133868086324517,2.2452607674721214,3.6425799969311563,6.0196954184580775
300,2,linCmt,focei,bobyqa,ResErr,structural_other,0.1,85,-0.13946664264928577,0.2519615317780661,2.0425191929282493,2.804178787553686,4.798104819659008
300,2,linCmt,focei,bobyqa,TVKA,structural_other,0.7,85,4.7580986769649564e-14,4.7580986769649564e-14,4.7580986769649564e-14,4.7580986769649564e-14,4.7580986769649564e-14
300,2,linCmt,focei,bobyqa,TVQ,structural_other,1.8,85,1.822420028003307,1.783084624444172,1.822420028003307,2.0232498734148563,3.0004377889749705
300,2,linCmt,focei,bobyqa,TVVp,structural_other,80,85,0.2847663112311771,0.3048585394531642,0.47546671947578995,0.6989435880584512,1.2429062317042505
300,2,linCmt,focei,bobyqa,cov_VcCL,structural_other,0.02,85,-2.010667878414793,-1.2154594817502629,17.283227511177365,24.75152500299373,42.4881158241724
300,2,linCmt,focei,bobyqa,var_CL,structural_other,0.1,85,0.2511446318044369,0.08518852275836462,5.49054736520338,7.69583705920556,11.6225886105047
300,2,linCmt,focei,bobyqa,var_Vc,structural_other,0.1,85,-1.5754670977558143,-1.9875676956571091,7.947707283703018,11.35248019702632,18.633807487627656
300,2,ode,focei,bobyqa,VcSEX,covariate_beta,0.4054651081081644,86,1.4500041591732258,-0.36442175186982007,6.978565809829583,11.952226150729963,20.234221381163703
300,2,ode,focei,bobyqa,TVCL,structural_intercept,0.6,86,0.6711885113207158,0.8265921870149646,1.3956757223481109,2.1465107032213213,3.6785760553958156
300,2,ode,focei,bobyqa,TVVc,structural_intercept,20,86,0.7700863836070848,1.1377913639319153,2.232543490145966,3.6649896753234215,6.0224403452490005
300,2,ode,focei,bobyqa,ResErr,structural_other,0.1,86,-0.10610902132047323,0.1999142787033148,2.054608709074812,2.79353068389696,4.720443597597164
300,2,ode,focei,bobyqa,TVKA,structural_other,0.7,86,4.7580986769649564e-14,4.7580986769649564e-14,4.7580986769649564e-14,4.7580986769649564e-14,4.7580986769649564e-14
300,2,ode,focei,bobyqa,TVQ,structural_other,1.8,86,1.8051375098746856,1.7671860986662384,1.8051375098746856,2.0104165469924733,3.011725704530541
300,2,ode,focei,bobyqa,TVVp,structural_other,80,86,0.29225023843266307,0.30544507877606875,0.4789170755161632,0.7023794918456833,1.2266516089535084
300,2,ode,focei,bobyqa,cov_VcCL,structural_other,0.02,86,-5.365125011402225,-3.758502664300747,17.623690927852152,25.96409916334361,44.768794272036786
300,2,ode,focei,bobyqa,var_CL,structural_other,0.1,86,0.27012791011825354,0.0025433771231325023,5.654030711060291,7.6780215978613855,11.626459954556259
300,2,ode,focei,bobyqa,var_Vc,structural_other,0.1,86,-1.794173401344329,-1.6789457185588699,8.00597313723455,11.411317685896035,18.073356859389197
300,3,linCmt,focei,bobyqa,VcBW,covariate_beta,1,82,0.7839112224507727,0.38380430051776343,4.636313735794445,8.080878991387443,13.141348717865394
300,3,linCmt,focei,bobyqa,TVCL,structural_intercept,0.6,82,0.9128726184281881,0.8131671978648639,1.500356951953367,2.128056807232149,3.6807359584199375
300,3,linCmt,focei,bobyqa,TVVc,structural_intercept,20,82,1.260186605302085,1.2468200983130835,1.7907681366205443,2.706720351171869,4.426104202114247
300,3,linCmt,focei,bobyqa,ResErr,structural_other,0.1,82,0.7865216971794098,0.8329829097648009,1.610763723188975,2.5583565994703408,4.2737044931988475
300,3,linCmt,focei,bobyqa,TVKA,structural_other,0.7,82,4.7580986769649564e-14,4.7580986769649564e-14,4.7580986769649564e-14,4.7580986769649564e-14,4.7580986769649564e-14
300,3,linCmt,focei,bobyqa,TVQ,structural_other,1.8,82,2.0575872147672745,2.0686491871763066,2.0575872147672745,2.262958733399215,3.2629684583694405
300,3,linCmt,focei,bobyqa,TVVp,structural_other,80,82,0.4764395124941779,0.46048076049001435,0.551110602580529,0.7975318243987802,1.2133034582755509
300,3,linCmt,focei,bobyqa,cov_VcCL,structural_other,0.02,82,2.472719716797899,1.04542250469727,16.510275422899547,25.1286573552777,44.352483464741596
300,3,linCmt,focei,bobyqa,var_CL,structural_other,0.1,82,-0.3692616713471819,-0.484247896760739,6.275176976111865,8.309324220767733,13.585787405763286
300,3,linCmt,focei,bobyqa,var_Vc,structural_other,0.1,82,-4.925097213123321,-4.517952484937358,8.337355746426079,12.957162034977618,19.04198591833747
300,3,ode,focei,bobyqa,VcBW,covariate_beta,1,88,0.7430576655612975,0.7635913625859413,4.586430869315572,8.284769133826982,13.56538006184476
300,3,ode,focei,bobyqa,TVCL,structural_intercept,0.6,88,0.6455668461581114,0.7112971872346558,1.4570911530559598,2.0986733302281766,3.5908887969001957
300,3,ode,focei,bobyqa,TVVc,structural_intercept,20,88,1.2766798792194758,1.2053681387380606,1.8047309141636345,2.7066103098135157,4.3644129112003185
300,3,ode,focei,bobyqa,ResErr,structural_other,0.1,88,0.8154850287342558,0.7644365098842498,1.5786442103624467,2.436100934017091,4.153057067869972
300,3,ode,focei,bobyqa,TVKA,structural_other,0.7,88,4.7580986769649564e-14,4.7580986769649564e-14,4.7580986769649564e-14,4.7580986769649564e-14,4.7580986769649564e-14
300,3,ode,focei,bobyqa,TVQ,structural_other,1.8,88,2.02700109397184,2.0405495880244593,2.02700109397184,2.2323779987287526,3.1000132821250546
300,3,ode,focei,bobyqa,TVVp,structural_other,80,88,0.464236053218583,0.4567203655270898,0.5406916725309596,0.8115768858661874,1.2502476637900237
300,3,ode,focei,bobyqa,cov_VcCL,structural_other,0.02,88,0.16640724256914916,0.0337717226868369,17.56500061212907,26.63058698392441,47.996485033022594
300,3,ode,focei,bobyqa,var_CL,structural_other,0.1,88,-0.12333888748366356,-0.5592422755741608,6.4780128686929075,8.53353907704906,13.948620748104707
300,3,ode,focei,bobyqa,var_Vc,structural_other,0.1,88,-4.707261246323313,-3.9651642548420387,9.268904341464824,13.073504794081318,19.347206844554123
300,4,linCmt,focei,bobyqa,VcBW,covariate_beta,1,86,1.8289924491059706,0.9422650147351266,5.838001662293591,9.179411674480917,15.600269504007791
300,4,linCmt,focei,bobyqa,VcSEX,covariate_beta,0.4054651081081644,86,-0.7041502429467933,-1.082604486264756,8.222345362567161,11.441611572842792,19.398841003038715
300,4,linCmt,focei,bobyqa,TVCL,structural_intercept,0.6,86,0.5492453189416454,0.7799854269718615,1.20335337263483,2.091847161626487,3.3371804244494427
300,4,linCmt,focei,bobyqa,TVVc,structural_intercept,20,86,1.370945214270325,1.4424265900494144,2.334145968772701,3.458895304989122,5.243876473966083
300,4,linCmt,focei,bobyqa,ResErr,structural_other,0.1,86,0.4570370907734239,0.15204895737897478,1.6084950853524211,2.3117921406399415,3.5067519694995455
300,4,linCmt,focei,bobyqa,TVKA,structural_other,0.7,86,4.7580986769649564e-14,4.7580986769649564e-14,4.7580986769649564e-14,4.7580986769649564e-14,4.7580986769649564e-14
300,4,linCmt,focei,bobyqa,TVQ,structural_other,1.8,86,1.919168271942199,1.82025881562793,1.919168271942199,2.0495641431187184,2.9087819604392613
300,4,linCmt,focei,bobyqa,TVVp,structural_other,80,86,0.2700242633507344,0.2593418548361996,0.4741476335476414,0.6620906550649743,1.0543768285045374
300,4,linCmt,focei,bobyqa,cov_VcCL,structural_other,0.02,86,-1.789859634199623,-1.7984986629256992,14.392216427864424,22.99091830687972,34.984399664411114
300,4,linCmt,focei,bobyqa,var_CL,structural_other,0.1,86,-0.688152145543533,-0.23719444942474918,5.083636992393309,7.3973373705107734,11.991298917172488
300,4,linCmt,focei,bobyqa,var_Vc,structural_other,0.1,86,-1.8500841656888118,-3.9397001941279655,8.586281247980075,12.471578468053874,21.89244059889237
300,4,ode,focei,bobyqa,VcBW,covariate_beta,1,85,1.128932806341254,0.9094639613100147,6.421815776883644,9.534809871986358,15.812765083495409
300,4,ode,focei,bobyqa,VcSEX,covariate_beta,0.4054651081081644,85,-1.116134911058742,-1.4810620052773358,8.555403594711835,11.815172154207318,20.264581283855897
300,4,ode,focei,bobyqa,TVCL,structural_intercept,0.6,85,0.517664666658979,0.682546266606787,1.1866308769989398,2.1055933190672342,3.475828134199388
300,4,ode,focei,bobyqa,TVVc,structural_intercept,20,85,1.4327500465712184,1.5026639090000782,2.3300421778146507,3.462826451069186,5.401955272323873
300,4,ode,focei,bobyqa,ResErr,structural_other,0.1,85,0.45410308290831647,0.1108040753246336,1.6461403415739957,2.319246708344609,3.52299879962057
300,4,ode,focei,bobyqa,TVKA,structural_other,0.7,85,4.7580986769649564e-14,4.7580986769649564e-14,4.7580986769649564e-14,4.7580986769649564e-14,4.7580986769649564e-14
300,4,ode,focei,bobyqa,TVQ,structural_other,1.8,85,1.9129618487337592,1.8352832051551864,1.9129618487337592,2.0702996993425438,2.894375266705465
300,4,ode,focei,bobyqa,TVVp,structural_other,80,85,0.2574298699368782,0.24373918081351695,0.46159236334037956,0.6500558236298817,1.0646506131734599
300,4,ode,focei,bobyqa,cov_VcCL,structural_other,0.02,85,-3.510030093244101,-2.8573801576024063,17.52467050703166,24.555474124169514,36.31379523712728
300,4,ode,focei,bobyqa,var_CL,structural_other,0.1,85,-1.0554542981051906,-0.6764224296662222,5.191082349008044,7.591294148704359,12.224733745126398
300,4,ode,focei,bobyqa,var_Vc,structural_other,0.1,85,-1.7314083881623117,-3.572028958492652,8.717237193024793,12.341741552549355,21.56944527810911
300,5,linCmt,focei,bobyqa,CLcrCL,covariate_beta,0.5,88,0.47614938783412386,1.252428675124537,5.478393357801837,9.01164574492915,15.726651549424847
300,5,linCmt,focei,bobyqa,TVCL,structural_intercept,0.6,88,0.8994263634763041,0.9329405127902961,1.1646017357083427,2.013338589489821,3.52501381985418
300,5,linCmt,focei,bobyqa,TVVc,structural_intercept,20,88,1.7488502812096574,1.7438403017659747,2.0811702935933414,2.759712689270199,4.446046985293955
300,5,linCmt,focei,bobyqa,ResErr,structural_other,0.1,88,0.4328147508121591,0.6523995201643272,1.6802223811178616,2.7375891844485416,4.658344262163875
300,5,linCmt,focei,bobyqa,TVKA,structural_other,0.7,88,4.7580986769649564e-14,4.7580986769649564e-14,4.7580986769649564e-14,4.7580986769649564e-14,4.7580986769649564e-14
300,5,linCmt,focei,bobyqa,TVQ,structural_other,1.8,88,2.172283684376213,2.0065351205779334,2.172283684376213,2.1740601137925775,3.126532256934099
300,5,linCmt,focei,bobyqa,TVVp,structural_other,80,88,0.3625974498067297,0.4623732261774697,0.46673841110036923,0.7429322127916826,1.1814382816330704
300,5,linCmt,focei,bobyqa,cov_VcCL,structural_other,0.02,88,-3.274340965966792,-4.417781418738051,18.58170930111951,29.810173055552436,49.704692878052846
300,5,linCmt,focei,bobyqa,var_CL,structural_other,0.1,88,-3.8771748387023686,-2.7292292650229677,6.074137346404801,8.659863870397462,13.776627519583245
300,5,linCmt,focei,bobyqa,var_Vc,structural_other,0.1,88,-0.4581015617376588,-2.1387933800711445,8.278310992802664,12.82838782625334,21.735145673411072
300,5,ode,focei,bobyqa,CLcrCL,covariate_beta,0.5,88,0.45858753494771864,1.2504231635128207,5.241995742279981,8.916995713537707,15.67602563642588
300,5,ode,focei,bobyqa,TVCL,structural_intercept,0.6,88,0.869698583682299,0.9005300798446916,1.1627337432172924,2.0005417469455127,3.4945477335759034
300,5,ode,focei,bobyqa,TVVc,structural_intercept,20,88,1.720799643317461,1.7280933469781248,2.09931443817923,2.739328381939995,4.411611022953005
300,5,ode,focei,bobyqa,ResErr,structural_other,0.1,88,0.24691762487505375,0.4709928775560663,1.7843295369061805,2.575046720935125,4.425591945198428
300,5,ode,focei,bobyqa,TVKA,structural_other,0.7,88,4.7580986769649564e-14,4.7580986769649564e-14,4.7580986769649564e-14,4.7580986769649564e-14,4.7580986769649564e-14
300,5,ode,focei,bobyqa,TVQ,structural_other,1.8,88,2.1509511061833706,1.9616043552183133,2.1509511061833706,2.1322675145422854,3.1012067862326367
300,5,ode,focei,bobyqa,TVVp,structural_other,80,88,0.332314338388473,0.42912822810241114,0.44670940801545994,0.7133853768545578,1.1362985320718835
300,5,ode,focei,bobyqa,cov_VcCL,structural_other,0.02,88,-2.1078433510083197,-5.435635416416824,18.570580287614447,28.94889688186379,47.28976315894356
300,5,ode,focei,bobyqa,var_CL,structural_other,0.1,88,-3.8348795877117885,-2.7232437583636098,6.210055494991637,8.643412428109704,13.19589356029689
300,5,ode,focei,bobyqa,var_Vc,structural_other,0.1,88,0.2439765762353649,-1.3630002864670552,8.523930468899135,12.670508559270182,21.035953580980728
300,6,linCmt,focei,bobyqa,CLcrCL,covariate_beta,0.5,89,1.8605002769904733,0.9174716951266825,5.989418310411843,8.694340232976893,11.936356054985572
300,6,linCmt,focei,bobyqa,VcSEX,covariate_beta,0.4054651081081644,89,-1.3078811906783865,0.33125324536102607,8.153380407460535,11.067671295869474,18.866822343565776
300,6,linCmt,focei,bobyqa,TVCL,structural_intercept,0.6,89,0.8936350201202611,0.6965513042360453,1.3041139789618887,1.7566630915797612,2.7194349377472156
300,6,linCmt,focei,bobyqa,TVVc,structural_intercept,20,89,1.2167827387459873,1.2137688956000832,2.5378728496272096,3.526057843088985,5.5884046127863245
300,6,linCmt,focei,bobyqa,ResErr,structural_other,0.1,89,-0.18298157139909343,0.09358752711060267,1.7301904755850916,2.5521150592479316,4.4751428950608965
300,6,linCmt,focei,bobyqa,TVKA,structural_other,0.7,89,4.7580986769649564e-14,4.7580986769649564e-14,4.7580986769649564e-14,4.7580986769649564e-14,4.7580986769649564e-14
300,6,linCmt,focei,bobyqa,TVQ,structural_other,1.8,89,2.170188659748335,2.1240103685266196,2.170188659748335,2.3167901258996335,3.2316835698731436
300,6,linCmt,focei,bobyqa,TVVp,structural_other,80,89,0.3852963154817246,0.4213065430477114,0.5436866321523048,0.738674817213133,1.09153037752942
300,6,linCmt,focei,bobyqa,cov_VcCL,structural_other,0.02,89,-5.162795526723954,-2.442694326108696,17.075171617468854,27.16073853701748,40.37174116811097
300,6,linCmt,focei,bobyqa,var_CL,structural_other,0.1,89,-1.279928018052809,-0.4665545023442733,5.877003067990383,9.022911948412094,14.828331430322194
300,6,linCmt,focei,bobyqa,var_Vc,structural_other,0.1,89,-2.761672620559541,-3.2510227341357765,9.210356428838482,12.228709816980366,19.875384235030474
300,6,ode,focei,bobyqa,CLcrCL,covariate_beta,0.5,88,1.9246939705336863,0.9607203878706373,6.013848724564958,8.731832069945938,12.343243021464472
300,6,ode,focei,bobyqa,VcSEX,covariate_beta,0.4054651081081644,88,-1.5252750421771915,0.1651426280339796,8.025964992916798,10.999938519802118,18.720885507789024
300,6,ode,focei,bobyqa,TVCL,structural_intercept,0.6,88,0.8359680689315659,0.6525114647654106,1.3035862209962168,1.7465389799029574,2.7131549827032213
300,6,ode,focei,bobyqa,TVVc,structural_intercept,20,88,1.2580478398090111,1.2133384773973415,2.5541372562380356,3.525494720985866,5.555116146204575
300,6,ode,focei,bobyqa,ResErr,structural_other,0.1,88,-0.20591279925842587,0.04176339296608413,1.7760182165729859,2.573240462996889,4.509775830054876
300,6,ode,focei,bobyqa,TVKA,structural_other,0.7,88,4.7580986769649564e-14,4.7580986769649564e-14,4.7580986769649564e-14,4.7580986769649564e-14,4.7580986769649564e-14
300,6,ode,focei,bobyqa,TVQ,structural_other,1.8,88,2.144979291201523,2.091119205826184,2.144979291201523,2.287939070677884,3.1711389950286586
300,6,ode,focei,bobyqa,TVVp,structural_other,80,88,0.38261780522341304,0.4129898439424121,0.5436790751221743,0.7363845308905609,1.0940282507929524
300,6,ode,focei,bobyqa,cov_VcCL,structural_other,0.02,88,-4.261777641345393,-1.9403608468363767,16.391047276372216,27.111945323104187,40.52393496308334
300,6,ode,focei,bobyqa,var_CL,structural_other,0.1,88,-1.0296142643767756,-0.14486646593225627,6.11913243786151,8.861950340505334,13.968124069991338
300,6,ode,focei,bobyqa,var_Vc,structural_other,0.1,88,-2.5311178740704126,-2.7264222332918355,8.589532321740263,12.193743435591903,19.93424463679439
300,7,linCmt,focei,bobyqa,CLcrCL,covariate_beta,0.5,71,0.19213397842210433,-0.6241360528453849,5.369036954999585,8.57493098568866,13.556169938821384
300,7,linCmt,focei,bobyqa,VcBW,covariate_beta,1,71,0.3307958756002982,0.6523037557709642,7.023261327288899,9.344592865002992,14.776004888931782
300,7,linCmt,focei,bobyqa,TVCL,structural_intercept,0.6,71,0.8564112750621041,1.0205580598413007,1.4547524537584604,2.235507808551359,3.7135672621168943
300,7,linCmt,focei,bobyqa,TVVc,structural_intercept,20,71,0.6413167193193559,1.3841873106916025,1.6502621537707363,3.165937278590783,4.943115255130266
300,7,linCmt,focei,bobyqa,ResErr,structural_other,0.1,71,-0.032045620583412426,-0.14568874032637302,1.8600684068755395,2.471085809268726,3.9006393176016783
300,7,linCmt,focei,bobyqa,TVKA,structural_other,0.7,71,4.7580986769649564e-14,4.7580986769649564e-14,4.7580986769649564e-14,4.7580986769649564e-14,4.7580986769649564e-14
300,7,linCmt,focei,bobyqa,TVQ,structural_other,1.8,71,1.9902830091044703,1.9574059702910138,1.9902830091044703,2.1246483284873974,2.8724029125581176
300,7,linCmt,focei,bobyqa,TVVp,structural_other,80,71,0.4926302551991846,0.4883933928346829,0.5434399073988061,0.7483962508705305,1.1437084260473895
300,7,linCmt,focei,bobyqa,cov_VcCL,structural_other,0.02,71,-5.553880435944843,-4.395594667761894,18.76496341538771,27.614288205710423,40.38495340501441
300,7,linCmt,focei,bobyqa,var_CL,structural_other,0.1,71,-2.564733074939998,-2.553768836698581,6.164568412203087,10.069390303290259,18.22587499502934
300,7,linCmt,focei,bobyqa,var_Vc,structural_other,0.1,71,-5.440050772274358,-3.454612169165621,9.408375313550653,13.573154030110715,21.86181807789793
300,7,ode,focei,bobyqa,CLcrCL,covariate_beta,0.5,74,-0.15616653958368532,-0.9283261204385834,5.35717657586331,8.514560961234546,13.27767845016308
300,7,ode,focei,bobyqa,VcBW,covariate_beta,1,74,-0.060894830771085484,0.44298701752993286,7.282422311238024,9.639335199150441,14.947019881781426
300,7,ode,focei,bobyqa,TVCL,structural_intercept,0.6,74,0.7291327923963642,0.9362405179612718,1.3130526890225702,2.1238548571047735,3.620175866457534
300,7,ode,focei,bobyqa,TVVc,structural_intercept,20,74,0.6216885858605359,1.4541839130590322,1.6885032794189847,3.200675131070916,5.375074669273287
300,7,ode,focei,bobyqa,ResErr,structural_other,0.1,74,0.03888134430914125,-0.17877278521189316,1.866872997433454,2.4554071159298694,3.734813250629109
300,7,ode,focei,bobyqa,TVKA,structural_other,0.7,74,4.7580986769649564e-14,4.7580986769649564e-14,4.7580986769649564e-14,4.7580986769649564e-14,4.7580986769649564e-14
300,7,ode,focei,bobyqa,TVQ,structural_other,1.8,74,1.9440218255536434,1.9415344518507234,1.9440218255536434,2.0963278330943447,2.8662523986510244
300,7,ode,focei,bobyqa,TVVp,structural_other,80,74,0.4612235254965657,0.47116086868066387,0.5220658029070169,0.7378129649404119,1.1265628794783833
300,7,ode,focei,bobyqa,cov_VcCL,structural_other,0.02,74,-7.610112681212811,-4.842788048313078,18.416411824417533,27.391014136717253,41.28606799606083
300,7,ode,focei,bobyqa,var_CL,structural_other,0.1,74,-2.8601019514043826,-2.667764067937019,6.0927490087430565,9.972863052350652,18.279052413224008
300,7,ode,focei,bobyqa,var_Vc,structural_other,0.1,74,-4.702623551328388,-3.0110317447111052,9.239539271762984,13.634365019613917,21.958072157532914
300,8,linCmt,focei,bobyqa,CLcrCL,covariate_beta,0.5,73,0.1318255581304495,-0.27417006605390826,8.157121885838004,9.906819993273809,14.398976596464175
300,8,linCmt,focei,bobyqa,VcBW,covariate_beta,1,73,0.31684673502943017,1.0872836489171247,5.640204336863386,9.600429848166666,15.65596499602041
300,8,linCmt,focei,bobyqa,VcSEX,covariate_beta,0.4054651081081644,73,0.18761466122712256,-0.4629802095808254,8.11227234305205,10.6513011214955,17.364655714775246
300,8,linCmt,focei,bobyqa,TVCL,structural_intercept,0.6,73,0.762739891399189,0.9065202758352567,1.10471956572152,1.853738338866863,3.214317725908785
300,8,linCmt,focei,bobyqa,TVVc,structural_intercept,20,73,1.1789709405749704,1.532567625133279,2.6178494325287893,3.464148487368954,5.844546160995935
300,8,linCmt,focei,bobyqa,ResErr,structural_other,0.1,73,0.40852989520563654,0.2972373716935974,1.779855987493209,2.3457899290315027,3.9622366400816054
300,8,linCmt,focei,bobyqa,TVKA,structural_other,0.7,73,4.7580986769649564e-14,4.7580986769649564e-14,4.7580986769649564e-14,4.7580986769649564e-14,4.7580986769649564e-14
300,8,linCmt,focei,bobyqa,TVQ,structural_other,1.8,73,1.9449957042246588,1.894169318969308,1.9449957042246588,2.0892964995080523,3.1542293394214034
300,8,linCmt,focei,bobyqa,TVVp,structural_other,80,73,0.399225345252745,0.2765657641646029,0.5096037463120417,0.6380425670752964,0.9597223630610293
300,8,linCmt,focei,bobyqa,cov_VcCL,structural_other,0.02,73,1.803363695200861,2.9710559187797494,13.723155150056968,22.01331317424475,37.246312831649355
300,8,linCmt,focei,bobyqa,var_CL,structural_other,0.1,73,-1.7054034106187692,-1.0678305019155936,5.016114472429015,8.850610839513715,14.655220866335075
300,8,linCmt,focei,bobyqa,var_Vc,structural_other,0.1,73,-4.507696253450197,-2.8791876325022536,8.36904786085868,10.32195835820622,16.767018669921068
300,8,ode,focei,bobyqa,CLcrCL,covariate_beta,0.5,74,-0.679873635532513,-0.283861966905893,8.031886668410687,9.80876285271221,14.420241011203053
300,8,ode,focei,bobyqa,VcBW,covariate_beta,1,74,-0.03722270599894051,0.7951300140233181,5.833329648567743,9.767481082673385,15.425637279594664
300,8,ode,focei,bobyqa,VcSEX,covariate_beta,0.4054651081081644,74,0.25450437843286045,0.07242042322019658,8.008355024331797,10.561183173400215,16.904990656940445
300,8,ode,focei,bobyqa,TVCL,structural_intercept,0.6,74,0.743510855790469,0.7613312441680224,1.070492919044023,1.6930863943495709,2.9179105918893145
300,8,ode,focei,bobyqa,TVVc,structural_intercept,20,74,1.8301584686686654,1.568242867894383,2.6478405100819025,3.4308940842051174,5.645619378941183
300,8,ode,focei,bobyqa,ResErr,structural_other,0.1,74,0.44996735045142733,0.38691483495601486,1.9049796609784397,2.348206898189177,3.9863809143568156
300,8,ode,focei,bobyqa,TVKA,structural_other,0.7,74,4.7580986769649564e-14,4.7580986769649564e-14,4.7580986769649564e-14,4.7580986769649564e-14,4.7580986769649564e-14
300,8,ode,focei,bobyqa,TVQ,structural_other,1.8,74,1.9259068244443975,1.8755667377089773,1.9259068244443975,2.0723816868018776,3.1195598444367327
300,8,ode,focei,bobyqa,TVVp,structural_other,80,74,0.3986609348705539,0.2617185684005919,0.5398453651170865,0.6580791631195732,0.9810178457285536
300,8,ode,focei,bobyqa,cov_VcCL,structural_other,0.02,74,1.5443273932942616,0.9697081182673363,13.920728955256061,21.23608483161441,34.406329770737926
300,8,ode,focei,bobyqa,var_CL,structural_other,0.1,74,-1.5545220362508105,-1.428911193570475,4.962176950921195,8.756132929531327,13.962513570356672
300,8,ode,focei,bobyqa,var_Vc,structural_other,0.1,74,-4.3603319830682885,-3.0978158355157883,7.4915993688478215,9.668204676173744,15.071781223717618
300,9,linCmt,focei,bobyqa,CLBW,covariate_beta,0.75,68,-0.6573113517783483,-0.1480543099314862,5.195617513480492,9.79399909577679,18.183533369832645
300,9,linCmt,focei,bobyqa,TVCL,structural_intercept,0.6,68,0.7833141934200835,0.7791154424883234,1.8433329488133365,2.254067146709897,3.3888095759683807
300,9,linCmt,focei,bobyqa,TVVc,structural_intercept,20,68,1.602391430137633,1.5596534593972418,2.055682218163355,2.932777981759113,5.016003625192434
300,9,linCmt,focei,bobyqa,ResErr,structural_other,0.1,68,0.6455096857740719,0.644658699911783,1.732449989463626,2.2425046345251745,3.5573610887391296
300,9,linCmt,focei,bobyqa,TVKA,structural_other,0.7,68,4.7580986769649564e-14,4.7580986769649564e-14,4.7580986769649564e-14,4.7580986769649564e-14,4.7580986769649564e-14
300,9,linCmt,focei,bobyqa,TVQ,structural_other,1.8,68,2.348591048003279,2.34311894057901,2.348591048003279,2.457344602324268,3.2668566587572703
300,9,linCmt,focei,bobyqa,TVVp,structural_other,80,68,0.6727795594099372,0.6120645908814193,0.6727795594099372,0.7947670281304349,1.316368792042779
300,9,linCmt,focei,bobyqa,cov_VcCL,structural_other,0.02,68,1.8570702219731365,1.2070628100449767,12.95186490937155,24.124100750514515,42.674809999286936
300,9,linCmt,focei,bobyqa,var_CL,structural_other,0.1,68,-2.4658560204723554,-2.4860482656673555,5.932497428613827,8.88506969766603,15.107019129004328
300,9,linCmt,focei,bobyqa,var_Vc,structural_other,0.1,68,1.5542623129811763,0.6014997354486821,8.214134541409928,13.25535027871235,22.28693786458703
300,9,ode,focei,bobyqa,CLBW,covariate_beta,0.75,68,-0.3894335441229968,-0.4899834330628729,5.3178378297870825,9.111343344317739,15.846588861412512
300,9,ode,focei,bobyqa,TVCL,structural_intercept,0.6,68,0.8412918917133546,0.8105878345148967,1.7767682931077167,2.1699844418887726,3.30224707473348
300,9,ode,focei,bobyqa,TVVc,structural_intercept,20,68,1.5014471282849673,1.4448380164191637,1.863825863190911,2.8771893791707637,4.857110614344237
300,9,ode,focei,bobyqa,ResErr,structural_other,0.1,68,0.4599359242332887,0.40194021187291784,1.6505012557309837,2.078808920595635,3.250408580878561
300,9,ode,focei,bobyqa,TVKA,structural_other,0.7,68,4.7580986769649564e-14,4.7580986769649564e-14,4.7580986769649564e-14,4.7580986769649564e-14,4.7580986769649564e-14
300,9,ode,focei,bobyqa,TVQ,structural_other,1.8,68,2.2655599867372325,2.322954781318708,2.2655599867372325,2.4429449167576665,3.2363722286243415
300,9,ode,focei,bobyqa,TVVp,structural_other,80,68,0.6614666855210594,0.6105234894035076,0.6614666855210594,0.8010174893730124,1.3385713153757024
300,9,ode,focei,bobyqa,cov_VcCL,structural_other,0.02,68,3.455039329006513,0.313298889804271,14.424056568087263,25.354420715773934,43.188394048128856
300,9,ode,focei,bobyqa,var_CL,structural_other,0.1,68,-2.8572119818711452,-2.484151286193563,5.778453463235612,9.0948858221322,15.458863662501997
300,9,ode,focei,bobyqa,var_Vc,structural_other,0.1,68,2.2542206406171093,1.3607572178046645,8.280236919137533,13.191566884496384,21.545558784053604
300,10,linCmt,focei,bobyqa,CLBW,covariate_beta,0.75,77,1.9691006250366794,1.0794631205679575,7.583430933079975,10.51111309017089,17.37231706573896
300,10,linCmt,focei,bobyqa,VcSEX,covariate_beta,0.4054651081081644,77,-1.5540366385998523,-0.015618777364771373,6.542352021393244,9.832674298358949,15.736659508596032
300,10,linCmt,focei,bobyqa,TVCL,structural_intercept,0.6,77,-7.765494118431786,-8.11201383709504,7.765494118431786,8.648980391588466,11.958980706499911
300,10,linCmt,focei,bobyqa,TVVc,structural_intercept,20,77,0.9705906787333342,1.28476280833659,2.3762821175802706,3.2245191462741447,5.38330231412147
300,10,linCmt,focei,bobyqa,ResErr,structural_other,0.1,77,-0.21403027077217252,0.11047874599852708,1.3412099666706145,2.114377219480386,3.597687831237607
300,10,linCmt,focei,bobyqa,TVKA,structural_other,0.7,77,4.7580986769649564e-14,4.7580986769649564e-14,4.7580986769649564e-14,4.7580986769649564e-14,4.7580986769649564e-14
300,10,linCmt,focei,bobyqa,TVQ,structural_other,1.8,77,1.9717437455044124,2.0498474692246873,1.9717437455044124,2.2336562127328574,3.0542847100536825
300,10,linCmt,focei,bobyqa,TVVp,structural_other,80,77,0.45306090087528617,0.49117873739950674,0.5953935235069174,0.8221255102411056,1.3209295618627834
300,10,linCmt,focei,bobyqa,cov_VcCL,structural_other,0.02,77,-0.9581990037806076,2.8845675301564735,19.901706970351878,28.520164450987544,46.91893686310888
300,10,linCmt,focei,bobyqa,var_CL,structural_other,0.1,77,1.1812860173480293,0.21390072784321146,6.360443557905715,7.6906913591600485,11.734423435876662
300,10,linCmt,focei,bobyqa,var_Vc,structural_other,0.1,77,-3.878216014167352,-1.3583303416112367,9.414407650139331,12.970364484361113,21.052108504513207
300,10,ode,focei,bobyqa,CLBW,covariate_beta,0.75,73,2.137886509405244,1.339316472952649,7.099529828364481,10.632854164219506,18.196874075269413
300,10,ode,focei,bobyqa,VcSEX,covariate_beta,0.4054651081081644,73,-0.1661502613675957,0.2188642310440136,6.808668852446845,9.901990729780742,16.083685775398493
300,10,ode,focei,bobyqa,TVCL,structural_intercept,0.6,73,-8.0716474807724,-8.319912025251385,8.0716474807724,8.817888413316547,12.079558860774945
300,10,ode,focei,bobyqa,TVVc,structural_intercept,20,73,0.7362217756339007,1.219850734902986,2.312658170164479,3.224863175826205,5.2456986028726105
300,10,ode,focei,bobyqa,ResErr,structural_other,0.1,73,-0.23605783561053695,0.08104296744185832,1.3221830645033101,2.208414161548937,4.063796144021211
300,10,ode,focei,bobyqa,TVKA,structural_other,0.7,73,4.7580986769649564e-14,4.7580986769649564e-14,4.7580986769649564e-14,4.7580986769649564e-14,4.7580986769649564e-14
300,10,ode,focei,bobyqa,TVQ,structural_other,1.8,73,1.9275887320365164,2.012387298262437,1.9275887320365164,2.184461448930204,3.0267123337243005
300,10,ode,focei,bobyqa,TVVp,structural_other,80,73,0.3708036959237937,0.4574415718648033,0.5312956694897508,0.7903675302149632,1.301051085318658
300,10,ode,focei,bobyqa,cov_VcCL,structural_other,0.02,73,1.0668527484284165,0.37202479881006173,16.875559916691586,28.205429403147214,43.406733767908776
300,10,ode,focei,bobyqa,var_CL,structural_other,0.1,73,-0.1896617859683536,0.010354655890180347,6.756829900252226,7.89141398515895,11.90530728290976
300,10,ode,focei,bobyqa,var_Vc,structural_other,0.1,73,-2.763952356768545,-0.6695509152100948,9.225333041210718,13.220109972643693,22.34418122888076
300,11,linCmt,focei,bobyqa,CLBW,covariate_beta,0.75,51,0.06892655106800483,0.33807083375261965,4.970732344395371,9.28685723890804,14.282544109052875
300,11,linCmt,focei,bobyqa,VcBW,covariate_beta,1,51,-1.0061586783924215,-0.0867519431771285,5.520600417117194,7.9151395524075285,12.918140908409438
300,11,linCmt,focei,bobyqa,TVCL,structural_intercept,0.6,51,-8.381185067720065,-8.252080245142222,8.381185067720065,8.711032507518492,11.699142916862822
300,11,linCmt,focei,bobyqa,TVVc,structural_intercept,20,51,-9.918782314600598,-10.195465846036939,9.918782314600598,10.696349835417513,14.683529597647189
300,11,linCmt,focei,bobyqa,ResErr,structural_other,0.1,51,0.3832562292075681,0.26234686276267116,1.5422399618905402,2.6136071858059298,4.309791210605554
300,11,linCmt,focei,bobyqa,TVKA,structural_other,0.7,51,4.7580986769649564e-14,4.7580986769649564e-14,4.7580986769649564e-14,4.7580986769649564e-14,4.7580986769649564e-14
300,11,linCmt,focei,bobyqa,TVQ,structural_other,1.8,51,1.950588953961015,1.8955914733301007,1.950588953961015,2.1068509903555808,3.0558921200849585
300,11,linCmt,focei,bobyqa,TVVp,structural_other,80,51,0.6052271339116899,0.5974664432439585,0.6052271339116899,0.7916777075376642,1.2515743372093446
300,11,linCmt,focei,bobyqa,cov_VcCL,structural_other,0.02,51,3.837929928611917,6.42887310654464,16.55448139952505,26.323458873531308,41.77011806959943
300,11,linCmt,focei,bobyqa,var_CL,structural_other,0.1,51,-0.4147262755903186,-1.1744202195344131,5.071473307519906,8.162043910272738,12.662555762541356
300,11,linCmt,focei,bobyqa,var_Vc,structural_other,0.1,51,-4.601990802842945,-3.608859246613969,10.20677995627789,12.902542502213066,20.123672815326245
300,11,ode,focei,bobyqa,CLBW,covariate_beta,0.75,43,-0.06368943944132788,0.33183412446147453,7.494452380702832,10.51865418332939,17.579535079829885
300,11,ode,focei,bobyqa,VcBW,covariate_beta,1,43,-2.4768330448149745,-1.2306923842041848,5.261823172389435,7.952990853274688,13.85930233202176
300,11,ode,focei,bobyqa,TVCL,structural_intercept,0.6,43,-8.594520281968869,-8.208147684889349,8.594520281968869,8.683168079207418,11.55588383425863
300,11,ode,focei,bobyqa,TVVc,structural_intercept,20,43,-10.110649232334215,-10.039751795219269,10.110649232334215,10.540798448851751,13.901470267150074
300,11,ode,focei,bobyqa,ResErr,structural_other,0.1,43,0.36606745651464323,0.20676255580746095,1.5864754897371158,2.5644051719227194,4.322486932046576
300,11,ode,focei,bobyqa,TVKA,structural_other,0.7,43,4.7580986769649564e-14,4.7580986769649564e-14,4.7580986769649564e-14,4.7580986769649564e-14,4.7580986769649564e-14
300,11,ode,focei,bobyqa,TVQ,structural_other,1.8,43,2.0450169695494202,1.9592436282244707,2.0450169695494202,2.140902892932769,2.892014786764486
300,11,ode,focei,bobyqa,TVVp,structural_other,80,43,0.6527274261892302,0.6091556654823503,0.6527274261892302,0.7940334875335537,1.2348847445495077
300,11,ode,focei,bobyqa,cov_VcCL,structural_other,0.02,43,14.731055706912551,14.663964041708915,20.902063358315942,37.735456897750666,56.133616557939234
300,11,ode,focei,bobyqa,var_CL,structural_other,0.1,43,-0.9991675395853855,-1.2872431392747412,5.6165470181621515,8.20692314283322,12.264071179199783
300,11,ode,focei,bobyqa,var_Vc,structural_other,0.1,43,-3.5551424149392608,-2.10543796827578,11.087894993381559,12.556930037234087,20.724459387861355
300,12,linCmt,focei,bobyqa,CLBW,covariate_beta,0.75,57,-0.012856781345578957,0.09443268728306059,6.927484619096846,10.930898789317943,18.061637450538637
300,12,linCmt,focei,bobyqa,VcBW,covariate_beta,1,57,2.8499251834123607,2.7487419481174413,5.7398359372723196,7.844933485461318,12.646716155891266
300,12,linCmt,focei,bobyqa,VcSEX,covariate_beta,0.4054651081081644,57,-2.4124751921473484,-1.8339818392620586,6.620427775878163,9.268005221898123,15.751663994271297
300,12,linCmt,focei,bobyqa,TVCL,structural_intercept,0.6,57,-8.97007539033029,-8.495852219785558,8.97007539033029,8.84892980167205,11.272981314690956
300,12,linCmt,focei,bobyqa,TVVc,structural_intercept,20,57,-11.234923537701551,-11.145000134323805,11.234923537701551,11.685404247734695,15.507469449068662
300,12,linCmt,focei,bobyqa,ResErr,structural_other,0.1,57,0.31270164316306304,0.4093019656634017,1.5934103710076863,2.560713436559817,3.694544524534324
300,12,linCmt,focei,bobyqa,TVKA,structural_other,0.7,57,4.7580986769649564e-14,4.7580986769649564e-14,4.7580986769649564e-14,4.7580986769649564e-14,4.7580986769649564e-14
300,12,linCmt,focei,bobyqa,TVQ,structural_other,1.8,57,2.1182070027231137,2.033764201804053,2.1182070027231137,2.2466455433763417,3.2159270504268296
300,12,linCmt,focei,bobyqa,TVVp,structural_other,80,57,0.3086626260214054,0.29379744415292347,0.45398540580496416,0.7367004479284454,1.1636697760911936
300,12,linCmt,focei,bobyqa,cov_VcCL,structural_other,0.02,57,4.394949542039836,2.3715865020086326,13.896622197867822,20.31374369999796,32.64565440946891
300,12,linCmt,focei,bobyqa,var_CL,structural_other,0.1,57,-0.5767782110442238,-1.645335212568243,5.859270900546109,9.551329113191928,15.114491396032765
300,12,linCmt,focei,bobyqa,var_Vc,structural_other,0.1,57,-6.481898280980045,-5.260798873044569,8.055063431797487,10.6253374018367,16.349281053844347
300,12,ode,focei,bobyqa,CLBW,covariate_beta,0.75,49,0.1890744727066777,1.0770336454647307,5.736332725423088,10.221847115521802,16.913212985864075
300,12,ode,focei,bobyqa,VcBW,covariate_beta,1,49,0.6069727993829321,1.7461876875796727,5.674208912948386,8.031686633877856,13.82553005921643
300,12,ode,focei,bobyqa,VcSEX,covariate_beta,0.4054651081081644,49,-0.9964906906426874,-1.203815204741311,6.360878490171457,8.772660250047306,14.593812710759558
300,12,ode,focei,bobyqa,TVCL,structural_intercept,0.6,49,-9.024929699499918,-8.660169507645861,9.024929699499918,8.997621175201024,11.408960273105526
300,12,ode,focei,bobyqa,TVVc,structural_intercept,20,49,-10.96597805332701,-10.75595987109963,10.96597805332701,11.296948786477522,14.65446717921031
300,12,ode,focei,bobyqa,ResErr,structural_other,0.1,49,0.3323394418734832,0.5658192916910075,1.6700550769350038,2.7533886544033033,3.8926301140509567
300,12,ode,focei,bobyqa,TVKA,structural_other,0.7,49,4.7580986769649564e-14,4.7580986769649564e-14,4.7580986769649564e-14,4.7580986769649564e-14,4.7580986769649564e-14
300,12,ode,focei,bobyqa,TVQ,structural_other,1.8,49,2.3442888032875198,2.1738679743076474,2.3442888032875198,2.3618289915907837,3.26901194423311
300,12,ode,focei,bobyqa,TVVp,structural_other,80,49,0.4186693823260335,0.33322507168208926,0.5855737850046872,0.78063874241122,1.2034385684547682
300,12,ode,focei,bobyqa,cov_VcCL,structural_other,0.02,49,8.893446087646986,7.832503092737,17.19781216697568,24.419032051549763,37.09850123608317
300,12,ode,focei,bobyqa,var_CL,structural_other,0.1,49,-0.4342025838976332,-1.5006471279758358,5.616414303311459,9.291655368740509,15.059352185953784
300,12,ode,focei,bobyqa,var_Vc,structural_other,0.1,49,-6.38750515625447,-5.680784267134353,8.32993995194399,10.987056183077067,17.078793365521197
300,13,linCmt,focei,bobyqa,CLBW,covariate_beta,0.75,51,2.251917977532525,2.7973979364427812,8.326772794256259,11.524900139285796,19.46108783774236
300,13,linCmt,focei,bobyqa,CLcrCL,covariate_beta,0.5,51,-2.8647062324274053,-1.5890422549306362,6.95183462574811,12.848876947091235,19.635349958967275
300,13,linCmt,focei,bobyqa,TVCL,structural_intercept,0.6,51,-10.357064332373433,-10.533210015425512,10.357064332373433,11.026676818422686,14.713758699094766
300,13,linCmt,focei,bobyqa,TVVc,structural_intercept,20,51,0.8163088363261118,0.8527759016124866,1.5706255278991852,2.475797553162837,4.386985180591907
300,13,linCmt,focei,bobyqa,ResErr,structural_other,0.1,51,0.013467356787061346,0.03716370524749104,1.7119098293333912,2.3596270835042517,3.6537079595922033
300,13,linCmt,focei,bobyqa,TVKA,structural_other,0.7,51,4.7580986769649564e-14,4.7580986769649564e-14,4.7580986769649564e-14,4.7580986769649564e-14,4.7580986769649564e-14
300,13,linCmt,focei,bobyqa,TVQ,structural_other,1.8,51,2.223851204953806,2.213747728259128,2.223851204953806,2.317473545598474,3.007198372949703
300,13,linCmt,focei,bobyqa,TVVp,structural_other,80,51,0.7239783088874319,0.6524367867369256,0.7239783088874319,0.859071412628501,1.2614933849053145
300,13,linCmt,focei,bobyqa,cov_VcCL,structural_other,0.02,51,-8.843080593315381,-8.50550310086364,23.37311939877162,29.45817464723956,49.37519477019796
300,13,linCmt,focei,bobyqa,var_CL,structural_other,0.1,51,-2.860089309898159,-2.5989394300595623,6.385100001677343,8.425938874488487,13.95952917157746
300,13,linCmt,focei,bobyqa,var_Vc,structural_other,0.1,51,0.909712000950455,-0.12975155712542347,8.626280131463007,13.132594042755677,22.25668564102469
300,13,ode,focei,bobyqa,CLBW,covariate_beta,0.75,53,0.10446862422692031,1.4270141770616585,8.588146316648215,12.931156051995368,19.713056687105723
300,13,ode,focei,bobyqa,CLcrCL,covariate_beta,0.5,53,-2.32151949787186,-1.7057263725087595,5.689015680922216,13.570885304832208,22.491597142242004
300,13,ode,focei,bobyqa,TVCL,structural_intercept,0.6,53,-10.097792108437217,-10.296386632774233,10.097792108437217,10.849394759302927,14.719280893712511
300,13,ode,focei,bobyqa,TVVc,structural_intercept,20,53,0.7770746980645349,0.9608903963950888,1.3664582611425402,2.533776109075938,4.4386788788151925
300,13,ode,focei,bobyqa,ResErr,structural_other,0.1,53,0.06751120273934541,0.010728737385638605,1.6780782014087225,2.3477511814934697,3.7465297434861045
300,13,ode,focei,bobyqa,TVKA,structural_other,0.7,53,4.7580986769649564e-14,4.7580986769649564e-14,4.7580986769649564e-14,4.7580986769649564e-14,4.7580986769649564e-14
300,13,ode,focei,bobyqa,TVQ,structural_other,1.8,53,2.2230866589252702,2.195340813895956,2.2230866589252702,2.30719717980651,3.0419860284537013
300,13,ode,focei,bobyqa,TVVp,structural_other,80,53,0.7758390757166822,0.6514560245216622,0.8059654831493467,0.8821875572858483,1.2801397404551906
300,13,ode,focei,bobyqa,cov_VcCL,structural_other,0.02,53,-8.737687948621748,-7.764153183783246,18.848432427617784,28.948348882310594,47.23803676272207
300,13,ode,focei,bobyqa,var_CL,structural_other,0.1,53,-3.4704386844982977,-1.8931530383517712,7.0201991264570855,8.386094352652082,13.404836449794372
300,13,ode,focei,bobyqa,var_Vc,structural_other,0.1,53,-1.4503421837531727,-1.5070612312950484,8.937145640367975,12.602585381751899,19.676003890700937
300,14,linCmt,focei,bobyqa,CLBW,covariate_beta,0.75,53,2.4782325607470694,2.502194381562265,8.67486124681734,11.624329691993243,17.027127676313604
300,14,linCmt,focei,bobyqa,CLcrCL,covariate_beta,0.5,53,-1.9060558796848537,-1.0678678993221937,6.826233368385404,9.451633717300844,15.111630564376902
300,14,linCmt,focei,bobyqa,VcSEX,covariate_beta,0.4054651081081644,53,-1.1320964890617145,-1.5526740790469178,7.304436233983831,10.938051335519958,16.171923051190333
300,14,linCmt,focei,bobyqa,TVCL,structural_intercept,0.6,53,-10.163933904841604,-10.0467857008769,10.163933904841604,10.49652163131917,14.2280568003493
300,14,linCmt,focei,bobyqa,TVVc,structural_intercept,20,53,2.4146953425330864,2.1427160353694887,2.826745519992464,3.9285844448580027,6.527190113253628
300,14,linCmt,focei,bobyqa,ResErr,structural_other,0.1,53,0.3778770676818727,0.4138977712119806,1.2268192260752875,2.6655001871041617,4.521176097182215
300,14,linCmt,focei,bobyqa,TVKA,structural_other,0.7,53,4.7580986769649564e-14,4.7580986769649564e-14,4.7580986769649564e-14,4.7580986769649564e-14,4.7580986769649564e-14
300,14,linCmt,focei,bobyqa,TVQ,structural_other,1.8,53,1.7328220240957974,1.748589306570921,1.7328220240957974,1.9665093101887114,2.8456818685384238
300,14,linCmt,focei,bobyqa,TVVp,structural_other,80,53,0.5262859833525191,0.5189757817794849,0.5996196126938358,0.8289402672236921,1.432025825202239
300,14,linCmt,focei,bobyqa,cov_VcCL,structural_other,0.02,53,-2.1374821352522497,-6.411780155948356,18.811085778436976,29.38307113273068,45.85502419517242
300,14,linCmt,focei,bobyqa,var_CL,structural_other,0.1,53,-1.6107441248252308,-1.4728752008544852,7.108106708776041,9.25873143578598,14.248827924533607
300,14,linCmt,focei,bobyqa,var_Vc,structural_other,0.1,53,-3.20731625969245,-4.837289378945953,10.747229232555597,12.323308499478697,16.644990405093935
300,14,ode,focei,bobyqa,CLBW,covariate_beta,0.75,48,0.340686009692881,0.19654748883014525,8.135203928316155,9.921142563773467,13.780787357252805
300,14,ode,focei,bobyqa,CLcrCL,covariate_beta,0.5,48,1.0447319477346229,1.4615858542189026,5.293731812534541,8.596439262873416,13.810509498164821
300,14,ode,focei,bobyqa,VcSEX,covariate_beta,0.4054651081081644,48,-0.9558117059594102,-0.4901218464336585,7.209927194995541,10.623946750389134,15.124962440422898
300,14,ode,focei,bobyqa,TVCL,structural_intercept,0.6,48,-9.705248757447947,-10.079001732117785,9.705248757447947,10.572508080697856,14.883966852032573
300,14,ode,focei,bobyqa,TVVc,structural_intercept,20,48,1.830642584710418,1.502752106343065,2.278816694455514,3.5898910649447453,6.39913470297822
300,14,ode,focei,bobyqa,ResErr,structural_other,0.1,48,0.10798648450217885,0.35898366042549373,1.250314677045096,2.40659250468956,4.187612859626669
300,14,ode,focei,bobyqa,TVKA,structural_other,0.7,48,4.7580986769649564e-14,4.7580986769649564e-14,4.7580986769649564e-14,4.7580986769649564e-14,4.7580986769649564e-14
300,14,ode,focei,bobyqa,TVQ,structural_other,1.8,48,1.8448963974676238,1.7861758371379506,1.8448963974676238,2.0133837709707296,2.8021982123306204
300,14,ode,focei,bobyqa,TVVp,structural_other,80,48,0.522666572808621,0.48300377057038707,0.5519618629846689,0.8035368597315344,1.3008109238561336
300,14,ode,focei,bobyqa,cov_VcCL,structural_other,0.02,48,-4.681456306084037,-7.667759891804307,19.1399002922704,28.502991787686682,45.784933641218885
300,14,ode,focei,bobyqa,var_CL,structural_other,0.1,48,-1.3559457776746857,-1.990302003573358,6.037033854840036,8.50704617594141,14.363440347248456
300,14,ode,focei,bobyqa,var_Vc,structural_other,0.1,48,-2.602664678264616,-3.1812594055751693,10.276327873294667,10.577037739063753,15.78398703382346
300,15,linCmt,focei,bobyqa,CLBW,covariate_beta,0.75,31,-2.0843410699978637,-0.23418319010183436,8.452063590739362,11.843571279664722,18.70135079640399
300,15,linCmt,focei,bobyqa,CLcrCL,covariate_beta,0.5,31,0.3203809324410889,0.7793015413061883,6.6498294978778905,9.255099655770808,13.971724864177126
300,15,linCmt,focei,bobyqa,VcBW,covariate_beta,1,31,1.5028482886223715,1.1432458622760222,3.686903267471342,7.2024281463014335,9.904716866097685
300,15,linCmt,focei,bobyqa,TVCL,structural_intercept,0.6,31,-9.495986950866842,-9.882386523850563,9.495986950866842,10.305210153391014,14.22432528662158
300,15,linCmt,focei,bobyqa,TVVc,structural_intercept,20,31,-10.12530961953713,-10.550430157875235,10.12530961953713,10.974911211748948,14.116751898321311
300,15,linCmt,focei,bobyqa,ResErr,structural_other,0.1,31,0.6180444113006028,0.713880383909968,2.7199861191729986,2.864232210600441,4.118361975539914
300,15,linCmt,focei,bobyqa,TVKA,structural_other,0.7,31,4.7580986769649564e-14,4.7580986769649564e-14,4.7580986769649564e-14,4.7580986769649564e-14,4.7580986769649564e-14
300,15,linCmt,focei,bobyqa,TVQ,structural_other,1.8,31,2.072813327217747,2.120834782054048,2.072813327217747,2.358290704198551,3.280688605892257
300,15,linCmt,focei,bobyqa,TVVp,structural_other,80,31,0.6369417168208003,0.5577063397341847,0.67251552346141,0.8995125519139897,1.4132885548331942
300,15,linCmt,focei,bobyqa,cov_VcCL,structural_other,0.02,31,8.170876770560339,6.539143088838424,23.65838736009153,31.88158095562525,48.77726143606073
300,15,linCmt,focei,bobyqa,var_CL,structural_other,0.1,31,0.56234823896259,-0.4062214977517332,4.77521294220068,7.560773131763132,12.472711871492681
300,15,linCmt,focei,bobyqa,var_Vc,structural_other,0.1,31,-3.3171300389768787,-2.9433990966556562,7.0190232409610145,10.003029582052937,17.654189887328712
300,15,ode,focei,bobyqa,CLBW,covariate_beta,0.75,39,-1.9960254837057285,-1.8805990480257413,9.667579777792106,11.216594948468227,16.623972580473207
300,15,ode,focei,bobyqa,CLcrCL,covariate_beta,0.5,39,3.380640060333584,2.6025310460256534,8.578977559302349,11.497136340973883,18.213834200383772
300,15,ode,focei,bobyqa,VcBW,covariate_beta,1,39,1.2659960569050943,0.44426630903231223,4.113060639262345,6.867002172234583,9.842185749726587
300,15,ode,focei,bobyqa,TVCL,structural_intercept,0.6,39,-9.20103310912688,-9.715861080145343,9.20103310912688,10.117577918684105,13.915008093484532
300,15,ode,focei,bobyqa,TVVc,structural_intercept,20,39,-10.590968038065167,-11.049700497286302,10.590968038065167,11.512580594920822,15.442540237445051
300,15,ode,focei,bobyqa,ResErr,structural_other,0.1,39,-0.7865464728550181,-0.14353252774918623,1.891172464853652,2.2296724257699263,3.3405837730196426
300,15,ode,focei,bobyqa,TVKA,structural_other,0.7,39,4.7580986769649564e-14,4.7580986769649564e-14,4.7580986769649564e-14,4.7580986769649564e-14,4.7580986769649564e-14
300,15,ode,focei,bobyqa,TVQ,structural_other,1.8,39,2.0359708309318645,2.2976588923868104,2.0359708309318645,2.576353468352529,3.683030319641424
300,15,ode,focei,bobyqa,TVVp,structural_other,80,39,0.7120481508088972,0.5810778145703187,0.7180629100394853,0.8830334545404989,1.346562709359674
300,15,ode,focei,bobyqa,cov_VcCL,structural_other,0.02,39,13.219804970052238,20.648321939801562,29.736845317314703,46.26482286910999,78.51739940995455
300,15,ode,focei,bobyqa,var_CL,structural_other,0.1,39,0.2697299367420275,-0.4681667286138864,5.9307092750958,8.231969161933007,12.672769569759296
300,15,ode,focei,bobyqa,var_Vc,structural_other,0.1,39,-4.686952598832075,-2.4792209332495903,8.680330039746623,11.673759643268657,19.894873452721416
300,16,linCmt,focei,bobyqa,CLBW,covariate_beta,0.75,44,-3.9871671013834113,-3.233076636422183,7.049344314965082,11.405343794891166,20.119113840834757
300,16,linCmt,focei,bobyqa,CLcrCL,covariate_beta,0.5,44,-0.031140405472812605,2.2097437683163705,5.11195533736819,10.449323485471394,15.852305013494512
300,16,linCmt,focei,bobyqa,VcBW,covariate_beta,1,44,0.09587853839589933,-0.7988779118948708,6.622651043857491,9.482694991789522,14.058508449921126
300,16,linCmt,focei,bobyqa,VcSEX,covariate_beta,0.4054651081081644,44,-0.7505014945819075,-0.9688730386995853,7.196579472691682,12.147838121524781,19.596706992920186
300,16,linCmt,focei,bobyqa,TVCL,structural_intercept,0.6,44,-9.386166338709886,-9.073813475152843,9.386166338709886,9.625021193097476,12.700275046323029
300,16,linCmt,focei,bobyqa,TVVc,structural_intercept,20,44,-11.080632812023508,-10.87992288054953,11.080632812023508,11.329124560525917,15.005811012355668
300,16,linCmt,focei,bobyqa,ResErr,structural_other,0.1,44,-0.4458449427783284,0.025576532167638565,1.9103828022947258,2.3351599169768607,3.3105179844452404
300,16,linCmt,focei,bobyqa,TVKA,structural_other,0.7,44,4.7580986769649564e-14,4.7580986769649564e-14,4.7580986769649564e-14,4.7580986769649564e-14,4.7580986769649564e-14
300,16,linCmt,focei,bobyqa,TVQ,structural_other,1.8,44,1.9275856204987545,1.9264936247349917,1.9275856204987545,2.1103408684644167,2.820315642044446
300,16,linCmt,focei,bobyqa,TVVp,structural_other,80,44,0.3614840219237436,0.4327075197922525,0.518062403559929,0.8478385481618007,1.3971873242870692
300,16,linCmt,focei,bobyqa,cov_VcCL,structural_other,0.02,44,3.2752575520357192,6.112242554728987,15.740871591393118,24.312289061127306,39.46506990087455
300,16,linCmt,focei,bobyqa,var_CL,structural_other,0.1,44,-1.400390400840723,-2.5830423479754625,5.493772490850091,8.69541006955208,14.73143111464528
300,16,linCmt,focei,bobyqa,var_Vc,structural_other,0.1,44,-3.5847534217947064,-2.4351605659774678,7.937426687487058,11.852159448767296,19.201332913925157
300,16,ode,focei,bobyqa,CLBW,covariate_beta,0.75,44,-3.595799989882975,-3.8294416815845223,6.382923166028701,9.823116903232904,15.091876476625524
300,16,ode,focei,bobyqa,CLcrCL,covariate_beta,0.5,44,0.3750837724133538,1.9867373115617062,5.368835970738861,10.386226151643205,16.769474030865805
300,16,ode,focei,bobyqa,VcBW,covariate_beta,1,44,-0.8189643611797137,-0.7394372804814856,5.90313979692697,8.974727330932609,13.838196830845678
300,16,ode,focei,bobyqa,VcSEX,covariate_beta,0.4054651081081644,44,-1.6799233300416307,-0.45790539396407676,6.152235425448347,11.128410905519228,15.903499492970244
300,16,ode,focei,bobyqa,TVCL,structural_intercept,0.6,44,-8.953326378505821,-8.847539485221173,8.953326378505821,9.282802652953151,12.130731758319763
300,16,ode,focei,bobyqa,TVVc,structural_intercept,20,44,-11.255146016299127,-11.174098327333942,11.255146016299127,11.5609490349945,15.189171388148976
300,16,ode,focei,bobyqa,ResErr,structural_other,0.1,44,-0.14809364501184447,0.06858987690266023,2.036059264551145,2.204009506038541,3.215657301290876
300,16,ode,focei,bobyqa,TVKA,structural_other,0.7,44,4.7580986769649564e-14,4.7580986769649564e-14,4.7580986769649564e-14,4.7580986769649564e-14,4.7580986769649564e-14
300,16,ode,focei,bobyqa,TVQ,structural_other,1.8,44,1.831974526521871,1.8658179885706745,1.831974526521871,2.04574011070141,2.8399456651194055
300,16,ode,focei,bobyqa,TVVp,structural_other,80,44,0.20155840438328634,0.3363409092090858,0.5448863118613279,0.8500050146253009,1.3387719351308203
300,16,ode,focei,bobyqa,cov_VcCL,structural_other,0.02,44,4.366012767651985,5.728855417327076,16.258605402065808,25.084705679894505,43.026159290628726
300,16,ode,focei,bobyqa,var_CL,structural_other,0.1,44,-1.5040402942107234,-2.7827630764022433,5.500160465927322,8.818270965711775,15.778265645601808
300,16,ode,focei,bobyqa,var_Vc,structural_other,0.1,44,-0.2955684802446387,-0.6945679571743926,7.5905361231734245,12.077101124986838,19.755836158695647
