sample_N,scenario,structure,estimator,outer_opt,parameter,param_class,true_value,n_used,MedRE_pct,MeanRE_pct,MARE_pct,RMRSE_pct,P90AbsRE_pct
40,1,linCmt,focei,bobyqa,TVCL,structural_intercept,0.6,100,1.142566401455658,0.7668928253704188,3.818946706990752,5.322479164026392,8.823756369366507
40,1,linCmt,focei,bobyqa,TVVc,structural_intercept,20,100,1.639655114020222,1.8161197515847696,4.381315125246887,6.922100107444122,11.0495154117266
40,1,linCmt,focei,bobyqa,ResErr,structural_other,0.1,100,0.8639738565635047,1.833277331748409,4.653121463862972,7.604983219992713,12.518696019553849
40,1,linCmt,focei,bobyqa,TVKA,structural_other,0.7,100,0,4.758098676964956e-15,0,1.5046429151043004e-14,4.758098676965362e-15
40,1,linCmt,focei,bobyqa,TVQ,structural_other,1.8,100,2.4308795749828116,2.391930216693229,2.5565499125493947,3.105760812795914,4.73865490790276
40,1,linCmt,focei,bobyqa,TVVp,structural_other,80,100,0.7853780388875454,0.8177424594827435,1.2749909701878082,1.9278798237375352,2.8489808731827186
40,1,linCmt,focei,bobyqa,cov_VcCL,structural_other,0.02,100,-11.51621877007643,-8.15348117541764,44.16263881751566,62.75506075274833,98.20691494303743
40,1,linCmt,focei,bobyqa,var_CL,structural_other,0.1,100,-5.279339810094,-3.654446166215065,14.948996004053273,23.46065884695048,37.96139253238616
40,1,linCmt,focei,bobyqa,var_Vc,structural_other,0.1,100,-15.189578358399547,-14.416288353503232,26.2853101360094,37.679641626137176,66.64144725426195
40,1,ode,focei,bobyqa,TVCL,structural_intercept,0.6,100,1.0656158942266385,0.7339127210437499,3.845233003769757,5.318691024819506,8.713941633547263
40,1,ode,focei,bobyqa,TVVc,structural_intercept,20,100,1.589844298915466,1.687787933080316,4.3935371750557906,6.76234648761616,10.975273303400476
40,1,ode,focei,bobyqa,ResErr,structural_other,0.1,100,0.8556141895619609,1.6853595638533263,4.560402572585241,7.449836716393164,12.562128395793914
40,1,ode,focei,bobyqa,TVKA,structural_other,0.7,100,0,4.282288809268461e-15,0,1.4274296030894868e-14,0
40,1,ode,focei,bobyqa,TVQ,structural_other,1.8,100,2.3835591206527513,2.3603993032453356,2.5100280142686517,3.078575798553336,4.700695977179606
40,1,ode,focei,bobyqa,TVVp,structural_other,80,100,0.7708565667314194,0.799077088202386,1.276852269787101,1.9168795106889034,2.8049523944330415
40,1,ode,focei,bobyqa,cov_VcCL,structural_other,0.02,100,-11.060422552574451,-10.789576405016229,40.99674063820141,62.45985378314581,99.47334227423727
40,1,ode,focei,bobyqa,var_CL,structural_other,0.1,100,-5.562681467140187,-3.66750294583124,15.307667115132674,23.555783628510916,38.09969712234161
40,1,ode,focei,bobyqa,var_Vc,structural_other,0.1,100,-14.14577277544339,-13.207290100058502,25.674947257549807,36.75835186765985,63.92969847511756
40,2,linCmt,focei,bobyqa,VcSEX,covariate_beta,0.4054651081081644,82,11.561821560380105,12.609496246983987,16.84113684911126,26.772320057236072,45.57130393489429
40,2,linCmt,focei,bobyqa,TVCL,structural_intercept,0.6,100,1.4647144716862146,1.0257100626073374,3.5384542012145235,5.222156162598084,8.397671986489991
40,2,linCmt,focei,bobyqa,TVVc,structural_intercept,20,100,2.4889434159481993,3.5531776535543513,6.995382761168837,11.93363099694309,20.430916000838856
40,2,linCmt,focei,bobyqa,ResErr,structural_other,0.1,100,-1.3220418145404103,-1.6395215163655996,5.154628288120862,7.020019157920664,11.417553689976323
40,2,linCmt,focei,bobyqa,TVKA,structural_other,0.7,100,4.7580986769649564e-14,4.044383875420213e-14,4.7580986769649564e-14,4.3867502284464885e-14,4.7580986769649564e-14
40,2,linCmt,focei,bobyqa,TVQ,structural_other,1.8,100,1.388072217538684,1.4943207089187378,1.713248554622028,2.9929324556124204,4.842651633312529
40,2,linCmt,focei,bobyqa,TVVp,structural_other,80,100,0.03331831107858286,0.11367453705442045,0.9303873433017261,1.6328426891962022,2.8078089921799267
40,2,linCmt,focei,bobyqa,cov_VcCL,structural_other,0.02,100,-8.2981997947965,-8.47517469408513,41.285955462248694,62.52805647975339,113.1158193675452
40,2,linCmt,focei,bobyqa,var_CL,structural_other,0.1,100,-7.811512082377236,-6.100709325782423,18.496925092155276,23.107891316007542,34.484237270848546
40,2,linCmt,focei,bobyqa,var_Vc,structural_other,0.1,100,-14.575895681311499,-8.216915463520328,30.89489034130389,38.799368858838754,55.37913853343471
40,2,ode,focei,bobyqa,VcSEX,covariate_beta,0.4054651081081644,82,11.441803601636261,12.55742723331358,16.90583942758705,26.672165816966263,45.33175535645548
40,2,ode,focei,bobyqa,TVCL,structural_intercept,0.6,100,1.4506457680879272,0.999477112140019,3.514806332124615,5.212368802029365,8.388901427904
40,2,ode,focei,bobyqa,TVVc,structural_intercept,20,100,2.5460588092723406,3.5384938200335454,7.047494743071611,11.91419875202107,20.386977489222303
40,2,ode,focei,bobyqa,ResErr,structural_other,0.1,100,-1.4445934414667323,-1.7064024650947707,5.107593805706051,7.0321085379398856,11.405321796009368
40,2,ode,focei,bobyqa,TVKA,structural_other,0.7,100,4.7580986769649564e-14,4.044383875420213e-14,4.7580986769649564e-14,4.3867502284464885e-14,4.7580986769649564e-14
40,2,ode,focei,bobyqa,TVQ,structural_other,1.8,100,1.387813060548082,1.4667515632588182,1.6935373871129384,2.9834344933493337,4.817836220341242
40,2,ode,focei,bobyqa,TVVp,structural_other,80,100,0.02639546726513231,0.10484652143361792,0.9214848123641418,1.6307567855030045,2.8136284534639273
40,2,ode,focei,bobyqa,cov_VcCL,structural_other,0.02,100,-9.027691083631252,-10.182712286766245,39.98093493486575,61.75016404338229,114.83398779617406
40,2,ode,focei,bobyqa,var_CL,structural_other,0.1,100,-8.012668994058787,-6.19300663207124,18.08677230903407,23.088716154684437,34.397213932520586
40,2,ode,focei,bobyqa,var_Vc,structural_other,0.1,100,-12.982368128159038,-7.705851246182788,30.895849502224465,38.474778939993165,54.92973398629712
40,3,linCmt,focei,bobyqa,VcBW,covariate_beta,1,51,8.125607544318836,15.69184675012323,15.898156981928423,36.99002935662534,44.77069597822199
40,3,linCmt,focei,bobyqa,TVCL,structural_intercept,0.6,100,-0.4458888409642111,-0.020739900296333397,3.337837293596185,6.279145837691896,10.462468582576523
40,3,linCmt,focei,bobyqa,TVVc,structural_intercept,20,100,1.732599026358157,0.9870544725814409,6.38314841631508,9.492274174038338,14.3164169273446
40,3,linCmt,focei,bobyqa,ResErr,structural_other,0.1,100,-0.6968665244775838,-0.1451486627226789,4.734924519326237,6.772504980047966,11.342842884922058
40,3,linCmt,focei,bobyqa,TVKA,structural_other,0.7,100,4.7580986769649564e-14,4.6153557166560074e-14,4.7580986769649564e-14,4.686183727634204e-14,4.7580986769649564e-14
40,3,linCmt,focei,bobyqa,TVQ,structural_other,1.8,100,1.373662523085992,1.7848082721389074,1.493840392367354,3.0636821614084635,5.075572174541842
40,3,linCmt,focei,bobyqa,TVVp,structural_other,80,100,0.3693128097146836,0.4419006464708924,1.174453246018361,1.8759863900140388,3.3818333729704304
40,3,linCmt,focei,bobyqa,cov_VcCL,structural_other,0.02,100,-7.858959209027004,-7.271871940548524,41.901269467608216,61.55717643402055,92.65394775723983
40,3,linCmt,focei,bobyqa,var_CL,structural_other,0.1,100,-6.178685710549317,-4.420757526382245,14.554405069739165,21.89881935490641,35.220545846299736
40,3,linCmt,focei,bobyqa,var_Vc,structural_other,0.1,100,-13.499030652866464,-13.323519860197273,22.931138327311274,34.04147710457544,53.54581897136315
40,3,ode,focei,bobyqa,VcBW,covariate_beta,1,56,7.349791885854495,13.393000535684326,17.08428600519471,34.90129321972287,42.76889682679246
40,3,ode,focei,bobyqa,TVCL,structural_intercept,0.6,100,-0.4515468911417501,-0.08446492611223139,3.3366499099883136,6.252900552251692,10.469099254455266
40,3,ode,focei,bobyqa,TVVc,structural_intercept,20,100,1.8101182349818945,1.0996148308739917,6.174557610483795,9.408653830390945,14.309206129855081
40,3,ode,focei,bobyqa,ResErr,structural_other,0.1,100,-0.8614206747754177,-0.20522459973610477,4.652800880488299,6.7760031747860685,11.230016834635045
40,3,ode,focei,bobyqa,TVKA,structural_other,0.7,100,4.7580986769649564e-14,4.6153557166560074e-14,4.7580986769649564e-14,4.686183727634204e-14,4.7580986769649564e-14
40,3,ode,focei,bobyqa,TVQ,structural_other,1.8,100,1.4117141729760925,1.7647453074424007,1.4901379769810725,3.0495617758255755,5.076027007923618
40,3,ode,focei,bobyqa,TVVp,structural_other,80,100,0.36635946217056237,0.4358826955105739,1.1466822667991217,1.8754326426934105,3.393186205222863
40,3,ode,focei,bobyqa,cov_VcCL,structural_other,0.02,100,-12.030844142935093,-8.481697742229057,42.5531618604271,60.80667876907329,90.17739062386714
40,3,ode,focei,bobyqa,var_CL,structural_other,0.1,100,-6.395544366597762,-4.3554401396675475,14.734187844120317,21.95640937256132,35.1936351070327
40,3,ode,focei,bobyqa,var_Vc,structural_other,0.1,100,-13.068355215665726,-13.014676641142614,23.60624254226962,33.835515405509334,52.53245015406516
40,4,linCmt,focei,bobyqa,VcBW,covariate_beta,1,68,2.1979696617250855,20.679445839417358,13.359356843359722,57.41029182443198,66.68255196237007
40,4,linCmt,focei,bobyqa,VcSEX,covariate_beta,0.4054651081081644,75,19.388947801705555,18.679302650816073,24.028687323210125,33.75611199616297,56.13578187685959
40,4,linCmt,focei,bobyqa,TVCL,structural_intercept,0.6,100,0.9142176088186109,1.4958656951225615,3.214570467759359,5.499740674855913,8.399548750010178
40,4,linCmt,focei,bobyqa,TVVc,structural_intercept,20,100,2.061731805725682,3.3924758070461447,8.734967778210034,12.243782920669952,19.110165955799072
40,4,linCmt,focei,bobyqa,ResErr,structural_other,0.1,100,-1.3139548043670235,-1.5176775949262695,4.361331062582005,6.823312517451714,11.381723728212155
40,4,linCmt,focei,bobyqa,TVKA,structural_other,0.7,100,4.7580986769649564e-14,4.7580986769649564e-14,4.7580986769649564e-14,4.7580986769649564e-14,4.7580986769649564e-14
40,4,linCmt,focei,bobyqa,TVQ,structural_other,1.8,100,1.5725689475625124,1.5583686702865882,1.9451583560930277,2.83685951973566,4.85026292606916
40,4,linCmt,focei,bobyqa,TVVp,structural_other,80,100,-0.050019826396354716,0.30660389046642783,1.3689985655120207,1.8445029628269765,3.051388281632296
40,4,linCmt,focei,bobyqa,cov_VcCL,structural_other,0.02,100,-6.56733712790728,-11.567292073442253,41.033006132840995,62.95165214035555,94.7673451870716
40,4,linCmt,focei,bobyqa,var_CL,structural_other,0.1,100,-8.259594377171338,-5.386991584618835,19.493260861511786,23.309794021018657,36.37293464988828
40,4,linCmt,focei,bobyqa,var_Vc,structural_other,0.1,100,-8.55690578075722,-7.862132884877473,26.95160613521018,35.10468774118243,57.66684875131644
40,4,ode,focei,bobyqa,VcBW,covariate_beta,1,69,2.4366905258039973,20.09514816969796,13.380659064504318,54.90616497309452,65.97476259506033
40,4,ode,focei,bobyqa,VcSEX,covariate_beta,0.4054651081081644,74,19.862938811521797,19.539010057619418,24.364156486977457,33.82589029611869,56.84757175217901
40,4,ode,focei,bobyqa,TVCL,structural_intercept,0.6,100,0.8830733463517093,1.3825116839625111,3.229043817493218,5.677328844180806,9.115831170622691
40,4,ode,focei,bobyqa,TVVc,structural_intercept,20,100,3.3118571091898112,3.602582274724691,8.913047439419772,12.127515996236477,19.066664445549442
40,4,ode,focei,bobyqa,ResErr,structural_other,0.1,100,-1.2485684505849706,-1.54873711983091,4.381563503195553,6.816826203474068,11.363500706463
40,4,ode,focei,bobyqa,TVKA,structural_other,0.7,100,4.7580986769649564e-14,4.7580986769649564e-14,4.7580986769649564e-14,4.7580986769649564e-14,4.7580986769649564e-14
40,4,ode,focei,bobyqa,TVQ,structural_other,1.8,100,1.56111395198648,1.5439367654440712,1.9644769439072292,2.8324982528974743,4.817107048109687
40,4,ode,focei,bobyqa,TVVp,structural_other,80,100,-0.06737486822196104,0.30293822677164284,1.3710766254457418,1.8463825805233192,3.073776135260785
40,4,ode,focei,bobyqa,cov_VcCL,structural_other,0.02,100,-6.175229766850815,-11.20274580295881,37.42191187733045,62.782759901529396,93.4852241558035
40,4,ode,focei,bobyqa,var_CL,structural_other,0.1,100,-8.246176727659579,-5.531021152144645,19.265949772254597,23.363596016279494,36.4237100096128
40,4,ode,focei,bobyqa,var_Vc,structural_other,0.1,100,-7.8356235167832615,-7.197735375676063,26.31948584688854,36.21291599397162,57.33069788748782
40,5,linCmt,focei,bobyqa,CLcrCL,covariate_beta,0.5,65,-2.7604303151110066,1.2598193890655167,16.058192296160755,19.143804171999403,31.09706437852938
40,5,linCmt,focei,bobyqa,TVCL,structural_intercept,0.6,100,0.28068636085013904,0.2780457451078678,3.1496311147908114,5.271938411767614,8.837292165780514
40,5,linCmt,focei,bobyqa,TVVc,structural_intercept,20,100,2.80071718290424,2.4488514720320116,4.213403343398587,6.741445143085474,10.915289000878445
40,5,linCmt,focei,bobyqa,ResErr,structural_other,0.1,100,0.2780436411135706,0.26414160860195,4.3121959275380375,6.6471813278784975,11.06739323640781
40,5,linCmt,focei,bobyqa,TVKA,structural_other,0.7,100,4.7580986769649564e-14,4.3298697960381105e-14,4.7580986769649564e-14,4.538936852166976e-14,4.7580986769649564e-14
40,5,linCmt,focei,bobyqa,TVQ,structural_other,1.8,100,1.5589590686129442,1.793697745963907,1.6412648334993993,2.6443333284184423,4.7227479443277955
40,5,linCmt,focei,bobyqa,TVVp,structural_other,80,100,0.45486958183187376,0.3377923899089302,0.9792738244895284,1.4423379540315175,2.2187909865662503
40,5,linCmt,focei,bobyqa,cov_VcCL,structural_other,0.02,100,3.3902369186551358,1.967280428973438,54.06562299415736,64.11812559359265,102.77711389165118
40,5,linCmt,focei,bobyqa,var_CL,structural_other,0.1,100,-9.672641385675751,-7.347065864318357,18.633153163483442,25.2026733759102,41.36469859362442
40,5,linCmt,focei,bobyqa,var_Vc,structural_other,0.1,100,-9.3829886353856,-8.602467005433748,25.81708106759256,39.78735292818726,67.29556203280302
40,5,ode,focei,bobyqa,CLcrCL,covariate_beta,0.5,62,-1.9802005844142823,1.9956521551598982,15.851813366790568,19.13493831651746,30.87166087069722
40,5,ode,focei,bobyqa,TVCL,structural_intercept,0.6,100,0.08053719265130323,0.17259560039985747,3.2027445797500707,5.23050264110354,8.844000230386198
40,5,ode,focei,bobyqa,TVVc,structural_intercept,20,100,2.7478871156333717,2.4940745762754126,4.215272318918197,6.779617730032444,10.88197340774861
40,5,ode,focei,bobyqa,ResErr,structural_other,0.1,100,0.40385323269923057,0.07926506258227939,4.426061951008288,6.454672705361977,11.032220764038769
40,5,ode,focei,bobyqa,TVKA,structural_other,0.7,100,4.7580986769649564e-14,4.3298697960381105e-14,4.7580986769649564e-14,4.538936852166976e-14,4.7580986769649564e-14
40,5,ode,focei,bobyqa,TVQ,structural_other,1.8,100,1.5621080653011474,1.7507376886943433,1.629440801066695,2.6133863713233105,4.67793431157395
40,5,ode,focei,bobyqa,TVVp,structural_other,80,100,0.4415232717971928,0.3197857240800294,0.9784834678626629,1.4350357849159237,2.2296777499707767
40,5,ode,focei,bobyqa,cov_VcCL,structural_other,0.02,100,2.845642671511321,-0.51225932245186645,51.57581896367077,61.157560471394476,100.08896816057282
40,5,ode,focei,bobyqa,var_CL,structural_other,0.1,100,-9.176908218120158,-7.367042749530631,18.31520065537147,25.105292754483578,41.67862376406145
40,5,ode,focei,bobyqa,var_Vc,structural_other,0.1,100,-8.183185081529466,-7.586108539784572,25.01622638642793,39.0178583224154,65.50333746249827
40,6,linCmt,focei,bobyqa,CLcrCL,covariate_beta,0.5,69,6.909507094254019,8.929176656545899,14.295650665099014,23.877836721416802,41.58452484950767
40,6,linCmt,focei,bobyqa,VcSEX,covariate_beta,0.4054651081081644,78,10.616352793530442,13.021739584285447,17.294511017656568,29.1893569715863,47.10281379214517
40,6,linCmt,focei,bobyqa,TVCL,structural_intercept,0.6,100,-0.3605420786801187,0.08959904128518216,4.097111410545261,6.043334340817983,8.998126423743678
40,6,linCmt,focei,bobyqa,TVVc,structural_intercept,20,100,1.4699805022147938,3.6972251063709676,7.105219753796136,13.972707698629506,23.69913508931119
40,6,linCmt,focei,bobyqa,ResErr,structural_other,0.1,100,0.25462660388157754,0.11044559257146953,4.2197796144798145,6.185507985264809,9.76674863159921
40,6,linCmt,focei,bobyqa,TVKA,structural_other,0.7,100,4.7580986769649564e-14,4.710517690195307e-14,4.7580986769649564e-14,4.734248408093761e-14,4.7580986769649564e-14
40,6,linCmt,focei,bobyqa,TVQ,structural_other,1.8,100,1.3025911138767485,1.5188498688736214,1.897810325911711,2.8717174961489076,4.693077879331032
40,6,linCmt,focei,bobyqa,TVVp,structural_other,80,100,0.5995151499588579,0.5444943991770606,1.2818993331533157,1.8261137292666036,2.849835119157663
40,6,linCmt,focei,bobyqa,cov_VcCL,structural_other,0.02,100,-9.689132495939246,-6.596957863615234,41.042733173083825,69.81022744374748,103.52781928366439
40,6,linCmt,focei,bobyqa,var_CL,structural_other,0.1,100,-10.2042691253484,-10.990340444986717,15.523369175073729,23.181156645709848,36.64424735812288
40,6,linCmt,focei,bobyqa,var_Vc,structural_other,0.1,100,-9.25818117324171,-7.496095720505849,19.861187051018206,31.98128292763559,56.41790821025258
40,6,ode,focei,bobyqa,CLcrCL,covariate_beta,0.5,68,7.72810887556743,9.50673462746126,14.063821378053376,23.858051192088723,41.333298993604444
40,6,ode,focei,bobyqa,VcSEX,covariate_beta,0.4054651081081644,79,10.158800978831627,13.198467447439851,16.44001223324538,29.108728559412427,46.87282007562057
40,6,ode,focei,bobyqa,TVCL,structural_intercept,0.6,100,-0.39809932784917734,0.10910465141979128,4.103868366004608,6.314764381377774,9.808568581007286
40,6,ode,focei,bobyqa,TVVc,structural_intercept,20,100,1.4984793227736937,3.705544639582312,7.221310031411629,13.902199932519501,23.692181377041248
40,6,ode,focei,bobyqa,ResErr,structural_other,0.1,100,0.03466033655699641,0.08004127219450971,4.354496375105731,6.2008214645154265,9.807156565220723
40,6,ode,focei,bobyqa,TVKA,structural_other,0.7,100,4.7580986769649564e-14,4.710517690195307e-14,4.7580986769649564e-14,4.734248408093761e-14,4.7580986769649564e-14
40,6,ode,focei,bobyqa,TVQ,structural_other,1.8,100,1.387061670617214,1.502828498603231,1.8727682203378282,2.8606787408365464,4.675625018669343
40,6,ode,focei,bobyqa,TVVp,structural_other,80,100,0.591785487362797,0.540683033260884,1.2871654492077678,1.8270888605283242,2.8280724091456966
40,6,ode,focei,bobyqa,cov_VcCL,structural_other,0.02,100,-9.443720176357989,-7.963633205166028,42.516921379931006,67.1700905949316,104.97484666353685
40,6,ode,focei,bobyqa,var_CL,structural_other,0.1,100,-10.665325080949584,-11.19293637077185,15.793296423996983,23.34719161813218,36.904644253556704
40,6,ode,focei,bobyqa,var_Vc,structural_other,0.1,100,-8.607559967131882,-6.877953353123085,19.481682526535614,32.03981105762591,57.59467025119115
40,7,linCmt,focei,bobyqa,CLcrCL,covariate_beta,0.5,57,10.51164996890055,7.144967811002656,13.702653101857166,19.207333785139607,30.06558429731303
40,7,linCmt,focei,bobyqa,VcBW,covariate_beta,1,43,8.400107530705082,9.558199123905194,15.708288706853358,26.350585417331494,34.953933916174236
40,7,linCmt,focei,bobyqa,TVCL,structural_intercept,0.6,100,-1.110608261429391,-0.7441025101484767,4.526801495454379,6.45482224228998,10.50519164505387
40,7,linCmt,focei,bobyqa,TVVc,structural_intercept,20,100,1.4784733322736887,3.409923513941225,5.434254854566447,11.657467323048248,19.91064039201901
40,7,linCmt,focei,bobyqa,ResErr,structural_other,0.1,100,-1.506941054067311,-1.7908347693312663,4.942947445062441,7.277013027026314,12.144590517914905
40,7,linCmt,focei,bobyqa,TVKA,structural_other,0.7,100,4.7580986769649564e-14,4.710517690195307e-14,4.7580986769649564e-14,4.734248408093761e-14,4.7580986769649564e-14
40,7,linCmt,focei,bobyqa,TVQ,structural_other,1.8,100,1.3365333548226814,1.5818346969566597,1.5972692737342267,2.859328583482341,4.775658062998843
40,7,linCmt,focei,bobyqa,TVVp,structural_other,80,100,-0.13077725448729538,0.13438635916289918,1.2230640204452126,1.7482580034379556,2.8276818294570427
40,7,linCmt,focei,bobyqa,cov_VcCL,structural_other,0.02,100,-10.783663984934144,-7.059997199451098,47.0631229644959,61.574079420884964,103.00900973690847
40,7,linCmt,focei,bobyqa,var_CL,structural_other,0.1,100,-10.659742050337478,-7.616482627743745,16.640183354403813,24.36203294092616,39.61253864093453
40,7,linCmt,focei,bobyqa,var_Vc,structural_other,0.1,100,-9.327531662645779,-7.714496763725981,21.895706710814714,35.10390469949865,51.464426923335914
40,7,ode,focei,bobyqa,CLcrCL,covariate_beta,0.5,57,3.9577536400698943,5.733647917580022,12.47005652423423,18.430406251838825,30.64160912993415
40,7,ode,focei,bobyqa,VcBW,covariate_beta,1,48,5.978798565503551,8.533495724843657,15.524365405253754,25.65055623326144,34.51241711994166
40,7,ode,focei,bobyqa,TVCL,structural_intercept,0.6,100,-1.1127938307865886,-0.8688023204721406,4.542061468731761,6.3521935017938915,10.269460878712449
40,7,ode,focei,bobyqa,TVVc,structural_intercept,20,100,1.5896563063348257,3.5018111866365254,5.352593013508251,11.629668460159658,19.800084876349942
40,7,ode,focei,bobyqa,ResErr,structural_other,0.1,100,-1.5601327314092583,-1.8483925175572211,5.194003924663328,7.276852030352394,12.22339266210613
40,7,ode,focei,bobyqa,TVKA,structural_other,0.7,100,4.7580986769649564e-14,4.710517690195307e-14,4.7580986769649564e-14,4.734248408093761e-14,4.7580986769649564e-14
40,7,ode,focei,bobyqa,TVQ,structural_other,1.8,100,1.3365754650596948,1.5656063251046812,1.62709471569651,2.85891508152997,4.763831767518004
40,7,ode,focei,bobyqa,TVVp,structural_other,80,100,-0.12509478283869946,0.12663545992726435,1.2037327841535728,1.74207427783193,2.8337378890596203
40,7,ode,focei,bobyqa,cov_VcCL,structural_other,0.02,100,-8.913783506091294,-3.3673594098733592,50.29965211061289,62.93835003103221,95.21793316784077
40,7,ode,focei,bobyqa,var_CL,structural_other,0.1,100,-10.501583760013512,-7.178814513012065,16.274801928863393,24.15959243483201,39.849859222003325
40,7,ode,focei,bobyqa,var_Vc,structural_other,0.1,100,-9.794374449641797,-7.257001653576663,21.841449784831575,34.72567291696715,50.890356499164504
40,8,linCmt,focei,bobyqa,CLcrCL,covariate_beta,0.5,57,5.93629793323911,8.564062669473591,15.212692728781096,25.677597130292405,32.88625332572519
40,8,linCmt,focei,bobyqa,VcBW,covariate_beta,1,63,16.438478050394668,31.301178447282535,19.0358140865425,68.82846943140456,103.72980278104336
40,8,linCmt,focei,bobyqa,VcSEX,covariate_beta,0.4054651081081644,80,16.186361389336007,20.58889940968981,20.260960342522853,37.27655764700205,65.23254270134333
40,8,linCmt,focei,bobyqa,TVCL,structural_intercept,0.6,100,-0.8268987885082976,-0.5508513996468358,3.984093673090124,6.243180653905892,10.35517666370356
40,8,linCmt,focei,bobyqa,TVVc,structural_intercept,20,100,1.2962406250161607,1.9409300120241206,6.382155209138548,11.365594403886877,19.340710152131912
40,8,linCmt,focei,bobyqa,ResErr,structural_other,0.1,100,-0.1767717286086934,-1.0947071695644208,4.5085889305148115,6.398589796469318,9.814847894266606
40,8,linCmt,focei,bobyqa,TVKA,structural_other,0.7,100,4.7580986769649564e-14,4.7580986769649564e-14,4.7580986769649564e-14,4.7580986769649564e-14,4.7580986769649564e-14
40,8,linCmt,focei,bobyqa,TVQ,structural_other,1.8,100,1.1129696111315288,1.3633978439794483,1.8986633804867943,3.1049333179339755,5.180114294232383
40,8,linCmt,focei,bobyqa,TVVp,structural_other,80,100,0.11540323628440596,0.18934772719653203,1.1356558750374113,1.5586569745828682,2.373492109600802
40,8,linCmt,focei,bobyqa,cov_VcCL,structural_other,0.02,100,-6.906386246433885,4.266120504669697,52.70811651954681,73.13756406601512,115.02226844957679
40,8,linCmt,focei,bobyqa,var_CL,structural_other,0.1,100,-3.769440998207349,-3.281557380087268,15.554859982413753,23.550406771303685,37.261010839639894
40,8,linCmt,focei,bobyqa,var_Vc,structural_other,0.1,100,-13.181274167751416,-10.661319275022779,20.914330702220443,30.34349300702862,50.41894761779348
40,8,ode,focei,bobyqa,CLcrCL,covariate_beta,0.5,55,6.148617922908062,9.701319014802742,14.565465129968192,25.45507421066792,33.20276275075362
40,8,ode,focei,bobyqa,VcBW,covariate_beta,1,65,15.190916040835646,31.725419025428174,19.17595779698812,68.06401573920643,106.3653544572149
40,8,ode,focei,bobyqa,VcSEX,covariate_beta,0.4054651081081644,79,16.448099009677875,20.20519390441384,20.175232497285972,36.432945184382895,62.190902330692325
40,8,ode,focei,bobyqa,TVCL,structural_intercept,0.6,100,-0.8618355059900422,-0.5362176618405023,3.920692015546318,6.162027951170098,10.23937109557394
40,8,ode,focei,bobyqa,TVVc,structural_intercept,20,100,1.1629551742022493,2.1827598169042286,6.417932385152687,11.479339193693125,19.53939291863739
40,8,ode,focei,bobyqa,ResErr,structural_other,0.1,100,-0.3691504262327075,-1.1626501149544994,4.576900125637162,6.40676148498113,9.757816336040518
40,8,ode,focei,bobyqa,TVKA,structural_other,0.7,100,4.7580986769649564e-14,4.7580986769649564e-14,4.7580986769649564e-14,4.7580986769649564e-14,4.7580986769649564e-14
40,8,ode,focei,bobyqa,TVQ,structural_other,1.8,100,1.110855325224992,1.3371540872366512,1.899583216356841,3.0942682123859426,5.145334524262428
40,8,ode,focei,bobyqa,TVVp,structural_other,80,100,0.11041472290505895,0.1786264872490001,1.1494720296480576,1.5553031708175018,2.382908639592806
40,8,ode,focei,bobyqa,cov_VcCL,structural_other,0.02,100,-10.856972737669526,2.893664314808558,47.255552281784944,71.73275505134438,112.69070217318907
40,8,ode,focei,bobyqa,var_CL,structural_other,0.1,100,-4.084219418883241,-2.9369525779104295,15.910275103340805,23.937178487805642,38.136083320025655
40,8,ode,focei,bobyqa,var_Vc,structural_other,0.1,100,-12.512595788385664,-10.235936732251988,20.95506591330372,29.532294700424583,49.59365285788516
40,9,linCmt,focei,bobyqa,CLBW,covariate_beta,0.75,44,13.87956670333001,17.800840089048588,15.828460875543726,28.792334778836427,50.10397020097119
40,9,linCmt,focei,bobyqa,TVCL,structural_intercept,0.6,100,1.9183042011358862,2.719368555042295,6.178119116809516,9.348701323936668,17.356178839002183
40,9,linCmt,focei,bobyqa,TVVc,structural_intercept,20,100,1.6558863317410564,1.4257581828435786,4.529416583994488,7.073587229720547,11.049471220283888
40,9,linCmt,focei,bobyqa,ResErr,structural_other,0.1,100,-0.2600056241185908,-0.5806533241807756,5.555295821975246,6.688644270546759,9.973726389366764
40,9,linCmt,focei,bobyqa,TVKA,structural_other,0.7,100,4.7580986769649564e-14,4.0919648621898625e-14,4.7580986769649564e-14,4.412479189409586e-14,4.7580986769649564e-14
40,9,linCmt,focei,bobyqa,TVQ,structural_other,1.8,100,1.8578600938842595,2.0882808666021777,2.055450451641578,3.055477543232292,4.8039775213195854
40,9,linCmt,focei,bobyqa,TVVp,structural_other,80,100,0.4332595648844783,0.4020241406741354,1.0444335096221735,1.5544640281454847,2.490889115321021
40,9,linCmt,focei,bobyqa,cov_VcCL,structural_other,0.02,100,-19.72329198448164,-20.831370487823904,41.86233671401369,65.92134310262635,114.85700143278856
40,9,linCmt,focei,bobyqa,var_CL,structural_other,0.1,100,-6.625801250936848,-5.8134280210643,17.71326999591781,25.71057682016423,42.94433768889853
40,9,linCmt,focei,bobyqa,var_Vc,structural_other,0.1,100,-7.036477081221931,-9.829423479773158,21.23146978481618,34.671290826417625,59.17294806870029
40,9,ode,focei,bobyqa,CLBW,covariate_beta,0.75,42,14.062175686905288,16.924512497709856,16.05652304996926,27.954484714933624,48.91529204074816
40,9,ode,focei,bobyqa,TVCL,structural_intercept,0.6,100,1.8939016185785715,2.8463298195348115,6.100811967242955,9.417621150393728,17.221545182552443
40,9,ode,focei,bobyqa,TVVc,structural_intercept,20,100,1.6273807621710823,1.4565379655091806,4.532068537961358,7.08223082755252,11.058270997620733
40,9,ode,focei,bobyqa,ResErr,structural_other,0.1,100,-0.21750277175957428,-0.6771158186392375,5.416907616843977,6.597326554513007,10.027728189772489
40,9,ode,focei,bobyqa,TVKA,structural_other,0.7,100,4.7580986769649564e-14,4.0919648621898625e-14,4.7580986769649564e-14,4.412479189409586e-14,4.7580986769649564e-14
40,9,ode,focei,bobyqa,TVQ,structural_other,1.8,100,1.838763399126432,2.0586650621451685,1.9985971096405406,3.0275804110952445,4.789204852180569
40,9,ode,focei,bobyqa,TVVp,structural_other,80,100,0.4076867327536249,0.3977816747164441,1.0500903353357671,1.5421606712055669,2.480370310010426
40,9,ode,focei,bobyqa,cov_VcCL,structural_other,0.02,100,-19.938705950823575,-23.677798180492626,40.280834284281255,64.96737163792928,106.71044182480655
40,9,ode,focei,bobyqa,var_CL,structural_other,0.1,100,-7.687377722265028,-5.846387826463402,17.48788132879509,25.711353716444773,42.9576798588226
40,9,ode,focei,bobyqa,var_Vc,structural_other,0.1,100,-7.341780556321023,-8.912681023249485,21.81600299294374,33.92230243158104,54.768776166408315
40,10,linCmt,focei,bobyqa,CLBW,covariate_beta,0.75,35,11.15594594385203,12.5587284876873,17.954150103547587,22.458448528602727,35.443548093545
40,10,linCmt,focei,bobyqa,VcSEX,covariate_beta,0.4054651081081644,70,4.5493408010264105,7.860870089015173,14.529629303064851,27.226564042336847,47.40519750983248
40,10,linCmt,focei,bobyqa,TVCL,structural_intercept,0.6,100,-1.0412015862194444,-0.11053237830674074,7.726129669079226,10.76976106840765,16.915807785103425
40,10,linCmt,focei,bobyqa,TVVc,structural_intercept,20,100,5.084272732210424,5.418842311104402,9.234456233919808,13.528686953950587,23.40737192736247
40,10,linCmt,focei,bobyqa,ResErr,structural_other,0.1,100,-2.1349697007858532,-2.1213081732799783,5.145511607233852,6.924909853741074,12.144596994571666
40,10,linCmt,focei,bobyqa,TVKA,structural_other,0.7,100,4.7580986769649564e-14,4.6153557166560074e-14,4.7580986769649564e-14,4.686183727634204e-14,4.7580986769649564e-14
40,10,linCmt,focei,bobyqa,TVQ,structural_other,1.8,100,1.2581704504484037,1.4497922406694155,2.017917709545045,2.8994363390676012,4.690060040179766
40,10,linCmt,focei,bobyqa,TVVp,structural_other,80,100,0.08942775048807583,0.08226742236959693,1.1840916889753128,1.468413262925949,2.353321666865073
40,10,linCmt,focei,bobyqa,cov_VcCL,structural_other,0.02,100,4.473269150530555,2.98793795183989,58.67436029074309,81.0835074271027,120.8389675204016
40,10,linCmt,focei,bobyqa,var_CL,structural_other,0.1,100,-6.7735648712640915,-5.090557314214875,14.110786075325358,19.50727479771234,30.90876421286046
40,10,linCmt,focei,bobyqa,var_Vc,structural_other,0.1,100,-7.503698149151298,-3.7877743652083207,22.26578662973261,32.888308123227375,53.90479959571112
40,10,ode,focei,bobyqa,CLBW,covariate_beta,0.75,34,12.82230594716772,11.773730478976466,16.657915500493115,21.325841786134706,31.020659880511097
40,10,ode,focei,bobyqa,VcSEX,covariate_beta,0.4054651081081644,69,4.458172549088822,8.459431456846767,14.743342328759262,27.307797092193564,45.39109135241032
40,10,ode,focei,bobyqa,TVCL,structural_intercept,0.6,100,-1.1364639258062137,0.19442168646320168,7.86537507841518,10.749875169085884,16.164954787376082
40,10,ode,focei,bobyqa,TVVc,structural_intercept,20,100,5.186689152277255,5.588627158048403,9.544512212060301,13.615140719089455,23.22669524869361
40,10,ode,focei,bobyqa,ResErr,structural_other,0.1,100,-2.1535191554975937,-2.1993650311491444,5.096563074161821,6.847078790682977,12.11061450479111
40,10,ode,focei,bobyqa,TVKA,structural_other,0.7,100,4.7580986769649564e-14,4.567774729886358e-14,4.7580986769649564e-14,4.6619655617503486e-14,4.7580986769649564e-14
40,10,ode,focei,bobyqa,TVQ,structural_other,1.8,100,1.2928541302425736,1.4281986357280174,1.999791371983195,2.88476420001518,4.653991878129452
40,10,ode,focei,bobyqa,TVVp,structural_other,80,100,0.06139587020043358,0.07357521112786394,1.1929605134799814,1.4673354640795566,2.353706657211332
40,10,ode,focei,bobyqa,cov_VcCL,structural_other,0.02,100,4.100562302136552,3.214809731405557,58.781810637444345,76.7085716540345,119.1406801047775
40,10,ode,focei,bobyqa,var_CL,structural_other,0.1,100,-5.933185855852306,-4.606924937992337,14.153272128794603,19.421000772830812,29.88895115190936
40,10,ode,focei,bobyqa,var_Vc,structural_other,0.1,100,-6.554469078534804,-3.1254833423647286,21.980838305002575,32.69620776904688,53.882101428631714
40,11,linCmt,focei,bobyqa,CLBW,covariate_beta,0.75,48,16.90771638037516,23.358288091201818,19.398110131196905,39.03880241456187,58.56542074886906
40,11,linCmt,focei,bobyqa,VcBW,covariate_beta,1,51,0.2111102013023336,7.2180076985887185,15.089392386131518,31.863498139932155,33.4482035577182
40,11,linCmt,focei,bobyqa,TVCL,structural_intercept,0.6,100,-2.9077011349054236,-3.727624616771108,8.30623547366886,11.737927072701781,19.835785348355277
40,11,linCmt,focei,bobyqa,TVVc,structural_intercept,20,100,-4.11408470294389,-1.9662118348848834,9.067444791537476,12.796312791011626,20.063786322335954
40,11,linCmt,focei,bobyqa,ResErr,structural_other,0.1,100,-1.0176242273848766,-0.49953428988521964,4.459813573283642,6.474117675331764,11.077910900972265
40,11,linCmt,focei,bobyqa,TVKA,structural_other,0.7,100,4.7580986769649564e-14,4.6153557166560074e-14,4.7580986769649564e-14,4.686183727634204e-14,4.7580986769649564e-14
40,11,linCmt,focei,bobyqa,TVQ,structural_other,1.8,100,1.4055083869673899,1.9018373642728916,1.7374736966649498,3.0062161435695502,5.180067414321046
40,11,linCmt,focei,bobyqa,TVVp,structural_other,80,100,0.6520133965179742,0.7401676707995678,1.1482973737126125,1.7431510413329936,2.819999163893945
40,11,linCmt,focei,bobyqa,cov_VcCL,structural_other,0.02,100,-11.618092779132711,-13.429274489982934,48.8177027538264,69.44460338519703,106.3483860532638
40,11,linCmt,focei,bobyqa,var_CL,structural_other,0.1,100,-10.806984591716501,-9.286583971379908,17.431901378460235,24.871831238052568,40.57706439684041
40,11,linCmt,focei,bobyqa,var_Vc,structural_other,0.1,100,-19.585628931534572,-15.944711254566412,25.272212973673746,36.85166501265213,61.722834620712305
40,11,ode,focei,bobyqa,CLBW,covariate_beta,0.75,45,17.223834846677303,20.533536335804918,17.802189182875136,36.717775284184185,55.25129653273577
40,11,ode,focei,bobyqa,VcBW,covariate_beta,1,55,2.423104995101255,0.6365788546351687,16.77218991105489,49.249324104190364,36.525488898977514
40,11,ode,focei,bobyqa,TVCL,structural_intercept,0.6,100,-2.6504052727095813,-3.385363053950784,7.2094232258599815,11.168514969852405,19.204058965724773
40,11,ode,focei,bobyqa,TVVc,structural_intercept,20,100,-4.585049509704646,-1.6841276975918262,9.769954020057838,14.160575215935618,19.906958200719114
40,11,ode,focei,bobyqa,ResErr,structural_other,0.1,100,-0.9717803470285848,-0.42511180939561216,4.543201790593359,6.489142661237928,11.159865654435237
40,11,ode,focei,bobyqa,TVKA,structural_other,0.7,100,4.7580986769649564e-14,4.6153557166560074e-14,4.7580986769649564e-14,4.686183727634204e-14,4.7580986769649564e-14
40,11,ode,focei,bobyqa,TVQ,structural_other,1.8,100,1.4917114374856468,1.9265693032275482,1.7740178175555275,3.016000814663718,5.199280876265423
40,11,ode,focei,bobyqa,TVVp,structural_other,80,100,0.6643339048579655,0.7480096551300628,1.1454703486230586,1.7444302917305847,2.6752889280796373
40,11,ode,focei,bobyqa,cov_VcCL,structural_other,0.02,100,-1.410185543058726,-0.3637467955231244,48.50098566315374,68.28416052315583,109.12108160763354
40,11,ode,focei,bobyqa,var_CL,structural_other,0.1,100,-10.979065784047574,-8.519455275509106,17.900627271998875,24.513623763728294,40.1951106835301
40,11,ode,focei,bobyqa,var_Vc,structural_other,0.1,100,-19.88468179515661,-16.152696788703626,26.62738494339666,37.53346950214267,63.32974572482337
40,12,linCmt,focei,bobyqa,CLBW,covariate_beta,0.75,41,8.346296207533015,9.295995943712585,17.191867891146938,23.920502651521858,37.263816675069265
40,12,linCmt,focei,bobyqa,VcBW,covariate_beta,1,40,26.966530660821377,37.61099858941157,28.574649153342303,67.28267894426122,138.04748555859854
40,12,linCmt,focei,bobyqa,VcSEX,covariate_beta,0.4054651081081644,74,20.62568562400727,21.85254815730275,27.27826017282915,38.446369541175606,65.77681335214994
40,12,linCmt,focei,bobyqa,TVCL,structural_intercept,0.6,100,-1.9705082515337111,-1.8652934953655858,8.380156168190194,9.780117755131524,14.445390754113788
40,12,linCmt,focei,bobyqa,TVVc,structural_intercept,20,100,-1.3472889548345268,-1.3139331000439227,9.184360578266695,14.430215938179828,24.75773772175181
40,12,linCmt,focei,bobyqa,ResErr,structural_other,0.1,100,0.6822993845824743,0.08623633660032673,4.74869499674057,7.310297669850324,10.826662656663032
40,12,linCmt,focei,bobyqa,TVKA,structural_other,0.7,100,4.7580986769649564e-14,4.7580986769649564e-14,4.7580986769649564e-14,4.7580986769649564e-14,4.7580986769649564e-14
40,12,linCmt,focei,bobyqa,TVQ,structural_other,1.8,100,1.9059586217724154,1.6497081827236721,2.0848525026833222,2.7062651170393464,4.1390078317421
40,12,linCmt,focei,bobyqa,TVVp,structural_other,80,100,0.20904239267946603,0.06921264078623039,1.1455330276224185,1.683473865907693,2.478330792459517
40,12,linCmt,focei,bobyqa,cov_VcCL,structural_other,0.02,100,11.310863804844946,7.580649884874631,55.839532759346234,80.01034675180307,143.66772430042053
40,12,linCmt,focei,bobyqa,var_CL,structural_other,0.1,100,-8.545863907407144,-6.0363534352945205,20.248646174617843,25.644378533225847,41.642231859408106
40,12,linCmt,focei,bobyqa,var_Vc,structural_other,0.1,100,-9.91671498624054,-3.8853386188345933,22.721915064065858,35.59117707148707,54.48095337730612
40,12,ode,focei,bobyqa,CLBW,covariate_beta,0.75,33,11.269005236018865,11.237112640254644,19.69313080202206,25.110526450120712,38.30862417164329
40,12,ode,focei,bobyqa,VcBW,covariate_beta,1,45,22.718995343899028,35.42738622114905,25.438488516580925,66.14840150769359,136.69741728360663
40,12,ode,focei,bobyqa,VcSEX,covariate_beta,0.4054651081081644,73,19.301424602173274,20.969461639702335,23.662806668504725,38.0610160618377,63.71606147468813
40,12,ode,focei,bobyqa,TVCL,structural_intercept,0.6,100,-1.190468584671691,-1.1101703924694306,7.904945674481459,9.19430760155527,13.887116011521137
40,12,ode,focei,bobyqa,TVVc,structural_intercept,20,100,-1.4680995609601766,-2.037583151998299,9.36583446478318,14.650295491722614,23.55010242040522
40,12,ode,focei,bobyqa,ResErr,structural_other,0.1,100,0.7269109763807167,0.07708987797623898,4.8929169742079965,7.30351837216818,10.653370828165155
40,12,ode,focei,bobyqa,TVKA,structural_other,0.7,100,4.7580986769649564e-14,4.7580986769649564e-14,4.7580986769649564e-14,4.7580986769649564e-14,4.7580986769649564e-14
40,12,ode,focei,bobyqa,TVQ,structural_other,1.8,100,1.9200535343992797,1.6411710163969269,2.087299270353985,2.7000842969612595,4.239814349782706
40,12,ode,focei,bobyqa,TVVp,structural_other,80,100,0.2031075200691923,0.06125303027192449,1.1514492301994215,1.6773693506226428,2.483509973516157
40,12,ode,focei,bobyqa,cov_VcCL,structural_other,0.02,100,9.463367660729958,11.867325000321577,58.03718651278585,81.56647449397782,138.01323892861475
40,12,ode,focei,bobyqa,var_CL,structural_other,0.1,100,-7.530058623348462,-5.612460827956743,19.30925411627296,25.550659428532903,41.424249031195004
40,12,ode,focei,bobyqa,var_Vc,structural_other,0.1,100,-8.871594208256305,-3.442894159707397,23.161909280227412,35.6614053871802,60.104457250221365
40,13,linCmt,focei,bobyqa,CLBW,covariate_beta,0.75,34,40.41458533974879,39.373880156648,40.41458533974879,53.585664783214845,82.34360846029296
40,13,linCmt,focei,bobyqa,CLcrCL,covariate_beta,0.5,51,19.470951255182033,28.450714439269053,24.624194683750456,45.304947559647324,79.22023719311879
40,13,linCmt,focei,bobyqa,TVCL,structural_intercept,0.6,100,-1.4806992809212514,-2.4777030886239766,9.57050198543813,13.025822633240086,19.516472076623653
40,13,linCmt,focei,bobyqa,TVVc,structural_intercept,20,100,1.7717227979300267,1.458110224578033,4.390727897059091,6.536393870145534,10.846348893986672
40,13,linCmt,focei,bobyqa,ResErr,structural_other,0.1,100,-0.21678852604391924,0.20177720775055877,5.364883542595754,7.481388217362111,12.138560184080971
40,13,linCmt,focei,bobyqa,TVKA,structural_other,0.7,100,4.7580986769649564e-14,4.7580986769649564e-14,4.7580986769649564e-14,4.7580986769649564e-14,4.7580986769649564e-14
40,13,linCmt,focei,bobyqa,TVQ,structural_other,1.8,100,1.7565680804816353,1.8300837553995961,1.9165759558884679,2.813621589757983,4.662304507980167
40,13,linCmt,focei,bobyqa,TVVp,structural_other,80,100,0.460509709420771,0.4678752256700538,1.0271205206174638,1.6166090307500733,2.6675913574713883
40,13,linCmt,focei,bobyqa,cov_VcCL,structural_other,0.02,100,-14.040792477230085,-8.916414312446243,49.994102238978236,80.58228480448585,132.1222142870929
40,13,linCmt,focei,bobyqa,var_CL,structural_other,0.1,100,-7.062747479355008,-3.3880598632014216,19.063015570181747,26.099849364998455,41.245055325358685
40,13,linCmt,focei,bobyqa,var_Vc,structural_other,0.1,100,-2.3510434378261893,-3.0180647306039954,23.29463163579423,39.05387733881979,63.754950317391746
40,13,ode,focei,bobyqa,CLBW,covariate_beta,0.75,34,34.86674608487258,39.09268946080162,34.86674608487258,54.60474508810571,91.35876607819601
40,13,ode,focei,bobyqa,CLcrCL,covariate_beta,0.5,49,19.580204929836587,29.445990387311216,22.877563458087703,45.77495140890434,79.92060988157891
40,13,ode,focei,bobyqa,TVCL,structural_intercept,0.6,100,-1.763946942617528,-2.102581131612287,9.878118244187847,13.90095262180911,21.36621579955876
40,13,ode,focei,bobyqa,TVVc,structural_intercept,20,100,1.635224930326462,1.3268374606536881,4.371555004784611,6.61120329389055,10.723032605648648
40,13,ode,focei,bobyqa,ResErr,structural_other,0.1,100,-0.5446544681864882,0.05181864265432698,5.202095047913434,7.470544652442443,12.304761419368088
40,13,ode,focei,bobyqa,TVKA,structural_other,0.7,100,4.7580986769649564e-14,4.7580986769649564e-14,4.7580986769649564e-14,4.7580986769649564e-14,4.7580986769649564e-14
40,13,ode,focei,bobyqa,TVQ,structural_other,1.8,100,1.713044771325969,1.7903665036299274,1.8175133770690848,2.8180096962753343,4.677931289404677
40,13,ode,focei,bobyqa,TVVp,structural_other,80,100,0.3520541742578054,0.389499563730157,1.0017198951745243,1.5988144420362012,2.662352388738584
40,13,ode,focei,bobyqa,cov_VcCL,structural_other,0.02,100,-11.890784269236947,-122.67228489205746,48.91292389390327,1126.4490160401494,142.49522345648694
40,13,ode,focei,bobyqa,var_CL,structural_other,0.1,100,-5.162017087972329,537.4057028268202,18.44171900640181,5399.463380930824,42.46228885284101
40,13,ode,focei,bobyqa,var_Vc,structural_other,0.1,100,-0.9316624683164063,-1.4848482453241396,24.301378427389935,39.336944910736456,64.2848264447673
40,14,linCmt,focei,bobyqa,CLBW,covariate_beta,0.75,44,10.505603510864663,27.426522329441617,16.224612777373064,52.64478737434396,83.17352896105753
40,14,linCmt,focei,bobyqa,CLcrCL,covariate_beta,0.5,42,20.793406308737172,19.709223303250802,27.53432167932688,39.272965201856515,55.86843770422095
40,14,linCmt,focei,bobyqa,VcSEX,covariate_beta,0.4054651081081644,79,9.41184244488729,11.725606325309347,13.36563720600493,25.026309744104047,44.25710495229209
40,14,linCmt,focei,bobyqa,TVCL,structural_intercept,0.6,100,-4.2986028819780495,-4.084896978796868,9.609818592875316,14.021401740655334,22.167401464328584
40,14,linCmt,focei,bobyqa,TVVc,structural_intercept,20,100,1.9176139846313678,4.377167368249968,6.338777349937992,12.259834379992821,22.852284637039343
40,14,linCmt,focei,bobyqa,ResErr,structural_other,0.1,100,0.070199011084425,-0.3926098865457206,4.637574456763834,7.197358079341599,12.195916797061782
40,14,linCmt,focei,bobyqa,TVKA,structural_other,0.7,100,4.7580986769649564e-14,4.7580986769649564e-14,4.7580986769649564e-14,4.7580986769649564e-14,4.7580986769649564e-14
40,14,linCmt,focei,bobyqa,TVQ,structural_other,1.8,100,1.6149647825306725,1.858673939835515,2.211736267355719,3.198641209419454,4.839649732420669
40,14,linCmt,focei,bobyqa,TVVp,structural_other,80,100,0.31396744976507124,0.5184952322192865,1.142709484390032,1.7677559850115865,3.0007645956260274
40,14,linCmt,focei,bobyqa,cov_VcCL,structural_other,0.02,100,-8.021933207053907,-10.460761369990793,48.73199398153433,78.97556044528716,129.65791942531308
40,14,linCmt,focei,bobyqa,var_CL,structural_other,0.1,100,-9.413988809132725,-4.64094138755876,18.58737792594661,50.25305753103726,46.33547469058669
40,14,linCmt,focei,bobyqa,var_Vc,structural_other,0.1,100,-12.166360133468585,0.8872287098006029,26.5373972623822,78.12402620029427,63.48620228727806
40,14,ode,focei,bobyqa,CLBW,covariate_beta,0.75,46,9.441648482862302,25.869506626085183,15.68206584462172,50.97132725254711,78.09752517738072
40,14,ode,focei,bobyqa,CLcrCL,covariate_beta,0.5,47,16.192291049345453,22.757228484029426,26.64534891460555,42.65533873768533,68.7126376713315
40,14,ode,focei,bobyqa,VcSEX,covariate_beta,0.4054651081081644,80,8.487534534602592,7.488911388568513,13.659270025047338,39.658601728564676,41.23401526652423
40,14,ode,focei,bobyqa,TVCL,structural_intercept,0.6,100,-3.5055482632260127,5.482696644394775,9.806876931794605,97.8856628608295,22.946162184616547
40,14,ode,focei,bobyqa,TVVc,structural_intercept,20,100,2.5032243305390627,5.461065819210643,6.159671970324894,15.417798900894317,23.507639037490396
40,14,ode,focei,bobyqa,ResErr,structural_other,0.1,100,-0.02476972231207908,-0.4851224965810237,3.773100920567374,7.230320921024201,12.09741611240398
40,14,ode,focei,bobyqa,TVKA,structural_other,0.7,100,4.7580986769649564e-14,4.7580986769649564e-14,4.7580986769649564e-14,4.7580986769649564e-14,4.7580986769649564e-14
40,14,ode,focei,bobyqa,TVQ,structural_other,1.8,100,1.7443634208426095,1.7654398613889295,2.2411124040219965,3.2572546261428332,5.1307436610599755
40,14,ode,focei,bobyqa,TVVp,structural_other,80,100,0.26134772037899273,0.4138785123344247,1.1145196155048698,1.9125427960726633,3.0222899486924732
40,14,ode,focei,bobyqa,cov_VcCL,structural_other,0.02,100,-14.093612330585417,109.95425195892396,47.55162822313588,1123.2535490091077,112.67449461851604
40,14,ode,focei,bobyqa,var_CL,structural_other,0.1,100,-10.363815901844209,71.91412385595487,20.29974463277611,698.8722993735244,46.45081800856556
40,14,ode,focei,bobyqa,var_Vc,structural_other,0.1,100,-11.811580008683785,3.974375433253871,25.90126937225927,92.56376951240203,64.75724491162752
40,15,linCmt,focei,bobyqa,CLBW,covariate_beta,0.75,37,16.521852443388653,25.398559871014232,22.8214147059704,43.8325403277356,79.17605220857529
40,15,linCmt,focei,bobyqa,CLcrCL,covariate_beta,0.5,50,15.582590380583571,22.81421411417897,21.485635464467123,40.385765478878405,69.68353018626378
40,15,linCmt,focei,bobyqa,VcBW,covariate_beta,1,45,3.8237255847999085,6.788196280901494,16.66970956955851,25.355338579568098,37.80630050364788
40,15,linCmt,focei,bobyqa,TVCL,structural_intercept,0.6,100,-4.072231163006007,-4.041585802401502,9.430131114067551,12.717177534653946,18.841892542747797
40,15,linCmt,focei,bobyqa,TVVc,structural_intercept,20,100,-1.4635798489729002,-1.8175633187802587,8.306648899788724,13.70704865524877,23.210030754637266
40,15,linCmt,focei,bobyqa,ResErr,structural_other,0.1,100,-0.2528517651673584,-0.5076701234881691,4.19512939055966,6.855015723097005,11.534552971847843
40,15,linCmt,focei,bobyqa,TVKA,structural_other,0.7,100,4.7580986769649564e-14,4.7580986769649564e-14,4.7580986769649564e-14,4.7580986769649564e-14,4.7580986769649564e-14
40,15,linCmt,focei,bobyqa,TVQ,structural_other,1.8,100,1.6482305693711465,1.820544472263768,1.9819881907333328,2.9455719851854285,4.797421956235526
40,15,linCmt,focei,bobyqa,TVVp,structural_other,80,100,0.25430391274168684,0.2978208497119306,1.196927487421906,1.5745881299037683,2.371357336483239
40,15,linCmt,focei,bobyqa,cov_VcCL,structural_other,0.02,100,3.8546172804254737,10.639250348364213,44.8812469034758,74.84300992859816,129.18386779492525
40,15,linCmt,focei,bobyqa,var_CL,structural_other,0.1,100,-9.049438819843235,-7.25775191732647,16.142771380520045,24.132517498147916,38.822334072389864
40,15,linCmt,focei,bobyqa,var_Vc,structural_other,0.1,100,-14.886764519604759,-10.50534549898272,23.982122267670597,34.408151088927255,53.75810460561474
40,15,ode,focei,bobyqa,CLBW,covariate_beta,0.75,24,15.854307489370806,23.571243974571154,15.854307489370806,37.99185379591955,61.69691896079461
40,15,ode,focei,bobyqa,CLcrCL,covariate_beta,0.5,47,19.465525806186367,24.20813191375793,22.251927732681263,41.59280412979049,67.52364195994124
40,15,ode,focei,bobyqa,VcBW,covariate_beta,1,48,5.325622012456089,7.977609573459127,15.789038732106043,29.318223508743923,45.352778934532
40,15,ode,focei,bobyqa,TVCL,structural_intercept,0.6,100,-3.092176858361893,-2.924270371465926,8.789063391548734,11.54120787563155,17.59891302152813
40,15,ode,focei,bobyqa,TVVc,structural_intercept,20,100,-1.942414128897161,-2.1873968691076393,9.173635141126828,13.984627774496339,23.366532752748526
40,15,ode,focei,bobyqa,ResErr,structural_other,0.1,100,-0.45595004709580306,-0.3643444309004354,4.251340808190986,6.924271731041859,11.77987375643863
40,15,ode,focei,bobyqa,TVKA,structural_other,0.7,100,4.7580986769649564e-14,4.7580986769649564e-14,4.7580986769649564e-14,4.7580986769649564e-14,4.7580986769649564e-14
40,15,ode,focei,bobyqa,TVQ,structural_other,1.8,100,1.709038619298152,1.8631646027909718,1.966094670876871,2.977888402508143,4.724819803514985
40,15,ode,focei,bobyqa,TVVp,structural_other,80,100,0.3049000065213381,0.31197276769224247,1.1586372130849831,1.5841480937472305,2.3388690879835767
40,15,ode,focei,bobyqa,cov_VcCL,structural_other,0.02,100,24.623968949877227,29.961621413884064,49.666455095024055,83.59922791362507,135.3767361197993
40,15,ode,focei,bobyqa,var_CL,structural_other,0.1,100,-7.62388450034545,-5.909129852083725,15.212096797458335,24.183745098130593,37.83615266974725
40,15,ode,focei,bobyqa,var_Vc,structural_other,0.1,100,-14.282711684873814,-10.751174009984018,24.216286466325677,36.30059122358206,57.39390413962595
40,16,linCmt,focei,bobyqa,CLBW,covariate_beta,0.75,41,18.565079277882322,32.94202852716451,18.565079277882322,53.166657081032874,83.4269313613596
40,16,linCmt,focei,bobyqa,CLcrCL,covariate_beta,0.5,46,15.039439530219889,21.53697835867908,18.45704648078954,37.323408189326194,56.66942891457938
40,16,linCmt,focei,bobyqa,VcBW,covariate_beta,1,56,11.465074565602695,30.46526501325979,16.919869097876312,67.97050749429623,126.25839340511877
40,16,linCmt,focei,bobyqa,VcSEX,covariate_beta,0.4054651081081644,73,18.85404760861141,21.99247781742286,21.879142156501494,36.589349936089654,63.69943670021429
40,16,linCmt,focei,bobyqa,TVCL,structural_intercept,0.6,100,-4.7193646621211585,-4.273978107767758,8.124457235190878,12.083096934735503,21.378905510640813
40,16,linCmt,focei,bobyqa,TVVc,structural_intercept,20,100,-3.8181179675273214,-4.11449688077847,10.855462088329988,15.54122395217831,23.845266779250178
40,16,linCmt,focei,bobyqa,ResErr,structural_other,0.1,100,-1.7525424868993291,-1.7102096077543056,5.095265630319319,6.465725879492277,10.558603378663326
40,16,linCmt,focei,bobyqa,TVKA,structural_other,0.7,100,4.7580986769649564e-14,4.7580986769649564e-14,4.7580986769649564e-14,4.7580986769649564e-14,4.7580986769649564e-14
40,16,linCmt,focei,bobyqa,TVQ,structural_other,1.8,100,1.6958186772947728,1.6402631349422405,1.99204724349086,2.9890397736491443,5.004903508974114
40,16,linCmt,focei,bobyqa,TVVp,structural_other,80,100,0.32971906482819335,0.4429274909624535,1.2458547519871743,1.884947008495599,3.0634561117746673
40,16,linCmt,focei,bobyqa,cov_VcCL,structural_other,0.02,100,-5.5174078777566,-4.60073042211635,43.876540063458535,80.27895421868001,138.10925116156957
40,16,linCmt,focei,bobyqa,var_CL,structural_other,0.1,100,-6.618402082369052,-7.520152909554367,15.66261808885635,24.03027220653369,41.296282613463745
40,16,linCmt,focei,bobyqa,var_Vc,structural_other,0.1,100,-7.634309954589753,-6.638554009579134,24.84902540995843,35.80639236866047,56.30507687839709
40,16,ode,focei,bobyqa,CLBW,covariate_beta,0.75,37,21.29510793825936,38.18629015629552,21.29510793825936,58.45522648320337,94.8508988464301
40,16,ode,focei,bobyqa,CLcrCL,covariate_beta,0.5,44,16.403614500460595,23.426193560180515,18.595228132512254,37.718325795086955,56.37684609958896
40,16,ode,focei,bobyqa,VcBW,covariate_beta,1,56,9.573961622734506,28.438362444750904,16.144371620551556,66.03554707550468,122.59394094933754
40,16,ode,focei,bobyqa,VcSEX,covariate_beta,0.4054651081081644,72,19.675705523017612,22.379035924247333,21.754315649857308,37.53346740039187,70.4576623762558
40,16,ode,focei,bobyqa,TVCL,structural_intercept,0.6,100,-4.2275003523312895,-3.995292849254512,8.534124352280395,12.0637119196052,20.369245830832966
40,16,ode,focei,bobyqa,TVVc,structural_intercept,20,100,-3.654003706047319,-3.57922056378717,10.81865229211024,15.594682831199746,23.834773495655767
40,16,ode,focei,bobyqa,ResErr,structural_other,0.1,100,-1.7404416435002763,-1.6899501945925617,5.020585723661195,6.435605736090102,10.511940325553946
40,16,ode,focei,bobyqa,TVKA,structural_other,0.7,100,4.7580986769649564e-14,4.7580986769649564e-14,4.7580986769649564e-14,4.7580986769649564e-14,4.7580986769649564e-14
40,16,ode,focei,bobyqa,TVQ,structural_other,1.8,100,1.7154525536727434,1.6429839889005426,2.0790697920503214,2.9969095195235838,5.03361816797584
40,16,ode,focei,bobyqa,TVVp,structural_other,80,100,0.32781571994696,0.44452201870559677,1.2994184835733602,1.8869352335260743,3.027281378612153
40,16,ode,focei,bobyqa,cov_VcCL,structural_other,0.02,100,2.0144925783415704,1.7106332797117325,40.97719166604759,81.25202216688912,144.05883468225693
40,16,ode,focei,bobyqa,var_CL,structural_other,0.1,100,-6.270736988872899,-6.539547350756619,15.408003727128467,24.135738092959897,41.15413764373489
40,16,ode,focei,bobyqa,var_Vc,structural_other,0.1,100,-6.420933506510476,-6.223303883256263,24.70707395232377,35.747229750667096,55.95699451774549
80,1,linCmt,focei,bobyqa,TVCL,structural_intercept,0.6,100,-0.28890181016920835,0.4690629258213495,2.781822883241451,3.8199037509102656,6.2569161029129
80,1,linCmt,focei,bobyqa,TVVc,structural_intercept,20,100,2.765058204780688,2.541185547508905,4.452096621846921,6.014577418557632,8.874863065037053
80,1,linCmt,focei,bobyqa,ResErr,structural_other,0.1,100,1.3808217972960044,1.3172616073861525,3.1262921152018994,4.316126962463654,6.535872397648376
80,1,linCmt,focei,bobyqa,TVKA,structural_other,0.7,100,0,4.758098676964956e-15,0,1.5046429151043004e-14,4.758098676965362e-15
80,1,linCmt,focei,bobyqa,TVQ,structural_other,1.8,100,1.9829031069140814,2.2114691412535645,2.010155283019362,2.659874252375537,4.268268954670537
80,1,linCmt,focei,bobyqa,TVVp,structural_other,80,100,0.5597893808103827,0.4954075344604448,0.8788994986544553,1.2270252619953295,1.9146001641497299
80,1,linCmt,focei,bobyqa,cov_VcCL,structural_other,0.02,100,-4.121564730674302,-3.4166077389722966,32.56241242419061,46.70630625224837,77.81177674710501
80,1,linCmt,focei,bobyqa,var_CL,structural_other,0.1,100,-1.5543368168148275,-1.4432560160733423,10.86228597988334,15.038029852766776,24.63783092612104
80,1,linCmt,focei,bobyqa,var_Vc,structural_other,0.1,100,-7.566198055297319,-8.255299681750104,19.103021097941397,26.736184696727687,43.59502165406771
80,1,ode,focei,bobyqa,TVCL,structural_intercept,0.6,100,-0.339288082056873,0.44438500403948517,2.743095231664161,3.794035040492723,6.269599951126392
80,1,ode,focei,bobyqa,TVVc,structural_intercept,20,100,2.6019213284304494,2.4747836404733925,4.429061470206994,5.978516957249037,8.601831081546077
80,1,ode,focei,bobyqa,ResErr,structural_other,0.1,100,1.2292139023306752,1.1892261637597632,3.0653021794855158,4.280253053117187,6.496741226640629
80,1,ode,focei,bobyqa,TVKA,structural_other,0.7,100,0,4.758098676964956e-15,0,1.5046429151043004e-14,4.758098676965362e-15
80,1,ode,focei,bobyqa,TVQ,structural_other,1.8,100,1.9520877245338377,2.175971088421653,1.9904909762581782,2.6307909942477146,4.226307686805137
80,1,ode,focei,bobyqa,TVVp,structural_other,80,100,0.5449053253335912,0.48303718838103454,0.8620449543074926,1.222490831440297,1.918280146940507
80,1,ode,focei,bobyqa,cov_VcCL,structural_other,0.02,100,-6.201082499543458,-3.632522930414386,29.317581686671524,46.39092326069417,78.03650262225408
80,1,ode,focei,bobyqa,var_CL,structural_other,0.1,100,-1.4665294929890118,-1.431607176927458,10.704288500833846,15.013233747049204,24.773921819652553
80,1,ode,focei,bobyqa,var_Vc,structural_other,0.1,100,-7.1507224369256255,-7.262864465560805,18.46999158234265,26.79032387418679,43.59978617905463
80,2,linCmt,focei,bobyqa,VcSEX,covariate_beta,0.4054651081081644,97,-2.1291502797210438,0.11169180341439931,12.453327518116142,19.91896550835385,31.420973500410277
80,2,linCmt,focei,bobyqa,TVCL,structural_intercept,0.6,100,0.8664336870450966,1.206016020954455,2.593008120045731,3.9522317485501217,7.104483744833068
80,2,linCmt,focei,bobyqa,TVVc,structural_intercept,20,100,1.6164561383601852,2.461837929682565,4.561309225585646,7.754935851624054,11.55214781827081
80,2,linCmt,focei,bobyqa,ResErr,structural_other,0.1,100,-1.4255064625444749,-1.04647164914684,3.457360209646036,4.910139751547829,8.049587202824267
80,2,linCmt,focei,bobyqa,TVKA,structural_other,0.7,100,4.7580986769649564e-14,4.6153557166560074e-14,4.7580986769649564e-14,4.686183727634204e-14,4.7580986769649564e-14
80,2,linCmt,focei,bobyqa,TVQ,structural_other,1.8,100,1.6335530357717287,1.6267802358946284,1.7424548879383506,2.342964756220727,3.933203694086132
80,2,linCmt,focei,bobyqa,TVVp,structural_other,80,100,0.28077600910781264,0.3166477115504252,0.8847355714701077,1.1865595029095852,1.8513895831207687
80,2,linCmt,focei,bobyqa,cov_VcCL,structural_other,0.02,100,-2.9270294562454193,-3.40601007209074,27.566630607384525,39.5557522872175,59.66599576701933
80,2,linCmt,focei,bobyqa,var_CL,structural_other,0.1,100,-4.118407469342424,-1.3148065807993345,12.367051349142052,16.31249509716165,24.585130473849826
80,2,linCmt,focei,bobyqa,var_Vc,structural_other,0.1,100,-3.4613372511881346,-2.087333497672715,18.274093653745325,24.957417353986166,40.07117998954909
80,2,ode,focei,bobyqa,VcSEX,covariate_beta,0.4054651081081644,97,-1.5334403710447926,0.2650977368466105,12.224564925782394,19.909684943425503,31.64802889510018
80,2,ode,focei,bobyqa,TVCL,structural_intercept,0.6,100,0.8576981864908961,1.169336958063616,2.6319013794793107,3.948697137071618,7.042393656616221
80,2,ode,focei,bobyqa,TVVc,structural_intercept,20,100,1.5891801037872533,2.3638527071973225,4.538313306374322,7.658330159946446,11.537025510278538
80,2,ode,focei,bobyqa,ResErr,structural_other,0.1,100,-1.476911675639979,-1.1220809579357056,3.4093174716183436,4.918155915529486,7.881580097747738
80,2,ode,focei,bobyqa,TVKA,structural_other,0.7,100,4.7580986769649564e-14,4.6153557166560074e-14,4.7580986769649564e-14,4.686183727634204e-14,4.7580986769649564e-14
80,2,ode,focei,bobyqa,TVQ,structural_other,1.8,100,1.566554401863386,1.6035484613233546,1.7508569828908533,2.328478781279546,3.9351869807760496
80,2,ode,focei,bobyqa,TVVp,structural_other,80,100,0.2796586825960201,0.3114021365831233,0.8688411561988473,1.186577054896094,1.853981006503727
80,2,ode,focei,bobyqa,cov_VcCL,structural_other,0.02,100,-5.169171347699855,-4.475938363919793,29.39810650248724,40.011855026036365,61.65150556431023
80,2,ode,focei,bobyqa,var_CL,structural_other,0.1,100,-4.383718778290288,-1.3685174835593041,12.283231223290288,16.327775638131346,24.371720239200812
80,2,ode,focei,bobyqa,var_Vc,structural_other,0.1,100,-3.83719105159748,-1.5177067391480639,17.489711417738626,24.994138695587363,39.01645324674522
80,3,linCmt,focei,bobyqa,VcBW,covariate_beta,1,71,7.1816523109480945,6.4949749759204645,15.526566776780603,20.196512115036107,32.655876566463384
80,3,linCmt,focei,bobyqa,TVCL,structural_intercept,0.6,100,0.9437813888777125,0.8494666725801953,2.6986674152119363,3.9965074959148863,6.289415618862888
80,3,linCmt,focei,bobyqa,TVVc,structural_intercept,20,100,-0.3420050908349381,0.563092104205031,3.153208422507223,6.279813121092831,9.552512552307379
80,3,linCmt,focei,bobyqa,ResErr,structural_other,0.1,100,0.4184138783910815,0.46992728285250307,2.973604894453315,4.845730912894489,7.963704473161233
80,3,linCmt,focei,bobyqa,TVKA,structural_other,0.7,100,4.7580986769649564e-14,4.7580986769649564e-14,4.7580986769649564e-14,4.7580986769649564e-14,4.7580986769649564e-14
80,3,linCmt,focei,bobyqa,TVQ,structural_other,1.8,100,1.9694330108709788,1.9369590983770941,1.993167956039691,2.5040906346272322,3.931571656613759
80,3,linCmt,focei,bobyqa,TVVp,structural_other,80,100,0.7214447238082311,0.6361137429269483,0.9872643390525493,1.447686803674304,2.328378925318383
80,3,linCmt,focei,bobyqa,cov_VcCL,structural_other,0.02,100,-3.9269858428204842,-2.3611080290030584,28.686741184993647,46.072047275903756,84.36849231818834
80,3,linCmt,focei,bobyqa,var_CL,structural_other,0.1,100,-4.622970450404031,-1.4870508221507743,13.25021572512377,16.68766280176411,24.849094269021535
80,3,linCmt,focei,bobyqa,var_Vc,structural_other,0.1,100,-14.028252014204643,-11.447101085277268,20.66061625362626,26.22423582837275,40.71049384617625
80,3,ode,focei,bobyqa,VcBW,covariate_beta,1,71,7.051343604118454,6.312719764583212,15.296507202078002,19.96838878637765,32.823402843631875
80,3,ode,focei,bobyqa,TVCL,structural_intercept,0.6,100,0.8977815170839825,0.8961848378150821,2.793084523206128,3.9474795348719796,6.309581575078678
80,3,ode,focei,bobyqa,TVVc,structural_intercept,20,100,-0.35151909771125034,0.5885500721379838,3.179167910037073,6.314645591383291,9.510565884168965
80,3,ode,focei,bobyqa,ResErr,structural_other,0.1,100,0.40232852923377527,0.4345593103731768,3.0121892528907206,4.838670156163263,7.889973758639411
80,3,ode,focei,bobyqa,TVKA,structural_other,0.7,100,4.7580986769649564e-14,4.7580986769649564e-14,4.7580986769649564e-14,4.7580986769649564e-14,4.7580986769649564e-14
80,3,ode,focei,bobyqa,TVQ,structural_other,1.8,100,1.9439356478092646,1.922010959801278,1.9768283053081288,2.496645473847457,3.88508300257092
80,3,ode,focei,bobyqa,TVVp,structural_other,80,100,0.7211453333779083,0.63263989296677,1.0010012800017964,1.4475684736100634,2.356003109722943
80,3,ode,focei,bobyqa,cov_VcCL,structural_other,0.02,100,-6.937047697110864,-3.080193665453199,30.43124037047728,46.047763446005355,76.77954640887894
80,3,ode,focei,bobyqa,var_CL,structural_other,0.1,100,-3.391876892789879,-1.2623981548110301,13.306596220131977,16.43637289475019,24.710710229890992
80,3,ode,focei,bobyqa,var_Vc,structural_other,0.1,100,-13.987934264055479,-11.099509464394524,19.643326217415208,26.208794870086233,40.03352033251866
80,4,linCmt,focei,bobyqa,VcBW,covariate_beta,1,79,2.7450914256345937,3.5024135416834272,9.79468613858787,17.992783120943976,23.994435917399766
80,4,linCmt,focei,bobyqa,VcSEX,covariate_beta,0.4054651081081644,96,1.5781285498518611,4.51401478062189,14.63707898590418,21.52475646689925,32.06152658492626
80,4,linCmt,focei,bobyqa,TVCL,structural_intercept,0.6,100,1.17613752400438,0.9003404117227762,2.5973354221367115,3.77850456070911,5.753829851208275
80,4,linCmt,focei,bobyqa,TVVc,structural_intercept,20,100,0.9131710663902216,1.873178317846268,2.6357992958776144,6.177174341527996,10.42198331464827
80,4,linCmt,focei,bobyqa,ResErr,structural_other,0.1,100,-1.1313482025843493,-0.9206687448433306,3.044313659931165,4.663745437396693,7.77632391301958
80,4,linCmt,focei,bobyqa,TVKA,structural_other,0.7,100,4.7580986769649564e-14,4.7580986769649564e-14,4.7580986769649564e-14,4.7580986769649564e-14,4.7580986769649564e-14
80,4,linCmt,focei,bobyqa,TVQ,structural_other,1.8,100,1.391605947197616,1.6317141648331657,1.5778267885491069,2.4213587050543826,4.126047006775939
80,4,linCmt,focei,bobyqa,TVVp,structural_other,80,100,0.06819594286405993,0.1818311651474845,1.0126977312322882,1.4391108869940388,2.0553267839680736
80,4,linCmt,focei,bobyqa,cov_VcCL,structural_other,0.02,100,-8.87602910000308,-5.849886555523967,30.325322969215584,41.51903419052126,64.3636351714259
80,4,linCmt,focei,bobyqa,var_CL,structural_other,0.1,100,-3.8125162800250467,-2.849357495295335,10.534987457955342,16.425200299582674,25.74297861083633
80,4,linCmt,focei,bobyqa,var_Vc,structural_other,0.1,100,-8.512513269529773,-8.919024823600164,14.204352337185838,22.959557213613024,40.99527236950943
80,4,ode,focei,bobyqa,VcBW,covariate_beta,1,83,3.599784296470321,3.4731129811986756,9.863684879930146,17.465009124918303,23.92429444148049
80,4,ode,focei,bobyqa,VcSEX,covariate_beta,0.4054651081081644,96,1.6311291547660804,3.724646946764005,14.717616526835343,20.260978861278144,30.988130404894328
80,4,ode,focei,bobyqa,TVCL,structural_intercept,0.6,100,1.1562639199396245,0.8825379595845321,2.6165963824519856,3.7664538404641443,5.745463820253298
80,4,ode,focei,bobyqa,TVVc,structural_intercept,20,100,1.1225405822881915,1.8837870875436653,2.7236342850520323,6.188381491079873,10.320132852478144
80,4,ode,focei,bobyqa,ResErr,structural_other,0.1,100,-1.1255882729351505,-0.9215313116208614,2.9858069499278246,4.646716500203196,7.878583328254998
80,4,ode,focei,bobyqa,TVKA,structural_other,0.7,100,4.7580986769649564e-14,4.7580986769649564e-14,4.7580986769649564e-14,4.7580986769649564e-14,4.7580986769649564e-14
80,4,ode,focei,bobyqa,TVQ,structural_other,1.8,100,1.3774270978774705,1.6124202029652999,1.551012836163638,2.4077399683431353,4.090024545233635
80,4,ode,focei,bobyqa,TVVp,structural_other,80,100,0.06933841307124489,0.1757534457291067,1.021175634747289,1.4369635661167748,2.0176443743699335
80,4,ode,focei,bobyqa,cov_VcCL,structural_other,0.02,100,-10.317834514525416,-6.93701503397453,31.608066289110443,41.193047178632916,62.24055269486368
80,4,ode,focei,bobyqa,var_CL,structural_other,0.1,100,-3.953971997105982,-2.8636272717445452,10.660804233754144,16.45225718850042,25.74458294099892
80,4,ode,focei,bobyqa,var_Vc,structural_other,0.1,100,-9.180551258310334,-8.919296375685322,14.337947577944465,22.987079665357367,41.472723725382224
80,5,linCmt,focei,bobyqa,CLcrCL,covariate_beta,0.5,81,3.9354940455911924,3.1021300001991965,10.771669538041607,18.20672666568121,29.334164237193594
80,5,linCmt,focei,bobyqa,TVCL,structural_intercept,0.6,100,0.48459010517117507,0.40298410007584423,2.198351484696733,3.573838121333274,5.556208435085738
80,5,linCmt,focei,bobyqa,TVVc,structural_intercept,20,100,2.2355428230042573,1.917934189741825,3.2371123461704605,5.185889336996862,8.585727670689034
80,5,linCmt,focei,bobyqa,ResErr,structural_other,0.1,100,-0.25919421561879097,0.103135374439835,3.6812382862705593,5.342429609162531,8.403451353953935
80,5,linCmt,focei,bobyqa,TVKA,structural_other,0.7,100,4.7580986769649564e-14,4.7580986769649564e-14,4.7580986769649564e-14,4.7580986769649564e-14,4.7580986769649564e-14
80,5,linCmt,focei,bobyqa,TVQ,structural_other,1.8,100,1.9862273622119342,1.98760076535664,2.0017992052653493,2.5995170315757807,4.158347332125036
80,5,linCmt,focei,bobyqa,TVVp,structural_other,80,100,0.48034160325030933,0.5088018135842953,0.9911181033516936,1.2779653183957898,2.058462760227883
80,5,linCmt,focei,bobyqa,cov_VcCL,structural_other,0.02,100,-17.343537075110525,-15.869373224162093,40.175343142857386,49.47446147418073,79.94005837411822
80,5,linCmt,focei,bobyqa,var_CL,structural_other,0.1,100,-8.710594895036936,-6.199524794113413,13.176648505661198,18.337590973914615,29.61373209749919
80,5,linCmt,focei,bobyqa,var_Vc,structural_other,0.1,100,-4.007206130219015,-7.464701595206441,19.143330062902038,27.29559148459953,42.43799192975506
80,5,ode,focei,bobyqa,CLcrCL,covariate_beta,0.5,80,4.153453202163204,3.0708575908178806,10.67418626677869,18.286965485247944,29.932396300679727
80,5,ode,focei,bobyqa,TVCL,structural_intercept,0.6,100,0.3341111086775928,0.3566829267737765,2.2350696038574425,3.564005377540315,5.52996948556297
80,5,ode,focei,bobyqa,TVVc,structural_intercept,20,100,2.2475627786142827,1.9946474150376223,3.1492572487578046,5.039173109846639,8.295287084144688
80,5,ode,focei,bobyqa,ResErr,structural_other,0.1,100,-0.44265293249700494,0.02016053234034726,3.6549655154119454,5.312649375278078,8.546283729472645
80,5,ode,focei,bobyqa,TVKA,structural_other,0.7,100,4.7580986769649564e-14,4.7580986769649564e-14,4.7580986769649564e-14,4.7580986769649564e-14,4.7580986769649564e-14
80,5,ode,focei,bobyqa,TVQ,structural_other,1.8,100,1.9736760784969727,1.9666267130816422,1.9936092250757182,2.5792788516197587,4.164014502413444
80,5,ode,focei,bobyqa,TVVp,structural_other,80,100,0.4773781176526359,0.4993681754381569,0.9617499364791637,1.2723247101526072,2.064988151380378
80,5,ode,focei,bobyqa,cov_VcCL,structural_other,0.02,100,-15.78000931975289,-14.225518347238275,33.997903712786915,48.11677638228596,80.86833767842103
80,5,ode,focei,bobyqa,var_CL,structural_other,0.1,100,-8.601092300703051,-5.963548567816926,14.045444111715849,18.521362635260513,29.546662863550914
80,5,ode,focei,bobyqa,var_Vc,structural_other,0.1,100,-3.922262418118737,-6.758721189944904,18.706989108207477,26.986861923786083,42.685752046991944
80,6,linCmt,focei,bobyqa,CLcrCL,covariate_beta,0.5,82,1.50902822912784,2.111437954303432,9.878929925220369,16.853468249650632,26.78759309453756
80,6,linCmt,focei,bobyqa,VcSEX,covariate_beta,0.4054651081081644,97,1.375903552060833,0.3885694454047611,12.842723238983805,20.416548871064556,34.32725597982169
80,6,linCmt,focei,bobyqa,TVCL,structural_intercept,0.6,100,0.9073958960247782,0.7483290053505767,3.184300936079678,4.226510612650444,6.763362506978869
80,6,linCmt,focei,bobyqa,TVVc,structural_intercept,20,100,1.6087752062993133,1.8254589848665441,3.6630191703242687,6.672133673741346,10.024124778165591
80,6,linCmt,focei,bobyqa,ResErr,structural_other,0.1,100,-0.3610351643241194,-0.360953952021998,3.48904793843377,4.8813677815643866,7.841648578139542
80,6,linCmt,focei,bobyqa,TVKA,structural_other,0.7,100,4.7580986769649564e-14,4.7580986769649564e-14,4.7580986769649564e-14,4.7580986769649564e-14,4.7580986769649564e-14
80,6,linCmt,focei,bobyqa,TVQ,structural_other,1.8,100,1.8283767203359225,1.8537398609727578,1.850843291997522,2.499035544900804,3.895784102140803
80,6,linCmt,focei,bobyqa,TVVp,structural_other,80,100,0.29426946582129077,0.3564248575970433,0.9016560843229372,1.224377062750938,2.079308881615381
80,6,linCmt,focei,bobyqa,cov_VcCL,structural_other,0.02,100,-6.866429785572234,-2.587518562981578,31.125163146609946,45.63421422692148,68.64725910249862
80,6,linCmt,focei,bobyqa,var_CL,structural_other,0.1,100,-4.003863990654777,-3.0155336163963664,11.211664900914117,15.160789261005577,24.6133175938927
80,6,linCmt,focei,bobyqa,var_Vc,structural_other,0.1,100,-5.6766910892577584,-4.404837899258742,14.42070381946775,22.86098226449135,38.20187323379465
80,6,ode,focei,bobyqa,CLcrCL,covariate_beta,0.5,79,1.0919427646804536,1.9503550959150073,10.201764706163985,17.134298636226276,26.73457657306293
80,6,ode,focei,bobyqa,VcSEX,covariate_beta,0.4054651081081644,97,1.2141950966678055,0.34753851735926466,12.6788102911354,20.45234441715853,34.45260721402703
80,6,ode,focei,bobyqa,TVCL,structural_intercept,0.6,100,0.4820693371847725,0.6585108646612023,3.189548056253655,4.330543250034646,7.6219799388540705
80,6,ode,focei,bobyqa,TVVc,structural_intercept,20,100,1.378853364171375,1.8092157398964015,3.652810385795915,6.663074299383477,9.895760029298934
80,6,ode,focei,bobyqa,ResErr,structural_other,0.1,100,-0.40169736864310857,-0.42951113295438437,3.448565233024739,4.8612439373924055,7.836869693024111
80,6,ode,focei,bobyqa,TVKA,structural_other,0.7,100,4.7580986769649564e-14,4.7580986769649564e-14,4.7580986769649564e-14,4.7580986769649564e-14,4.7580986769649564e-14
80,6,ode,focei,bobyqa,TVQ,structural_other,1.8,100,1.8253304106674029,1.8285534074656367,1.8363092263540022,2.4783742513420295,3.819133612996072
80,6,ode,focei,bobyqa,TVVp,structural_other,80,100,0.2778137723629648,0.3463792670389658,0.9030880009072196,1.2184076445908985,2.076561861809946
80,6,ode,focei,bobyqa,cov_VcCL,structural_other,0.02,100,-5.738835315370112,-3.7544908917946334,30.813489579585983,44.52918499751388,69.37356602465263
80,6,ode,focei,bobyqa,var_CL,structural_other,0.1,100,-3.114929689574539,-2.9001032417566903,11.46041205189787,15.00864890259952,24.552076602682085
80,6,ode,focei,bobyqa,var_Vc,structural_other,0.1,100,-5.2238857260561575,-4.012961114883716,14.170865571424176,22.725323657259636,37.69730082364714
80,7,linCmt,focei,bobyqa,CLcrCL,covariate_beta,0.5,82,1.3678718375303212,1.3719213532367844,10.026981057215483,15.956465675513979,24.995223451402016
80,7,linCmt,focei,bobyqa,VcBW,covariate_beta,1,70,3.559084908812349,5.742527802514717,10.997648531717719,21.815804237765875,24.877992475921783
80,7,linCmt,focei,bobyqa,TVCL,structural_intercept,0.6,100,0.025261940245056385,-0.5351393182812675,2.5871258274096274,3.9167938426839752,5.497152935309863
80,7,linCmt,focei,bobyqa,TVVc,structural_intercept,20,100,0.733548698840707,1.2152995797756239,4.071134471390421,6.177583391729538,9.938730779502517
80,7,linCmt,focei,bobyqa,ResErr,structural_other,0.1,100,-0.3890742302740738,-0.921579706475153,2.5198408515925625,4.194681455148523,7.761625849711258
80,7,linCmt,focei,bobyqa,TVKA,structural_other,0.7,100,4.7580986769649564e-14,4.7580986769649564e-14,4.7580986769649564e-14,4.7580986769649564e-14,4.7580986769649564e-14
80,7,linCmt,focei,bobyqa,TVQ,structural_other,1.8,100,1.843191815059739,1.767445697826516,1.933806717827502,2.359030926152454,3.500186363437209
80,7,linCmt,focei,bobyqa,TVVp,structural_other,80,100,0.3219537807839856,0.2766505525778166,0.9367371689512272,1.268720883470475,2.087281248250511
80,7,linCmt,focei,bobyqa,cov_VcCL,structural_other,0.02,100,1.4087368736970944,-0.4632582868636802,34.59111150140997,47.59827792372152,75.53468782396784
80,7,linCmt,focei,bobyqa,var_CL,structural_other,0.1,100,-3.723917528777439,-3.3810209057723783,12.061022288618314,16.522920893773456,26.841791808250836
80,7,linCmt,focei,bobyqa,var_Vc,structural_other,0.1,100,-6.554585014546261,-4.616573613398366,15.942325709896204,22.819186769361778,35.24657352175857
80,7,ode,focei,bobyqa,CLcrCL,covariate_beta,0.5,81,1.2916633160596325,1.5010692807176116,8.97560236854915,15.942872253870718,25.013145749118614
80,7,ode,focei,bobyqa,VcBW,covariate_beta,1,71,3.4694247789351484,4.256567159417266,10.819849681007554,17.506579219435412,23.751247165791124
80,7,ode,focei,bobyqa,TVCL,structural_intercept,0.6,100,0.04981784477359197,-0.5751978811638352,2.6121269771092104,3.9541246193481587,5.53865984381954
80,7,ode,focei,bobyqa,TVVc,structural_intercept,20,100,0.9113424148351968,1.1686468341052236,4.164851957348778,6.0919003656977475,9.397675776442227
80,7,ode,focei,bobyqa,ResErr,structural_other,0.1,100,-0.41235214277325627,-0.955190069932374,2.5295622541430114,4.26335251483122,7.771540176480304
80,7,ode,focei,bobyqa,TVKA,structural_other,0.7,100,4.7580986769649564e-14,4.7580986769649564e-14,4.7580986769649564e-14,4.7580986769649564e-14,4.7580986769649564e-14
80,7,ode,focei,bobyqa,TVQ,structural_other,1.8,100,1.8304712339349951,1.7534399040101303,1.9067991886298177,2.355926029506884,3.490155674310183
80,7,ode,focei,bobyqa,TVVp,structural_other,80,100,0.33395843814034265,0.27190568041250746,0.9171589476271437,1.2743495566344003,2.1438666493981504
80,7,ode,focei,bobyqa,cov_VcCL,structural_other,0.02,100,5.952120177798109,1.7442081920913326,34.019606783693654,47.19800692121597,71.19250892463967
80,7,ode,focei,bobyqa,var_CL,structural_other,0.1,100,-3.9888398241146388,-3.357409964927178,12.222364182050075,16.551005236343766,26.896144549978207
80,7,ode,focei,bobyqa,var_Vc,structural_other,0.1,100,-6.221460626491628,-4.058019824884998,15.952293637954126,23.699124988438243,36.90190749201706
80,8,linCmt,focei,bobyqa,CLcrCL,covariate_beta,0.5,75,-0.3142694634227894,-0.16256645438802764,12.099497601331933,16.71613160941145,28.15205031794772
80,8,linCmt,focei,bobyqa,VcBW,covariate_beta,1,77,4.453647482329437,6.29955227071478,12.98145098723522,31.116473159460163,29.83646490707107
80,8,linCmt,focei,bobyqa,VcSEX,covariate_beta,0.4054651081081644,96,-0.7770577682795018,4.145872315549391,16.234713098901242,25.62465966143619,38.5020662150692
80,8,linCmt,focei,bobyqa,TVCL,structural_intercept,0.6,100,0.014560815086106519,0.28947062284971387,2.6542338024911536,4.357893972926865,6.758983208526054
80,8,linCmt,focei,bobyqa,TVVc,structural_intercept,20,100,0.7266691703449446,1.5343522019967273,4.807997052878718,6.5976833158869885,10.620597583287761
80,8,linCmt,focei,bobyqa,ResErr,structural_other,0.1,100,-0.12340052224520115,-0.2163485130237383,2.91106379905582,4.413043153855834,7.7373670578158835
80,8,linCmt,focei,bobyqa,TVKA,structural_other,0.7,100,4.7580986769649564e-14,4.7580986769649564e-14,4.7580986769649564e-14,4.7580986769649564e-14,4.7580986769649564e-14
80,8,linCmt,focei,bobyqa,TVQ,structural_other,1.8,100,1.719912053659721,1.6756567053253415,1.8566309469428957,2.605677229594712,3.9496208470312473
80,8,linCmt,focei,bobyqa,TVVp,structural_other,80,100,0.22865487220292022,0.291549460576814,0.7891407139546303,1.337596117864808,2.262044702577086
80,8,linCmt,focei,bobyqa,cov_VcCL,structural_other,0.02,100,4.626903685065005,1.3126887371429197,33.3537854959583,43.514425569723244,64.66567055019262
80,8,linCmt,focei,bobyqa,var_CL,structural_other,0.1,100,-3.524624393354922,-2.1770112267020663,8.66486186674656,14.969965891998523,25.044968556448694
80,8,linCmt,focei,bobyqa,var_Vc,structural_other,0.1,100,-3.7166160107842683,-4.921068616144329,14.724156505971164,23.122414212832762,38.036024018486195
80,8,ode,focei,bobyqa,CLcrCL,covariate_beta,0.5,73,-0.38616747647973737,-0.024609078366228977,12.222001438878438,16.812262040576982,28.495865124910214
80,8,ode,focei,bobyqa,VcBW,covariate_beta,1,78,4.61381778608867,6.181785352379297,14.372304278699161,31.52758193172071,30.469414089977516
80,8,ode,focei,bobyqa,VcSEX,covariate_beta,0.4054651081081644,95,-0.845214416020198,3.991889649033091,15.70337756501149,25.605499081291722,38.50706544850776
80,8,ode,focei,bobyqa,TVCL,structural_intercept,0.6,100,-0.051234589956622445,0.21614760677493888,2.6795191954691044,4.3545644549582825,6.331349746248846
80,8,ode,focei,bobyqa,TVVc,structural_intercept,20,100,0.7270235310902696,1.7392109537830873,4.810723373599232,7.049210423914541,11.127753199325948
80,8,ode,focei,bobyqa,ResErr,structural_other,0.1,100,-0.034377498005104534,-0.2089483109861777,2.944135359062135,4.41475025123081,7.759890983993188
80,8,ode,focei,bobyqa,TVKA,structural_other,0.7,100,4.7580986769649564e-14,4.7580986769649564e-14,4.7580986769649564e-14,4.7580986769649564e-14,4.7580986769649564e-14
80,8,ode,focei,bobyqa,TVQ,structural_other,1.8,100,1.7086466419605948,1.6688749034850208,1.8524548021458838,2.6030306539201504,3.927977136009322
80,8,ode,focei,bobyqa,TVVp,structural_other,80,100,0.2093248714985929,0.2860725026565142,0.795570078051986,1.3372092831569877,2.261189099051858
80,8,ode,focei,bobyqa,cov_VcCL,structural_other,0.02,100,5.03699321361831,1.7518672755632638,33.310081895839225,43.709955246208494,63.88296233471138
80,8,ode,focei,bobyqa,var_CL,structural_other,0.1,100,-3.36908212901052,-2.0392206808493336,8.897968030104183,14.898091776054171,24.49122400615066
80,8,ode,focei,bobyqa,var_Vc,structural_other,0.1,100,-4.000225946715362,-4.478732697703597,14.84758369082821,23.48508900647287,38.77182627827667
80,9,linCmt,focei,bobyqa,CLBW,covariate_beta,0.75,51,3.8406447823133107,2.726354117833362,17.19777269790527,19.894668485182184,29.32259236095331
80,9,linCmt,focei,bobyqa,TVCL,structural_intercept,0.6,100,-0.1473192742065162,0.46817691811146256,3.3585861781893955,5.676202316057203,10.110995834050039
80,9,linCmt,focei,bobyqa,TVVc,structural_intercept,20,100,1.233310393243654,1.3794339545823477,2.9800627183660744,4.59831275458886,6.457029001685469
80,9,linCmt,focei,bobyqa,ResErr,structural_other,0.1,100,0.5137132222958682,0.17946298763128685,3.0751896648915227,5.203162209870942,8.438039501983265
80,9,linCmt,focei,bobyqa,TVKA,structural_other,0.7,100,4.7580986769649564e-14,4.710517690195307e-14,4.7580986769649564e-14,4.734248408093761e-14,4.7580986769649564e-14
80,9,linCmt,focei,bobyqa,TVQ,structural_other,1.8,100,2.281699821558113,2.1867003523031987,2.3395095071258094,2.6647887768238525,3.9995536222951906
80,9,linCmt,focei,bobyqa,TVVp,structural_other,80,100,0.621250341081785,0.47537924897396594,0.9045562445727205,1.2709491753256805,2.0275623290338753
80,9,linCmt,focei,bobyqa,cov_VcCL,structural_other,0.02,100,-5.953307848371933,-12.617967784988855,38.07045248520219,46.0238272253685,69.10965313493328
80,9,linCmt,focei,bobyqa,var_CL,structural_other,0.1,100,-7.9880493023365835,-7.104704834735211,12.146976367146248,17.493997251805826,26.31277908918469
80,9,linCmt,focei,bobyqa,var_Vc,structural_other,0.1,100,-3.6698676407797977,-0.6793832329046934,16.860959477776397,27.351050603189414,50.18201958182347
80,9,ode,focei,bobyqa,CLBW,covariate_beta,0.75,55,4.435537496639075,5.5348507796105055,18.69541713376872,23.57599263302374,30.819737477266518
80,9,ode,focei,bobyqa,TVCL,structural_intercept,0.6,100,0.5907563921831727,0.7960686659008271,3.6861450767094928,5.919138640135703,9.407468954996517
80,9,ode,focei,bobyqa,TVVc,structural_intercept,20,100,0.9238273294340617,1.2393353257615887,3.0144721559607746,4.342404812983524,6.320721933944197
80,9,ode,focei,bobyqa,ResErr,structural_other,0.1,100,0.2240809952224615,0.08039331665425267,3.1652502603418466,5.239060618643922,8.556521300109551
80,9,ode,focei,bobyqa,TVKA,structural_other,0.7,100,4.7580986769649564e-14,4.710517690195307e-14,4.7580986769649564e-14,4.734248408093761e-14,4.7580986769649564e-14
80,9,ode,focei,bobyqa,TVQ,structural_other,1.8,100,2.332622809535439,2.1548338763152453,2.3764645441292767,2.6406367268074082,3.9797150333394136
80,9,ode,focei,bobyqa,TVVp,structural_other,80,100,0.6011376285296066,0.4615656924603124,0.9035766103250343,1.2710290498509735,1.999840629489095
80,9,ode,focei,bobyqa,cov_VcCL,structural_other,0.02,100,-7.416643836001624,-13.957674682115439,35.624872695636874,47.40536453594334,72.47396233160693
80,9,ode,focei,bobyqa,var_CL,structural_other,0.1,100,-8.533489634765134,-7.278378131742547,11.65382040345582,17.47502386789862,26.14677633830488
80,9,ode,focei,bobyqa,var_Vc,structural_other,0.1,100,-5.355897665552687,0.026616088939531345,18.011060143354324,27.382572190825215,49.37328729899997
80,10,linCmt,focei,bobyqa,CLBW,covariate_beta,0.75,54,3.1124796759602518,2.6698967339163135,16.2447571770218,20.890644859491157,33.54299355517571
80,10,linCmt,focei,bobyqa,VcSEX,covariate_beta,0.4054651081081644,99,-0.3189953293751713,-1.1125658957314883,14.7720647092492,20.482524380149606,33.7888205467312
80,10,linCmt,focei,bobyqa,TVCL,structural_intercept,0.6,100,-2.7760494300372587,-3.38700040950101,5.448986398739512,8.20484851372708,13.515827361579621
80,10,linCmt,focei,bobyqa,TVVc,structural_intercept,20,100,1.2068387242777678,1.8931463681881797,4.197348332889481,6.995208424405595,11.101796484967181
80,10,linCmt,focei,bobyqa,ResErr,structural_other,0.1,100,-0.43345284059396333,-1.0095004933570806,2.394395095320329,4.236694840446833,6.670322353767171
80,10,linCmt,focei,bobyqa,TVKA,structural_other,0.7,100,4.7580986769649564e-14,4.7580986769649564e-14,4.7580986769649564e-14,4.7580986769649564e-14,4.7580986769649564e-14
80,10,linCmt,focei,bobyqa,TVQ,structural_other,1.8,100,1.7039923714263585,1.888353171968267,1.7039923714263585,2.460471028521928,4.117440694646245
80,10,linCmt,focei,bobyqa,TVVp,structural_other,80,100,0.53689675403783,0.3664553987901687,0.8832323316493439,1.1175344757776853,1.7953085216566154
80,10,linCmt,focei,bobyqa,cov_VcCL,structural_other,0.02,100,-7.700350661294894,-6.597461520301364,28.02527474160894,44.38456726405205,70.87395203516436
80,10,linCmt,focei,bobyqa,var_CL,structural_other,0.1,100,-4.808132838751332,-3.837646058052809,10.055221546565699,15.94786488687617,27.675509829809435
80,10,linCmt,focei,bobyqa,var_Vc,structural_other,0.1,100,-7.1331581920502725,-4.186834993856463,15.271985746821365,21.831497611204405,34.82135167273393
80,10,ode,focei,bobyqa,CLBW,covariate_beta,0.75,52,2.0493672002260155,0.9821068405286832,17.153752995728723,21.416230938238474,34.82438850414116
80,10,ode,focei,bobyqa,VcSEX,covariate_beta,0.4054651081081644,100,-0.0031599880019789073,-1.1372603141347626,13.715521954389438,20.334815934148036,34.74037965773109
80,10,ode,focei,bobyqa,TVCL,structural_intercept,0.6,100,-2.4722934480170085,-2.924872742518491,5.20379609785998,8.0696133390093,13.394204872616688
80,10,ode,focei,bobyqa,TVVc,structural_intercept,20,100,1.0458872490066717,1.6447477659114251,4.101472288088681,6.44169189854345,10.82188000468228
80,10,ode,focei,bobyqa,ResErr,structural_other,0.1,100,-0.4915311329538666,-1.0474089907228437,2.5139689376946426,4.268147872218967,6.7091736502877835
80,10,ode,focei,bobyqa,TVKA,structural_other,0.7,100,4.7580986769649564e-14,4.7580986769649564e-14,4.7580986769649564e-14,4.7580986769649564e-14,4.7580986769649564e-14
80,10,ode,focei,bobyqa,TVQ,structural_other,1.8,100,1.6716364330230569,1.867133958857217,1.6716364330230569,2.4403951119320095,4.116126762249587
80,10,ode,focei,bobyqa,TVVp,structural_other,80,100,0.5240141827445122,0.35900093710472963,0.8849306618404196,1.1139940838037534,1.757121979973848
80,10,ode,focei,bobyqa,cov_VcCL,structural_other,0.02,100,-6.617792524138255,-6.573593224204523,25.769255414214964,43.287919114181726,66.62311154280196
80,10,ode,focei,bobyqa,var_CL,structural_other,0.1,100,-4.8071586230950185,-3.692473729653706,9.714077616575757,15.809602692123736,27.285890866578043
80,10,ode,focei,bobyqa,var_Vc,structural_other,0.1,100,-7.019926691461002,-4.442538497175664,14.73651040956086,20.897463073362864,32.367753729552874
80,11,linCmt,focei,bobyqa,CLBW,covariate_beta,0.75,60,-0.2323606568334376,2.9936014804202866,13.042238443533073,27.026837089506582,33.240912859122254
80,11,linCmt,focei,bobyqa,VcBW,covariate_beta,1,67,3.751950249813185,3.556943752998422,10.298377405475112,18.315756202596752,29.77499913914165
80,11,linCmt,focei,bobyqa,TVCL,structural_intercept,0.6,100,-5.316640985998461,-4.5227848772712465,7.183731731096516,9.209848959099665,14.182092068257063
80,11,linCmt,focei,bobyqa,TVVc,structural_intercept,20,100,-6.868385915908045,-6.112632033386433,8.761702573469607,11.333119429012358,18.4878602414008
80,11,linCmt,focei,bobyqa,ResErr,structural_other,0.1,100,-0.6601399920670645,-0.6312920265832948,3.192684974997459,4.736787096655387,7.803860340944929
80,11,linCmt,focei,bobyqa,TVKA,structural_other,0.7,100,4.7580986769649564e-14,4.7580986769649564e-14,4.7580986769649564e-14,4.7580986769649564e-14,4.7580986769649564e-14
80,11,linCmt,focei,bobyqa,TVQ,structural_other,1.8,100,1.7906797663610905,1.7973849810845175,1.8315738805966881,2.4210701263059042,3.9206914688338945
80,11,linCmt,focei,bobyqa,TVVp,structural_other,80,100,0.36420407263585197,0.4484919629610383,0.6997840752936922,1.2034953295548807,2.0283938218584887
80,11,linCmt,focei,bobyqa,cov_VcCL,structural_other,0.02,100,-3.2789247429963577,-4.131798989890623,28.94605778099374,42.552557589569396,70.61917763792847
80,11,linCmt,focei,bobyqa,var_CL,structural_other,0.1,100,-6.918699028866708,-5.029365100213984,12.765164723423233,16.353474977147222,26.053638398026347
80,11,linCmt,focei,bobyqa,var_Vc,structural_other,0.1,100,-11.77797396473939,-9.99316062003871,14.71878924888962,22.585760858789673,39.822908925817195
80,11,ode,focei,bobyqa,CLBW,covariate_beta,0.75,42,-0.8063314846948222,0.43338483274671363,13.34821389932892,19.902249909210568,32.2792129300423
80,11,ode,focei,bobyqa,VcBW,covariate_beta,1,64,1.6670553056969295,3.8543691934336155,10.042460424347743,18.21625064720804,30.637876835803446
80,11,ode,focei,bobyqa,TVCL,structural_intercept,0.6,100,-3.065831894262239,-3.0964170838699787,5.43424869116819,7.972155039585791,13.166467958992223
80,11,ode,focei,bobyqa,TVVc,structural_intercept,20,100,-5.401449898500195,-5.6432082901853,8.570525972990033,11.176895106718563,18.712393796193805
80,11,ode,focei,bobyqa,ResErr,structural_other,0.1,100,-0.6359425798685772,-0.5287002691630288,3.099079555407891,4.717346058943547,7.80604860153001
80,11,ode,focei,bobyqa,TVKA,structural_other,0.7,100,4.7580986769649564e-14,4.7580986769649564e-14,4.7580986769649564e-14,4.7580986769649564e-14,4.7580986769649564e-14
80,11,ode,focei,bobyqa,TVQ,structural_other,1.8,100,1.8182290858088337,1.8035517780672046,1.8495070853062283,2.4276811490403336,3.9668170923656167
80,11,ode,focei,bobyqa,TVVp,structural_other,80,100,0.35341139037209146,0.449332473972726,0.6948382455461388,1.2198712703969545,2.0397136663521573
80,11,ode,focei,bobyqa,cov_VcCL,structural_other,0.02,100,5.062704786254263,8.830763308615131,35.66580886335308,47.828669239383956,74.8584205933153
80,11,ode,focei,bobyqa,var_CL,structural_other,0.1,100,-5.603860856658434,-4.403585343306695,11.615082541209416,15.805284787202362,24.237007715795052
80,11,ode,focei,bobyqa,var_Vc,structural_other,0.1,100,-10.776434016219902,-10.096148498557607,14.499157888612253,23.349597964278253,39.01761545449839
80,12,linCmt,focei,bobyqa,CLBW,covariate_beta,0.75,53,-3.239834477894673,-1.6383046280186935,12.809700802581428,19.619881310368918,29.661362670161438
80,12,linCmt,focei,bobyqa,VcBW,covariate_beta,1,56,1.0109805599056276,2.963670285354957,12.01405135565839,16.025018101213224,23.507001087770064
80,12,linCmt,focei,bobyqa,VcSEX,covariate_beta,0.4054651081081644,97,6.502064377605249,10.41524007100272,16.50449686361548,27.225781603091466,49.71765743509211
80,12,linCmt,focei,bobyqa,TVCL,structural_intercept,0.6,100,-2.4997742112979893,-3.2439316154861597,5.293542618649709,8.042693868816439,12.959189557356959
80,12,linCmt,focei,bobyqa,TVVc,structural_intercept,20,100,-5.994416664722113,-5.802768681304533,7.096199518540303,11.25781355543965,20.279137056855546
80,12,linCmt,focei,bobyqa,ResErr,structural_other,0.1,100,0.4463035495550355,0.5661242416689006,3.862757462211028,5.241209352379604,8.460226807003462
80,12,linCmt,focei,bobyqa,TVKA,structural_other,0.7,100,4.7580986769649564e-14,4.7580986769649564e-14,4.7580986769649564e-14,4.7580986769649564e-14,4.7580986769649564e-14
80,12,linCmt,focei,bobyqa,TVQ,structural_other,1.8,100,1.800410033578935,1.976430848234178,1.8107281083043367,2.7126751177992836,4.556673461446132
80,12,linCmt,focei,bobyqa,TVVp,structural_other,80,100,0.06117016368805573,0.2083089464188619,0.815875739801868,1.291466745646414,2.056997505914146
80,12,linCmt,focei,bobyqa,cov_VcCL,structural_other,0.02,100,-8.632403487695647,-2.722687718233929,29.656049918143175,43.23454112889112,69.87970554407511
80,12,linCmt,focei,bobyqa,var_CL,structural_other,0.1,100,-5.623389338794089,-5.18718807884101,13.374425635728526,16.54758255135959,26.195884144861676
80,12,linCmt,focei,bobyqa,var_Vc,structural_other,0.1,100,-5.907814029558402,-6.996881128140152,16.082687989160917,22.938723499477025,36.62007807942059
80,12,ode,focei,bobyqa,CLBW,covariate_beta,0.75,48,-3.2749316767352856,-2.1030100429497454,12.934552980727018,18.939600826585703,27.777909622206327
80,12,ode,focei,bobyqa,VcBW,covariate_beta,1,57,0.24465587712088066,1.602688210441428,9.879417094389753,14.530629817416427,22.56775051343778
80,12,ode,focei,bobyqa,VcSEX,covariate_beta,0.4054651081081644,97,7.069090664559888,10.59438798470065,16.98882641733762,27.472217449955494,49.216908800349486
80,12,ode,focei,bobyqa,TVCL,structural_intercept,0.6,100,-2.30324540917141,-2.7456074235187073,4.954721967339029,7.699422322400956,11.859453289907517
80,12,ode,focei,bobyqa,TVVc,structural_intercept,20,100,-6.179664980422386,-5.5582654071685695,8.072478782067583,11.349918741546873,20.153627799607122
80,12,ode,focei,bobyqa,ResErr,structural_other,0.1,100,0.4218709579698193,0.565882526221655,3.8250486580380034,5.22810950023717,8.3851342934013
80,12,ode,focei,bobyqa,TVKA,structural_other,0.7,100,4.7580986769649564e-14,4.7580986769649564e-14,4.7580986769649564e-14,4.7580986769649564e-14,4.7580986769649564e-14
80,12,ode,focei,bobyqa,TVQ,structural_other,1.8,100,1.7909419399838773,1.9717762575479691,1.8190203568977072,2.7140603849239655,4.474581883141404
80,12,ode,focei,bobyqa,TVVp,structural_other,80,100,0.05896117505513665,0.20445215574213513,0.831315559938739,1.290987687921485,2.084814815863571
80,12,ode,focei,bobyqa,cov_VcCL,structural_other,0.02,100,-7.658951008618614,1.2252625885900152,30.157481019199363,43.43180429877753,74.29333963373537
80,12,ode,focei,bobyqa,var_CL,structural_other,0.1,100,-5.1300361780525074,-4.898255830801904,12.55099082258157,16.420787855148376,25.803172487317017
80,12,ode,focei,bobyqa,var_Vc,structural_other,0.1,100,-6.396999044126924,-6.939006251310122,16.989262208548322,23.072200445540574,36.46792378419181
80,13,linCmt,focei,bobyqa,CLBW,covariate_beta,0.75,56,3.75873485783725,7.965130358754243,16.809764602605348,30.294099314740368,39.61609140823015
80,13,linCmt,focei,bobyqa,CLcrCL,covariate_beta,0.5,67,2.0592348401481164,9.11199621991411,14.965649968909267,25.414063686366422,44.541638969088595
80,13,linCmt,focei,bobyqa,TVCL,structural_intercept,0.6,100,-5.5301484528954745,-5.26765368075502,6.522852693556135,9.865809438786084,16.128284185855062
80,13,linCmt,focei,bobyqa,TVVc,structural_intercept,20,100,1.5692078396144016,1.8851752288113617,3.2225364200994826,4.942955709634275,7.821318804358624
80,13,linCmt,focei,bobyqa,ResErr,structural_other,0.1,100,0.312832320516869,-0.2222307435041168,3.1446281539942027,4.80380965229318,7.8788413003422555
80,13,linCmt,focei,bobyqa,TVKA,structural_other,0.7,100,4.7580986769649564e-14,4.7580986769649564e-14,4.7580986769649564e-14,4.7580986769649564e-14,4.7580986769649564e-14
80,13,linCmt,focei,bobyqa,TVQ,structural_other,1.8,100,2.217291105633111,2.2066809645663237,2.217291105633111,2.555121897536012,3.8221811498624767
80,13,linCmt,focei,bobyqa,TVVp,structural_other,80,100,0.6357381669800688,0.6793043916734427,0.9080129636284441,1.3851244626622414,2.3683051278358693
80,13,linCmt,focei,bobyqa,cov_VcCL,structural_other,0.02,100,-12.955984845974362,-5.9180662641990125,37.44636476565013,51.013796857969155,83.09659946047478
80,13,linCmt,focei,bobyqa,var_CL,structural_other,0.1,100,-3.6655336231221707,-2.220589932858187,12.357123696766537,15.752290388026271,24.921443028498043
80,13,linCmt,focei,bobyqa,var_Vc,structural_other,0.1,100,-8.62654394337066,-7.136289252059784,16.86735773870756,25.35318086097901,42.271920547172144
80,13,ode,focei,bobyqa,CLBW,covariate_beta,0.75,58,2.9896484151977543,6.479363306084612,16.43340592311256,30.052226647683206,42.717768319538884
80,13,ode,focei,bobyqa,CLcrCL,covariate_beta,0.5,65,5.079575546935722,3.054020208105208,14.313554639300497,51.23349595452109,48.37947071792122
80,13,ode,focei,bobyqa,TVCL,structural_intercept,0.6,100,-5.5876326025324685,-4.99949579541695,6.858868847096643,10.839601505551956,16.932859260401493
80,13,ode,focei,bobyqa,TVVc,structural_intercept,20,100,1.723356774799223,1.9220281239532087,3.2662173195476556,4.955982502576071,7.848350111022408
80,13,ode,focei,bobyqa,ResErr,structural_other,0.1,100,0.20213118956467768,-0.39733499205537126,3.208487242197307,4.954398951732772,8.059728408993935
80,13,ode,focei,bobyqa,TVKA,structural_other,0.7,100,4.7580986769649564e-14,4.7580986769649564e-14,4.7580986769649564e-14,4.7580986769649564e-14,4.7580986769649564e-14
80,13,ode,focei,bobyqa,TVQ,structural_other,1.8,100,2.2510071724893708,2.400494477221892,2.2510071724893708,3.420668433195901,3.7869140373262757
80,13,ode,focei,bobyqa,TVVp,structural_other,80,100,0.6394756180844663,0.6358391435052072,0.8734106226835436,1.3633954870375167,2.293102479241791
80,13,ode,focei,bobyqa,cov_VcCL,structural_other,0.02,100,-11.271769439758181,59.45209188914822,34.771575214285456,637.5327416737272,85.18182029839906
80,13,ode,focei,bobyqa,var_CL,structural_other,0.1,100,-1.6209941082974897,181.69631735701884,12.264093938123235,1716.1216769686916,28.638958296207413
80,13,ode,focei,bobyqa,var_Vc,structural_other,0.1,100,-7.988969747883656,-6.241035947226345,17.743094698124796,24.977929019621488,40.43915131345535
80,14,linCmt,focei,bobyqa,CLBW,covariate_beta,0.75,65,-1.3978407600396223,-0.5577909396460138,12.626103251304555,20.18651921738737,34.67560851296485
80,14,linCmt,focei,bobyqa,CLcrCL,covariate_beta,0.5,65,2.6931444821768125,6.0619545196813975,15.266453265962433,25.696405054547416,37.68148153996265
80,14,linCmt,focei,bobyqa,VcSEX,covariate_beta,0.4054651081081644,99,-1.6475195489389556,-0.8245369522917798,13.565543021641538,19.943366242136175,29.737683644517737
80,14,linCmt,focei,bobyqa,TVCL,structural_intercept,0.6,100,-6.163910763567908,-5.862659738048294,8.094399095014786,10.616626005308149,16.628401028757402
80,14,linCmt,focei,bobyqa,TVVc,structural_intercept,20,100,2.298679617376713,2.4623779621299837,4.600478666446639,7.4753919007169145,10.450909229652257
80,14,linCmt,focei,bobyqa,ResErr,structural_other,0.1,100,-0.639422590994046,0.11631093816626831,3.3785379471233044,5.32161164416579,8.804165259139316
80,14,linCmt,focei,bobyqa,TVKA,structural_other,0.7,100,4.7580986769649564e-14,4.7580986769649564e-14,4.7580986769649564e-14,4.7580986769649564e-14,4.7580986769649564e-14
80,14,linCmt,focei,bobyqa,TVQ,structural_other,1.8,100,1.889830999966122,1.7982610147153104,1.9301945016526663,2.489528994182474,4.155482780459628
80,14,linCmt,focei,bobyqa,TVVp,structural_other,80,100,0.47817626252988354,0.42706472204690177,0.8155703296435491,1.2442094369952204,2.035639477232925
80,14,linCmt,focei,bobyqa,cov_VcCL,structural_other,0.02,100,3.179299264492851,3.5010136996837304,21.618410573384285,37.242175602380314,57.48481078481659
80,14,linCmt,focei,bobyqa,var_CL,structural_other,0.1,100,-5.40161174103862,-3.9374121959343524,12.318098408131327,17.070021252792476,24.964889430591345
80,14,linCmt,focei,bobyqa,var_Vc,structural_other,0.1,100,-1.9844212546185902,-1.2082032400599576,14.416609172181087,22.46123221155502,36.477251469978036
80,14,ode,focei,bobyqa,CLBW,covariate_beta,0.75,62,-1.20207826072114,3.2558733372597812,13.808490489606173,25.89725331706973,39.034523419770856
80,14,ode,focei,bobyqa,CLcrCL,covariate_beta,0.5,61,4.1661199941188665,8.781198408126736,14.432268185984842,34.672406901207495,39.870528736612876
80,14,ode,focei,bobyqa,VcSEX,covariate_beta,0.4054651081081644,97,-1.843857165359342,-1.5718263423074201,14.026806192058658,19.015666343790805,28.659157653764556
80,14,ode,focei,bobyqa,TVCL,structural_intercept,0.6,100,-6.147119804177842,-5.086000178255539,8.119992226286538,13.152018116308142,17.51973085373449
80,14,ode,focei,bobyqa,TVVc,structural_intercept,20,100,2.2601437520086436,2.4729213340001728,5.008668648779349,6.893070231942657,11.331612246882518
80,14,ode,focei,bobyqa,ResErr,structural_other,0.1,100,-0.6981454536176546,0.15617933361876446,3.3313356256869793,5.356021404443304,9.062769056150351
80,14,ode,focei,bobyqa,TVKA,structural_other,0.7,100,4.7580986769649564e-14,4.7580986769649564e-14,4.7580986769649564e-14,4.7580986769649564e-14,4.7580986769649564e-14
80,14,ode,focei,bobyqa,TVQ,structural_other,1.8,100,1.8669267835854653,1.7493129040015174,1.958487188070944,2.4946877688112625,4.104141291466243
80,14,ode,focei,bobyqa,TVVp,structural_other,80,100,0.5238256343454673,0.40306921476005386,0.8357521167997017,1.2842482673586504,2.0468883665897657
80,14,ode,focei,bobyqa,cov_VcCL,structural_other,0.02,100,2.7328534469508567,10.139468793611593,24.429005010372755,60.1928501849426,64.34951046159621
80,14,ode,focei,bobyqa,var_CL,structural_other,0.1,100,-4.317581067616754,6.988981849001467,12.013348173212055,108.71105310911047,27.29041888811216
80,14,ode,focei,bobyqa,var_Vc,structural_other,0.1,100,-1.0673139740822735,-0.11826833343188128,13.632472686772354,23.921864748801198,38.445726685619675
80,15,linCmt,focei,bobyqa,CLBW,covariate_beta,0.75,57,-0.4340199639371563,7.132656595024056,14.969278062829186,29.133933040529627,45.742093688922544
80,15,linCmt,focei,bobyqa,CLcrCL,covariate_beta,0.5,66,4.632769230406975,7.11413702938559,20.264303424574088,27.751725025531933,37.830472649995784
80,15,linCmt,focei,bobyqa,VcBW,covariate_beta,1,62,-1.2770482138049044,-0.1289142801232775,14.125083848437992,18.96679531675401,29.78680981205846
80,15,linCmt,focei,bobyqa,TVCL,structural_intercept,0.6,100,-5.269801116315716,-5.401432332327906,7.0914154699395215,10.532285056200669,16.550449461087073
80,15,linCmt,focei,bobyqa,TVVc,structural_intercept,20,100,-5.2335199130873,-5.111604431771244,8.833613762068246,10.9347684537978,16.746240256943327
80,15,linCmt,focei,bobyqa,ResErr,structural_other,0.1,100,-0.10797741096518071,0.21340710965873252,2.7229922064147885,4.824931100879132,9.092489589255301
80,15,linCmt,focei,bobyqa,TVKA,structural_other,0.7,100,4.7580986769649564e-14,4.7580986769649564e-14,4.7580986769649564e-14,4.7580986769649564e-14,4.7580986769649564e-14
80,15,linCmt,focei,bobyqa,TVQ,structural_other,1.8,100,2.0196331076936587,2.02292223662458,2.121033081406863,2.657750685260416,4.145343555506764
80,15,linCmt,focei,bobyqa,TVVp,structural_other,80,100,0.5881881186188398,0.48324107434141617,0.799465820195433,1.2426021677055945,2.0687285438793293
80,15,linCmt,focei,bobyqa,cov_VcCL,structural_other,0.02,100,4.546335296110376,7.399992992283985,28.19122514686786,53.13772696023723,73.66530189907996
80,15,linCmt,focei,bobyqa,var_CL,structural_other,0.1,100,-2.578880363264313,-1.95469263165063,11.710737317059877,17.808168957821373,27.486624290882478
80,15,linCmt,focei,bobyqa,var_Vc,structural_other,0.1,100,-11.195793684802661,-6.47216417658346,20.030626037452226,27.151201781843948,39.15806928067518
80,15,ode,focei,bobyqa,CLBW,covariate_beta,0.75,48,-1.2922482909142625,5.8062929305739726,15.8431272636252,28.334400480837623,45.12647829400308
80,15,ode,focei,bobyqa,CLcrCL,covariate_beta,0.5,60,8.446991178858209,13.56024245317907,21.261022065887747,30.40575178928155,45.0319657429156
80,15,ode,focei,bobyqa,VcBW,covariate_beta,1,59,1.7491481146205468,0.9182257712096177,11.260711790772039,18.372153164576932,29.21211376120677
80,15,ode,focei,bobyqa,TVCL,structural_intercept,0.6,100,-4.095841263551623,-3.680453438678953,6.504433069551239,14.342418785236704,16.727222312033913
80,15,ode,focei,bobyqa,TVVc,structural_intercept,20,100,-4.70406663919202,-4.318264219390895,8.633400456327731,11.053748038216552,16.82242073595549
80,15,ode,focei,bobyqa,ResErr,structural_other,0.1,100,-0.07426940006398375,0.40071931372210784,2.7901327969314105,4.885103169381903,8.901346859472554
80,15,ode,focei,bobyqa,TVKA,structural_other,0.7,100,4.7580986769649564e-14,4.7580986769649564e-14,4.7580986769649564e-14,4.7580986769649564e-14,4.7580986769649564e-14
80,15,ode,focei,bobyqa,TVQ,structural_other,1.8,100,2.109037436241036,2.0532272905340396,2.1613540977861168,2.6884918516611145,4.321083035755157
80,15,ode,focei,bobyqa,TVVp,structural_other,80,100,0.64458286934439,0.5120647951416782,0.8663432004333149,1.2579810486961938,2.0690192882650447
80,15,ode,focei,bobyqa,cov_VcCL,structural_other,0.02,100,27.428596420395486,35.41773735954193,37.939453052651764,115.38463152378323,84.61945905298013
80,15,ode,focei,bobyqa,var_CL,structural_other,0.1,100,-0.09904885322755547,10.85622275804537,12.128760690325667,114.81407604287187,27.236919724892346
80,15,ode,focei,bobyqa,var_Vc,structural_other,0.1,100,-11.012947849396458,-6.5095429762024235,19.47898574213246,28.872450345571938,44.0460772091918
80,16,linCmt,focei,bobyqa,CLBW,covariate_beta,0.75,51,1.5453861159331486,6.037669223036305,17.22638481933322,29.605300243385376,41.92952269129542
80,16,linCmt,focei,bobyqa,CLcrCL,covariate_beta,0.5,66,-5.171798777764697,1.4596042008265524,15.66509942982815,23.99129465070674,34.878114877116374
80,16,linCmt,focei,bobyqa,VcBW,covariate_beta,1,66,3.1156439491473953,7.9946357883830785,11.157835924677567,33.677074273993824,30.824876720785134
80,16,linCmt,focei,bobyqa,VcSEX,covariate_beta,0.4054651081081644,94,-1.1235783172236982,1.3722877087276197,13.862735664634496,23.194407680469016,36.45571457892274
80,16,linCmt,focei,bobyqa,TVCL,structural_intercept,0.6,100,-4.330854907951691,-4.884505109081237,6.137049148085929,9.134233760072645,14.671809405624945
80,16,linCmt,focei,bobyqa,TVVc,structural_intercept,20,100,-6.034286249724108,-6.952139687557861,6.833801451578844,11.00057171426318,16.42482275878041
80,16,linCmt,focei,bobyqa,ResErr,structural_other,0.1,100,-0.7706261677650761,-0.4982008636695202,3.274696395172652,4.845522333202199,7.977293420352545
80,16,linCmt,focei,bobyqa,TVKA,structural_other,0.7,100,4.7580986769649564e-14,4.7580986769649564e-14,4.7580986769649564e-14,4.7580986769649564e-14,4.7580986769649564e-14
80,16,linCmt,focei,bobyqa,TVQ,structural_other,1.8,100,1.9878496966567245,1.9430451459694502,1.9878496966567245,2.558227761472871,4.183992540321972
80,16,linCmt,focei,bobyqa,TVVp,structural_other,80,100,0.5376752255332028,0.45624932139683716,0.9530412752418727,1.4139340056350247,2.5422589333580667
80,16,linCmt,focei,bobyqa,cov_VcCL,structural_other,0.02,100,-2.1551532890592107,7.6452070280662,30.651354176841128,47.568663823846194,68.03067863517866
80,16,linCmt,focei,bobyqa,var_CL,structural_other,0.1,100,-3.70899431519979,-4.260903958036472,12.10182720224858,17.557777959450398,29.206391077186854
80,16,linCmt,focei,bobyqa,var_Vc,structural_other,0.1,100,-10.247629322332578,-7.901752298643128,14.173607592018056,21.731067290705973,36.687971691652635
80,16,ode,focei,bobyqa,CLBW,covariate_beta,0.75,48,1.2529724275706609,6.738325078243205,17.069175669872745,31.819101821551737,44.74920170376579
80,16,ode,focei,bobyqa,CLcrCL,covariate_beta,0.5,65,-4.672680226341708,2.5384701400773686,15.363329077445043,23.658500217064677,32.35762597453663
80,16,ode,focei,bobyqa,VcBW,covariate_beta,1,70,3.0313692207899257,7.279996265270966,10.954517926526929,33.04401287187809,29.67254592063688
80,16,ode,focei,bobyqa,VcSEX,covariate_beta,0.4054651081081644,93,-0.6742599763622174,2.136228086239158,14.178203911538546,23.796179762459456,37.926078082532214
80,16,ode,focei,bobyqa,TVCL,structural_intercept,0.6,100,-4.3124862330794125,-4.483838350455022,6.436223497424224,9.300628565392438,13.87244645374551
80,16,ode,focei,bobyqa,TVVc,structural_intercept,20,100,-7.170053706900656,-7.40715402870624,7.620661129385561,11.112200471044531,16.098850344854228
80,16,ode,focei,bobyqa,ResErr,structural_other,0.1,100,-0.6519070281377354,-0.47156237380726557,3.232966726071415,4.882629115238075,8.04054030322078
80,16,ode,focei,bobyqa,TVKA,structural_other,0.7,100,4.7580986769649564e-14,4.7580986769649564e-14,4.7580986769649564e-14,4.7580986769649564e-14,4.7580986769649564e-14
80,16,ode,focei,bobyqa,TVQ,structural_other,1.8,100,1.988028985342912,1.9472560207275602,1.988028985342912,2.5615319785815207,4.190278825219094
80,16,ode,focei,bobyqa,TVVp,structural_other,80,100,0.5288148727221031,0.45619437105930893,0.9475286394635775,1.4127809969822953,2.5271263009961196
80,16,ode,focei,bobyqa,cov_VcCL,structural_other,0.02,100,10.552586271509153,16.789520505855915,29.809940028725673,50.19809583375995,87.2802521416886
80,16,ode,focei,bobyqa,var_CL,structural_other,0.1,100,-3.7897826379526616,-3.8770042192184433,11.743025014208367,17.326503347446643,27.88888506124468
80,16,ode,focei,bobyqa,var_Vc,structural_other,0.1,100,-10.907525470782907,-8.271299591223858,14.58911054458989,22.006311395339544,36.82602382037869
300,1,linCmt,focei,bobyqa,TVCL,structural_intercept,0.6,100,0.9270776039157677,0.8149470467173077,1.2630526455147582,1.9371502577347832,3.4324709942913687
300,1,linCmt,focei,bobyqa,TVVc,structural_intercept,20,100,1.9643261338429328,1.9278235591119839,2.354892906598174,3.272214838495826,5.062889229686344
300,1,linCmt,focei,bobyqa,ResErr,structural_other,0.1,100,0.7271269491053167,0.8767841613163552,1.4906817139260093,2.5354308296367902,4.3375957858604925
300,1,linCmt,focei,bobyqa,TVKA,structural_other,0.7,100,0,4.758098676964956e-15,0,1.5046429151043004e-14,4.758098676965362e-15
300,1,linCmt,focei,bobyqa,TVQ,structural_other,1.8,100,2.096007269929392,2.125959364598722,2.096007269929392,2.250721898684178,3.126508422630455
300,1,linCmt,focei,bobyqa,TVVp,structural_other,80,100,0.5320017978636038,0.5207650722143636,0.586523535623389,0.7752765747741042,1.2960991298797586
300,1,linCmt,focei,bobyqa,cov_VcCL,structural_other,0.02,100,-9.001675914604244,-4.796826508704932,19.383555943320378,26.818249430446272,43.54180388241499
300,1,linCmt,focei,bobyqa,var_CL,structural_other,0.1,100,-1.6460415677251248,-2.03788105003024,5.280434494498914,8.820519100394442,15.48140127368649
300,1,linCmt,focei,bobyqa,var_Vc,structural_other,0.1,100,-5.09223395079568,-3.8395485825341766,8.634642899714642,13.12224656161887,20.86438849277402
300,1,ode,focei,bobyqa,TVCL,structural_intercept,0.6,100,0.9022739128838886,0.7489978545513292,1.264081951097081,1.9047660642953295,3.2339695587041666
300,1,ode,focei,bobyqa,TVVc,structural_intercept,20,100,1.9060764719098522,1.8750205580358856,2.21998520954533,3.1825294186910047,5.107659719903103
300,1,ode,focei,bobyqa,ResErr,structural_other,0.1,100,0.6200749595422008,0.7552265422254648,1.5287555796305448,2.489064305304535,4.317781250540445
300,1,ode,focei,bobyqa,TVKA,structural_other,0.7,100,0,4.282288809268461e-15,0,1.4274296030894868e-14,0
300,1,ode,focei,bobyqa,TVQ,structural_other,1.8,100,2.069081283462874,2.0882016026851016,2.069081283462874,2.213934983776104,3.0714191995329583
300,1,ode,focei,bobyqa,TVVp,structural_other,80,100,0.5167631417826257,0.5076087891494077,0.5470954883931965,0.7652246350230295,1.3014700474823844
300,1,ode,focei,bobyqa,cov_VcCL,structural_other,0.02,100,-6.197441032906149,-3.535199044444016,21.139015562922587,26.094027478540493,39.115148125589435
300,1,ode,focei,bobyqa,var_CL,structural_other,0.1,100,-1.3992001317306781,-2.057129962737247,5.547283769716811,8.85861878445636,15.673552298168358
300,1,ode,focei,bobyqa,var_Vc,structural_other,0.1,100,-4.284682161172782,-2.8276892141366425,7.985441770771408,12.8513639629302,20.162736117466913
300,2,linCmt,focei,bobyqa,VcSEX,covariate_beta,0.4054651081081644,100,0.6489196815652221,-0.7471330494778583,7.5707805113409785,11.785062912886163,18.978756588137617
300,2,linCmt,focei,bobyqa,TVCL,structural_intercept,0.6,100,0.6314915413172159,0.8344597382536832,1.3559253739976556,2.3432397922874753,3.835249734341765
300,2,linCmt,focei,bobyqa,TVVc,structural_intercept,20,100,0.8682098308121411,1.3356567653076183,2.1867795983134286,3.7028018904570734,6.078371026533988
300,2,linCmt,focei,bobyqa,ResErr,structural_other,0.1,100,-0.1255770782429555,0.2123535600477032,1.899701735097202,2.7227209510151593,4.7844532305738134
300,2,linCmt,focei,bobyqa,TVKA,structural_other,0.7,100,4.7580986769649564e-14,4.7580986769649564e-14,4.7580986769649564e-14,4.7580986769649564e-14,4.7580986769649564e-14
300,2,linCmt,focei,bobyqa,TVQ,structural_other,1.8,100,1.8570345940878266,1.7916004049975471,1.8570345940878266,2.027601742878999,2.995785801801957
300,2,linCmt,focei,bobyqa,TVVp,structural_other,80,100,0.26937373591379377,0.29516028746846334,0.4784116653518656,0.6942908235624616,1.1631747923846896
300,2,linCmt,focei,bobyqa,cov_VcCL,structural_other,0.02,100,-1.8144149595495425,-1.846530486761113,16.461326542924176,24.01158721217227,40.80168706246417
300,2,linCmt,focei,bobyqa,var_CL,structural_other,0.1,100,0.2463782914645038,-0.07070634589706498,5.445793596623227,7.558320967964208,11.70588130936743
300,2,linCmt,focei,bobyqa,var_Vc,structural_other,0.1,100,-3.2460415094575645,-2.6505025111353833,8.440764044254353,12.364001067378247,20.134301729489472
300,2,ode,focei,bobyqa,VcSEX,covariate_beta,0.4054651081081644,100,1.0962708887167967,-0.6689740097889243,7.483679262064605,11.790938358480672,18.909208006901242
300,2,ode,focei,bobyqa,TVCL,structural_intercept,0.6,100,0.6282116802314257,0.7856911487016991,1.335960194172666,2.2674705361017047,3.788549982179014
300,2,ode,focei,bobyqa,TVVc,structural_intercept,20,100,0.8011262457228696,1.2776426399039387,2.1598366155750526,3.664357891748703,6.073360003738622
300,2,ode,focei,bobyqa,ResErr,structural_other,0.1,100,-0.18601823879347418,0.16312502810794507,1.950220157238669,2.72642597233139,4.696311693847878
300,2,ode,focei,bobyqa,TVKA,structural_other,0.7,100,4.7580986769649564e-14,4.7580986769649564e-14,4.7580986769649564e-14,4.7580986769649564e-14,4.7580986769649564e-14
300,2,ode,focei,bobyqa,TVQ,structural_other,1.8,100,1.8215319772042924,1.767477858801739,1.8215319772042924,2.0085033595877513,3.0066493492743116
300,2,ode,focei,bobyqa,TVVp,structural_other,80,100,0.25120616449013866,0.2859469037843617,0.48530208021535515,0.6909482234795783,1.1318601025300274
300,2,ode,focei,bobyqa,cov_VcCL,structural_other,0.02,100,-5.365125011402225,-4.563348696661205,16.906950241956384,25.217377848153383,44.52398950170075
300,2,ode,focei,bobyqa,var_CL,structural_other,0.1,100,0.27012791011825354,-0.1535549505260457,5.654030711060291,7.559941076552175,11.673540918944607
300,2,ode,focei,bobyqa,var_Vc,structural_other,0.1,100,-2.598248437378978,-2.302837607990263,8.34553492400239,12.423997632123534,20.52196171642344
300,3,linCmt,focei,bobyqa,VcBW,covariate_beta,1,90,0.7839112224507727,0.6586028618097065,5.195255323821479,11.346595039589378,15.718157038208755
300,3,linCmt,focei,bobyqa,TVCL,structural_intercept,0.6,100,1.0167710852256133,0.817280303412115,1.5583642804030038,2.109097224857985,3.4954455029070837
300,3,linCmt,focei,bobyqa,TVVc,structural_intercept,20,100,1.2352785480364492,1.1058746833816278,1.981965535627115,3.0722478381707354,5.2275273165099385
300,3,linCmt,focei,bobyqa,ResErr,structural_other,0.1,100,0.7882230963149606,0.7821275652444772,1.7527325501542623,2.5028850224583366,4.2260793460566495
300,3,linCmt,focei,bobyqa,TVKA,structural_other,0.7,100,4.7580986769649564e-14,4.7580986769649564e-14,4.7580986769649564e-14,4.7580986769649564e-14,4.7580986769649564e-14
300,3,linCmt,focei,bobyqa,TVQ,structural_other,1.8,100,2.0858457014055505,2.082705897116085,2.0858457014055505,2.271916656423371,3.287616397647218
300,3,linCmt,focei,bobyqa,TVVp,structural_other,80,100,0.46099301273150317,0.46296571802713904,0.549322694178791,0.8142329464536407,1.2575435429119006
300,3,linCmt,focei,bobyqa,cov_VcCL,structural_other,0.02,100,1.320029769409023,0.5727612366689453,16.510275422899547,25.50422445703102,44.08093261283755
300,3,linCmt,focei,bobyqa,var_CL,structural_other,0.1,100,-0.7929925740750507,-0.8874510345613505,6.275176976111865,8.407641387958382,13.59081491409777
300,3,linCmt,focei,bobyqa,var_Vc,structural_other,0.1,100,-4.790245182645925,-3.8766594002247627,8.499971382498972,13.062096288926975,19.453457992157595
300,3,ode,focei,bobyqa,VcBW,covariate_beta,1,95,0.7093888043818719,0.7450129659539183,5.2635674632386165,11.470519740044335,17.743320563427872
300,3,ode,focei,bobyqa,TVCL,structural_intercept,0.6,100,0.8919504717419906,0.7736039339518423,1.5207766455673881,2.0820133855459404,3.5282863256914236
300,3,ode,focei,bobyqa,TVVc,structural_intercept,20,100,1.2847413674920993,1.1690430855427587,1.964936094288152,3.0668951007817404,5.114227030088475
300,3,ode,focei,bobyqa,ResErr,structural_other,0.1,100,0.7866218544450645,0.7502734425203955,1.7444812544259725,2.5036972491387455,4.232266787565502
300,3,ode,focei,bobyqa,TVKA,structural_other,0.7,100,4.7580986769649564e-14,4.7580986769649564e-14,4.7580986769649564e-14,4.7580986769649564e-14,4.7580986769649564e-14
300,3,ode,focei,bobyqa,TVQ,structural_other,1.8,100,2.0457920153496505,2.0578610726446844,2.0457920153496505,2.247170199226348,3.195876034085314
300,3,ode,focei,bobyqa,TVVp,structural_other,80,100,0.45637696484592816,0.4556158515483588,0.5327425739676794,0.8084375631541016,1.2457921006033355
300,3,ode,focei,bobyqa,cov_VcCL,structural_other,0.02,100,1.040894542385408,0.5521024224009291,17.56500061212907,26.286640265205868,42.64031052005155
300,3,ode,focei,bobyqa,var_CL,structural_other,0.1,100,-0.463905877101968,-0.8714669146623912,6.4780128686929075,8.419005126701787,13.50616938753952
300,3,ode,focei,bobyqa,var_Vc,structural_other,0.1,100,-4.254312467538463,-3.667404454799182,8.611298383963705,12.777145373215962,19.212189519216498
300,4,linCmt,focei,bobyqa,VcBW,covariate_beta,1,92,1.8289924491059706,0.5449877221970044,5.838001662293591,9.304108860913479,15.775137002759065
300,4,linCmt,focei,bobyqa,VcSEX,covariate_beta,0.4054651081081644,100,-0.36949171458401425,0.02636515463246589,9.010124384277397,12.991619121426764,20.47160817131414
300,4,linCmt,focei,bobyqa,TVCL,structural_intercept,0.6,100,0.5355961498935691,0.6319191706635474,1.2253503084899513,2.101068160788159,3.4520210435018726
300,4,linCmt,focei,bobyqa,TVVc,structural_intercept,20,100,1.7029860781904291,1.5193928145505295,2.4012905682356944,3.48300441784887,5.350212084479651
300,4,linCmt,focei,bobyqa,ResErr,structural_other,0.1,100,0.34432868721687854,0.08222725134192768,1.5626153107635155,2.348050105154557,3.5487927549603295
300,4,linCmt,focei,bobyqa,TVKA,structural_other,0.7,100,4.7580986769649564e-14,4.7580986769649564e-14,4.7580986769649564e-14,4.7580986769649564e-14,4.7580986769649564e-14
300,4,linCmt,focei,bobyqa,TVQ,structural_other,1.8,100,1.919168271942199,1.8494708982100527,1.919168271942199,2.0739833836576222,2.936106150424831
300,4,linCmt,focei,bobyqa,TVVp,structural_other,80,100,0.2923094858588815,0.2893719278693272,0.5230081721795177,0.7171080504493149,1.1567912900870356
300,4,linCmt,focei,bobyqa,cov_VcCL,structural_other,0.02,100,2.0052949207745656,0.9591324365145154,15.143878268905219,24.845158389907773,37.1670101680623
300,4,linCmt,focei,bobyqa,var_CL,structural_other,0.1,100,-0.559432590297275,0.0205911441429113,5.403840755970925,8.28155494256209,13.862878409381704
300,4,linCmt,focei,bobyqa,var_Vc,structural_other,0.1,100,-2.320409748782247,-3.281111616074201,8.68612380495995,12.557433561069924,21.722924601842927
300,4,ode,focei,bobyqa,VcBW,covariate_beta,1,92,1.5372542837979841,0.7655318497135384,6.212398091829796,9.437763763651635,15.688177653975217
300,4,ode,focei,bobyqa,VcSEX,covariate_beta,0.4054651081081644,100,0.009161381398477839,0.2684884120240126,8.815281671167675,14.373892957672666,21.26119051838614
300,4,ode,focei,bobyqa,TVCL,structural_intercept,0.6,100,0.5049708343877654,0.6042602883231715,1.1867544895473778,2.089444341999732,3.4661094175578353
300,4,ode,focei,bobyqa,TVVc,structural_intercept,20,100,1.6687679153965276,1.5406591594080319,2.3316703837639796,3.464707678801805,5.414632395985924
300,4,ode,focei,bobyqa,ResErr,structural_other,0.1,100,0.29821564553765556,0.05331044046811895,1.6081222985983716,2.3367311025784954,3.557193026202221
300,4,ode,focei,bobyqa,TVKA,structural_other,0.7,100,4.7580986769649564e-14,4.7580986769649564e-14,4.7580986769649564e-14,4.7580986769649564e-14,4.7580986769649564e-14
300,4,ode,focei,bobyqa,TVQ,structural_other,1.8,100,1.8905806754096908,1.8277128916111631,1.8905806754096908,2.0545618034152127,2.9060930454063527
300,4,ode,focei,bobyqa,TVVp,structural_other,80,100,0.2921523745369292,0.2823087478800032,0.5187787036935809,0.714120653888652,1.1568616127665816
300,4,ode,focei,bobyqa,cov_VcCL,structural_other,0.02,100,-1.2244181466647754,-0.39150549674898644,17.580740901533247,25.24578460707713,37.62937221997121
300,4,ode,focei,bobyqa,var_CL,structural_other,0.1,100,-0.6237269961693812,0.020298849825362425,5.378467920960257,8.227553866735471,13.606290563931985
300,4,ode,focei,bobyqa,var_Vc,structural_other,0.1,100,-1.9895817314990807,-3.0290723957437944,8.787687209133837,12.553982753039827,21.49443350154584
300,5,linCmt,focei,bobyqa,CLcrCL,covariate_beta,0.5,94,0.15950868636687154,1.0975386447976516,5.478393357801837,8.969159272987048,15.352597575471757
300,5,linCmt,focei,bobyqa,TVCL,structural_intercept,0.6,100,0.8994263634763041,0.88873483105968,1.260475094306333,2.1026739584791643,3.5668248828725093
300,5,linCmt,focei,bobyqa,TVVc,structural_intercept,20,100,1.6809143917104572,1.603965960490907,2.0740900590487232,2.807112540582607,4.625528728263405
300,5,linCmt,focei,bobyqa,ResErr,structural_other,0.1,100,0.5116874989690573,0.7531392442103277,1.648335138325796,2.7248616387701117,4.580881198081459
300,5,linCmt,focei,bobyqa,TVKA,structural_other,0.7,100,4.7580986769649564e-14,4.7580986769649564e-14,4.7580986769649564e-14,4.7580986769649564e-14,4.7580986769649564e-14
300,5,linCmt,focei,bobyqa,TVQ,structural_other,1.8,100,2.1618035913770575,1.9997366294756878,2.1618035913770575,2.1582635255425435,3.045541026550124
300,5,linCmt,focei,bobyqa,TVVp,structural_other,80,100,0.4195281231040138,0.45471207277243747,0.46673841110036923,0.7226710313540231,1.1405992881681701
300,5,linCmt,focei,bobyqa,cov_VcCL,structural_other,0.02,100,-2.995209585037505,-3.629853265152235,18.059421809111935,28.88215368956015,48.4929913434272
300,5,linCmt,focei,bobyqa,var_CL,structural_other,0.1,100,-3.8771748387023686,-2.5296050019770178,6.444348575779267,8.860995389555482,13.640650787132927
300,5,linCmt,focei,bobyqa,var_Vc,structural_other,0.1,100,-1.2289329363155341,-2.4012282034934755,8.520338445801904,12.937323296122955,21.978636713867797
300,5,ode,focei,bobyqa,CLcrCL,covariate_beta,0.5,94,0.2756759205606585,1.0591517933713273,5.241995742279981,8.882023985871426,15.200312071464545
300,5,ode,focei,bobyqa,TVCL,structural_intercept,0.6,100,0.8374340045494607,0.8523731480087902,1.258378663772116,2.0669714932717875,3.5194987068034465
300,5,ode,focei,bobyqa,TVVc,structural_intercept,20,100,1.574820600964939,1.5747188341955436,2.0384785415615614,2.7820481840237745,4.609784668719192
300,5,ode,focei,bobyqa,ResErr,structural_other,0.1,100,0.40554047130315907,0.6624781349327811,1.781299836339914,2.6926527470441264,4.660367085101783
300,5,ode,focei,bobyqa,TVKA,structural_other,0.7,100,4.7580986769649564e-14,4.7580986769649564e-14,4.7580986769649564e-14,4.7580986769649564e-14,4.7580986769649564e-14
300,5,ode,focei,bobyqa,TVQ,structural_other,1.8,100,2.114725249392737,1.965953134949349,2.114725249392737,2.126690712676419,3.0150505624222337
300,5,ode,focei,bobyqa,TVVp,structural_other,80,100,0.4035834743489186,0.44075502450313075,0.4580960637764431,0.7131800049192777,1.1331088133580354
300,5,ode,focei,bobyqa,cov_VcCL,structural_other,0.02,100,-2.1078433510083197,-4.532107814261081,18.122125294312085,28.270582196140342,45.015833567542565
300,5,ode,focei,bobyqa,var_CL,structural_other,0.1,100,-3.8348795877117885,-2.514205992302745,6.675307244135446,8.862777854825524,13.975389838644785
300,5,ode,focei,bobyqa,var_Vc,structural_other,0.1,100,-0.09759284484283509,-1.783534260543627,8.844591143100281,12.893870598961335,21.234002860127895
300,6,linCmt,focei,bobyqa,CLcrCL,covariate_beta,0.5,94,1.3098268122460843,0.5879087704823228,6.077230479826423,8.873117163501885,13.622927842646748
300,6,linCmt,focei,bobyqa,VcSEX,covariate_beta,0.4054651081081644,100,-1.8346965382499623,0.04075827500784374,7.6819104814625225,10.615379917375643,18.119981041474563
300,6,linCmt,focei,bobyqa,TVCL,structural_intercept,0.6,100,0.8244516325553638,0.6596394564203961,1.3310959522232955,2.014556111560589,2.9646428837039496
300,6,linCmt,focei,bobyqa,TVVc,structural_intercept,20,100,1.3181404365376004,1.3789725879333825,2.584733773013994,3.538347921907101,5.793583187129432
300,6,linCmt,focei,bobyqa,ResErr,structural_other,0.1,100,-0.18559654855371255,0.06807791395586363,1.7123848454164357,2.469031900464957,4.286289653974864
300,6,linCmt,focei,bobyqa,TVKA,structural_other,0.7,100,4.7580986769649564e-14,4.7580986769649564e-14,4.7580986769649564e-14,4.7580986769649564e-14,4.7580986769649564e-14
300,6,linCmt,focei,bobyqa,TVQ,structural_other,1.8,100,2.138943962466728,2.0704841857902823,2.138943962466728,2.2634570735515895,3.1559070191452854
300,6,linCmt,focei,bobyqa,TVVp,structural_other,80,100,0.39996259301217313,0.4186923528517603,0.5534478712172497,0.7468619903404633,1.1231901630523264
300,6,linCmt,focei,bobyqa,cov_VcCL,structural_other,0.02,100,-3.8232304820590577,-1.1397347378795573,16.720778710173047,27.154297202227117,43.00187020540307
300,6,linCmt,focei,bobyqa,var_CL,structural_other,0.1,100,-1.286414428235412,-0.7199638694424894,5.466549360481313,9.137440080079042,15.198160522633842
300,6,linCmt,focei,bobyqa,var_Vc,structural_other,0.1,100,-1.20616644936241,-2.6058928821129377,8.470393474825027,11.840813237147449,19.721321971445725
300,6,ode,focei,bobyqa,CLcrCL,covariate_beta,0.5,94,1.500290070641419,0.57784827257707,6.088894612643781,8.952796168837407,14.24727473673216
300,6,ode,focei,bobyqa,VcSEX,covariate_beta,0.4054651081081644,100,-1.9237182998584437,0.08963968021996202,7.7763295601186115,10.584638915780257,17.858020890743248
300,6,ode,focei,bobyqa,TVCL,structural_intercept,0.6,100,0.7891432973322343,0.6243124640972944,1.3305688085503236,1.9933664413472603,2.961065052172007
300,6,ode,focei,bobyqa,TVVc,structural_intercept,20,100,1.2580478398090111,1.3132394735633923,2.5541372562380356,3.5259238575274168,5.731852630470521
300,6,ode,focei,bobyqa,ResErr,structural_other,0.1,100,-0.20979261595367726,0.002809377334201113,1.729722012560657,2.4832676692034528,4.342534551197979
300,6,ode,focei,bobyqa,TVKA,structural_other,0.7,100,4.7580986769649564e-14,4.7580986769649564e-14,4.7580986769649564e-14,4.7580986769649564e-14,4.7580986769649564e-14
300,6,ode,focei,bobyqa,TVQ,structural_other,1.8,100,2.112901924789455,2.0442288993839552,2.112901924789455,2.240642315210762,3.097992711048625
300,6,ode,focei,bobyqa,TVVp,structural_other,80,100,0.38261780522341304,0.4087833668826926,0.5330569674483066,0.7414959447967778,1.0996095079005477
300,6,ode,focei,bobyqa,cov_VcCL,structural_other,0.02,100,-2.771475986987652,-1.138704347100615,16.391047276372216,26.507883116994762,40.36461712132342
300,6,ode,focei,bobyqa,var_CL,structural_other,0.1,100,-1.1697398243295243,-0.6080347427025461,5.851832106039429,9.136681926737769,15.65839045674624
300,6,ode,focei,bobyqa,var_Vc,structural_other,0.1,100,-1.6487776777859842,-2.0983338933193667,8.027384507924152,11.7481453913389,18.945090953595518
300,7,linCmt,focei,bobyqa,CLcrCL,covariate_beta,0.5,90,-0.1731539756748779,-1.256285442099146,5.823918665520966,9.425827977129241,16.239970099312217
300,7,linCmt,focei,bobyqa,VcBW,covariate_beta,1,86,0.537977699842318,0.4255434445710732,7.3239002395152575,10.239964235836172,15.039378127506108
300,7,linCmt,focei,bobyqa,TVCL,structural_intercept,0.6,100,0.6231154566138468,0.5580475264946311,1.539145690253115,2.3395314470589645,3.947996736917935
300,7,linCmt,focei,bobyqa,TVVc,structural_intercept,20,100,0.532554800852072,1.15291892319521,1.594855194731846,3.0190897243215784,4.812385716792235
300,7,linCmt,focei,bobyqa,ResErr,structural_other,0.1,100,0.197394364406335,-0.0032497354386733235,1.7289500511368585,2.3511777077069835,3.5349422268809696
300,7,linCmt,focei,bobyqa,TVKA,structural_other,0.7,100,4.7580986769649564e-14,4.7580986769649564e-14,4.7580986769649564e-14,4.7580986769649564e-14,4.7580986769649564e-14
300,7,linCmt,focei,bobyqa,TVQ,structural_other,1.8,100,1.9612801144571943,1.9691078616918438,1.9612801144571943,2.1246994627873828,2.8720511602571643
300,7,linCmt,focei,bobyqa,TVVp,structural_other,80,100,0.4517521394277413,0.445716306595454,0.5169209203923497,0.6999070234044593,1.0700657026611895
300,7,linCmt,focei,bobyqa,cov_VcCL,structural_other,0.02,100,-3.9486911840456127,-1.6560360947599453,18.688306993201245,26.492017692542667,39.005110615796355
300,7,linCmt,focei,bobyqa,var_CL,structural_other,0.1,100,-2.7421015847429175,-2.2745686953137785,6.2181975381098225,9.928401481547326,16.10657767115518
300,7,linCmt,focei,bobyqa,var_Vc,structural_other,0.1,100,-2.60837372076652,-2.8599493035662285,8.509236136039627,12.672554467506458,20.38017370520807
300,7,ode,focei,bobyqa,CLcrCL,covariate_beta,0.5,91,-0.44567431171548266,-1.0475831874952217,5.581236832266212,9.152099342441641,15.514012505840347
300,7,ode,focei,bobyqa,VcBW,covariate_beta,1,88,0.7238354750296105,0.5962019427405514,7.523247798809924,10.453755738740627,14.79192888738489
300,7,ode,focei,bobyqa,TVCL,structural_intercept,0.6,100,0.6222969737455508,0.6022541159939662,1.5226212448153273,2.2896589840661927,3.8502492787794234
300,7,ode,focei,bobyqa,TVVc,structural_intercept,20,100,0.5605684963016966,1.2338637896355242,1.7248411730024935,3.014761995500574,4.7442814551168295
300,7,ode,focei,bobyqa,ResErr,structural_other,0.1,100,0.1445273115253179,-0.047255784954630536,1.7955415289683598,2.3622998223694798,3.6053620244871922
300,7,ode,focei,bobyqa,TVKA,structural_other,0.7,100,4.7580986769649564e-14,4.7580986769649564e-14,4.7580986769649564e-14,4.7580986769649564e-14,4.7580986769649564e-14
300,7,ode,focei,bobyqa,TVQ,structural_other,1.8,100,1.9354365096463007,1.9451211913551296,1.9354365096463007,2.10431786438994,2.8739645505201494
300,7,ode,focei,bobyqa,TVVp,structural_other,80,100,0.44580462515710906,0.43818192245258286,0.5148506531978736,0.6962049127894856,1.0581534228961955
300,7,ode,focei,bobyqa,cov_VcCL,structural_other,0.02,100,-4.965669803423207,-1.7414403209824088,17.76064578392866,26.614372478770747,41.14004969147892
300,7,ode,focei,bobyqa,var_CL,structural_other,0.1,100,-2.8601019514043826,-2.260133266999854,6.167671120624226,10.002650587635216,16.61510867943866
300,7,ode,focei,bobyqa,var_Vc,structural_other,0.1,100,-1.2643789703908546,-2.4801947066063414,8.595740103360388,12.734058965560118,20.81275685770375
300,8,linCmt,focei,bobyqa,CLcrCL,covariate_beta,0.5,88,1.2597819367376806,0.954510839681644,8.346280021415375,10.330396056748885,14.597983302026496
300,8,linCmt,focei,bobyqa,VcBW,covariate_beta,1,90,0.028550439736951816,1.6193210203405897,5.988995253198725,12.273631478634627,15.10145161178097
300,8,linCmt,focei,bobyqa,VcSEX,covariate_beta,0.4054651081081644,100,1.163862344394707,0.31176884636880103,8.286351174635048,12.569705216436436,17.507152852957873
300,8,linCmt,focei,bobyqa,TVCL,structural_intercept,0.6,100,0.6846049678014092,0.581699685222013,1.3264094303263771,2.2532243836498975,3.9197461951147448
300,8,linCmt,focei,bobyqa,TVVc,structural_intercept,20,100,1.1093767063843707,1.489167822211791,2.443306507387329,3.348495255784677,5.66526337417365
300,8,linCmt,focei,bobyqa,ResErr,structural_other,0.1,100,0.2528086577130856,0.3178201871672288,1.7451593237455403,2.2713936057596333,3.6911700856665117
300,8,linCmt,focei,bobyqa,TVKA,structural_other,0.7,100,4.7580986769649564e-14,4.7580986769649564e-14,4.7580986769649564e-14,4.7580986769649564e-14,4.7580986769649564e-14
300,8,linCmt,focei,bobyqa,TVQ,structural_other,1.8,100,1.9988265087880084,1.897214359489787,1.9988265087880084,2.085757044375023,2.922797865659712
300,8,linCmt,focei,bobyqa,TVVp,structural_other,80,100,0.407538799867373,0.3203863848403653,0.5528995897922061,0.6851722331998351,1.0185881008417859
300,8,linCmt,focei,bobyqa,cov_VcCL,structural_other,0.02,100,-0.49697471527826786,1.373410457790274,17.745974216428685,25.13018935215977,39.879674880093695
300,8,linCmt,focei,bobyqa,var_CL,structural_other,0.1,100,-2.506549795542469,-1.7324243842389584,5.239475026646255,8.566427416770363,13.755995200156319
300,8,linCmt,focei,bobyqa,var_Vc,structural_other,0.1,100,-3.715391865481213,-2.8256156670660277,8.351361998580337,10.386561911702394,17.061036496130775
300,8,ode,focei,bobyqa,CLcrCL,covariate_beta,0.5,89,0.9846033215610728,0.9886937479888822,8.37233677139897,10.321512290299548,15.05465067288175
300,8,ode,focei,bobyqa,VcBW,covariate_beta,1,90,-0.5631441113323532,1.435342235916094,6.072927499069736,13.11474150350877,15.052437353838702
300,8,ode,focei,bobyqa,VcSEX,covariate_beta,0.4054651081081644,100,1.321025611655027,0.3626838028556128,7.99179995178369,12.575199767909542,17.679180858785813
300,8,ode,focei,bobyqa,TVCL,structural_intercept,0.6,100,0.6879752888750886,0.5803851876765272,1.1254894461843468,2.1048384928670236,3.9211011264002416
300,8,ode,focei,bobyqa,TVVc,structural_intercept,20,100,1.0857025391850073,1.4817548457465235,2.439955623968544,3.3888963112064365,5.6941820209229395
300,8,ode,focei,bobyqa,ResErr,structural_other,0.1,100,0.1922360992174868,0.26952933009533525,1.7648648612774847,2.2603240020548463,3.7655893241791007
300,8,ode,focei,bobyqa,TVKA,structural_other,0.7,100,4.7580986769649564e-14,4.7580986769649564e-14,4.7580986769649564e-14,4.7580986769649564e-14,4.7580986769649564e-14
300,8,ode,focei,bobyqa,TVQ,structural_other,1.8,100,1.9588907080143727,1.8729567433671384,1.9588907080143727,2.0629673042693537,2.912230586853336
300,8,ode,focei,bobyqa,TVVp,structural_other,80,100,0.4022744447719528,0.3130773430034351,0.5483927579945558,0.68007404756199,1.0115890546604869
300,8,ode,focei,bobyqa,cov_VcCL,structural_other,0.02,100,-0.9807054748144084,0.2095096831371443,17.70182438220456,24.736789887234433,38.084428435066805
300,8,ode,focei,bobyqa,var_CL,structural_other,0.1,100,-2.171464270886873,-1.6916927918732103,5.347727911242162,8.625347822620226,13.515674515940827
300,8,ode,focei,bobyqa,var_Vc,structural_other,0.1,100,-3.812931996497494,-2.5088450115712835,7.635767116237438,10.42814182408098,16.419421245659862
300,9,linCmt,focei,bobyqa,CLBW,covariate_beta,0.75,78,-1.0770730754561773,-0.18059851398086263,6.05080926550321,12.8485005903553,20.2212374213002
300,9,linCmt,focei,bobyqa,TVCL,structural_intercept,0.6,100,0.7416060640089706,0.6998171716141762,1.8120122371941365,2.380177421168471,3.68868306787328
300,9,linCmt,focei,bobyqa,TVVc,structural_intercept,20,100,1.602391430137633,1.6074813557650887,2.015286918541399,2.992066768159254,5.0276169686812455
300,9,linCmt,focei,bobyqa,ResErr,structural_other,0.1,100,0.6455096857740719,0.5439066221107757,1.6166708012429198,2.2792527210067135,3.740365616054394
300,9,linCmt,focei,bobyqa,TVKA,structural_other,0.7,100,4.7580986769649564e-14,4.7580986769649564e-14,4.7580986769649564e-14,4.7580986769649564e-14,4.7580986769649564e-14
300,9,linCmt,focei,bobyqa,TVQ,structural_other,1.8,100,2.3958594566280502,2.400956401845742,2.3958594566280502,2.507580935745395,3.305550233227281
300,9,linCmt,focei,bobyqa,TVVp,structural_other,80,100,0.6769361275093022,0.6454318884071661,0.6769361275093022,0.8392768746916477,1.3372907029118208
300,9,linCmt,focei,bobyqa,cov_VcCL,structural_other,0.02,100,2.6707380149436357,2.0285978576227346,14.440110755808924,24.699604832520208,40.503397576711905
300,9,linCmt,focei,bobyqa,var_CL,structural_other,0.1,100,-2.884783851719863,-2.772320590686386,5.647863728654875,8.608739047284221,14.376888961606904
300,9,linCmt,focei,bobyqa,var_Vc,structural_other,0.1,100,1.1074375031945096,-0.4994145188748855,8.531435346595735,12.507887889836663,19.38095157726073
300,9,ode,focei,bobyqa,CLBW,covariate_beta,0.75,77,-0.4352352076127719,-0.5441915502771606,5.971947220114604,12.625874277000026,19.701905381507796
300,9,ode,focei,bobyqa,TVCL,structural_intercept,0.6,100,0.6355720021828382,0.6147285963381246,1.7231287131567372,2.3875427681242187,3.6333904854528907
300,9,ode,focei,bobyqa,TVVc,structural_intercept,20,100,1.5385977499942793,1.5257192050425117,2.023119071517412,2.9772459478801387,4.948862660115613
300,9,ode,focei,bobyqa,ResErr,structural_other,0.1,100,0.6048051240305428,0.42913557380419787,1.70543753306409,2.2401706150111926,3.658857592433843
300,9,ode,focei,bobyqa,TVKA,structural_other,0.7,100,4.7580986769649564e-14,4.7580986769649564e-14,4.7580986769649564e-14,4.7580986769649564e-14,4.7580986769649564e-14
300,9,ode,focei,bobyqa,TVQ,structural_other,1.8,100,2.3509177625491673,2.3551698412379167,2.3509177625491673,2.4616352479333337,3.2140296824871544
300,9,ode,focei,bobyqa,TVVp,structural_other,80,100,0.6556982715035086,0.624524204979573,0.6564851995057097,0.8252334738661115,1.3374927454359877
300,9,ode,focei,bobyqa,cov_VcCL,structural_other,0.02,100,2.842134945152926,0.7369353055063583,14.791431615182422,25.64754120615509,43.35369874708935
300,9,ode,focei,bobyqa,var_CL,structural_other,0.1,100,-3.0676358854964114,-2.662126197890106,5.778453463235612,8.696099919163318,14.081780179730266
300,9,ode,focei,bobyqa,var_Vc,structural_other,0.1,100,1.7079728431906582,0.45191899149760273,8.95527238358787,12.75071819653612,19.956530295202416
300,10,linCmt,focei,bobyqa,CLBW,covariate_beta,0.75,83,1.5459182591178808,1.4938154283420169,7.583430933079975,12.88090035700884,17.9661979768381
300,10,linCmt,focei,bobyqa,VcSEX,covariate_beta,0.4054651081081644,100,-0.663856888856688,-0.09313158052958741,6.614532512866611,9.49315938280233,14.895361426246827
300,10,linCmt,focei,bobyqa,TVCL,structural_intercept,0.6,100,-6.9889784147537934,-6.827319460170209,7.149879531458718,8.125076523222907,11.641073464269414
300,10,linCmt,focei,bobyqa,TVVc,structural_intercept,20,100,1.1279836379473274,1.4661054806138945,2.305461345550093,3.4694496073103633,5.58705427271413
300,10,linCmt,focei,bobyqa,ResErr,structural_other,0.1,100,-0.14959915483613723,0.14096122698441252,1.357687285898794,2.0791987983308173,3.5182563849985327
300,10,linCmt,focei,bobyqa,TVKA,structural_other,0.7,100,4.7580986769649564e-14,4.7580986769649564e-14,4.7580986769649564e-14,4.7580986769649564e-14,4.7580986769649564e-14
300,10,linCmt,focei,bobyqa,TVQ,structural_other,1.8,100,1.9811395682119857,2.0707467065007656,1.9811395682119857,2.2472983604539496,3.0516788476030827
300,10,linCmt,focei,bobyqa,TVVp,structural_other,80,100,0.42254346566791945,0.49547312419914,0.5278943591777098,0.8014857217159024,1.319040351182851
300,10,linCmt,focei,bobyqa,cov_VcCL,structural_other,0.02,100,-1.190687834509126,1.5797667909114437,18.987898046651612,28.681192118187187,45.2578751709727
300,10,linCmt,focei,bobyqa,var_CL,structural_other,0.1,100,-0.8916976537073142,-0.07540316560396651,6.304116444084476,7.931580680563371,11.951511936988082
300,10,linCmt,focei,bobyqa,var_Vc,structural_other,0.1,100,-4.771887412897545,-2.6994897084225267,10.169683662278148,13.445578860324467,21.533185893455556
300,10,ode,focei,bobyqa,CLBW,covariate_beta,0.75,79,2.0062987490649205,0.8342931755109563,7.017969514005307,10.488682860608819,17.695848252735303
300,10,ode,focei,bobyqa,VcSEX,covariate_beta,0.4054651081081644,100,-0.4143741039322633,-0.23716088846064293,6.8969785199970755,9.532137665001025,14.873055542993747
300,10,ode,focei,bobyqa,TVCL,structural_intercept,0.6,100,-6.696190819170714,-6.5195993680784685,6.804991773773297,7.863288939120662,11.424497980547347
300,10,ode,focei,bobyqa,TVVc,structural_intercept,20,100,1.0560913208145983,1.4522753332197387,2.2969539794713167,3.455989685212378,5.513913805756647
300,10,ode,focei,bobyqa,ResErr,structural_other,0.1,100,-0.1694032106556928,0.10160201933100284,1.3716678939138804,2.124862646225949,3.4695928211654916
300,10,ode,focei,bobyqa,TVKA,structural_other,0.7,100,4.7580986769649564e-14,4.7580986769649564e-14,4.7580986769649564e-14,4.7580986769649564e-14,4.7580986769649564e-14
300,10,ode,focei,bobyqa,TVQ,structural_other,1.8,100,1.946432607227322,2.04693681966889,1.946432607227322,2.229452500734236,3.0567007191622184
300,10,ode,focei,bobyqa,TVVp,structural_other,80,100,0.41622979956342127,0.48510025992180633,0.5159014911447722,0.7941515488268923,1.304731128411179
300,10,ode,focei,bobyqa,cov_VcCL,structural_other,0.02,100,0.9421605406464105,0.42530685206755675,19.096702183561792,28.80066825091912,45.45625915414594
300,10,ode,focei,bobyqa,var_CL,structural_other,0.1,100,-0.9279787876510792,-0.11616787797669836,6.548011347176676,8.049543152719982,12.994423783970912
300,10,ode,focei,bobyqa,var_Vc,structural_other,0.1,100,-4.2296615567899085,-2.3640714597035064,9.73143467219395,13.592795219420605,22.194438106427203
300,11,linCmt,focei,bobyqa,CLBW,covariate_beta,0.75,68,-0.07654921116609555,0.47572618791427684,5.190540791885404,10.72158930111097,17.553088528318632
300,11,linCmt,focei,bobyqa,VcBW,covariate_beta,1,86,1.530898818708315,0.8735099296025848,5.701797330880304,8.171015879945841,13.12466567267052
300,11,linCmt,focei,bobyqa,TVCL,structural_intercept,0.6,100,-6.622843578509341,-5.596108920858389,6.622843578509341,7.158737366444972,10.942605809477625
300,11,linCmt,focei,bobyqa,TVVc,structural_intercept,20,100,-9.766869950119172,-9.099216784094278,9.766869950119172,10.29745438736598,14.52423183748557
300,11,linCmt,focei,bobyqa,ResErr,structural_other,0.1,100,0.4512630414138727,0.43266221592334314,1.5572978185897992,2.5959622676377268,4.323776798355146
300,11,linCmt,focei,bobyqa,TVKA,structural_other,0.7,100,4.7580986769649564e-14,4.7580986769649564e-14,4.7580986769649564e-14,4.7580986769649564e-14,4.7580986769649564e-14
300,11,linCmt,focei,bobyqa,TVQ,structural_other,1.8,100,1.8993767309878462,1.8739562153363132,1.8993767309878462,2.045341091791359,2.787094404001661
300,11,linCmt,focei,bobyqa,TVVp,structural_other,80,100,0.4257132624095661,0.45549772120898546,0.4889379151032447,0.7272659889326677,1.2229574884548085
300,11,linCmt,focei,bobyqa,cov_VcCL,structural_other,0.02,100,-0.9594429374112923,1.6712216622871443,18.649263655578185,27.08605428226873,43.470565703101244
300,11,linCmt,focei,bobyqa,var_CL,structural_other,0.1,100,-1.3438162283386303,-1.0762210074390464,5.142572628628092,8.503696078816999,13.224234679495108
300,11,linCmt,focei,bobyqa,var_Vc,structural_other,0.1,100,-3.767975071048667,-3.427371528207667,8.186771575032628,12.184785092508907,20.020612217173763
300,11,ode,focei,bobyqa,CLBW,covariate_beta,0.75,57,0.12490705815757508,1.1445345305578571,6.9416207304825965,10.490370914870445,17.270961478112618
300,11,ode,focei,bobyqa,VcBW,covariate_beta,1,83,-0.4437747078579912,0.16747527231688156,6.202590216846127,9.11962351178832,14.149698549387008
300,11,ode,focei,bobyqa,TVCL,structural_intercept,0.6,100,-5.379545595887612,-4.678028698945798,5.487791710447739,6.964643643760131,10.83972854760407
300,11,ode,focei,bobyqa,TVVc,structural_intercept,20,100,-9.666576891739282,-8.624088169099851,9.666576891739282,10.07346209792597,14.27202287112327
300,11,ode,focei,bobyqa,ResErr,structural_other,0.1,100,0.40428513270690525,0.43968424435593,1.6420705072915722,2.600919792006924,4.3298156891544926
300,11,ode,focei,bobyqa,TVKA,structural_other,0.7,100,4.7580986769649564e-14,4.7580986769649564e-14,4.7580986769649564e-14,4.7580986769649564e-14,4.7580986769649564e-14
300,11,ode,focei,bobyqa,TVQ,structural_other,1.8,100,1.9197663813953922,1.889151377828872,1.9197663813953922,2.0635344151714747,2.826021456109125
300,11,ode,focei,bobyqa,TVVp,structural_other,80,100,0.43632405609333347,0.4603169761914291,0.5010922226041536,0.7328654311517281,1.1965510619130253
300,11,ode,focei,bobyqa,cov_VcCL,structural_other,0.02,100,9.524737497118036,10.841736263579966,22.3991025136374,35.6904886502264,57.91514306384199
300,11,ode,focei,bobyqa,var_CL,structural_other,0.1,100,-1.126300648277352,-0.42311880935870705,4.970481260609047,8.896354319205479,13.146206806749658
300,11,ode,focei,bobyqa,var_Vc,structural_other,0.1,100,-4.117081294089102,-3.6624021227211547,8.390208896569474,12.338726234624454,20.67045799925083
300,12,linCmt,focei,bobyqa,CLBW,covariate_beta,0.75,80,0.18879600628221027,0.38917487394309025,7.041191656722737,13.033104778472365,19.53699287835254
300,12,linCmt,focei,bobyqa,VcBW,covariate_beta,1,83,2.8499251834123607,3.220167118109342,6.097678464072254,14.176057080865966,15.28652753501573
300,12,linCmt,focei,bobyqa,VcSEX,covariate_beta,0.4054651081081644,100,-0.7800794440874879,-1.062590283424475,7.211903122041368,12.463759698297169,21.282353188249086
300,12,linCmt,focei,bobyqa,TVCL,structural_intercept,0.6,100,-7.5469754051230575,-6.555208424115941,7.9445928798215135,8.079600111575735,11.210941701818234
300,12,linCmt,focei,bobyqa,TVVc,structural_intercept,20,100,-10.236616646095866,-8.567572947663873,10.321052929694119,10.556803013505386,14.692975652959205
300,12,linCmt,focei,bobyqa,ResErr,structural_other,0.1,100,0.693280337889228,0.602560887318005,1.5765052851277674,2.506861072486313,3.7170160263485776
300,12,linCmt,focei,bobyqa,TVKA,structural_other,0.7,100,4.7580986769649564e-14,4.7580986769649564e-14,4.7580986769649564e-14,4.7580986769649564e-14,4.7580986769649564e-14
300,12,linCmt,focei,bobyqa,TVQ,structural_other,1.8,100,2.081459161733474,2.029572288708997,2.081459161733474,2.2293190514348287,3.231856299396484
300,12,linCmt,focei,bobyqa,TVVp,structural_other,80,100,0.3287148433576714,0.31877394303723355,0.5472788340604406,0.7186102804149547,1.1305513991125111
300,12,linCmt,focei,bobyqa,cov_VcCL,structural_other,0.02,100,0.6590658224241847,2.070699019011877,13.918342914484944,20.917355648270057,35.23812345536317
300,12,linCmt,focei,bobyqa,var_CL,structural_other,0.1,100,-1.6354883378081468,-1.7814634528101014,5.2813201244184125,8.692818426494153,14.524143570495665
300,12,linCmt,focei,bobyqa,var_Vc,structural_other,0.1,100,-5.115743095336745,-4.723766263330668,8.598262316452464,11.32162863037365,17.929969483212986
300,12,ode,focei,bobyqa,CLBW,covariate_beta,0.75,68,0.3227423630634811,1.0428639431847062,6.0859916909776395,13.198815156076119,19.347592509002975
300,12,ode,focei,bobyqa,VcBW,covariate_beta,1,79,1.058772819659004,2.464289665843201,6.063968028835975,16.127205151799416,15.615371151528834
300,12,ode,focei,bobyqa,VcSEX,covariate_beta,0.4054651081081644,100,-0.43631605818660535,-0.47497238596330454,7.362032293532842,13.505902352777294,21.428566487132606
300,12,ode,focei,bobyqa,TVCL,structural_intercept,0.6,100,-6.767868127872899,-5.731144397522412,7.085798331979541,7.757961353577632,11.31299980104085
300,12,ode,focei,bobyqa,TVVc,structural_intercept,20,100,-9.5145875188265,-8.123810036615467,9.58471216196176,10.213849892265694,14.59402325526298
300,12,ode,focei,bobyqa,ResErr,structural_other,0.1,100,0.6996592054690844,0.5831599616977994,1.5475293971443025,2.512174649812399,3.6313625333875694
300,12,ode,focei,bobyqa,TVKA,structural_other,0.7,100,4.7580986769649564e-14,4.7580986769649564e-14,4.7580986769649564e-14,4.7580986769649564e-14,4.7580986769649564e-14
300,12,ode,focei,bobyqa,TVQ,structural_other,1.8,100,2.077856687726562,2.024637588496201,2.077856687726562,2.2252352654943923,3.2056344994588306
300,12,ode,focei,bobyqa,TVVp,structural_other,80,100,0.35307544554377124,0.31474889705754006,0.5483296019693462,0.7169133449038656,1.1336875853583717
300,12,ode,focei,bobyqa,cov_VcCL,structural_other,0.02,100,6.0549228036848275,5.771653085316599,16.64768708913255,23.422195199052595,38.00142175119425
300,12,ode,focei,bobyqa,var_CL,structural_other,0.1,100,-1.285725181790924,-1.5572600485468662,5.4449390598488785,8.801278140608645,14.53926072289625
300,12,ode,focei,bobyqa,var_Vc,structural_other,0.1,100,-5.344017569621787,-4.640529849825868,8.440326414763124,11.342708714179205,17.748059173020426
300,13,linCmt,focei,bobyqa,CLBW,covariate_beta,0.75,81,-0.7455404262555938,1.0346005545491208,7.708318265968665,12.418303862397218,19.46108783774236
300,13,linCmt,focei,bobyqa,CLcrCL,covariate_beta,0.5,73,-2.7628937420354216,-1.6612007233569703,7.415805534242015,12.654306489191963,19.300507207443403
300,13,linCmt,focei,bobyqa,TVCL,structural_intercept,0.6,100,-9.79340653877143,-8.8176644253959,9.79340653877143,10.075932553917836,13.71296714222017
300,13,linCmt,focei,bobyqa,TVVc,structural_intercept,20,100,1.0371388047566832,1.4432024179556693,1.5965864834135688,2.8927344313175665,4.643115314903956
300,13,linCmt,focei,bobyqa,ResErr,structural_other,0.1,100,-0.21835288821213383,-0.052999223465212124,1.8603891336643406,2.528298535808242,3.9550736243433082
300,13,linCmt,focei,bobyqa,TVKA,structural_other,0.7,100,4.7580986769649564e-14,4.7580986769649564e-14,4.7580986769649564e-14,4.7580986769649564e-14,4.7580986769649564e-14
300,13,linCmt,focei,bobyqa,TVQ,structural_other,1.8,100,2.131988099159827,2.126201000822969,2.131988099159827,2.2520656096606717,2.876006445076218
300,13,linCmt,focei,bobyqa,TVVp,structural_other,80,100,0.6418283787071744,0.6183291936245944,0.7166500988987146,0.8526202238564234,1.320763308279476
300,13,linCmt,focei,bobyqa,cov_VcCL,structural_other,0.02,100,-1.5289991701397665,-3.1064756633397486,22.75035887402474,27.833380931744102,42.96675063105071
300,13,linCmt,focei,bobyqa,var_CL,structural_other,0.1,100,-2.3603292592691214,-1.2362994277542307,6.310033031137404,8.22972562455117,12.92132081152163
300,13,linCmt,focei,bobyqa,var_Vc,structural_other,0.1,100,-1.4073001871815345,-1.0021390783964883,8.209278924599793,13.055079925710073,21.19302915141267
300,13,ode,focei,bobyqa,CLBW,covariate_beta,0.75,85,-1.5589664618807988,0.2549745913961859,8.491499496732535,12.685968983840699,19.271152859759166
300,13,ode,focei,bobyqa,CLcrCL,covariate_beta,0.5,70,-1.320777769315079,-1.1149518907170215,7.306799413664322,13.896534550934614,23.065939001696705
300,13,ode,focei,bobyqa,TVCL,structural_intercept,0.6,100,-10.10214176087702,-9.055648091709088,10.10214176087702,10.36330334289215,13.812136342669126
300,13,ode,focei,bobyqa,TVVc,structural_intercept,20,100,0.9210505135206316,1.3404066862088182,1.60261081917767,2.8646526654674895,4.51939183135102
300,13,ode,focei,bobyqa,ResErr,structural_other,0.1,100,-0.30981876293960375,-0.13776759074492745,1.9452993009065958,2.5031972621281136,3.8021474813731566
300,13,ode,focei,bobyqa,TVKA,structural_other,0.7,100,4.7580986769649564e-14,4.7580986769649564e-14,4.7580986769649564e-14,4.7580986769649564e-14,4.7580986769649564e-14
300,13,ode,focei,bobyqa,TVQ,structural_other,1.8,100,2.109817781975905,2.0829761672268923,2.109817781975905,2.213809389186195,2.8317156495279234
300,13,ode,focei,bobyqa,TVVp,structural_other,80,100,0.6515531023920839,0.5943849409107342,0.7178959071300995,0.8410752568033284,1.2843443151963108
300,13,ode,focei,bobyqa,cov_VcCL,structural_other,0.02,100,-5.551203470368021,-4.322391523974347,19.9760345178528,28.54014986896151,44.83701171591696
300,13,ode,focei,bobyqa,var_CL,structural_other,0.1,100,-2.4539496788743356,-1.1601143703609438,6.450562970588998,8.110212523350365,13.11666203590201
300,13,ode,focei,bobyqa,var_Vc,structural_other,0.1,100,-0.929519290968725,-0.311761373539368,9.06453278176403,13.418776273461603,21.351173917794124
300,14,linCmt,focei,bobyqa,CLBW,covariate_beta,0.75,79,1.5502870190068276,0.4706219260506888,8.073253617045866,12.015335434554355,18.80874924860399
300,14,linCmt,focei,bobyqa,CLcrCL,covariate_beta,0.5,75,-2.5314103080823713,-2.229989182915747,6.826233368385404,11.113508231327616,16.35461051336984
300,14,linCmt,focei,bobyqa,VcSEX,covariate_beta,0.4054651081081644,100,-0.7610280339968039,-0.9936911423011433,8.786045188150643,12.049875134378771,16.25378359976021
300,14,linCmt,focei,bobyqa,TVCL,structural_intercept,0.6,100,-8.62438419278245,-8.871050102845086,8.62438419278245,9.833107510454289,13.749333709097652
300,14,linCmt,focei,bobyqa,TVVc,structural_intercept,20,100,1.9589823061069198,1.846761899116539,2.425488793974102,3.8497316216969306,6.525404886679251
300,14,linCmt,focei,bobyqa,ResErr,structural_other,0.1,100,0.49696567417958915,0.6222354202559828,1.3827336315476932,2.574747026385594,4.422659738936802
300,14,linCmt,focei,bobyqa,TVKA,structural_other,0.7,100,4.7580986769649564e-14,4.7580986769649564e-14,4.7580986769649564e-14,4.7580986769649564e-14,4.7580986769649564e-14
300,14,linCmt,focei,bobyqa,TVQ,structural_other,1.8,100,1.6930521956251863,1.7338291679635214,1.6930521956251863,1.936331362201462,2.8719923722736267
300,14,linCmt,focei,bobyqa,TVVp,structural_other,80,100,0.6132793461858022,0.5394476100449157,0.6305176496613107,0.8143672765219092,1.3219781141289406
300,14,linCmt,focei,bobyqa,cov_VcCL,structural_other,0.02,100,-1.774231980172427,-3.171694840326964,20.638719604508942,29.038262092505907,47.327921454476204
300,14,linCmt,focei,bobyqa,var_CL,structural_other,0.1,100,-2.3718926599959334,-1.913785742481924,5.84212304422315,8.385134199492422,13.624043466695202
300,14,linCmt,focei,bobyqa,var_Vc,structural_other,0.1,100,-3.0901231235905895,-3.4930684851399163,9.614239554745712,12.202926701053977,17.944710899026557
300,14,ode,focei,bobyqa,CLBW,covariate_beta,0.75,82,0.8044790079466088,0.4592486035013542,8.515019692901308,12.090878932692672,20.030073215394943
300,14,ode,focei,bobyqa,CLcrCL,covariate_beta,0.5,66,0.1825757519099247,-0.3804678954996628,5.580153683387112,11.014316475905538,16.58677668460133
300,14,ode,focei,bobyqa,VcSEX,covariate_beta,0.4054651081081644,100,-0.26477035190253484,-0.7364470662322771,8.410637325268294,11.302127413166525,16.139413689887245
300,14,ode,focei,bobyqa,TVCL,structural_intercept,0.6,100,-9.280905565221701,-9.192694754054688,9.280905565221701,10.151675849877265,14.52975286951603
300,14,ode,focei,bobyqa,TVVc,structural_intercept,20,100,2.0754337125645694,1.8969281837564786,2.4782893608895495,3.8447289244142464,6.513940973390085
300,14,ode,focei,bobyqa,ResErr,structural_other,0.1,100,0.42593078258077594,0.5512818654943544,1.299075786836565,2.510714276616816,4.372044672764334
300,14,ode,focei,bobyqa,TVKA,structural_other,0.7,100,4.7580986769649564e-14,4.7580986769649564e-14,4.7580986769649564e-14,4.7580986769649564e-14,4.7580986769649564e-14
300,14,ode,focei,bobyqa,TVQ,structural_other,1.8,100,1.6820971796484563,1.7026410663740665,1.6820971796484563,1.9116505048504935,2.857896905901565
300,14,ode,focei,bobyqa,TVVp,structural_other,80,100,0.5705056853908719,0.521618642669013,0.587331581410524,0.8054392099424841,1.3222201083822718
300,14,ode,focei,bobyqa,cov_VcCL,structural_other,0.02,100,-4.155857651820137,-3.5533294850705626,20.534103622162043,28.303851883029406,44.200575963154094
300,14,ode,focei,bobyqa,var_CL,structural_other,0.1,100,-2.1964142177831047,-1.8222487144500623,5.841248288680455,8.40305079357112,14.267088646290185
300,14,ode,focei,bobyqa,var_Vc,structural_other,0.1,100,-2.5644752628442915,-3.1226453481314564,9.922476727608585,12.131061853034412,17.296819288840894
300,15,linCmt,focei,bobyqa,CLBW,covariate_beta,0.75,61,-0.22037403450413015,0.10298500312889768,7.97549966307094,10.73578057162741,16.029455809739936
300,15,linCmt,focei,bobyqa,CLcrCL,covariate_beta,0.5,79,2.4818475003107743,2.599301600241267,7.74378024876774,11.044994710016397,18.5649115250953
300,15,linCmt,focei,bobyqa,VcBW,covariate_beta,1,74,1.6069505937165052,1.5287671802333538,5.231218358585621,8.159827449926027,14.306050234712789
300,15,linCmt,focei,bobyqa,TVCL,structural_intercept,0.6,100,-7.759530121381161,-6.98543156575782,8.108558426678126,9.045050384291542,14.224410625280006
300,15,linCmt,focei,bobyqa,TVVc,structural_intercept,20,100,-9.320423099161019,-7.9375414947241705,9.320423099161019,9.742165849857765,14.286839118333154
300,15,linCmt,focei,bobyqa,ResErr,structural_other,0.1,100,0.16169085834805141,0.3596914951840252,1.992779530296869,2.524100927861135,3.7056337432807944
300,15,linCmt,focei,bobyqa,TVKA,structural_other,0.7,100,4.7580986769649564e-14,4.7580986769649564e-14,4.7580986769649564e-14,4.7580986769649564e-14,4.7580986769649564e-14
300,15,linCmt,focei,bobyqa,TVQ,structural_other,1.8,100,1.9696736278692,2.040593401598443,1.9696736278692,2.266855477638659,3.2655145512682893
300,15,linCmt,focei,bobyqa,TVVp,structural_other,80,100,0.62799259157579,0.5603447543583548,0.6388339370712083,0.84505544565741475,1.3006298185363758
300,15,linCmt,focei,bobyqa,cov_VcCL,structural_other,0.02,100,3.2720393079822747,6.033120324302515,19.016313995775047,34.4378522962839,50.98412840655553
300,15,linCmt,focei,bobyqa,var_CL,structural_other,0.1,100,0.38217380983880667,-0.3830931310791814,6.201452428183749,8.650810598214983,13.557877333203875
300,15,linCmt,focei,bobyqa,var_Vc,structural_other,0.1,100,-3.8679691104312117,-3.642301721525488,8.206254044687105,12.638569508757156,20.825524470238044
300,15,ode,focei,bobyqa,CLBW,covariate_beta,0.75,56,-1.966712405577279,-1.0173043306878664,10.414017304807073,12.462389317998069,18.713570559440583
300,15,ode,focei,bobyqa,CLcrCL,covariate_beta,0.5,88,1.8555976397178209,1.7989270306409486,7.272806564236056,10.375153679312609,17.249769554172197
300,15,ode,focei,bobyqa,VcBW,covariate_beta,1,77,0.3226612770873327,-0.48499568906098156,5.06194044687529,10.021747785050222,15.505903240093872
300,15,ode,focei,bobyqa,TVCL,structural_intercept,0.6,100,-6.8291283439450385,-6.495261045247092,6.9460246988013825,8.118685281814994,12.728919462144466
300,15,ode,focei,bobyqa,TVVc,structural_intercept,20,100,-9.29656537936883,-8.074371250785473,9.29656537936883,9.73818811943222,14.177291753979482
300,15,ode,focei,bobyqa,ResErr,structural_other,0.1,100,0.2848455394527036,0.4300328470862258,1.9294148803334077,2.5838850389752612,3.7448591144452092
300,15,ode,focei,bobyqa,TVKA,structural_other,0.7,100,4.7580986769649564e-14,4.7580986769649564e-14,4.7580986769649564e-14,4.7580986769649564e-14,4.7580986769649564e-14
300,15,ode,focei,bobyqa,TVQ,structural_other,1.8,100,2.0160325109947967,2.0785285156010387,2.0160325109947967,2.3108830207994298,3.321252149318647
300,15,ode,focei,bobyqa,TVVp,structural_other,80,100,0.6582910052042212,0.5758174255363409,0.6923141631343555,0.8628774274069831,1.3434717088653498
300,15,ode,focei,bobyqa,cov_VcCL,structural_other,0.02,100,11.633828881872867,15.259243509409679,27.439725703371785,41.125383763052106,67.69738568209962
300,15,ode,focei,bobyqa,var_CL,structural_other,0.1,100,-0.48175466077608753,-0.32219713694843805,5.943926514764677,8.634288273706629,13.263593008643056
300,15,ode,focei,bobyqa,var_Vc,structural_other,0.1,100,-4.986868070998366,-4.32443067766297,8.712178916169524,13.199250052887649,21.034512476875406
300,16,linCmt,focei,bobyqa,CLBW,covariate_beta,0.75,78,-1.776296377406609,-0.6547159309352757,7.221126188754101,14.547140847715632,21.69761474456296
300,16,linCmt,focei,bobyqa,CLcrCL,covariate_beta,0.5,70,0.8627613843724014,2.3862917051493935,6.9013849136301655,10.654433374214845,18.23253050426609
300,16,linCmt,focei,bobyqa,VcBW,covariate_beta,1,87,2.445972892804593,2.8551551157277912,6.730746826092915,13.38158576110108,15.933059276655653
300,16,linCmt,focei,bobyqa,VcSEX,covariate_beta,0.4054651081081644,100,-1.9719256918340304,-1.8247021490381783,6.175115709847335,11.098877392668284,19.594073060784865
300,16,linCmt,focei,bobyqa,TVCL,structural_intercept,0.6,100,-8.900459309036528,-8.158203115360669,8.900459309036528,9.106802202436029,13.084228735638545
300,16,linCmt,focei,bobyqa,TVVc,structural_intercept,20,100,-9.718444477612016,-9.374197290681463,9.718444477612016,10.791051935676672,15.511273095769482
300,16,linCmt,focei,bobyqa,ResErr,structural_other,0.1,100,-0.21532009562533205,-0.06524870146521172,1.8124947348399645,2.4855283000736925,3.53040791858231
300,16,linCmt,focei,bobyqa,TVKA,structural_other,0.7,100,4.7580986769649564e-14,4.7580986769649564e-14,4.7580986769649564e-14,4.7580986769649564e-14,4.7580986769649564e-14
300,16,linCmt,focei,bobyqa,TVQ,structural_other,1.8,100,1.9224040721575772,1.8536614353297065,1.9224040721575772,2.0687958352114997,2.823058649001268
300,16,linCmt,focei,bobyqa,TVVp,structural_other,80,100,0.3490335436988712,0.3818797510132317,0.5355156861577282,0.7970105780458332,1.3178937771646595
300,16,linCmt,focei,bobyqa,cov_VcCL,structural_other,0.02,100,5.0155248264625865,6.616621634496611,13.99172878873975,24.81924238803782,42.451512885576
300,16,linCmt,focei,bobyqa,var_CL,structural_other,0.1,100,-1.48069895422389,-1.7954930119389843,5.54437195252263,8.341336560874295,13.610595671187243
300,16,linCmt,focei,bobyqa,var_Vc,structural_other,0.1,100,-3.2171122538013837,-1.8717512802389435,7.528931361526207,12.01842841462759,20.10031706757431
300,16,ode,focei,bobyqa,CLBW,covariate_beta,0.75,75,-1.5429468837687623,-1.8886858694578414,6.886616372021415,12.329107166259105,21.489724529427818
300,16,ode,focei,bobyqa,CLcrCL,covariate_beta,0.5,76,1.3296901065370959,2.3867763756730556,6.420661078389584,10.581232912305717,17.553331259408324
300,16,ode,focei,bobyqa,VcBW,covariate_beta,1,87,1.3894697272905487,1.975077605683103,6.472225837398504,13.767917925976233,14.691534849643364
300,16,ode,focei,bobyqa,VcSEX,covariate_beta,0.4054651081081644,100,-1.1802615289494172,-0.6071464861336431,5.716897147008501,12.580242779970026,20.55136231577544
300,16,ode,focei,bobyqa,TVCL,structural_intercept,0.6,100,-8.339540471127469,-7.861209812202905,8.339540471127469,8.99451913299069,12.731318590550892
300,16,ode,focei,bobyqa,TVVc,structural_intercept,20,100,-9.733507217093546,-9.337766911507527,9.733507217093546,10.757473477995633,15.552768511507626
300,16,ode,focei,bobyqa,ResErr,structural_other,0.1,100,-0.441368368759798,-0.12980050551665526,1.7827430018753019,2.472028946501394,3.565112246534886
300,16,ode,focei,bobyqa,TVKA,structural_other,0.7,100,4.7580986769649564e-14,4.7580986769649564e-14,4.7580986769649564e-14,4.7580986769649564e-14,4.7580986769649564e-14
300,16,ode,focei,bobyqa,TVQ,structural_other,1.8,100,1.929764065419707,1.8347540447145316,1.929764065419707,2.049248574307673,2.8296674692560644
300,16,ode,focei,bobyqa,TVVp,structural_other,80,100,0.3292058389895569,0.3736654830907893,0.5364786446078007,0.7906435260030542,1.3095006917077614
300,16,ode,focei,bobyqa,cov_VcCL,structural_other,0.02,100,6.222019389539798,8.14521133331586,16.258605402065808,27.706838839480714,47.64737395959463
300,16,ode,focei,bobyqa,var_CL,structural_other,0.1,100,-1.4982105842215807,-2.0153070020305095,5.642921921660736,8.24904380647915,13.43268616347457
300,16,ode,focei,bobyqa,var_Vc,structural_other,0.1,100,-3.1655324511719596,-1.61736640319625,7.72983431378501,11.962297611115634,19.918352557664754
