sample_N,scenario,structure,estimator,outer_opt,parameter,param_class,true_value,n_used,MedRE_pct,MeanRE_pct,MARE_pct,RMRSE_pct,P90AbsRE_pct
40,1,linCmt,focei,bobyqa,TVCL,structural_intercept,0.6,100,1.142566401455658,0.7668928253704188,3.818946706990752,5.322479164026392,8.823756369366507
40,1,linCmt,focei,bobyqa,TVVc,structural_intercept,20,100,1.639655114020222,1.8161197515847696,4.381315125246887,6.922100107444122,11.0495154117266
40,1,linCmt,focei,bobyqa,ResErr,structural_other,0.1,100,0.8639738565635047,1.833277331748409,4.653121463862972,7.604983219992713,12.518696019553849
40,1,linCmt,focei,bobyqa,TVKA,structural_other,0.7,100,0,4.758098676964956e-15,0,1.5046429151043004e-14,4.758098676965362e-15
40,1,linCmt,focei,bobyqa,TVQ,structural_other,1.8,100,2.4308795749828116,2.391930216693229,2.5565499125493947,3.105760812795914,4.73865490790276
40,1,linCmt,focei,bobyqa,TVVp,structural_other,80,100,0.7853780388875454,0.8177424594827435,1.2749909701878082,1.9278798237375352,2.8489808731827186
40,1,linCmt,focei,bobyqa,cov_VcCL,structural_other,0.02,100,-11.51621877007643,-8.15348117541764,44.16263881751566,62.75506075274833,98.20691494303743
40,1,linCmt,focei,bobyqa,var_CL,structural_other,0.1,100,-5.279339810094,-3.654446166215065,14.948996004053273,23.46065884695048,37.96139253238616
40,1,linCmt,focei,bobyqa,var_Vc,structural_other,0.1,100,-15.189578358399547,-14.416288353503232,26.2853101360094,37.679641626137176,66.64144725426195
40,1,ode,focei,bobyqa,TVCL,structural_intercept,0.6,100,1.0656158942266385,0.7339127210437499,3.845233003769757,5.318691024819506,8.713941633547263
40,1,ode,focei,bobyqa,TVVc,structural_intercept,20,100,1.589844298915466,1.687787933080316,4.3935371750557906,6.76234648761616,10.975273303400476
40,1,ode,focei,bobyqa,ResErr,structural_other,0.1,100,0.8556141895619609,1.6853595638533263,4.560402572585241,7.449836716393164,12.562128395793914
40,1,ode,focei,bobyqa,TVKA,structural_other,0.7,100,0,4.282288809268461e-15,0,1.4274296030894868e-14,0
40,1,ode,focei,bobyqa,TVQ,structural_other,1.8,100,2.3835591206527513,2.3603993032453356,2.5100280142686517,3.078575798553336,4.700695977179606
40,1,ode,focei,bobyqa,TVVp,structural_other,80,100,0.7708565667314194,0.799077088202386,1.276852269787101,1.9168795106889034,2.8049523944330415
40,1,ode,focei,bobyqa,cov_VcCL,structural_other,0.02,100,-11.060422552574451,-10.789576405016229,40.99674063820141,62.45985378314581,99.47334227423727
40,1,ode,focei,bobyqa,var_CL,structural_other,0.1,100,-5.562681467140187,-3.66750294583124,15.307667115132674,23.555783628510916,38.09969712234161
40,1,ode,focei,bobyqa,var_Vc,structural_other,0.1,100,-14.14577277544339,-13.207290100058502,25.674947257549807,36.75835186765985,63.92969847511756
40,2,linCmt,focei,bobyqa,VcSEX,covariate_beta,0.4054651081081644,82,11.561821560380105,12.609496246983987,16.84113684911126,26.772320057236072,45.57130393489429
40,2,linCmt,focei,bobyqa,TVCL,structural_intercept,0.6,100,1.4647144716862146,1.0257100626073374,3.5384542012145235,5.222156162598084,8.397671986489991
40,2,linCmt,focei,bobyqa,TVVc,structural_intercept,20,100,2.4889434159481993,3.5531776535543513,6.995382761168837,11.93363099694309,20.430916000838856
40,2,linCmt,focei,bobyqa,ResErr,structural_other,0.1,100,-1.3220418145404103,-1.6395215163655996,5.154628288120862,7.020019157920664,11.417553689976323
40,2,linCmt,focei,bobyqa,TVKA,structural_other,0.7,100,4.7580986769649564e-14,4.044383875420213e-14,4.7580986769649564e-14,4.3867502284464885e-14,4.7580986769649564e-14
40,2,linCmt,focei,bobyqa,TVQ,structural_other,1.8,100,1.388072217538684,1.4943207089187378,1.713248554622028,2.9929324556124204,4.842651633312529
40,2,linCmt,focei,bobyqa,TVVp,structural_other,80,100,0.03331831107858286,0.11367453705442045,0.9303873433017261,1.6328426891962022,2.8078089921799267
40,2,linCmt,focei,bobyqa,cov_VcCL,structural_other,0.02,100,-8.2981997947965,-8.47517469408513,41.285955462248694,62.52805647975339,113.1158193675452
40,2,linCmt,focei,bobyqa,var_CL,structural_other,0.1,100,-7.811512082377236,-6.100709325782423,18.496925092155276,23.107891316007542,34.484237270848546
40,2,linCmt,focei,bobyqa,var_Vc,structural_other,0.1,100,-14.575895681311499,-8.216915463520328,30.89489034130389,38.799368858838754,55.37913853343471
40,2,ode,focei,bobyqa,VcSEX,covariate_beta,0.4054651081081644,82,11.441803601636261,12.55742723331358,16.90583942758705,26.672165816966263,45.33175535645548
40,2,ode,focei,bobyqa,TVCL,structural_intercept,0.6,100,1.4506457680879272,0.999477112140019,3.514806332124615,5.212368802029365,8.388901427904
40,2,ode,focei,bobyqa,TVVc,structural_intercept,20,100,2.5460588092723406,3.5384938200335454,7.047494743071611,11.91419875202107,20.386977489222303
40,2,ode,focei,bobyqa,ResErr,structural_other,0.1,100,-1.4445934414667323,-1.7064024650947707,5.107593805706051,7.0321085379398856,11.405321796009368
40,2,ode,focei,bobyqa,TVKA,structural_other,0.7,100,4.7580986769649564e-14,4.044383875420213e-14,4.7580986769649564e-14,4.3867502284464885e-14,4.7580986769649564e-14
40,2,ode,focei,bobyqa,TVQ,structural_other,1.8,100,1.387813060548082,1.4667515632588182,1.6935373871129384,2.9834344933493337,4.817836220341242
40,2,ode,focei,bobyqa,TVVp,structural_other,80,100,0.02639546726513231,0.10484652143361792,0.9214848123641418,1.6307567855030045,2.8136284534639273
40,2,ode,focei,bobyqa,cov_VcCL,structural_other,0.02,100,-9.027691083631252,-10.182712286766245,39.98093493486575,61.75016404338229,114.83398779617406
40,2,ode,focei,bobyqa,var_CL,structural_other,0.1,100,-8.012668994058787,-6.19300663207124,18.08677230903407,23.088716154684437,34.397213932520586
40,2,ode,focei,bobyqa,var_Vc,structural_other,0.1,100,-12.982368128159038,-7.705851246182788,30.895849502224465,38.474778939993165,54.92973398629712
40,3,linCmt,focei,bobyqa,VcBW,covariate_beta,1,51,8.125607544318836,15.69184675012323,15.898156981928423,36.99002935662534,44.77069597822199
40,3,linCmt,focei,bobyqa,TVCL,structural_intercept,0.6,100,-0.4458888409642111,-0.020739900296333397,3.337837293596185,6.279145837691896,10.462468582576523
40,3,linCmt,focei,bobyqa,TVVc,structural_intercept,20,100,1.732599026358157,0.9870544725814409,6.38314841631508,9.492274174038338,14.3164169273446
40,3,linCmt,focei,bobyqa,ResErr,structural_other,0.1,100,-0.6968665244775838,-0.1451486627226789,4.734924519326237,6.772504980047966,11.342842884922058
40,3,linCmt,focei,bobyqa,TVKA,structural_other,0.7,100,4.7580986769649564e-14,4.6153557166560074e-14,4.7580986769649564e-14,4.686183727634204e-14,4.7580986769649564e-14
40,3,linCmt,focei,bobyqa,TVQ,structural_other,1.8,100,1.373662523085992,1.7848082721389074,1.493840392367354,3.0636821614084635,5.075572174541842
40,3,linCmt,focei,bobyqa,TVVp,structural_other,80,100,0.3693128097146836,0.4419006464708924,1.174453246018361,1.8759863900140388,3.3818333729704304
40,3,linCmt,focei,bobyqa,cov_VcCL,structural_other,0.02,100,-7.858959209027004,-7.271871940548524,41.901269467608216,61.55717643402055,92.65394775723983
40,3,linCmt,focei,bobyqa,var_CL,structural_other,0.1,100,-6.178685710549317,-4.420757526382245,14.554405069739165,21.89881935490641,35.220545846299736
40,3,linCmt,focei,bobyqa,var_Vc,structural_other,0.1,100,-13.499030652866464,-13.323519860197273,22.931138327311274,34.04147710457544,53.54581897136315
40,3,ode,focei,bobyqa,VcBW,covariate_beta,1,56,7.349791885854495,13.393000535684326,17.08428600519471,34.90129321972287,42.76889682679246
40,3,ode,focei,bobyqa,TVCL,structural_intercept,0.6,100,-0.4515468911417501,-0.08446492611223139,3.3366499099883136,6.252900552251692,10.469099254455266
40,3,ode,focei,bobyqa,TVVc,structural_intercept,20,100,1.8101182349818945,1.0996148308739917,6.174557610483795,9.408653830390945,14.309206129855081
40,3,ode,focei,bobyqa,ResErr,structural_other,0.1,100,-0.8614206747754177,-0.20522459973610477,4.652800880488299,6.7760031747860685,11.230016834635045
40,3,ode,focei,bobyqa,TVKA,structural_other,0.7,100,4.7580986769649564e-14,4.6153557166560074e-14,4.7580986769649564e-14,4.686183727634204e-14,4.7580986769649564e-14
40,3,ode,focei,bobyqa,TVQ,structural_other,1.8,100,1.4117141729760925,1.7647453074424007,1.4901379769810725,3.0495617758255755,5.076027007923618
40,3,ode,focei,bobyqa,TVVp,structural_other,80,100,0.36635946217056237,0.4358826955105739,1.1466822667991217,1.8754326426934105,3.393186205222863
40,3,ode,focei,bobyqa,cov_VcCL,structural_other,0.02,100,-12.030844142935093,-8.481697742229057,42.5531618604271,60.80667876907329,90.17739062386714
40,3,ode,focei,bobyqa,var_CL,structural_other,0.1,100,-6.395544366597762,-4.3554401396675475,14.734187844120317,21.95640937256132,35.1936351070327
40,3,ode,focei,bobyqa,var_Vc,structural_other,0.1,100,-13.068355215665726,-13.014676641142614,23.60624254226962,33.835515405509334,52.53245015406516
40,4,linCmt,focei,bobyqa,VcBW,covariate_beta,1,68,2.1979696617250855,20.679445839417358,13.359356843359722,57.41029182443198,66.68255196237007
40,4,linCmt,focei,bobyqa,VcSEX,covariate_beta,0.4054651081081644,75,19.388947801705555,18.679302650816073,24.028687323210125,33.75611199616297,56.13578187685959
40,4,linCmt,focei,bobyqa,TVCL,structural_intercept,0.6,100,0.9142176088186109,1.4958656951225615,3.214570467759359,5.499740674855913,8.399548750010178
40,4,linCmt,focei,bobyqa,TVVc,structural_intercept,20,100,2.061731805725682,3.3924758070461447,8.734967778210034,12.243782920669952,19.110165955799072
40,4,linCmt,focei,bobyqa,ResErr,structural_other,0.1,100,-1.3139548043670235,-1.5176775949262695,4.361331062582005,6.823312517451714,11.381723728212155
40,4,linCmt,focei,bobyqa,TVKA,structural_other,0.7,100,4.7580986769649564e-14,4.7580986769649564e-14,4.7580986769649564e-14,4.7580986769649564e-14,4.7580986769649564e-14
40,4,linCmt,focei,bobyqa,TVQ,structural_other,1.8,100,1.5725689475625124,1.5583686702865882,1.9451583560930277,2.83685951973566,4.85026292606916
40,4,linCmt,focei,bobyqa,TVVp,structural_other,80,100,-0.050019826396354716,0.30660389046642783,1.3689985655120207,1.8445029628269765,3.051388281632296
40,4,linCmt,focei,bobyqa,cov_VcCL,structural_other,0.02,100,-6.56733712790728,-11.567292073442253,41.033006132840995,62.95165214035555,94.7673451870716
40,4,linCmt,focei,bobyqa,var_CL,structural_other,0.1,100,-8.259594377171338,-5.386991584618835,19.493260861511786,23.309794021018657,36.37293464988828
40,4,linCmt,focei,bobyqa,var_Vc,structural_other,0.1,100,-8.55690578075722,-7.862132884877473,26.95160613521018,35.10468774118243,57.66684875131644
40,4,ode,focei,bobyqa,VcBW,covariate_beta,1,69,2.4366905258039973,20.09514816969796,13.380659064504318,54.90616497309452,65.97476259506033
40,4,ode,focei,bobyqa,VcSEX,covariate_beta,0.4054651081081644,74,19.862938811521797,19.539010057619418,24.364156486977457,33.82589029611869,56.84757175217901
40,4,ode,focei,bobyqa,TVCL,structural_intercept,0.6,100,0.8830733463517093,1.3825116839625111,3.229043817493218,5.677328844180806,9.115831170622691
40,4,ode,focei,bobyqa,TVVc,structural_intercept,20,100,3.3118571091898112,3.602582274724691,8.913047439419772,12.127515996236477,19.066664445549442
40,4,ode,focei,bobyqa,ResErr,structural_other,0.1,100,-1.2485684505849706,-1.54873711983091,4.381563503195553,6.816826203474068,11.363500706463
40,4,ode,focei,bobyqa,TVKA,structural_other,0.7,100,4.7580986769649564e-14,4.7580986769649564e-14,4.7580986769649564e-14,4.7580986769649564e-14,4.7580986769649564e-14
40,4,ode,focei,bobyqa,TVQ,structural_other,1.8,100,1.56111395198648,1.5439367654440712,1.9644769439072292,2.8324982528974743,4.817107048109687
40,4,ode,focei,bobyqa,TVVp,structural_other,80,100,-0.06737486822196104,0.30293822677164284,1.3710766254457418,1.8463825805233192,3.073776135260785
40,4,ode,focei,bobyqa,cov_VcCL,structural_other,0.02,100,-6.175229766850815,-11.20274580295881,37.42191187733045,62.782759901529396,93.4852241558035
40,4,ode,focei,bobyqa,var_CL,structural_other,0.1,100,-8.246176727659579,-5.531021152144645,19.265949772254597,23.363596016279494,36.4237100096128
40,4,ode,focei,bobyqa,var_Vc,structural_other,0.1,100,-7.8356235167832615,-7.197735375676063,26.31948584688854,36.21291599397162,57.33069788748782
40,5,linCmt,focei,bobyqa,CLcrCL,covariate_beta,0.5,65,-2.7604303151110066,1.2598193890655167,16.058192296160755,19.143804171999403,31.09706437852938
40,5,linCmt,focei,bobyqa,TVCL,structural_intercept,0.6,100,0.28068636085013904,0.2780457451078678,3.1496311147908114,5.271938411767614,8.837292165780514
40,5,linCmt,focei,bobyqa,TVVc,structural_intercept,20,100,2.80071718290424,2.4488514720320116,4.213403343398587,6.741445143085474,10.915289000878445
40,5,linCmt,focei,bobyqa,ResErr,structural_other,0.1,100,0.2780436411135706,0.26414160860195,4.3121959275380375,6.6471813278784975,11.06739323640781
40,5,linCmt,focei,bobyqa,TVKA,structural_other,0.7,100,4.7580986769649564e-14,4.3298697960381105e-14,4.7580986769649564e-14,4.538936852166976e-14,4.7580986769649564e-14
40,5,linCmt,focei,bobyqa,TVQ,structural_other,1.8,100,1.5589590686129442,1.793697745963907,1.6412648334993993,2.6443333284184423,4.7227479443277955
40,5,linCmt,focei,bobyqa,TVVp,structural_other,80,100,0.45486958183187376,0.3377923899089302,0.9792738244895284,1.4423379540315175,2.2187909865662503
40,5,linCmt,focei,bobyqa,cov_VcCL,structural_other,0.02,100,3.3902369186551358,1.967280428973438,54.06562299415736,64.11812559359265,102.77711389165118
40,5,linCmt,focei,bobyqa,var_CL,structural_other,0.1,100,-9.672641385675751,-7.347065864318357,18.633153163483442,25.2026733759102,41.36469859362442
40,5,linCmt,focei,bobyqa,var_Vc,structural_other,0.1,100,-9.3829886353856,-8.602467005433748,25.81708106759256,39.78735292818726,67.29556203280302
40,5,ode,focei,bobyqa,CLcrCL,covariate_beta,0.5,62,-1.9802005844142823,1.9956521551598982,15.851813366790568,19.13493831651746,30.87166087069722
40,5,ode,focei,bobyqa,TVCL,structural_intercept,0.6,100,0.08053719265130323,0.17259560039985747,3.2027445797500707,5.23050264110354,8.844000230386198
40,5,ode,focei,bobyqa,TVVc,structural_intercept,20,100,2.7478871156333717,2.4940745762754126,4.215272318918197,6.779617730032444,10.88197340774861
40,5,ode,focei,bobyqa,ResErr,structural_other,0.1,100,0.40385323269923057,0.07926506258227939,4.426061951008288,6.454672705361977,11.032220764038769
40,5,ode,focei,bobyqa,TVKA,structural_other,0.7,100,4.7580986769649564e-14,4.3298697960381105e-14,4.7580986769649564e-14,4.538936852166976e-14,4.7580986769649564e-14
40,5,ode,focei,bobyqa,TVQ,structural_other,1.8,100,1.5621080653011474,1.7507376886943433,1.629440801066695,2.6133863713233105,4.67793431157395
40,5,ode,focei,bobyqa,TVVp,structural_other,80,100,0.4415232717971928,0.3197857240800294,0.9784834678626629,1.4350357849159237,2.2296777499707767
40,5,ode,focei,bobyqa,cov_VcCL,structural_other,0.02,100,2.845642671511321,-0.51225932245186645,51.57581896367077,61.157560471394476,100.08896816057282
40,5,ode,focei,bobyqa,var_CL,structural_other,0.1,100,-9.176908218120158,-7.367042749530631,18.31520065537147,25.105292754483578,41.67862376406145
40,5,ode,focei,bobyqa,var_Vc,structural_other,0.1,100,-8.183185081529466,-7.586108539784572,25.01622638642793,39.0178583224154,65.50333746249827
40,6,linCmt,focei,bobyqa,CLcrCL,covariate_beta,0.5,69,6.909507094254019,8.929176656545899,14.295650665099014,23.877836721416802,41.58452484950767
40,6,linCmt,focei,bobyqa,VcSEX,covariate_beta,0.4054651081081644,78,10.616352793530442,13.021739584285447,17.294511017656568,29.1893569715863,47.10281379214517
40,6,linCmt,focei,bobyqa,TVCL,structural_intercept,0.6,100,-0.3605420786801187,0.08959904128518216,4.097111410545261,6.043334340817983,8.998126423743678
40,6,linCmt,focei,bobyqa,TVVc,structural_intercept,20,100,1.4699805022147938,3.6972251063709676,7.105219753796136,13.972707698629506,23.69913508931119
40,6,linCmt,focei,bobyqa,ResErr,structural_other,0.1,100,0.25462660388157754,0.11044559257146953,4.2197796144798145,6.185507985264809,9.76674863159921
40,6,linCmt,focei,bobyqa,TVKA,structural_other,0.7,100,4.7580986769649564e-14,4.710517690195307e-14,4.7580986769649564e-14,4.734248408093761e-14,4.7580986769649564e-14
40,6,linCmt,focei,bobyqa,TVQ,structural_other,1.8,100,1.3025911138767485,1.5188498688736214,1.897810325911711,2.8717174961489076,4.693077879331032
40,6,linCmt,focei,bobyqa,TVVp,structural_other,80,100,0.5995151499588579,0.5444943991770606,1.2818993331533157,1.8261137292666036,2.849835119157663
40,6,linCmt,focei,bobyqa,cov_VcCL,structural_other,0.02,100,-9.689132495939246,-6.596957863615234,41.042733173083825,69.81022744374748,103.52781928366439
40,6,linCmt,focei,bobyqa,var_CL,structural_other,0.1,100,-10.2042691253484,-10.990340444986717,15.523369175073729,23.181156645709848,36.64424735812288
40,6,linCmt,focei,bobyqa,var_Vc,structural_other,0.1,100,-9.25818117324171,-7.496095720505849,19.861187051018206,31.98128292763559,56.41790821025258
40,6,ode,focei,bobyqa,CLcrCL,covariate_beta,0.5,68,7.72810887556743,9.50673462746126,14.063821378053376,23.858051192088723,41.333298993604444
40,6,ode,focei,bobyqa,VcSEX,covariate_beta,0.4054651081081644,79,10.158800978831627,13.198467447439851,16.44001223324538,29.108728559412427,46.87282007562057
40,6,ode,focei,bobyqa,TVCL,structural_intercept,0.6,100,-0.39809932784917734,0.10910465141979128,4.103868366004608,6.314764381377774,9.808568581007286
40,6,ode,focei,bobyqa,TVVc,structural_intercept,20,100,1.4984793227736937,3.705544639582312,7.221310031411629,13.902199932519501,23.692181377041248
40,6,ode,focei,bobyqa,ResErr,structural_other,0.1,100,0.03466033655699641,0.08004127219450971,4.354496375105731,6.2008214645154265,9.807156565220723
40,6,ode,focei,bobyqa,TVKA,structural_other,0.7,100,4.7580986769649564e-14,4.710517690195307e-14,4.7580986769649564e-14,4.734248408093761e-14,4.7580986769649564e-14
40,6,ode,focei,bobyqa,TVQ,structural_other,1.8,100,1.387061670617214,1.502828498603231,1.8727682203378282,2.8606787408365464,4.675625018669343
40,6,ode,focei,bobyqa,TVVp,structural_other,80,100,0.591785487362797,0.540683033260884,1.2871654492077678,1.8270888605283242,2.8280724091456966
40,6,ode,focei,bobyqa,cov_VcCL,structural_other,0.02,100,-9.443720176357989,-7.963633205166028,42.516921379931006,67.1700905949316,104.97484666353685
40,6,ode,focei,bobyqa,var_CL,structural_other,0.1,100,-10.665325080949584,-11.19293637077185,15.793296423996983,23.34719161813218,36.904644253556704
40,6,ode,focei,bobyqa,var_Vc,structural_other,0.1,100,-8.607559967131882,-6.877953353123085,19.481682526535614,32.03981105762591,57.59467025119115
40,7,linCmt,focei,bobyqa,CLcrCL,covariate_beta,0.5,57,10.51164996890055,7.144967811002656,13.702653101857166,19.207333785139607,30.06558429731303
40,7,linCmt,focei,bobyqa,VcBW,covariate_beta,1,43,8.400107530705082,9.558199123905194,15.708288706853358,26.350585417331494,34.953933916174236
40,7,linCmt,focei,bobyqa,TVCL,structural_intercept,0.6,99,-1.1035333302452655,-0.6554888321183666,4.511155042964991,6.41644230835042,10.53647797434731
40,7,linCmt,focei,bobyqa,TVVc,structural_intercept,20,99,1.0458234631438579,3.3730088146815542,5.43392574575412,11.694662332011326,19.931657291651877
40,7,linCmt,focei,bobyqa,ResErr,structural_other,0.1,99,-1.4854877057275118,-1.700652234037025,4.904948197639119,7.23389672347554,12.162981655032118
40,7,linCmt,focei,bobyqa,TVKA,structural_other,0.7,99,4.7580986769649564e-14,4.710037074167331e-14,4.7580986769649564e-14,4.734006883291518e-14,4.7580986769649564e-14
40,7,linCmt,focei,bobyqa,TVQ,structural_other,1.8,99,1.3322903308165979,1.5448165042647253,1.5939539904286957,2.8249408823573567,4.677732665371104
40,7,linCmt,focei,bobyqa,TVVp,structural_other,80,99,-0.17348012089566822,0.12201199601203581,1.2074985665784865,1.7517451758433038,2.8348245179860925
40,7,linCmt,focei,bobyqa,cov_VcCL,structural_other,0.02,99,-10.642212040325761,-6.649797978542758,46.45652585961505,61.69854404921114,103.40710803645412
40,7,linCmt,focei,bobyqa,var_CL,structural_other,0.1,99,-11.091261340047758,-7.76948099874501,16.935062334177506,24.473064690349165,39.619680129606124
40,7,linCmt,focei,bobyqa,var_Vc,structural_other,0.1,99,-9.915301544185809,-7.724858911343733,22.217342324056908,35.27434678283132,51.50653966478036
40,7,ode,focei,bobyqa,CLcrCL,covariate_beta,0.5,57,3.9577536400698943,5.733647917580022,12.47005652423423,18.430406251838825,30.64160912993415
40,7,ode,focei,bobyqa,VcBW,covariate_beta,1,47,7.99562401657945,8.747829741845878,16.463279081177042,25.921024678542643,34.719985659224875
40,7,ode,focei,bobyqa,TVCL,structural_intercept,0.6,98,-1.1127938307865886,-0.9510769237422518,4.542061468731761,6.366336499918143,10.295542073214696
40,7,ode,focei,bobyqa,TVVc,structural_intercept,20,98,1.1411943756667409,3.305793758919764,5.333611047598978,11.557183639542828,19.190361756303744
40,7,ode,focei,bobyqa,ResErr,structural_other,0.1,98,-1.5601327314092583,-1.8749440351405415,5.465057460071067,7.343141182749788,12.244739891141666
40,7,ode,focei,bobyqa,TVKA,structural_other,0.7,98,4.7580986769649564e-14,4.709546649648988e-14,4.7580986769649564e-14,4.733760416708855e-14,4.7580986769649564e-14
40,7,ode,focei,bobyqa,TVQ,structural_other,1.8,98,1.3365754650596948,1.5400470652256752,1.62709471569651,2.8486560104771,4.764622888618034
40,7,ode,focei,bobyqa,TVVp,structural_other,80,98,-0.17990106043114018,0.12845074734455542,1.2423129593767523,1.7596743470033784,2.8441824663582693
40,7,ode,focei,bobyqa,cov_VcCL,structural_other,0.02,98,-6.547711210648484,-1.4450970134710222,49.77952512423991,61.797650942864934,93.88612226846489
40,7,ode,focei,bobyqa,var_CL,structural_other,0.1,98,-10.203014239479966,-6.827757062198386,16.274801928863393,24.125326218960293,39.990708840820474
40,7,ode,focei,bobyqa,var_Vc,structural_other,0.1,98,-9.794374449641797,-7.113522394654738,21.841449784831575,34.692179704831574,50.971723925243786
40,8,linCmt,focei,bobyqa,CLcrCL,covariate_beta,0.5,57,5.93629793323911,8.564062669473591,15.212692728781096,25.677597130292405,32.88625332572519
40,8,linCmt,focei,bobyqa,VcBW,covariate_beta,1,63,16.438478050394668,31.301178447282535,19.0358140865425,68.82846943140456,103.72980278104336
40,8,linCmt,focei,bobyqa,VcSEX,covariate_beta,0.4054651081081644,80,16.186361389336007,20.58889940968981,20.260960342522853,37.27655764700205,65.23254270134333
40,8,linCmt,focei,bobyqa,TVCL,structural_intercept,0.6,100,-0.8268987885082976,-0.5508513996468358,3.984093673090124,6.243180653905892,10.35517666370356
40,8,linCmt,focei,bobyqa,TVVc,structural_intercept,20,100,1.2962406250161607,1.9409300120241206,6.382155209138548,11.365594403886877,19.340710152131912
40,8,linCmt,focei,bobyqa,ResErr,structural_other,0.1,100,-0.1767717286086934,-1.0947071695644208,4.5085889305148115,6.398589796469318,9.814847894266606
40,8,linCmt,focei,bobyqa,TVKA,structural_other,0.7,100,4.7580986769649564e-14,4.7580986769649564e-14,4.7580986769649564e-14,4.7580986769649564e-14,4.7580986769649564e-14
40,8,linCmt,focei,bobyqa,TVQ,structural_other,1.8,100,1.1129696111315288,1.3633978439794483,1.8986633804867943,3.1049333179339755,5.180114294232383
40,8,linCmt,focei,bobyqa,TVVp,structural_other,80,100,0.11540323628440596,0.18934772719653203,1.1356558750374113,1.5586569745828682,2.373492109600802
40,8,linCmt,focei,bobyqa,cov_VcCL,structural_other,0.02,100,-6.906386246433885,4.266120504669697,52.70811651954681,73.13756406601512,115.02226844957679
40,8,linCmt,focei,bobyqa,var_CL,structural_other,0.1,100,-3.769440998207349,-3.281557380087268,15.554859982413753,23.550406771303685,37.261010839639894
40,8,linCmt,focei,bobyqa,var_Vc,structural_other,0.1,100,-13.181274167751416,-10.661319275022779,20.914330702220443,30.34349300702862,50.41894761779348
40,8,ode,focei,bobyqa,CLcrCL,covariate_beta,0.5,55,6.148617922908062,9.701319014802742,14.565465129968192,25.45507421066792,33.20276275075362
40,8,ode,focei,bobyqa,VcBW,covariate_beta,1,65,15.190916040835646,31.725419025428174,19.17595779698812,68.06401573920643,106.3653544572149
40,8,ode,focei,bobyqa,VcSEX,covariate_beta,0.4054651081081644,79,16.448099009677875,20.20519390441384,20.175232497285972,36.432945184382895,62.190902330692325
40,8,ode,focei,bobyqa,TVCL,structural_intercept,0.6,100,-0.8618355059900422,-0.5362176618405023,3.920692015546318,6.162027951170098,10.23937109557394
40,8,ode,focei,bobyqa,TVVc,structural_intercept,20,100,1.1629551742022493,2.1827598169042286,6.417932385152687,11.479339193693125,19.53939291863739
40,8,ode,focei,bobyqa,ResErr,structural_other,0.1,100,-0.3691504262327075,-1.1626501149544994,4.576900125637162,6.40676148498113,9.757816336040518
40,8,ode,focei,bobyqa,TVKA,structural_other,0.7,100,4.7580986769649564e-14,4.7580986769649564e-14,4.7580986769649564e-14,4.7580986769649564e-14,4.7580986769649564e-14
40,8,ode,focei,bobyqa,TVQ,structural_other,1.8,100,1.110855325224992,1.3371540872366512,1.899583216356841,3.0942682123859426,5.145334524262428
40,8,ode,focei,bobyqa,TVVp,structural_other,80,100,0.11041472290505895,0.1786264872490001,1.1494720296480576,1.5553031708175018,2.382908639592806
40,8,ode,focei,bobyqa,cov_VcCL,structural_other,0.02,100,-10.856972737669526,2.893664314808558,47.255552281784944,71.73275505134438,112.69070217318907
40,8,ode,focei,bobyqa,var_CL,structural_other,0.1,100,-4.084219418883241,-2.9369525779104295,15.910275103340805,23.937178487805642,38.136083320025655
40,8,ode,focei,bobyqa,var_Vc,structural_other,0.1,100,-12.512595788385664,-10.235936732251988,20.95506591330372,29.532294700424583,49.59365285788516
40,9,linCmt,focei,bobyqa,CLBW,covariate_beta,0.75,44,13.87956670333001,17.800840089048588,15.828460875543726,28.792334778836427,50.10397020097119
40,9,linCmt,focei,bobyqa,TVCL,structural_intercept,0.6,100,1.9183042011358862,2.719368555042295,6.178119116809516,9.348701323936668,17.356178839002183
40,9,linCmt,focei,bobyqa,TVVc,structural_intercept,20,100,1.6558863317410564,1.4257581828435786,4.529416583994488,7.073587229720547,11.049471220283888
40,9,linCmt,focei,bobyqa,ResErr,structural_other,0.1,100,-0.2600056241185908,-0.5806533241807756,5.555295821975246,6.688644270546759,9.973726389366764
40,9,linCmt,focei,bobyqa,TVKA,structural_other,0.7,100,4.7580986769649564e-14,4.0919648621898625e-14,4.7580986769649564e-14,4.412479189409586e-14,4.7580986769649564e-14
40,9,linCmt,focei,bobyqa,TVQ,structural_other,1.8,100,1.8578600938842595,2.0882808666021777,2.055450451641578,3.055477543232292,4.8039775213195854
40,9,linCmt,focei,bobyqa,TVVp,structural_other,80,100,0.4332595648844783,0.4020241406741354,1.0444335096221735,1.5544640281454847,2.490889115321021
40,9,linCmt,focei,bobyqa,cov_VcCL,structural_other,0.02,100,-19.72329198448164,-20.831370487823904,41.86233671401369,65.92134310262635,114.85700143278856
40,9,linCmt,focei,bobyqa,var_CL,structural_other,0.1,100,-6.625801250936848,-5.8134280210643,17.71326999591781,25.71057682016423,42.94433768889853
40,9,linCmt,focei,bobyqa,var_Vc,structural_other,0.1,100,-7.036477081221931,-9.829423479773158,21.23146978481618,34.671290826417625,59.17294806870029
40,9,ode,focei,bobyqa,CLBW,covariate_beta,0.75,42,14.062175686905288,16.924512497709856,16.05652304996926,27.954484714933624,48.91529204074816
40,9,ode,focei,bobyqa,TVCL,structural_intercept,0.6,100,1.8939016185785715,2.8463298195348115,6.100811967242955,9.417621150393728,17.221545182552443
40,9,ode,focei,bobyqa,TVVc,structural_intercept,20,100,1.6273807621710823,1.4565379655091806,4.532068537961358,7.08223082755252,11.058270997620733
40,9,ode,focei,bobyqa,ResErr,structural_other,0.1,100,-0.21750277175957428,-0.6771158186392375,5.416907616843977,6.597326554513007,10.027728189772489
40,9,ode,focei,bobyqa,TVKA,structural_other,0.7,100,4.7580986769649564e-14,4.0919648621898625e-14,4.7580986769649564e-14,4.412479189409586e-14,4.7580986769649564e-14
40,9,ode,focei,bobyqa,TVQ,structural_other,1.8,100,1.838763399126432,2.0586650621451685,1.9985971096405406,3.0275804110952445,4.789204852180569
40,9,ode,focei,bobyqa,TVVp,structural_other,80,100,0.4076867327536249,0.3977816747164441,1.0500903353357671,1.5421606712055669,2.480370310010426
40,9,ode,focei,bobyqa,cov_VcCL,structural_other,0.02,100,-19.938705950823575,-23.677798180492626,40.280834284281255,64.96737163792928,106.71044182480655
40,9,ode,focei,bobyqa,var_CL,structural_other,0.1,100,-7.687377722265028,-5.846387826463402,17.48788132879509,25.711353716444773,42.9576798588226
40,9,ode,focei,bobyqa,var_Vc,structural_other,0.1,100,-7.341780556321023,-8.912681023249485,21.81600299294374,33.92230243158104,54.768776166408315
40,10,linCmt,focei,bobyqa,CLBW,covariate_beta,0.75,35,11.15594594385203,12.5587284876873,17.954150103547587,22.458448528602727,35.443548093545
40,10,linCmt,focei,bobyqa,VcSEX,covariate_beta,0.4054651081081644,70,4.5493408010264105,7.860870089015173,14.529629303064851,27.226564042336847,47.40519750983248
40,10,linCmt,focei,bobyqa,TVCL,structural_intercept,0.6,100,-1.0412015862194444,-0.11053237830674074,7.726129669079226,10.76976106840765,16.915807785103425
40,10,linCmt,focei,bobyqa,TVVc,structural_intercept,20,100,5.084272732210424,5.418842311104402,9.234456233919808,13.528686953950587,23.40737192736247
40,10,linCmt,focei,bobyqa,ResErr,structural_other,0.1,100,-2.1349697007858532,-2.1213081732799783,5.145511607233852,6.924909853741074,12.144596994571666
40,10,linCmt,focei,bobyqa,TVKA,structural_other,0.7,100,4.7580986769649564e-14,4.6153557166560074e-14,4.7580986769649564e-14,4.686183727634204e-14,4.7580986769649564e-14
40,10,linCmt,focei,bobyqa,TVQ,structural_other,1.8,100,1.2581704504484037,1.4497922406694155,2.017917709545045,2.8994363390676012,4.690060040179766
40,10,linCmt,focei,bobyqa,TVVp,structural_other,80,100,0.08942775048807583,0.08226742236959693,1.1840916889753128,1.468413262925949,2.353321666865073
40,10,linCmt,focei,bobyqa,cov_VcCL,structural_other,0.02,100,4.473269150530555,2.98793795183989,58.67436029074309,81.0835074271027,120.8389675204016
40,10,linCmt,focei,bobyqa,var_CL,structural_other,0.1,100,-6.7735648712640915,-5.090557314214875,14.110786075325358,19.50727479771234,30.90876421286046
40,10,linCmt,focei,bobyqa,var_Vc,structural_other,0.1,100,-7.503698149151298,-3.7877743652083207,22.26578662973261,32.888308123227375,53.90479959571112
40,10,ode,focei,bobyqa,CLBW,covariate_beta,0.75,34,12.82230594716772,11.773730478976466,16.657915500493115,21.325841786134706,31.020659880511097
40,10,ode,focei,bobyqa,VcSEX,covariate_beta,0.4054651081081644,69,4.458172549088822,8.459431456846767,14.743342328759262,27.307797092193564,45.39109135241032
40,10,ode,focei,bobyqa,TVCL,structural_intercept,0.6,100,-1.1364639258062137,0.19442168646320168,7.86537507841518,10.749875169085884,16.164954787376082
40,10,ode,focei,bobyqa,TVVc,structural_intercept,20,100,5.186689152277255,5.588627158048403,9.544512212060301,13.615140719089455,23.22669524869361
40,10,ode,focei,bobyqa,ResErr,structural_other,0.1,100,-2.1535191554975937,-2.1993650311491444,5.096563074161821,6.847078790682977,12.11061450479111
40,10,ode,focei,bobyqa,TVKA,structural_other,0.7,100,4.7580986769649564e-14,4.567774729886358e-14,4.7580986769649564e-14,4.6619655617503486e-14,4.7580986769649564e-14
40,10,ode,focei,bobyqa,TVQ,structural_other,1.8,100,1.2928541302425736,1.4281986357280174,1.999791371983195,2.88476420001518,4.653991878129452
40,10,ode,focei,bobyqa,TVVp,structural_other,80,100,0.06139587020043358,0.07357521112786394,1.1929605134799814,1.4673354640795566,2.353706657211332
40,10,ode,focei,bobyqa,cov_VcCL,structural_other,0.02,100,4.100562302136552,3.214809731405557,58.781810637444345,76.7085716540345,119.1406801047775
40,10,ode,focei,bobyqa,var_CL,structural_other,0.1,100,-5.933185855852306,-4.606924937992337,14.153272128794603,19.421000772830812,29.88895115190936
40,10,ode,focei,bobyqa,var_Vc,structural_other,0.1,100,-6.554469078534804,-3.1254833423647286,21.980838305002575,32.69620776904688,53.882101428631714
40,11,linCmt,focei,bobyqa,CLBW,covariate_beta,0.75,47,16.714032145981417,22.736778632372676,19.117688792762667,38.69955860108249,59.544741971444196
40,11,linCmt,focei,bobyqa,VcBW,covariate_beta,1,50,0.6426894533125616,8.019837614329855,13.779618690205487,31.842971588808673,34.03107491318358
40,11,linCmt,focei,bobyqa,TVCL,structural_intercept,0.6,99,-2.843585594568358,-3.5253397873549566,8.13711030445454,11.55297377527509,19.66409959660485
40,11,linCmt,focei,bobyqa,TVVc,structural_intercept,20,99,-3.7796783087905794,-1.8894551376556177,8.978220977369293,12.824798614577432,20.071246407210293
40,11,linCmt,focei,bobyqa,ResErr,structural_other,0.1,99,-1.0482957904854318,-0.5292766378824538,4.467480101436813,6.502091463825402,11.083670890844957
40,11,linCmt,focei,bobyqa,TVKA,structural_other,0.7,99,4.7580986769649564e-14,4.6139138685720785e-14,4.7580986769649564e-14,4.685451682995256e-14,4.7580986769649564e-14
40,11,linCmt,focei,bobyqa,TVQ,structural_other,1.8,99,1.3649245675731507,1.8907425574010293,1.6988913743668757,3.006276616956791,5.188701857088149
40,11,linCmt,focei,bobyqa,TVVp,structural_other,80,99,0.6970744549955654,0.7549086663293884,1.153080836090794,1.750440982702676,2.822934153160439
40,11,linCmt,focei,bobyqa,cov_VcCL,structural_other,0.02,99,-10.493288528584474,-13.26265553487301,49.00698530466547,69.72962322662892,107.09092942630659
40,11,linCmt,focei,bobyqa,var_CL,structural_other,0.1,99,-10.679921446843696,-9.11768181332496,17.20453413855981,24.86009096882877,40.66641163197218
40,11,linCmt,focei,bobyqa,var_Vc,structural_other,0.1,99,-19.85512866675715,-15.986271228960753,25.589705715310163,37.0182272933865,61.828270381958895
40,11,ode,focei,bobyqa,CLBW,covariate_beta,0.75,45,17.223834846677303,20.533536335804918,17.802189182875136,36.717775284184185,55.25129653273577
40,11,ode,focei,bobyqa,VcBW,covariate_beta,1,55,2.423104995101255,0.6365788546351687,16.77218991105489,49.249324104190364,36.525488898977514
40,11,ode,focei,bobyqa,TVCL,structural_intercept,0.6,100,-2.6504052727095813,-3.385363053950784,7.2094232258599815,11.168514969852405,19.204058965724773
40,11,ode,focei,bobyqa,TVVc,structural_intercept,20,100,-4.585049509704646,-1.6841276975918262,9.769954020057838,14.160575215935618,19.906958200719114
40,11,ode,focei,bobyqa,ResErr,structural_other,0.1,100,-0.9717803470285848,-0.42511180939561216,4.543201790593359,6.489142661237928,11.159865654435237
40,11,ode,focei,bobyqa,TVKA,structural_other,0.7,100,4.7580986769649564e-14,4.6153557166560074e-14,4.7580986769649564e-14,4.686183727634204e-14,4.7580986769649564e-14
40,11,ode,focei,bobyqa,TVQ,structural_other,1.8,100,1.4917114374856468,1.9265693032275482,1.7740178175555275,3.016000814663718,5.199280876265423
40,11,ode,focei,bobyqa,TVVp,structural_other,80,100,0.6643339048579655,0.7480096551300628,1.1454703486230586,1.7444302917305847,2.6752889280796373
40,11,ode,focei,bobyqa,cov_VcCL,structural_other,0.02,100,-1.410185543058726,-0.3637467955231244,48.50098566315374,68.28416052315583,109.12108160763354
40,11,ode,focei,bobyqa,var_CL,structural_other,0.1,100,-10.979065784047574,-8.519455275509106,17.900627271998875,24.513623763728294,40.1951106835301
40,11,ode,focei,bobyqa,var_Vc,structural_other,0.1,100,-19.88468179515661,-16.152696788703626,26.62738494339666,37.53346950214267,63.32974572482337
40,12,linCmt,focei,bobyqa,CLBW,covariate_beta,0.75,41,8.346296207533015,9.295995943712585,17.191867891146938,23.920502651521858,37.263816675069265
40,12,linCmt,focei,bobyqa,VcBW,covariate_beta,1,40,26.966530660821377,37.61099858941157,28.574649153342303,67.28267894426122,138.04748555859854
40,12,linCmt,focei,bobyqa,VcSEX,covariate_beta,0.4054651081081644,74,20.62568562400727,21.85254815730275,27.27826017282915,38.446369541175606,65.77681335214994
40,12,linCmt,focei,bobyqa,TVCL,structural_intercept,0.6,100,-1.9705082515337111,-1.8652934953655858,8.380156168190194,9.780117755131524,14.445390754113788
40,12,linCmt,focei,bobyqa,TVVc,structural_intercept,20,100,-1.3472889548345268,-1.3139331000439227,9.184360578266695,14.430215938179828,24.75773772175181
40,12,linCmt,focei,bobyqa,ResErr,structural_other,0.1,100,0.6822993845824743,0.08623633660032673,4.74869499674057,7.310297669850324,10.826662656663032
40,12,linCmt,focei,bobyqa,TVKA,structural_other,0.7,100,4.7580986769649564e-14,4.7580986769649564e-14,4.7580986769649564e-14,4.7580986769649564e-14,4.7580986769649564e-14
40,12,linCmt,focei,bobyqa,TVQ,structural_other,1.8,100,1.9059586217724154,1.6497081827236721,2.0848525026833222,2.7062651170393464,4.1390078317421
40,12,linCmt,focei,bobyqa,TVVp,structural_other,80,100,0.20904239267946603,0.06921264078623039,1.1455330276224185,1.683473865907693,2.478330792459517
40,12,linCmt,focei,bobyqa,cov_VcCL,structural_other,0.02,100,11.310863804844946,7.580649884874631,55.839532759346234,80.01034675180307,143.66772430042053
40,12,linCmt,focei,bobyqa,var_CL,structural_other,0.1,100,-8.545863907407144,-6.0363534352945205,20.248646174617843,25.644378533225847,41.642231859408106
40,12,linCmt,focei,bobyqa,var_Vc,structural_other,0.1,100,-9.91671498624054,-3.8853386188345933,22.721915064065858,35.59117707148707,54.48095337730612
40,12,ode,focei,bobyqa,CLBW,covariate_beta,0.75,33,11.269005236018865,11.237112640254644,19.69313080202206,25.110526450120712,38.30862417164329
40,12,ode,focei,bobyqa,VcBW,covariate_beta,1,44,21.737022652382286,32.99033565028872,24.07874193023998,63.34453085347954,117.25141874491231
40,12,ode,focei,bobyqa,VcSEX,covariate_beta,0.4054651081081644,73,19.301424602173274,20.969461639702335,23.662806668504725,38.0610160618377,63.71606147468813
40,12,ode,focei,bobyqa,TVCL,structural_intercept,0.6,99,-1.2631390975555805,-1.1129662646860503,8.038596217698776,9.240247223600463,13.902934822003985
40,12,ode,focei,bobyqa,TVVc,structural_intercept,20,99,-1.20798535252149,-1.703301134463553,9.268294526560474,14.294483397420391,23.251751329239035
40,12,ode,focei,bobyqa,ResErr,structural_other,0.1,99,0.7382163250284485,0.10523280806088574,4.976934329464972,7.335260803231075,10.68405788372072
40,12,ode,focei,bobyqa,TVKA,structural_other,0.7,99,4.7580986769649564e-14,4.7580986769649564e-14,4.7580986769649564e-14,4.7580986769649564e-14,4.7580986769649564e-14
40,12,ode,focei,bobyqa,TVQ,structural_other,1.8,99,1.9326723086338833,1.6483646638288205,2.11029922481196,2.7120801219823534,4.2433861360597165
40,12,ode,focei,bobyqa,TVVp,structural_other,80,99,0.1755848127362114,0.019029053013636936,1.1305617449602323,1.6310345379064943,2.431658823244686
40,12,ode,focei,bobyqa,cov_VcCL,structural_other,0.02,99,9.24924819352288,10.988842182004285,57.46826182716295,81.37332592604494,138.76204189990344
40,12,ode,focei,bobyqa,var_CL,structural_other,0.1,99,-7.812373905285747,-5.614914636921542,19.48148848622108,25.67370777696808,41.51206807393379
40,12,ode,focei,bobyqa,var_Vc,structural_other,0.1,99,-8.765606754641498,-3.3143329582491172,23.29027318441945,35.804195322331864,60.10806731643573
40,13,linCmt,focei,bobyqa,CLBW,covariate_beta,0.75,34,40.41458533974879,39.373880156648,40.41458533974879,53.585664783214845,82.34360846029296
40,13,linCmt,focei,bobyqa,CLcrCL,covariate_beta,0.5,51,19.470951255182033,28.450714439269053,24.624194683750456,45.304947559647324,79.22023719311879
40,13,linCmt,focei,bobyqa,TVCL,structural_intercept,0.6,100,-1.4806992809212514,-2.4777030886239766,9.57050198543813,13.025822633240086,19.516472076623653
40,13,linCmt,focei,bobyqa,TVVc,structural_intercept,20,100,1.7717227979300267,1.458110224578033,4.390727897059091,6.536393870145534,10.846348893986672
40,13,linCmt,focei,bobyqa,ResErr,structural_other,0.1,100,-0.21678852604391924,0.20177720775055877,5.364883542595754,7.481388217362111,12.138560184080971
40,13,linCmt,focei,bobyqa,TVKA,structural_other,0.7,100,4.7580986769649564e-14,4.7580986769649564e-14,4.7580986769649564e-14,4.7580986769649564e-14,4.7580986769649564e-14
40,13,linCmt,focei,bobyqa,TVQ,structural_other,1.8,100,1.7565680804816353,1.8300837553995961,1.9165759558884679,2.813621589757983,4.662304507980167
40,13,linCmt,focei,bobyqa,TVVp,structural_other,80,100,0.460509709420771,0.4678752256700538,1.0271205206174638,1.6166090307500733,2.6675913574713883
40,13,linCmt,focei,bobyqa,cov_VcCL,structural_other,0.02,100,-14.040792477230085,-8.916414312446243,49.994102238978236,80.58228480448585,132.1222142870929
40,13,linCmt,focei,bobyqa,var_CL,structural_other,0.1,100,-7.062747479355008,-3.3880598632014216,19.063015570181747,26.099849364998455,41.245055325358685
40,13,linCmt,focei,bobyqa,var_Vc,structural_other,0.1,100,-2.3510434378261893,-3.0180647306039954,23.29463163579423,39.05387733881979,63.754950317391746
40,13,ode,focei,bobyqa,CLBW,covariate_beta,0.75,34,34.86674608487258,39.09268946080162,34.86674608487258,54.60474508810571,91.35876607819601
40,13,ode,focei,bobyqa,CLcrCL,covariate_beta,0.5,49,19.580204929836587,29.445990387311216,22.877563458087703,45.77495140890434,79.92060988157891
40,13,ode,focei,bobyqa,TVCL,structural_intercept,0.6,99,-1.6096511266909994,-2.068796188906698,10.038203240731551,13.960252163372013,21.380864727037544
40,13,ode,focei,bobyqa,TVVc,structural_intercept,20,99,1.4819913855007094,1.2190779983780886,4.250144636925004,6.5342302207002145,10.674610851279223
40,13,ode,focei,bobyqa,ResErr,structural_other,0.1,99,-0.44464047871273227,0.09240465089333634,5.224547339728436,7.49759087794466,12.340510758970478
40,13,ode,focei,bobyqa,TVKA,structural_other,0.7,99,4.7580986769649564e-14,4.7580986769649564e-14,4.7580986769649564e-14,4.7580986769649564e-14,4.7580986769649564e-14
40,13,ode,focei,bobyqa,TVQ,structural_other,1.8,99,1.683145417630384,1.7614238039545074,1.814721114528196,2.7932862879097318,4.599009010135837
40,13,ode,focei,bobyqa,TVVp,structural_other,80,99,0.3511890776422,0.3593142089529502,0.9805053468841507,1.570597562084629,2.55636041387583
40,13,ode,focei,bobyqa,cov_VcCL,structural_other,0.02,99,-12.57817104727856,-124.57519262117376,48.00112199622463,1132.104592538766,143.63472107469443
40,13,ode,focei,bobyqa,var_CL,structural_other,0.1,99,-5.066505118222972,543.0050406422646,18.49705324973504,5426.664613225566,42.484466747228375
40,13,ode,focei,bobyqa,var_Vc,structural_other,0.1,99,-0.8640302951673645,-1.296405977701132,24.57542104916349,39.48326309571555,64.44380062037244
40,14,linCmt,focei,bobyqa,CLBW,covariate_beta,0.75,44,10.505603510864663,27.426522329441617,16.224612777373064,52.64478737434396,83.17352896105753
40,14,linCmt,focei,bobyqa,CLcrCL,covariate_beta,0.5,42,20.793406308737172,19.709223303250802,27.53432167932688,39.272965201856515,55.86843770422095
40,14,linCmt,focei,bobyqa,VcSEX,covariate_beta,0.4054651081081644,79,9.41184244488729,11.725606325309347,13.36563720600493,25.026309744104047,44.25710495229209
40,14,linCmt,focei,bobyqa,TVCL,structural_intercept,0.6,100,-4.2986028819780495,-4.084896978796868,9.609818592875316,14.021401740655334,22.167401464328584
40,14,linCmt,focei,bobyqa,TVVc,structural_intercept,20,100,1.9176139846313678,4.377167368249968,6.338777349937992,12.259834379992821,22.852284637039343
40,14,linCmt,focei,bobyqa,ResErr,structural_other,0.1,100,0.070199011084425,-0.3926098865457206,4.637574456763834,7.197358079341599,12.195916797061782
40,14,linCmt,focei,bobyqa,TVKA,structural_other,0.7,100,4.7580986769649564e-14,4.7580986769649564e-14,4.7580986769649564e-14,4.7580986769649564e-14,4.7580986769649564e-14
40,14,linCmt,focei,bobyqa,TVQ,structural_other,1.8,100,1.6149647825306725,1.858673939835515,2.211736267355719,3.198641209419454,4.839649732420669
40,14,linCmt,focei,bobyqa,TVVp,structural_other,80,100,0.31396744976507124,0.5184952322192865,1.142709484390032,1.7677559850115865,3.0007645956260274
40,14,linCmt,focei,bobyqa,cov_VcCL,structural_other,0.02,100,-8.021933207053907,-10.460761369990793,48.73199398153433,78.97556044528716,129.65791942531308
40,14,linCmt,focei,bobyqa,var_CL,structural_other,0.1,100,-9.413988809132725,-4.64094138755876,18.58737792594661,50.25305753103726,46.33547469058669
40,14,linCmt,focei,bobyqa,var_Vc,structural_other,0.1,100,-12.166360133468585,0.8872287098006029,26.5373972623822,78.12402620029427,63.48620228727806
40,14,ode,focei,bobyqa,CLBW,covariate_beta,0.75,46,9.441648482862302,25.869506626085183,15.68206584462172,50.97132725254711,78.09752517738072
40,14,ode,focei,bobyqa,CLcrCL,covariate_beta,0.5,47,16.192291049345453,22.757228484029426,26.64534891460555,42.65533873768533,68.7126376713315
40,14,ode,focei,bobyqa,VcSEX,covariate_beta,0.4054651081081644,80,8.487534534602592,7.488911388568513,13.659270025047338,39.658601728564676,41.23401526652423
40,14,ode,focei,bobyqa,TVCL,structural_intercept,0.6,100,-3.5055482632260127,5.482696644394775,9.806876931794605,97.8856628608295,22.946162184616547
40,14,ode,focei,bobyqa,TVVc,structural_intercept,20,100,2.5032243305390627,5.461065819210643,6.159671970324894,15.417798900894317,23.507639037490396
40,14,ode,focei,bobyqa,ResErr,structural_other,0.1,100,-0.02476972231207908,-0.4851224965810237,3.773100920567374,7.230320921024201,12.09741611240398
40,14,ode,focei,bobyqa,TVKA,structural_other,0.7,100,4.7580986769649564e-14,4.7580986769649564e-14,4.7580986769649564e-14,4.7580986769649564e-14,4.7580986769649564e-14
40,14,ode,focei,bobyqa,TVQ,structural_other,1.8,100,1.7443634208426095,1.7654398613889295,2.2411124040219965,3.2572546261428332,5.1307436610599755
40,14,ode,focei,bobyqa,TVVp,structural_other,80,100,0.26134772037899273,0.4138785123344247,1.1145196155048698,1.9125427960726633,3.0222899486924732
40,14,ode,focei,bobyqa,cov_VcCL,structural_other,0.02,100,-14.093612330585417,109.95425195892396,47.55162822313588,1123.2535490091077,112.67449461851604
40,14,ode,focei,bobyqa,var_CL,structural_other,0.1,100,-10.363815901844209,71.91412385595487,20.29974463277611,698.8722993735244,46.45081800856556
40,14,ode,focei,bobyqa,var_Vc,structural_other,0.1,100,-11.811580008683785,3.974375433253871,25.90126937225927,92.56376951240203,64.75724491162752
40,15,linCmt,focei,bobyqa,CLBW,covariate_beta,0.75,36,16.9359356282959,26.1771995226187,23.476816215085876,44.434989654975396,81.77105063177666
40,15,linCmt,focei,bobyqa,CLcrCL,covariate_beta,0.5,50,15.582590380583571,22.81421411417897,21.485635464467123,40.385765478878405,69.68353018626378
40,15,linCmt,focei,bobyqa,VcBW,covariate_beta,1,45,3.8237255847999085,6.788196280901494,16.66970956955851,25.355338579568098,37.80630050364788
40,15,linCmt,focei,bobyqa,TVCL,structural_intercept,0.6,99,-4.037270040152419,-4.0093828985153275,9.872458530593098,12.760573856254645,18.853170175459685
40,15,linCmt,focei,bobyqa,TVVc,structural_intercept,20,99,-1.5195573897791093,-1.840547299999752,8.321639148629423,13.776025381682963,23.237567087160393
40,15,linCmt,focei,bobyqa,ResErr,structural_other,0.1,99,-0.3300201094830896,-0.5330180268786974,4.204284085831081,6.8866119303179305,11.597387809909982
40,15,linCmt,focei,bobyqa,TVKA,structural_other,0.7,99,4.7580986769649564e-14,4.7580986769649564e-14,4.7580986769649564e-14,4.7580986769649564e-14,4.7580986769649564e-14
40,15,linCmt,focei,bobyqa,TVQ,structural_other,1.8,99,1.5870323939630726,1.8152815135377094,1.9719849361275033,2.951042355370068,4.80242748387143
40,15,linCmt,focei,bobyqa,TVVp,structural_other,80,99,0.29274795443669177,0.30317519484213495,1.2028552177138785,1.5823484448547933,2.3728566165751666
40,15,linCmt,focei,bobyqa,cov_VcCL,structural_other,0.02,99,2.226675897656523,10.585239593508627,44.88827011695837,75.20289399434988,130.03294547445782
40,15,linCmt,focei,bobyqa,var_CL,structural_other,0.1,99,-9.27437122398217,-7.284539279102405,16.314085740318617,24.24967492391334,38.865064094984945
40,15,linCmt,focei,bobyqa,var_Vc,structural_other,0.1,99,-13.960473438341864,-10.165398300836385,23.82059641497164,34.29550285679933,53.76294642901966
40,15,ode,focei,bobyqa,CLBW,covariate_beta,0.75,24,15.854307489370806,23.571243974571154,15.854307489370806,37.99185379591955,61.69691896079461
40,15,ode,focei,bobyqa,CLcrCL,covariate_beta,0.5,47,19.465525806186367,24.20813191375793,22.251927732681263,41.59280412979049,67.52364195994124
40,15,ode,focei,bobyqa,VcBW,covariate_beta,1,47,5.16612007856907,6.986785712671217,15.220163476326798,28.540189206431233,38.464205036574064
40,15,ode,focei,bobyqa,TVCL,structural_intercept,0.6,99,-3.0813429883626564,-2.9064766243527638,8.93575965876725,11.58978595949942,17.605251427218878
40,15,ode,focei,bobyqa,TVVc,structural_intercept,20,99,-1.7620349624552036,-1.9376453156223192,8.862384791504727,13.792357186607331,21.240512653484423
40,15,ode,focei,bobyqa,ResErr,structural_other,0.1,99,-0.4718556685349984,-0.37772076940263266,4.281704885547979,6.958486184064487,11.828308047727669
40,15,ode,focei,bobyqa,TVKA,structural_other,0.7,99,4.7580986769649564e-14,4.7580986769649564e-14,4.7580986769649564e-14,4.7580986769649564e-14,4.7580986769649564e-14
40,15,ode,focei,bobyqa,TVQ,structural_other,1.8,99,1.7142624635641965,1.893264473888849,1.9696734530034732,2.9907852830705726,4.761179278379173
40,15,ode,focei,bobyqa,TVVp,structural_other,80,99,0.32309240089482216,0.3224560131271472,1.1759046871473977,1.5904564911342838,2.3388980727071953
40,15,ode,focei,bobyqa,cov_VcCL,structural_other,0.02,99,25.76674199217886,30.61371002972778,50.84983607476232,83.94841286690334,136.12234840463017
40,15,ode,focei,bobyqa,var_CL,structural_other,0.1,99,-7.330144750395659,-5.633705201375057,14.4811798452186,24.075784058097653,38.04177151225909
40,15,ode,focei,bobyqa,var_Vc,structural_other,0.1,99,-14.57011269123172,-10.859722899658003,24.535056524086954,36.483466892731904,57.51134818864857
40,16,linCmt,focei,bobyqa,CLBW,covariate_beta,0.75,41,18.565079277882322,32.94202852716451,18.565079277882322,53.166657081032874,83.4269313613596
40,16,linCmt,focei,bobyqa,CLcrCL,covariate_beta,0.5,46,15.039439530219889,21.53697835867908,18.45704648078954,37.323408189326194,56.66942891457938
40,16,linCmt,focei,bobyqa,VcBW,covariate_beta,1,55,10.586408351319744,30.444395316827986,16.812043094720654,68.45304240540653,126.5373316481566
40,16,linCmt,focei,bobyqa,VcSEX,covariate_beta,0.4054651081081644,72,19.70307544862793,22.52255235930238,22.170841066705172,36.79323161137999,64.13317695723583
40,16,linCmt,focei,bobyqa,TVCL,structural_intercept,0.6,99,-4.733048283628804,-4.269617472082446,8.137058928329722,12.134756709453672,21.457260949334405
40,16,linCmt,focei,bobyqa,TVVc,structural_intercept,20,99,-3.880779535644727,-4.120852694570979,10.92317532559516,15.615589554729098,23.849716452861752
40,16,linCmt,focei,bobyqa,ResErr,structural_other,0.1,99,-1.4716800907929595,-1.690754789023834,5.110258662573738,6.488014511475873,10.593905205438015
40,16,linCmt,focei,bobyqa,TVKA,structural_other,0.7,99,4.7580986769649564e-14,4.7580986769649564e-14,4.7580986769649564e-14,4.7580986769649564e-14,4.7580986769649564e-14
40,16,linCmt,focei,bobyqa,TVQ,structural_other,1.8,99,1.6722091881416057,1.6039863877385798,1.9841195149240296,2.9577250316048302,4.9348748299609015
40,16,linCmt,focei,bobyqa,TVVp,structural_other,80,99,0.32423447742859324,0.4026086308160378,1.1982796659919615,1.8412714637617178,2.9972609895675792
40,16,linCmt,focei,bobyqa,cov_VcCL,structural_other,0.02,99,-4.349941233310807,-4.132813222299712,43.45849883081018,80.5208888741006,139.4658749375506
40,16,linCmt,focei,bobyqa,var_CL,structural_other,0.1,99,-6.397732675793244,-7.1795806254108046,15.073956071683742,23.793073394113254,41.30792003181367
40,16,linCmt,focei,bobyqa,var_Vc,structural_other,0.1,99,-7.602931315363285,-6.124252217895128,24.501358224700468,35.51884702060584,54.18703208677671
40,16,ode,focei,bobyqa,CLBW,covariate_beta,0.75,37,21.29510793825936,38.18629015629552,21.29510793825936,58.45522648320337,94.8508988464301
40,16,ode,focei,bobyqa,CLcrCL,covariate_beta,0.5,44,16.403614500460595,23.426193560180515,18.595228132512254,37.718325795086955,56.37684609958896
40,16,ode,focei,bobyqa,VcBW,covariate_beta,1,56,9.573961622734506,28.438362444750904,16.144371620551556,66.03554707550468,122.59394094933754
40,16,ode,focei,bobyqa,VcSEX,covariate_beta,0.4054651081081644,71,19.001507200859162,21.487590609224732,21.69831801450827,36.40367812041783,64.04203712494314
40,16,ode,focei,bobyqa,TVCL,structural_intercept,0.6,99,-4.536416084462147,-4.086856284191048,8.750509464385233,12.113776624764986,20.45487129971796
40,16,ode,focei,bobyqa,TVVc,structural_intercept,20,99,-3.655328004649831,-3.640260514249057,11.087043756574744,15.67128986354183,23.895937434860507
40,16,ode,focei,bobyqa,ResErr,structural_other,0.1,99,-1.4666266616079338,-1.648764332224479,5.011691753463373,6.442002156345353,10.552971641582003
40,16,ode,focei,bobyqa,TVKA,structural_other,0.7,99,4.7580986769649564e-14,4.7580986769649564e-14,4.7580986769649564e-14,4.7580986769649564e-14,4.7580986769649564e-14
40,16,ode,focei,bobyqa,TVQ,structural_other,1.8,99,1.7164604661969636,1.6685169573354228,2.1023944992413344,3.0106944589233215,5.056705454991733
40,16,ode,focei,bobyqa,TVVp,structural_other,80,99,0.3522209957979605,0.44804495160241165,1.3107811831839378,1.8964168477203713,3.042014472204006
40,16,ode,focei,bobyqa,cov_VcCL,structural_other,0.02,99,2.1404311973253347,2.267874085746737,40.80122117128087,81.48443146867804,144.15451327218994
40,16,ode,focei,bobyqa,var_CL,structural_other,0.1,99,-6.201396475612214,-6.183792920605879,15.273893975315394,23.891495368479106,41.06572133407559
40,16,ode,focei,bobyqa,var_Vc,structural_other,0.1,99,-7.19614256394456,-6.5017986040804345,26.008270129807176,35.86319690349693,56.17340031065822
80,1,linCmt,focei,bobyqa,TVCL,structural_intercept,0.6,100,-0.28890181016920835,0.4690629258213495,2.781822883241451,3.8199037509102656,6.2569161029129
80,1,linCmt,focei,bobyqa,TVVc,structural_intercept,20,100,2.765058204780688,2.541185547508905,4.452096621846921,6.014577418557632,8.874863065037053
80,1,linCmt,focei,bobyqa,ResErr,structural_other,0.1,100,1.3808217972960044,1.3172616073861525,3.1262921152018994,4.316126962463654,6.535872397648376
80,1,linCmt,focei,bobyqa,TVKA,structural_other,0.7,100,0,4.758098676964956e-15,0,1.5046429151043004e-14,4.758098676965362e-15
80,1,linCmt,focei,bobyqa,TVQ,structural_other,1.8,100,1.9829031069140814,2.2114691412535645,2.010155283019362,2.659874252375537,4.268268954670537
80,1,linCmt,focei,bobyqa,TVVp,structural_other,80,100,0.5597893808103827,0.4954075344604448,0.8788994986544553,1.2270252619953295,1.9146001641497299
80,1,linCmt,focei,bobyqa,cov_VcCL,structural_other,0.02,100,-4.121564730674302,-3.4166077389722966,32.56241242419061,46.70630625224837,77.81177674710501
80,1,linCmt,focei,bobyqa,var_CL,structural_other,0.1,100,-1.5543368168148275,-1.4432560160733423,10.86228597988334,15.038029852766776,24.63783092612104
80,1,linCmt,focei,bobyqa,var_Vc,structural_other,0.1,100,-7.566198055297319,-8.255299681750104,19.103021097941397,26.736184696727687,43.59502165406771
80,1,ode,focei,bobyqa,TVCL,structural_intercept,0.6,100,-0.339288082056873,0.44438500403948517,2.743095231664161,3.794035040492723,6.269599951126392
80,1,ode,focei,bobyqa,TVVc,structural_intercept,20,100,2.6019213284304494,2.4747836404733925,4.429061470206994,5.978516957249037,8.601831081546077
80,1,ode,focei,bobyqa,ResErr,structural_other,0.1,100,1.2292139023306752,1.1892261637597632,3.0653021794855158,4.280253053117187,6.496741226640629
80,1,ode,focei,bobyqa,TVKA,structural_other,0.7,100,0,4.758098676964956e-15,0,1.5046429151043004e-14,4.758098676965362e-15
80,1,ode,focei,bobyqa,TVQ,structural_other,1.8,100,1.9520877245338377,2.175971088421653,1.9904909762581782,2.6307909942477146,4.226307686805137
80,1,ode,focei,bobyqa,TVVp,structural_other,80,100,0.5449053253335912,0.48303718838103454,0.8620449543074926,1.222490831440297,1.918280146940507
80,1,ode,focei,bobyqa,cov_VcCL,structural_other,0.02,100,-6.201082499543458,-3.632522930414386,29.317581686671524,46.39092326069417,78.03650262225408
80,1,ode,focei,bobyqa,var_CL,structural_other,0.1,100,-1.4665294929890118,-1.431607176927458,10.704288500833846,15.013233747049204,24.773921819652553
80,1,ode,focei,bobyqa,var_Vc,structural_other,0.1,100,-7.1507224369256255,-7.262864465560805,18.46999158234265,26.79032387418679,43.59978617905463
80,2,linCmt,focei,bobyqa,VcSEX,covariate_beta,0.4054651081081644,97,-2.1291502797210438,0.11169180341439931,12.453327518116142,19.91896550835385,31.420973500410277
80,2,linCmt,focei,bobyqa,TVCL,structural_intercept,0.6,100,0.8664336870450966,1.206016020954455,2.593008120045731,3.9522317485501217,7.104483744833068
80,2,linCmt,focei,bobyqa,TVVc,structural_intercept,20,100,1.6164561383601852,2.461837929682565,4.561309225585646,7.754935851624054,11.55214781827081
80,2,linCmt,focei,bobyqa,ResErr,structural_other,0.1,100,-1.4255064625444749,-1.04647164914684,3.457360209646036,4.910139751547829,8.049587202824267
80,2,linCmt,focei,bobyqa,TVKA,structural_other,0.7,100,4.7580986769649564e-14,4.6153557166560074e-14,4.7580986769649564e-14,4.686183727634204e-14,4.7580986769649564e-14
80,2,linCmt,focei,bobyqa,TVQ,structural_other,1.8,100,1.6335530357717287,1.6267802358946284,1.7424548879383506,2.342964756220727,3.933203694086132
80,2,linCmt,focei,bobyqa,TVVp,structural_other,80,100,0.28077600910781264,0.3166477115504252,0.8847355714701077,1.1865595029095852,1.8513895831207687
80,2,linCmt,focei,bobyqa,cov_VcCL,structural_other,0.02,100,-2.9270294562454193,-3.40601007209074,27.566630607384525,39.5557522872175,59.66599576701933
80,2,linCmt,focei,bobyqa,var_CL,structural_other,0.1,100,-4.118407469342424,-1.3148065807993345,12.367051349142052,16.31249509716165,24.585130473849826
80,2,linCmt,focei,bobyqa,var_Vc,structural_other,0.1,100,-3.4613372511881346,-2.087333497672715,18.274093653745325,24.957417353986166,40.07117998954909
80,2,ode,focei,bobyqa,VcSEX,covariate_beta,0.4054651081081644,97,-1.5334403710447926,0.2650977368466105,12.224564925782394,19.909684943425503,31.64802889510018
80,2,ode,focei,bobyqa,TVCL,structural_intercept,0.6,100,0.8576981864908961,1.169336958063616,2.6319013794793107,3.948697137071618,7.042393656616221
80,2,ode,focei,bobyqa,TVVc,structural_intercept,20,100,1.5891801037872533,2.3638527071973225,4.538313306374322,7.658330159946446,11.537025510278538
80,2,ode,focei,bobyqa,ResErr,structural_other,0.1,100,-1.476911675639979,-1.1220809579357056,3.4093174716183436,4.918155915529486,7.881580097747738
80,2,ode,focei,bobyqa,TVKA,structural_other,0.7,100,4.7580986769649564e-14,4.6153557166560074e-14,4.7580986769649564e-14,4.686183727634204e-14,4.7580986769649564e-14
80,2,ode,focei,bobyqa,TVQ,structural_other,1.8,100,1.566554401863386,1.6035484613233546,1.7508569828908533,2.328478781279546,3.9351869807760496
80,2,ode,focei,bobyqa,TVVp,structural_other,80,100,0.2796586825960201,0.3114021365831233,0.8688411561988473,1.186577054896094,1.853981006503727
80,2,ode,focei,bobyqa,cov_VcCL,structural_other,0.02,100,-5.169171347699855,-4.475938363919793,29.39810650248724,40.011855026036365,61.65150556431023
80,2,ode,focei,bobyqa,var_CL,structural_other,0.1,100,-4.383718778290288,-1.3685174835593041,12.283231223290288,16.327775638131346,24.371720239200812
80,2,ode,focei,bobyqa,var_Vc,structural_other,0.1,100,-3.83719105159748,-1.5177067391480639,17.489711417738626,24.994138695587363,39.01645324674522
80,3,linCmt,focei,bobyqa,VcBW,covariate_beta,1,71,7.1816523109480945,6.4949749759204645,15.526566776780603,20.196512115036107,32.655876566463384
80,3,linCmt,focei,bobyqa,TVCL,structural_intercept,0.6,100,0.9437813888777125,0.8494666725801953,2.6986674152119363,3.9965074959148863,6.289415618862888
80,3,linCmt,focei,bobyqa,TVVc,structural_intercept,20,100,-0.3420050908349381,0.563092104205031,3.153208422507223,6.279813121092831,9.552512552307379
80,3,linCmt,focei,bobyqa,ResErr,structural_other,0.1,100,0.4184138783910815,0.46992728285250307,2.973604894453315,4.845730912894489,7.963704473161233
80,3,linCmt,focei,bobyqa,TVKA,structural_other,0.7,100,4.7580986769649564e-14,4.7580986769649564e-14,4.7580986769649564e-14,4.7580986769649564e-14,4.7580986769649564e-14
80,3,linCmt,focei,bobyqa,TVQ,structural_other,1.8,100,1.9694330108709788,1.9369590983770941,1.993167956039691,2.5040906346272322,3.931571656613759
80,3,linCmt,focei,bobyqa,TVVp,structural_other,80,100,0.7214447238082311,0.6361137429269483,0.9872643390525493,1.447686803674304,2.328378925318383
80,3,linCmt,focei,bobyqa,cov_VcCL,structural_other,0.02,100,-3.9269858428204842,-2.3611080290030584,28.686741184993647,46.072047275903756,84.36849231818834
80,3,linCmt,focei,bobyqa,var_CL,structural_other,0.1,100,-4.622970450404031,-1.4870508221507743,13.25021572512377,16.68766280176411,24.849094269021535
80,3,linCmt,focei,bobyqa,var_Vc,structural_other,0.1,100,-14.028252014204643,-11.447101085277268,20.66061625362626,26.22423582837275,40.71049384617625
80,3,ode,focei,bobyqa,VcBW,covariate_beta,1,71,7.051343604118454,6.312719764583212,15.296507202078002,19.96838878637765,32.823402843631875
80,3,ode,focei,bobyqa,TVCL,structural_intercept,0.6,100,0.8977815170839825,0.8961848378150821,2.793084523206128,3.9474795348719796,6.309581575078678
80,3,ode,focei,bobyqa,TVVc,structural_intercept,20,100,-0.35151909771125034,0.5885500721379838,3.179167910037073,6.314645591383291,9.510565884168965
80,3,ode,focei,bobyqa,ResErr,structural_other,0.1,100,0.40232852923377527,0.4345593103731768,3.0121892528907206,4.838670156163263,7.889973758639411
80,3,ode,focei,bobyqa,TVKA,structural_other,0.7,100,4.7580986769649564e-14,4.7580986769649564e-14,4.7580986769649564e-14,4.7580986769649564e-14,4.7580986769649564e-14
80,3,ode,focei,bobyqa,TVQ,structural_other,1.8,100,1.9439356478092646,1.922010959801278,1.9768283053081288,2.496645473847457,3.88508300257092
80,3,ode,focei,bobyqa,TVVp,structural_other,80,100,0.7211453333779083,0.63263989296677,1.0010012800017964,1.4475684736100634,2.356003109722943
80,3,ode,focei,bobyqa,cov_VcCL,structural_other,0.02,100,-6.937047697110864,-3.080193665453199,30.43124037047728,46.047763446005355,76.77954640887894
80,3,ode,focei,bobyqa,var_CL,structural_other,0.1,100,-3.391876892789879,-1.2623981548110301,13.306596220131977,16.43637289475019,24.710710229890992
80,3,ode,focei,bobyqa,var_Vc,structural_other,0.1,100,-13.987934264055479,-11.099509464394524,19.643326217415208,26.208794870086233,40.03352033251866
80,4,linCmt,focei,bobyqa,VcBW,covariate_beta,1,79,2.7450914256345937,3.5024135416834272,9.79468613858787,17.992783120943976,23.994435917399766
80,4,linCmt,focei,bobyqa,VcSEX,covariate_beta,0.4054651081081644,96,1.5781285498518611,4.51401478062189,14.63707898590418,21.52475646689925,32.06152658492626
80,4,linCmt,focei,bobyqa,TVCL,structural_intercept,0.6,100,1.17613752400438,0.9003404117227762,2.5973354221367115,3.77850456070911,5.753829851208275
80,4,linCmt,focei,bobyqa,TVVc,structural_intercept,20,100,0.9131710663902216,1.873178317846268,2.6357992958776144,6.177174341527996,10.42198331464827
80,4,linCmt,focei,bobyqa,ResErr,structural_other,0.1,100,-1.1313482025843493,-0.9206687448433306,3.044313659931165,4.663745437396693,7.77632391301958
80,4,linCmt,focei,bobyqa,TVKA,structural_other,0.7,100,4.7580986769649564e-14,4.7580986769649564e-14,4.7580986769649564e-14,4.7580986769649564e-14,4.7580986769649564e-14
80,4,linCmt,focei,bobyqa,TVQ,structural_other,1.8,100,1.391605947197616,1.6317141648331657,1.5778267885491069,2.4213587050543826,4.126047006775939
80,4,linCmt,focei,bobyqa,TVVp,structural_other,80,100,0.06819594286405993,0.1818311651474845,1.0126977312322882,1.4391108869940388,2.0553267839680736
80,4,linCmt,focei,bobyqa,cov_VcCL,structural_other,0.02,100,-8.87602910000308,-5.849886555523967,30.325322969215584,41.51903419052126,64.3636351714259
80,4,linCmt,focei,bobyqa,var_CL,structural_other,0.1,100,-3.8125162800250467,-2.849357495295335,10.534987457955342,16.425200299582674,25.74297861083633
80,4,linCmt,focei,bobyqa,var_Vc,structural_other,0.1,100,-8.512513269529773,-8.919024823600164,14.204352337185838,22.959557213613024,40.99527236950943
80,4,ode,focei,bobyqa,VcBW,covariate_beta,1,83,3.599784296470321,3.4731129811986756,9.863684879930146,17.465009124918303,23.92429444148049
80,4,ode,focei,bobyqa,VcSEX,covariate_beta,0.4054651081081644,96,1.6311291547660804,3.724646946764005,14.717616526835343,20.260978861278144,30.988130404894328
80,4,ode,focei,bobyqa,TVCL,structural_intercept,0.6,100,1.1562639199396245,0.8825379595845321,2.6165963824519856,3.7664538404641443,5.745463820253298
80,4,ode,focei,bobyqa,TVVc,structural_intercept,20,100,1.1225405822881915,1.8837870875436653,2.7236342850520323,6.188381491079873,10.320132852478144
80,4,ode,focei,bobyqa,ResErr,structural_other,0.1,100,-1.1255882729351505,-0.9215313116208614,2.9858069499278246,4.646716500203196,7.878583328254998
80,4,ode,focei,bobyqa,TVKA,structural_other,0.7,100,4.7580986769649564e-14,4.7580986769649564e-14,4.7580986769649564e-14,4.7580986769649564e-14,4.7580986769649564e-14
80,4,ode,focei,bobyqa,TVQ,structural_other,1.8,100,1.3774270978774705,1.6124202029652999,1.551012836163638,2.4077399683431353,4.090024545233635
80,4,ode,focei,bobyqa,TVVp,structural_other,80,100,0.06933841307124489,0.1757534457291067,1.021175634747289,1.4369635661167748,2.0176443743699335
80,4,ode,focei,bobyqa,cov_VcCL,structural_other,0.02,100,-10.317834514525416,-6.93701503397453,31.608066289110443,41.193047178632916,62.24055269486368
80,4,ode,focei,bobyqa,var_CL,structural_other,0.1,100,-3.953971997105982,-2.8636272717445452,10.660804233754144,16.45225718850042,25.74458294099892
80,4,ode,focei,bobyqa,var_Vc,structural_other,0.1,100,-9.180551258310334,-8.919296375685322,14.337947577944465,22.987079665357367,41.472723725382224
80,5,linCmt,focei,bobyqa,CLcrCL,covariate_beta,0.5,81,3.9354940455911924,3.1021300001991965,10.771669538041607,18.20672666568121,29.334164237193594
80,5,linCmt,focei,bobyqa,TVCL,structural_intercept,0.6,100,0.48459010517117507,0.40298410007584423,2.198351484696733,3.573838121333274,5.556208435085738
80,5,linCmt,focei,bobyqa,TVVc,structural_intercept,20,100,2.2355428230042573,1.917934189741825,3.2371123461704605,5.185889336996862,8.585727670689034
80,5,linCmt,focei,bobyqa,ResErr,structural_other,0.1,100,-0.25919421561879097,0.103135374439835,3.6812382862705593,5.342429609162531,8.403451353953935
80,5,linCmt,focei,bobyqa,TVKA,structural_other,0.7,100,4.7580986769649564e-14,4.7580986769649564e-14,4.7580986769649564e-14,4.7580986769649564e-14,4.7580986769649564e-14
80,5,linCmt,focei,bobyqa,TVQ,structural_other,1.8,100,1.9862273622119342,1.98760076535664,2.0017992052653493,2.5995170315757807,4.158347332125036
80,5,linCmt,focei,bobyqa,TVVp,structural_other,80,100,0.48034160325030933,0.5088018135842953,0.9911181033516936,1.2779653183957898,2.058462760227883
80,5,linCmt,focei,bobyqa,cov_VcCL,structural_other,0.02,100,-17.343537075110525,-15.869373224162093,40.175343142857386,49.47446147418073,79.94005837411822
80,5,linCmt,focei,bobyqa,var_CL,structural_other,0.1,100,-8.710594895036936,-6.199524794113413,13.176648505661198,18.337590973914615,29.61373209749919
80,5,linCmt,focei,bobyqa,var_Vc,structural_other,0.1,100,-4.007206130219015,-7.464701595206441,19.143330062902038,27.29559148459953,42.43799192975506
80,5,ode,focei,bobyqa,CLcrCL,covariate_beta,0.5,80,4.153453202163204,3.0708575908178806,10.67418626677869,18.286965485247944,29.932396300679727
80,5,ode,focei,bobyqa,TVCL,structural_intercept,0.6,100,0.3341111086775928,0.3566829267737765,2.2350696038574425,3.564005377540315,5.52996948556297
80,5,ode,focei,bobyqa,TVVc,structural_intercept,20,100,2.2475627786142827,1.9946474150376223,3.1492572487578046,5.039173109846639,8.295287084144688
80,5,ode,focei,bobyqa,ResErr,structural_other,0.1,100,-0.44265293249700494,0.02016053234034726,3.6549655154119454,5.312649375278078,8.546283729472645
80,5,ode,focei,bobyqa,TVKA,structural_other,0.7,100,4.7580986769649564e-14,4.7580986769649564e-14,4.7580986769649564e-14,4.7580986769649564e-14,4.7580986769649564e-14
80,5,ode,focei,bobyqa,TVQ,structural_other,1.8,100,1.9736760784969727,1.9666267130816422,1.9936092250757182,2.5792788516197587,4.164014502413444
80,5,ode,focei,bobyqa,TVVp,structural_other,80,100,0.4773781176526359,0.4993681754381569,0.9617499364791637,1.2723247101526072,2.064988151380378
80,5,ode,focei,bobyqa,cov_VcCL,structural_other,0.02,100,-15.78000931975289,-14.225518347238275,33.997903712786915,48.11677638228596,80.86833767842103
80,5,ode,focei,bobyqa,var_CL,structural_other,0.1,100,-8.601092300703051,-5.963548567816926,14.045444111715849,18.521362635260513,29.546662863550914
80,5,ode,focei,bobyqa,var_Vc,structural_other,0.1,100,-3.922262418118737,-6.758721189944904,18.706989108207477,26.986861923786083,42.685752046991944
80,6,linCmt,focei,bobyqa,CLcrCL,covariate_beta,0.5,82,1.50902822912784,2.111437954303432,9.878929925220369,16.853468249650632,26.78759309453756
80,6,linCmt,focei,bobyqa,VcSEX,covariate_beta,0.4054651081081644,97,1.375903552060833,0.3885694454047611,12.842723238983805,20.416548871064556,34.32725597982169
80,6,linCmt,focei,bobyqa,TVCL,structural_intercept,0.6,100,0.9073958960247782,0.7483290053505767,3.184300936079678,4.226510612650444,6.763362506978869
80,6,linCmt,focei,bobyqa,TVVc,structural_intercept,20,100,1.6087752062993133,1.8254589848665441,3.6630191703242687,6.672133673741346,10.024124778165591
80,6,linCmt,focei,bobyqa,ResErr,structural_other,0.1,100,-0.3610351643241194,-0.360953952021998,3.48904793843377,4.8813677815643866,7.841648578139542
80,6,linCmt,focei,bobyqa,TVKA,structural_other,0.7,100,4.7580986769649564e-14,4.7580986769649564e-14,4.7580986769649564e-14,4.7580986769649564e-14,4.7580986769649564e-14
80,6,linCmt,focei,bobyqa,TVQ,structural_other,1.8,100,1.8283767203359225,1.8537398609727578,1.850843291997522,2.499035544900804,3.895784102140803
80,6,linCmt,focei,bobyqa,TVVp,structural_other,80,100,0.29426946582129077,0.3564248575970433,0.9016560843229372,1.224377062750938,2.079308881615381
80,6,linCmt,focei,bobyqa,cov_VcCL,structural_other,0.02,100,-6.866429785572234,-2.587518562981578,31.125163146609946,45.63421422692148,68.64725910249862
80,6,linCmt,focei,bobyqa,var_CL,structural_other,0.1,100,-4.003863990654777,-3.0155336163963664,11.211664900914117,15.160789261005577,24.6133175938927
80,6,linCmt,focei,bobyqa,var_Vc,structural_other,0.1,100,-5.6766910892577584,-4.404837899258742,14.42070381946775,22.86098226449135,38.20187323379465
80,6,ode,focei,bobyqa,CLcrCL,covariate_beta,0.5,79,1.0919427646804536,1.9503550959150073,10.201764706163985,17.134298636226276,26.73457657306293
80,6,ode,focei,bobyqa,VcSEX,covariate_beta,0.4054651081081644,97,1.2141950966678055,0.34753851735926466,12.6788102911354,20.45234441715853,34.45260721402703
80,6,ode,focei,bobyqa,TVCL,structural_intercept,0.6,100,0.4820693371847725,0.6585108646612023,3.189548056253655,4.330543250034646,7.6219799388540705
80,6,ode,focei,bobyqa,TVVc,structural_intercept,20,100,1.378853364171375,1.8092157398964015,3.652810385795915,6.663074299383477,9.895760029298934
80,6,ode,focei,bobyqa,ResErr,structural_other,0.1,100,-0.40169736864310857,-0.42951113295438437,3.448565233024739,4.8612439373924055,7.836869693024111
80,6,ode,focei,bobyqa,TVKA,structural_other,0.7,100,4.7580986769649564e-14,4.7580986769649564e-14,4.7580986769649564e-14,4.7580986769649564e-14,4.7580986769649564e-14
80,6,ode,focei,bobyqa,TVQ,structural_other,1.8,100,1.8253304106674029,1.8285534074656367,1.8363092263540022,2.4783742513420295,3.819133612996072
80,6,ode,focei,bobyqa,TVVp,structural_other,80,100,0.2778137723629648,0.3463792670389658,0.9030880009072196,1.2184076445908985,2.076561861809946
80,6,ode,focei,bobyqa,cov_VcCL,structural_other,0.02,100,-5.738835315370112,-3.7544908917946334,30.813489579585983,44.52918499751388,69.37356602465263
80,6,ode,focei,bobyqa,var_CL,structural_other,0.1,100,-3.114929689574539,-2.9001032417566903,11.46041205189787,15.00864890259952,24.552076602682085
80,6,ode,focei,bobyqa,var_Vc,structural_other,0.1,100,-5.2238857260561575,-4.012961114883716,14.170865571424176,22.725323657259636,37.69730082364714
80,7,linCmt,focei,bobyqa,CLcrCL,covariate_beta,0.5,82,1.3678718375303212,1.3719213532367844,10.026981057215483,15.956465675513979,24.995223451402016
80,7,linCmt,focei,bobyqa,VcBW,covariate_beta,1,70,3.559084908812349,5.742527802514717,10.997648531717719,21.815804237765875,24.877992475921783
80,7,linCmt,focei,bobyqa,TVCL,structural_intercept,0.6,100,0.025261940245056385,-0.5351393182812675,2.5871258274096274,3.9167938426839752,5.497152935309863
80,7,linCmt,focei,bobyqa,TVVc,structural_intercept,20,100,0.733548698840707,1.2152995797756239,4.071134471390421,6.177583391729538,9.938730779502517
80,7,linCmt,focei,bobyqa,ResErr,structural_other,0.1,100,-0.3890742302740738,-0.921579706475153,2.5198408515925625,4.194681455148523,7.761625849711258
80,7,linCmt,focei,bobyqa,TVKA,structural_other,0.7,100,4.7580986769649564e-14,4.7580986769649564e-14,4.7580986769649564e-14,4.7580986769649564e-14,4.7580986769649564e-14
80,7,linCmt,focei,bobyqa,TVQ,structural_other,1.8,100,1.843191815059739,1.767445697826516,1.933806717827502,2.359030926152454,3.500186363437209
80,7,linCmt,focei,bobyqa,TVVp,structural_other,80,100,0.3219537807839856,0.2766505525778166,0.9367371689512272,1.268720883470475,2.087281248250511
80,7,linCmt,focei,bobyqa,cov_VcCL,structural_other,0.02,100,1.4087368736970944,-0.4632582868636802,34.59111150140997,47.59827792372152,75.53468782396784
80,7,linCmt,focei,bobyqa,var_CL,structural_other,0.1,100,-3.723917528777439,-3.3810209057723783,12.061022288618314,16.522920893773456,26.841791808250836
80,7,linCmt,focei,bobyqa,var_Vc,structural_other,0.1,100,-6.554585014546261,-4.616573613398366,15.942325709896204,22.819186769361778,35.24657352175857
80,7,ode,focei,bobyqa,CLcrCL,covariate_beta,0.5,81,1.2916633160596325,1.5010692807176116,8.97560236854915,15.942872253870718,25.013145749118614
80,7,ode,focei,bobyqa,VcBW,covariate_beta,1,69,3.4694247789351484,4.483911416918291,10.758355580738254,17.394491996449258,23.159698662493145
80,7,ode,focei,bobyqa,TVCL,structural_intercept,0.6,97,0.0920697077770316,-0.4419169456431854,2.568906425465127,3.8673929395973685,5.514788614865456
80,7,ode,focei,bobyqa,TVVc,structural_intercept,20,97,0.8723153250288894,1.0308639016796128,4.1361776515056725,6.053833233952591,9.191955629911673
80,7,ode,focei,bobyqa,ResErr,structural_other,0.1,97,-0.3987051516854967,-0.8821517825395071,2.508959917940132,4.24715521999452,7.741114934039805
80,7,ode,focei,bobyqa,TVKA,structural_other,0.7,97,4.7580986769649564e-14,4.7580986769649564e-14,4.7580986769649564e-14,4.7580986769649564e-14,4.7580986769649564e-14
80,7,ode,focei,bobyqa,TVQ,structural_other,1.8,97,1.831402247163099,1.747601196886882,1.9821961300965363,2.3633420416683864,3.49867925155488
80,7,ode,focei,bobyqa,TVVp,structural_other,80,97,0.3262530345497794,0.2477347920782387,0.9333148009126546,1.2794074680034724,2.147362279878923
80,7,ode,focei,bobyqa,cov_VcCL,structural_other,0.02,97,7.557682520252638,2.531696882063034,33.89398331524802,47.268376362202815,72.6606071926782
80,7,ode,focei,bobyqa,var_CL,structural_other,0.1,97,-3.7896585192666588,-3.3165280306337674,12.233291514802582,16.72149232773115,26.946675556418175
80,7,ode,focei,bobyqa,var_Vc,structural_other,0.1,97,-6.263886853033446,-4.107514774535701,15.167506044190816,23.88309415613019,37.533535604966204
80,8,linCmt,focei,bobyqa,CLcrCL,covariate_beta,0.5,75,-0.3142694634227894,-0.16256645438802764,12.099497601331933,16.71613160941145,28.15205031794772
80,8,linCmt,focei,bobyqa,VcBW,covariate_beta,1,76,4.679716433689118,6.355949592418286,13.48346933214914,31.319666312700985,30.31561629408557
80,8,linCmt,focei,bobyqa,VcSEX,covariate_beta,0.4054651081081644,95,-0.8789969233285302,4.029930137289725,16.272395226501242,25.712169645064613,38.505111216043154
80,8,linCmt,focei,bobyqa,TVCL,structural_intercept,0.6,99,0.031057753398585262,0.3605013210379766,2.620514038605526,4.327107133086808,6.363539498125373
80,8,linCmt,focei,bobyqa,TVVc,structural_intercept,20,99,0.7706986315515074,1.5611024378164082,4.844610964160925,6.629976075461476,10.624188210292715
80,8,linCmt,focei,bobyqa,ResErr,structural_other,0.1,99,-0.1998631868469214,-0.24353210959792265,2.92516484047374,4.428295401792283,7.7634193988914575
80,8,linCmt,focei,bobyqa,TVKA,structural_other,0.7,99,4.7580986769649564e-14,4.7580986769649564e-14,4.7580986769649564e-14,4.7580986769649564e-14,4.7580986769649564e-14
80,8,linCmt,focei,bobyqa,TVQ,structural_other,1.8,99,1.7187991470380846,1.652829630819123,1.8470508529359917,2.588761511859923,3.955857280033756
80,8,linCmt,focei,bobyqa,TVVp,structural_other,80,99,0.21844778175218238,0.28633506077703125,0.7765106902207286,1.3418810742900096,2.2794791891955595
80,8,linCmt,focei,bobyqa,cov_VcCL,structural_other,0.02,99,4.545012869565882,0.9919178138708736,33.53521333039038,43.6071724980956,64.68009912753794
80,8,linCmt,focei,bobyqa,var_CL,structural_other,0.1,99,-3.6729076635516336,-2.2513767045075723,8.730324537530324,15.036353886454917,25.091267312858072
80,8,linCmt,focei,bobyqa,var_Vc,structural_other,0.1,99,-3.846981626537321,-5.164725818376098,14.554306451060054,23.15863730853701,38.187001710939015
80,8,ode,focei,bobyqa,CLcrCL,covariate_beta,0.5,73,-0.38616747647973737,-0.024609078366228977,12.222001438878438,16.812262040576982,28.495865124910214
80,8,ode,focei,bobyqa,VcBW,covariate_beta,1,76,4.72993013844455,6.5853732452909295,14.372304278699161,31.859157055391467,30.707435382734115
80,8,ode,focei,bobyqa,VcSEX,covariate_beta,0.4054651081081644,92,-0.9723212852826207,3.49335807390162,15.3374019786842,25.1359367525948,38.312817130874684
80,8,ode,focei,bobyqa,TVCL,structural_intercept,0.6,97,-0.04565038389481302,0.30197904497099354,2.639801660678509,4.355492287611906,6.266335143344253
80,8,ode,focei,bobyqa,TVVc,structural_intercept,20,97,0.7289374785171177,1.787000029426854,4.841071676105528,7.123004445234179,11.182394305257029
80,8,ode,focei,bobyqa,ResErr,structural_other,0.1,97,-0.044634485638739285,-0.26788312615513,3.0248640657934143,4.442422454446137,7.836740139829433
80,8,ode,focei,bobyqa,TVKA,structural_other,0.7,97,4.7580986769649564e-14,4.7580986769649564e-14,4.7580986769649564e-14,4.7580986769649564e-14,4.7580986769649564e-14
80,8,ode,focei,bobyqa,TVQ,structural_other,1.8,97,1.714872936987281,1.6545450008825753,1.8860129709074518,2.6062940923370563,3.941539888423656
80,8,ode,focei,bobyqa,TVVp,structural_other,80,97,0.1967233916431432,0.2787413927338838,0.8119687083461535,1.3540447820652144,2.3133920463781346
80,8,ode,focei,bobyqa,cov_VcCL,structural_other,0.02,97,4.166116522935879,0.9674545086333126,33.38972416242326,44.094888920821965,65.65969256597857
80,8,ode,focei,bobyqa,var_CL,structural_other,0.1,97,-3.576000864014148,-2.2173961447299746,9.193512977791613,15.110641249588827,24.623882555070193
80,8,ode,focei,bobyqa,var_Vc,structural_other,0.1,97,-4.67210137240312,-5.149015478763732,14.63703530603802,23.63523906316656,39.05103888089122
80,9,linCmt,focei,bobyqa,CLBW,covariate_beta,0.75,51,3.8406447823133107,2.726354117833362,17.19777269790527,19.894668485182184,29.32259236095331
80,9,linCmt,focei,bobyqa,TVCL,structural_intercept,0.6,100,-0.1473192742065162,0.46817691811146256,3.3585861781893955,5.676202316057203,10.110995834050039
80,9,linCmt,focei,bobyqa,TVVc,structural_intercept,20,100,1.233310393243654,1.3794339545823477,2.9800627183660744,4.59831275458886,6.457029001685469
80,9,linCmt,focei,bobyqa,ResErr,structural_other,0.1,100,0.5137132222958682,0.17946298763128685,3.0751896648915227,5.203162209870942,8.438039501983265
80,9,linCmt,focei,bobyqa,TVKA,structural_other,0.7,100,4.7580986769649564e-14,4.710517690195307e-14,4.7580986769649564e-14,4.734248408093761e-14,4.7580986769649564e-14
80,9,linCmt,focei,bobyqa,TVQ,structural_other,1.8,100,2.281699821558113,2.1867003523031987,2.3395095071258094,2.6647887768238525,3.9995536222951906
80,9,linCmt,focei,bobyqa,TVVp,structural_other,80,100,0.621250341081785,0.47537924897396594,0.9045562445727205,1.2709491753256805,2.0275623290338753
80,9,linCmt,focei,bobyqa,cov_VcCL,structural_other,0.02,100,-5.953307848371933,-12.617967784988855,38.07045248520219,46.0238272253685,69.10965313493328
80,9,linCmt,focei,bobyqa,var_CL,structural_other,0.1,100,-7.9880493023365835,-7.104704834735211,12.146976367146248,17.493997251805826,26.31277908918469
80,9,linCmt,focei,bobyqa,var_Vc,structural_other,0.1,100,-3.6698676407797977,-0.6793832329046934,16.860959477776397,27.351050603189414,50.18201958182347
80,9,ode,focei,bobyqa,CLBW,covariate_beta,0.75,55,4.435537496639075,5.5348507796105055,18.69541713376872,23.57599263302374,30.819737477266518
80,9,ode,focei,bobyqa,TVCL,structural_intercept,0.6,100,0.5907563921831727,0.7960686659008271,3.6861450767094928,5.919138640135703,9.407468954996517
80,9,ode,focei,bobyqa,TVVc,structural_intercept,20,100,0.9238273294340617,1.2393353257615887,3.0144721559607746,4.342404812983524,6.320721933944197
80,9,ode,focei,bobyqa,ResErr,structural_other,0.1,100,0.2240809952224615,0.08039331665425267,3.1652502603418466,5.239060618643922,8.556521300109551
80,9,ode,focei,bobyqa,TVKA,structural_other,0.7,100,4.7580986769649564e-14,4.710517690195307e-14,4.7580986769649564e-14,4.734248408093761e-14,4.7580986769649564e-14
80,9,ode,focei,bobyqa,TVQ,structural_other,1.8,100,2.332622809535439,2.1548338763152453,2.3764645441292767,2.6406367268074082,3.9797150333394136
80,9,ode,focei,bobyqa,TVVp,structural_other,80,100,0.6011376285296066,0.4615656924603124,0.9035766103250343,1.2710290498509735,1.999840629489095
80,9,ode,focei,bobyqa,cov_VcCL,structural_other,0.02,100,-7.416643836001624,-13.957674682115439,35.624872695636874,47.40536453594334,72.47396233160693
80,9,ode,focei,bobyqa,var_CL,structural_other,0.1,100,-8.533489634765134,-7.278378131742547,11.65382040345582,17.47502386789862,26.14677633830488
80,9,ode,focei,bobyqa,var_Vc,structural_other,0.1,100,-5.355897665552687,0.026616088939531345,18.011060143354324,27.382572190825215,49.37328729899997
80,10,linCmt,focei,bobyqa,CLBW,covariate_beta,0.75,54,3.1124796759602518,2.6698967339163135,16.2447571770218,20.890644859491157,33.54299355517571
80,10,linCmt,focei,bobyqa,VcSEX,covariate_beta,0.4054651081081644,99,-0.3189953293751713,-1.1125658957314883,14.7720647092492,20.482524380149606,33.7888205467312
80,10,linCmt,focei,bobyqa,TVCL,structural_intercept,0.6,100,-2.7760494300372587,-3.38700040950101,5.448986398739512,8.20484851372708,13.515827361579621
80,10,linCmt,focei,bobyqa,TVVc,structural_intercept,20,100,1.2068387242777678,1.8931463681881797,4.197348332889481,6.995208424405595,11.101796484967181
80,10,linCmt,focei,bobyqa,ResErr,structural_other,0.1,100,-0.43345284059396333,-1.0095004933570806,2.394395095320329,4.236694840446833,6.670322353767171
80,10,linCmt,focei,bobyqa,TVKA,structural_other,0.7,100,4.7580986769649564e-14,4.7580986769649564e-14,4.7580986769649564e-14,4.7580986769649564e-14,4.7580986769649564e-14
80,10,linCmt,focei,bobyqa,TVQ,structural_other,1.8,100,1.7039923714263585,1.888353171968267,1.7039923714263585,2.460471028521928,4.117440694646245
80,10,linCmt,focei,bobyqa,TVVp,structural_other,80,100,0.53689675403783,0.3664553987901687,0.8832323316493439,1.1175344757776853,1.7953085216566154
80,10,linCmt,focei,bobyqa,cov_VcCL,structural_other,0.02,100,-7.700350661294894,-6.597461520301364,28.02527474160894,44.38456726405205,70.87395203516436
80,10,linCmt,focei,bobyqa,var_CL,structural_other,0.1,100,-4.808132838751332,-3.837646058052809,10.055221546565699,15.94786488687617,27.675509829809435
80,10,linCmt,focei,bobyqa,var_Vc,structural_other,0.1,100,-7.1331581920502725,-4.186834993856463,15.271985746821365,21.831497611204405,34.82135167273393
80,10,ode,focei,bobyqa,CLBW,covariate_beta,0.75,52,2.0493672002260155,0.9821068405286832,17.153752995728723,21.416230938238474,34.82438850414116
80,10,ode,focei,bobyqa,VcSEX,covariate_beta,0.4054651081081644,100,-0.0031599880019789073,-1.1372603141347626,13.715521954389438,20.334815934148036,34.74037965773109
80,10,ode,focei,bobyqa,TVCL,structural_intercept,0.6,100,-2.4722934480170085,-2.924872742518491,5.20379609785998,8.0696133390093,13.394204872616688
80,10,ode,focei,bobyqa,TVVc,structural_intercept,20,100,1.0458872490066717,1.6447477659114251,4.101472288088681,6.44169189854345,10.82188000468228
80,10,ode,focei,bobyqa,ResErr,structural_other,0.1,100,-0.4915311329538666,-1.0474089907228437,2.5139689376946426,4.268147872218967,6.7091736502877835
80,10,ode,focei,bobyqa,TVKA,structural_other,0.7,100,4.7580986769649564e-14,4.7580986769649564e-14,4.7580986769649564e-14,4.7580986769649564e-14,4.7580986769649564e-14
80,10,ode,focei,bobyqa,TVQ,structural_other,1.8,100,1.6716364330230569,1.867133958857217,1.6716364330230569,2.4403951119320095,4.116126762249587
80,10,ode,focei,bobyqa,TVVp,structural_other,80,100,0.5240141827445122,0.35900093710472963,0.8849306618404196,1.1139940838037534,1.757121979973848
80,10,ode,focei,bobyqa,cov_VcCL,structural_other,0.02,100,-6.617792524138255,-6.573593224204523,25.769255414214964,43.287919114181726,66.62311154280196
80,10,ode,focei,bobyqa,var_CL,structural_other,0.1,100,-4.8071586230950185,-3.692473729653706,9.714077616575757,15.809602692123736,27.285890866578043
80,10,ode,focei,bobyqa,var_Vc,structural_other,0.1,100,-7.019926691461002,-4.442538497175664,14.73651040956086,20.897463073362864,32.367753729552874
80,11,linCmt,focei,bobyqa,CLBW,covariate_beta,0.75,60,-0.2323606568334376,2.9936014804202866,13.042238443533073,27.026837089506582,33.240912859122254
80,11,linCmt,focei,bobyqa,VcBW,covariate_beta,1,67,3.751950249813185,3.556943752998422,10.298377405475112,18.315756202596752,29.77499913914165
80,11,linCmt,focei,bobyqa,TVCL,structural_intercept,0.6,99,-5.419576815263394,-4.555931787350902,7.200687687019999,9.255405794830112,14.200323491236466
80,11,linCmt,focei,bobyqa,TVVc,structural_intercept,20,99,-7.056817309097277,-6.3513446252842085,8.739791978104314,11.25328782164366,18.513377748719574
80,11,linCmt,focei,bobyqa,ResErr,structural_other,0.1,99,-0.6434958822459091,-0.5533513017576884,3.117051046776578,4.686145188528696,7.744978558362517
80,11,linCmt,focei,bobyqa,TVKA,structural_other,0.7,99,4.7580986769649564e-14,4.7580986769649564e-14,4.7580986769649564e-14,4.7580986769649564e-14,4.7580986769649564e-14
80,11,linCmt,focei,bobyqa,TVQ,structural_other,1.8,99,1.810211261472985,1.8064286844412896,1.852936499720391,2.4315775034736458,3.9237832894719404
80,11,linCmt,focei,bobyqa,TVVp,structural_other,80,99,0.3597547309140836,0.4471898575533647,0.6997969500586443,1.2081654412349936,2.0355361308517956
80,11,linCmt,focei,bobyqa,cov_VcCL,structural_other,0.02,99,-4.1702466891165715,-4.653350712802331,28.79528121620922,42.4996247978802,70.63653917310424
80,11,linCmt,focei,bobyqa,var_CL,structural_other,0.1,99,-7.283723411153408,-5.079477009235384,12.854796968103543,16.435859330057266,26.283987710001107
80,11,linCmt,focei,bobyqa,var_Vc,structural_other,0.1,99,-11.85977219521883,-10.064631410320883,14.886374939973788,22.697649779359914,39.84201494955963
80,11,ode,focei,bobyqa,CLBW,covariate_beta,0.75,42,-0.8063314846948222,0.43338483274671363,13.34821389932892,19.902249909210568,32.2792129300423
80,11,ode,focei,bobyqa,VcBW,covariate_beta,1,64,1.6670553056969295,3.8543691934336155,10.042460424347743,18.21625064720804,30.637876835803446
80,11,ode,focei,bobyqa,TVCL,structural_intercept,0.6,100,-3.065831894262239,-3.0964170838699787,5.43424869116819,7.972155039585791,13.166467958992223
80,11,ode,focei,bobyqa,TVVc,structural_intercept,20,100,-5.401449898500195,-5.6432082901853,8.570525972990033,11.176895106718563,18.712393796193805
80,11,ode,focei,bobyqa,ResErr,structural_other,0.1,100,-0.6359425798685772,-0.5287002691630288,3.099079555407891,4.717346058943547,7.80604860153001
80,11,ode,focei,bobyqa,TVKA,structural_other,0.7,100,4.7580986769649564e-14,4.7580986769649564e-14,4.7580986769649564e-14,4.7580986769649564e-14,4.7580986769649564e-14
80,11,ode,focei,bobyqa,TVQ,structural_other,1.8,100,1.8182290858088337,1.8035517780672046,1.8495070853062283,2.4276811490403336,3.9668170923656167
80,11,ode,focei,bobyqa,TVVp,structural_other,80,100,0.35341139037209146,0.449332473972726,0.6948382455461388,1.2198712703969545,2.0397136663521573
80,11,ode,focei,bobyqa,cov_VcCL,structural_other,0.02,100,5.062704786254263,8.830763308615131,35.66580886335308,47.828669239383956,74.8584205933153
80,11,ode,focei,bobyqa,var_CL,structural_other,0.1,100,-5.603860856658434,-4.403585343306695,11.615082541209416,15.805284787202362,24.237007715795052
80,11,ode,focei,bobyqa,var_Vc,structural_other,0.1,100,-10.776434016219902,-10.096148498557607,14.499157888612253,23.349597964278253,39.01761545449839
80,12,linCmt,focei,bobyqa,CLBW,covariate_beta,0.75,53,-3.239834477894673,-1.6383046280186935,12.809700802581428,19.619881310368918,29.661362670161438
80,12,linCmt,focei,bobyqa,VcBW,covariate_beta,1,55,0.06793260992439265,2.885578320165558,12.095366346123292,16.14039446995428,23.579429230141308
80,12,linCmt,focei,bobyqa,VcSEX,covariate_beta,0.4054651081081644,96,6.581756805792259,10.662314340371799,16.78998069548372,27.333510293137092,50.16572935313408
80,12,linCmt,focei,bobyqa,TVCL,structural_intercept,0.6,99,-2.4546725287122872,-3.2253284330252034,5.501438558178547,8.06703521860611,12.982521773631145
80,12,linCmt,focei,bobyqa,TVVc,structural_intercept,20,99,-5.934580790058863,-5.759444647735297,7.014878074725424,11.268975560779419,20.36851237313607
80,12,linCmt,focei,bobyqa,ResErr,structural_other,0.1,99,0.45414693670756123,0.6368232721219904,3.837298835171185,5.227784195791485,8.468912624780703
80,12,linCmt,focei,bobyqa,TVKA,structural_other,0.7,99,4.7580986769649564e-14,4.7580986769649564e-14,4.7580986769649564e-14,4.7580986769649564e-14,4.7580986769649564e-14
80,12,linCmt,focei,bobyqa,TVQ,structural_other,1.8,99,1.8022513804815368,1.9848029084743848,1.8140909980024982,2.7239002986536294,4.5592849804532625
80,12,linCmt,focei,bobyqa,TVVp,structural_other,80,99,0.06783871886343107,0.22015391533230186,0.8111004983067716,1.2943493281137803,2.067349840483559
80,12,linCmt,focei,bobyqa,cov_VcCL,structural_other,0.02,99,-9.160987349461514,-3.8824450326948328,29.197294311093646,41.96651500726228,67.14566870642574
80,12,linCmt,focei,bobyqa,var_CL,structural_other,0.1,99,-5.790155460299346,-5.258870336167211,13.685595066265682,16.629839066799082,26.243084954170353
80,12,linCmt,focei,bobyqa,var_Vc,structural_other,0.1,99,-6.510202868749842,-7.229569616717499,16.126096737304586,22.997857849293467,36.7152478573704
80,12,ode,focei,bobyqa,CLBW,covariate_beta,0.75,48,-3.2749316767352856,-2.1030100429497454,12.934552980727018,18.939600826585703,27.777909622206327
80,12,ode,focei,bobyqa,VcBW,covariate_beta,1,57,0.24465587712088066,1.602688210441428,9.879417094389753,14.530629817416427,22.56775051343778
80,12,ode,focei,bobyqa,VcSEX,covariate_beta,0.4054651081081644,97,7.069090664559888,10.59438798470065,16.98882641733762,27.472217449955494,49.216908800349486
80,12,ode,focei,bobyqa,TVCL,structural_intercept,0.6,100,-2.30324540917141,-2.7456074235187073,4.954721967339029,7.699422322400956,11.859453289907517
80,12,ode,focei,bobyqa,TVVc,structural_intercept,20,100,-6.179664980422386,-5.5582654071685695,8.072478782067583,11.349918741546873,20.153627799607122
80,12,ode,focei,bobyqa,ResErr,structural_other,0.1,100,0.4218709579698193,0.565882526221655,3.8250486580380034,5.22810950023717,8.3851342934013
80,12,ode,focei,bobyqa,TVKA,structural_other,0.7,100,4.7580986769649564e-14,4.7580986769649564e-14,4.7580986769649564e-14,4.7580986769649564e-14,4.7580986769649564e-14
80,12,ode,focei,bobyqa,TVQ,structural_other,1.8,100,1.7909419399838773,1.9717762575479691,1.8190203568977072,2.7140603849239655,4.474581883141404
80,12,ode,focei,bobyqa,TVVp,structural_other,80,100,0.05896117505513665,0.20445215574213513,0.831315559938739,1.290987687921485,2.084814815863571
80,12,ode,focei,bobyqa,cov_VcCL,structural_other,0.02,100,-7.658951008618614,1.2252625885900152,30.157481019199363,43.43180429877753,74.29333963373537
80,12,ode,focei,bobyqa,var_CL,structural_other,0.1,100,-5.1300361780525074,-4.898255830801904,12.55099082258157,16.420787855148376,25.803172487317017
80,12,ode,focei,bobyqa,var_Vc,structural_other,0.1,100,-6.396999044126924,-6.939006251310122,16.989262208548322,23.072200445540574,36.46792378419181
80,13,linCmt,focei,bobyqa,CLBW,covariate_beta,0.75,56,3.75873485783725,7.965130358754243,16.809764602605348,30.294099314740368,39.61609140823015
80,13,linCmt,focei,bobyqa,CLcrCL,covariate_beta,0.5,67,2.0592348401481164,9.11199621991411,14.965649968909267,25.414063686366422,44.541638969088595
80,13,linCmt,focei,bobyqa,TVCL,structural_intercept,0.6,99,-5.734664039160601,-5.269131142932201,6.558808285571742,9.90214291912749,16.167371256055134
80,13,linCmt,focei,bobyqa,TVVc,structural_intercept,20,99,1.6189292161359603,1.9294427742180498,3.265562108129796,4.961513035642052,7.833423077821469
80,13,linCmt,focei,bobyqa,ResErr,structural_other,0.1,99,0.19076816822666265,-0.2341150272881442,3.173391974926915,4.827057580409608,7.901243592920612
80,13,linCmt,focei,bobyqa,TVKA,structural_other,0.7,99,4.7580986769649564e-14,4.7580986769649564e-14,4.7580986769649564e-14,4.7580986769649564e-14,4.7580986769649564e-14
80,13,linCmt,focei,bobyqa,TVQ,structural_other,1.8,99,2.249382748578209,2.209213398797276,2.249382748578209,2.56045879052748,3.8249458018944527
80,13,linCmt,focei,bobyqa,TVVp,structural_other,80,99,0.6334694865106627,0.6771151682559647,0.9086739062844984,1.3891865743141096,2.3685097186351882
80,13,linCmt,focei,bobyqa,cov_VcCL,structural_other,0.02,99,-14.229433236935524,-6.280782023441507,37.645432404055654,51.18211683306259,83.19451974208754
80,13,linCmt,focei,bobyqa,var_CL,structural_other,0.1,99,-4.234524764842318,-2.4113279414761064,12.230138613179633,15.742828170906561,25.023133424558125
80,13,linCmt,focei,bobyqa,var_Vc,structural_other,0.1,99,-8.677134599570591,-7.3880129501581475,16.674810816147218,25.418138482579412,42.38105307843035
80,13,ode,focei,bobyqa,CLBW,covariate_beta,0.75,57,2.1788354710744544,6.336948558389442,17.372242208456434,30.25297851436845,43.04526633830458
80,13,ode,focei,bobyqa,CLcrCL,covariate_beta,0.5,64,5.157969487154801,8.692464193586158,14.162841827295274,25.797046160031954,46.73970188589808
80,13,ode,focei,bobyqa,TVCL,structural_intercept,0.6,95,-5.736618255761272,-5.657725825083523,6.66480351148574,10.23207109337881,16.459713304729
80,13,ode,focei,bobyqa,TVVc,structural_intercept,20,95,1.7892901568968964,2.025067354973879,3.1406970467615385,4.977737726801578,7.85738216768857
80,13,ode,focei,bobyqa,ResErr,structural_other,0.1,95,-0.430284799607758,-0.4423291983854603,3.197497700923424,4.8666225649804975,8.01015821370604
80,13,ode,focei,bobyqa,TVKA,structural_other,0.7,95,4.7580986769649564e-14,4.7580986769649564e-14,4.7580986769649564e-14,4.7580986769649564e-14,4.7580986769649564e-14
80,13,ode,focei,bobyqa,TVQ,structural_other,1.8,95,2.249761732102007,2.1810124615127395,2.249761732102007,2.5392448223503123,3.738936878662896
80,13,ode,focei,bobyqa,TVVp,structural_other,80,95,0.625551125799344,0.6132343116892045,0.8819581937130927,1.3450139063326154,2.2614613645604895
80,13,ode,focei,bobyqa,cov_VcCL,structural_other,0.02,95,-15.359140604417654,-7.5591245331462025,34.45141894515632,51.720050815863026,84.23422774534875
80,13,ode,focei,bobyqa,var_CL,structural_other,0.1,95,-4.173146077657563,-2.462217467657888,12.213994277018719,15.629424113375364,26.359473232051656
80,13,ode,focei,bobyqa,var_Vc,structural_other,0.1,95,-8.556045120134748,-6.634544069774878,18.45382576223499,25.41482309110669,41.43584024891099
80,14,linCmt,focei,bobyqa,CLBW,covariate_beta,0.75,64,-1.4415348032573938,-0.5557013265351401,13.225253830658112,20.343431475598138,34.75603653328628
80,14,linCmt,focei,bobyqa,CLcrCL,covariate_beta,0.5,65,2.6931444821768125,6.0619545196813975,15.266453265962433,25.696405054547416,37.68148153996265
80,14,linCmt,focei,bobyqa,VcSEX,covariate_beta,0.4054651081081644,98,-1.9166194928118532,-0.9004757101434745,13.991517612996335,20.033710634584377,29.85305788611311
80,14,linCmt,focei,bobyqa,TVCL,structural_intercept,0.6,99,-6.144024220118024,-5.763368453942657,7.999014427251372,10.552906783152157,16.663972234307472
80,14,linCmt,focei,bobyqa,TVVc,structural_intercept,20,99,2.3443018546477923,2.573596942458159,4.555596375648072,7.463767670038557,10.456536307843784
80,14,linCmt,focei,bobyqa,ResErr,structural_other,0.1,99,-0.656352889120887,0.04955691866734757,3.337762947332332,5.305543106033781,8.848137753047872
80,14,linCmt,focei,bobyqa,TVKA,structural_other,0.7,99,4.7580986769649564e-14,4.7580986769649564e-14,4.7580986769649564e-14,4.7580986769649564e-14,4.7580986769649564e-14
80,14,linCmt,focei,bobyqa,TVQ,structural_other,1.8,99,1.8574538076978866,1.7839854512312594,1.9222081922343575,2.4811643172631035,4.1572139935841745
80,14,linCmt,focei,bobyqa,TVVp,structural_other,80,99,0.4758530969310471,0.4218332010124451,0.8031962681314653,1.2468656261799165,2.0360166354706486
80,14,linCmt,focei,bobyqa,cov_VcCL,structural_other,0.02,99,3.721063706123209,3.686146587179357,21.725601846098296,37.40011886427793,57.52951673378435
80,14,linCmt,focei,bobyqa,var_CL,structural_other,0.1,99,-5.231666003915267,-3.809466690520063,12.276977801419466,17.074663481854746,25.036984458496963
80,14,linCmt,focei,bobyqa,var_Vc,structural_other,0.1,99,-1.973967247601141,-0.9462309269492539,14.349853569358473,22.408946559303182,36.74788833858246
80,14,ode,focei,bobyqa,CLBW,covariate_beta,0.75,60,-1.20207826072114,2.4398289082235616,12.77698708572692,24.24379568747356,37.82210587745238
80,14,ode,focei,bobyqa,CLcrCL,covariate_beta,0.5,60,3.0152986507965274,6.011624138309859,14.395269345115203,26.684340833837172,39.787227999580594
80,14,ode,focei,bobyqa,VcSEX,covariate_beta,0.4054651081081644,95,-0.056978243231514944,-1.0673919858872796,13.97624869277932,18.831985571810563,27.828476320785324
80,14,ode,focei,bobyqa,TVCL,structural_intercept,0.6,97,-6.1965116797713105,-5.973926216115975,7.998275911918872,10.54722871548127,16.907475028652446
80,14,ode,focei,bobyqa,TVVc,structural_intercept,20,97,2.125060338868945,2.200123308759214,4.988794953506925,6.60564791883637,10.172906760770728
80,14,ode,focei,bobyqa,ResErr,structural_other,0.1,97,-0.6954271091308972,0.2366418443580748,3.3135624118945524,5.3134038593528174,8.91339762763357
80,14,ode,focei,bobyqa,TVKA,structural_other,0.7,97,4.7580986769649564e-14,4.7580986769649564e-14,4.7580986769649564e-14,4.7580986769649564e-14,4.7580986769649564e-14
80,14,ode,focei,bobyqa,TVQ,structural_other,1.8,97,1.836833071368714,1.7783136368881969,1.943975614305889,2.5066723007868705,4.128407412607772
80,14,ode,focei,bobyqa,TVVp,structural_other,80,97,0.4640072905684712,0.3560074107287803,0.8142806228605437,1.2421544415317465,2.0231463437752986
80,14,ode,focei,bobyqa,cov_VcCL,structural_other,0.02,97,2.6610492155693457,5.338000140431032,23.735921234597832,37.35663985016651,61.58984202560658
80,14,ode,focei,bobyqa,var_CL,structural_other,0.1,97,-4.819270564027353,-3.7122660821725475,11.797013531966854,17.188172794486004,25.924842761106714
80,14,ode,focei,bobyqa,var_Vc,structural_other,0.1,97,-0.8801756933143612,-0.7930447352059875,13.348227019558262,22.23361205508285,37.64705420320282
80,15,linCmt,focei,bobyqa,CLBW,covariate_beta,0.75,57,-0.4340199639371563,7.132656595024056,14.969278062829186,29.133933040529627,45.742093688922544
80,15,linCmt,focei,bobyqa,CLcrCL,covariate_beta,0.5,66,4.632769230406975,7.11413702938559,20.264303424574088,27.751725025531933,37.830472649995784
80,15,linCmt,focei,bobyqa,VcBW,covariate_beta,1,62,-1.2770482138049044,-0.1289142801232775,14.125083848437992,18.96679531675401,29.78680981205846
80,15,linCmt,focei,bobyqa,TVCL,structural_intercept,0.6,100,-5.269801116315716,-5.401432332327906,7.0914154699395215,10.532285056200669,16.550449461087073
80,15,linCmt,focei,bobyqa,TVVc,structural_intercept,20,100,-5.2335199130873,-5.111604431771244,8.833613762068246,10.9347684537978,16.746240256943327
80,15,linCmt,focei,bobyqa,ResErr,structural_other,0.1,100,-0.10797741096518071,0.21340710965873252,2.7229922064147885,4.824931100879132,9.092489589255301
80,15,linCmt,focei,bobyqa,TVKA,structural_other,0.7,100,4.7580986769649564e-14,4.7580986769649564e-14,4.7580986769649564e-14,4.7580986769649564e-14,4.7580986769649564e-14
80,15,linCmt,focei,bobyqa,TVQ,structural_other,1.8,100,2.0196331076936587,2.02292223662458,2.121033081406863,2.657750685260416,4.145343555506764
80,15,linCmt,focei,bobyqa,TVVp,structural_other,80,100,0.5881881186188398,0.48324107434141617,0.799465820195433,1.2426021677055945,2.0687285438793293
80,15,linCmt,focei,bobyqa,cov_VcCL,structural_other,0.02,100,4.546335296110376,7.399992992283985,28.19122514686786,53.13772696023723,73.66530189907996
80,15,linCmt,focei,bobyqa,var_CL,structural_other,0.1,100,-2.578880363264313,-1.95469263165063,11.710737317059877,17.808168957821373,27.486624290882478
80,15,linCmt,focei,bobyqa,var_Vc,structural_other,0.1,100,-11.195793684802661,-6.47216417658346,20.030626037452226,27.151201781843948,39.15806928067518
80,15,ode,focei,bobyqa,CLBW,covariate_beta,0.75,47,-1.5205476372128026,5.55785676629871,15.598242177698637,28.52046222892112,45.26597614474173
80,15,ode,focei,bobyqa,CLcrCL,covariate_beta,0.5,60,8.446991178858209,13.56024245317907,21.261022065887747,30.40575178928155,45.0319657429156
80,15,ode,focei,bobyqa,VcBW,covariate_beta,1,59,1.7491481146205468,0.9182257712096177,11.260711790772039,18.372153164576932,29.21211376120677
80,15,ode,focei,bobyqa,TVCL,structural_intercept,0.6,97,-4.114761708205794,-4.69419470957078,6.385476703003342,10.079643930565322,16.542323043528263
80,15,ode,focei,bobyqa,TVVc,structural_intercept,20,97,-5.132393572307716,-4.806434921366278,8.609573322332338,10.968205626256857,16.460263557295672
80,15,ode,focei,bobyqa,ResErr,structural_other,0.1,97,-0.09186491749217651,0.291819746831115,2.7936396246265733,4.8631992122080465,8.62720620576277
80,15,ode,focei,bobyqa,TVKA,structural_other,0.7,97,4.7580986769649564e-14,4.7580986769649564e-14,4.7580986769649564e-14,4.7580986769649564e-14,4.7580986769649564e-14
80,15,ode,focei,bobyqa,TVQ,structural_other,1.8,97,2.082522916701992,2.0208304724452213,2.147787740938588,2.633173794803183,4.230968788859353
80,15,ode,focei,bobyqa,TVVp,structural_other,80,97,0.5839754378123629,0.5005523927784066,0.8697632281758771,1.2676788549021132,2.075677335026075
80,15,ode,focei,bobyqa,cov_VcCL,structural_other,0.02,97,26.23673680533643,25.0679578551486,37.34621697596386,57.063834437699555,83.75950491315065
80,15,ode,focei,bobyqa,var_CL,structural_other,0.1,97,-0.648676290790573,-0.5807396841357634,12.129873656626419,17.6256087232573,26.690080457186653
80,15,ode,focei,bobyqa,var_Vc,structural_other,0.1,97,-11.2885492104393,-6.85732267179735,19.141042170199295,28.586960591717748,43.689730237469135
80,16,linCmt,focei,bobyqa,CLBW,covariate_beta,0.75,51,1.5453861159331486,6.037669223036305,17.22638481933322,29.605300243385376,41.92952269129542
80,16,linCmt,focei,bobyqa,CLcrCL,covariate_beta,0.5,66,-5.171798777764697,1.4596042008265524,15.66509942982815,23.99129465070674,34.878114877116374
80,16,linCmt,focei,bobyqa,VcBW,covariate_beta,1,65,3.505362346863916,8.542567534829487,11.10445468730723,33.76176176605296,30.962587805189408
80,16,linCmt,focei,bobyqa,VcSEX,covariate_beta,0.4054651081081644,92,-0.6948990090179279,1.9531679218601334,13.784855711225557,23.135927560543315,36.952378971758044
80,16,linCmt,focei,bobyqa,TVCL,structural_intercept,0.6,98,-4.640900619529191,-5.005927098404244,6.322898237024052,9.218907907667651,14.705533488268069
80,16,linCmt,focei,bobyqa,TVVc,structural_intercept,20,98,-6.083037576068309,-7.104952599201147,7.170964453649295,11.105147509498568,16.43234785934825
80,16,linCmt,focei,bobyqa,ResErr,structural_other,0.1,98,-0.7706261677650761,-0.4707696955199809,3.25081346841781,4.808537872343188,7.814093468712574
80,16,linCmt,focei,bobyqa,TVKA,structural_other,0.7,98,4.7580986769649564e-14,4.7580986769649564e-14,4.7580986769649564e-14,4.7580986769649564e-14,4.7580986769649564e-14
80,16,linCmt,focei,bobyqa,TVQ,structural_other,1.8,98,1.9878496966567245,1.9299998032703893,1.9878496966567245,2.5477565442082963,4.18666619760296
80,16,linCmt,focei,bobyqa,TVVp,structural_other,80,98,0.5376752255332028,0.4339581501124455,0.9530412752418727,1.4019984457239176,2.4941254961863795
80,16,linCmt,focei,bobyqa,cov_VcCL,structural_other,0.02,98,-3.327273251525825,6.232169630298673,30.03707051376281,46.73607571916098,67.68020243461743
80,16,linCmt,focei,bobyqa,var_CL,structural_other,0.1,98,-4.200004794042311,-4.50371049491268,12.10182720224858,17.679822799984343,29.266500700868914
80,16,linCmt,focei,bobyqa,var_Vc,structural_other,0.1,98,-10.721107824671886,-8.178406567441126,14.20858250123979,21.928084938045565,36.79101686210722
80,16,ode,focei,bobyqa,CLBW,covariate_beta,0.75,48,1.2529724275706609,6.738325078243205,17.069175669872745,31.819101821551737,44.74920170376579
80,16,ode,focei,bobyqa,CLcrCL,covariate_beta,0.5,65,-4.672680226341708,2.5384701400773686,15.363329077445043,23.658500217064677,32.35762597453663
80,16,ode,focei,bobyqa,VcBW,covariate_beta,1,69,2.756184112855675,5.136594501261156,10.699467817669216,27.545556985853448,29.397750934902028
80,16,ode,focei,bobyqa,VcSEX,covariate_beta,0.4054651081081644,91,-0.6742599763622174,1.7206575561103412,14.178203911538546,23.347011783762202,36.0474902997083
80,16,ode,focei,bobyqa,TVCL,structural_intercept,0.6,97,-4.6044298999097055,-4.595652261373952,6.524844578603103,9.388348422224249,14.002642604941098
80,16,ode,focei,bobyqa,TVVc,structural_intercept,20,97,-7.020181497400841,-7.126914071463741,7.51273101355526,10.521875100823411,15.913860096819196
80,16,ode,focei,bobyqa,ResErr,structural_other,0.1,97,-0.6849920948290983,-0.44180080523366316,3.289971509225012,4.905971949658506,8.143358886906245
80,16,ode,focei,bobyqa,TVKA,structural_other,0.7,97,4.7580986769649564e-14,4.7580986769649564e-14,4.7580986769649564e-14,4.7580986769649564e-14,4.7580986769649564e-14
80,16,ode,focei,bobyqa,TVQ,structural_other,1.8,97,2.029391893780017,1.967100875233942,2.029391893780017,2.562558687216908,4.176601740389582
80,16,ode,focei,bobyqa,TVVp,structural_other,80,97,0.5362274626941677,0.4631000768024326,0.9738727603046015,1.4320910687251367,2.5316984407387046
80,16,ode,focei,bobyqa,cov_VcCL,structural_other,0.02,97,11.468869618992267,18.85058419449377,28.38253769265905,50.071663818665435,88.02600615645376
80,16,ode,focei,bobyqa,var_CL,structural_other,0.1,97,-3.705407041812742,-3.6360078389591868,11.584424466155916,17.261253632447936,27.359824622355273
80,16,ode,focei,bobyqa,var_Vc,structural_other,0.1,97,-10.874254101285327,-8.035437838858622,14.579536713499444,21.940681242889642,36.945753464234485
300,1,linCmt,focei,bobyqa,TVCL,structural_intercept,0.6,99,0.9199386045533979,0.7866478123263715,1.258510730351085,1.9126783919906236,3.2102778873864786
300,1,linCmt,focei,bobyqa,TVVc,structural_intercept,20,99,1.9599772800667734,1.9040934784105665,2.332597533939378,3.2604848701676103,5.085556040368318
300,1,linCmt,focei,bobyqa,ResErr,structural_other,0.1,99,0.7373647964950825,0.8895942849804775,1.5040756016798107,2.547900187285935,4.344929469443115
300,1,linCmt,focei,bobyqa,TVKA,structural_other,0.7,99,0,4.325544251786324e-15,0,1.4346207297253822e-14,0
300,1,linCmt,focei,bobyqa,TVQ,structural_other,1.8,99,2.088116803131306,2.121807855354221,2.088116803131306,2.247644663204701,3.129713113129353
300,1,linCmt,focei,bobyqa,TVVp,structural_other,80,99,0.5299529290426008,0.5172831332812277,0.5821281945286216,0.7743118564690317,1.299717760169134
300,1,linCmt,focei,bobyqa,cov_VcCL,structural_other,0.02,99,-10.033218250388042,-4.987003089719841,19.69426534968259,26.916442155232893,43.54643687094975
300,1,linCmt,focei,bobyqa,var_CL,structural_other,0.1,99,-1.7226541478459478,-2.100481833520244,5.284952971349996,8.855092398305766,15.485485651556294
300,1,linCmt,focei,bobyqa,var_Vc,structural_other,0.1,99,-4.851376596526818,-3.823040105802939,8.684121372549065,13.176874460785776,20.874683271248067
300,1,ode,focei,bobyqa,TVCL,structural_intercept,0.6,100,0.9022739128838886,0.7489978545513292,1.264081951097081,1.9047660642953295,3.2339695587041666
300,1,ode,focei,bobyqa,TVVc,structural_intercept,20,100,1.9060764719098522,1.8750205580358856,2.21998520954533,3.1825294186910047,5.107659719903103
300,1,ode,focei,bobyqa,ResErr,structural_other,0.1,100,0.6200749595422008,0.7552265422254648,1.5287555796305448,2.489064305304535,4.317781250540445
300,1,ode,focei,bobyqa,TVKA,structural_other,0.7,100,0,4.282288809268461e-15,0,1.4274296030894868e-14,0
300,1,ode,focei,bobyqa,TVQ,structural_other,1.8,100,2.069081283462874,2.0882016026851016,2.069081283462874,2.213934983776104,3.0714191995329583
300,1,ode,focei,bobyqa,TVVp,structural_other,80,100,0.5167631417826257,0.5076087891494077,0.5470954883931965,0.7652246350230295,1.3014700474823844
300,1,ode,focei,bobyqa,cov_VcCL,structural_other,0.02,100,-6.197441032906149,-3.535199044444016,21.139015562922587,26.094027478540493,39.115148125589435
300,1,ode,focei,bobyqa,var_CL,structural_other,0.1,100,-1.3992001317306781,-2.057129962737247,5.547283769716811,8.85861878445636,15.673552298168358
300,1,ode,focei,bobyqa,var_Vc,structural_other,0.1,100,-4.284682161172782,-2.8276892141366425,7.985441770771408,12.8513639629302,20.162736117466913
300,2,linCmt,focei,bobyqa,VcSEX,covariate_beta,0.4054651081081644,100,0.6489196815652221,-0.7471330494778583,7.5707805113409785,11.785062912886163,18.978756588137617
300,2,linCmt,focei,bobyqa,TVCL,structural_intercept,0.6,100,0.6314915413172159,0.8344597382536832,1.3559253739976556,2.3432397922874753,3.835249734341765
300,2,linCmt,focei,bobyqa,TVVc,structural_intercept,20,100,0.8682098308121411,1.3356567653076183,2.1867795983134286,3.7028018904570734,6.078371026533988
300,2,linCmt,focei,bobyqa,ResErr,structural_other,0.1,100,-0.1255770782429555,0.2123535600477032,1.899701735097202,2.7227209510151593,4.7844532305738134
300,2,linCmt,focei,bobyqa,TVKA,structural_other,0.7,100,4.7580986769649564e-14,4.7580986769649564e-14,4.7580986769649564e-14,4.7580986769649564e-14,4.7580986769649564e-14
300,2,linCmt,focei,bobyqa,TVQ,structural_other,1.8,100,1.8570345940878266,1.7916004049975471,1.8570345940878266,2.027601742878999,2.995785801801957
300,2,linCmt,focei,bobyqa,TVVp,structural_other,80,100,0.26937373591379377,0.29516028746846334,0.4784116653518656,0.6942908235624616,1.1631747923846896
300,2,linCmt,focei,bobyqa,cov_VcCL,structural_other,0.02,100,-1.8144149595495425,-1.846530486761113,16.461326542924176,24.01158721217227,40.80168706246417
300,2,linCmt,focei,bobyqa,var_CL,structural_other,0.1,100,0.2463782914645038,-0.07070634589706498,5.445793596623227,7.558320967964208,11.70588130936743
300,2,linCmt,focei,bobyqa,var_Vc,structural_other,0.1,100,-3.2460415094575645,-2.6505025111353833,8.440764044254353,12.364001067378247,20.134301729489472
300,2,ode,focei,bobyqa,VcSEX,covariate_beta,0.4054651081081644,100,1.0962708887167967,-0.6689740097889243,7.483679262064605,11.790938358480672,18.909208006901242
300,2,ode,focei,bobyqa,TVCL,structural_intercept,0.6,100,0.6282116802314257,0.7856911487016991,1.335960194172666,2.2674705361017047,3.788549982179014
300,2,ode,focei,bobyqa,TVVc,structural_intercept,20,100,0.8011262457228696,1.2776426399039387,2.1598366155750526,3.664357891748703,6.073360003738622
300,2,ode,focei,bobyqa,ResErr,structural_other,0.1,100,-0.18601823879347418,0.16312502810794507,1.950220157238669,2.72642597233139,4.696311693847878
300,2,ode,focei,bobyqa,TVKA,structural_other,0.7,100,4.7580986769649564e-14,4.7580986769649564e-14,4.7580986769649564e-14,4.7580986769649564e-14,4.7580986769649564e-14
300,2,ode,focei,bobyqa,TVQ,structural_other,1.8,100,1.8215319772042924,1.767477858801739,1.8215319772042924,2.0085033595877513,3.0066493492743116
300,2,ode,focei,bobyqa,TVVp,structural_other,80,100,0.25120616449013866,0.2859469037843617,0.48530208021535515,0.6909482234795783,1.1318601025300274
300,2,ode,focei,bobyqa,cov_VcCL,structural_other,0.02,100,-5.365125011402225,-4.563348696661205,16.906950241956384,25.217377848153383,44.52398950170075
300,2,ode,focei,bobyqa,var_CL,structural_other,0.1,100,0.27012791011825354,-0.1535549505260457,5.654030711060291,7.559941076552175,11.673540918944607
300,2,ode,focei,bobyqa,var_Vc,structural_other,0.1,100,-2.598248437378978,-2.302837607990263,8.34553492400239,12.423997632123534,20.52196171642344
300,3,linCmt,focei,bobyqa,VcBW,covariate_beta,1,90,0.7839112224507727,0.6586028618097065,5.195255323821479,11.346595039589378,15.718157038208755
300,3,linCmt,focei,bobyqa,TVCL,structural_intercept,0.6,100,1.0167710852256133,0.817280303412115,1.5583642804030038,2.109097224857985,3.4954455029070837
300,3,linCmt,focei,bobyqa,TVVc,structural_intercept,20,100,1.2352785480364492,1.1058746833816278,1.981965535627115,3.0722478381707354,5.2275273165099385
300,3,linCmt,focei,bobyqa,ResErr,structural_other,0.1,100,0.7882230963149606,0.7821275652444772,1.7527325501542623,2.5028850224583366,4.2260793460566495
300,3,linCmt,focei,bobyqa,TVKA,structural_other,0.7,100,4.7580986769649564e-14,4.7580986769649564e-14,4.7580986769649564e-14,4.7580986769649564e-14,4.7580986769649564e-14
300,3,linCmt,focei,bobyqa,TVQ,structural_other,1.8,100,2.0858457014055505,2.082705897116085,2.0858457014055505,2.271916656423371,3.287616397647218
300,3,linCmt,focei,bobyqa,TVVp,structural_other,80,100,0.46099301273150317,0.46296571802713904,0.549322694178791,0.8142329464536407,1.2575435429119006
300,3,linCmt,focei,bobyqa,cov_VcCL,structural_other,0.02,100,1.320029769409023,0.5727612366689453,16.510275422899547,25.50422445703102,44.08093261283755
300,3,linCmt,focei,bobyqa,var_CL,structural_other,0.1,100,-0.7929925740750507,-0.8874510345613505,6.275176976111865,8.407641387958382,13.59081491409777
300,3,linCmt,focei,bobyqa,var_Vc,structural_other,0.1,100,-4.790245182645925,-3.8766594002247627,8.499971382498972,13.062096288926975,19.453457992157595
300,3,ode,focei,bobyqa,VcBW,covariate_beta,1,95,0.7093888043818719,0.7450129659539183,5.2635674632386165,11.470519740044335,17.743320563427872
300,3,ode,focei,bobyqa,TVCL,structural_intercept,0.6,100,0.8919504717419906,0.7736039339518423,1.5207766455673881,2.0820133855459404,3.5282863256914236
300,3,ode,focei,bobyqa,TVVc,structural_intercept,20,100,1.2847413674920993,1.1690430855427587,1.964936094288152,3.0668951007817404,5.114227030088475
300,3,ode,focei,bobyqa,ResErr,structural_other,0.1,100,0.7866218544450645,0.7502734425203955,1.7444812544259725,2.5036972491387455,4.232266787565502
300,3,ode,focei,bobyqa,TVKA,structural_other,0.7,100,4.7580986769649564e-14,4.7580986769649564e-14,4.7580986769649564e-14,4.7580986769649564e-14,4.7580986769649564e-14
300,3,ode,focei,bobyqa,TVQ,structural_other,1.8,100,2.0457920153496505,2.0578610726446844,2.0457920153496505,2.247170199226348,3.195876034085314
300,3,ode,focei,bobyqa,TVVp,structural_other,80,100,0.45637696484592816,0.4556158515483588,0.5327425739676794,0.8084375631541016,1.2457921006033355
300,3,ode,focei,bobyqa,cov_VcCL,structural_other,0.02,100,1.040894542385408,0.5521024224009291,17.56500061212907,26.286640265205868,42.64031052005155
300,3,ode,focei,bobyqa,var_CL,structural_other,0.1,100,-0.463905877101968,-0.8714669146623912,6.4780128686929075,8.419005126701787,13.50616938753952
300,3,ode,focei,bobyqa,var_Vc,structural_other,0.1,100,-4.254312467538463,-3.667404454799182,8.611298383963705,12.777145373215962,19.212189519216498
300,4,linCmt,focei,bobyqa,VcBW,covariate_beta,1,92,1.8289924491059706,0.5449877221970044,5.838001662293591,9.304108860913479,15.775137002759065
300,4,linCmt,focei,bobyqa,VcSEX,covariate_beta,0.4054651081081644,100,-0.36949171458401425,0.02636515463246589,9.010124384277397,12.991619121426764,20.47160817131414
300,4,linCmt,focei,bobyqa,TVCL,structural_intercept,0.6,100,0.5355961498935691,0.6319191706635474,1.2253503084899513,2.101068160788159,3.4520210435018726
300,4,linCmt,focei,bobyqa,TVVc,structural_intercept,20,100,1.7029860781904291,1.5193928145505295,2.4012905682356944,3.48300441784887,5.350212084479651
300,4,linCmt,focei,bobyqa,ResErr,structural_other,0.1,100,0.34432868721687854,0.08222725134192768,1.5626153107635155,2.348050105154557,3.5487927549603295
300,4,linCmt,focei,bobyqa,TVKA,structural_other,0.7,100,4.7580986769649564e-14,4.7580986769649564e-14,4.7580986769649564e-14,4.7580986769649564e-14,4.7580986769649564e-14
300,4,linCmt,focei,bobyqa,TVQ,structural_other,1.8,100,1.919168271942199,1.8494708982100527,1.919168271942199,2.0739833836576222,2.936106150424831
300,4,linCmt,focei,bobyqa,TVVp,structural_other,80,100,0.2923094858588815,0.2893719278693272,0.5230081721795177,0.7171080504493149,1.1567912900870356
300,4,linCmt,focei,bobyqa,cov_VcCL,structural_other,0.02,100,2.0052949207745656,0.9591324365145154,15.143878268905219,24.845158389907773,37.1670101680623
300,4,linCmt,focei,bobyqa,var_CL,structural_other,0.1,100,-0.559432590297275,0.0205911441429113,5.403840755970925,8.28155494256209,13.862878409381704
300,4,linCmt,focei,bobyqa,var_Vc,structural_other,0.1,100,-2.320409748782247,-3.281111616074201,8.68612380495995,12.557433561069924,21.722924601842927
300,4,ode,focei,bobyqa,VcBW,covariate_beta,1,91,1.1882714852712528,0.7061471795850144,6.255259352250375,9.467413296693673,15.73011707223757
300,4,ode,focei,bobyqa,VcSEX,covariate_beta,0.4054651081081644,99,-0.22069499301777246,0.23914049994183503,9.075159747623513,14.442783676878998,21.52642637450431
300,4,ode,focei,bobyqa,TVCL,structural_intercept,0.6,99,0.517664666658979,0.614939050351536,1.1868781020958157,2.099477120491758,3.468053160886146
300,4,ode,focei,bobyqa,TVVc,structural_intercept,20,99,1.7029807235864245,1.5429187599596976,2.3332985897133085,3.479645793138136,5.425562308790549
300,4,ode,focei,bobyqa,ResErr,structural_other,0.1,99,0.32285032216818055,0.05227129594922871,1.6100033505437734,2.348450661817132,3.560271534308046
300,4,ode,focei,bobyqa,TVKA,structural_other,0.7,99,4.7580986769649564e-14,4.7580986769649564e-14,4.7580986769649564e-14,4.7580986769649564e-14,4.7580986769649564e-14
300,4,ode,focei,bobyqa,TVQ,structural_other,1.8,99,1.9014754844110218,1.8388418130139628,1.9014754844110218,2.0636229235216854,2.9101317265979856
300,4,ode,focei,bobyqa,TVVp,structural_other,80,99,0.3015646205471967,0.28807482023839087,0.5270488434224063,0.7171321946530591,1.1576714329669395
300,4,ode,focei,bobyqa,cov_VcCL,structural_other,0.02,99,-1.3353883574116625,-0.6405635875101237,17.55270003281821,25.25549483247242,37.826557726946234
300,4,ode,focei,bobyqa,var_CL,structural_other,0.1,99,-0.3409491111234092,0.09199770483225003,5.373906739494491,8.23834822573133,13.644893374330389
300,4,ode,focei,bobyqa,var_Vc,structural_other,0.1,99,-2.24775507483585,-3.1947313807745883,8.756786897115038,12.54545681626553,21.509435856858495
300,5,linCmt,focei,bobyqa,CLcrCL,covariate_beta,0.5,94,0.15950868636687154,1.0975386447976516,5.478393357801837,8.969159272987048,15.352597575471757
300,5,linCmt,focei,bobyqa,TVCL,structural_intercept,0.6,100,0.8994263634763041,0.88873483105968,1.260475094306333,2.1026739584791643,3.5668248828725093
300,5,linCmt,focei,bobyqa,TVVc,structural_intercept,20,100,1.6809143917104572,1.603965960490907,2.0740900590487232,2.807112540582607,4.625528728263405
300,5,linCmt,focei,bobyqa,ResErr,structural_other,0.1,100,0.5116874989690573,0.7531392442103277,1.648335138325796,2.7248616387701117,4.580881198081459
300,5,linCmt,focei,bobyqa,TVKA,structural_other,0.7,100,4.7580986769649564e-14,4.7580986769649564e-14,4.7580986769649564e-14,4.7580986769649564e-14,4.7580986769649564e-14
300,5,linCmt,focei,bobyqa,TVQ,structural_other,1.8,100,2.1618035913770575,1.9997366294756878,2.1618035913770575,2.1582635255425435,3.045541026550124
300,5,linCmt,focei,bobyqa,TVVp,structural_other,80,100,0.4195281231040138,0.45471207277243747,0.46673841110036923,0.7226710313540231,1.1405992881681701
300,5,linCmt,focei,bobyqa,cov_VcCL,structural_other,0.02,100,-2.995209585037505,-3.629853265152235,18.059421809111935,28.88215368956015,48.4929913434272
300,5,linCmt,focei,bobyqa,var_CL,structural_other,0.1,100,-3.8771748387023686,-2.5296050019770178,6.444348575779267,8.860995389555482,13.640650787132927
300,5,linCmt,focei,bobyqa,var_Vc,structural_other,0.1,100,-1.2289329363155341,-2.4012282034934755,8.520338445801904,12.937323296122955,21.978636713867797
300,5,ode,focei,bobyqa,CLcrCL,covariate_beta,0.5,94,0.2756759205606585,1.0591517933713273,5.241995742279981,8.882023985871426,15.200312071464545
300,5,ode,focei,bobyqa,TVCL,structural_intercept,0.6,100,0.8374340045494607,0.8523731480087902,1.258378663772116,2.0669714932717875,3.5194987068034465
300,5,ode,focei,bobyqa,TVVc,structural_intercept,20,100,1.574820600964939,1.5747188341955436,2.0384785415615614,2.7820481840237745,4.609784668719192
300,5,ode,focei,bobyqa,ResErr,structural_other,0.1,100,0.40554047130315907,0.6624781349327811,1.781299836339914,2.6926527470441264,4.660367085101783
300,5,ode,focei,bobyqa,TVKA,structural_other,0.7,100,4.7580986769649564e-14,4.7580986769649564e-14,4.7580986769649564e-14,4.7580986769649564e-14,4.7580986769649564e-14
300,5,ode,focei,bobyqa,TVQ,structural_other,1.8,100,2.114725249392737,1.965953134949349,2.114725249392737,2.126690712676419,3.0150505624222337
300,5,ode,focei,bobyqa,TVVp,structural_other,80,100,0.4035834743489186,0.44075502450313075,0.4580960637764431,0.7131800049192777,1.1331088133580354
300,5,ode,focei,bobyqa,cov_VcCL,structural_other,0.02,100,-2.1078433510083197,-4.532107814261081,18.122125294312085,28.270582196140342,45.015833567542565
300,5,ode,focei,bobyqa,var_CL,structural_other,0.1,100,-3.8348795877117885,-2.514205992302745,6.675307244135446,8.862777854825524,13.975389838644785
300,5,ode,focei,bobyqa,var_Vc,structural_other,0.1,100,-0.09759284484283509,-1.783534260543627,8.844591143100281,12.893870598961335,21.234002860127895
300,6,linCmt,focei,bobyqa,CLcrCL,covariate_beta,0.5,94,1.3098268122460843,0.5879087704823228,6.077230479826423,8.873117163501885,13.622927842646748
300,6,linCmt,focei,bobyqa,VcSEX,covariate_beta,0.4054651081081644,100,-1.8346965382499623,0.04075827500784374,7.6819104814625225,10.615379917375643,18.119981041474563
300,6,linCmt,focei,bobyqa,TVCL,structural_intercept,0.6,100,0.8244516325553638,0.6596394564203961,1.3310959522232955,2.014556111560589,2.9646428837039496
300,6,linCmt,focei,bobyqa,TVVc,structural_intercept,20,100,1.3181404365376004,1.3789725879333825,2.584733773013994,3.538347921907101,5.793583187129432
300,6,linCmt,focei,bobyqa,ResErr,structural_other,0.1,100,-0.18559654855371255,0.06807791395586363,1.7123848454164357,2.469031900464957,4.286289653974864
300,6,linCmt,focei,bobyqa,TVKA,structural_other,0.7,100,4.7580986769649564e-14,4.7580986769649564e-14,4.7580986769649564e-14,4.7580986769649564e-14,4.7580986769649564e-14
300,6,linCmt,focei,bobyqa,TVQ,structural_other,1.8,100,2.138943962466728,2.0704841857902823,2.138943962466728,2.2634570735515895,3.1559070191452854
300,6,linCmt,focei,bobyqa,TVVp,structural_other,80,100,0.39996259301217313,0.4186923528517603,0.5534478712172497,0.7468619903404633,1.1231901630523264
300,6,linCmt,focei,bobyqa,cov_VcCL,structural_other,0.02,100,-3.8232304820590577,-1.1397347378795573,16.720778710173047,27.154297202227117,43.00187020540307
300,6,linCmt,focei,bobyqa,var_CL,structural_other,0.1,100,-1.286414428235412,-0.7199638694424894,5.466549360481313,9.137440080079042,15.198160522633842
300,6,linCmt,focei,bobyqa,var_Vc,structural_other,0.1,100,-1.20616644936241,-2.6058928821129377,8.470393474825027,11.840813237147449,19.721321971445725
300,6,ode,focei,bobyqa,CLcrCL,covariate_beta,0.5,93,1.1714322189238846,0.5443553861145611,6.110619385980598,8.992652098113005,14.249681709743925
300,6,ode,focei,bobyqa,VcSEX,covariate_beta,0.4054651081081644,99,-1.7594708106032333,0.14104034559113593,7.87915010835083,10.62609130931754,17.94028308513222
300,6,ode,focei,bobyqa,TVCL,structural_intercept,0.6,99,0.7624194022395152,0.5782044263390325,1.3284039518348483,1.9343392650178926,2.8821493403002183
300,6,ode,focei,bobyqa,TVVc,structural_intercept,20,99,1.3373287433870296,1.3361025563854882,2.5546717030183252,3.5423997658191952,5.757461880469805
300,6,ode,focei,bobyqa,ResErr,structural_other,0.1,99,-0.20134320440086395,0.033301078851328415,1.715368731750086,2.477303775116568,4.360463524785488
300,6,ode,focei,bobyqa,TVKA,structural_other,0.7,99,4.7580986769649564e-14,4.7580986769649564e-14,4.7580986769649564e-14,4.7580986769649564e-14,4.7580986769649564e-14
300,6,ode,focei,bobyqa,TVQ,structural_other,1.8,99,2.121060430661835,2.0496697933049854,2.121060430661835,2.2468407138024293,3.099879383195467
300,6,ode,focei,bobyqa,TVVp,structural_other,80,99,0.37470296089315624,0.4043883038603708,0.5323464155802959,0.7403893700485945,1.101154052609452
300,6,ode,focei,bobyqa,cov_VcCL,structural_other,0.02,99,-3.244516295559108,-1.2188509003406869,16.48972395458709,26.632668436472517,40.444276042203384
300,6,ode,focei,bobyqa,var_CL,structural_other,0.1,99,-1.206036613195599,-0.6207406360732484,6.067435230926551,9.182478571947634,15.676641956422044
300,6,ode,focei,bobyqa,var_Vc,structural_other,0.1,99,-1.7347496104423015,-2.240861358558178,7.855243454881575,11.745451141138732,19.012141478364654
300,7,linCmt,focei,bobyqa,CLcrCL,covariate_beta,0.5,90,-0.1731539756748779,-1.256285442099146,5.823918665520966,9.425827977129241,16.239970099312217
300,7,linCmt,focei,bobyqa,VcBW,covariate_beta,1,83,0.41412091881005697,0.20545875958303986,7.294320423322143,10.324018398351017,15.197402070650703
300,7,linCmt,focei,bobyqa,TVCL,structural_intercept,0.6,97,0.6607318092914372,0.6259800521815647,1.5272364689270328,2.3578620215482804,3.977233823730257
300,7,linCmt,focei,bobyqa,TVVc,structural_intercept,20,97,0.5620732621716407,1.1634359682615418,1.6102752060705505,3.050910495054832,4.8559622295715785
300,7,linCmt,focei,bobyqa,ResErr,structural_other,0.1,97,0.17272237179767613,-0.015138951096313556,1.798697274269165,2.386016243086722,3.648494221532455
300,7,linCmt,focei,bobyqa,TVKA,structural_other,0.7,97,4.7580986769649564e-14,4.7580986769649564e-14,4.7580986769649564e-14,4.7580986769649564e-14,4.7580986769649564e-14
300,7,linCmt,focei,bobyqa,TVQ,structural_other,1.8,97,1.9699686329680062,1.9833757932481246,1.9699686329680062,2.1362087349402388,2.8721684110241488
300,7,linCmt,focei,bobyqa,TVVp,structural_other,80,97,0.45124015879174806,0.4517340590349404,0.4926302551991846,0.6984851886136192,1.0771630562853043
300,7,linCmt,focei,bobyqa,cov_VcCL,structural_other,0.02,97,-4.795301283168682,-2.8282007987241653,18.57320479621668,25.825753972227734,38.90249603535678
300,7,linCmt,focei,bobyqa,var_CL,structural_other,0.1,97,-2.84955476545215,-2.3322800681664604,6.164568412203087,9.987224891090946,16.553073496705416
300,7,linCmt,focei,bobyqa,var_Vc,structural_other,0.1,97,-2.2538343433215062,-2.710241524470384,8.37167977083654,12.679172649223386,20.410802794813325
300,7,ode,focei,bobyqa,CLcrCL,covariate_beta,0.5,91,-0.44567431171548266,-1.0475831874952217,5.581236832266212,9.152099342441641,15.514012505840347
300,7,ode,focei,bobyqa,VcBW,covariate_beta,1,88,0.7238354750296105,0.5962019427405514,7.523247798809924,10.453755738740627,14.79192888738489
300,7,ode,focei,bobyqa,TVCL,structural_intercept,0.6,100,0.6222969737455508,0.6022541159939662,1.5226212448153273,2.2896589840661927,3.8502492787794234
300,7,ode,focei,bobyqa,TVVc,structural_intercept,20,100,0.5605684963016966,1.2338637896355242,1.7248411730024935,3.014761995500574,4.7442814551168295
300,7,ode,focei,bobyqa,ResErr,structural_other,0.1,100,0.1445273115253179,-0.047255784954630536,1.7955415289683598,2.3622998223694798,3.6053620244871922
300,7,ode,focei,bobyqa,TVKA,structural_other,0.7,100,4.7580986769649564e-14,4.7580986769649564e-14,4.7580986769649564e-14,4.7580986769649564e-14,4.7580986769649564e-14
300,7,ode,focei,bobyqa,TVQ,structural_other,1.8,100,1.9354365096463007,1.9451211913551296,1.9354365096463007,2.10431786438994,2.8739645505201494
300,7,ode,focei,bobyqa,TVVp,structural_other,80,100,0.44580462515710906,0.43818192245258286,0.5148506531978736,0.6962049127894856,1.0581534228961955
300,7,ode,focei,bobyqa,cov_VcCL,structural_other,0.02,100,-4.965669803423207,-1.7414403209824088,17.76064578392866,26.614372478770747,41.14004969147892
300,7,ode,focei,bobyqa,var_CL,structural_other,0.1,100,-2.8601019514043826,-2.260133266999854,6.167671120624226,10.002650587635216,16.61510867943866
300,7,ode,focei,bobyqa,var_Vc,structural_other,0.1,100,-1.2643789703908546,-2.4801947066063414,8.595740103360388,12.734058965560118,20.81275685770375
300,8,linCmt,focei,bobyqa,CLcrCL,covariate_beta,0.5,88,1.2597819367376806,0.954510839681644,8.346280021415375,10.330396056748885,14.597983302026496
300,8,linCmt,focei,bobyqa,VcBW,covariate_beta,1,88,-0.02796764995767753,1.4441692745451393,5.8077517953689375,12.325669374784658,15.259884007277947
300,8,linCmt,focei,bobyqa,VcSEX,covariate_beta,0.4054651081081644,98,1.5615969747646408,0.474193551215199,8.286351174635048,12.636051318403045,17.64940891720529
300,8,linCmt,focei,bobyqa,TVCL,structural_intercept,0.6,98,0.7063543353650985,0.6521152317651521,1.263598410986888,2.2367711912898565,3.9283410683928786
300,8,linCmt,focei,bobyqa,TVVc,structural_intercept,20,98,1.0819744990657743,1.4611961441737396,2.4009360024524717,3.3575167185499826,5.716487027551444
300,8,linCmt,focei,bobyqa,ResErr,structural_other,0.1,98,0.2528086577130856,0.32858513790585125,1.7593698904545472,2.2921509651775316,3.7559680445184838
300,8,linCmt,focei,bobyqa,TVKA,structural_other,0.7,98,4.7580986769649564e-14,4.7580986769649564e-14,4.7580986769649564e-14,4.7580986769649564e-14,4.7580986769649564e-14
300,8,linCmt,focei,bobyqa,TVQ,structural_other,1.8,98,2.0185034758998244,1.9163657005539305,2.0185034758998244,2.1024251143524757,2.9252854143284788
300,8,linCmt,focei,bobyqa,TVVp,structural_other,80,98,0.407538799867373,0.3252678608632942,0.5484428915691808,0.6780111150975525,1.0146284927083116
300,8,linCmt,focei,bobyqa,cov_VcCL,structural_other,0.02,98,-0.49697471527826786,1.3200771789860046,17.745974216428685,25.20046779935284,39.99960047964688
300,8,linCmt,focei,bobyqa,var_CL,structural_other,0.1,98,-2.7424392270339117,-1.8003947093725376,5.2539880155334435,8.645202499875754,13.875996690087769
300,8,linCmt,focei,bobyqa,var_Vc,structural_other,0.1,98,-4.047227574929694,-2.8900540457660453,8.472913656851086,10.484765410621362,17.145008942069563
300,8,ode,focei,bobyqa,CLcrCL,covariate_beta,0.5,89,0.9846033215610728,0.9886937479888822,8.37233677139897,10.321512290299548,15.05465067288175
300,8,ode,focei,bobyqa,VcBW,covariate_beta,1,89,-0.5418544274512604,1.5980118167758084,6.062623199173589,13.115553733387353,15.114637341464693
300,8,ode,focei,bobyqa,VcSEX,covariate_beta,0.4054651081081644,99,1.5040960546377549,0.37895007048358426,7.992509645001021,12.63792921246753,17.74636024295775
300,8,ode,focei,bobyqa,TVCL,structural_intercept,0.6,99,0.6961278811043285,0.6263241199969038,1.1166757425111011,2.0775201404088897,3.6948356846942763
300,8,ode,focei,bobyqa,TVVc,structural_intercept,20,99,1.0893254023334364,1.4911787617011447,2.480165951893678,3.4055223326461728,5.7162351126687305
300,8,ode,focei,bobyqa,ResErr,structural_other,0.1,99,0.24498615823838332,0.2765650241679779,1.7712984396981157,2.2713056955104003,3.792048899283471
300,8,ode,focei,bobyqa,TVKA,structural_other,0.7,99,4.7580986769649564e-14,4.7580986769649564e-14,4.7580986769649564e-14,4.7580986769649564e-14,4.7580986769649564e-14
300,8,ode,focei,bobyqa,TVQ,structural_other,1.8,99,1.9323491684683687,1.871700199373811,1.9323491684683687,2.06361941634346,2.9133630497243033
300,8,ode,focei,bobyqa,TVVp,structural_other,80,99,0.40460866143240176,0.314992400756862,0.5488200700951751,0.6833874484860465,1.0148546417837956
300,8,ode,focei,bobyqa,cov_VcCL,structural_other,0.02,99,-0.5035142539450838,0.5119726132621443,17.681037582605015,24.68114799789668,38.09109695460899
300,8,ode,focei,bobyqa,var_CL,structural_other,0.1,99,-2.121027514100579,-1.6258242737624038,5.192700380799067,8.629415548197262,13.535526434229132
300,8,ode,focei,bobyqa,var_Vc,structural_other,0.1,99,-3.4952038241840984,-2.4453080053021754,7.606531315094644,10.443301288001274,16.606991052618863
300,9,linCmt,focei,bobyqa,CLBW,covariate_beta,0.75,78,-1.0770730754561773,-0.18059851398086263,6.05080926550321,12.8485005903553,20.2212374213002
300,9,linCmt,focei,bobyqa,TVCL,structural_intercept,0.6,100,0.7416060640089706,0.6998171716141762,1.8120122371941365,2.380177421168471,3.68868306787328
300,9,linCmt,focei,bobyqa,TVVc,structural_intercept,20,100,1.602391430137633,1.6074813557650887,2.015286918541399,2.992066768159254,5.0276169686812455
300,9,linCmt,focei,bobyqa,ResErr,structural_other,0.1,100,0.6455096857740719,0.5439066221107757,1.6166708012429198,2.2792527210067135,3.740365616054394
300,9,linCmt,focei,bobyqa,TVKA,structural_other,0.7,100,4.7580986769649564e-14,4.7580986769649564e-14,4.7580986769649564e-14,4.7580986769649564e-14,4.7580986769649564e-14
300,9,linCmt,focei,bobyqa,TVQ,structural_other,1.8,100,2.3958594566280502,2.400956401845742,2.3958594566280502,2.507580935745395,3.305550233227281
300,9,linCmt,focei,bobyqa,TVVp,structural_other,80,100,0.6769361275093022,0.6454318884071661,0.6769361275093022,0.8392768746916477,1.3372907029118208
300,9,linCmt,focei,bobyqa,cov_VcCL,structural_other,0.02,100,2.6707380149436357,2.0285978576227346,14.440110755808924,24.699604832520208,40.503397576711905
300,9,linCmt,focei,bobyqa,var_CL,structural_other,0.1,100,-2.884783851719863,-2.772320590686386,5.647863728654875,8.608739047284221,14.376888961606904
300,9,linCmt,focei,bobyqa,var_Vc,structural_other,0.1,100,1.1074375031945096,-0.4994145188748855,8.531435346595735,12.507887889836663,19.38095157726073
300,9,ode,focei,bobyqa,CLBW,covariate_beta,0.75,77,-0.4352352076127719,-0.5441915502771606,5.971947220114604,12.625874277000026,19.701905381507796
300,9,ode,focei,bobyqa,TVCL,structural_intercept,0.6,100,0.6355720021828382,0.6147285963381246,1.7231287131567372,2.3875427681242187,3.6333904854528907
300,9,ode,focei,bobyqa,TVVc,structural_intercept,20,100,1.5385977499942793,1.5257192050425117,2.023119071517412,2.9772459478801387,4.948862660115613
300,9,ode,focei,bobyqa,ResErr,structural_other,0.1,100,0.6048051240305428,0.42913557380419787,1.70543753306409,2.2401706150111926,3.658857592433843
300,9,ode,focei,bobyqa,TVKA,structural_other,0.7,100,4.7580986769649564e-14,4.7580986769649564e-14,4.7580986769649564e-14,4.7580986769649564e-14,4.7580986769649564e-14
300,9,ode,focei,bobyqa,TVQ,structural_other,1.8,100,2.3509177625491673,2.3551698412379167,2.3509177625491673,2.4616352479333337,3.2140296824871544
300,9,ode,focei,bobyqa,TVVp,structural_other,80,100,0.6556982715035086,0.624524204979573,0.6564851995057097,0.8252334738661115,1.3374927454359877
300,9,ode,focei,bobyqa,cov_VcCL,structural_other,0.02,100,2.842134945152926,0.7369353055063583,14.791431615182422,25.64754120615509,43.35369874708935
300,9,ode,focei,bobyqa,var_CL,structural_other,0.1,100,-3.0676358854964114,-2.662126197890106,5.778453463235612,8.696099919163318,14.081780179730266
300,9,ode,focei,bobyqa,var_Vc,structural_other,0.1,100,1.7079728431906582,0.45191899149760273,8.95527238358787,12.75071819653612,19.956530295202416
300,10,linCmt,focei,bobyqa,CLBW,covariate_beta,0.75,83,1.5459182591178808,1.4938154283420169,7.583430933079975,12.88090035700884,17.9661979768381
300,10,linCmt,focei,bobyqa,VcSEX,covariate_beta,0.4054651081081644,100,-0.663856888856688,-0.09313158052958741,6.614532512866611,9.49315938280233,14.895361426246827
300,10,linCmt,focei,bobyqa,TVCL,structural_intercept,0.6,100,-6.9889784147537934,-6.827319460170209,7.149879531458718,8.125076523222907,11.641073464269414
300,10,linCmt,focei,bobyqa,TVVc,structural_intercept,20,100,1.1279836379473274,1.4661054806138945,2.305461345550093,3.4694496073103633,5.58705427271413
300,10,linCmt,focei,bobyqa,ResErr,structural_other,0.1,100,-0.14959915483613723,0.14096122698441252,1.357687285898794,2.0791987983308173,3.5182563849985327
300,10,linCmt,focei,bobyqa,TVKA,structural_other,0.7,100,4.7580986769649564e-14,4.7580986769649564e-14,4.7580986769649564e-14,4.7580986769649564e-14,4.7580986769649564e-14
300,10,linCmt,focei,bobyqa,TVQ,structural_other,1.8,100,1.9811395682119857,2.0707467065007656,1.9811395682119857,2.2472983604539496,3.0516788476030827
300,10,linCmt,focei,bobyqa,TVVp,structural_other,80,100,0.42254346566791945,0.49547312419914,0.5278943591777098,0.8014857217159024,1.319040351182851
300,10,linCmt,focei,bobyqa,cov_VcCL,structural_other,0.02,100,-1.190687834509126,1.5797667909114437,18.987898046651612,28.681192118187187,45.2578751709727
300,10,linCmt,focei,bobyqa,var_CL,structural_other,0.1,100,-0.8916976537073142,-0.07540316560396651,6.304116444084476,7.931580680563371,11.951511936988082
300,10,linCmt,focei,bobyqa,var_Vc,structural_other,0.1,100,-4.771887412897545,-2.6994897084225267,10.169683662278148,13.445578860324467,21.533185893455556
300,10,ode,focei,bobyqa,CLBW,covariate_beta,0.75,79,2.0062987490649205,0.8342931755109563,7.017969514005307,10.488682860608819,17.695848252735303
300,10,ode,focei,bobyqa,VcSEX,covariate_beta,0.4054651081081644,100,-0.4143741039322633,-0.23716088846064293,6.8969785199970755,9.532137665001025,14.873055542993747
300,10,ode,focei,bobyqa,TVCL,structural_intercept,0.6,100,-6.696190819170714,-6.5195993680784685,6.804991773773297,7.863288939120662,11.424497980547347
300,10,ode,focei,bobyqa,TVVc,structural_intercept,20,100,1.0560913208145983,1.4522753332197387,2.2969539794713167,3.455989685212378,5.513913805756647
300,10,ode,focei,bobyqa,ResErr,structural_other,0.1,100,-0.1694032106556928,0.10160201933100284,1.3716678939138804,2.124862646225949,3.4695928211654916
300,10,ode,focei,bobyqa,TVKA,structural_other,0.7,100,4.7580986769649564e-14,4.7580986769649564e-14,4.7580986769649564e-14,4.7580986769649564e-14,4.7580986769649564e-14
300,10,ode,focei,bobyqa,TVQ,structural_other,1.8,100,1.946432607227322,2.04693681966889,1.946432607227322,2.229452500734236,3.0567007191622184
300,10,ode,focei,bobyqa,TVVp,structural_other,80,100,0.41622979956342127,0.48510025992180633,0.5159014911447722,0.7941515488268923,1.304731128411179
300,10,ode,focei,bobyqa,cov_VcCL,structural_other,0.02,100,0.9421605406464105,0.42530685206755675,19.096702183561792,28.80066825091912,45.45625915414594
300,10,ode,focei,bobyqa,var_CL,structural_other,0.1,100,-0.9279787876510792,-0.11616787797669836,6.548011347176676,8.049543152719982,12.994423783970912
300,10,ode,focei,bobyqa,var_Vc,structural_other,0.1,100,-4.2296615567899085,-2.3640714597035064,9.73143467219395,13.592795219420605,22.194438106427203
300,11,linCmt,focei,bobyqa,CLBW,covariate_beta,0.75,68,-0.07654921116609555,0.47572618791427684,5.190540791885404,10.72158930111097,17.553088528318632
300,11,linCmt,focei,bobyqa,VcBW,covariate_beta,1,85,1.3476142676188463,0.8022821171922951,5.619748119799062,8.184517381972132,13.165970625522744
300,11,linCmt,focei,bobyqa,TVCL,structural_intercept,0.6,99,-6.647235854058057,-5.6776577328567335,6.647235854058057,7.1904927635390266,10.951754140134396
300,11,linCmt,focei,bobyqa,TVVc,structural_intercept,20,99,-9.76009074251726,-9.054585737973984,9.76009074251726,10.259771756764678,14.541931588614638
300,11,linCmt,focei,bobyqa,ResErr,structural_other,0.1,99,0.48304403793894557,0.4720317707903269,1.5507603740963216,2.5856955243951205,4.3377623861047345
300,11,linCmt,focei,bobyqa,TVKA,structural_other,0.7,99,4.7580986769649564e-14,4.7580986769649564e-14,4.7580986769649564e-14,4.7580986769649564e-14,4.7580986769649564e-14
300,11,linCmt,focei,bobyqa,TVQ,structural_other,1.8,99,1.8989233958711782,1.8722214184904666,1.8989233958711782,2.045337454990474,2.79944385201627
300,11,linCmt,focei,bobyqa,TVVp,structural_other,80,99,0.4087653188022955,0.4470919352405163,0.4825121230639162,0.7193816541372462,1.1907580370025033
300,11,linCmt,focei,bobyqa,cov_VcCL,structural_other,0.02,99,-1.270670926148982,1.2526796634622162,17.512921468329534,26.875551315747316,43.55660425483847
300,11,linCmt,focei,bobyqa,var_CL,structural_other,0.1,99,-1.3629500062164595,-1.3633172825220323,5.071827003678184,8.092560504964332,12.9892562002285
300,11,linCmt,focei,bobyqa,var_Vc,structural_other,0.1,99,-3.535447201757927,-3.413665846224328,8.210891823256114,12.236726422210163,20.032063394746263
300,11,ode,focei,bobyqa,CLBW,covariate_beta,0.75,57,0.12490705815757508,1.1445345305578571,6.9416207304825965,10.490370914870445,17.270961478112618
300,11,ode,focei,bobyqa,VcBW,covariate_beta,1,83,-0.4437747078579912,0.16747527231688156,6.202590216846127,9.11962351178832,14.149698549387008
300,11,ode,focei,bobyqa,TVCL,structural_intercept,0.6,99,-5.396805570043665,-4.773448775847409,5.575564433486058,6.983304009729103,10.841347945350806
300,11,ode,focei,bobyqa,TVVc,structural_intercept,20,99,-9.685840768002407,-8.738607810470299,9.685840768002407,10.120536956889149,14.29272059095314
300,11,ode,focei,bobyqa,ResErr,structural_other,0.1,99,0.44250280889916727,0.46425866934058196,1.6417070888147394,2.6063357045349775,4.333038034033734
300,11,ode,focei,bobyqa,TVKA,structural_other,0.7,99,4.7580986769649564e-14,4.7580986769649564e-14,4.7580986769649564e-14,4.7580986769649564e-14,4.7580986769649564e-14
300,11,ode,focei,bobyqa,TVQ,structural_other,1.8,99,1.9328323665002267,1.8910006990190968,1.9328323665002267,2.066829803580901,2.836896609608925
300,11,ode,focei,bobyqa,TVVp,structural_other,80,99,0.44738077860110076,0.46357703610570655,0.5064635243721405,0.7364276879982,1.1965915455737317
300,11,ode,focei,bobyqa,cov_VcCL,structural_other,0.02,99,9.15393081642608,10.681201378360356,22.3368630836317,35.76951390360622,58.248211412366594
300,11,ode,focei,bobyqa,var_CL,structural_other,0.1,99,-1.2401225150651811,-0.46692047768232997,4.984875345375728,8.932518348313163,13.2073194776945
300,11,ode,focei,bobyqa,var_Vc,structural_other,0.1,99,-4.125993569340403,-3.677059687632401,8.53199068720678,12.398894805535218,20.691178627025373
300,12,linCmt,focei,bobyqa,CLBW,covariate_beta,0.75,80,0.18879600628221027,0.38917487394309025,7.041191656722737,13.033104778472365,19.53699287835254
300,12,linCmt,focei,bobyqa,VcBW,covariate_beta,1,83,2.8499251834123607,3.220167118109342,6.097678464072254,14.176057080865966,15.28652753501573
300,12,linCmt,focei,bobyqa,VcSEX,covariate_beta,0.4054651081081644,100,-0.7800794440874879,-1.062590283424475,7.211903122041368,12.463759698297169,21.282353188249086
300,12,linCmt,focei,bobyqa,TVCL,structural_intercept,0.6,100,-7.5469754051230575,-6.555208424115941,7.9445928798215135,8.079600111575735,11.210941701818234
300,12,linCmt,focei,bobyqa,TVVc,structural_intercept,20,100,-10.236616646095866,-8.567572947663873,10.321052929694119,10.556803013505386,14.692975652959205
300,12,linCmt,focei,bobyqa,ResErr,structural_other,0.1,100,0.693280337889228,0.602560887318005,1.5765052851277674,2.506861072486313,3.7170160263485776
300,12,linCmt,focei,bobyqa,TVKA,structural_other,0.7,100,4.7580986769649564e-14,4.7580986769649564e-14,4.7580986769649564e-14,4.7580986769649564e-14,4.7580986769649564e-14
300,12,linCmt,focei,bobyqa,TVQ,structural_other,1.8,100,2.081459161733474,2.029572288708997,2.081459161733474,2.2293190514348287,3.231856299396484
300,12,linCmt,focei,bobyqa,TVVp,structural_other,80,100,0.3287148433576714,0.31877394303723355,0.5472788340604406,0.7186102804149547,1.1305513991125111
300,12,linCmt,focei,bobyqa,cov_VcCL,structural_other,0.02,100,0.6590658224241847,2.070699019011877,13.918342914484944,20.917355648270057,35.23812345536317
300,12,linCmt,focei,bobyqa,var_CL,structural_other,0.1,100,-1.6354883378081468,-1.7814634528101014,5.2813201244184125,8.692818426494153,14.524143570495665
300,12,linCmt,focei,bobyqa,var_Vc,structural_other,0.1,100,-5.115743095336745,-4.723766263330668,8.598262316452464,11.32162863037365,17.929969483212986
300,12,ode,focei,bobyqa,CLBW,covariate_beta,0.75,68,0.3227423630634811,1.0428639431847062,6.0859916909776395,13.198815156076119,19.347592509002975
300,12,ode,focei,bobyqa,VcBW,covariate_beta,1,78,0.8913998899377273,2.482309112589152,6.098325400863136,16.229812681497265,15.66610767024338
300,12,ode,focei,bobyqa,VcSEX,covariate_beta,0.4054651081081644,99,-0.2510572495828352,-0.3344537041904485,7.316134700294165,13.496716240730889,21.45263940317114
300,12,ode,focei,bobyqa,TVCL,structural_intercept,0.6,99,-6.91767979984768,-5.8266444431191315,7.226259942658187,7.7880593826385125,11.313077207003982
300,12,ode,focei,bobyqa,TVVc,structural_intercept,20,99,-9.495231064826992,-8.096073189517837,9.533943972826009,10.207009537114857,14.597592825071956
300,12,ode,focei,bobyqa,ResErr,structural_other,0.1,99,0.6824035913313709,0.5567871515129287,1.5358317232744556,2.5043398203462117,3.6431056342745545
300,12,ode,focei,bobyqa,TVKA,structural_other,0.7,99,4.7580986769649564e-14,4.7580986769649564e-14,4.7580986769649564e-14,4.7580986769649564e-14,4.7580986769649564e-14
300,12,ode,focei,bobyqa,TVQ,structural_other,1.8,99,2.080569344317119,2.0274942648518,2.080569344317119,2.2295835518956517,3.2107163558546516
300,12,ode,focei,bobyqa,TVVp,structural_other,80,99,0.36515659079711327,0.3177451082620798,0.5553682896788281,0.7205227194224675,1.1339803655350345
300,12,ode,focei,bobyqa,cov_VcCL,structural_other,0.02,99,5.802470478454072,5.283465220512453,16.645086449761163,22.90359002232015,36.76385498860678
300,12,ode,focei,bobyqa,var_CL,structural_other,0.1,99,-1.8280947431817962,-1.5970460042479657,5.49191280796589,8.84237839508281,14.558594373944981
300,12,ode,focei,bobyqa,var_Vc,structural_other,0.1,99,-5.235902888910418,-4.585968427622073,8.39708603524686,11.355086125664675,17.811671691346078
300,13,linCmt,focei,bobyqa,CLBW,covariate_beta,0.75,77,-0.6564707533334602,0.9061598137852331,7.708318265968665,11.93659003758169,18.459187388140847
300,13,linCmt,focei,bobyqa,CLcrCL,covariate_beta,0.5,73,-2.7628937420354216,-1.6612007233569703,7.415805534242015,12.654306489191963,19.300507207443403
300,13,linCmt,focei,bobyqa,TVCL,structural_intercept,0.6,96,-9.606186566683162,-8.684686227855355,9.606186566683162,9.96780170050393,13.518147409667586
300,13,linCmt,focei,bobyqa,TVVc,structural_intercept,20,96,1.0846891141916704,1.5315456139621815,1.6258151510466234,2.9412080133541156,4.66988605830169
300,13,linCmt,focei,bobyqa,ResErr,structural_other,0.1,96,-0.17759158990234697,0.03292113821809842,1.891700445252567,2.4707400723103192,3.941142077903276
300,13,linCmt,focei,bobyqa,TVKA,structural_other,0.7,96,4.7580986769649564e-14,4.7580986769649564e-14,4.7580986769649564e-14,4.7580986769649564e-14,4.7580986769649564e-14
300,13,linCmt,focei,bobyqa,TVQ,structural_other,1.8,96,2.1488379240165507,2.1280349391876072,2.1488379240165507,2.2585480284001673,2.9343139685755437
300,13,linCmt,focei,bobyqa,TVVp,structural_other,80,96,0.6418283787071744,0.6251491293407907,0.7166500988987146,0.8612284232288039,1.322834485050537
300,13,linCmt,focei,bobyqa,cov_VcCL,structural_other,0.02,96,-1.2774194702326516,-2.7411755336895958,21.93001048351218,27.837247871685307,43.073427911399584
300,13,linCmt,focei,bobyqa,var_CL,structural_other,0.1,96,-2.3972513701985485,-1.3375449999335232,6.34883968977528,8.334454480443224,13.108185508292388
300,13,linCmt,focei,bobyqa,var_Vc,structural_other,0.1,96,-0.5128353097521923,-1.0960510744376735,7.7326813343224705,12.273165366676226,21.03932328385402
300,13,ode,focei,bobyqa,CLBW,covariate_beta,0.75,82,-1.6215074432257337,-0.36275417814825905,8.406110803344088,12.21376470369801,16.998958067604537
300,13,ode,focei,bobyqa,CLcrCL,covariate_beta,0.5,70,-1.320777769315079,-1.1149518907170215,7.306799413664322,13.896534550934614,23.065939001696705
300,13,ode,focei,bobyqa,TVCL,structural_intercept,0.6,96,-10.10214176087702,-8.955725377251389,10.10214176087702,10.264113100957768,13.684931839329026
300,13,ode,focei,bobyqa,TVVc,structural_intercept,20,96,0.9210505135206316,1.3397961316957343,1.60261081917767,2.8956903419276427,4.574278331312858
300,13,ode,focei,bobyqa,ResErr,structural_other,0.1,96,-0.30981876293960375,-0.15329300639340557,1.9452993009065958,2.528951622120943,3.8726712474013296
300,13,ode,focei,bobyqa,TVKA,structural_other,0.7,96,4.7580986769649564e-14,4.7580986769649564e-14,4.7580986769649564e-14,4.7580986769649564e-14,4.7580986769649564e-14
300,13,ode,focei,bobyqa,TVQ,structural_other,1.8,96,2.109817781975905,2.074560833676746,2.109817781975905,2.2088665904055427,2.9125461704048483
300,13,ode,focei,bobyqa,TVVp,structural_other,80,96,0.6515531023920839,0.5939169579663329,0.7178959071300995,0.8464221941333872,1.2919241147413807
300,13,ode,focei,bobyqa,cov_VcCL,structural_other,0.02,96,-5.551203470368021,-4.376191454588162,19.9760345178528,28.84997859100865,45.87191708460499
300,13,ode,focei,bobyqa,var_CL,structural_other,0.1,96,-2.4539496788743356,-1.096790093905961,6.650442365948001,8.182816631054331,13.293720712372739
300,13,ode,focei,bobyqa,var_Vc,structural_other,0.1,96,-0.929519290968725,-0.31671050426146935,9.06453278176403,13.537163518896515,21.443849709531406
300,14,linCmt,focei,bobyqa,CLBW,covariate_beta,0.75,77,1.5502870190068276,0.4031809351674391,8.073253617045866,12.117297318701068,18.871277526903828
300,14,linCmt,focei,bobyqa,CLcrCL,covariate_beta,0.5,75,-2.5314103080823713,-2.229989182915747,6.826233368385404,11.113508231327616,16.35461051336984
300,14,linCmt,focei,bobyqa,VcSEX,covariate_beta,0.4054651081081644,98,-0.8917098993555035,-1.2885987849703588,8.58647965335674,12.012994142415074,16.312757922314695
300,14,linCmt,focei,bobyqa,TVCL,structural_intercept,0.6,98,-8.597965844642934,-8.788765519936224,8.597965844642934,9.759669022059189,13.694654471223217
300,14,linCmt,focei,bobyqa,TVVc,structural_intercept,20,98,2.075135523404903,1.92349491034145,2.425488793974102,3.844653717661288,6.525914951414786
300,14,linCmt,focei,bobyqa,ResErr,structural_other,0.1,98,0.4774947081913686,0.5926186169156009,1.367921882426515,2.583100827258747,4.450807269864061
300,14,linCmt,focei,bobyqa,TVKA,structural_other,0.7,98,4.7580986769649564e-14,4.7580986769649564e-14,4.7580986769649564e-14,4.7580986769649564e-14,4.7580986769649564e-14
300,14,linCmt,focei,bobyqa,TVQ,structural_other,1.8,98,1.6930521956251863,1.7441845306495012,1.6930521956251863,1.9455690068363642,2.885578672491361
300,14,linCmt,focei,bobyqa,TVVp,structural_other,80,98,0.6132793461858022,0.5442284021506949,0.6305176496613107,0.817324070780378,1.3239061582788436
300,14,linCmt,focei,bobyqa,cov_VcCL,structural_other,0.02,98,-3.021679198402117,-4.015408441879707,19.700242672546665,28.792792798651256,46.78048431618016
300,14,linCmt,focei,bobyqa,var_CL,structural_other,0.1,98,-1.96915391853255,-1.8888330540923042,5.932507992453748,8.458342814343233,13.744366064838086
300,14,linCmt,focei,bobyqa,var_Vc,structural_other,0.1,98,-3.0901231235905895,-3.6575858176934375,9.614239554745712,12.222101607456796,17.952184566340613
300,14,ode,focei,bobyqa,CLBW,covariate_beta,0.75,79,0.7516798558308075,0.2359967687794719,8.466690617641692,11.589813493628503,16.95292936064723
300,14,ode,focei,bobyqa,CLcrCL,covariate_beta,0.5,66,0.1825757519099247,-0.3804678954996628,5.580153683387112,11.014316475905538,16.58677668460133
300,14,ode,focei,bobyqa,VcSEX,covariate_beta,0.4054651081081644,92,-0.26477035190253484,-0.740936103146549,7.779945876787384,11.387598635924762,16.145705772687652
300,14,ode,focei,bobyqa,TVCL,structural_intercept,0.6,92,-9.705248757447947,-9.446575453100008,9.705248757447947,10.354054596826503,14.55213886505011
300,14,ode,focei,bobyqa,TVVc,structural_intercept,20,92,2.1227846010258755,1.9304442014500947,2.7016889991147686,3.9516410061148872,6.676759063894103
300,14,ode,focei,bobyqa,ResErr,structural_other,0.1,92,0.4438608396081928,0.5850493979036547,1.299075786836565,2.566753809063199,4.457737180521008
300,14,ode,focei,bobyqa,TVKA,structural_other,0.7,92,4.7580986769649564e-14,4.7580986769649564e-14,4.7580986769649564e-14,4.7580986769649564e-14,4.7580986769649564e-14
300,14,ode,focei,bobyqa,TVQ,structural_other,1.8,92,1.6820971796484563,1.7191292912646063,1.6820971796484563,1.9314435177323726,2.86700556320361
300,14,ode,focei,bobyqa,TVVp,structural_other,80,92,0.5705056853908719,0.5079637917068452,0.587331581410524,0.7972395680593609,1.3174318155435398
300,14,ode,focei,bobyqa,cov_VcCL,structural_other,0.02,92,-4.681456306084037,-5.320310333272212,20.32930030949167,27.36344757321415,42.19711475936688
300,14,ode,focei,bobyqa,var_CL,structural_other,0.1,92,-2.2153511604956835,-2.2927728487538497,5.841248288680455,8.328297054552468,14.209966542668212
300,14,ode,focei,bobyqa,var_Vc,structural_other,0.1,92,-2.421061938031363,-3.120490736247376,9.922476727608585,12.227756866086025,18.135619129729726
300,15,linCmt,focei,bobyqa,CLBW,covariate_beta,0.75,61,-0.22037403450413015,0.10298500312889768,7.97549966307094,10.73578057162741,16.029455809739936
300,15,linCmt,focei,bobyqa,CLcrCL,covariate_beta,0.5,79,2.4818475003107743,2.599301600241267,7.74378024876774,11.044994710016397,18.5649115250953
300,15,linCmt,focei,bobyqa,VcBW,covariate_beta,1,73,1.7110528988106388,1.5885237773942622,5.468777534033564,8.208830441074664,14.378107400024362
300,15,linCmt,focei,bobyqa,TVCL,structural_intercept,0.6,99,-7.9854863348901945,-7.021840775005722,8.21385210530301,9.084264909918275,14.22449596393843
300,15,linCmt,focei,bobyqa,TVVc,structural_intercept,20,99,-9.471256644930772,-7.938002794287474,9.471256644930772,9.75906617475579,14.3000827685356
300,15,linCmt,focei,bobyqa,ResErr,structural_other,0.1,99,0.14111287386599225,0.33900722226280977,1.966750649728108,2.52525187954997,3.7309250193748347
300,15,linCmt,focei,bobyqa,TVKA,structural_other,0.7,99,4.7580986769649564e-14,4.7580986769649564e-14,4.7580986769649564e-14,4.7580986769649564e-14,4.7580986769649564e-14
300,15,linCmt,focei,bobyqa,TVQ,structural_other,1.8,99,1.9584829533273573,2.0345197073519663,1.9584829533273573,2.2627501758313624,3.267200557337619
300,15,linCmt,focei,bobyqa,TVVp,structural_other,80,99,0.6221657967626371,0.5529943841471506,0.6369417168208003,0.8393891822139924,1.3070775652626736
300,15,linCmt,focei,bobyqa,cov_VcCL,structural_other,0.02,99,3.144840302498706,6.059725193098845,19.031442691625365,34.609657707580816,51.07216309127152
300,15,linCmt,focei,bobyqa,var_CL,structural_other,0.1,99,0.33922303285877087,-0.4699097498688138,6.165766090879584,8.655131908843833,13.562791973625787
300,15,linCmt,focei,bobyqa,var_Vc,structural_other,0.1,99,-3.742430394485699,-3.547616429858687,8.149779885096589,12.634698045972934,20.843317317060023
300,15,ode,focei,bobyqa,CLBW,covariate_beta,0.75,55,-1.9960254837057285,-1.6931250252025365,10.103105988561973,11.591844205057651,18.112986723006593
300,15,ode,focei,bobyqa,CLcrCL,covariate_beta,0.5,87,1.8806331530232034,1.8072135601082002,7.462152453658577,10.433970568507773,17.328549349488252
300,15,ode,focei,bobyqa,VcBW,covariate_beta,1,75,0.7883861718057439,-0.06024239431309623,4.856428072407137,9.725490389667254,15.012195955595825
300,15,ode,focei,bobyqa,TVCL,structural_intercept,0.6,98,-6.8291283439450385,-6.440311669665638,6.9460246988013825,8.055646439785564,12.496180977608526
300,15,ode,focei,bobyqa,TVVc,structural_intercept,20,98,-9.29656537936883,-8.07596487104819,9.29656537936883,9.76159082440644,14.193768964718165
300,15,ode,focei,bobyqa,ResErr,structural_other,0.1,98,0.2848455394527036,0.41628492539775563,1.9294148803334077,2.5856789351168508,3.789326538510319
300,15,ode,focei,bobyqa,TVKA,structural_other,0.7,98,4.7580986769649564e-14,4.7580986769649564e-14,4.7580986769649564e-14,4.7580986769649564e-14,4.7580986769649564e-14
300,15,ode,focei,bobyqa,TVQ,structural_other,1.8,98,2.0160325109947967,2.0859905606671787,2.0160325109947967,2.320052892951812,3.321413673535899
300,15,ode,focei,bobyqa,TVVp,structural_other,80,98,0.6582910052042212,0.5759222386176447,0.6923141631343555,0.8672767269975934,1.3466622566843558
300,15,ode,focei,bobyqa,cov_VcCL,structural_other,0.02,98,11.706938351297332,15.80738399065147,27.439725703371785,41.43167200495725,68.66363839458846
300,15,ode,focei,bobyqa,var_CL,structural_other,0.1,98,-0.06107033932536282,-0.17319993967407638,5.943926514764677,8.639179840625046,13.460671515671649
300,15,ode,focei,bobyqa,var_Vc,structural_other,0.1,98,-4.231588053226279,-4.212994635981241,8.712178916169524,13.251289765123461,21.075252366900767
300,16,linCmt,focei,bobyqa,CLBW,covariate_beta,0.75,75,-1.899410857802586,-0.7456495190413561,7.417903035380065,14.803496735495129,22.01762001934739
300,16,linCmt,focei,bobyqa,CLcrCL,covariate_beta,0.5,70,0.8627613843724014,2.3862917051493935,6.9013849136301655,10.654433374214845,18.23253050426609
300,16,linCmt,focei,bobyqa,VcBW,covariate_beta,1,83,2.54451268699194,2.8558963700351176,6.730746826092915,12.935479502303812,14.950367256110756
300,16,linCmt,focei,bobyqa,VcSEX,covariate_beta,0.4054651081081644,96,-1.9719256918340304,-1.704950746410692,6.175115709847335,11.175637244711233,19.598190780581568
300,16,linCmt,focei,bobyqa,TVCL,structural_intercept,0.6,96,-8.900459309036528,-8.121568284262965,8.900459309036528,9.097354361528355,13.095990425613177
300,16,linCmt,focei,bobyqa,TVVc,structural_intercept,20,96,-9.735472793990452,-9.34531922501957,9.735472793990452,10.788713907006366,15.440788152028661
300,16,linCmt,focei,bobyqa,ResErr,structural_other,0.1,96,-0.21532009562533205,-0.06118077106921638,1.8124947348399645,2.490746792458883,3.5235854703109526
300,16,linCmt,focei,bobyqa,TVKA,structural_other,0.7,96,4.7580986769649564e-14,4.7580986769649564e-14,4.7580986769649564e-14,4.7580986769649564e-14,4.7580986769649564e-14
300,16,linCmt,focei,bobyqa,TVQ,structural_other,1.8,96,1.9224040721575772,1.8808376056166154,1.9224040721575772,2.0786508869483447,2.818860175787949
300,16,linCmt,focei,bobyqa,TVVp,structural_other,80,96,0.36571448541148577,0.39900056655286803,0.5529095313304122,0.8109475043156338,1.3187888247726856
300,16,linCmt,focei,bobyqa,cov_VcCL,structural_other,0.02,96,5.0155248264625865,6.623495008729452,14.753297011692867,25.170529638689725,42.48728330082978
300,16,linCmt,focei,bobyqa,var_CL,structural_other,0.1,96,-1.48069895422389,-1.7249344661522548,5.54437195252263,8.313181782435224,13.307952613707041
300,16,linCmt,focei,bobyqa,var_Vc,structural_other,0.1,96,-3.5430972267151,-1.8639449112957764,7.6972009956742875,12.2173474680081,20.18713754373394
300,16,ode,focei,bobyqa,CLBW,covariate_beta,0.75,72,-1.8923932844708686,-1.6698791136762277,6.99805703413304,12.243412934049987,21.046347317931556
300,16,ode,focei,bobyqa,CLcrCL,covariate_beta,0.5,73,1.6244119348093333,2.731229992465077,6.24650573403478,10.371997818498889,17.729969251908344
300,16,ode,focei,bobyqa,VcBW,covariate_beta,1,81,0.563563588527427,1.5874381339179913,6.491375328996951,13.677866797817012,14.521528747798973
300,16,ode,focei,bobyqa,VcSEX,covariate_beta,0.4054651081081644,92,-1.8721478447677316,-0.6225998584307099,5.716897147008501,12.888358991515869,20.697566558532365
300,16,ode,focei,bobyqa,TVCL,structural_intercept,0.6,92,-8.43608761436061,-7.894719101060578,8.43608761436061,9.078081028088814,12.888257649634555
300,16,ode,focei,bobyqa,TVVc,structural_intercept,20,92,-9.685670587305859,-9.168061590509568,9.685670587305859,10.64532108195391,15.500377898406024
300,16,ode,focei,bobyqa,ResErr,structural_other,0.1,92,-0.441368368759798,-0.11646779539348923,1.7827430018753019,2.5003105140882607,3.6821184015533035
300,16,ode,focei,bobyqa,TVKA,structural_other,0.7,92,4.7580986769649564e-14,4.7580986769649564e-14,4.7580986769649564e-14,4.7580986769649564e-14,4.7580986769649564e-14
300,16,ode,focei,bobyqa,TVQ,structural_other,1.8,92,1.929764065419707,1.8462274699446515,1.929764065419707,2.0447254597240403,2.8253714375670946
300,16,ode,focei,bobyqa,TVVp,structural_other,80,92,0.3292058389895569,0.373974987513621,0.5517249267070045,0.7990383758272258,1.306241901291795
300,16,ode,focei,bobyqa,cov_VcCL,structural_other,0.02,92,5.257696175559349,6.514565364637383,16.05251111049977,26.67657258364178,47.48144875994408
300,16,ode,focei,bobyqa,var_CL,structural_other,0.1,92,-2.28035422285644,-2.36696348433397,5.824454290113634,8.363429172710346,13.227987119639359
300,16,ode,focei,bobyqa,var_Vc,structural_other,0.1,92,-2.7672261228370925,-1.5618064522820077,7.54836752375114,11.876465947504403,20.011022878472755
