sample_N,scenario,structure,estimator,outer_opt,parameter,param_class,true_value,n_used,MedRE_pct,MeanRE_pct,MARE_pct,RMRSE_pct,P90AbsRE_pct
80,1,ode,focei,lbfgsb3c,TVCL,structural_intercept,0.6,89,0.079656288996736,0.582280330652985,2.82369584730469,3.78151282609766,6.30906130819937
80,1,ode,focei,lbfgsb3c,TVVc,structural_intercept,20,89,2.59697385756409,2.02501275285252,4.14640618119401,5.74927086934295,8.21120367661338
80,1,ode,focei,lbfgsb3c,ResErr,structural_other,0.1,89,0.986897377664622,0.714884245656988,2.55179870034593,3.97039081255626,6.09414094543471
80,1,ode,focei,lbfgsb3c,TVKA,structural_other,0.7,89,0,0,0,0,0
80,1,ode,focei,lbfgsb3c,TVQ,structural_other,1.8,89,1.8757016667787,2.11816398187977,1.8757016667787,2.59708910766313,4.2506210075389
80,1,ode,focei,lbfgsb3c,TVVp,structural_other,80,89,0.580057325342036,0.417545138543973,0.844671429333772,1.21376704093836,1.92231589665919
80,1,ode,focei,lbfgsb3c,cov_VcCL,structural_other,0.02,89,-1.53924048085931,-3.61856597286427,12.7364106158184,22.4166730915368,40.4548001427108
80,1,ode,focei,lbfgsb3c,var_CL,structural_other,0.1,89,-0.917986087978454,-0.499481049641142,12.7305930478186,16.1655008765957,26.5462582101241
80,1,ode,focei,lbfgsb3c,var_Vc,structural_other,0.1,89,-0.382255745248528,-3.34813125032521,7.36599591715396,20.1030592822625,35.2109650977771
80,2,ode,focei,lbfgsb3c,VcSEX,covariate_beta,0.405465108108164,87,-3.35074455838533,-0.337745004951175,13.5767481122451,20.3420794194706,31.7264876554845
80,2,ode,focei,lbfgsb3c,TVCL,structural_intercept,0.6,87,0.862745007582581,1.30724670032633,2.66269602834683,3.90996868522297,6.81937812459579
80,2,ode,focei,lbfgsb3c,TVVc,structural_intercept,20,87,1.90470581848585,1.9110312589472,4.43388418036383,6.43956702926005,10.0359272588436
80,2,ode,focei,lbfgsb3c,ResErr,structural_other,0.1,87,-1.76784605965231,-1.45982699050834,4.22575834127589,4.98072515715372,7.519456108891
80,2,ode,focei,lbfgsb3c,TVKA,structural_other,0.7,87,4.75809867696496e-14,4.75809867696496e-14,4.75809867696496e-14,4.75809867696496e-14,4.75809867696496e-14
80,2,ode,focei,lbfgsb3c,TVQ,structural_other,1.8,87,1.62140125612054,1.62488863911362,1.76152591503608,2.30636557426421,3.64906984595857
80,2,ode,focei,lbfgsb3c,TVVp,structural_other,80,87,0.377956998554616,0.370285754848456,0.942922921179221,1.18773643668131,1.764018181436
80,2,ode,focei,lbfgsb3c,cov_VcCL,structural_other,0.02,87,-8.28844133886314,-3.6613701785015,14.2570496680086,25.6945108518733,42.4399818575811
80,2,ode,focei,lbfgsb3c,var_CL,structural_other,0.1,87,-2.73242819463369,-1.16280737188245,11.1376965400634,16.1292614155922,24.7239587629259
80,2,ode,focei,lbfgsb3c,var_Vc,structural_other,0.1,87,-0.906349508282431,1.16226965296522,15.2774328646988,25.0552434585119,40.7050404717841
80,3,ode,focei,lbfgsb3c,VcBW,covariate_beta,1,76,3.98568013755202,3.53172449942412,12.9797363733122,17.8437535870788,27.9556633375249
80,3,ode,focei,lbfgsb3c,TVCL,structural_intercept,0.6,76,1.03214784492786,1.05965675127919,2.79334011315314,3.74958025873711,5.7635410881104
80,3,ode,focei,lbfgsb3c,TVVc,structural_intercept,20,76,0.425303771235681,1.25643389408686,2.70372782477717,5.37819503050581,9.2291445681362
80,3,ode,focei,lbfgsb3c,ResErr,structural_other,0.1,76,0.553511195731743,0.18429769970299,2.90394157833771,4.67088784994481,7.67381148365315
80,3,ode,focei,lbfgsb3c,TVKA,structural_other,0.7,76,4.75809867696496e-14,4.75809867696496e-14,4.75809867696496e-14,4.75809867696496e-14,4.75809867696496e-14
80,3,ode,focei,lbfgsb3c,TVQ,structural_other,1.8,76,2.01369881864026,1.91007440387055,2.02944778352444,2.45812614675198,3.88622518343598
80,3,ode,focei,lbfgsb3c,TVVp,structural_other,80,76,0.695891123655583,0.592023169652224,1.05388446591863,1.4005937712892,2.22322555299467
80,3,ode,focei,lbfgsb3c,cov_VcCL,structural_other,0.02,76,-18.3995858940637,-16.04950553771,22.1762066409399,32.2078245462756,51.0793347909961
80,3,ode,focei,lbfgsb3c,var_CL,structural_other,0.1,76,-2.78482740031899,-0.39763016855357,13.7135105303656,16.0735535056989,23.3725810187939
80,3,ode,focei,lbfgsb3c,var_Vc,structural_other,0.1,76,-11.8894300603912,-10.8879331956262,20.6042198900415,25.8173872884194,44.898488235702
80,4,ode,focei,lbfgsb3c,VcBW,covariate_beta,1,77,5.7864937826231,5.48230259772876,12.6494892499901,18.9792277833063,30.875428728915
80,4,ode,focei,lbfgsb3c,VcSEX,covariate_beta,0.405465108108164,77,-3.52237225086276,-1.15798606254397,13.8072273748491,17.8701988288395,29.3052584391034
80,4,ode,focei,lbfgsb3c,TVCL,structural_intercept,0.6,77,1.2437955883128,0.949021511155661,2.24951039741905,3.48173955796251,5.52049795459132
80,4,ode,focei,lbfgsb3c,TVVc,structural_intercept,20,77,1.00468730992041,0.967361791567044,2.74449729700047,4.95226914910268,7.84070522988087
80,4,ode,focei,lbfgsb3c,ResErr,structural_other,0.1,77,-0.368000122570045,-0.960710654247352,2.80206765513566,4.69180401923464,8.29493289338276
80,4,ode,focei,lbfgsb3c,TVKA,structural_other,0.7,77,4.75809867696496e-14,4.75809867696496e-14,4.75809867696496e-14,4.75809867696496e-14,4.75809867696496e-14
80,4,ode,focei,lbfgsb3c,TVQ,structural_other,1.8,77,1.20834523530469,1.55348580548967,1.2909600725834,2.32120333397059,3.98832491891199
80,4,ode,focei,lbfgsb3c,TVVp,structural_other,80,77,0.0830711211456858,0.202930121715597,0.892922315754934,1.46676478298263,2.14239668541032
80,4,ode,focei,lbfgsb3c,cov_VcCL,structural_other,0.02,77,-18.6252186055117,-22.8379596197358,19.3587098019806,34.9038593913183,56.788856566545
80,4,ode,focei,lbfgsb3c,var_CL,structural_other,0.1,77,-3.9079491017972,-1.98732588451941,10.7060935332769,17.3483838001869,28.8905042501765
80,4,ode,focei,lbfgsb3c,var_Vc,structural_other,0.1,77,-8.05855149970686,-8.33201674721534,13.9261522067885,20.202099098923,32.3126475420517
80,5,ode,focei,lbfgsb3c,CLcrCL,covariate_beta,0.5,78,3.60927259875904,2.53741368333381,11.4871126708467,18.8347403179768,30.0597327865022
80,5,ode,focei,lbfgsb3c,TVCL,structural_intercept,0.6,78,0.553595110360239,0.75113078154597,2.59858690492054,3.40911264101694,5.46055453732015
80,5,ode,focei,lbfgsb3c,TVVc,structural_intercept,20,78,2.13240259318256,1.94829310446492,3.03503980856312,5.10560217274526,8.05288268386684
80,5,ode,focei,lbfgsb3c,ResErr,structural_other,0.1,78,-0.0123656076224665,0.238042128127801,3.99095475069013,5.72247816774568,8.67538421792462
80,5,ode,focei,lbfgsb3c,TVKA,structural_other,0.7,78,4.75809867696496e-14,4.75809867696496e-14,4.75809867696496e-14,4.75809867696496e-14,4.75809867696496e-14
80,5,ode,focei,lbfgsb3c,TVQ,structural_other,1.8,78,2.1175821061763,2.04640473312928,2.14792133864197,2.60221803672442,4.05598547176381
80,5,ode,focei,lbfgsb3c,TVVp,structural_other,80,78,0.484080185322613,0.50620305739278,1.02383432659976,1.34489464685977,2.2602348072275
80,5,ode,focei,lbfgsb3c,cov_VcCL,structural_other,0.02,78,-12.780662435045,-13.8630163017972,18.6386149940556,28.5929635896103,47.3796143623711
80,5,ode,focei,lbfgsb3c,var_CL,structural_other,0.1,78,-7.56881245573609,-5.15044513363656,13.5233178503152,19.1729020369018,27.0899931017361
80,5,ode,focei,lbfgsb3c,var_Vc,structural_other,0.1,78,-3.04610319654359,-6.04602430409722,16.788049649173,26.4669391699486,45.389820421815
80,6,ode,focei,lbfgsb3c,CLcrCL,covariate_beta,0.5,77,-0.479619794040043,0.157371190100436,10.2727221990499,16.7818557413115,26.4077044290645
80,6,ode,focei,lbfgsb3c,VcSEX,covariate_beta,0.405465108108164,77,1.15425281379705,1.26682412856754,13.1243544544451,18.4932326700935,29.133940010663
80,6,ode,focei,lbfgsb3c,TVCL,structural_intercept,0.6,77,0.851903871581942,1.32403817362482,2.91579449022394,3.84571829025476,5.7827432259221
80,6,ode,focei,lbfgsb3c,TVVc,structural_intercept,20,77,1.29986822938717,0.975974139501978,3.15184017946008,5.15752015421773,8.08879969137327
80,6,ode,focei,lbfgsb3c,ResErr,structural_other,0.1,77,-0.5126789781984,-0.778578386653437,3.46811088188606,4.96896802410627,8.04924257217118
80,6,ode,focei,lbfgsb3c,TVKA,structural_other,0.7,77,4.75809867696496e-14,4.75809867696496e-14,4.75809867696496e-14,4.75809867696496e-14,4.75809867696496e-14
80,6,ode,focei,lbfgsb3c,TVQ,structural_other,1.8,77,1.5848430227713,1.64979920643261,1.65781869281767,2.38868306806887,3.93796780191964
80,6,ode,focei,lbfgsb3c,TVVp,structural_other,80,77,0.246479553095345,0.276024342827825,0.853624592147835,1.20480244664403,1.98879715035729
80,6,ode,focei,lbfgsb3c,cov_VcCL,structural_other,0.02,77,-5.19710152743847,-5.91072550375504,13.5863349986281,28.0718514531972,40.8821568124302
80,6,ode,focei,lbfgsb3c,var_CL,structural_other,0.1,77,-5.82676009213275,-4.2076573567358,10.2141133559344,15.3496934585159,26.054884823624
80,6,ode,focei,lbfgsb3c,var_Vc,structural_other,0.1,77,0.718360595851245,1.21037490396846,13.2195195043436,21.700447979989,36.2298982348863
80,7,ode,focei,lbfgsb3c,CLcrCL,covariate_beta,0.5,70,-0.171055206005255,0.541117099418366,10.5327294665993,16.2880466561903,25.7979761397495
80,7,ode,focei,lbfgsb3c,VcBW,covariate_beta,1,70,2.39192639156083,-1.29362511671277,9.89942097838715,14.351996162348,19.9928839635933
80,7,ode,focei,lbfgsb3c,TVCL,structural_intercept,0.6,70,0.325186994895208,0.405282622952732,2.17840289237018,3.14794207856137,4.60829500344849
80,7,ode,focei,lbfgsb3c,TVVc,structural_intercept,20,70,1.32339779419462,1.35297928701481,3.56478261260936,5.69025166287034,10.1721683605872
80,7,ode,focei,lbfgsb3c,ResErr,structural_other,0.1,70,-1.15101329192223,-1.52938257989005,2.92603555075885,4.54441881228384,8.8023552245148
80,7,ode,focei,lbfgsb3c,TVKA,structural_other,0.7,70,4.75809867696496e-14,4.75809867696496e-14,4.75809867696496e-14,4.75809867696496e-14,4.75809867696496e-14
80,7,ode,focei,lbfgsb3c,TVQ,structural_other,1.8,70,1.96633680960703,1.74359512446497,1.98565057205125,2.37938726324412,3.45210427647757
80,7,ode,focei,lbfgsb3c,TVVp,structural_other,80,70,0.38915827314435,0.27643815753468,0.959145437209576,1.27639052077668,2.05220689971897
80,7,ode,focei,lbfgsb3c,cov_VcCL,structural_other,0.02,70,1.34832957946192,1.98341976457068,16.0871689466117,26.1047737783604,43.2115761114373
80,7,ode,focei,lbfgsb3c,var_CL,structural_other,0.1,70,-7.13476703053294,-5.86551360284034,11.8052554080123,17.1147817175282,27.3206784518489
80,7,ode,focei,lbfgsb3c,var_Vc,structural_other,0.1,70,1.69660952727417,1.28588564254832,13.0715752547117,22.150937006141,37.9216736444187
80,8,ode,focei,lbfgsb3c,CLcrCL,covariate_beta,0.5,62,-1.10472098104717,-2.57326975034134,13.1459502343378,18.2026032709453,32.0009441349798
80,8,ode,focei,lbfgsb3c,VcBW,covariate_beta,1,62,1.02880725054134,4.20167933791967,11.6732174225719,18.2290855629159,31.2677832049308
80,8,ode,focei,lbfgsb3c,VcSEX,covariate_beta,0.405465108108164,62,-1.53867292001391,-0.478196000561835,14.4110963096409,21.3838743821924,32.788662460107
80,8,ode,focei,lbfgsb3c,TVCL,structural_intercept,0.6,62,0.229935100074509,0.527453431017433,2.31340039195594,3.36975109801526,5.60479977942038
80,8,ode,focei,lbfgsb3c,TVVc,structural_intercept,20,62,0.263828528282035,0.742291383868794,4.16564135737568,5.60255317107491,8.94953638856326
80,8,ode,focei,lbfgsb3c,ResErr,structural_other,0.1,62,-0.450074473514632,-0.411807557592583,2.7242846613877,4.71883697223034,8.93950487436744
80,8,ode,focei,lbfgsb3c,TVKA,structural_other,0.7,62,4.75809867696496e-14,4.75809867696496e-14,4.75809867696496e-14,4.75809867696496e-14,4.75809867696496e-14
80,8,ode,focei,lbfgsb3c,TVQ,structural_other,1.8,62,1.78583034845705,1.81853773225803,1.99160048966484,2.80827004780669,4.38620143920898
80,8,ode,focei,lbfgsb3c,TVVp,structural_other,80,62,0.18811786525136,0.275771162283203,0.750335850945944,1.19547220464631,1.95063680668521
80,8,ode,focei,lbfgsb3c,cov_VcCL,structural_other,0.02,62,-2.1597539152613,-5.38592296260067,17.2788594734248,37.9114935053151,42.5901446499523
80,8,ode,focei,lbfgsb3c,var_CL,structural_other,0.1,62,-3.7657137061844,-3.35655562666813,9.36247662814373,13.7550591762017,21.8671902446863
80,8,ode,focei,lbfgsb3c,var_Vc,structural_other,0.1,62,-5.19958121455373,-4.80937413909909,13.4626403811331,21.2392927432453,31.7961692226387
80,9,ode,focei,lbfgsb3c,CLBW,covariate_beta,0.75,64,0.211706679429794,1.33089812640021,16.9327122950629,20.5063459821041,32.1228903061375
80,9,ode,focei,lbfgsb3c,TVCL,structural_intercept,0.6,64,0.454000398939651,-0.0711479538520535,2.5696287820738,4.26047823315746,7.69767386995407
80,9,ode,focei,lbfgsb3c,TVVc,structural_intercept,20,64,1.50542344171669,1.58722255146974,2.48666319681138,4.23444937301238,6.33109861468112
80,9,ode,focei,lbfgsb3c,ResErr,structural_other,0.1,64,0.10801994608102,-0.522938079407554,3.03656792320712,5.01936123912571,8.23725754854501
80,9,ode,focei,lbfgsb3c,TVKA,structural_other,0.7,64,4.75809867696496e-14,4.75809867696496e-14,4.75809867696496e-14,4.75809867696496e-14,4.75809867696496e-14
80,9,ode,focei,lbfgsb3c,TVQ,structural_other,1.8,64,2.32271049788342,2.14314076130722,2.36817359520284,2.64829046600541,3.81835744639917
80,9,ode,focei,lbfgsb3c,TVVp,structural_other,80,64,0.655112592783045,0.534334253671562,0.907584785110087,1.24921175225518,2.00714757120752
80,9,ode,focei,lbfgsb3c,cov_VcCL,structural_other,0.02,64,-5.95395782886397,-5.0428547738721,11.7276754278936,22.5491838117955,38.8620437888502
80,9,ode,focei,lbfgsb3c,var_CL,structural_other,0.1,64,-6.4091212595932,-6.2482828712656,12.486577605371,16.6159244127646,25.0162537300365
80,9,ode,focei,lbfgsb3c,var_Vc,structural_other,0.1,64,0.657081674078699,3.20896219871354,11.9296168775211,24.6561029208086,42.7233760587534
80,10,ode,focei,lbfgsb3c,CLBW,covariate_beta,0.75,76,-0.546627370622292,1.20043769105798,14.681099665219,18.9590102500146,30.3608213671474
80,10,ode,focei,lbfgsb3c,VcSEX,covariate_beta,0.405465108108164,76,2.24472721858764,0.908141926301116,13.8555723608865,20.0338539749268,34.1397310174165
80,10,ode,focei,lbfgsb3c,TVCL,structural_intercept,0.6,76,-8.31719773083706,-7.92689635337459,8.31719773083706,9.48526146881941,14.4378514050673
80,10,ode,focei,lbfgsb3c,TVVc,structural_intercept,20,76,0.630294523267736,1.36655486001423,3.96367284312898,6.42263142341528,10.7020397073537
80,10,ode,focei,lbfgsb3c,ResErr,structural_other,0.1,76,-0.925073585150774,-1.58342592040929,2.67608626105491,4.61025083442137,7.47403760972814
80,10,ode,focei,lbfgsb3c,TVKA,structural_other,0.7,76,4.75809867696496e-14,4.75809867696496e-14,4.75809867696496e-14,4.75809867696496e-14,4.75809867696496e-14
80,10,ode,focei,lbfgsb3c,TVQ,structural_other,1.8,76,1.70836990978504,1.8275903901616,1.70836990978504,2.37164304477152,4.07647093672792
80,10,ode,focei,lbfgsb3c,TVVp,structural_other,80,76,0.434425702796259,0.358547711048105,0.772585090208873,1.09023484164835,1.73132501212742
80,10,ode,focei,lbfgsb3c,cov_VcCL,structural_other,0.02,76,-1.69592233114755,0.362630321665576,12.6888898041196,22.6083148913153,36.2708320662177
80,10,ode,focei,lbfgsb3c,var_CL,structural_other,0.1,76,-5.1874672949942,-4.29460710198954,11.2915580156567,15.2089001010658,24.3291650593452
80,10,ode,focei,lbfgsb3c,var_Vc,structural_other,0.1,76,-1.60266819057873,1.92488504901404,10.7470740034979,20.0393871224421,34.6040768907636
80,11,ode,focei,lbfgsb3c,CLBW,covariate_beta,0.75,63,0.567501419286239,2.30593322318049,14.3470484958736,19.1666252524467,32.8963685005046
80,11,ode,focei,lbfgsb3c,VcBW,covariate_beta,1,63,-1.5500299131652,-1.48853435052519,8.28621049389411,15.0154446796831,27.1762595122853
80,11,ode,focei,lbfgsb3c,TVCL,structural_intercept,0.6,63,-8.92651324580649,-8.58911411351738,8.92651324580649,9.96715357350726,14.0025386565292
80,11,ode,focei,lbfgsb3c,TVVc,structural_intercept,20,63,-9.4246556150306,-9.22520763192257,9.4246556150306,11.1536105847684,17.9528421086737
80,11,ode,focei,lbfgsb3c,ResErr,structural_other,0.1,63,-0.0647348315448992,-0.285922606381188,2.75050782828611,5.14132745908344,8.61009650920988
80,11,ode,focei,lbfgsb3c,TVKA,structural_other,0.7,63,4.75809867696496e-14,4.75809867696496e-14,4.75809867696496e-14,4.75809867696496e-14,4.75809867696496e-14
80,11,ode,focei,lbfgsb3c,TVQ,structural_other,1.8,63,1.69266326313019,1.73225220139481,1.80056960951158,2.33895050358252,3.68907072134833
80,11,ode,focei,lbfgsb3c,TVVp,structural_other,80,63,0.267243587729702,0.347975576105165,0.815076250751972,1.15330555646765,2.02431501354349
80,11,ode,focei,lbfgsb3c,cov_VcCL,structural_other,0.02,63,5.01724613127573,16.5911054295145,18.1156823346733,47.3795210443842,68.8984161579155
80,11,ode,focei,lbfgsb3c,var_CL,structural_other,0.1,63,-7.99344210477432,-6.54503910293626,14.2807255647433,15.9977989956581,25.5893217597369
80,11,ode,focei,lbfgsb3c,var_Vc,structural_other,0.1,63,-7.75840330875288,-7.96942164572543,13.5783449816521,23.4964480174012,44.6150961087837
80,12,ode,focei,lbfgsb3c,CLBW,covariate_beta,0.75,59,-2.37381762437286,-3.44479730408339,13.1174350230333,17.3899542434012,25.9416778557462
80,12,ode,focei,lbfgsb3c,VcBW,covariate_beta,1,59,-2.88743728135812,-2.03581408709215,10.4696150522911,13.7742260199831,22.6183114943586
80,12,ode,focei,lbfgsb3c,VcSEX,covariate_beta,0.405465108108164,59,1.41964420022332,1.87574384000523,9.40332237675167,17.8055836476371,28.7583922672868
80,12,ode,focei,lbfgsb3c,TVCL,structural_intercept,0.6,59,-8.13072021303718,-7.29175001372926,8.13072021303718,8.9706331181143,12.5458778535269
80,12,ode,focei,lbfgsb3c,TVVc,structural_intercept,20,59,-9.63343977802126,-10.2781703719529,9.63343977802126,11.9026797098911,18.5155538457136
80,12,ode,focei,lbfgsb3c,ResErr,structural_other,0.1,59,0.147634302483365,0.675324630080578,3.29653094839569,5.35829791175102,9.02410145138611
80,12,ode,focei,lbfgsb3c,TVKA,structural_other,0.7,59,4.75809867696496e-14,4.75809867696496e-14,4.75809867696496e-14,4.75809867696496e-14,4.75809867696496e-14
80,12,ode,focei,lbfgsb3c,TVQ,structural_other,1.8,59,1.68707090942819,1.6487244874054101,1.86407219741897,2.41124406033994,4.10523444710721
80,12,ode,focei,lbfgsb3c,TVVp,structural_other,80,59,0.019089144119544,0.0581130527368188,0.753662344594694,1.10431729586112,1.99011528491479
80,12,ode,focei,lbfgsb3c,cov_VcCL,structural_other,0.02,59,5.21249299556048,7.56456036776142,20.1548920434624,31.0769591532603,45.7540324239911
80,12,ode,focei,lbfgsb3c,var_CL,structural_other,0.1,59,1.13980839462445,-1.59003085597861,10.8350270632283,15.1940426704871,24.6832373734919
80,12,ode,focei,lbfgsb3c,var_Vc,structural_other,0.1,59,-7.1514274048189,-8.35968430737181,12.6386086513209,23.8720557692647,43.6946662155925
80,13,ode,focei,lbfgsb3c,CLBW,covariate_beta,0.75,57,3.6159994381422,7.63854754662391,15.4558099967697,24.8998033009425,40.5310049234465
80,13,ode,focei,lbfgsb3c,CLcrCL,covariate_beta,0.5,57,-2.28297960169838,1.96238157128502,16.2743170547906,23.8674176933649,37.7734326035615
80,13,ode,focei,lbfgsb3c,TVCL,structural_intercept,0.6,57,-10.0140276137128,-10.3873032183962,10.0140276137128,12.2411489924834,18.4593716280671
80,13,ode,focei,lbfgsb3c,TVVc,structural_intercept,20,57,1.75101431496831,1.68055192246061,3.33696640957921,4.59576250054045,7.31565380569482
80,13,ode,focei,lbfgsb3c,ResErr,structural_other,0.1,57,-0.289571453766263,-0.0496433837595184,3.11234554819324,4.89772596318067,7.81991002833615
80,13,ode,focei,lbfgsb3c,TVKA,structural_other,0.7,57,4.75809867696496e-14,4.75809867696496e-14,4.75809867696496e-14,4.75809867696496e-14,4.75809867696496e-14
80,13,ode,focei,lbfgsb3c,TVQ,structural_other,1.8,57,1.98167521719311,2.24088491167626,1.98167521719311,2.63393490183171,3.95915744866908
80,13,ode,focei,lbfgsb3c,TVVp,structural_other,80,57,0.69616396891659,0.780891143265315,0.91157313840112,1.34860243637252,2.29061139481015
80,13,ode,focei,lbfgsb3c,cov_VcCL,structural_other,0.02,57,-12.7820840985409,-11.537246606239,21.2715564393071,27.8498971535838,43.7673905349185
80,13,ode,focei,lbfgsb3c,var_CL,structural_other,0.1,57,-10.1909522007421,-6.54898617614297,13.2673895233131,15.5969089669617,24.5265521513404
80,13,ode,focei,lbfgsb3c,var_Vc,structural_other,0.1,57,-6.2277915641651,-5.88403088878325,13.2036579804046,22.0176904620988,38.1542194438376
80,14,ode,focei,lbfgsb3c,CLBW,covariate_beta,0.75,61,2.16475515765411,4.50386310891822,15.3241630507607,23.7370334224142,37.5354326308393
80,14,ode,focei,lbfgsb3c,CLcrCL,covariate_beta,0.5,61,-3.78636164969546,-1.8857421948324,13.5696949252306,22.2834756713229,38.3938782865542
80,14,ode,focei,lbfgsb3c,VcSEX,covariate_beta,0.405465108108164,61,1.09428445035083,0.779672684715431,13.2368872475128,18.2343702065141,29.7763437825406
80,14,ode,focei,lbfgsb3c,TVCL,structural_intercept,0.6,61,-10.6216460585944,-9.89557679148526,10.6216460585944,11.6493665374262,17.513330849886
80,14,ode,focei,lbfgsb3c,TVVc,structural_intercept,20,61,1.47732397700331,1.84843422512216,4.20098262917392,6.11041940499466,8.90982520202973
80,14,ode,focei,lbfgsb3c,ResErr,structural_other,0.1,61,-0.299997179267361,-0.121932092185011,3.4459664957768,5.0683931592247,7.86157267202796
80,14,ode,focei,lbfgsb3c,TVKA,structural_other,0.7,61,4.75809867696496e-14,4.75809867696496e-14,4.75809867696496e-14,4.75809867696496e-14,4.75809867696496e-14
80,14,ode,focei,lbfgsb3c,TVQ,structural_other,1.8,61,1.59912293579745,1.64501199469456,1.5996477255225099,2.4823580911538,4.54485398202949
80,14,ode,focei,lbfgsb3c,TVVp,structural_other,80,61,0.300969968470657,0.183273705435954,0.760541145956672,1.19989765577031,1.89024675099581
80,14,ode,focei,lbfgsb3c,cov_VcCL,structural_other,0.02,61,3.19048394475472,0.801673353995799,14.1324368181411,19.6169141310076,33.8553604867871
80,14,ode,focei,lbfgsb3c,var_CL,structural_other,0.1,61,-10.2076703207609,-7.97302059605563,14.0869050371681,17.6820328694379,27.8062087473098
80,14,ode,focei,lbfgsb3c,var_Vc,structural_other,0.1,61,5.21478092906179,7.21012050566805,14.0096499935838,21.2040168593681,31.9981818232772
80,15,ode,focei,lbfgsb3c,CLBW,covariate_beta,0.75,43,-4.92384086571363,0.584229507468622,13.5424593464503,25.0727408738166,39.5200693418612
80,15,ode,focei,lbfgsb3c,CLcrCL,covariate_beta,0.5,43,-7.64349879247628,-3.77500028675582,21.8761322469449,25.4660628651783,38.3344891687245
80,15,ode,focei,lbfgsb3c,VcBW,covariate_beta,1,43,-5.85458058822661,-5.07908161145225,12.427038675483,17.4412853000352,26.7173438687948
80,15,ode,focei,lbfgsb3c,TVCL,structural_intercept,0.6,43,-9.03695058812322,-8.73030300425667,9.03695058812322,11.5486180937597,17.6815935865158
80,15,ode,focei,lbfgsb3c,TVVc,structural_intercept,20,43,-8.114711752124,-8.40404969662902,8.114711752124,10.5116507420762,15.0735662197086
80,15,ode,focei,lbfgsb3c,ResErr,structural_other,0.1,43,-0.790180550677547,-0.441438428933193,2.17705266025449,5.03784091290945,9.02233579737332
80,15,ode,focei,lbfgsb3c,TVKA,structural_other,0.7,43,4.75809867696496e-14,4.75809867696496e-14,4.75809867696496e-14,4.75809867696496e-14,4.75809867696496e-14
80,15,ode,focei,lbfgsb3c,TVQ,structural_other,1.8,43,2.053630501381,2.05182253168287,2.17078238551733,2.67408854543182,4.21837116731727
80,15,ode,focei,lbfgsb3c,TVVp,structural_other,80,43,0.614774403566063,0.639612685106922,0.839732647863549,1.49515033497307,2.31541837168409
80,15,ode,focei,lbfgsb3c,cov_VcCL,structural_other,0.02,43,43.1251311969545,54.6274695882728,43.1251311969545,75.3450186973255,117.379275669471
80,15,ode,focei,lbfgsb3c,var_CL,structural_other,0.1,43,-0.667259907270901,1.08813096849437,10.1194046472365,15.1714187506728,23.1710752212036
80,15,ode,focei,lbfgsb3c,var_Vc,structural_other,0.1,43,-3.33673127140632,1.43899896667391,13.7824465489423,23.2623930943755,38.8656709814766
80,16,ode,focei,lbfgsb3c,CLBW,covariate_beta,0.75,52,2.70625953864612,-0.0364918815559939,16.6367750609672,21.0413541021703,32.3417561224701
80,16,ode,focei,lbfgsb3c,CLcrCL,covariate_beta,0.5,52,-6.36795176729843,-4.97860746692069,12.3207485912631,17.483047921556,27.9812853067599
80,16,ode,focei,lbfgsb3c,VcBW,covariate_beta,1,52,0.5513948838967,1.71506660694744,13.8894939480708,21.5977646661669,32.9531252507706
80,16,ode,focei,lbfgsb3c,VcSEX,covariate_beta,0.405465108108164,52,-3.80778844869411,-3.70286645597827,13.0167233240846,20.4225067336316,33.6249794426934
80,16,ode,focei,lbfgsb3c,TVCL,structural_intercept,0.6,52,-8.01288145499334,-8.30236553308222,8.42013458060064,10.4393775395007,15.6514488539168
80,16,ode,focei,lbfgsb3c,TVVc,structural_intercept,20,52,-10.0364535799332,-10.1955638023793,10.0364535799332,11.5198424071515,16.7165337367572
80,16,ode,focei,lbfgsb3c,ResErr,structural_other,0.1,52,-1.27581709910085,-1.15034260877669,3.03346201570378,4.99234201331866,8.635857570805
80,16,ode,focei,lbfgsb3c,TVKA,structural_other,0.7,52,4.75809867696496e-14,4.75809867696496e-14,4.75809867696496e-14,4.75809867696496e-14,4.75809867696496e-14
80,16,ode,focei,lbfgsb3c,TVQ,structural_other,1.8,52,1.66345982348787,1.74459819136732,1.66345982348787,2.3670396221578,4.11319564490849
80,16,ode,focei,lbfgsb3c,TVVp,structural_other,80,52,0.400360196649787,0.35644229189079,0.906313557216194,1.37828606377584,2.25407585675334
80,16,ode,focei,lbfgsb3c,cov_VcCL,structural_other,0.02,52,25.2237696122223,36.4068356999683,25.2237696122223,54.5635760778391,105.44663761681
80,16,ode,focei,lbfgsb3c,var_CL,structural_other,0.1,52,-4.47809212430809,-4.39879743018352,11.7330220725151,14.1009801593535,22.6880513787308
80,16,ode,focei,lbfgsb3c,var_Vc,structural_other,0.1,52,-4.53568569514347,-3.18662841953017,9.4355617024551,19.8182105255296,36.26000433221
80,1,linCmt,focei,lbfgsb3c,TVCL,structural_intercept,0.6,90,0.0465722286468739,0.620837461637399,2.73575068217361,3.70568345930699,6.28263075025569
80,1,linCmt,focei,lbfgsb3c,TVVc,structural_intercept,20,90,2.40760791313743,1.99773667369747,3.90045041594246,5.73511075973832,8.38984178386961
80,1,linCmt,focei,lbfgsb3c,ResErr,structural_other,0.1,90,1.06044029022975,0.85235776970601,2.74623707329055,4.01610618564589,6.05639063793407
80,1,linCmt,focei,lbfgsb3c,TVKA,structural_other,0.7,90,0,0,0,0,0
80,1,linCmt,focei,lbfgsb3c,TVQ,structural_other,1.8,90,1.82965212979842,2.11277497681175,1.82965212979842,2.59497511870762,4.237520431698
80,1,linCmt,focei,lbfgsb3c,TVVp,structural_other,80,90,0.53430820884917,0.423358632236082,0.814479718988146,1.20877304244015,1.85286217124077
80,1,linCmt,focei,lbfgsb3c,cov_VcCL,structural_other,0.02,90,-1.04387931273269,-4.0430111095296,14.083710192982,23.3551063775814,43.9377621336302
80,1,linCmt,focei,lbfgsb3c,var_CL,structural_other,0.1,90,-0.521415194226986,-0.378120088720823,12.5132671380702,16.2850844118688,26.8362933486595
80,1,linCmt,focei,lbfgsb3c,var_Vc,structural_other,0.1,90,-0.432181163555381,-3.90509938350242,8.14332200170637,20.7962977039148,37.2596599868021
80,2,linCmt,focei,lbfgsb3c,VcSEX,covariate_beta,0.405465108108164,86,-3.6031822664617,-0.850495851972677,12.019819709496,19.7980430430883,31.6759619806305
80,2,linCmt,focei,lbfgsb3c,TVCL,structural_intercept,0.6,86,0.817761869063396,1.19619262674177,2.69084393397291,3.86270329956108,6.64759394858264
80,2,linCmt,focei,lbfgsb3c,TVVc,structural_intercept,20,86,1.52649127532624,1.84445018049045,4.1238814541801,6.46718023815207,10.3933985713166
80,2,linCmt,focei,lbfgsb3c,ResErr,structural_other,0.1,86,-1.76249314131547,-1.38078166652984,3.88692273069347,4.87781954318641,7.44703476553989
80,2,linCmt,focei,lbfgsb3c,TVKA,structural_other,0.7,86,4.75809867696496e-14,4.75809867696496e-14,4.75809867696496e-14,4.75809867696496e-14,4.75809867696496e-14
80,2,linCmt,focei,lbfgsb3c,TVQ,structural_other,1.8,86,1.54266773365944,1.56972338735718,1.67404932226405,2.32308254346101,3.82202792172549
80,2,linCmt,focei,lbfgsb3c,TVVp,structural_other,80,86,0.292522286585895,0.341027259582772,0.90626387274785,1.21252935182784,1.89000339548675
80,2,linCmt,focei,lbfgsb3c,cov_VcCL,structural_other,0.02,86,-8.25091554886591,-5.21821046025985,18.5089512278591,26.7511103069602,40.8585330807152
80,2,linCmt,focei,lbfgsb3c,var_CL,structural_other,0.1,86,-2.50063460269016,-0.902885568003135,11.2144535919252,16.1910295198216,23.7396100964941
80,2,linCmt,focei,lbfgsb3c,var_Vc,structural_other,0.1,86,-1.34636031109197,0.246350510245652,17.4845999652085,25.4715872559236,39.1173940785006
80,3,linCmt,focei,lbfgsb3c,VcBW,covariate_beta,1,75,3.93140134543728,3.74613077111803,13.1418666089664,18.8779888951665,30.5942784047118
80,3,linCmt,focei,lbfgsb3c,TVCL,structural_intercept,0.6,75,0.991786323121561,0.780213298224188,2.83090216981063,3.69689525856624,5.94725262028504
80,3,linCmt,focei,lbfgsb3c,TVVc,structural_intercept,20,75,0.0977559019823104,0.948961905137484,2.93919416042536,5.30485330267314,8.88047573598126
80,3,linCmt,focei,lbfgsb3c,ResErr,structural_other,0.1,75,0.699918472759117,0.75241371533121,2.89208370893269,4.82864521393911,7.89789866637727
80,3,linCmt,focei,lbfgsb3c,TVKA,structural_other,0.7,75,4.75809867696496e-14,4.75809867696496e-14,4.75809867696496e-14,4.75809867696496e-14,4.75809867696496e-14
80,3,linCmt,focei,lbfgsb3c,TVQ,structural_other,1.8,75,1.88497858637417,1.88906712297052,1.91570986500884,2.46312551518727,3.85376939329548
80,3,linCmt,focei,lbfgsb3c,TVVp,structural_other,80,75,0.702698971767077,0.644198722049781,1.13716178513954,1.43159007329771,2.31195666195886
80,3,linCmt,focei,lbfgsb3c,cov_VcCL,structural_other,0.02,75,-17.3228822591446,-16.6929712260958,21.6270627762446,31.82092156747,53.4737205934174
80,3,linCmt,focei,lbfgsb3c,var_CL,structural_other,0.1,75,-2.11467351765871,-0.0350121436809993,11.1581424998286,16.0645749955772,24.2609678465772
80,3,linCmt,focei,lbfgsb3c,var_Vc,structural_other,0.1,75,-13.8452102609497,-9.71213567789416,20.3141204685694,25.4459468039661,40.9393787646529
80,4,linCmt,focei,lbfgsb3c,VcBW,covariate_beta,1,74,5.15036686589218,4.31874910636666,11.4849711634885,17.0831405124373,27.6626925379021
80,4,linCmt,focei,lbfgsb3c,VcSEX,covariate_beta,0.405465108108164,74,-1.44715386502109,0.121793942337061,13.7234314470055,17.5274050814732,29.5576568003335
80,4,linCmt,focei,lbfgsb3c,TVCL,structural_intercept,0.6,74,0.804313632801183,0.608629835877631,1.76739508320489,3.22073708023475,5.22499747704907
80,4,linCmt,focei,lbfgsb3c,TVVc,structural_intercept,20,74,0.0701174482229039,0.589130236536199,2.5082525602798,4.58417766859735,7.69571426712196
80,4,linCmt,focei,lbfgsb3c,ResErr,structural_other,0.1,74,-0.921691244692796,-0.872918380497513,2.87261462253954,4.66101615391892,7.79033771778406
80,4,linCmt,focei,lbfgsb3c,TVKA,structural_other,0.7,74,4.75809867696496e-14,4.75809867696496e-14,4.75809867696496e-14,4.75809867696496e-14,4.75809867696496e-14
80,4,linCmt,focei,lbfgsb3c,TVQ,structural_other,1.8,74,1.3547697039562001,1.43391306194588,1.43381341315684,2.11682191191369,3.78423758507245
80,4,linCmt,focei,lbfgsb3c,TVVp,structural_other,80,74,0.116141270136616,0.176403566624128,0.980132739670712,1.49863913358602,2.28699253566867
80,4,linCmt,focei,lbfgsb3c,cov_VcCL,structural_other,0.02,74,-18.7506100607194,-20.3304778561453,20.0895478478731,35.0273231755581,53.7749097222432
80,4,linCmt,focei,lbfgsb3c,var_CL,structural_other,0.1,74,-3.79187399861228,-1.92125886227086,10.226507538418,16.8583095464445,28.4141210095016
80,4,linCmt,focei,lbfgsb3c,var_Vc,structural_other,0.1,74,-7.79581104693894,-7.93641731741211,12.6324690303929,20.3396526400506,31.6889638216454
80,5,linCmt,focei,lbfgsb3c,CLcrCL,covariate_beta,0.5,76,4.33272445012504,3.31487951208481,12.4210665831002,19.0193216493869,31.118070672273
80,5,linCmt,focei,lbfgsb3c,TVCL,structural_intercept,0.6,76,0.7159547138449,0.682356244277459,2.48996785806259,3.34669269380022,5.41596105068817
80,5,linCmt,focei,lbfgsb3c,TVVc,structural_intercept,20,76,2.19764824905893,1.77653410073211,3.10999835640653,4.92019298087581,7.77801204413067
80,5,linCmt,focei,lbfgsb3c,ResErr,structural_other,0.1,76,-0.332069575262328,0.218952748626393,3.71969300666482,5.61239580456336,8.31959060133729
80,5,linCmt,focei,lbfgsb3c,TVKA,structural_other,0.7,76,4.75809867696496e-14,4.75809867696496e-14,4.75809867696496e-14,4.75809867696496e-14,4.75809867696496e-14
80,5,linCmt,focei,lbfgsb3c,TVQ,structural_other,1.8,76,2.05057832374048,2.02322645378132,2.06560944754325,2.56573773527415,3.97189319801876
80,5,linCmt,focei,lbfgsb3c,TVVp,structural_other,80,76,0.622121361925032,0.557321329175429,1.01247223202241,1.33192194704453,2.19547318467768
80,5,linCmt,focei,lbfgsb3c,cov_VcCL,structural_other,0.02,76,-12.2741178288882,-12.865809354581,20.0155557736603,27.7788390810131,45.2951434866516
80,5,linCmt,focei,lbfgsb3c,var_CL,structural_other,0.1,76,-7.8744522255127,-5.23043363303365,13.7715716406587,18.3129802526911,27.4994458667686
80,5,linCmt,focei,lbfgsb3c,var_Vc,structural_other,0.1,76,-3.89162195452149,-5.9872042882011,15.7386489513534,24.9018847510526,40.2830211204611
80,6,linCmt,focei,lbfgsb3c,CLcrCL,covariate_beta,0.5,78,-0.317156142290659,0.458744521548111,11.6833919241193,17.2998641735221,26.5672170585874
80,6,linCmt,focei,lbfgsb3c,VcSEX,covariate_beta,0.405465108108164,78,2.10464702614438,1.52641033242721,12.5181126723595,19.2256071974034,32.1393255476047
80,6,linCmt,focei,lbfgsb3c,TVCL,structural_intercept,0.6,78,1.18317623925755,1.31754177004191,2.50692069121364,3.8342402190406,6.14525216652463
80,6,linCmt,focei,lbfgsb3c,TVVc,structural_intercept,20,78,1.08733992911048,1.02017393108509,3.21713956516644,5.60343050298106,8.33827404343166
80,6,linCmt,focei,lbfgsb3c,ResErr,structural_other,0.1,78,-0.790392279596742,-0.831758613488746,3.46844612983256,4.95723962915327,7.7941552805509
80,6,linCmt,focei,lbfgsb3c,TVKA,structural_other,0.7,78,4.75809867696496e-14,4.75809867696496e-14,4.75809867696496e-14,4.75809867696496e-14,4.75809867696496e-14
80,6,linCmt,focei,lbfgsb3c,TVQ,structural_other,1.8,78,1.62534697361939,1.65170702241898,1.73831162949046,2.34681501269239,3.77986155262632
80,6,linCmt,focei,lbfgsb3c,TVVp,structural_other,80,78,0.262794520439433,0.258108374283856,0.857692233439664,1.19350579558408,2.03006552872067
80,6,linCmt,focei,lbfgsb3c,cov_VcCL,structural_other,0.02,78,-4.19954502986222,-4.06576719474709,13.7667817318952,25.841576962949,37.2411797799836
80,6,linCmt,focei,lbfgsb3c,var_CL,structural_other,0.1,78,-4.56757124670483,-3.44140334535638,10.2901469202791,15.3035321607611,26.016911171796
80,6,linCmt,focei,lbfgsb3c,var_Vc,structural_other,0.1,78,1.50574582615145,2.65681628296991,13.0910456603201,19.3198965239156,31.9134897101757
80,7,linCmt,focei,lbfgsb3c,CLcrCL,covariate_beta,0.5,73,-0.717099232846818,0.825267152854145,9.91860858338349,15.7587529941575,24.7575908467621
80,7,linCmt,focei,lbfgsb3c,VcBW,covariate_beta,1,73,2.13460347026657,-0.494547349544418,10.1857988527534,14.7080467775302,20.4009400013729
80,7,linCmt,focei,lbfgsb3c,TVCL,structural_intercept,0.6,73,0.150142270856024,0.14835902911056,2.09342917040066,3.43010549802206,4.79220058266235
80,7,linCmt,focei,lbfgsb3c,TVVc,structural_intercept,20,73,0.526799189569829,1.01034632176753,3.43278443972888,5.40527524070328,9.00189676083482
80,7,linCmt,focei,lbfgsb3c,ResErr,structural_other,0.1,73,-0.659714338660411,-1.16866008165661,3.01460758156522,4.4390185671652604,8.12515020032868
80,7,linCmt,focei,lbfgsb3c,TVKA,structural_other,0.7,73,4.75809867696496e-14,4.75809867696496e-14,4.75809867696496e-14,4.75809867696496e-14,4.75809867696496e-14
80,7,linCmt,focei,lbfgsb3c,TVQ,structural_other,1.8,73,1.93752477876358,1.74035366467747,1.98199133674053,2.36130955674183,3.48641218162429
80,7,linCmt,focei,lbfgsb3c,TVVp,structural_other,80,73,0.270355055637239,0.281180644042533,0.988276073562488,1.29276522232657,2.17312952078008
80,7,linCmt,focei,lbfgsb3c,cov_VcCL,structural_other,0.02,73,2.02937157474818,4.44550852182862,18.3054196262943,30.7846529035582,50.2807226707207
80,7,linCmt,focei,lbfgsb3c,var_CL,structural_other,0.1,73,-4.95018220828428,-4.48068924730271,12.8165199138402,17.7567818300974,28.9238932429959
80,7,linCmt,focei,lbfgsb3c,var_Vc,structural_other,0.1,73,0.123103203728006,0.900126812134096,15.7174967130611,23.2464742198667,38.64266371745
80,8,linCmt,focei,lbfgsb3c,CLcrCL,covariate_beta,0.5,69,-2.33329235434074,-4.27126304471646,12.0381416365907,18.2555411045665,32.9988076321781
80,8,linCmt,focei,lbfgsb3c,VcBW,covariate_beta,1,69,-0.245714756452475,4.78565723871808,11.5463230598124,18.3883277148753,31.5795115972046
80,8,linCmt,focei,lbfgsb3c,VcSEX,covariate_beta,0.405465108108164,69,-3.95508817147246,-0.98310094263334,14.2510852626391,21.834545080469,32.3417687733056
80,8,linCmt,focei,lbfgsb3c,TVCL,structural_intercept,0.6,69,0.624684920313201,0.747503900576068,2.16889184358626,3.25556462888715,5.48810274475287
80,8,linCmt,focei,lbfgsb3c,TVVc,structural_intercept,20,69,0.550313750301754,0.682108836571745,4.18291627524029,5.47764178074461,8.44776468301295
80,8,linCmt,focei,lbfgsb3c,ResErr,structural_other,0.1,69,-0.332572935635184,-0.522236499365113,2.80265852864441,4.60326749284319,8.17481510669791
80,8,linCmt,focei,lbfgsb3c,TVKA,structural_other,0.7,69,4.75809867696496e-14,4.75809867696496e-14,4.75809867696496e-14,4.75809867696496e-14,4.75809867696496e-14
80,8,linCmt,focei,lbfgsb3c,TVQ,structural_other,1.8,69,1.71323666140285,1.68211752107972,2.03757931749327,2.62635096630003,4.15152909205871
80,8,linCmt,focei,lbfgsb3c,TVVp,structural_other,80,69,0.190044707639299,0.162635549087857,0.818021511933456,1.27102873947166,2.03426621617533
80,8,linCmt,focei,lbfgsb3c,cov_VcCL,structural_other,0.02,69,-2.92820367779846,-6.22023131084215,17.7100881662204,33.164175793682404,43.0574571071572
80,8,linCmt,focei,lbfgsb3c,var_CL,structural_other,0.1,69,-2.80332242343345,-2.82281327823614,7.88331818380465,13.3825099998263,22.4043868990995
80,8,linCmt,focei,lbfgsb3c,var_Vc,structural_other,0.1,69,-5.37316950529185,-4.47111374743406,12.8450588428811,21.321700643143,31.3002293470341
80,9,linCmt,focei,lbfgsb3c,CLBW,covariate_beta,0.75,72,1.38597833961522,0.780320694096169,17.7230834329802,20.5733932055301,31.597984259322
80,9,linCmt,focei,lbfgsb3c,TVCL,structural_intercept,0.6,72,-0.350019309198914,-0.204565269590523,2.8280196083648,4.49446118679833,7.79159322523538
80,9,linCmt,focei,lbfgsb3c,TVVc,structural_intercept,20,72,0.782890506939378,0.899999439045168,2.42947334250999,3.89390405551731,6.12250066870759
80,9,linCmt,focei,lbfgsb3c,ResErr,structural_other,0.1,72,0.300317449893076,-0.0535963595199417,3.08969388492878,5.09028491556444,8.29277052956219
80,9,linCmt,focei,lbfgsb3c,TVKA,structural_other,0.7,72,4.75809867696496e-14,4.75809867696496e-14,4.75809867696496e-14,4.75809867696496e-14,4.75809867696496e-14
80,9,linCmt,focei,lbfgsb3c,TVQ,structural_other,1.8,72,2.20160209550177,2.14907955764791,2.25763523882664,2.64726546709693,4.19135331345994
80,9,linCmt,focei,lbfgsb3c,TVVp,structural_other,80,72,0.560713925950349,0.563727501937099,0.958096335142988,1.26789246883891,1.97183308777103
80,9,linCmt,focei,lbfgsb3c,cov_VcCL,structural_other,0.02,72,-3.31801347783545,-7.06191030159022,14.7871487224798,21.8961346801636,34.7444969201917
80,9,linCmt,focei,lbfgsb3c,var_CL,structural_other,0.1,72,-5.51280280073736,-5.42319545833313,12.2794259263562,18.0237225465346,27.4801217617283
80,9,linCmt,focei,lbfgsb3c,var_Vc,structural_other,0.1,72,-1.54190551153582,-1.63391174047869,11.9979931008723,19.9182998448374,30.6089398519428
80,10,linCmt,focei,lbfgsb3c,CLBW,covariate_beta,0.75,72,-2.63555574250312,-0.756789931423984,13.5140450923355,18.4350185456913,30.1518622116372
80,10,linCmt,focei,lbfgsb3c,VcSEX,covariate_beta,0.405465108108164,72,1.8156954429045,1.91720922967714,14.8874759244179,19.7831591147139,33.7338220294265
80,10,linCmt,focei,lbfgsb3c,TVCL,structural_intercept,0.6,72,-8.33125652644024,-7.83057765337997,8.33125652644024,9.46695378290046,14.609720388597
80,10,linCmt,focei,lbfgsb3c,TVVc,structural_intercept,20,72,0.317943471073159,0.805249147689296,4.12440518139302,6.20697319429928,9.479163557704
80,10,linCmt,focei,lbfgsb3c,ResErr,structural_other,0.1,72,-1.13853305794888,-1.6457543863422,2.77394772659959,4.47322939980642,7.45394324268818
80,10,linCmt,focei,lbfgsb3c,TVKA,structural_other,0.7,72,4.75809867696496e-14,4.75809867696496e-14,4.75809867696496e-14,4.75809867696496e-14,4.75809867696496e-14
80,10,linCmt,focei,lbfgsb3c,TVQ,structural_other,1.8,72,1.5428497023272,1.73338982057897,1.5428497023272,2.3404241220147,4.04410697264364
80,10,linCmt,focei,lbfgsb3c,TVVp,structural_other,80,72,0.548877644096786,0.401971344797418,0.861155059694401,1.13942771598789,1.7944446548862
80,10,linCmt,focei,lbfgsb3c,cov_VcCL,structural_other,0.02,72,-2.9952889704697,1.1056110194195,14.1006287029175,23.6348807739096,37.6679808427291
80,10,linCmt,focei,lbfgsb3c,var_CL,structural_other,0.1,72,-6.16565505434099,-3.31471206936823,11.0541372641385,17.079876737388,25.3343996859724
80,10,linCmt,focei,lbfgsb3c,var_Vc,structural_other,0.1,72,-0.91805479449749,1.92700753158673,12.5623923191782,19.6646997794196,31.1468069735672
80,11,linCmt,focei,lbfgsb3c,CLBW,covariate_beta,0.75,64,-0.425734870316075,-1.57239032462996,15.3522074348313,18.0428430409861,28.5409808328652
80,11,linCmt,focei,lbfgsb3c,VcBW,covariate_beta,1,64,-0.870296451190306,-1.28837501972085,8.24784135290739,14.3695043347675,25.1725254902396
80,11,linCmt,focei,lbfgsb3c,TVCL,structural_intercept,0.6,64,-7.78603954783503,-7.83680524299366,7.78603954783503,9.23234369174808,12.8748795526252
80,11,linCmt,focei,lbfgsb3c,TVVc,structural_intercept,20,64,-9.33254957198281,-9.00749790504113,9.33254957198281,11.0157603215024,17.481929833941
80,11,linCmt,focei,lbfgsb3c,ResErr,structural_other,0.1,64,-0.755812465229495,-0.426400997139702,2.80543141645132,4.65122099931325,8.44110079924126
80,11,linCmt,focei,lbfgsb3c,TVKA,structural_other,0.7,64,4.75809867696496e-14,4.75809867696496e-14,4.75809867696496e-14,4.75809867696496e-14,4.75809867696496e-14
80,11,linCmt,focei,lbfgsb3c,TVQ,structural_other,1.8,64,1.46827479317044,1.6635596094836,1.59729759785301,2.35018551318857,3.72941194351395
80,11,linCmt,focei,lbfgsb3c,TVVp,structural_other,80,64,0.354006309367652,0.436204081777467,0.80505834891555506,1.29433983061475,2.05196918457424
80,11,linCmt,focei,lbfgsb3c,cov_VcCL,structural_other,0.02,64,7.64949202317991,21.3068202204936,20.3553607716584,51.4211348516281,100.830387132137
80,11,linCmt,focei,lbfgsb3c,var_CL,structural_other,0.1,64,-9.52741033899814,-6.41295251882673,14.1238466952889,16.1836105600062,25.234796065559
80,11,linCmt,focei,lbfgsb3c,var_Vc,structural_other,0.1,64,-9.20880615839899,-8.1857438932378,12.8939783601422,21.7994294329985,39.2442589693532
80,12,linCmt,focei,lbfgsb3c,CLBW,covariate_beta,0.75,53,-2.38073894131536,-3.26081050748598,12.1884022436362,18.3416252971723,30.3458307975267
80,12,linCmt,focei,lbfgsb3c,VcBW,covariate_beta,1,53,-1.85937111911794,1.11124388040138,11.313901948116,15.5374252420647,26.1114203788932
80,12,linCmt,focei,lbfgsb3c,VcSEX,covariate_beta,0.405465108108164,53,1.46503223123247,0.441648577373756,9.9846137391851,17.1532738462335,27.8028275715318
80,12,linCmt,focei,lbfgsb3c,TVCL,structural_intercept,0.6,53,-8.88754601907354,-7.99888716347785,8.88754601907354,9.32167820711068,14.4503207073493
80,12,linCmt,focei,lbfgsb3c,TVVc,structural_intercept,20,53,-10.4863403589081,-10.6000707786764,10.4863403589081,12.3242134733282,18.3651717395135
80,12,linCmt,focei,lbfgsb3c,ResErr,structural_other,0.1,53,0.365936551739429,0.746294240131328,3.52338741504429,4.97166703720757,7.38449324390475
80,12,linCmt,focei,lbfgsb3c,TVKA,structural_other,0.7,53,4.75809867696496e-14,4.75809867696496e-14,4.75809867696496e-14,4.75809867696496e-14,4.75809867696496e-14
80,12,linCmt,focei,lbfgsb3c,TVQ,structural_other,1.8,53,1.58738766521279,1.5675770656546,1.64466958052277,2.45522334578045,4.09488597908937
80,12,linCmt,focei,lbfgsb3c,TVVp,structural_other,80,53,0.0765379637188168,0.162625534645714,0.741915587567004,1.12747395077229,1.85862073385763
80,12,linCmt,focei,lbfgsb3c,cov_VcCL,structural_other,0.02,53,8.72668280053506,14.6582313859762,26.2055859738781,39.8106062074982,59.6008091850127
80,12,linCmt,focei,lbfgsb3c,var_CL,structural_other,0.1,53,1.96443538483905,-0.735802681748219,9.65149423762753,14.956729619824,24.4201126035679
80,12,linCmt,focei,lbfgsb3c,var_Vc,structural_other,0.1,53,-7.6816144870063,-8.12277155171184,14.5998284437353,24.9155308100532,43.480301526529
80,13,linCmt,focei,lbfgsb3c,CLBW,covariate_beta,0.75,62,-1.27699009752869,1.59677169269801,13.8287168188557,21.1267942828103,33.2592554197621
80,13,linCmt,focei,lbfgsb3c,CLcrCL,covariate_beta,0.5,62,-3.09741860058032,1.60724529258315,16.5994325174626,24.1251952901458,39.3761829412999
80,13,linCmt,focei,lbfgsb3c,TVCL,structural_intercept,0.6,62,-9.20684836908033,-8.92166459865736,9.20684836908033,11.070242352219,16.9640948750115
80,13,linCmt,focei,lbfgsb3c,TVVc,structural_intercept,20,62,1.2566618720824,1.65084755058548,3.15787151470818,4.88939125719295,7.76909783562098
80,13,linCmt,focei,lbfgsb3c,ResErr,structural_other,0.1,62,-0.839560297919685,-0.611602214385295,3.117221724738,5.09301789949519,8.92788701167026
80,13,linCmt,focei,lbfgsb3c,TVKA,structural_other,0.7,62,4.75809867696496e-14,4.75809867696496e-14,4.75809867696496e-14,4.75809867696496e-14,4.75809867696496e-14
80,13,linCmt,focei,lbfgsb3c,TVQ,structural_other,1.8,62,2.07822833843953,2.19262094733891,2.07822833843953,2.58573805722481,3.7249650865273
80,13,linCmt,focei,lbfgsb3c,TVVp,structural_other,80,62,0.760377201326996,0.747798000172019,0.97041682493475,1.44770721265649,2.32889712014961
80,13,linCmt,focei,lbfgsb3c,cov_VcCL,structural_other,0.02,62,-12.349404460261,-9.22821767078894,20.5274485891228,27.3876718390283,44.0712740620263
80,13,linCmt,focei,lbfgsb3c,var_CL,structural_other,0.1,62,-8.06836832891149,-4.69988639726848,12.1387104605485,15.4602296273648,25.1980375273273
80,13,linCmt,focei,lbfgsb3c,var_Vc,structural_other,0.1,62,-6.79273025703303,-4.38911638381772,13.0199309881751,23.994197898159,42.5886178604254
80,14,linCmt,focei,lbfgsb3c,CLBW,covariate_beta,0.75,64,1.83025543109142,1.29100552323883,13.3864440859992,21.0862973681428,37.3226696401269
80,14,linCmt,focei,lbfgsb3c,CLcrCL,covariate_beta,0.5,64,-1.27072672561218,1.39385684148711,13.4656163727746,20.868301834007,34.5010428614586
80,14,linCmt,focei,lbfgsb3c,VcSEX,covariate_beta,0.405465108108164,64,-0.297103479170369,0.539157377319448,13.2315600350204,19.1526360868894,28.8718470690378
80,14,linCmt,focei,lbfgsb3c,TVCL,structural_intercept,0.6,64,-9.66654713785503,-8.84424276215941,9.66654713785503,10.7341561298492,16.8786231143188
80,14,linCmt,focei,lbfgsb3c,TVVc,structural_intercept,20,64,1.41866798604185,1.98011600983796,3.99998446562109,5.8715484873522,9.22462019958412
80,14,linCmt,focei,lbfgsb3c,ResErr,structural_other,0.1,64,-0.590606774650428,-0.275548831984394,3.16155845634934,4.94499586469187,7.52657784638855
80,14,linCmt,focei,lbfgsb3c,TVKA,structural_other,0.7,64,4.75809867696496e-14,4.75809867696496e-14,4.75809867696496e-14,4.75809867696496e-14,4.75809867696496e-14
80,14,linCmt,focei,lbfgsb3c,TVQ,structural_other,1.8,64,1.70296916078962,1.70695473851146,1.75842647351713,2.45345816535718,4.27520775118202
80,14,linCmt,focei,lbfgsb3c,TVVp,structural_other,80,64,0.454549824215116,0.292768625664466,0.818317000399373,1.24808513757487,1.88716767843726
80,14,linCmt,focei,lbfgsb3c,cov_VcCL,structural_other,0.02,64,-0.632383372266079,0.531820263743626,15.4993144790294,23.8782633299709,39.9091364508492
80,14,linCmt,focei,lbfgsb3c,var_CL,structural_other,0.1,64,-7.55106364366916,-5.47820905938153,11.9835631662611,16.6444816444137,26.3313391327141
80,14,linCmt,focei,lbfgsb3c,var_Vc,structural_other,0.1,64,4.81834286895353,5.2377442573121,13.8061611006857,23.8210417181437,42.1492634848945
80,15,linCmt,focei,lbfgsb3c,CLBW,covariate_beta,0.75,48,-3.4137133544939,-0.134563210865613,11.9355452186339,20.9493634802224,35.4415980275233
80,15,linCmt,focei,lbfgsb3c,CLcrCL,covariate_beta,0.5,48,-0.375069971370212,0.327918119049529,18.2823812599429,21.8725881348692,33.9954583184391
80,15,linCmt,focei,lbfgsb3c,VcBW,covariate_beta,1,48,2.47898211196713,-0.275334130683762,11.4307976073737,15.8926198031021,24.110017351418
80,15,linCmt,focei,lbfgsb3c,TVCL,structural_intercept,0.6,48,-7.89742631320162,-8.3352028851435,7.89742631320162,11.2321939660082,18.3344028651612
80,15,linCmt,focei,lbfgsb3c,TVVc,structural_intercept,20,48,-9.18090907185384,-10.1107023640054,9.18090907185384,12.3430777321252,19.4597540957375
80,15,linCmt,focei,lbfgsb3c,ResErr,structural_other,0.1,48,-0.435193259401043,0.433038421923806,2.10267390264709,4.76209982998786,7.3728749948633
80,15,linCmt,focei,lbfgsb3c,TVKA,structural_other,0.7,48,4.75809867696496e-14,4.75809867696496e-14,4.75809867696496e-14,4.75809867696496e-14,4.75809867696496e-14
80,15,linCmt,focei,lbfgsb3c,TVQ,structural_other,1.8,48,1.85072830586476,2.04612160454129,2.04592464872976,2.72635314856005,4.28031052924741
80,15,linCmt,focei,lbfgsb3c,TVVp,structural_other,80,48,0.610611528774943,0.467534174196801,0.885901898424013,1.25130619750964,2.18045457527112
80,15,linCmt,focei,lbfgsb3c,cov_VcCL,structural_other,0.02,48,43.0756729810488,56.5850107154776,44.9978215059505,83.5175756138789,122.711006453922
80,15,linCmt,focei,lbfgsb3c,var_CL,structural_other,0.1,48,-1.44807508529014,0.226800602873985,10.6378186752815,16.9751604517221,27.8137819138611
80,15,linCmt,focei,lbfgsb3c,var_Vc,structural_other,0.1,48,-6.89548217278504,-4.18272618272741,16.8605767125892,24.1358709662932,39.5423010730844
80,16,linCmt,focei,lbfgsb3c,CLBW,covariate_beta,0.75,48,1.97624526607162,1.49946522340828,16.5945679042805,22.5787840434843,33.586659162894
80,16,linCmt,focei,lbfgsb3c,CLcrCL,covariate_beta,0.5,48,-8.3360390043418,-7.38557629908193,11.6137175619338,18.0246280081996,28.8355637670608
80,16,linCmt,focei,lbfgsb3c,VcBW,covariate_beta,1,48,-1.29195570718556,-1.18117669783653,8.95245209027369,18.3816424722351,26.6674760485854
80,16,linCmt,focei,lbfgsb3c,VcSEX,covariate_beta,0.405465108108164,48,-3.0603087252647,-1.2732579443396,12.9444350409988,18.7975990327051,29.9866496766504
80,16,linCmt,focei,lbfgsb3c,TVCL,structural_intercept,0.6,48,-8.95796104930504,-9.49683774489055,9.33132987945628,11.50151484126,17.3860210124701
80,16,linCmt,focei,lbfgsb3c,TVVc,structural_intercept,20,48,-10.9809163596786,-10.5296307320545,10.9809163596786,11.7449113927582,17.0147764664419
80,16,linCmt,focei,lbfgsb3c,ResErr,structural_other,0.1,48,-1.32824066935586,-1.19575241846501,3.68484075794009,4.98985430187897,8.01565783077984
80,16,linCmt,focei,lbfgsb3c,TVKA,structural_other,0.7,48,4.75809867696496e-14,4.75809867696496e-14,4.75809867696496e-14,4.75809867696496e-14,4.75809867696496e-14
80,16,linCmt,focei,lbfgsb3c,TVQ,structural_other,1.8,48,1.83172380056178,1.78235054374322,1.83172380056178,2.44527451067347,4.02904593955532
80,16,linCmt,focei,lbfgsb3c,TVVp,structural_other,80,48,0.506055375459864,0.415920815331393,0.885209209063946,1.39909420911086,2.29088481615316
80,16,linCmt,focei,lbfgsb3c,cov_VcCL,structural_other,0.02,48,37.6765853708342,41.5014083533299,37.8735945844691,59.8498993415048,98.9199366463674
80,16,linCmt,focei,lbfgsb3c,var_CL,structural_other,0.1,48,-5.92069948973009,-2.81144451644163,12.3452194133405,16.0635949317088,23.8517148594229
80,16,linCmt,focei,lbfgsb3c,var_Vc,structural_other,0.1,48,-6.26991901652788,-5.5179758267852,11.2526119369752,21.4780981839524,35.3659458765832
40,1,linCmt,focei,lbfgsb3c,TVCL,structural_intercept,0.6,92,1.07450698700428,0.949336729739836,3.92531682555371,5.50156906484122,8.74187357175221
40,1,linCmt,focei,lbfgsb3c,TVVc,structural_intercept,20,92,1.01010556524913,1.46805968561905,4.6008869427575,6.89743736205497,11.055328755066
40,1,linCmt,focei,lbfgsb3c,ResErr,structural_other,0.1,92,0.333343523941855,1.13068647339056,4.29732397057672,6.88956638623649,11.7093413041514
40,1,linCmt,focei,lbfgsb3c,TVKA,structural_other,0.7,92,0,0,0,0,0
40,1,linCmt,focei,lbfgsb3c,TVQ,structural_other,1.8,92,2.20361942886493,2.19687188031326,2.24810055115573,2.88269251440565,4.30933272807862
40,1,linCmt,focei,lbfgsb3c,TVVp,structural_other,80,92,0.681561879909998,0.662474954840872,1.19280119533071,1.8222699816235,2.69600724304267
40,1,linCmt,focei,lbfgsb3c,cov_VcCL,structural_other,0.02,92,-11.9613227082184,-9.61653517835738,21.7627641151423,40.3683671332059,64.0380060954544
40,1,linCmt,focei,lbfgsb3c,var_CL,structural_other,0.1,92,-8.22802932753797,-4.30978145598892,16.6183222636997,24.6815483464408,40.4633340296465
40,1,linCmt,focei,lbfgsb3c,var_Vc,structural_other,0.1,92,-4.40325396281616,-8.05836360907555,15.358094445186,29.865960894235,57.6331496294017
40,1,ode,focei,lbfgsb3c,TVCL,structural_intercept,0.6,90,0.898266538426173,0.8912419496775,4.0095251501969,5.51201958976098,8.83285743939402
40,1,ode,focei,lbfgsb3c,TVVc,structural_intercept,20,90,0.968848458144702,1.29210479378756,4.48044065372075,6.73426830675893,10.8209182369641
40,1,ode,focei,lbfgsb3c,ResErr,structural_other,0.1,90,0.337524851103901,0.868415838217835,4.22810238856115,6.63659640545296,10.7311228384061
40,1,ode,focei,lbfgsb3c,TVKA,structural_other,0.7,90,0,0,0,0,0
40,1,ode,focei,lbfgsb3c,TVQ,structural_other,1.8,90,2.3013180841314,2.27990813794338,2.39765736109777,2.96848676134363,4.62653016471658
40,1,ode,focei,lbfgsb3c,TVVp,structural_other,80,90,0.70290523420554,0.708487683723245,1.19815795957516,1.83144799394232,2.74613639125733
40,1,ode,focei,lbfgsb3c,cov_VcCL,structural_other,0.02,90,-9.25741895650305,-10.5687081567233,16.7500512008117,34.4750815140325,55.7891239149229
40,1,ode,focei,lbfgsb3c,var_CL,structural_other,0.1,90,-3.3117820106579,-4.18428662200486,16.1336129390586,24.7251395336407,41.1416157460435
40,1,ode,focei,lbfgsb3c,var_Vc,structural_other,0.1,90,-2.48421331223247,-7.80758599911583,13.403752609239,29.9131336061632,61.0041990042773
40,2,linCmt,focei,lbfgsb3c,VcSEX,covariate_beta,0.405465108108164,74,12.0088906368962,13.6855533102941,15.712322408206,27.1623612805039,47.2046389780452
40,2,linCmt,focei,lbfgsb3c,TVCL,structural_intercept,0.6,74,1.64937859043904,0.873258106631462,3.54984321422329,5.00994965005806,8.03305518886229
40,2,linCmt,focei,lbfgsb3c,TVVc,structural_intercept,20,74,-0.993326816247446,-0.636446380927504,6.42007924260553,8.49166777334306,14.0953817366637
40,2,linCmt,focei,lbfgsb3c,ResErr,structural_other,0.1,74,-0.555649887800755,-0.890960173900708,4.96074147257072,6.91595210210272,11.5972618382739
40,2,linCmt,focei,lbfgsb3c,TVKA,structural_other,0.7,74,4.75809867696496e-14,4.75809867696496e-14,4.75809867696496e-14,4.75809867696496e-14,4.75809867696496e-14
40,2,linCmt,focei,lbfgsb3c,TVQ,structural_other,1.8,74,1.37114359939489,1.34778193736788,1.78324323447388,2.91533947150011,4.58142312364659
40,2,linCmt,focei,lbfgsb3c,TVVp,structural_other,80,74,0.0402856674364749,0.0487399969345263,0.968198613062521,1.53579006696313,2.53212315947019
40,2,linCmt,focei,lbfgsb3c,cov_VcCL,structural_other,0.02,74,-23.1864337939071,-22.6543891951202,34.1025046247037,48.441230407401,64.6769610274798
40,2,linCmt,focei,lbfgsb3c,var_CL,structural_other,0.1,74,-7.12220216678283,-4.71939128955973,15.0823061604525,20.5863532787055,34.1928403996827
40,2,linCmt,focei,lbfgsb3c,var_Vc,structural_other,0.1,74,-18.3240171656842,-12.5952260175575,26.6684523423012,35.747037651906,52.8344865708264
40,2,ode,focei,lbfgsb3c,VcSEX,covariate_beta,0.405465108108164,72,14.0505879785235,13.5720364041314,15.945713776281501,27.2504232163502,44.6818057993499
40,2,ode,focei,lbfgsb3c,TVCL,structural_intercept,0.6,72,1.30394878124607,0.656957892808086,3.43698423824907,4.9593038675567,8.38064628570713
40,2,ode,focei,lbfgsb3c,TVVc,structural_intercept,20,72,-0.678637786927991,-0.800301388108729,6.54802998680846,8.7223800410503,13.9937389690442
40,2,ode,focei,lbfgsb3c,ResErr,structural_other,0.1,72,-0.592740840428818,-0.836978236026065,4.73730767498376,6.88778613972307,10.9982895440237
40,2,ode,focei,lbfgsb3c,TVKA,structural_other,0.7,72,4.75809867696496e-14,4.75809867696496e-14,4.75809867696496e-14,4.75809867696496e-14,4.75809867696496e-14
40,2,ode,focei,lbfgsb3c,TVQ,structural_other,1.8,72,1.48033461600266,1.47885254355673,1.70207842796585,2.92168829558036,4.57694001607019
40,2,ode,focei,lbfgsb3c,TVVp,structural_other,80,72,0.0327633916588166,0.0840774761176127,0.932155344019341,1.50346740002222,2.49474440103092
40,2,ode,focei,lbfgsb3c,cov_VcCL,structural_other,0.02,72,-28.3568403259608,-25.7083490203018,34.3653444279999,46.6402019293717,64.5175519117973
40,2,ode,focei,lbfgsb3c,var_CL,structural_other,0.1,72,-7.63270313156418,-5.35115215525931,15.3742491294972,21.1406027011929,34.3761443909096
40,2,ode,focei,lbfgsb3c,var_Vc,structural_other,0.1,72,-18.5824860686455,-13.8361803106362,24.9609310541364,34.8120072946388,52.5235555075749
40,3,linCmt,focei,lbfgsb3c,VcBW,covariate_beta,1,52,2.77091302873268,6.33805403233988,12.3870383668702,21.3097255348479,38.0889145688438
40,3,linCmt,focei,lbfgsb3c,TVCL,structural_intercept,0.6,52,-0.592360437853175,0.189986557758635,3.19161758484419,5.73177143717077,10.3392385308113
40,3,linCmt,focei,lbfgsb3c,TVVc,structural_intercept,20,52,0.201669928114176,0.420545200700947,5.22667617036699,7.45338375689588,11.0004464473867
40,3,linCmt,focei,lbfgsb3c,ResErr,structural_other,0.1,52,-2.40426276192116,-1.01415477668167,5.34289066066819,7.48337577980052,12.7541736086316
40,3,linCmt,focei,lbfgsb3c,TVKA,structural_other,0.7,52,4.75809867696496e-14,4.75809867696496e-14,4.75809867696496e-14,4.75809867696496e-14,4.75809867696496e-14
40,3,linCmt,focei,lbfgsb3c,TVQ,structural_other,1.8,52,1.17734221279343,1.50448009574147,1.46153845380825,2.86490872442064,5.00684342653179
40,3,linCmt,focei,lbfgsb3c,TVVp,structural_other,80,52,0.0962224848640414,0.158709393401694,1.09447360443507,1.86352796426077,3.34551179411734
40,3,linCmt,focei,lbfgsb3c,cov_VcCL,structural_other,0.02,52,-14.4855457696483,-10.0950590906259,21.9835682604698,37.3754458847293,55.9220830797004
40,3,linCmt,focei,lbfgsb3c,var_CL,structural_other,0.1,52,-3.34962634963797,-2.3810596923535,13.518279256239,19.5474780120173,33.8982006880039
40,3,linCmt,focei,lbfgsb3c,var_Vc,structural_other,0.1,52,-5.85251394290551,-5.74269734012688,20.3422532301426,30.791440253353,47.0978890032513
40,3,ode,focei,lbfgsb3c,VcBW,covariate_beta,1,57,4.82850868885569,7.89300461281593,12.751827965253,21.6947445055373,38.0523877222081
40,3,ode,focei,lbfgsb3c,TVCL,structural_intercept,0.6,57,-0.350261501980142,0.164357678890783,3.26028777538081,5.72126340155105,10.0309676491393
40,3,ode,focei,lbfgsb3c,TVVc,structural_intercept,20,57,0.0692417085733155,0.0416103416098217,4.94719618274008,7.4361306738119,11.5167380200689
40,3,ode,focei,lbfgsb3c,ResErr,structural_other,0.1,57,-2.10938411932859,-1.06475760988496,5.78635592498325,7.56022910586005,12.3354003916636
40,3,ode,focei,lbfgsb3c,TVKA,structural_other,0.7,57,4.75809867696496e-14,4.75809867696496e-14,4.75809867696496e-14,4.75809867696496e-14,4.75809867696496e-14
40,3,ode,focei,lbfgsb3c,TVQ,structural_other,1.8,57,0.883599654039909,1.29253562800108,1.46942707525729,2.76740190834989,4.91743460907434
40,3,ode,focei,lbfgsb3c,TVVp,structural_other,80,57,0.154797935146025,0.165686128647075,0.95843308184099,1.77645870396009,3.23355620429975
40,3,ode,focei,lbfgsb3c,cov_VcCL,structural_other,0.02,57,-16.9346580385807,-17.3932852931445,22.4512004547846,32.4731471632737,55.5291914346678
40,3,ode,focei,lbfgsb3c,var_CL,structural_other,0.1,57,-2.88534827910673,-2.99775201085102,14.4043426865194,19.8110936156203,30.6634526153466
40,3,ode,focei,lbfgsb3c,var_Vc,structural_other,0.1,57,-6.46471185394565,-7.29487640143822,22.047679725807,31.5523372634424,50.5484804292141
40,4,linCmt,focei,lbfgsb3c,VcBW,covariate_beta,1,40,-0.237707199841897,7.0592830962088,19.0875098982871,29.2027486906414,47.7976161395787
40,4,linCmt,focei,lbfgsb3c,VcSEX,covariate_beta,0.405465108108164,40,8.60402026975301,10.1818308436679,18.3235471959937,25.5163740048841,37.377850739034
40,4,linCmt,focei,lbfgsb3c,TVCL,structural_intercept,0.6,40,0.0713866936287166,0.767671759394744,3.01426443565299,4.36455513509404,7.00632131348924
40,4,linCmt,focei,lbfgsb3c,TVVc,structural_intercept,20,40,-4.31898069441668,-2.30083637304423,6.52855696417859,8.82453909458846,14.6719361448176
40,4,linCmt,focei,lbfgsb3c,ResErr,structural_other,0.1,40,-0.0923089775878155,-0.802010902863721,5.13710939192803,7.17579829747573,10.0998784172068
40,4,linCmt,focei,lbfgsb3c,TVKA,structural_other,0.7,40,4.75809867696496e-14,4.75809867696496e-14,4.75809867696496e-14,4.75809867696496e-14,4.75809867696496e-14
40,4,linCmt,focei,lbfgsb3c,TVQ,structural_other,1.8,40,0.78328918372817,1.19176556609099,1.959938977146,2.95746777041971,5.08526626381636
40,4,linCmt,focei,lbfgsb3c,TVVp,structural_other,80,40,-0.321902484781944,-0.0419185628390797,1.53344283530987,1.84451746421008,2.48339800739045
40,4,linCmt,focei,lbfgsb3c,cov_VcCL,structural_other,0.02,40,-34.9754668598747,-28.2174330135082,41.2262487603516,58.8306753028901,99.7612354460652
40,4,linCmt,focei,lbfgsb3c,var_CL,structural_other,0.1,40,-4.2666883131025,-0.537812304614638,15.656084626172,23.3438695570134,40.1098810254299
40,4,linCmt,focei,lbfgsb3c,var_Vc,structural_other,0.1,40,-27.4972036785089,-17.7808251633036,30.3788161179483,34.1162388461171,49.524468561235
40,4,ode,focei,lbfgsb3c,VcBW,covariate_beta,1,37,2.66651957718826,7.4604420472825,18.7930640618266,28.7159231046852,51.5390609897723
40,4,ode,focei,lbfgsb3c,VcSEX,covariate_beta,0.405465108108164,37,3.67198268239099,8.46834449546494,15.9809976397384,25.9471050279571,36.0932831121424
40,4,ode,focei,lbfgsb3c,TVCL,structural_intercept,0.6,37,0.65372180074245,1.42170226284086,2.58694404015656,4.17358884428956,6.73563192798682
40,4,ode,focei,lbfgsb3c,TVVc,structural_intercept,20,37,-4.85425112864723,-1.98107735283788,6.42954358670904,8.72784040407585,13.6219967236407
40,4,ode,focei,lbfgsb3c,ResErr,structural_other,0.1,37,-1.4480770555438,-1.88834182003725,5.15917518292934,7.41554483910222,10.6895662278029
40,4,ode,focei,lbfgsb3c,TVKA,structural_other,0.7,37,4.75809867696496e-14,4.75809867696496e-14,4.75809867696496e-14,4.75809867696496e-14,4.75809867696496e-14
40,4,ode,focei,lbfgsb3c,TVQ,structural_other,1.8,37,1.12263884824569,1.3001722587795,2.04314179116069,3.13808715811093,5.25092696493972
40,4,ode,focei,lbfgsb3c,TVVp,structural_other,80,37,0.0548656882422094,0.105478790100538,1.49472796088512,1.87376695447374,2.86888513850185
40,4,ode,focei,lbfgsb3c,cov_VcCL,structural_other,0.02,37,-30.0472566831564,-27.7429440350772,33.0781519171483,55.9821342256408,95.3067353274598
40,4,ode,focei,lbfgsb3c,var_CL,structural_other,0.1,37,0.877503039171085,-0.0130616439705493,15.4992362434716,22.260425783441,36.1930897777631
40,4,ode,focei,lbfgsb3c,var_Vc,structural_other,0.1,37,-21.7098181475143,-14.4807096006383,28.7318433521537,33.4010519529472,49.5319337169786
40,5,linCmt,focei,lbfgsb3c,CLcrCL,covariate_beta,0.5,65,-2.56905735235681,1.31608173481504,13.4745621558107,17.5239234745768,29.3257875670085
40,5,linCmt,focei,lbfgsb3c,TVCL,structural_intercept,0.6,65,1.49723557627172,1.12662477692266,2.99544005527639,4.85896132767984,8.09451268930213
40,5,linCmt,focei,lbfgsb3c,TVVc,structural_intercept,20,65,2.50800586355572,2.21912496483244,3.710598520943,6.58664196584015,10.2387444450181
40,5,linCmt,focei,lbfgsb3c,ResErr,structural_other,0.1,65,0.482629657929778,0.369174013006907,4.17985076145704,6.38080383621245,11.2761867791839
40,5,linCmt,focei,lbfgsb3c,TVKA,structural_other,0.7,65,4.75809867696496e-14,4.75809867696496e-14,4.75809867696496e-14,4.75809867696496e-14,4.75809867696496e-14
40,5,linCmt,focei,lbfgsb3c,TVQ,structural_other,1.8,65,1.62616596727404,1.83606237440857,1.62785555475276,2.62386101452351,4.68258949031357
40,5,linCmt,focei,lbfgsb3c,TVVp,structural_other,80,65,0.497595400591813,0.393966649992972,0.935466541429779,1.47296728829218,2.27041751093948
40,5,linCmt,focei,lbfgsb3c,cov_VcCL,structural_other,0.02,65,-14.9533280039926,-18.8781144074858,24.6200578937991,43.2124126511661,69.7867175818747
40,5,linCmt,focei,lbfgsb3c,var_CL,structural_other,0.1,65,-7.54984350672892,-8.49604420417982,14.9410336863304,19.901282788107,28.850961824574
40,5,linCmt,focei,lbfgsb3c,var_Vc,structural_other,0.1,65,-10.6705879349148,-10.6667896610759,22.8580936524481,38.5370329198301,67.0572813483001
40,5,ode,focei,lbfgsb3c,CLcrCL,covariate_beta,0.5,70,-3.24970729590406,0.320266757611272,14.6195325899606,18.3810637774463,30.5940566776419
40,5,ode,focei,lbfgsb3c,TVCL,structural_intercept,0.6,70,1.24144626064568,1.06821015848041,2.95477206854695,4.55180693994287,7.82386162729551
40,5,ode,focei,lbfgsb3c,TVVc,structural_intercept,20,70,1.9517522702208,1.8884947147587,3.78645750357745,6.46375577723673,9.80062790740331
40,5,ode,focei,lbfgsb3c,ResErr,structural_other,0.1,70,-0.236625599511181,-0.189798618383267,4.23161848220965,6.45136344658025,11.3284829328922
40,5,ode,focei,lbfgsb3c,TVKA,structural_other,0.7,70,4.75809867696496e-14,4.75809867696496e-14,4.75809867696496e-14,4.75809867696496e-14,4.75809867696496e-14
40,5,ode,focei,lbfgsb3c,TVQ,structural_other,1.8,70,1.6439428172125,1.77879428300596,1.81326044827891,2.71211992893493,4.7456090424533
40,5,ode,focei,lbfgsb3c,TVVp,structural_other,80,70,0.472090119824689,0.399736177637198,0.914104019110606,1.47821498096807,2.25602532507927
40,5,ode,focei,lbfgsb3c,cov_VcCL,structural_other,0.02,70,-11.855379743774,-15.7739777862081,20.8219794141416,42.2194670128975,70.678520293372
40,5,ode,focei,lbfgsb3c,var_CL,structural_other,0.1,70,-8.10474380295973,-8.5250454872695,15.7912211017136,22.6173864949804,36.1188578462422
40,5,ode,focei,lbfgsb3c,var_Vc,structural_other,0.1,70,-6.54555872152006,-7.2347860324295,21.7441035964166,37.2760808786198,65.8533897636446
40,6,linCmt,focei,lbfgsb3c,CLcrCL,covariate_beta,0.5,59,0.712799441491918,5.31444534580875,11.3157397094998,19.7550651241684,31.8760659890085
40,6,linCmt,focei,lbfgsb3c,VcSEX,covariate_beta,0.405465108108164,59,9.89696530194525,12.8840934619144,15.4252012915235,28.1544600991511,48.0754027636279
40,6,linCmt,focei,lbfgsb3c,TVCL,structural_intercept,0.6,59,0.986153023293745,0.884591359379363,3.94384960878643,5.44108708207569,8.55124916191026
40,6,linCmt,focei,lbfgsb3c,TVVc,structural_intercept,20,59,-1.00396285094213,-1.53350724008029,6.01035529623003,9.1952648726534,16.0027975120039
40,6,linCmt,focei,lbfgsb3c,ResErr,structural_other,0.1,59,0.805544631349728,0.640398663712698,4.36368665696688,6.3625539896526,10.380122987705
40,6,linCmt,focei,lbfgsb3c,TVKA,structural_other,0.7,59,4.75809867696496e-14,4.75809867696496e-14,4.75809867696496e-14,4.75809867696496e-14,4.75809867696496e-14
40,6,linCmt,focei,lbfgsb3c,TVQ,structural_other,1.8,59,1.15704927193199,1.20043005266906,1.59203937247907,2.36028663167586,3.69209152120011
40,6,linCmt,focei,lbfgsb3c,TVVp,structural_other,80,59,0.427503148082771,0.589515247515547,1.17026392909473,1.6756432774563,2.31931220218643
40,6,linCmt,focei,lbfgsb3c,cov_VcCL,structural_other,0.02,59,-14.7458665757727,-10.5026121421238,23.1265263072349,35.2265130219928,61.4076103850107
40,6,linCmt,focei,lbfgsb3c,var_CL,structural_other,0.1,59,-12.9783449803073,-10.9605696953155,14.6823286083284,22.7033012999859,37.1547953959366
40,6,linCmt,focei,lbfgsb3c,var_Vc,structural_other,0.1,59,-2.82290067623159,-3.0999555027564,16.3911056669556,30.380984907455,49.576942220207
40,6,ode,focei,lbfgsb3c,CLcrCL,covariate_beta,0.5,56,1.81611626753313,5.09915970992914,11.891624035545,19.9257131996837,31.1310705599623
40,6,ode,focei,lbfgsb3c,VcSEX,covariate_beta,0.405465108108164,56,10.9748101961589,14.998901721681,16.9066674410039,29.9612226360604,51.3172843350303
40,6,ode,focei,lbfgsb3c,TVCL,structural_intercept,0.6,56,1.22609494004119,1.06004412033957,3.85914103363397,5.50593591752245,8.68164932710793
40,6,ode,focei,lbfgsb3c,TVVc,structural_intercept,20,56,-0.91716978693233,-1.84868464415366,5.8219827679435,9.27522923218747,16.1937239371987
40,6,ode,focei,lbfgsb3c,ResErr,structural_other,0.1,56,0.468929508157058,0.674505839402391,4.39713302333244,6.51034749314843,10.6596948929572
40,6,ode,focei,lbfgsb3c,TVKA,structural_other,0.7,56,4.75809867696496e-14,4.75809867696496e-14,4.75809867696496e-14,4.75809867696496e-14,4.75809867696496e-14
40,6,ode,focei,lbfgsb3c,TVQ,structural_other,1.8,56,1.29197796983349,1.25386694972313,1.65975694997807,2.41163066422678,3.74990094643059
40,6,ode,focei,lbfgsb3c,TVVp,structural_other,80,56,0.496055592722593,0.487519383133021,1.22493929580117,1.65275100390985,2.31168761930268
40,6,ode,focei,lbfgsb3c,cov_VcCL,structural_other,0.02,56,-14.4301853367807,-13.8070393528327,22.9017550739666,35.9324892544846,57.6237384087024
40,6,ode,focei,lbfgsb3c,var_CL,structural_other,0.1,56,-13.4695793238537,-13.0445184342992,15.605261552519,23.2296505838429,38.2906920452806
40,6,ode,focei,lbfgsb3c,var_Vc,structural_other,0.1,56,-3.2226740104927,-3.29728341475978,15.4722509979695,29.6011752087834,50.622436857109
40,7,linCmt,focei,lbfgsb3c,CLcrCL,covariate_beta,0.5,36,-0.898464943387134,3.07805749012466,12.2645995278995,17.7589510630227,29.5516116950317
40,7,linCmt,focei,lbfgsb3c,VcBW,covariate_beta,1,36,1.46172168996188,4.31599442280871,11.4441473530373,20.5326592626168,35.737990711456
40,7,linCmt,focei,lbfgsb3c,TVCL,structural_intercept,0.6,36,-0.312150958706218,-0.186704581067684,3.27964804812894,4.83650979044948,8.59053234139179
40,7,linCmt,focei,lbfgsb3c,TVVc,structural_intercept,20,36,-0.411939851221454,-0.568064958747935,3.25889351618879,6.14250718885532,11.047653393967
40,7,linCmt,focei,lbfgsb3c,ResErr,structural_other,0.1,36,-7.1242887725885,-4.65716759421369,7.49019249692959,8.29619650486165,12.7451314226302
40,7,linCmt,focei,lbfgsb3c,TVKA,structural_other,0.7,36,4.75809867696496e-14,4.75809867696496e-14,4.75809867696496e-14,4.75809867696496e-14,4.75809867696496e-14
40,7,linCmt,focei,lbfgsb3c,TVQ,structural_other,1.8,36,1.21550586095483,1.62228451513454,1.65389784311606,2.98020833878188,4.65759543446081
40,7,linCmt,focei,lbfgsb3c,TVVp,structural_other,80,36,-0.404294710661395,0.0313610078305112,0.698418800543035,1.54376843408293,2.8135753722408
40,7,linCmt,focei,lbfgsb3c,cov_VcCL,structural_other,0.02,36,1.16613219953287,4.28507161175427,26.7853226497072,40.5678115101799,73.535398810269
40,7,linCmt,focei,lbfgsb3c,var_CL,structural_other,0.1,36,-16.0200751102736,-13.8116387556664,17.41631878199,24.9804866313259,37.7512220602644
40,7,linCmt,focei,lbfgsb3c,var_Vc,structural_other,0.1,36,0.842246003824147,0.143543407488926,11.7447099765672,28.9415711021177,37.5295689348561
40,7,ode,focei,lbfgsb3c,CLcrCL,covariate_beta,0.5,41,7.19211335747216,5.02703585928258,14.3835638013181,18.2045003636328,29.5381195899112
40,7,ode,focei,lbfgsb3c,VcBW,covariate_beta,1,41,0.464699166008176,3.34811951378266,15.9742210694823,21.0384218643744,35.120910298952
40,7,ode,focei,lbfgsb3c,TVCL,structural_intercept,0.6,41,-0.894477602930247,-0.594970318024651,3.35501599928663,5.44865005186721,10.0094212734576
40,7,ode,focei,lbfgsb3c,TVVc,structural_intercept,20,41,-0.625026812114911,-0.63421956583884,3.31014879969594,6.10004000659257,11.3075552069775
40,7,ode,focei,lbfgsb3c,ResErr,structural_other,0.1,41,-2.69881492420844,-2.51301597363084,6.69269158105437,8.0149322415709,12.7601920899803
40,7,ode,focei,lbfgsb3c,TVKA,structural_other,0.7,41,4.75809867696496e-14,4.75809867696496e-14,4.75809867696496e-14,4.75809867696496e-14,4.75809867696496e-14
40,7,ode,focei,lbfgsb3c,TVQ,structural_other,1.8,41,1.1176016095815,1.39967246095141,1.42184687407803,2.63840632197098,4.40425274928518
40,7,ode,focei,lbfgsb3c,TVVp,structural_other,80,41,-0.386551017350207,0.0218636122117081,0.794548390289815,1.73481207691165,2.90889671529726
40,7,ode,focei,lbfgsb3c,cov_VcCL,structural_other,0.02,41,-1.35413022577417,-1.21930106914365,26.7801335852888,45.5105860856674,74.3795748467116
40,7,ode,focei,lbfgsb3c,var_CL,structural_other,0.1,41,-13.1612054813027,-10.6102992575714,16.9184802718766,25.1078937207979,41.4010842487133
40,7,ode,focei,lbfgsb3c,var_Vc,structural_other,0.1,41,-0.15006647432389,-2.71912295465205,12.6766936338319,32.5615722636619,59.6018802002773
40,8,linCmt,focei,lbfgsb3c,CLcrCL,covariate_beta,0.5,36,7.95297353910465,11.2934786627466,17.3161281482223,27.7509916254679,40.3913581560612
40,8,linCmt,focei,lbfgsb3c,VcBW,covariate_beta,1,36,2.39328968241009,3.47258665874728,19.279067263939,23.78961482845,38.1506267300622
40,8,linCmt,focei,lbfgsb3c,VcSEX,covariate_beta,0.405465108108164,36,6.37078911190378,8.33479462781071,11.7599742504445,25.0686640367203,40.5121936294863
40,8,linCmt,focei,lbfgsb3c,TVCL,structural_intercept,0.6,36,1.1645977587904,0.52198017115293,3.63057220589206,4.65283577111988,7.28918860637395
40,8,linCmt,focei,lbfgsb3c,TVVc,structural_intercept,20,36,2.04025767451171,-0.00605684857320471,6.1914400200958,8.68974786863063,12.5775538077172
40,8,linCmt,focei,lbfgsb3c,ResErr,structural_other,0.1,36,-0.505677011851079,-1.27201719414872,3.97953118649089,5.43633274218706,8.98729364011902
40,8,linCmt,focei,lbfgsb3c,TVKA,structural_other,0.7,36,4.75809867696496e-14,4.75809867696496e-14,4.75809867696496e-14,4.75809867696496e-14,4.75809867696496e-14
40,8,linCmt,focei,lbfgsb3c,TVQ,structural_other,1.8,36,0.876984335537253,1.06501730568959,1.84197555133199,3.09088625543503,5.53636054723218
40,8,linCmt,focei,lbfgsb3c,TVVp,structural_other,80,36,-0.242604974920315,-0.0995890884620737,1.16014102224235,1.42465685830894,2.13257972815168
40,8,linCmt,focei,lbfgsb3c,cov_VcCL,structural_other,0.02,36,-24.307376815357,-24.2684876043775,25.6560657551541,33.9270648574472,49.3836297953857
40,8,linCmt,focei,lbfgsb3c,var_CL,structural_other,0.1,36,-3.35283894272646,-1.52996551293145,11.349803313046401,18.7483600650345,31.2946292980114
40,8,linCmt,focei,lbfgsb3c,var_Vc,structural_other,0.1,36,-14.8721853711066,-17.5665167653071,18.2748250726772,26.4851087228945,40.2489603698423
40,8,ode,focei,lbfgsb3c,CLcrCL,covariate_beta,0.5,36,6.32809001116458,9.1285751369247,13.8377839868491,26.7166092883849,33.6245856192042
40,8,ode,focei,lbfgsb3c,VcBW,covariate_beta,1,36,13.3506942656575,7.48621799650436,19.5876907509455,24.3105218429742,41.8885684184363
40,8,ode,focei,lbfgsb3c,VcSEX,covariate_beta,0.405465108108164,36,-1.6408998498714,5.51464892240614,14.6433869495479,25.2199612055108,40.101887483007
40,8,ode,focei,lbfgsb3c,TVCL,structural_intercept,0.6,36,1.34014299409206,0.555188872937095,3.57894659479137,4.80660866598192,7.57097723469121
40,8,ode,focei,lbfgsb3c,TVVc,structural_intercept,20,36,-0.995910271875528,-0.303132743849425,5.89106533829605,8.55910064994619,12.8980121347888
40,8,ode,focei,lbfgsb3c,ResErr,structural_other,0.1,36,-0.575613342511196,-1.52019603199002,4.50306488220124,5.81457690915909,9.24869480029443
40,8,ode,focei,lbfgsb3c,TVKA,structural_other,0.7,36,4.75809867696496e-14,4.75809867696496e-14,4.75809867696496e-14,4.75809867696496e-14,4.75809867696496e-14
40,8,ode,focei,lbfgsb3c,TVQ,structural_other,1.8,36,0.554351973765873,0.841024777257158,1.82423399146741,2.88308532254561,5.04866812940361
40,8,ode,focei,lbfgsb3c,TVVp,structural_other,80,36,-0.410571934217199,-0.177828400059927,1.15072210342192,1.4523439088015,2.21032681325691
40,8,ode,focei,lbfgsb3c,cov_VcCL,structural_other,0.02,36,-19.6788390803921,-17.3948346125822,23.875089825133202,31.3791023193362,51.4359086223614
40,8,ode,focei,lbfgsb3c,var_CL,structural_other,0.1,36,-4.06742236002887,-2.32295468483338,12.9423779363791,18.3717111533907,31.0014898325916
40,8,ode,focei,lbfgsb3c,var_Vc,structural_other,0.1,36,-13.7076040785774,-15.6048730717834,16.1628563867713,25.3249486387861,39.1233049086426
40,9,linCmt,focei,lbfgsb3c,CLBW,covariate_beta,0.75,55,12.1701432030212,14.4818369075591,16.2367132398656,26.0061796577877,46.0082438583158
40,9,linCmt,focei,lbfgsb3c,TVCL,structural_intercept,0.6,55,-0.893324162590581,-0.0813156432917128,3.80466569836546,6.77946609080726,10.0733506875603
40,9,linCmt,focei,lbfgsb3c,TVVc,structural_intercept,20,55,0.623300621330394,0.803090177260056,4.94452172629943,7.01241706786906,11.8114939403947
40,9,linCmt,focei,lbfgsb3c,ResErr,structural_other,0.1,55,0.590553473315533,-0.840808135053099,5.63748272067204,6.711826164264,10.683157871343
40,9,linCmt,focei,lbfgsb3c,TVKA,structural_other,0.7,55,4.75809867696496e-14,4.75809867696496e-14,4.75809867696496e-14,4.75809867696496e-14,4.75809867696496e-14
40,9,linCmt,focei,lbfgsb3c,TVQ,structural_other,1.8,55,1.80913721447251,2.10418058283585,1.8502030701692,3.05207868993812,4.81868432979676
40,9,linCmt,focei,lbfgsb3c,TVVp,structural_other,80,55,0.0861155355073429,0.371336293110813,1.07291667317478,1.53147682920766,2.75768746371634
40,9,linCmt,focei,lbfgsb3c,cov_VcCL,structural_other,0.02,55,-15.2408462092434,-17.7552847302907,19.2605562083981,38.532536780489004,61.4330972309571
40,9,linCmt,focei,lbfgsb3c,var_CL,structural_other,0.1,55,-10.4193850344807,-7.05330758178021,17.1960637179943,26.3502304744953,42.1878106673026
40,9,linCmt,focei,lbfgsb3c,var_Vc,structural_other,0.1,55,-4.19699172280595,-7.23015876749209,15.6892203273147,31.4864956993175,50.2097706343758
40,9,ode,focei,lbfgsb3c,CLBW,covariate_beta,0.75,50,12.0848309010121,15.8300044123276,14.5004549418155,26.0721884599809,46.9224615667298
40,9,ode,focei,lbfgsb3c,TVCL,structural_intercept,0.6,50,-1.55789901293736,-0.854032933708642,4.07900566472816,6.7647540269241,9.66402286636435
40,9,ode,focei,lbfgsb3c,TVVc,structural_intercept,20,50,0.652232907998229,1.29093370117047,4.36599647536879,7.17429808726562,12.392300455944
40,9,ode,focei,lbfgsb3c,ResErr,structural_other,0.1,50,-2.3137383138319,-1.55880702450757,5.50622764785122,7.14476755085096,11.5277392057947
40,9,ode,focei,lbfgsb3c,TVKA,structural_other,0.7,50,4.75809867696496e-14,4.75809867696496e-14,4.75809867696496e-14,4.75809867696496e-14,4.75809867696496e-14
40,9,ode,focei,lbfgsb3c,TVQ,structural_other,1.8,50,1.82010613945729,2.08373418415815,1.8643136990823,3.05826560350584,4.74338814694134
40,9,ode,focei,lbfgsb3c,TVVp,structural_other,80,50,0.462761947621546,0.3623925266125,1.02936410497488,1.46728486588213,2.67394235974493
40,9,ode,focei,lbfgsb3c,cov_VcCL,structural_other,0.02,50,-14.2008597095432,-15.1297417503142,19.9611762505598,35.8118792990108,61.6847800931709
40,9,ode,focei,lbfgsb3c,var_CL,structural_other,0.1,50,-9.58157338493829,-7.63344050342258,14.2426802485437,26.2289103313798,44.6283831272526
40,9,ode,focei,lbfgsb3c,var_Vc,structural_other,0.1,50,-1.60825401785584,-6.23074209986946,19.376926892418,32.6958469345766,49.8851878425753
40,10,linCmt,focei,lbfgsb3c,CLBW,covariate_beta,0.75,34,8.66971743873393,8.14251673007752,13.3229805564301,18.9522696667139,30.0766328900668
40,10,linCmt,focei,lbfgsb3c,VcSEX,covariate_beta,0.405465108108164,34,5.14986848126818,10.2713870812414,14.4761226423664,28.6293925717702,46.1863361505118
40,10,linCmt,focei,lbfgsb3c,TVCL,structural_intercept,0.6,34,-8.37357955325636,-8.510889559102,8.37357955325636,9.80302436218662,14.0699207437849
40,10,linCmt,focei,lbfgsb3c,TVVc,structural_intercept,20,34,1.565391233094,-0.500280297360095,5.35164797460382,8.58461395899076,12.3093980438788
40,10,linCmt,focei,lbfgsb3c,ResErr,structural_other,0.1,34,-1.15271627147902,-1.12151605375215,4.4347245577975,5.65264410641849,8.8468357398431
40,10,linCmt,focei,lbfgsb3c,TVKA,structural_other,0.7,34,4.75809867696496e-14,4.75809867696496e-14,4.75809867696496e-14,4.75809867696496e-14,4.75809867696496e-14
40,10,linCmt,focei,lbfgsb3c,TVQ,structural_other,1.8,34,1.63366018850446,1.66565926959418,2.02366586072736,2.94776209183015,4.75914041309456
40,10,linCmt,focei,lbfgsb3c,TVVp,structural_other,80,34,0.177472682677058,0.263753169467629,1.1008384169547,1.15973887170103,1.50909559964013
40,10,linCmt,focei,lbfgsb3c,cov_VcCL,structural_other,0.02,34,-8.94501039444099,-5.8786213410732,23.0691271728333,39.3528829619555,61.9764937971917
40,10,linCmt,focei,lbfgsb3c,var_CL,structural_other,0.1,34,-11.8061667499649,-12.0061839047707,14.0352202780498,20.8788958388402,33.2216114339232
40,10,linCmt,focei,lbfgsb3c,var_Vc,structural_other,0.1,34,-8.80463027914718,-5.96792521311217,19.1155390141327,26.1431014408149,42.2452818094842
40,10,ode,focei,lbfgsb3c,CLBW,covariate_beta,0.75,30,6.42866747203738,7.32697587832852,13.5494825737014,19.7413791164239,35.1772536862427
40,10,ode,focei,lbfgsb3c,VcSEX,covariate_beta,0.405465108108164,30,6.68035877586807,12.0732905715459,14.7486845770214,29.3982957965948,49.5550738436457
40,10,ode,focei,lbfgsb3c,TVCL,structural_intercept,0.6,30,-8.42954847109099,-8.96162226414153,8.42954847109099,10.0993795589829,13.1961099474528
40,10,ode,focei,lbfgsb3c,TVVc,structural_intercept,20,30,1.00387689337653,-0.00506171576580876,5.98072742464073,8.24019711867679,13.2353377312457
40,10,ode,focei,lbfgsb3c,ResErr,structural_other,0.1,30,-2.5405874950018,-2.30030698823471,4.29194197812045,6.08509626548142,9.93318467228803
40,10,ode,focei,lbfgsb3c,TVKA,structural_other,0.7,30,4.75809867696496e-14,4.75809867696496e-14,4.75809867696496e-14,4.75809867696496e-14,4.75809867696496e-14
40,10,ode,focei,lbfgsb3c,TVQ,structural_other,1.8,30,1.76269009046333,1.71594182819191,2.08995385545082,2.96510943209729,4.72240602902526
40,10,ode,focei,lbfgsb3c,TVVp,structural_other,80,30,0.156323832577838,0.125677706692347,1.1824735367902801,1.24545027912158,1.65682517866068
40,10,ode,focei,lbfgsb3c,cov_VcCL,structural_other,0.02,30,-15.1007013184738,-11.4441054605804,24.4276759432573,48.4818612278137,71.0085100835763
40,10,ode,focei,lbfgsb3c,var_CL,structural_other,0.1,30,-7.59250263372047,-10.4615950929146,14.5901665679023,21.9687569165418,34.7223453047315
40,10,ode,focei,lbfgsb3c,var_Vc,structural_other,0.1,30,-8.75808135251949,-6.19156663313306,17.908165820919,24.6949327130309,43.3017492470455
40,11,linCmt,focei,lbfgsb3c,CLBW,covariate_beta,0.75,34,9.92617382596654,10.5642200167804,15.1860676059626,22.3591613466057,27.9943558343307
40,11,linCmt,focei,lbfgsb3c,VcBW,covariate_beta,1,34,0.581304107922553,4.06854340358785,8.97220420155203,18.5448996898313,25.0972470512701
40,11,linCmt,focei,lbfgsb3c,TVCL,structural_intercept,0.6,34,-11.2440791655914,-9.97862099294381,11.2440791655914,12.3222441212466,19.1131683656071
40,11,linCmt,focei,lbfgsb3c,TVVc,structural_intercept,20,34,-11.8161066686461,-11.4866714826374,11.8161066686461,13.8891136320476,21.5143321502683
40,11,linCmt,focei,lbfgsb3c,ResErr,structural_other,0.1,34,-0.668828470771377,0.442440750425616,5.95094766644345,7.49656625349608,11.6388830590207
40,11,linCmt,focei,lbfgsb3c,TVKA,structural_other,0.7,34,4.75809867696496e-14,4.75809867696496e-14,4.75809867696496e-14,4.75809867696496e-14,4.75809867696496e-14
40,11,linCmt,focei,lbfgsb3c,TVQ,structural_other,1.8,34,1.34186530210616,1.8149124657379,1.91404329325368,3.07226883030334,5.55460942737908
40,11,linCmt,focei,lbfgsb3c,TVVp,structural_other,80,34,0.699277613674321,0.769512253611112,0.934969173606843,1.77387344599167,2.44135149086287
40,11,linCmt,focei,lbfgsb3c,cov_VcCL,structural_other,0.02,34,8.02783305399737,13.5354592867818,35.7770300801518,48.9653170692507,73.8793977479492
40,11,linCmt,focei,lbfgsb3c,var_CL,structural_other,0.1,34,-2.67979642717194,-3.98993835634082,11.6214280762025,19.0460505584001,34.7762542688521
40,11,linCmt,focei,lbfgsb3c,var_Vc,structural_other,0.1,34,-15.1996345604322,-11.9186110285578,31.9474512956814,38.5258198827842,62.3275893652254
40,11,ode,focei,lbfgsb3c,CLBW,covariate_beta,0.75,44,15.2943736507066,14.3534117326259,17.0417261089146,25.6082148510803,43.7573756997406
40,11,ode,focei,lbfgsb3c,VcBW,covariate_beta,1,44,1.85981072411519,3.27691804740494,11.8631550779478,19.1041938940405,25.3495598043823
40,11,ode,focei,lbfgsb3c,TVCL,structural_intercept,0.6,44,-10.2672436733495,-9.69834569624097,10.2672436733495,12.1829837466754,19.4384851881408
40,11,ode,focei,lbfgsb3c,TVVc,structural_intercept,20,44,-10.0338476839195,-10.0038589750066,10.0338476839195,12.3757953928138,19.2405744503332
40,11,ode,focei,lbfgsb3c,ResErr,structural_other,0.1,44,-1.1996395214759,-0.102668970502461,4.784091625301,7.09806375823643,12.4139065028711
40,11,ode,focei,lbfgsb3c,TVKA,structural_other,0.7,44,4.75809867696496e-14,4.75809867696496e-14,4.75809867696496e-14,4.75809867696496e-14,4.75809867696496e-14
40,11,ode,focei,lbfgsb3c,TVQ,structural_other,1.8,44,1.79596131530303,1.87255751498047,2.00418089373587,3.071717453403,5.23930163267348
40,11,ode,focei,lbfgsb3c,TVVp,structural_other,80,44,0.871696669403512,0.95822974331698,1.04588780921119,1.84844759942014,2.72549828448496
40,11,ode,focei,lbfgsb3c,cov_VcCL,structural_other,0.02,44,13.3211346441117,29.8232711510052,32.4797959023332,64.3746099232713,91.903481944656
40,11,ode,focei,lbfgsb3c,var_CL,structural_other,0.1,44,-3.79057178739566,-4.94939542083527,14.5292974487121,18.4962096472875,30.1995974297151
40,11,ode,focei,lbfgsb3c,var_Vc,structural_other,0.1,44,-14.0780586853813,-12.2892115169111,25.2789777112076,35.573150800241,57.5830240397028
40,12,linCmt,focei,lbfgsb3c,CLBW,covariate_beta,0.75,20,12.4412363343139,14.1811960202435,16.4791946887404,24.6006067483224,39.1627474927738
40,12,linCmt,focei,lbfgsb3c,VcBW,covariate_beta,1,20,5.36650631094182,6.75720455774416,14.1707927925022,21.6146888202244,37.6361385096487
40,12,linCmt,focei,lbfgsb3c,VcSEX,covariate_beta,0.405465108108164,20,-1.56119137325805,5.74317699737227,19.2447188145212,26.9963279683226,45.8805809195678
40,12,linCmt,focei,lbfgsb3c,TVCL,structural_intercept,0.6,20,-8.7141986271484,-8.60035145888165,8.7141986271484,10.2798448177449,15.4085212859476
40,12,linCmt,focei,lbfgsb3c,TVVc,structural_intercept,20,20,-12.9906720334732,-12.4611274463195,12.9906720334732,15.8864736074227,23.2730195215018
40,12,linCmt,focei,lbfgsb3c,ResErr,structural_other,0.1,20,2.7549150395064,3.27146886240372,5.153511230061,10.0981942966251,14.8812092527515
40,12,linCmt,focei,lbfgsb3c,TVKA,structural_other,0.7,20,4.75809867696496e-14,4.75809867696496e-14,4.75809867696496e-14,4.75809867696496e-14,4.75809867696496e-14
40,12,linCmt,focei,lbfgsb3c,TVQ,structural_other,1.8,20,2.31613640296162,2.01276260688091,2.48597804272896,2.97943635455138,4.26568188381434
40,12,linCmt,focei,lbfgsb3c,TVVp,structural_other,80,20,0.620943492823809,0.297978012179775,1.25336995132594,1.70033331222335,2.0256983828454
40,12,linCmt,focei,lbfgsb3c,cov_VcCL,structural_other,0.02,20,22.9039850676153,16.7628584957918,37.7260218433636,44.5376675826058,69.9567456043067
40,12,linCmt,focei,lbfgsb3c,var_CL,structural_other,0.1,20,-8.68684589536798,-6.08138166204483,17.3777216827511,21.7552598700825,33.444965897414
40,12,linCmt,focei,lbfgsb3c,var_Vc,structural_other,0.1,20,-22.8205478631647,-20.0643264635383,24.7453711541077,33.2266648545709,43.6662005963785
40,12,ode,focei,lbfgsb3c,CLBW,covariate_beta,0.75,22,12.8062066857455,14.3390411701274,16.1139999583337,25.436849557921,37.9087095364519
40,12,ode,focei,lbfgsb3c,VcBW,covariate_beta,1,22,4.22823200332346,5.25092264465112,10.6462719247561,19.3315131841467,30.1647941360674
40,12,ode,focei,lbfgsb3c,VcSEX,covariate_beta,0.405465108108164,22,2.25441169614547,8.81673109812179,19.5020895136388,25.465909881785,40.2336502776562
40,12,ode,focei,lbfgsb3c,TVCL,structural_intercept,0.6,22,-10.8211691297821,-10.1008654476684,10.8211691297821,11.99048540781,16.1682741506607
40,12,ode,focei,lbfgsb3c,TVVc,structural_intercept,20,22,-13.432218169826,-13.9757653470493,13.432218169826,16.8470908624275,25.5581063559364
40,12,ode,focei,lbfgsb3c,ResErr,structural_other,0.1,22,1.41519750804281,2.52290053394138,6.63365161901614,9.38480859907622,13.7728649363628
40,12,ode,focei,lbfgsb3c,TVKA,structural_other,0.7,22,4.75809867696496e-14,4.75809867696496e-14,4.75809867696496e-14,4.75809867696496e-14,4.75809867696496e-14
40,12,ode,focei,lbfgsb3c,TVQ,structural_other,1.8,22,2.083137025162,2.0416876589766,2.33058270951181,2.96654925270925,4.37596305972431
40,12,ode,focei,lbfgsb3c,TVVp,structural_other,80,22,0.547692267128603,0.321970866118541,1.35999036468954,1.5804113187321,1.69658192510908
40,12,ode,focei,lbfgsb3c,cov_VcCL,structural_other,0.02,22,27.5784720249946,18.8471817216887,51.083563499456,54.5273952747053,80.3865179979084
40,12,ode,focei,lbfgsb3c,var_CL,structural_other,0.1,22,-0.407646231736808,-1.67150006480145,16.5895581984284,21.5155103603506,33.5227167661044
40,12,ode,focei,lbfgsb3c,var_Vc,structural_other,0.1,22,-15.701538130802,-12.5332617581366,24.0157093423098,37.646310176766,67.5285080491452
40,13,linCmt,focei,lbfgsb3c,CLBW,covariate_beta,0.75,31,7.0173180452337,8.69477426410877,18.4650751215581,23.3998136741028,36.2534727231454
40,13,linCmt,focei,lbfgsb3c,CLcrCL,covariate_beta,0.5,31,1.58499799950891,7.78803421467629,12.6631915290072,25.46089172712,48.9588086354035
40,13,linCmt,focei,lbfgsb3c,TVCL,structural_intercept,0.6,31,-9.83136693024391,-9.69655476127099,12.1350001475554,13.8717658297209,20.752887513179
40,13,linCmt,focei,lbfgsb3c,TVVc,structural_intercept,20,31,4.02008714798772,2.5706855003363702,5.81542631751111,7.22697178149875,11.4835759509511
40,13,linCmt,focei,lbfgsb3c,ResErr,structural_other,0.1,31,-1.28736294762054,-0.781195228847277,5.17442726136322,7.86735940496531,10.5235844123593
40,13,linCmt,focei,lbfgsb3c,TVKA,structural_other,0.7,31,4.75809867696496e-14,4.75809867696496e-14,4.75809867696496e-14,4.75809867696496e-14,4.75809867696496e-14
40,13,linCmt,focei,lbfgsb3c,TVQ,structural_other,1.8,31,1.93919968051692,2.06330189120258,2.12556180968934,2.8968151905992,4.44349149826633
40,13,linCmt,focei,lbfgsb3c,TVVp,structural_other,80,31,0.197426122726494,0.48392818501264,0.662372141602496,1.17664076429472,2.0723991937848
40,13,linCmt,focei,lbfgsb3c,cov_VcCL,structural_other,0.02,31,-10.4643122415932,-2.13922191437589,21.4376523997496,36.6331342873958,48.2085386669126
40,13,linCmt,focei,lbfgsb3c,var_CL,structural_other,0.1,31,-13.56161605059,-13.7774947259649,17.8977294523995,24.2389647164829,37.4501376995261
40,13,linCmt,focei,lbfgsb3c,var_Vc,structural_other,0.1,31,-2.65146752550666,3.88203290558477,16.2071455172103,30.3973979047143,50.0641476796481
40,13,ode,focei,lbfgsb3c,CLBW,covariate_beta,0.75,30,8.04424661426348,10.7633262678458,18.1463463191908,26.945776606882,43.2328937137662
40,13,ode,focei,lbfgsb3c,CLcrCL,covariate_beta,0.5,30,2.39564405938339,8.17362522111789,12.9410994235152,26.4809187783641,47.8604002414802
40,13,ode,focei,lbfgsb3c,TVCL,structural_intercept,0.6,30,-11.7840810095841,-10.2130868659373,12.8308051962709,15.0879017144094,22.3289926807668
40,13,ode,focei,lbfgsb3c,TVVc,structural_intercept,20,30,1.93978201877912,1.72267386229789,7.02613562393211,7.4995841527651,11.1938494051481
40,13,ode,focei,lbfgsb3c,ResErr,structural_other,0.1,30,-1.46552615007382,-1.37838919244053,6.01270700169899,8.40778044044327,16.4862824389875
40,13,ode,focei,lbfgsb3c,TVKA,structural_other,0.7,30,4.75809867696496e-14,4.75809867696496e-14,4.75809867696496e-14,4.75809867696496e-14,4.75809867696496e-14
40,13,ode,focei,lbfgsb3c,TVQ,structural_other,1.8,30,1.52851232540761,1.4535132483417,1.99831168557416,2.81224082316291,4.3739658937453
40,13,ode,focei,lbfgsb3c,TVVp,structural_other,80,30,0.307414916909083,0.292587265229561,0.750829495670438,1.1696027444183,1.6069457056417
40,13,ode,focei,lbfgsb3c,cov_VcCL,structural_other,0.02,30,-13.0764037587731,-9.81239978969625,20.9453780063901,48.0866979795917,64.472680773889
40,13,ode,focei,lbfgsb3c,var_CL,structural_other,0.1,30,-14.0982362022163,-14.2944335501159,20.3176788619196,27.2849645375914,43.7292170476435
40,13,ode,focei,lbfgsb3c,var_Vc,structural_other,0.1,30,-2.00564890526099,7.60022534768751,18.3860787522211,33.9134151988455,48.2874992492314
40,14,linCmt,focei,lbfgsb3c,CLBW,covariate_beta,0.75,18,2.27230123295422,5.16612992848597,11.9926181802561,21.6244978472952,32.3483930868335
40,14,linCmt,focei,lbfgsb3c,CLcrCL,covariate_beta,0.5,18,-1.3313331579641,1.83678930311525,16.0722193175422,21.5342519234894,38.1016021253141
40,14,linCmt,focei,lbfgsb3c,VcSEX,covariate_beta,0.405465108108164,18,6.48963837884448,9.70198802415083,13.7214356235268,22.6593414352236,33.4169622115131
40,14,linCmt,focei,lbfgsb3c,TVCL,structural_intercept,0.6,18,-9.58832149398529,-9.68979645966715,9.58832149398529,13.6184997329173,23.2953083527236
40,14,linCmt,focei,lbfgsb3c,TVVc,structural_intercept,20,18,-1.43506332446055,0.161277712237171,4.14382045997462,6.26854367095465,10.7589644015309
40,14,linCmt,focei,lbfgsb3c,ResErr,structural_other,0.1,18,1.10441208903488,-0.663755008288669,5.4638509873137,8.89428905028922,14.2007348418367
40,14,linCmt,focei,lbfgsb3c,TVKA,structural_other,0.7,18,4.75809867696496e-14,4.75809867696496e-14,4.75809867696496e-14,4.75809867696496e-14,4.75809867696496e-14
40,14,linCmt,focei,lbfgsb3c,TVQ,structural_other,1.8,18,0.885989025162231,1.10140013942065,3.12196128269438,3.39365373696735,4.90403647745019
40,14,linCmt,focei,lbfgsb3c,TVVp,structural_other,80,18,0.651358035179532,0.849531524801031,1.12892952648125,2.14678236298954,3.06034098229081
40,14,linCmt,focei,lbfgsb3c,cov_VcCL,structural_other,0.02,18,-25.2019199397823,-12.5866776280848,33.6925291967135,48.7302056943082,81.7234666993691
40,14,linCmt,focei,lbfgsb3c,var_CL,structural_other,0.1,18,-21.8270861378475,-22.2090942616663,21.8270861378475,28.2337223384503,48.3897930501642
40,14,linCmt,focei,lbfgsb3c,var_Vc,structural_other,0.1,18,-6.65154167255136,-5.11792263123223,21.6054506420211,31.2403476586617,56.3242962451478
40,14,ode,focei,lbfgsb3c,CLBW,covariate_beta,0.75,25,3.63892304768519,6.33677271692351,14.7335728811536,20.8144211704442,29.8124912773297
40,14,ode,focei,lbfgsb3c,CLcrCL,covariate_beta,0.5,25,-0.951235158636365,0.962747336454598,17.90840826443,21.6295347818466,34.2728409818069
40,14,ode,focei,lbfgsb3c,VcSEX,covariate_beta,0.405465108108164,25,1.62596389145896,8.94977296233309,15.0261871503837,25.250268979314,40.5799792504159
40,14,ode,focei,lbfgsb3c,TVCL,structural_intercept,0.6,25,-11.1351771585709,-11.1400476018258,11.1351771585709,14.1743884459638,21.6871556154424
40,14,ode,focei,lbfgsb3c,TVVc,structural_intercept,20,25,-0.23585573490374,0.79435790397726,5.28594765579379,6.21379827277796,9.31332050702423
40,14,ode,focei,lbfgsb3c,ResErr,structural_other,0.1,25,0.727071133416315,-0.794943769497424,3.99085469194681,7.82860307982679,13.1003267026611
40,14,ode,focei,lbfgsb3c,TVKA,structural_other,0.7,25,4.75809867696496e-14,4.75809867696496e-14,4.75809867696496e-14,4.75809867696496e-14,4.75809867696496e-14
40,14,ode,focei,lbfgsb3c,TVQ,structural_other,1.8,25,0.606565462007793,0.736361881883442,1.7788415224041,2.89344629371045,4.53337781865136
40,14,ode,focei,lbfgsb3c,TVVp,structural_other,80,25,-0.247548010979219,0.441608182532065,1.10082431367195,1.9268475641549,2.89124383068213
40,14,ode,focei,lbfgsb3c,cov_VcCL,structural_other,0.02,25,-17.2623563024538,-21.2494424235568,22.154335240788,41.7272189985007,54.0538336142013
40,14,ode,focei,lbfgsb3c,var_CL,structural_other,0.1,25,-20.709952015514,-22.060230821275,20.709952015514,27.6940208259992,46.1324427496706
40,14,ode,focei,lbfgsb3c,var_Vc,structural_other,0.1,25,-4.40116218810969,-1.55352092115549,15.3058586898029,30.5399126301591,53.8861312660745
40,15,linCmt,focei,lbfgsb3c,CLBW,covariate_beta,0.75,22,10.1086424928286,11.9042894240612,12.8576442001456,24.2741344541275,31.2639726227374
40,15,linCmt,focei,lbfgsb3c,CLcrCL,covariate_beta,0.5,22,2.97939554641181,4.07866343628749,15.9212293367476,21.9713966715194,31.6416001516292
40,15,linCmt,focei,lbfgsb3c,VcBW,covariate_beta,1,22,2.1320834116067,4.65472855409449,19.2972310621899,23.6375548652465,29.0411660022392
40,15,linCmt,focei,lbfgsb3c,TVCL,structural_intercept,0.6,22,-11.469265372411,-10.7245280989884,11.469265372411,13.1990799121451,20.0994334488609
40,15,linCmt,focei,lbfgsb3c,TVVc,structural_intercept,20,22,-10.8789452185388,-12.4788676834808,10.8789452185388,15.6710266369356,28.3592495506068
40,15,linCmt,focei,lbfgsb3c,ResErr,structural_other,0.1,22,-1.49235300779606,-0.677378716872343,3.98699762441733,5.20908847016344,7.79278762658739
40,15,linCmt,focei,lbfgsb3c,TVKA,structural_other,0.7,22,4.75809867696496e-14,4.75809867696496e-14,4.75809867696496e-14,4.75809867696496e-14,4.75809867696496e-14
40,15,linCmt,focei,lbfgsb3c,TVQ,structural_other,1.8,22,1.04887151770199,1.63348179147281,1.19805634970658,3.14910056635294,4.68098161567789
40,15,linCmt,focei,lbfgsb3c,TVVp,structural_other,80,22,0.511439771271425,0.23642940973601,1.18868705406464,1.49280989782911,2.06815426632738
40,15,linCmt,focei,lbfgsb3c,cov_VcCL,structural_other,0.02,22,21.8220295760949,38.179144654089,23.9358511492881,61.7591587443276,106.715411233881
40,15,linCmt,focei,lbfgsb3c,var_CL,structural_other,0.1,22,-13.1341707671681,-14.7470591467949,13.1341707671681,19.3690252153377,29.0847849861178
40,15,linCmt,focei,lbfgsb3c,var_Vc,structural_other,0.1,22,-5.32084004717539,-6.11337996987553,15.5503423381447,26.0659079270625,49.2628348592549
40,15,ode,focei,lbfgsb3c,CLBW,covariate_beta,0.75,21,1.82872396671928,8.34885991861675,12.6464628068887,22.6720716545706,31.7360011359855
40,15,ode,focei,lbfgsb3c,CLcrCL,covariate_beta,0.5,21,3.8966280562698,6.12330705348442,12.7023195964058,21.7875240660121,34.271843341736
40,15,ode,focei,lbfgsb3c,VcBW,covariate_beta,1,21,-3.06668160422404,1.06015549007685,11.3673246635491,19.5378130805824,29.763963194238
40,15,ode,focei,lbfgsb3c,TVCL,structural_intercept,0.6,21,-12.6631009500477,-9.91601277287074,12.6631009500477,11.913354327191,16.2584038810438
40,15,ode,focei,lbfgsb3c,TVVc,structural_intercept,20,21,-8.84632485176281,-12.0160449289849,8.84632485176281,15.0395091253292,22.3107547879315
40,15,ode,focei,lbfgsb3c,ResErr,structural_other,0.1,21,-1.64032334305624,-0.72329795128717,4.16628679842665,5.76341947967676,8.82602158876537
40,15,ode,focei,lbfgsb3c,TVKA,structural_other,0.7,21,4.75809867696496e-14,4.75809867696496e-14,4.75809867696496e-14,4.75809867696496e-14,4.75809867696496e-14
40,15,ode,focei,lbfgsb3c,TVQ,structural_other,1.8,21,0.971359402784453,1.65309440381946,2.34873665345557,2.8721225287438,4.77356221468353
40,15,ode,focei,lbfgsb3c,TVVp,structural_other,80,21,0.291155825945957,0.162194003021515,1.05001188119708,1.44019461658212,2.74330694679339
40,15,ode,focei,lbfgsb3c,cov_VcCL,structural_other,0.02,21,5.57175878474366,23.747479451303,32.0714646449668,62.1016408746383,105.335296129217
40,15,ode,focei,lbfgsb3c,var_CL,structural_other,0.1,21,-16.9910680573567,-15.2939629659165,16.9910680573567,20.3768144961701,28.9696805732266
40,15,ode,focei,lbfgsb3c,var_Vc,structural_other,0.1,21,-9.03778878588603,-12.062686821584,18.7410823039442,27.2231091093312,43.0648382778689
40,16,linCmt,focei,lbfgsb3c,CLBW,covariate_beta,0.75,6,-8.81151064126603,-0.0915340694148547,11.664524830193301,14.447439864215,20.2014332632148
40,16,linCmt,focei,lbfgsb3c,CLcrCL,covariate_beta,0.5,6,-7.26128014991175,-4.61995955010687,7.26128014991175,7.65864559929835,10.2363364828511
40,16,linCmt,focei,lbfgsb3c,VcBW,covariate_beta,1,6,-1.32819595276024,-6.62182242670116,9.55737105507323,19.6600266243864,28.8633887217514
40,16,linCmt,focei,lbfgsb3c,VcSEX,covariate_beta,0.405465108108164,6,7.05296795546351,16.6096284146865,14.799568730064,31.0749488415889,50.696170647301
40,16,linCmt,focei,lbfgsb3c,TVCL,structural_intercept,0.6,6,-9.92886460552198,-11.3971882918622,9.92886460552198,12.5461596174136,17.9776693573802
40,16,linCmt,focei,lbfgsb3c,TVVc,structural_intercept,20,6,-14.2065118611354,-15.5778281261238,14.2065118611354,18.8372835448305,27.0289226565366
40,16,linCmt,focei,lbfgsb3c,ResErr,structural_other,0.1,6,2.98818219988508,2.3837713657977,5.25533805257833,5.43360504343501,7.68134080151456
40,16,linCmt,focei,lbfgsb3c,TVKA,structural_other,0.7,6,4.75809867696496e-14,4.75809867696496e-14,4.75809867696496e-14,4.75809867696496e-14,4.75809867696496e-14
40,16,linCmt,focei,lbfgsb3c,TVQ,structural_other,1.8,6,2.25448819049883,2.70590427640487,2.25448819049883,3.8462442112616,5.87947157982852
40,16,linCmt,focei,lbfgsb3c,TVVp,structural_other,80,6,0.377805313819142,0.959942862140887,1.44399392823328,2.47748654295208,3.9460172008368
40,16,linCmt,focei,lbfgsb3c,cov_VcCL,structural_other,0.02,6,-14.1064946122921,-5.45780150881377,29.6435133521774,27.7766352984387,33.5992425108917
40,16,linCmt,focei,lbfgsb3c,var_CL,structural_other,0.1,6,-14.300691719808,-13.0484093488322,14.300691719808,14.6430075941203,19.2124612459379
40,16,linCmt,focei,lbfgsb3c,var_Vc,structural_other,0.1,6,-48.9587969749805,-30.7101711458923,48.9587969749805,45.8719350989024,60.0912039791706
40,16,ode,focei,lbfgsb3c,CLBW,covariate_beta,0.75,6,4.20561237650052,4.25663962663892,13.2765219315512,13.8052035516332,18.1716917238376
40,16,ode,focei,lbfgsb3c,CLcrCL,covariate_beta,0.5,6,-5.38070921644085,-3.81542354932652,6.19696328471407,6.97654224903139,9.760156368901
40,16,ode,focei,lbfgsb3c,VcBW,covariate_beta,1,6,-0.386213390460216,-2.2057101616327,9.77491832239791,11.8114017696935,16.609045857282
40,16,ode,focei,lbfgsb3c,VcSEX,covariate_beta,0.405465108108164,6,6.89552830742373,15.9924959364113,14.8955286098885,30.274451602519,49.3837714056389
40,16,ode,focei,lbfgsb3c,TVCL,structural_intercept,0.6,6,-9.08148049652397,-11.0678619657747,9.08148049652397,12.4053501833586,18.3099189203289
40,16,ode,focei,lbfgsb3c,TVVc,structural_intercept,20,6,-14.8667502959967,-15.6468912772645,14.8667502959967,18.7147482045405,26.4090514048632
40,16,ode,focei,lbfgsb3c,ResErr,structural_other,0.1,6,6.26940210709974,4.77058635650823,6.56708836530545,7.45822253387582,10.0599396609654
40,16,ode,focei,lbfgsb3c,TVKA,structural_other,0.7,6,4.75809867696496e-14,4.75809867696496e-14,4.75809867696496e-14,4.75809867696496e-14,4.75809867696496e-14
40,16,ode,focei,lbfgsb3c,TVQ,structural_other,1.8,6,2.25074820069326,2.76760057606875,2.25074820069326,3.85302687040552,5.92149317942207
40,16,ode,focei,lbfgsb3c,TVVp,structural_other,80,6,-0.44046337119263,0.64355888894928,1.60715363157618,2.55886327569004,3.97829366961665
40,16,ode,focei,lbfgsb3c,cov_VcCL,structural_other,0.02,6,-5.42316771489993,-0.424760909750923,18.6890796389008,19.6302119652507,27.551765529518
40,16,ode,focei,lbfgsb3c,var_CL,structural_other,0.1,6,-14.829629790589,-16.1709359528206,14.829629790589,20.6698515359446,31.6726546605266
40,16,ode,focei,lbfgsb3c,var_Vc,structural_other,0.1,6,-27.2347042716451,-23.3009755729398,34.4139287754538,40.9723178835726,58.9192193578285
300,1,linCmt,focei,lbfgsb3c,TVCL,structural_intercept,0.6,91,0.666121308120771,0.687024313484179,1.22839357879763,1.83126976892176,3.19375121301121
300,1,linCmt,focei,lbfgsb3c,TVVc,structural_intercept,20,91,2.08591885844516,1.98641726621349,2.28139476579011,3.21536158798299,5.00475185859891
300,1,linCmt,focei,lbfgsb3c,ResErr,structural_other,0.1,91,0.481139114703169,0.673740021436645,1.41894328845552,2.42410656298701,3.76245869153326
300,1,linCmt,focei,lbfgsb3c,TVKA,structural_other,0.7,91,0,0,0,0,0
300,1,linCmt,focei,lbfgsb3c,TVQ,structural_other,1.8,91,2.08154767132312,2.06446275108984,2.08154767132312,2.18148862818952,2.91536677533597
300,1,linCmt,focei,lbfgsb3c,TVVp,structural_other,80,91,0.444282031147409,0.464852258060189,0.505376647447005,0.73154036765159,1.23707740720404
300,1,linCmt,focei,lbfgsb3c,cov_VcCL,structural_other,0.02,91,-0.311240566790941,-1.06513495016818,1.18636821210598,8.61792463910602,16.3379658686677
300,1,linCmt,focei,lbfgsb3c,var_CL,structural_other,0.1,91,-0.280805915726087,-2.08691338381703,1.17693388350676,8.30318345708453,16.0356288200367
300,1,linCmt,focei,lbfgsb3c,var_Vc,structural_other,0.1,91,-0.266924557041928,0.331208602318356,0.878877166002129,8.10090732105473,12.5412823573924
300,1,ode,focei,lbfgsb3c,TVCL,structural_intercept,0.6,91,0.823160800027959,0.749618841491413,1.25336465184644,1.93422400655715,3.34983879097892
300,1,ode,focei,lbfgsb3c,TVVc,structural_intercept,20,91,2.09721051889687,1.99955275718838,2.27732245033735,3.21703133237658,5.03312065000763
300,1,ode,focei,lbfgsb3c,ResErr,structural_other,0.1,91,0.297824586746875,0.531095357059108,1.40076675420765,2.43109783917828,3.82196303085229
300,1,ode,focei,lbfgsb3c,TVKA,structural_other,0.7,91,0,0,0,0,0
300,1,ode,focei,lbfgsb3c,TVQ,structural_other,1.8,91,2.06802181109293,2.05828147233941,2.06802181109293,2.17499893064824,2.9590975127673
300,1,ode,focei,lbfgsb3c,TVVp,structural_other,80,91,0.47686177283202,0.460906150388832,0.505605164497229,0.707434025368791,1.15974336578798
300,1,ode,focei,lbfgsb3c,cov_VcCL,structural_other,0.02,91,-0.310249892146609,-0.849911293885047,1.19485406893488,8.66323428805729,16.0634826547492
300,1,ode,focei,lbfgsb3c,var_CL,structural_other,0.1,91,-0.199438405188254,-1.96483122037069,1.19536123254196,8.3818167853499,15.0993534420619
300,1,ode,focei,lbfgsb3c,var_Vc,structural_other,0.1,91,-0.223251398368693,0.515457957893797,0.817467356700283,8.0870368445845,11.7195914837318
300,2,linCmt,focei,lbfgsb3c,VcSEX,covariate_beta,0.405465108108164,88,1.23671725790418,-0.202351994440246,6.80536084339075,11.5676885167117,19.2155627202846
300,2,linCmt,focei,lbfgsb3c,TVCL,structural_intercept,0.6,88,0.436099427109806,0.689349002723892,1.20540126124119,1.97434214648639,3.52662805471947
300,2,linCmt,focei,lbfgsb3c,TVVc,structural_intercept,20,88,0.728681259161927,1.06231599936847,2.11997844691724,3.5907820129724,5.67639813089104
300,2,linCmt,focei,lbfgsb3c,ResErr,structural_other,0.1,88,-0.516996197447057,-0.0788644811497629,2.12902158150292,2.86216256511576,4.80608892239709
300,2,linCmt,focei,lbfgsb3c,TVKA,structural_other,0.7,88,4.75809867696496e-14,4.75809867696496e-14,4.75809867696496e-14,4.75809867696496e-14,4.75809867696496e-14
300,2,linCmt,focei,lbfgsb3c,TVQ,structural_other,1.8,88,1.73143530027655,1.68084793636565,1.73143530027655,1.92905012116186,2.94197074818543
300,2,linCmt,focei,lbfgsb3c,TVVp,structural_other,80,88,0.251566003643307,0.258769765595435,0.4662592677726,0.686431078208808,1.20928263274571
300,2,linCmt,focei,lbfgsb3c,cov_VcCL,structural_other,0.02,88,-3.88238871107553,-3.6272982271886,9.34961103575945,12.069758012771,19.8366496055073
300,2,linCmt,focei,lbfgsb3c,var_CL,structural_other,0.1,88,0.459540429450268,-0.211982569783098,5.0742130926408,7.56251464154067,11.9315937012399
300,2,linCmt,focei,lbfgsb3c,var_Vc,structural_other,0.1,88,0.837589918138003,0.142954550982718,7.01997001604866,12.1473566802654,19.6330515228852
300,2,ode,focei,lbfgsb3c,VcSEX,covariate_beta,0.405465108108164,84,1.32800145653849,0.0948175778898244,6.71320464848717,11.8230991183686,19.6738072893888
300,2,ode,focei,lbfgsb3c,TVCL,structural_intercept,0.6,84,0.590326702336515,0.722245841679662,1.33127707889264,2.0172599056986402,3.46531054634721
300,2,ode,focei,lbfgsb3c,TVVc,structural_intercept,20,84,0.737423974326985,1.09585830494195,2.34130673818241,3.61857778338535,6.16590755760115
300,2,ode,focei,lbfgsb3c,ResErr,structural_other,0.1,84,-0.475736241798107,-0.110198963399818,2.15872322232857,2.798179352567,4.5123098908011
300,2,ode,focei,lbfgsb3c,TVKA,structural_other,0.7,84,4.75809867696496e-14,4.75809867696496e-14,4.75809867696496e-14,4.75809867696496e-14,4.75809867696496e-14
300,2,ode,focei,lbfgsb3c,TVQ,structural_other,1.8,84,1.70850428561824,1.67753792786762,1.70850428561824,1.92653295707402,2.93660584910461
300,2,ode,focei,lbfgsb3c,TVVp,structural_other,80,84,0.218853074112317,0.225718910999407,0.490008228846035,0.67055277919289,1.13335407360756
300,2,ode,focei,lbfgsb3c,cov_VcCL,structural_other,0.02,84,-4.99080267207205,-4.06730978461867,8.93087168215095,11.8743418786758,19.1003844498771
300,2,ode,focei,lbfgsb3c,var_CL,structural_other,0.1,84,0.510573028959467,-0.100806020344914,4.57504804165022,7.25204596633815,11.2176771541058
300,2,ode,focei,lbfgsb3c,var_Vc,structural_other,0.1,84,1.01620822372225,-0.213742925172347,7.32920162178859,11.01377581049,18.7177006606977
300,3,linCmt,focei,lbfgsb3c,VcBW,covariate_beta,1,42,-2.78206514241396,-1.69117840043499,5.33184815795576,8.25518327281019,13.8210233676836
300,3,linCmt,focei,lbfgsb3c,TVCL,structural_intercept,0.6,42,0.971923233979516,0.782132694218475,1.29615150315209,1.85922210039743,2.60153837901902
300,3,linCmt,focei,lbfgsb3c,TVVc,structural_intercept,20,42,1.66217771830994,1.53519733571498,1.99328111182205,2.88087206055998,5.0303141781769
300,3,linCmt,focei,lbfgsb3c,ResErr,structural_other,0.1,42,0.705599411076938,1.17243213327102,1.92932085131672,2.78974639726923,4.23755824732078
300,3,linCmt,focei,lbfgsb3c,TVKA,structural_other,0.7,42,4.75809867696496e-14,4.75809867696496e-14,4.75809867696496e-14,4.75809867696496e-14,4.75809867696496e-14
300,3,linCmt,focei,lbfgsb3c,TVQ,structural_other,1.8,42,1.97336814846195,1.9097679159227,1.97336814846195,2.08435784232992,2.81772696349382
300,3,linCmt,focei,lbfgsb3c,TVVp,structural_other,80,42,0.429936194359311,0.362312098908156,0.480365522236434,0.703801033101613,1.25689528307316
300,3,linCmt,focei,lbfgsb3c,cov_VcCL,structural_other,0.02,42,-8.9090277146856,-5.97066498839857,11.5665998008015,12.1150679829059,17.859114122556502
300,3,linCmt,focei,lbfgsb3c,var_CL,structural_other,0.1,42,-1.84224179640257,-2.04264669172024,5.54112858225039,8.32185462673911,14.4411741023683
300,3,linCmt,focei,lbfgsb3c,var_Vc,structural_other,0.1,42,-2.88168447579414,-1.33018318769215,9.22239002610063,10.9375033706272,17.6569016497883
300,3,ode,focei,lbfgsb3c,VcBW,covariate_beta,1,45,0.696675930487034,-0.12045057997849,4.52302027963378,8.28919980829075,13.9890944457483
300,3,ode,focei,lbfgsb3c,TVCL,structural_intercept,0.6,45,0.905244431253819,0.676655709526537,1.43396016130356,1.88291720835095,2.65155172834435
300,3,ode,focei,lbfgsb3c,TVVc,structural_intercept,20,45,1.07084595090887,1.30530477589265,1.80288157485416,2.59893305093443,4.33988539283964
300,3,ode,focei,lbfgsb3c,ResErr,structural_other,0.1,45,0.657291169053775,0.715636931372683,1.91368151586049,2.93044596740419,5.07683750006836
300,3,ode,focei,lbfgsb3c,TVKA,structural_other,0.7,45,4.75809867696496e-14,4.75809867696496e-14,4.75809867696496e-14,4.75809867696496e-14,4.75809867696496e-14
300,3,ode,focei,lbfgsb3c,TVQ,structural_other,1.8,45,1.87973621861444,1.87531544281901,1.87973621861444,2.07610859293105,2.78865692820817
300,3,ode,focei,lbfgsb3c,TVVp,structural_other,80,45,0.422804761036559,0.3786063970518,0.4722817328798,0.689313732723252,1.15779584048765
300,3,ode,focei,lbfgsb3c,cov_VcCL,structural_other,0.02,45,-10.4461593506005,-7.71254940712459,12.3949913239329,14.318599548794399,21.578434412287
300,3,ode,focei,lbfgsb3c,var_CL,structural_other,0.1,45,-1.59938698592546,-2.00324101730952,6.36346795498219,7.97555605902923,12.6782442175794
300,3,ode,focei,lbfgsb3c,var_Vc,structural_other,0.1,45,-3.1132433030682,-1.35051763899817,10.2708919822956,11.6073211640401,16.6575370580541
300,4,linCmt,focei,lbfgsb3c,VcBW,covariate_beta,1,84,2.78100230367687,2.84272845968177,8.36694564316366,11.434827017943,18.680900987728698
300,4,linCmt,focei,lbfgsb3c,VcSEX,covariate_beta,0.405465108108164,84,-0.155501362704121,-1.24846045573179,7.67466871090729,11.6729483396168,18.7840338512985
300,4,linCmt,focei,lbfgsb3c,TVCL,structural_intercept,0.6,84,0.47093374990557,0.661572067631172,1.28844455521996,2.13971462850605,3.47336137841613
300,4,linCmt,focei,lbfgsb3c,TVVc,structural_intercept,20,84,1.2754009120181,1.30115931353872,2.34179766747737,3.38948886155733,5.07734204408655
300,4,linCmt,focei,lbfgsb3c,ResErr,structural_other,0.1,84,0.392790453394597,0.0509606775311835,1.56487728778323,2.30204821309554,3.34823844760882
300,4,linCmt,focei,lbfgsb3c,TVKA,structural_other,0.7,84,4.75809867696496e-14,4.75809867696496e-14,4.75809867696496e-14,4.75809867696496e-14,4.75809867696496e-14
300,4,linCmt,focei,lbfgsb3c,TVQ,structural_other,1.8,84,1.86746235363068,1.81140942283155,1.86746235363068,2.04559120458783,2.91256483078995
300,4,linCmt,focei,lbfgsb3c,TVVp,structural_other,80,84,0.273284544299717,0.266346872692709,0.490397247794627,0.717436062881596,1.05874283044853
300,4,linCmt,focei,lbfgsb3c,cov_VcCL,structural_other,0.02,84,-12.1742186976253,-12.7691782673949,13.9711105434761,19.1983732876602,28.9208915200766
300,4,linCmt,focei,lbfgsb3c,var_CL,structural_other,0.1,84,-0.23507208172073,0.0236059430413943,5.36458107854937,8.27446626545913,13.8802175159657
300,4,linCmt,focei,lbfgsb3c,var_Vc,structural_other,0.1,84,-1.43052612708602,-2.8865180346571,9.33106458227458,12.682687913837,21.5396349193678
300,4,ode,focei,lbfgsb3c,VcBW,covariate_beta,1,84,2.93330889077108,4.00191523517932,8.09464495365813,12.0073927825008,20.7661223391976
300,4,ode,focei,lbfgsb3c,VcSEX,covariate_beta,0.405465108108164,84,-1.06183839279009,-1.98983834962954,9.35237209010082,12.4773222027329,19.5521429820379
300,4,ode,focei,lbfgsb3c,TVCL,structural_intercept,0.6,84,0.445405695230318,0.559793660518961,1.07375436551197,1.87970999266005,2.99763161922349
300,4,ode,focei,lbfgsb3c,TVVc,structural_intercept,20,84,1.23983339018596,1.17467226330849,2.24382522223531,3.1549993221425,4.78701808824801
300,4,ode,focei,lbfgsb3c,ResErr,structural_other,0.1,84,0.450596119560866,0.0605820297646065,1.61613908559426,2.18059719975301,3.20800921565405
300,4,ode,focei,lbfgsb3c,TVKA,structural_other,0.7,84,4.75809867696496e-14,4.75809867696496e-14,4.75809867696496e-14,4.75809867696496e-14,4.75809867696496e-14
300,4,ode,focei,lbfgsb3c,TVQ,structural_other,1.8,84,1.85071668910149,1.74872397280008,1.85071668910149,2.00614869421466,2.89896390459292
300,4,ode,focei,lbfgsb3c,TVVp,structural_other,80,84,0.252674561641166,0.22804053438603,0.503037001165936,0.701093652151728,1.07100703133857
300,4,ode,focei,lbfgsb3c,cov_VcCL,structural_other,0.02,84,-14.6346953003334,-13.414471388318,15.1463857407222,19.1812177463476,31.3580658130096
300,4,ode,focei,lbfgsb3c,var_CL,structural_other,0.1,84,-0.514874826237882,-0.107955280518278,5.01277773818719,8.05404043591391,13.1193717199582
300,4,ode,focei,lbfgsb3c,var_Vc,structural_other,0.1,84,-0.741091109705924,-2.1316795132699,9.26295299336022,12.3485426592236,20.7422275114352
300,5,linCmt,focei,lbfgsb3c,CLcrCL,covariate_beta,0.5,27,0.0925253674965543,0.69525308754648,4.5259146822036,8.9672525397859,16.4542583240945
300,5,linCmt,focei,lbfgsb3c,TVCL,structural_intercept,0.6,27,0.511265066610348,0.636199188901584,1.03789223608769,1.76092800061858,2.43144733491087
300,5,linCmt,focei,lbfgsb3c,TVVc,structural_intercept,20,27,1.76440503608742,1.6020694648869,1.80463452807086,2.51324804952186,3.90095216144269
300,5,linCmt,focei,lbfgsb3c,ResErr,structural_other,0.1,27,0.617828684175745,0.859555472034912,1.574106996451,2.54558428846842,4.11306239128638
300,5,linCmt,focei,lbfgsb3c,TVKA,structural_other,0.7,27,4.75809867696496e-14,4.75809867696496e-14,4.75809867696496e-14,4.75809867696496e-14,4.75809867696496e-14
300,5,linCmt,focei,lbfgsb3c,TVQ,structural_other,1.8,27,1.80198341914077,1.91753728559995,1.80198341914077,2.12236509534687,3.20509126122471
300,5,linCmt,focei,lbfgsb3c,TVVp,structural_other,80,27,0.266633223083019,0.325275256708963,0.296122148047591,0.544489639759891,0.931175052077535
300,5,linCmt,focei,lbfgsb3c,cov_VcCL,structural_other,0.02,27,-6.93215442868033,-6.02125971592267,10.0193395738901,13.5920358874445,21.5986554041749
300,5,linCmt,focei,lbfgsb3c,var_CL,structural_other,0.1,27,-3.84076319954382,-3.90136712658663,7.74357034402712,9.37731690349132,15.2613979552467
300,5,linCmt,focei,lbfgsb3c,var_Vc,structural_other,0.1,27,-3.59425351426963,-2.48637789872722,6.98878306147818,9.64557658872975,15.2795579894662
300,5,ode,focei,lbfgsb3c,CLcrCL,covariate_beta,0.5,33,2.78981763120365,2.98845618122349,5.77162841939949,8.5676961997008,13.6503647672545
300,5,ode,focei,lbfgsb3c,TVCL,structural_intercept,0.6,33,0.83545052928922,0.992937713058731,1.15414815220038,2.18197192974945,3.46232430183144
300,5,ode,focei,lbfgsb3c,TVVc,structural_intercept,20,33,1.84877835065734,1.60805989742775,1.84877835065734,2.40394502491476,3.48977935553394
300,5,ode,focei,lbfgsb3c,ResErr,structural_other,0.1,33,0.373063923303996,0.804762002397129,1.43042678330724,2.82290973083527,4.21857102670096
300,5,ode,focei,lbfgsb3c,TVKA,structural_other,0.7,33,4.75809867696496e-14,4.75809867696496e-14,4.75809867696496e-14,4.75809867696496e-14,4.75809867696496e-14
300,5,ode,focei,lbfgsb3c,TVQ,structural_other,1.8,33,2.12098861685229,1.9611146609048,2.12098861685229,2.17424117663959,3.07599949553664
300,5,ode,focei,lbfgsb3c,TVVp,structural_other,80,33,0.419191384381783,0.485624420401878,0.422356238060555,0.7927941856348,1.47154391106162
300,5,ode,focei,lbfgsb3c,cov_VcCL,structural_other,0.02,33,-5.4037087834183,-5.82339171444372,13.0883691890509,14.3194247721447,19.8459369069149
300,5,ode,focei,lbfgsb3c,var_CL,structural_other,0.1,33,-4.41217825259982,-3.90650855896291,5.9132876254427,8.15959850204134,12.478011780137
300,5,ode,focei,lbfgsb3c,var_Vc,structural_other,0.1,33,-2.65716999126604,-2.20832805981212,8.15583525652865,10.8277094245499,18.4706785946772
300,6,linCmt,focei,lbfgsb3c,CLcrCL,covariate_beta,0.5,81,0.902062057470077,-0.187479357283971,6.16414760338598,9.19280644752157,14.1153175982022
300,6,linCmt,focei,lbfgsb3c,VcSEX,covariate_beta,0.405465108108164,81,-1.12046121701783,0.928639733513306,8.09598598167466,11.1993514144508,19.0066109536869
300,6,linCmt,focei,lbfgsb3c,TVCL,structural_intercept,0.6,81,0.861975505569268,0.740687220677243,1.32517009582572,1.90893375831382,2.88178269908908
300,6,linCmt,focei,lbfgsb3c,TVVc,structural_intercept,20,81,0.63033304642703,0.882762161802754,2.51151682137991,3.45840803205322,5.626431463663
300,6,linCmt,focei,lbfgsb3c,ResErr,structural_other,0.1,81,-0.448706411003932,-0.25184392779944,1.87297728415607,2.4772671323816,4.4593210241976
300,6,linCmt,focei,lbfgsb3c,TVKA,structural_other,0.7,81,4.75809867696496e-14,4.75809867696496e-14,4.75809867696496e-14,4.75809867696496e-14,4.75809867696496e-14
300,6,linCmt,focei,lbfgsb3c,TVQ,structural_other,1.8,81,2.0791196408035,2.02414592842,2.0791196408035,2.21282651304264,3.06738584389349
300,6,linCmt,focei,lbfgsb3c,TVVp,structural_other,80,81,0.294871578699336,0.301181000106808,0.506110000911448,0.678597759822779,1.02730105930711
300,6,linCmt,focei,lbfgsb3c,cov_VcCL,structural_other,0.02,81,-1.59275156967157,0.146324532492899,7.63688207639241,13.2600616346333,19.4768943636267
300,6,linCmt,focei,lbfgsb3c,var_CL,structural_other,0.1,81,-2.59137444999706,-2.04796811214712,6.07147998420669,8.99115889005001,15.121350289783
300,6,linCmt,focei,lbfgsb3c,var_Vc,structural_other,0.1,81,5.61774863200611,4.62508969374004,7.89680199443986,11.3092820363801,18.4904741577491
300,6,ode,focei,lbfgsb3c,CLcrCL,covariate_beta,0.5,83,1.39594666507072,0.598908492669072,5.95678101026909,8.94228047311595,13.3980478599623
300,6,ode,focei,lbfgsb3c,VcSEX,covariate_beta,0.405465108108164,83,0.296406672666542,0.94839233492126,7.87010529210323,11.0957273029273,18.5444356554444
300,6,ode,focei,lbfgsb3c,TVCL,structural_intercept,0.6,83,0.921256810727559,0.699945353747196,1.23923595828814,1.78811055494991,2.73710725581051
300,6,ode,focei,lbfgsb3c,TVVc,structural_intercept,20,83,0.708026795832613,0.774431169028237,2.34408669263802,3.17198735156109,4.71926551623361
300,6,ode,focei,lbfgsb3c,ResErr,structural_other,0.1,83,-0.518264878713232,-0.276982637413472,2.00085639352253,2.56068247485767,4.46555017607861
300,6,ode,focei,lbfgsb3c,TVKA,structural_other,0.7,83,4.75809867696496e-14,4.75809867696496e-14,4.75809867696496e-14,4.75809867696496e-14,4.75809867696496e-14
300,6,ode,focei,lbfgsb3c,TVQ,structural_other,1.8,83,1.98589157426687,1.96902205312584,1.98589157426687,2.18505266992713,3.1529477022409
300,6,ode,focei,lbfgsb3c,TVVp,structural_other,80,83,0.346276261824308,0.331749887507025,0.477080308964748,0.680200174924517,0.968394012346398
300,6,ode,focei,lbfgsb3c,cov_VcCL,structural_other,0.02,83,-0.756586031822742,-0.720273216202167,7.64753547626177,15.1460561045659,18.8313706450837
300,6,ode,focei,lbfgsb3c,var_CL,structural_other,0.1,83,-3.10288828441539,-2.12074902109834,5.9332457898664,8.6611910764686,14.2172308007431
300,6,ode,focei,lbfgsb3c,var_Vc,structural_other,0.1,83,4.76870229355326,4.72608953450752,8.06334522637231,11.3402869087012,17.5440202264237
300,7,linCmt,focei,lbfgsb3c,CLcrCL,covariate_beta,0.5,58,-0.914739547129123,-2.61269699937771,5.7407425888709,9.46858860090275,17.0365573215043
300,7,linCmt,focei,lbfgsb3c,VcBW,covariate_beta,1,58,-1.4559815504768,-0.3210860924901,5.0274141648365,8.7921779994055,13.9173826740716
300,7,linCmt,focei,lbfgsb3c,TVCL,structural_intercept,0.6,58,0.953523388867385,1.10387474645558,1.29720041911603,2.08252898789458,3.70324593220128
300,7,linCmt,focei,lbfgsb3c,TVVc,structural_intercept,20,58,0.87975880448421,1.19415078687762,1.72201417568796,2.86661062916215,4.95152446529909
300,7,linCmt,focei,lbfgsb3c,ResErr,structural_other,0.1,58,-0.398361332546886,-0.214489253640303,1.86896068419624,2.25314688122329,3.25114611756714
300,7,linCmt,focei,lbfgsb3c,TVKA,structural_other,0.7,58,4.75809867696496e-14,4.75809867696496e-14,4.75809867696496e-14,4.75809867696496e-14,4.75809867696496e-14
300,7,linCmt,focei,lbfgsb3c,TVQ,structural_other,1.8,58,1.93105250226606,1.92175477713833,1.93105250226606,2.1032984213629,2.98521671834022
300,7,linCmt,focei,lbfgsb3c,TVVp,structural_other,80,58,0.4135334883724,0.363374539099569,0.47567289598156,0.663329512904847,0.971108595507934
300,7,linCmt,focei,lbfgsb3c,cov_VcCL,structural_other,0.02,58,5.22326707286433,4.06270529492833,10.7534376666543,13.3404374138962,19.7069924434467
300,7,linCmt,focei,lbfgsb3c,var_CL,structural_other,0.1,58,-4.37231425653597,-4.01897755193759,6.36722863512923,9.13108312933198,15.765869578458
300,7,linCmt,focei,lbfgsb3c,var_Vc,structural_other,0.1,58,4.4357704965628,3.4043974120533,8.65733044454037,11.2509173872091,18.5185725081933
300,7,ode,focei,lbfgsb3c,CLcrCL,covariate_beta,0.5,51,-1.7432561397808,-2.36430016091609,5.55873694155291,9.06896483588876,16.1442886515521
300,7,ode,focei,lbfgsb3c,VcBW,covariate_beta,1,51,0.403981146947774,0.10517195704215,6.1828512555441,8.22242856586853,13.5317654748323
300,7,ode,focei,lbfgsb3c,TVCL,structural_intercept,0.6,51,1.08677108379011,1.16358440097079,1.35008657298328,2.14604351791749,3.84407583170911
300,7,ode,focei,lbfgsb3c,TVVc,structural_intercept,20,51,0.727360343033183,1.2009589906076,1.51936692895806,2.70186312474825,4.86788312462654
300,7,ode,focei,lbfgsb3c,ResErr,structural_other,0.1,51,0.0458812758001442,-0.0922209587488416,1.96448446620534,2.50342508896281,3.71939459548182
300,7,ode,focei,lbfgsb3c,TVKA,structural_other,0.7,51,4.75809867696496e-14,4.75809867696496e-14,4.75809867696496e-14,4.75809867696496e-14,4.75809867696496e-14
300,7,ode,focei,lbfgsb3c,TVQ,structural_other,1.8,51,1.89080257626043,1.87245542550955,1.89080257626043,2.00909523999515,2.74419476278893
300,7,ode,focei,lbfgsb3c,TVVp,structural_other,80,51,0.453090964673653,0.40652679426049,0.515169121778953,0.629965317174648,0.966811687635261
300,7,ode,focei,lbfgsb3c,cov_VcCL,structural_other,0.02,51,6.87204605568101,7.4651761171531,12.6102828476591,16.7368027999428,28.9726759735092
300,7,ode,focei,lbfgsb3c,var_CL,structural_other,0.1,51,-2.9508041583222,-2.89087184684091,6.24263565621543,8.87492090952543,15.4476660320227
300,7,ode,focei,lbfgsb3c,var_Vc,structural_other,0.1,51,6.84720453757613,4.93657882033824,9.29003892394151,11.9999393304164,18.4528101557671
300,8,linCmt,focei,lbfgsb3c,CLcrCL,covariate_beta,0.5,77,-1.05787346386891,0.062750535932644,7.68516240393056,9.85025464418277,15.1237794741269
300,8,linCmt,focei,lbfgsb3c,VcBW,covariate_beta,1,77,-0.0412284889814818,0.584813223102626,8.41487229689579,11.5642044116115,18.083613861218
300,8,linCmt,focei,lbfgsb3c,VcSEX,covariate_beta,0.405465108108164,77,1.40735188250086,0.273010384623891,8.39428092783492,10.6937727444473,16.904415842417
300,8,linCmt,focei,lbfgsb3c,TVCL,structural_intercept,0.6,77,0.778015244289036,0.820645048741453,1.1007212775437,1.78729186054503,3.13888218788686
300,8,linCmt,focei,lbfgsb3c,TVVc,structural_intercept,20,77,0.806180668785483,1.25297596156099,2.22688753753433,3.07026949182003,5.17063888869067
300,8,linCmt,focei,lbfgsb3c,ResErr,structural_other,0.1,77,0.554177384878757,0.459348418337442,1.91539705589241,2.39283240447153,3.79323103503198
300,8,linCmt,focei,lbfgsb3c,TVKA,structural_other,0.7,77,4.75809867696496e-14,4.75809867696496e-14,4.75809867696496e-14,4.75809867696496e-14,4.75809867696496e-14
300,8,linCmt,focei,lbfgsb3c,TVQ,structural_other,1.8,77,1.99292616315733,1.85645692810771,1.99292616315733,2.05638400355063,2.90486501709404
300,8,linCmt,focei,lbfgsb3c,TVVp,structural_other,80,77,0.370271829629232,0.230915609696862,0.514384912623012,0.613848199109401,0.927050928232334
300,8,linCmt,focei,lbfgsb3c,cov_VcCL,structural_other,0.02,77,-2.4872800072517,-3.05060062803106,7.51612067701452,11.5688882755998,20.6168822781312
300,8,linCmt,focei,lbfgsb3c,var_CL,structural_other,0.1,77,-2.67430687298731,-2.28440198265103,5.05640243493023,8.15007489836391,12.0864458168605
300,8,linCmt,focei,lbfgsb3c,var_Vc,structural_other,0.1,77,-4.26809894234151,-2.40299340442271,6.6993483427901,9.15384927978114,14.9561974964482
300,8,ode,focei,lbfgsb3c,CLcrCL,covariate_beta,0.5,80,-0.459765492220798,-0.147580507699331,8.69266743267121,10.3999899223297,16.0096922578937
300,8,ode,focei,lbfgsb3c,VcBW,covariate_beta,1,80,-0.102919094837961,1.2177815162323,6.78046352131348,12.0014223048173,18.9485356549922
300,8,ode,focei,lbfgsb3c,VcSEX,covariate_beta,0.405465108108164,80,2.10537237878834,0.0847534134717183,7.90498220904011,10.3691901951464,16.5661704768803
300,8,ode,focei,lbfgsb3c,TVCL,structural_intercept,0.6,80,0.79445614338027,0.838256959577149,1.1286397869673,1.84781004417857,3.15194937282046
300,8,ode,focei,lbfgsb3c,TVVc,structural_intercept,20,80,1.20767594574542,1.43747438116054,2.24592200596716,3.2019348642347,5.08603677276767
300,8,ode,focei,lbfgsb3c,ResErr,structural_other,0.1,80,0.18083861994992,0.26497047682241,1.81653740653233,2.28164336912005,3.70677636827537
300,8,ode,focei,lbfgsb3c,TVKA,structural_other,0.7,80,4.75809867696496e-14,4.75809867696496e-14,4.75809867696496e-14,4.75809867696496e-14,4.75809867696496e-14
300,8,ode,focei,lbfgsb3c,TVQ,structural_other,1.8,80,1.92375310647874,1.83121797785091,1.92375310647874,2.02526410580797,2.86761307252127
300,8,ode,focei,lbfgsb3c,TVVp,structural_other,80,80,0.380719636516877,0.229475458426544,0.525690515818553,0.633239583533435,1.03811279397699
300,8,ode,focei,lbfgsb3c,cov_VcCL,structural_other,0.02,80,-2.68148326342509,-2.35316305296211,7.78424363134507,12.1905744835448,20.8871545141438
300,8,ode,focei,lbfgsb3c,var_CL,structural_other,0.1,80,-3.10266839385986,-2.33867798697589,5.17973978798628,7.90318570747013,11.8473644899289
300,8,ode,focei,lbfgsb3c,var_Vc,structural_other,0.1,80,-3.164149224249,-1.48305047378588,6.2843220841162,9.31732186421075,16.6197216057671
300,9,linCmt,focei,lbfgsb3c,CLBW,covariate_beta,0.75,69,-1.54631299196046,-1.4820855215477,5.22770659996278,9.85683557167623,16.7284610122354
300,9,linCmt,focei,lbfgsb3c,TVCL,structural_intercept,0.6,69,1.54654499506283,1.06120449373275,2.02780306457325,2.4026304141108,3.74901712521811
300,9,linCmt,focei,lbfgsb3c,TVVc,structural_intercept,20,69,1.48068189675399,1.49788341440299,1.95298098598947,2.88014817810055,4.82562541733106
300,9,linCmt,focei,lbfgsb3c,ResErr,structural_other,0.1,69,0.58406486706683,0.325570273928862,1.58254747706772,2.18979669509217,3.52199931425192
300,9,linCmt,focei,lbfgsb3c,TVKA,structural_other,0.7,69,4.75809867696496e-14,4.75809867696496e-14,4.75809867696496e-14,4.75809867696496e-14,4.75809867696496e-14
300,9,linCmt,focei,lbfgsb3c,TVQ,structural_other,1.8,69,2.40884691119595,2.35824218997292,2.40884691119595,2.44823076641535,3.16468751907613
300,9,linCmt,focei,lbfgsb3c,TVVp,structural_other,80,69,0.625796755685268,0.623622143089846,0.625796755685268,0.841065509756135,1.35946318388967
300,9,linCmt,focei,lbfgsb3c,cov_VcCL,structural_other,0.02,69,-1.63582067425588,-2.47796478277454,6.45383461516069,11.5782147220548,19.6057408197299
300,9,linCmt,focei,lbfgsb3c,var_CL,structural_other,0.1,69,-2.84808907458227,-3.21720173641921,5.46265091818415,8.79948332334574,14.4828211998683
300,9,linCmt,focei,lbfgsb3c,var_Vc,structural_other,0.1,69,-1.9047627304591e-4,-0.127036852255288,5.745652990962,9.68093099278259,16.0338332893462
300,9,ode,focei,lbfgsb3c,CLBW,covariate_beta,0.75,57,0.27156934913483,0.52726906106618,5.37894723130453,8.48746969925317,14.7418724672476
300,9,ode,focei,lbfgsb3c,TVCL,structural_intercept,0.6,57,0.956339861679182,0.825954938283316,1.71659384225683,2.24776165628287,3.54129106515116
300,9,ode,focei,lbfgsb3c,TVVc,structural_intercept,20,57,1.38774347732861,1.61481340822475,1.93642770365715,2.93117764318889,4.87314154475954
300,9,ode,focei,lbfgsb3c,ResErr,structural_other,0.1,57,0.878398577431175,0.790371751714766,1.80935846755004,2.32056828305172,3.38838795932225
300,9,ode,focei,lbfgsb3c,TVKA,structural_other,0.7,57,4.75809867696496e-14,4.75809867696496e-14,4.75809867696496e-14,4.75809867696496e-14,4.75809867696496e-14
300,9,ode,focei,lbfgsb3c,TVQ,structural_other,1.8,57,2.447310080375,2.45742111975871,2.447310080375,2.54086668868148,3.21764605964891
300,9,ode,focei,lbfgsb3c,TVVp,structural_other,80,57,0.663632944342112,0.673281480624481,0.663632944342112,0.840542217264689,1.35491008820717
300,9,ode,focei,lbfgsb3c,cov_VcCL,structural_other,0.02,57,-0.879334604560588,-3.39926949035155,6.0391413256672,11.5415781633599,20.2298068777795
300,9,ode,focei,lbfgsb3c,var_CL,structural_other,0.1,57,-1.48545299954923,-2.94531550023602,4.81907299498015,8.75453662252399,14.5831707198982
300,9,ode,focei,lbfgsb3c,var_Vc,structural_other,0.1,57,0.0796221752853848,-1.38246835382957,5.10493389540004,8.64580204632196,14.7019785452599
300,10,linCmt,focei,lbfgsb3c,CLBW,covariate_beta,0.75,85,2.53300172932607,0.636737417626452,7.31078503602349,9.94453256133423,16.7709317469866
300,10,linCmt,focei,lbfgsb3c,VcSEX,covariate_beta,0.405465108108164,85,0.112511748147834,0.234430687011111,7.33024440921893,9.71740855740774,15.1933705936718
300,10,linCmt,focei,lbfgsb3c,TVCL,structural_intercept,0.6,85,-7.93881255007591,-8.24504830216624,7.93881255007591,8.74747523015073,12.0383847728189
300,10,linCmt,focei,lbfgsb3c,TVVc,structural_intercept,20,85,0.859447683176686,0.990183963528,2.06738435332175,2.9521086316441,4.77644398503073
300,10,linCmt,focei,lbfgsb3c,ResErr,structural_other,0.1,85,-0.22040082284068,-0.0159632839542752,1.23845828057935,2.05050695962036,3.24486807506867
300,10,linCmt,focei,lbfgsb3c,TVKA,structural_other,0.7,85,4.75809867696496e-14,4.75809867696496e-14,4.75809867696496e-14,4.75809867696496e-14,4.75809867696496e-14
300,10,linCmt,focei,lbfgsb3c,TVQ,structural_other,1.8,85,1.89122986096641,1.96808235896642,1.89122986096641,2.15686126073836,3.08963080948432
300,10,linCmt,focei,lbfgsb3c,TVVp,structural_other,80,85,0.363593690776103,0.466232612764538,0.516425640957436,0.800852623814549,1.28437569029541
300,10,linCmt,focei,lbfgsb3c,cov_VcCL,structural_other,0.02,85,3.98675549142103,4.6329305917497,6.84718535359353,14.1015319055957,27.1602391679114
300,10,linCmt,focei,lbfgsb3c,var_CL,structural_other,0.1,85,-0.490105786729089,-1.02797579933623,5.89670024409411,7.82728090191864,12.533422396298601
300,10,linCmt,focei,lbfgsb3c,var_Vc,structural_other,0.1,85,2.82291387927613,4.69240159935817,5.48447064774535,13.0357103255931,24.690693129228
300,10,ode,focei,lbfgsb3c,CLBW,covariate_beta,0.75,82,2.88363158075495,1.24867876808586,7.84221647802429,10.3888271350022,17.113504398714
300,10,ode,focei,lbfgsb3c,VcSEX,covariate_beta,0.405465108108164,82,-0.385278811388265,0.0109662497900348,6.85847664346378,9.99984181041424,16.2276653845999
300,10,ode,focei,lbfgsb3c,TVCL,structural_intercept,0.6,82,-8.12082204972415,-8.28628551920356,8.12082204972415,8.81137611914462,12.0064123569987
300,10,ode,focei,lbfgsb3c,TVVc,structural_intercept,20,82,0.911488044174549,1.22358574009338,2.39014797941135,3.26502158922555,5.1732186773526
300,10,ode,focei,lbfgsb3c,ResErr,structural_other,0.1,82,-0.537905637628885,-0.319697469405862,1.32661730095687,1.98007393550756,3.17728021251854
300,10,ode,focei,lbfgsb3c,TVKA,structural_other,0.7,82,4.75809867696496e-14,4.75809867696496e-14,4.75809867696496e-14,4.75809867696496e-14,4.75809867696496e-14
300,10,ode,focei,lbfgsb3c,TVQ,structural_other,1.8,82,1.82653675364671,1.89972227254332,1.82653675364671,2.07680811610685,2.97261871804338
300,10,ode,focei,lbfgsb3c,TVVp,structural_other,80,82,0.395572313733199,0.419769278097674,0.534485278794774,0.771457078814871,1.20815347854493
300,10,ode,focei,lbfgsb3c,cov_VcCL,structural_other,0.02,82,3.57138195441667,5.25622661729267,7.77924323128247,13.5418599492727,24.1953969715726
300,10,ode,focei,lbfgsb3c,var_CL,structural_other,0.1,82,-2.26933442784618,-2.04028337317069,5.72116501983994,7.49661258290474,12.5243557886119
300,10,ode,focei,lbfgsb3c,var_Vc,structural_other,0.1,82,3.45608944214121,5.87077546679438,6.03841241021508,12.7838031332008,22.5232911811884
300,11,linCmt,focei,lbfgsb3c,CLBW,covariate_beta,0.75,72,0.711022576847431,0.0984061686198464,7.61932583230061,11.0191299637772,17.8553567544135
300,11,linCmt,focei,lbfgsb3c,VcBW,covariate_beta,1,72,-0.621260237381549,-0.301928123325195,5.57561393558095,7.65556278244136,11.1264807459159
300,11,linCmt,focei,lbfgsb3c,TVCL,structural_intercept,0.6,72,-8.72182372771855,-8.49041431783369,8.72182372771855,8.92546990731297,11.7842526986859
300,11,linCmt,focei,lbfgsb3c,TVVc,structural_intercept,20,72,-10.6970312523378,-10.5675710506555,10.6970312523378,10.9979076070707,14.5102737325193
300,11,linCmt,focei,lbfgsb3c,ResErr,structural_other,0.1,72,0.583039940288632,0.595663424863704,1.68537978088983,2.66677805468191,4.29657716993195
300,11,linCmt,focei,lbfgsb3c,TVKA,structural_other,0.7,72,4.75809867696496e-14,4.75809867696496e-14,4.75809867696496e-14,4.75809867696496e-14,4.75809867696496e-14
300,11,linCmt,focei,lbfgsb3c,TVQ,structural_other,1.8,72,1.99216708372095,1.90150585151374,1.99216708372095,2.06572014682855,2.87303335447875
300,11,linCmt,focei,lbfgsb3c,TVVp,structural_other,80,72,0.436553470137255,0.464638899535463,0.492002168614363,0.721160011088747,1.16156561048967
300,11,linCmt,focei,lbfgsb3c,cov_VcCL,structural_other,0.02,72,23.1819187813627,37.8081209340976,24.4433627878748,53.3094123306593,91.1904611166669
300,11,linCmt,focei,lbfgsb3c,var_CL,structural_other,0.1,72,-2.3268979986719,-1.92303228571542,4.92375900752973,7.68726467793941,12.8062578666868
300,11,linCmt,focei,lbfgsb3c,var_Vc,structural_other,0.1,72,-2.48331641562113,-1.78778120054589,7.63460199540857,12.1152515731174,20.9461229681577
300,11,ode,focei,lbfgsb3c,CLBW,covariate_beta,0.75,65,2.62022654256794,0.43156511797663,6.56605302513478,10.5753101323784,18.0963738749655
300,11,ode,focei,lbfgsb3c,VcBW,covariate_beta,1,65,-1.7915794104621,-0.856008318272059,4.9357155158999,7.32722330661186,11.6256878571625
300,11,ode,focei,lbfgsb3c,TVCL,structural_intercept,0.6,65,-8.67129015166834,-8.38298696242482,8.67129015166834,8.87724650801912,11.8361885614427
300,11,ode,focei,lbfgsb3c,TVVc,structural_intercept,20,65,-10.3748445331929,-10.3167649467781,10.3748445331929,10.7578595764657,13.922781629205
300,11,ode,focei,lbfgsb3c,ResErr,structural_other,0.1,65,0.461785402753503,0.529239810137297,1.55967907166073,2.68240263026584,4.71783580486635
300,11,ode,focei,lbfgsb3c,TVKA,structural_other,0.7,65,4.75809867696496e-14,4.75809867696496e-14,4.75809867696496e-14,4.75809867696496e-14,4.75809867696496e-14
300,11,ode,focei,lbfgsb3c,TVQ,structural_other,1.8,65,1.92210828611161,1.85822067471033,1.92210828611161,2.04025038125373,2.80611747887786
300,11,ode,focei,lbfgsb3c,TVVp,structural_other,80,65,0.496852281898388,0.514494838864372,0.627272251768094,0.775825676213971,1.18137532967286
300,11,ode,focei,lbfgsb3c,cov_VcCL,structural_other,0.02,65,27.2633490947554,40.4893228830362,27.2633490947554,57.1478501199707,94.6053658906603
300,11,ode,focei,lbfgsb3c,var_CL,structural_other,0.1,65,-1.85429343984944,-1.4385448113618,6.45117825778464,7.97034077915899,14.0482630438234
300,11,ode,focei,lbfgsb3c,var_Vc,structural_other,0.1,65,-0.995680535560234,-0.736118244689382,9.38185461415089,12.6097702737865,21.253993523426
300,12,linCmt,focei,lbfgsb3c,CLBW,covariate_beta,0.75,84,0.53438736524131,0.213537431690516,7.86971031644506,10.7913048966617,17.036760716413198
300,12,linCmt,focei,lbfgsb3c,VcBW,covariate_beta,1,84,-1.27524692256307,-0.183546279485204,6.5759032483592,9.15661777900935,14.5181850335579
300,12,linCmt,focei,lbfgsb3c,VcSEX,covariate_beta,0.405465108108164,84,-0.943438465263794,-0.683706610883578,7.00351311810777,10.9382256576022,18.3061197941941
300,12,linCmt,focei,lbfgsb3c,TVCL,structural_intercept,0.6,84,-8.50494936529872,-8.57716003374923,8.50494936529872,8.95126281041633,11.8226168882898
300,12,linCmt,focei,lbfgsb3c,TVVc,structural_intercept,20,84,-10.6274708430188,-10.4393653437255,10.6274708430188,11.0025759966726,14.4860889219459
300,12,linCmt,focei,lbfgsb3c,ResErr,structural_other,0.1,84,0.658878113395343,0.452257114020441,1.54930330918063,2.51247923729458,3.54865227888992
300,12,linCmt,focei,lbfgsb3c,TVKA,structural_other,0.7,84,4.75809867696496e-14,4.75809867696496e-14,4.75809867696496e-14,4.75809867696496e-14,4.75809867696496e-14
300,12,linCmt,focei,lbfgsb3c,TVQ,structural_other,1.8,84,2.18301371356472,2.03319747530067,2.18301371356472,2.20302323385964,3.12972479665151
300,12,linCmt,focei,lbfgsb3c,TVVp,structural_other,80,84,0.34514844325626,0.308733246617355,0.532514046248203,0.714391912710533,1.18659098302489
300,12,linCmt,focei,lbfgsb3c,cov_VcCL,structural_other,0.02,84,9.5130187835519,15.6191133550805,11.1265611724732,26.506360250836,50.8160030581105
300,12,linCmt,focei,lbfgsb3c,var_CL,structural_other,0.1,84,-1.1729486919862,-1.23875727730087,4.59934283177368,8.2054792131523,14.9237958084516
300,12,linCmt,focei,lbfgsb3c,var_Vc,structural_other,0.1,84,-4.03363045550932,-4.16223323427742,8.32623785334975,10.9779151996369,16.8849927519864
300,12,ode,focei,lbfgsb3c,CLBW,covariate_beta,0.75,77,-0.510990245254028,0.494515454406864,7.44838953944012,11.1111318417963,18.8421846700227
300,12,ode,focei,lbfgsb3c,VcBW,covariate_beta,1,77,1.14618172587142,0.559296239298568,6.6032182160946,9.8265386384987,14.370999382223
300,12,ode,focei,lbfgsb3c,VcSEX,covariate_beta,0.405465108108164,77,0.377820493608409,-1.01212761702029,6.82476979052171,11.2749077964175,20.5567235662109
300,12,ode,focei,lbfgsb3c,TVCL,structural_intercept,0.6,77,-8.66426512716978,-8.5722464552365,8.66426512716978,8.9552417062038,11.688543167282
300,12,ode,focei,lbfgsb3c,TVVc,structural_intercept,20,77,-11.0914715260072,-10.6718632056305,11.0914715260072,11.2733704018632,14.5275030348507
300,12,ode,focei,lbfgsb3c,ResErr,structural_other,0.1,77,0.569911871253367,0.495478586232208,1.54861300818786,2.52219155051364,3.82699588770476
300,12,ode,focei,lbfgsb3c,TVKA,structural_other,0.7,77,4.75809867696496e-14,4.75809867696496e-14,4.75809867696496e-14,4.75809867696496e-14,4.75809867696496e-14
300,12,ode,focei,lbfgsb3c,TVQ,structural_other,1.8,77,2.15323011453165,2.04510718994891,2.15323011453165,2.24628002597978,3.17336713744271
300,12,ode,focei,lbfgsb3c,TVVp,structural_other,80,77,0.356350138944297,0.307440857553107,0.501012096927571,0.742532224690335,1.15885325425989
300,12,ode,focei,lbfgsb3c,cov_VcCL,structural_other,0.02,77,7.71226449192605,16.2921264556944,11.7474000266502,29.0633104366237,55.6830742206436
300,12,ode,focei,lbfgsb3c,var_CL,structural_other,0.1,77,-1.72942357200832,-1.30300878720895,5.22023969503199,8.19956427088695,13.7084603689109
300,12,ode,focei,lbfgsb3c,var_Vc,structural_other,0.1,77,-4.8389361828118,-4.02207648981852,8.63983982156997,11.1283045654075,17.2477233917073
300,13,linCmt,focei,lbfgsb3c,CLBW,covariate_beta,0.75,37,1.84754714349893,2.81578370327379,10.7001448211986,14.075842942085,20.6583047862706
300,13,linCmt,focei,lbfgsb3c,CLcrCL,covariate_beta,0.5,37,-0.0551379827980591,-1.80111355605193,5.93955348991018,12.9792279843984,18.9986502067522
300,13,linCmt,focei,lbfgsb3c,TVCL,structural_intercept,0.6,37,-9.7934387339349,-10.2776173399014,9.7934387339349,10.731682946421,14.8230425283339
300,13,linCmt,focei,lbfgsb3c,TVVc,structural_intercept,20,37,0.997405953638548,1.22508836303978,1.74279732415791,2.62457891852179,4.52930107539118
300,13,linCmt,focei,lbfgsb3c,ResErr,structural_other,0.1,37,-0.560604069234819,-0.470686192567079,1.8285839505086,2.4965579112458,3.97787637060003
300,13,linCmt,focei,lbfgsb3c,TVKA,structural_other,0.7,37,4.75809867696496e-14,4.75809867696496e-14,4.75809867696496e-14,4.75809867696496e-14,4.75809867696496e-14
300,13,linCmt,focei,lbfgsb3c,TVQ,structural_other,1.8,37,2.06909922272414,2.21712187152533,2.06909922272414,2.3666641923545,3.33911827382018
300,13,linCmt,focei,lbfgsb3c,TVVp,structural_other,80,37,0.575811296625535,0.52882005057727,0.713494732866415,0.820858819915326,1.34771411472378
300,13,linCmt,focei,lbfgsb3c,cov_VcCL,structural_other,0.02,37,-4.43813652397511,-4.48830536360369,8.88209273741796,12.2942174253089,19.4711668083768
300,13,linCmt,focei,lbfgsb3c,var_CL,structural_other,0.1,37,-4.32557915890554,-3.15180674920124,6.45482364962,8.5059838621287,14.1670374560749
300,13,linCmt,focei,lbfgsb3c,var_Vc,structural_other,0.1,37,-0.197220926825364,-1.32630163730202,7.89180530271075,10.2990280972746,13.6869956695091
300,13,ode,focei,lbfgsb3c,CLBW,covariate_beta,0.75,51,4.26149702076641,4.67615206163857,7.92317313776083,12.4722075788256,20.101681127243
300,13,ode,focei,lbfgsb3c,CLcrCL,covariate_beta,0.5,51,-3.42630215222061,-3.93692320729209,7.43717405288758,13.967596182857,21.9843417630173
300,13,ode,focei,lbfgsb3c,TVCL,structural_intercept,0.6,51,-10.8853196253248,-10.4982039957747,10.8853196253248,11.0259703407718,14.6325892557559
300,13,ode,focei,lbfgsb3c,TVVc,structural_intercept,20,51,0.835901162814725,1.11154518030218,1.68570785330084,2.55158272913206,4.32994298493004
300,13,ode,focei,lbfgsb3c,ResErr,structural_other,0.1,51,-0.143171576689805,0.054905555321154,1.93877358691232,2.54295605167218,3.75009331327544
300,13,ode,focei,lbfgsb3c,TVKA,structural_other,0.7,51,4.75809867696496e-14,4.75809867696496e-14,4.75809867696496e-14,4.75809867696496e-14,4.75809867696496e-14
300,13,ode,focei,lbfgsb3c,TVQ,structural_other,1.8,51,2.09480716883334,2.11798955486917,2.09480716883334,2.24799898196768,3.10465709252449
300,13,ode,focei,lbfgsb3c,TVVp,structural_other,80,51,0.554502026959742,0.496580041937558,0.559932251864641,0.785172681600614,1.25205564735964
300,13,ode,focei,lbfgsb3c,cov_VcCL,structural_other,0.02,51,-1.54867134000347,-1.94417683105961,6.49455639785404,12.4623111160816,21.9753094812321
300,13,ode,focei,lbfgsb3c,var_CL,structural_other,0.1,51,-0.971019220461278,-1.05456677003137,4.57052441267541,7.26573103929992,11.9817746139752
300,13,ode,focei,lbfgsb3c,var_Vc,structural_other,0.1,51,-0.0954101846391137,0.673406023540689,6.70857805309674,12.5280266055264,21.6114513155875
300,14,linCmt,focei,lbfgsb3c,CLBW,covariate_beta,0.75,72,3.21805291849772,4.44533348346478,10.135382474691,14.1527382391551,26.2261932044924
300,14,linCmt,focei,lbfgsb3c,CLcrCL,covariate_beta,0.5,72,-3.45095598885332,-3.54648594577742,9.0517872731901,12.1886739016946,19.7981826486804
300,14,linCmt,focei,lbfgsb3c,VcSEX,covariate_beta,0.405465108108164,72,-2.74604502133794,-2.35527560730616,8.11203357189705,11.7186641278458,19.3150922338575
300,14,linCmt,focei,lbfgsb3c,TVCL,structural_intercept,0.6,72,-10.7475701643194,-10.5264132446337,10.7475701643194,11.0642392236998,14.9073398123105
300,14,linCmt,focei,lbfgsb3c,TVVc,structural_intercept,20,72,2.18458904404609,1.96830965473376,2.79327679108596,3.86977813984044,6.36850917374268
300,14,linCmt,focei,lbfgsb3c,ResErr,structural_other,0.1,72,0.391489620966988,0.448575249140475,1.32713474798735,2.55169061910888,4.55652523941797
300,14,linCmt,focei,lbfgsb3c,TVKA,structural_other,0.7,72,4.75809867696496e-14,4.75809867696496e-14,4.75809867696496e-14,4.75809867696496e-14,4.75809867696496e-14
300,14,linCmt,focei,lbfgsb3c,TVQ,structural_other,1.8,72,1.59865846440419,1.63271249902199,1.59865846440419,1.83743820379549,2.72150968950737
300,14,linCmt,focei,lbfgsb3c,TVVp,structural_other,80,72,0.58910281223838,0.518772492189896,0.58910281223838,0.77072862140201,1.28742446992453
300,14,linCmt,focei,lbfgsb3c,cov_VcCL,structural_other,0.02,72,-1.09679563739921,0.78934212379793,8.25066795557212,13.1436478301206,21.5817648148914
300,14,linCmt,focei,lbfgsb3c,var_CL,structural_other,0.1,72,-2.31526709703555,-1.44128284186102,5.79835259067786,8.63630214706364,14.1217298470831
300,14,linCmt,focei,lbfgsb3c,var_Vc,structural_other,0.1,72,1.48897170438175,1.42319902429391,8.74766882100791,12.9193591324707,21.0699843175395
300,14,ode,focei,lbfgsb3c,CLBW,covariate_beta,0.75,60,3.93955837525559,2.45649519315118,8.372663868483,12.9548153111693,20.3885977956678
300,14,ode,focei,lbfgsb3c,CLcrCL,covariate_beta,0.5,60,-2.22250115483134,-2.79828419079393,6.62918055298294,11.7606396013129,19.7603018542244
300,14,ode,focei,lbfgsb3c,VcSEX,covariate_beta,0.405465108108164,60,-1.108917800119,-1.28615697334492,8.94775417533115,11.4219352598482,16.4905145562615
300,14,ode,focei,lbfgsb3c,TVCL,structural_intercept,0.6,60,-10.5224621929757,-10.2888215312095,10.5224621929757,10.813101619447,14.5820158858431
300,14,ode,focei,lbfgsb3c,TVVc,structural_intercept,20,60,2.21079286003512,1.76051523479819,2.70452918165246,3.76762961979758,6.18873330958873
300,14,ode,focei,lbfgsb3c,ResErr,structural_other,0.1,60,0.0612433661572737,0.0698896215265028,1.31870213325312,2.3308627123126,4.37226521782903
300,14,ode,focei,lbfgsb3c,TVKA,structural_other,0.7,60,4.75809867696496e-14,4.75809867696496e-14,4.75809867696496e-14,4.75809867696496e-14,4.75809867696496e-14
300,14,ode,focei,lbfgsb3c,TVQ,structural_other,1.8,60,1.5155720723909,1.57356053462595,1.5155720723909,1.75273612124108,2.56790004012913
300,14,ode,focei,lbfgsb3c,TVVp,structural_other,80,60,0.579064223372425,0.502331148042937,0.579064223372425,0.763412667036712,1.17095627158208
300,14,ode,focei,lbfgsb3c,cov_VcCL,structural_other,0.02,60,-2.3589106337275,0.682524733802267,9.57656971002684,13.8081559872956,23.6864535685193
300,14,ode,focei,lbfgsb3c,var_CL,structural_other,0.1,60,-4.15594362308324,-3.13901570877173,6.97552027506546,8.9300459692809,13.5884685060376
300,14,ode,focei,lbfgsb3c,var_Vc,structural_other,0.1,60,2.84658802906227,3.1730737850642,8.82536706625255,13.5934438057355,21.672522992003
300,15,linCmt,focei,lbfgsb3c,CLBW,covariate_beta,0.75,43,1.20400151536343,1.56487408961213,8.46284927878167,11.6666085684635,18.0422802391723
300,15,linCmt,focei,lbfgsb3c,CLcrCL,covariate_beta,0.5,43,2.11222533606119,0.41513423024817,5.85621480837208,10.2335498936752,14.479880515565
300,15,linCmt,focei,lbfgsb3c,VcBW,covariate_beta,1,43,-0.0952668408158663,-0.106284688646451,6.31836846893548,8.13382979126593,13.1488228382644
300,15,linCmt,focei,lbfgsb3c,TVCL,structural_intercept,0.6,43,-9.33457253655939,-9.65034015399277,9.33457253655939,10.0349512946564,13.5126887711283
300,15,linCmt,focei,lbfgsb3c,TVVc,structural_intercept,20,43,-10.2976736097967,-10.1999824756196,10.2976736097967,10.6306036815117,13.7750233171574
300,15,linCmt,focei,lbfgsb3c,ResErr,structural_other,0.1,43,1.11363094668462,0.543783945453025,2.00159677915528,2.64179398284783,3.98555633355152
300,15,linCmt,focei,lbfgsb3c,TVKA,structural_other,0.7,43,4.75809867696496e-14,4.75809867696496e-14,4.75809867696496e-14,4.75809867696496e-14,4.75809867696496e-14
300,15,linCmt,focei,lbfgsb3c,TVQ,structural_other,1.8,43,2.23927169101565,2.2865637653797,2.23927169101565,2.46698393019901,3.52721922303064
300,15,linCmt,focei,lbfgsb3c,TVVp,structural_other,80,43,0.775450565538112,0.665219851491132,0.794005199928822,0.9706884104305,1.41065656053192
300,15,linCmt,focei,lbfgsb3c,cov_VcCL,structural_other,0.02,43,74.0659407635777,68.9668352797376,74.0659407635777,81.3145832320903,123.171233309436
300,15,linCmt,focei,lbfgsb3c,var_CL,structural_other,0.1,43,3.00421289141314,2.21991870022725,6.28758683511017,8.55833259602314,14.0086693169905
300,15,linCmt,focei,lbfgsb3c,var_Vc,structural_other,0.1,43,-4.51368847871779,-3.91242582395294,9.66273337895983,15.1800558310784,23.1359042748429
300,15,ode,focei,lbfgsb3c,CLBW,covariate_beta,0.75,46,0.293137571039126,1.91142023676516,9.86007610221684,13.3148705279308,18.5825723407691
300,15,ode,focei,lbfgsb3c,CLcrCL,covariate_beta,0.5,46,-1.12526789011417,-0.733831959948047,6.44143420833479,11.1082486020025,18.4129975827331
300,15,ode,focei,lbfgsb3c,VcBW,covariate_beta,1,46,-1.34635783452348,-0.668546912972769,6.17872379244439,9.10329151826694,14.4025726648037
300,15,ode,focei,lbfgsb3c,TVCL,structural_intercept,0.6,46,-9.60157156566503,-9.88864627342736,9.60157156566503,10.3875526219962,13.9660550201443
300,15,ode,focei,lbfgsb3c,TVVc,structural_intercept,20,46,-10.4374638414886,-10.4516380641685,10.4374638414886,10.9586843026516,15.1623815174309
300,15,ode,focei,lbfgsb3c,ResErr,structural_other,0.1,46,0.497615067866379,0.648820220923147,2.41829762733547,3.24106082582637,4.9607303297015
300,15,ode,focei,lbfgsb3c,TVKA,structural_other,0.7,46,4.75809867696496e-14,4.75809867696496e-14,4.75809867696496e-14,4.75809867696496e-14,4.75809867696496e-14
300,15,ode,focei,lbfgsb3c,TVQ,structural_other,1.8,46,1.88530003553204,2.02877222748162,1.88530003553204,2.28729228804778,3.42984838935584
300,15,ode,focei,lbfgsb3c,TVVp,structural_other,80,46,0.663765898853388,0.525184049858268,0.7364424668837,0.890393559230431,1.46449059081786
300,15,ode,focei,lbfgsb3c,cov_VcCL,structural_other,0.02,46,35.6489684653847,50.38135733162,35.6489684653847,68.7090490158663,118.989453401548
300,15,ode,focei,lbfgsb3c,var_CL,structural_other,0.1,46,0.325165991745438,0.872850258423811,6.14481656926999,8.45700408529659,13.3050066053847
300,15,ode,focei,lbfgsb3c,var_Vc,structural_other,0.1,46,2.96062016257968,0.851514845049487,7.8181755484572,14.3079649082627,25.0019788259942
300,16,linCmt,focei,lbfgsb3c,CLBW,covariate_beta,0.75,63,-3.08829319667313,-3.22449565778069,8.45559320311248,11.6251409873687,17.8038954676791
300,16,linCmt,focei,lbfgsb3c,CLcrCL,covariate_beta,0.5,63,-0.741866372456301,-0.160424929162903,5.92402609441074,9.50463130281709,15.1927722120747
300,16,linCmt,focei,lbfgsb3c,VcBW,covariate_beta,1,63,1.325862764194,0.963298794550216,7.9889527029231,10.8270272691244,16.9056648475842
300,16,linCmt,focei,lbfgsb3c,VcSEX,covariate_beta,0.405465108108164,63,-2.65420816857987,-3.53291123972062,5.4275247518407,9.53556021104805,16.1829720385058
300,16,linCmt,focei,lbfgsb3c,TVCL,structural_intercept,0.6,63,-9.1053419172332,-8.71698868249464,9.1053419172332,9.2429222018094,12.3256327276769
300,16,linCmt,focei,lbfgsb3c,TVVc,structural_intercept,20,63,-9.52699291071724,-10.1867056726658,9.52699291071724,10.7524207644644,15.1875753990774
300,16,linCmt,focei,lbfgsb3c,ResErr,structural_other,0.1,63,-0.366550154908704,0.18770609119729,1.85539675920808,2.26599370510131,3.26846752147536
300,16,linCmt,focei,lbfgsb3c,TVKA,structural_other,0.7,63,4.75809867696496e-14,4.75809867696496e-14,4.75809867696496e-14,4.75809867696496e-14,4.75809867696496e-14
300,16,linCmt,focei,lbfgsb3c,TVQ,structural_other,1.8,63,2.0302114298665,2.01206486946607,2.0302114298665,2.15236859581936,2.98410663184129
300,16,linCmt,focei,lbfgsb3c,TVVp,structural_other,80,63,0.270567578878076,0.356485766363555,0.524530542151815,0.735615713719284,1.25083489980799
300,16,linCmt,focei,lbfgsb3c,cov_VcCL,structural_other,0.02,63,39.9856222104242,45.5311619373804,39.9856222104242,55.0319791872182,85.7344892555214
300,16,linCmt,focei,lbfgsb3c,var_CL,structural_other,0.1,63,-1.85018137368237,-1.63268466630555,4.57262280736703,7.87320669724987,12.8613726492795
300,16,linCmt,focei,lbfgsb3c,var_Vc,structural_other,0.1,63,-1.52613292588788,-0.755685379877586,7.98114676937069,12.1458615083952,22.1415828551896
300,16,ode,focei,lbfgsb3c,CLBW,covariate_beta,0.75,53,-3.531497394556,-2.55709446426366,8.10963749010121,11.2932662421271,16.8261686155825
300,16,ode,focei,lbfgsb3c,CLcrCL,covariate_beta,0.5,53,-0.660470976266814,0.262192809144322,6.52470780300811,9.72523313982001,15.3439518907564
300,16,ode,focei,lbfgsb3c,VcBW,covariate_beta,1,53,-0.816336080689284,-0.850902531045884,8.98186554095017,10.8920118446722,17.7402121845469
300,16,ode,focei,lbfgsb3c,VcSEX,covariate_beta,0.405465108108164,53,-1.88029759397393,-2.58070033727856,5.76765980701607,9.03086233674743,13.3126527381164
300,16,ode,focei,lbfgsb3c,TVCL,structural_intercept,0.6,53,-9.55332754512595,-9.01963466446813,9.55332754512595,9.56024868393667,12.1763852135985
300,16,ode,focei,lbfgsb3c,TVVc,structural_intercept,20,53,-9.58070828662205,-9.66273464639469,9.58070828662205,10.0908394641344,13.6424823764852
300,16,ode,focei,lbfgsb3c,ResErr,structural_other,0.1,53,-0.166083161338912,-0.0133276230321812,2.03481293465869,2.38569735879402,3.30407161592202
300,16,ode,focei,lbfgsb3c,TVKA,structural_other,0.7,53,4.75809867696496e-14,4.75809867696496e-14,4.75809867696496e-14,4.75809867696496e-14,4.75809867696496e-14
300,16,ode,focei,lbfgsb3c,TVQ,structural_other,1.8,53,2.06412515582952,1.99413560975838,2.06412515582952,2.17689747650866,3.03356643413523
300,16,ode,focei,lbfgsb3c,TVVp,structural_other,80,53,0.413556840064135,0.449247230347404,0.650059428292646,0.857825706993848,1.28673507340168
300,16,ode,focei,lbfgsb3c,cov_VcCL,structural_other,0.02,53,34.327079573867,41.0100340984051,34.327079573867,50.5033413817993,78.2858678008208
300,16,ode,focei,lbfgsb3c,var_CL,structural_other,0.1,53,-1.96274730700817,-1.25472999427626,5.66789290302698,7.41611313344595,12.3454174658827
300,16,ode,focei,lbfgsb3c,var_Vc,structural_other,0.1,53,0.372718692464497,-0.405097469078743,9.08321488909657,11.5198086357513,17.199633202303
