sample_N,scenario,structure,estimator,outer_opt,parameter,param_class,true_value,n_used,MedRE_pct,MeanRE_pct,MARE_pct,RMRSE_pct,P90AbsRE_pct
80,1,ode,focei,lbfgsb3c,TVCL,structural_intercept,0.6,100,-0.129969224160994,0.536000001450903,2.84165274702345,4.06802068482238,6.26307890852174
80,1,ode,focei,lbfgsb3c,TVVc,structural_intercept,20,100,2.61619911219804,2.44200046297714,4.2085322382437,6.21021589863025,9.5332425993678
80,1,ode,focei,lbfgsb3c,ResErr,structural_other,0.1,100,1.10055463579208,0.844639001925721,2.87606420374507,4.00863102434052,6.07500486159896
80,1,ode,focei,lbfgsb3c,TVKA,structural_other,0.7,100,0,5.23390854466145e-15,0,1.57808280269792e-14,4.75809867696496e-14
80,1,ode,focei,lbfgsb3c,TVQ,structural_other,1.8,100,1.87011680827791,2.10101858873737,1.87011680827791,2.55508069824058,4.22157812330397
80,1,ode,focei,lbfgsb3c,TVVp,structural_other,80,100,0.526275616610761,0.445685591400328,0.836949885852496,1.19051891186159,1.87971558639432
80,1,ode,focei,lbfgsb3c,cov_VcCL,structural_other,0.02,100,-1.75492995918838,-4.28091277609127,11.0109374497196,22.5828989879957,40.3770594856035
80,1,ode,focei,lbfgsb3c,var_CL,structural_other,0.1,100,-0.932851192058111,-1.04296985210477,13.2168732960391,15.9059248541358,26.1657250144456
80,1,ode,focei,lbfgsb3c,var_Vc,structural_other,0.1,100,-0.41914706125349,-4.41167021663048,7.81333234625964,21.3382900592058,36.4427577213852
80,2,ode,focei,lbfgsb3c,VcSEX,covariate_beta,0.405465108108164,97,-1.49782977670563,0.6598176346656,12.9921554695529,19.6434466407639,31.6036080807449
80,2,ode,focei,lbfgsb3c,TVCL,structural_intercept,0.6,100,0.837750255279777,1.12900036354057,2.64227521069036,3.93802422948082,7.13901513648233
80,2,ode,focei,lbfgsb3c,TVVc,structural_intercept,20,100,1.76089528676327,2.26737386017167,4.49246100560023,7.54664429886452,10.8460877651496
80,2,ode,focei,lbfgsb3c,ResErr,structural_other,0.1,100,-1.43176589562851,-1.3602449006522,4.12953966142243,5.00702459932642,7.71834845896972
80,2,ode,focei,lbfgsb3c,TVKA,structural_other,0.7,100,4.75809867696496e-14,4.61535571665601e-14,4.75809867696496e-14,4.6861837276342e-14,4.75809867696496e-14
80,2,ode,focei,lbfgsb3c,TVQ,structural_other,1.8,100,1.58767532566857,1.55064873275118,1.75431878042866,2.28929529535178,3.58783790845184
80,2,ode,focei,lbfgsb3c,TVVp,structural_other,80,100,0.250233916656519,0.2775164781128,0.912363059626813,1.16822424592331,1.76119537660782
80,2,ode,focei,lbfgsb3c,cov_VcCL,structural_other,0.02,100,-7.34338963179942,-2.82659352866744,16.3033807830354,25.6205703669421,41.2349864970586
80,2,ode,focei,lbfgsb3c,var_CL,structural_other,0.1,100,-4.35475295862918,-1.6773265985161,11.4284118957625,15.9554717234292,24.505169584948
80,2,ode,focei,lbfgsb3c,var_Vc,structural_other,0.1,100,-0.44840204313918,2.52309657354114,16.9502878917032,25.7567812378866,40.2164331952386
80,3,ode,focei,lbfgsb3c,VcBW,covariate_beta,1,82,2.28894248405486,1.95892879971996,13.0359116694912,18.5474933347041,29.3793758943168
80,3,ode,focei,lbfgsb3c,TVCL,structural_intercept,0.6,99,0.907350632446865,0.863989266051389,2.53606383403486,3.79603344714274,5.91357831204188
80,3,ode,focei,lbfgsb3c,TVVc,structural_intercept,20,99,0.677026186418921,1.3029481691485,3.06985916513758,5.77814073189375,10.2508272428207
80,3,ode,focei,lbfgsb3c,ResErr,structural_other,0.1,99,0.0699506870935063,0.210159929460239,2.93857543044379,4.81571902973581,7.97891031082329
80,3,ode,focei,lbfgsb3c,TVKA,structural_other,0.7,99,4.75809867696496e-14,4.75809867696496e-14,4.75809867696496e-14,4.75809867696496e-14,4.75809867696496e-14
80,3,ode,focei,lbfgsb3c,TVQ,structural_other,1.8,99,1.8724141896222,1.85392440387365,1.95324778251928,2.4122284838345,3.87451168618963
80,3,ode,focei,lbfgsb3c,TVVp,structural_other,80,99,0.761304400987175,0.598884081199232,1.0547368337016,1.44053009777847,2.31588526963167
80,3,ode,focei,lbfgsb3c,cov_VcCL,structural_other,0.02,99,-16.8570694185396,-15.7698467520588,20.8454683011235,32.5989148998928,50.9959939990463
80,3,ode,focei,lbfgsb3c,var_CL,structural_other,0.1,99,-3.81769768789225,-1.67962945494957,13.6214057189385,16.0524600482042,23.8590944939237
80,3,ode,focei,lbfgsb3c,var_Vc,structural_other,0.1,99,-10.3455193277409,-8.48709726632486,19.2498894326608,25.0576192305177,42.3744624466838
80,4,ode,focei,lbfgsb3c,VcBW,covariate_beta,1,84,6.15535141004178,7.52896456071705,12.9599784408481,23.8505452652677,32.3959751805334
80,4,ode,focei,lbfgsb3c,VcSEX,covariate_beta,0.405465108108164,96,1.63632453415738,4.12594980262899,16.5004330998385,22.203000007637,35.865470017228
80,4,ode,focei,lbfgsb3c,TVCL,structural_intercept,0.6,100,1.19585840552917,0.928112379194638,2.62931209804743,3.78060078833614,5.8869363088732
80,4,ode,focei,lbfgsb3c,TVVc,structural_intercept,20,100,1.84433044565663,2.12527708972503,3.51054129097141,6.53370989891139,11.3460989672272
80,4,ode,focei,lbfgsb3c,ResErr,structural_other,0.1,100,-1.23456517125088,-0.941030787078078,2.88445954148695,4.64900295090908,7.89217394379171
80,4,ode,focei,lbfgsb3c,TVKA,structural_other,0.7,100,4.75809867696496e-14,4.75809867696496e-14,4.75809867696496e-14,4.75809867696496e-14,4.75809867696496e-14
80,4,ode,focei,lbfgsb3c,TVQ,structural_other,1.8,100,1.21239193760542,1.54382610535584,1.33757154709742,2.35013133510188,3.95986145286122
80,4,ode,focei,lbfgsb3c,TVVp,structural_other,80,100,0.0429655244880056,0.124455667940133,0.958648227672745,1.42430430601268,2.13515846613311
80,4,ode,focei,lbfgsb3c,cov_VcCL,structural_other,0.02,100,-19.0534540643672,-22.8067787605685,21.0391594774285,35.8618305155064,57.1441966771085
80,4,ode,focei,lbfgsb3c,var_CL,structural_other,0.1,100,-3.92188102356845,-2.80860560596911,10.2872744163897,16.5611264227275,27.8862087421468
80,4,ode,focei,lbfgsb3c,var_Vc,structural_other,0.1,100,-8.38890740513723,-7.57913944747774,14.5450599459815,24.3104904299658,43.4069183017399
80,5,ode,focei,lbfgsb3c,CLcrCL,covariate_beta,0.5,90,2.96997618681439,2.40560534940792,11.4871126708467,18.4716617706493,29.1145149462803
80,5,ode,focei,lbfgsb3c,TVCL,structural_intercept,0.6,99,0.229613607297748,0.589824163205431,2.61349762889799,3.68317428761239,5.44698423956908
80,5,ode,focei,lbfgsb3c,TVVc,structural_intercept,20,99,2.13237177359265,1.94287510019824,3.28368237418735,5.03538058720637,7.9978556627288
80,5,ode,focei,lbfgsb3c,ResErr,structural_other,0.1,99,-0.257827089323745,-0.154279868365237,3.50648287617833,5.3052694022666,8.5277172314205
80,5,ode,focei,lbfgsb3c,TVKA,structural_other,0.7,99,4.75809867696496e-14,4.75809867696496e-14,4.75809867696496e-14,4.75809867696496e-14,4.75809867696496e-14
80,5,ode,focei,lbfgsb3c,TVQ,structural_other,1.8,99,2.01499667378862,1.96377442148493,2.01712261716731,2.58350926684688,4.08506872095453
80,5,ode,focei,lbfgsb3c,TVVp,structural_other,80,99,0.412887799716426,0.481800125178532,1.01638323752621,1.27082144056785,2.21308561582463
80,5,ode,focei,lbfgsb3c,cov_VcCL,structural_other,0.02,99,-12.4653115233414,-12.7705819822706,17.2218720676118,27.6011814704711,47.3723373043606
80,5,ode,focei,lbfgsb3c,var_CL,structural_other,0.1,99,-7.59371329558484,-5.33999469044704,13.4566455694727,18.7120657448046,27.4132556296976
80,5,ode,focei,lbfgsb3c,var_Vc,structural_other,0.1,99,-3.74607324845241,-6.66056583489146,14.9660182972183,25.6658461208805,45.3767992923804
80,6,ode,focei,lbfgsb3c,CLcrCL,covariate_beta,0.5,89,-0.479619794040043,0.449596662982519,10.7167322076565,17.5348541590125,27.9837117447247
80,6,ode,focei,lbfgsb3c,VcSEX,covariate_beta,0.405465108108164,96,1.12381538848741,0.631545898760255,12.9726531384065,20.0891041099102,33.3273537314779
80,6,ode,focei,lbfgsb3c,TVCL,structural_intercept,0.6,100,0.699862641201097,0.952577566119459,3.06734922330349,4.00956194382625,6.06248519807957
80,6,ode,focei,lbfgsb3c,TVVc,structural_intercept,20,100,2.03971151250932,1.80233239826132,3.77779991067473,6.87549712572653,9.09174610341975
80,6,ode,focei,lbfgsb3c,ResErr,structural_other,0.1,100,-0.473214872813245,-0.625811931890144,3.50510904817869,4.88424145860749,7.97127567843832
80,6,ode,focei,lbfgsb3c,TVKA,structural_other,0.7,100,4.75809867696496e-14,4.75809867696496e-14,4.75809867696496e-14,4.75809867696496e-14,4.75809867696496e-14
80,6,ode,focei,lbfgsb3c,TVQ,structural_other,1.8,100,1.79504050653184,1.75843899834865,1.81086108501554,2.42356679761156,3.84832749994489
80,6,ode,focei,lbfgsb3c,TVVp,structural_other,80,100,0.17380193443949,0.297186598182034,0.863894111573149,1.19210868618475,1.98570659962346
80,6,ode,focei,lbfgsb3c,cov_VcCL,structural_other,0.02,100,-4.68757638276709,-4.94072440096869,15.0037916425752,31.3270162175926,46.2355449227675
80,6,ode,focei,lbfgsb3c,var_CL,structural_other,0.1,100,-6.14497424012336,-4.66054876698767,10.683803011315,15.1177496881753,25.7909036250512
80,6,ode,focei,lbfgsb3c,var_Vc,structural_other,0.1,100,1.49886776382935,1.49903689795005,13.0620753866981,21.6208512269577,38.1069768501572
80,7,ode,focei,lbfgsb3c,CLcrCL,covariate_beta,0.5,91,-0.0838972905126467,-0.122359832796046,10.2222215730866,15.7310970615896,24.7570023288137
80,7,ode,focei,lbfgsb3c,VcBW,covariate_beta,1,85,-0.260531327071711,-0.87156746603861,9.91714303518437,17.4596026593686,25.2009874948864
80,7,ode,focei,lbfgsb3c,TVCL,structural_intercept,0.6,100,0.152927740767315,-0.205647516426383,2.55628815897546,3.50612716649534,5.52118011076301
80,7,ode,focei,lbfgsb3c,TVVc,structural_intercept,20,100,1.90413338156368,2.17888266396279,4.59333982073582,6.55681185354635,10.8799171595455
80,7,ode,focei,lbfgsb3c,ResErr,structural_other,0.1,100,-0.569256055741575,-1.15328503500212,2.73978285120972,4.25586813935115,8.00127135688388
80,7,ode,focei,lbfgsb3c,TVKA,structural_other,0.7,100,4.75809867696496e-14,4.75809867696496e-14,4.75809867696496e-14,4.75809867696496e-14,4.75809867696496e-14
80,7,ode,focei,lbfgsb3c,TVQ,structural_other,1.8,100,1.83682611370431,1.71980016542848,1.88179884004026,2.33214694647109,3.44983631495983
80,7,ode,focei,lbfgsb3c,TVVp,structural_other,80,100,0.312693321494999,0.234994534159881,0.948040480933221,1.27411651741269,2.17089349800677
80,7,ode,focei,lbfgsb3c,cov_VcCL,structural_other,0.02,100,1.60049852069415,3.65117746581485,18.0249838477718,29.0613155083895,45.3283732741153
80,7,ode,focei,lbfgsb3c,var_CL,structural_other,0.1,100,-4.8285310045425,-4.58629783655377,10.8531638477967,16.1492879235158,26.0823280468839
80,7,ode,focei,lbfgsb3c,var_Vc,structural_other,0.1,100,-0.251047367380096,0.0492182468185293,15.0236711876649,23.8547055331593,37.9216736444187
80,8,ode,focei,lbfgsb3c,CLcrCL,covariate_beta,0.5,83,-1.7368807839751,-2.45679508088581,13.055958299676,17.8850208948769,28.8355380449928
80,8,ode,focei,lbfgsb3c,VcBW,covariate_beta,1,83,4.03838641689009,6.92809889134805,12.670767588304,29.5054646131676,32.3470220208746
80,8,ode,focei,lbfgsb3c,VcSEX,covariate_beta,0.405465108108164,96,-1.36804281632329,2.97127784798142,15.2067925403885,25.7070707082181,40.2395190633171
80,8,ode,focei,lbfgsb3c,TVCL,structural_intercept,0.6,99,-0.00141725567217217,0.322039084828181,2.7645653961584,3.99263830682838,6.03094039409362
80,8,ode,focei,lbfgsb3c,TVVc,structural_intercept,20,99,1.09346866555821,1.88715457248911,4.70525189852687,6.57778776316796,10.4189554171889
80,8,ode,focei,lbfgsb3c,ResErr,structural_other,0.1,99,-0.121813297261686,-0.0520552139312371,3.01279446276179,4.62276231475604,8.11946067604454
80,8,ode,focei,lbfgsb3c,TVKA,structural_other,0.7,99,4.75809867696496e-14,4.75809867696496e-14,4.75809867696496e-14,4.75809867696496e-14,4.75809867696496e-14
80,8,ode,focei,lbfgsb3c,TVQ,structural_other,1.8,99,1.73957530289158,1.64941122196696,1.8378238231658,2.6132654035166,3.96601750712423
80,8,ode,focei,lbfgsb3c,TVVp,structural_other,80,99,0.166192641869376,0.265731931504878,0.781108566543889,1.34930963108055,2.29832462121894
80,8,ode,focei,lbfgsb3c,cov_VcCL,structural_other,0.02,99,-4.40856180923875,-4.40180470317327,16.2077016622466,33.8856295777834,43.2313947964962
80,8,ode,focei,lbfgsb3c,var_CL,structural_other,0.1,99,-3.79123212405732,-2.69880962069139,9.81802174023028,14.9741484954216,22.6618763337128
80,8,ode,focei,lbfgsb3c,var_Vc,structural_other,0.1,99,-3.25799803805396,-4.10550925398691,14.007014247061,21.8787966457265,32.5162204788761
80,9,ode,focei,lbfgsb3c,CLBW,covariate_beta,0.75,76,1.25541223528434,1.08869818483,18.3869029929701,21.3602202811596,32.3421455362765
80,9,ode,focei,lbfgsb3c,TVCL,structural_intercept,0.6,98,1.00736975746392,0.889068921691253,3.14952792390353,5.61973626653405,9.08712982804224
80,9,ode,focei,lbfgsb3c,TVVc,structural_intercept,20,98,0.817172122893508,1.20401802940994,2.53693169462459,4.5452086245618,6.48865737208176
80,9,ode,focei,lbfgsb3c,ResErr,structural_other,0.1,98,0.29281130859949,-0.120521864452806,3.05861872053924,5.07517183146152,8.34545631627398
80,9,ode,focei,lbfgsb3c,TVKA,structural_other,0.7,98,4.75809867696496e-14,4.7095466496489905e-14,4.75809867696496e-14,4.73376041670886e-14,4.75809867696496e-14
80,9,ode,focei,lbfgsb3c,TVQ,structural_other,1.8,98,2.3021041082379,2.14215242688216,2.32271049788342,2.6145023986202802,3.86691846330169
80,9,ode,focei,lbfgsb3c,TVVp,structural_other,80,98,0.553590568913691,0.429444785624386,0.889374829646466,1.24776735512462,2.02523924515718
80,9,ode,focei,lbfgsb3c,cov_VcCL,structural_other,0.02,98,-6.81989074576457,-6.52792599703267,13.2610819496691,22.5412904744257,39.8155450641239
80,9,ode,focei,lbfgsb3c,var_CL,structural_other,0.1,98,-7.78506254017723,-6.85924868480582,12.8025759569605,18.5928906458882,26.7480317931333
80,9,ode,focei,lbfgsb3c,var_Vc,structural_other,0.1,98,-1.12248144466357,1.56691114725336,11.8796590903977,24.1401361877469,40.0573785519801
80,10,ode,focei,lbfgsb3c,CLBW,covariate_beta,0.75,83,-0.696483559475306,0.411254752559709,15.0016503778207,19.7434433214967,33.6118551085865
80,10,ode,focei,lbfgsb3c,VcSEX,covariate_beta,0.405465108108164,99,0.0552157054048238,-0.70483218963125,13.3893791347383,19.9291103555805,33.6726705539021
80,10,ode,focei,lbfgsb3c,TVCL,structural_intercept,0.6,100,-6.01726364715764,-5.61309075178747,8.08714831709875,9.3905591365591,13.8915303258729
80,10,ode,focei,lbfgsb3c,TVVc,structural_intercept,20,100,1.43733908054764,1.67851119400251,4.53057001235586,6.55878753024181,10.9540259086342
80,10,ode,focei,lbfgsb3c,ResErr,structural_other,0.1,100,-0.597442287968999,-1.22053169366629,2.53689707279809,4.29095941842175,6.97180954037044
80,10,ode,focei,lbfgsb3c,TVKA,structural_other,0.7,100,4.75809867696496e-14,4.75809867696496e-14,4.75809867696496e-14,4.75809867696496e-14,4.75809867696496e-14
80,10,ode,focei,lbfgsb3c,TVQ,structural_other,1.8,100,1.70836990978504,1.81191344198156,1.70836990978504,2.38705761963104,4.0510879073731
80,10,ode,focei,lbfgsb3c,TVVp,structural_other,80,100,0.454415693051713,0.30806672298489,0.841693932077829,1.0982875055872,1.68538239625107
80,10,ode,focei,lbfgsb3c,cov_VcCL,structural_other,0.02,100,-2.77558590927115,-1.06276219719714,13.2003757652904,22.1879918520391,35.0568195672917
80,10,ode,focei,lbfgsb3c,var_CL,structural_other,0.1,100,-5.11332940840904,-4.55177097323844,11.0369946063241,15.5833380650397,24.9809209792368
80,10,ode,focei,lbfgsb3c,var_Vc,structural_other,0.1,100,-1.66101372883762,1.13733708548562,11.6120977035217,19.3171878155923,33.0414091437838
80,11,ode,focei,lbfgsb3c,CLBW,covariate_beta,0.75,80,0.526908666143466,3.52126274741158,14.7503053261008,26.5924999516589,34.1407061805098
80,11,ode,focei,lbfgsb3c,VcBW,covariate_beta,1,81,-1.95229384415841,-0.845363591176336,8.78937354749587,15.3341409157232,27.8870466158813
80,11,ode,focei,lbfgsb3c,TVCL,structural_intercept,0.6,98,-7.08452513486936,-6.33842088121637,8.15985415626826,10.2316913551016,14.772744613221
80,11,ode,focei,lbfgsb3c,TVVc,structural_intercept,20,98,-8.33897289944309,-7.02190368953341,9.59566220131891,11.2796401379749,18.0091831609484
80,11,ode,focei,lbfgsb3c,ResErr,structural_other,0.1,98,-0.295955968623786,-0.570138861847068,3.06897219763488,4.7693268432071,8.18545492012233
80,11,ode,focei,lbfgsb3c,TVKA,structural_other,0.7,98,4.75809867696496e-14,4.7095466496489905e-14,4.75809867696496e-14,4.73376041670886e-14,4.75809867696496e-14
80,11,ode,focei,lbfgsb3c,TVQ,structural_other,1.8,98,1.70088981403392,1.81200380451856,1.8047203135986,2.4230750476235,3.75285463891066
80,11,ode,focei,lbfgsb3c,TVVp,structural_other,80,98,0.362625950034863,0.440963480238148,0.735145339345191,1.21006454369822,2.0416221561013
80,11,ode,focei,lbfgsb3c,cov_VcCL,structural_other,0.02,98,15.1032103403652,26.1477296688161,23.6654408131138,53.4917083501851,92.1784958191363
80,11,ode,focei,lbfgsb3c,var_CL,structural_other,0.1,98,-6.13044485732787,-4.74329197638793,12.5085640706808,15.588862556577,22.9525802962099
80,11,ode,focei,lbfgsb3c,var_Vc,structural_other,0.1,98,-7.73547753601288,-6.30795182438569,13.8373293188588,22.0611751673497,35.7042471326838
80,12,ode,focei,lbfgsb3c,CLBW,covariate_beta,0.75,82,-2.7530591337952,-2.22976855678583,13.2251419654229,20.1906279298023,33.0642897787373
80,12,ode,focei,lbfgsb3c,VcBW,covariate_beta,1,77,-2.19641024845916,-0.732328622378192,11.346183270141,15.5338586220723,27.2475605838534
80,12,ode,focei,lbfgsb3c,VcSEX,covariate_beta,0.405465108108164,99,5.69339844674644,8.14453448251062,15.9237098412275,26.6695431364822,48.1875158540988
80,12,ode,focei,lbfgsb3c,TVCL,structural_intercept,0.6,100,-5.57805213916067,-4.84623405411144,7.48935426318719,8.76829689588589,12.2502082684181
80,12,ode,focei,lbfgsb3c,TVVc,structural_intercept,20,100,-7.76940325282085,-7.3162100752154,8.65684364078162,11.0871603719388,18.1105096876648
80,12,ode,focei,lbfgsb3c,ResErr,structural_other,0.1,100,0.424608851098782,0.735434992656073,3.87084226295565,5.40178918454231,8.78927906401809
80,12,ode,focei,lbfgsb3c,TVKA,structural_other,0.7,100,4.75809867696496e-14,4.75809867696496e-14,4.75809867696496e-14,4.75809867696496e-14,4.75809867696496e-14
80,12,ode,focei,lbfgsb3c,TVQ,structural_other,1.8,100,1.85559793985947,1.98994992673179,2.00158475307035,2.71328208287013,4.4597309586422
80,12,ode,focei,lbfgsb3c,TVVp,structural_other,80,100,0.0469208770421314,0.198530930210647,0.779865108118116,1.28700330407725,2.05825080766375
80,12,ode,focei,lbfgsb3c,cov_VcCL,structural_other,0.02,100,5.93170981016406,15.3578076180282,21.5165731482026,41.8539140125594,67.1905423130575
80,12,ode,focei,lbfgsb3c,var_CL,structural_other,0.1,100,-4.90394474675174,-3.86301119015869,12.3969570794312,15.1721282922881,22.6557662441347
80,12,ode,focei,lbfgsb3c,var_Vc,structural_other,0.1,100,-6.97127961074152,-6.44362139255673,12.962763096915,22.7272515814572,39.7692627975904
80,13,ode,focei,lbfgsb3c,CLBW,covariate_beta,0.75,78,3.20916233617155,6.70332091844436,16.3819221150891,28.6974061238018,46.8344222941946
80,13,ode,focei,lbfgsb3c,CLcrCL,covariate_beta,0.5,80,5.14824575215837,8.0542453496594,18.5748365994722,27.9006756091093,44.7976482904278
80,13,ode,focei,lbfgsb3c,TVCL,structural_intercept,0.6,100,-7.16782728027574,-6.71229613576101,9.01472169801266,11.4428512987173,17.9103475450628
80,13,ode,focei,lbfgsb3c,TVVc,structural_intercept,20,100,1.89825718628006,2.23090293409038,3.24492759425612,5.16785549850836,7.91460847992499
80,13,ode,focei,lbfgsb3c,ResErr,structural_other,0.1,100,-0.186977137190673,-0.411351141036199,3.36334102502336,4.70419746866951,7.69956990855075
80,13,ode,focei,lbfgsb3c,TVKA,structural_other,0.7,100,4.75809867696496e-14,4.75809867696496e-14,4.75809867696496e-14,4.75809867696496e-14,4.75809867696496e-14
80,13,ode,focei,lbfgsb3c,TVQ,structural_other,1.8,100,2.08453940029202,2.12233988651547,2.08453940029202,2.49083632613526,3.72286989415551
80,13,ode,focei,lbfgsb3c,TVVp,structural_other,80,100,0.548850260606262,0.621052371602285,0.888815248176487,1.37739637204641,2.26983894937015
80,13,ode,focei,lbfgsb3c,cov_VcCL,structural_other,0.02,100,-9.49418814023941,-7.4104628391152,20.3808270233564,29.9521842228247,44.2891753860603
80,13,ode,focei,lbfgsb3c,var_CL,structural_other,0.1,100,-0.0512367242783973,-0.535629685789766,12.8608080733815,17.1078494138978,25.1044055972548
80,13,ode,focei,lbfgsb3c,var_Vc,structural_other,0.1,100,-6.02791822047832,-5.14839530418171,12.7583141234284,22.8908108804184,36.6875932267594
80,14,ode,focei,lbfgsb3c,CLBW,covariate_beta,0.75,80,2.27680417581793,5.72018204179412,15.603347949827,29.324773144696,39.9749701395062
80,14,ode,focei,lbfgsb3c,CLcrCL,covariate_beta,0.5,84,-2.02392342746341,3.45910037449254,16.5532702131138,27.3558500758668,41.9107243664547
80,14,ode,focei,lbfgsb3c,VcSEX,covariate_beta,0.405465108108164,94,-1.38351175863557,-1.06706454135202,13.5752642352919,19.5427020629394,29.6166968643655
80,14,ode,focei,lbfgsb3c,TVCL,structural_intercept,0.6,98,-8.22764523322794,-7.30742325764557,9.62926565127061,11.0920055629468,17.5941481433465
80,14,ode,focei,lbfgsb3c,TVVc,structural_intercept,20,98,2.24152640072624,3.08387769181488,4.76422928467933,8.42104483238563,12.1839857495431
80,14,ode,focei,lbfgsb3c,ResErr,structural_other,0.1,98,-1.06235050105111,-0.136330075397853,3.37640776108274,5.15409972607899,9.0184124042146
80,14,ode,focei,lbfgsb3c,TVKA,structural_other,0.7,98,4.75809867696496e-14,4.75809867696496e-14,4.75809867696496e-14,4.75809867696496e-14,4.75809867696496e-14
80,14,ode,focei,lbfgsb3c,TVQ,structural_other,1.8,98,1.66984892003828,1.67611834562099,1.74933598518563,2.38942199137294,4.0249054292317
80,14,ode,focei,lbfgsb3c,TVVp,structural_other,80,98,0.359726257916817,0.370940778528352,0.80220217040095,1.23829244492671,2.03278409726088
80,14,ode,focei,lbfgsb3c,cov_VcCL,structural_other,0.02,98,3.48896119388337,2.23867396620948,14.1007142647695,22.0203127843906,36.1308307157309
80,14,ode,focei,lbfgsb3c,var_CL,structural_other,0.1,98,-6.73783411211279,-4.47650105973395,11.4000608100636,17.0054631831363,26.0447508152432
80,14,ode,focei,lbfgsb3c,var_Vc,structural_other,0.1,98,3.22456749995713,5.42931742641269,12.5200774249454,21.7907077012105,40.1797500979922
80,15,ode,focei,lbfgsb3c,CLBW,covariate_beta,0.75,71,-0.42067688079146,4.69307481633948,13.6306823176541,28.2448110541513,40.1420987005716
80,15,ode,focei,lbfgsb3c,CLcrCL,covariate_beta,0.5,78,3.14966419585707,4.13532234936064,17.9298078593862,28.3695054684808,38.9217816830574
80,15,ode,focei,lbfgsb3c,VcBW,covariate_beta,1,80,-5.03559870057367,-4.84455808468176,11.6707872670593,17.797883722984,30.4365878468184
80,15,ode,focei,lbfgsb3c,TVCL,structural_intercept,0.6,97,-5.88060416757265,-5.23691744504752,7.93385346836378,10.8251466492907,17.3008574314178
80,15,ode,focei,lbfgsb3c,TVVc,structural_intercept,20,97,-7.60509422175435,-6.08106627742307,9.40252672289988,10.9792060002891,15.157277185871
80,15,ode,focei,lbfgsb3c,ResErr,structural_other,0.1,97,-0.199455217551131,0.329102016697732,2.70310226161039,4.84775316375731,8.32529123565332
80,15,ode,focei,lbfgsb3c,TVKA,structural_other,0.7,97,4.75809867696496e-14,4.75809867696496e-14,4.75809867696496e-14,4.75809867696496e-14,4.75809867696496e-14
80,15,ode,focei,lbfgsb3c,TVQ,structural_other,1.8,97,2.02393473341931,2.03792509433258,2.07631980162563,2.68239667420943,4.20985403082218
80,15,ode,focei,lbfgsb3c,TVVp,structural_other,80,97,0.508929982847928,0.456804698460607,0.781908136342402,1.24470600950597,2.07655710122363
80,15,ode,focei,lbfgsb3c,cov_VcCL,structural_other,0.02,97,39.8134837132401,52.8859677358206,43.9958763295166,77.6040438679182,121.577396852559
80,15,ode,focei,lbfgsb3c,var_CL,structural_other,0.1,97,-0.910775822767052,0.36646030343972,11.9921377354331,17.9904077243629,28.2610956733185
80,15,ode,focei,lbfgsb3c,var_Vc,structural_other,0.1,97,-4.01834556831944,-3.02598344029819,16.4310559167931,25.6517123789575,43.7216367290664
80,16,ode,focei,lbfgsb3c,CLBW,covariate_beta,0.75,77,2.93354388825134,4.7908686780434,17.9670874800905,30.1583471579393,45.6765436706231
80,16,ode,focei,lbfgsb3c,CLcrCL,covariate_beta,0.5,81,-6.3815247588474,-0.79373183102196,15.9787571024821,24.1602393916613,34.737658245565
80,16,ode,focei,lbfgsb3c,VcBW,covariate_beta,1,88,3.22026114630676,6.33450333492739,11.1056693990298,29.6241680871192,34.187358178572
80,16,ode,focei,lbfgsb3c,VcSEX,covariate_beta,0.405465108108164,94,-3.23531653737473,-1.30601204813006,13.2721244773719,21.7329367142178,35.3557949257418
80,16,ode,focei,lbfgsb3c,TVCL,structural_intercept,0.6,98,-6.95509504261382,-6.85060311740659,8.39228727121095,10.6939082465052,17.0850354691221
80,16,ode,focei,lbfgsb3c,TVVc,structural_intercept,20,98,-9.40292388546975,-9.1547647944798,10.0364535799332,12.1597520775297,17.6560734826505
80,16,ode,focei,lbfgsb3c,ResErr,structural_other,0.1,98,-0.708778229671213,-0.435023588706893,3.312160637054,4.92637492213741,8.45165311704637
80,16,ode,focei,lbfgsb3c,TVKA,structural_other,0.7,98,4.75809867696496e-14,4.75809867696496e-14,4.75809867696496e-14,4.75809867696496e-14,4.75809867696496e-14
80,16,ode,focei,lbfgsb3c,TVQ,structural_other,1.8,98,1.89890781063569,1.9700153202138,1.90236085050643,2.57617020502126,4.20530982637777
80,16,ode,focei,lbfgsb3c,TVVp,structural_other,80,98,0.505619652402167,0.466299767352477,0.922289912240215,1.4103438901518,2.52079683002177
80,16,ode,focei,lbfgsb3c,cov_VcCL,structural_other,0.02,98,35.8513815319315,39.4532273071749,36.0779832482923,58.4444675535256,106.919379852473
80,16,ode,focei,lbfgsb3c,var_CL,structural_other,0.1,98,-5.23945011775336,-3.56319120561935,11.949908674843,16.8850615001683,25.876230541782
80,16,ode,focei,lbfgsb3c,var_Vc,structural_other,0.1,98,-6.43879494429186,-6.39176192042912,12.5351048700891,21.1129888116071,36.746060262276
80,1,linCmt,focei,lbfgsb3c,TVCL,structural_intercept,0.6,100,-0.0492323137959068,0.573253340544029,2.73575068217361,4.01892030165425,6.28263075025569
80,1,linCmt,focei,lbfgsb3c,TVVc,structural_intercept,20,100,2.52921258743495,2.43805559973132,4.42317815246962,6.23687030075622,9.40904285855552
80,1,linCmt,focei,lbfgsb3c,ResErr,structural_other,0.1,100,1.06044029022975,0.903405670001124,2.90307254205367,4.02139367380694,6.05639063793407
80,1,linCmt,focei,lbfgsb3c,TVKA,structural_other,0.7,100,0,4.75809867696496e-15,0,1.5046429151043e-14,4.75809867696536e-15
80,1,linCmt,focei,lbfgsb3c,TVQ,structural_other,1.8,100,1.82965212979842,2.09456015247283,1.82965212979842,2.55791775974753,4.1323727248202
80,1,linCmt,focei,lbfgsb3c,TVVp,structural_other,80,100,0.501785854071368,0.454462752689486,0.803967606572185,1.19404433969382,1.85286217124077
80,1,linCmt,focei,lbfgsb3c,cov_VcCL,structural_other,0.02,100,-2.43954817361887,-5.55743467639259,14.0982495029316,24.7076967464174,44.1013500469189
80,1,linCmt,focei,lbfgsb3c,var_CL,structural_other,0.1,100,-0.843335166215826,-1.49245946694895,13.4419373293612,16.3997891872522,26.018351497865
80,1,linCmt,focei,lbfgsb3c,var_Vc,structural_other,0.1,100,-0.432181163555381,-4.42939736298676,8.14332200170637,21.1498371398263,37.2596599868021
80,2,linCmt,focei,lbfgsb3c,VcSEX,covariate_beta,0.405465108108164,97,-2.19664515506241,0.598624046932512,12.5970558742871,19.9064204339663,31.6465415677637
80,2,linCmt,focei,lbfgsb3c,TVCL,structural_intercept,0.6,100,0.934858715669738,1.13931963031671,2.69084393397291,4.01182541044672,6.84116432655936
80,2,linCmt,focei,lbfgsb3c,TVVc,structural_intercept,20,100,1.52656634504639,2.26653990181713,4.4417922244765,7.60094632222115,11.3515173583805
80,2,linCmt,focei,lbfgsb3c,ResErr,structural_other,0.1,100,-1.4987266450428,-1.28756160130987,3.88692273069347,5.00263157170533,7.60216698082056
80,2,linCmt,focei,lbfgsb3c,TVKA,structural_other,0.7,100,4.75809867696496e-14,4.61535571665601e-14,4.75809867696496e-14,4.6861837276342e-14,4.75809867696496e-14
80,2,linCmt,focei,lbfgsb3c,TVQ,structural_other,1.8,100,1.54266773365944,1.55556220508467,1.63049468211797,2.29352945147931,3.79866292583342
80,2,linCmt,focei,lbfgsb3c,TVVp,structural_other,80,100,0.229685091873417,0.285355698639245,0.863118152427234,1.17300662562606,1.83472251957599
80,2,linCmt,focei,lbfgsb3c,cov_VcCL,structural_other,0.02,100,-7.80269699221744,-4.27389914680186,20.784540390389,26.6503785679235,40.7519989358174
80,2,linCmt,focei,lbfgsb3c,var_CL,structural_other,0.1,100,-4.05520192070285,-1.75078820424863,11.8410535100925,16.2631603469507,23.8908899758758
80,2,linCmt,focei,lbfgsb3c,var_Vc,structural_other,0.1,100,-1.17602151306778,1.17042892816599,17.8728743400503,25.6290372288144,38.5366670034335
80,3,linCmt,focei,lbfgsb3c,VcBW,covariate_beta,1,84,3.52916452737316,3.05237785204411,13.2507012532242,19.8527185028305,34.035287071347
80,3,linCmt,focei,lbfgsb3c,TVCL,structural_intercept,0.6,100,0.9028215745992,0.882562731062453,2.77852609240507,3.79127287180749,6.22449054335349
80,3,linCmt,focei,lbfgsb3c,TVVc,structural_intercept,20,100,0.100045260228629,1.35823167710052,3.48618505241081,6.97201682480117,10.4326880308421
80,3,linCmt,focei,lbfgsb3c,ResErr,structural_other,0.1,100,-0.0496403774777054,0.254089863370278,3.11508233271625,4.79658156521009,7.7303564158742
80,3,linCmt,focei,lbfgsb3c,TVKA,structural_other,0.7,100,4.75809867696496e-14,4.75809867696496e-14,4.75809867696496e-14,4.75809867696496e-14,4.75809867696496e-14
80,3,linCmt,focei,lbfgsb3c,TVQ,structural_other,1.8,100,1.86611847259777,1.87210578758322,1.9003442256915,2.46122122641999,3.8737177898175
80,3,linCmt,focei,lbfgsb3c,TVVp,structural_other,80,100,0.68685615129044,0.594153415646496,1.04192682144419,1.4312668448793,2.34373574976559
80,3,linCmt,focei,lbfgsb3c,cov_VcCL,structural_other,0.02,100,-17.5331567198717,-17.9174515581821,21.6440911370661,32.7906475362899,52.9993590282343
80,3,linCmt,focei,lbfgsb3c,var_CL,structural_other,0.1,100,-4.0351388879917,-1.83644330800745,12.3882211892967,16.0260504826597,23.9086500336579
80,3,linCmt,focei,lbfgsb3c,var_Vc,structural_other,0.1,100,-13.4440529866808,-8.71137419410644,19.8235768607612,26.3478132093596,44.4222378438874
80,4,linCmt,focei,lbfgsb3c,VcBW,covariate_beta,1,82,6.36888914184548,8.08944556526764,12.8951835768125,27.3171719426298,29.9386688690526
80,4,linCmt,focei,lbfgsb3c,VcSEX,covariate_beta,0.405465108108164,93,2.38914852606538,4.58442507415401,16.679892832221,21.3794228632745,32.8681466786243
80,4,linCmt,focei,lbfgsb3c,TVCL,structural_intercept,0.6,100,1.10588020826826,0.887636566298186,2.33135943719939,3.73563992881731,5.70527683167076
80,4,linCmt,focei,lbfgsb3c,TVVc,structural_intercept,20,100,1.15314704450517,2.44635943359496,2.99242885894508,7.29210600097814,11.2537692712988
80,4,linCmt,focei,lbfgsb3c,ResErr,structural_other,0.1,100,-1.07382896425107,-0.955633469922791,2.96165365770454,4.68806832793741,7.85476573141608
80,4,linCmt,focei,lbfgsb3c,TVKA,structural_other,0.7,100,4.75809867696496e-14,4.71051769019531e-14,4.75809867696496e-14,4.73424840809376e-14,4.75809867696496e-14
80,4,linCmt,focei,lbfgsb3c,TVQ,structural_other,1.8,100,1.3547697039562001,1.54513371067323,1.45338026334814,2.3644394963574,4.04490992938923
80,4,linCmt,focei,lbfgsb3c,TVVp,structural_other,80,100,0.0905251039745814,0.155371202498993,1.01521221862703,1.43570294199608,2.07931835362201
80,4,linCmt,focei,lbfgsb3c,cov_VcCL,structural_other,0.02,100,-18.7678093878154,-21.1152392929499,22.7559237560417,36.2058545175761,54.7460774745068
80,4,linCmt,focei,lbfgsb3c,var_CL,structural_other,0.1,100,-3.79187399861228,-2.60084188804922,10.5234124852389,16.4940535406037,28.2391380599633
80,4,linCmt,focei,lbfgsb3c,var_Vc,structural_other,0.1,100,-8.19391915206512,-6.87374457999313,14.5797187670089,27.9044378263607,44.1358781024537
80,5,linCmt,focei,lbfgsb3c,CLcrCL,covariate_beta,0.5,89,4.16150480896189,3.30555383662298,9.98259498256429,18.1493166907377,28.8646343810509
80,5,linCmt,focei,lbfgsb3c,TVCL,structural_intercept,0.6,100,0.79376396360419,0.644264665322556,2.2078478384949,3.56096617696811,5.43295927196865
80,5,linCmt,focei,lbfgsb3c,TVVc,structural_intercept,20,100,2.19764824905893,1.95374796416454,3.40155317400531,5.05831186858374,8.09814355655943
80,5,linCmt,focei,lbfgsb3c,ResErr,structural_other,0.1,100,-0.625063341509774,-0.0791755936125754,3.3982960018293,5.30575321627434,8.17203835924285
80,5,linCmt,focei,lbfgsb3c,TVKA,structural_other,0.7,100,4.75809867696496e-14,4.75809867696496e-14,4.75809867696496e-14,4.75809867696496e-14,4.75809867696496e-14
80,5,linCmt,focei,lbfgsb3c,TVQ,structural_other,1.8,100,1.93721852232489,1.96454280796352,1.99648876123052,2.57204559577869,4.09204564228749
80,5,linCmt,focei,lbfgsb3c,TVVp,structural_other,80,100,0.409376905997361,0.480341105676287,0.981827183767443,1.25975943882012,2.02171619242324
80,5,linCmt,focei,lbfgsb3c,cov_VcCL,structural_other,0.02,100,-12.5400057637132,-13.510104560834,19.4996772470782,28.319031930305,46.2816126312
80,5,linCmt,focei,lbfgsb3c,var_CL,structural_other,0.1,100,-7.73467240403882,-5.75795444435111,13.5192632434449,18.0669336233712,28.7331780354208
80,5,linCmt,focei,lbfgsb3c,var_Vc,structural_other,0.1,100,-4.26273894371793,-6.69865630794137,15.7386489513534,24.844371190982,40.0758484128353
80,6,linCmt,focei,lbfgsb3c,CLcrCL,covariate_beta,0.5,89,-1.16807706490248,0.20221792719860399,12.0171832253038,17.8073976505287,27.1114495373891
80,6,linCmt,focei,lbfgsb3c,VcSEX,covariate_beta,0.405465108108164,96,1.46655600725977,0.615260352223042,12.7727069412994,19.9408962466646,33.7455337280268
80,6,linCmt,focei,lbfgsb3c,TVCL,structural_intercept,0.6,100,0.810369622126744,0.931220697018431,2.77671559631433,3.97978299507138,6.34820318926425
80,6,linCmt,focei,lbfgsb3c,TVVc,structural_intercept,20,100,1.56635975746108,1.87588573709837,3.82343930589776,6.86451257178967,9.04540438476604
80,6,linCmt,focei,lbfgsb3c,ResErr,structural_other,0.1,100,-0.526126464406578,-0.603483685789008,3.34567747839888,4.82588375378956,7.69033778513876
80,6,linCmt,focei,lbfgsb3c,TVKA,structural_other,0.7,100,4.75809867696496e-14,4.75809867696496e-14,4.75809867696496e-14,4.75809867696496e-14,4.75809867696496e-14
80,6,linCmt,focei,lbfgsb3c,TVQ,structural_other,1.8,100,1.73091637180147,1.76583744936957,1.78727794640592,2.43244428451105,3.80270056089716
80,6,linCmt,focei,lbfgsb3c,TVVp,structural_other,80,100,0.262794520439433,0.300332377872079,0.942086212099164,1.2001371153242,2.03386050040166
80,6,linCmt,focei,lbfgsb3c,cov_VcCL,structural_other,0.02,100,-4.99037451550054,-5.82239388988007,13.7667817318952,27.6383831657576,40.716353149641
80,6,linCmt,focei,lbfgsb3c,var_CL,structural_other,0.1,100,-5.48444142901696,-4.29946938536485,10.5033588496731,14.8837573572347,25.4205406815483
80,6,linCmt,focei,lbfgsb3c,var_Vc,structural_other,0.1,100,1.23513578331072,0.688215992927417,13.3084825633723,21.0208106246919,37.334128776262
80,7,linCmt,focei,lbfgsb3c,CLcrCL,covariate_beta,0.5,86,-0.729410330767388,0.00264992693327436,9.94784935275609,16.1094217510589,25.3703412530431
80,7,linCmt,focei,lbfgsb3c,VcBW,covariate_beta,1,88,2.00180628690646,0.5016619896908,10.3179540800059,16.9982592282601,24.8828662417038
80,7,linCmt,focei,lbfgsb3c,TVCL,structural_intercept,0.6,97,-0.14901236050785,-0.356097678739489,2.28361226356581,3.54054215647302,5.25218557222748
80,7,linCmt,focei,lbfgsb3c,TVVc,structural_intercept,20,97,1.13262822209919,1.93600423564204,3.69087883084237,6.25689104111918,10.6364930499755
80,7,linCmt,focei,lbfgsb3c,ResErr,structural_other,0.1,97,-0.534638178558422,-1.08256292883575,2.789241806035,4.27361107575567,7.70669225868592
80,7,linCmt,focei,lbfgsb3c,TVKA,structural_other,0.7,97,4.75809867696496e-14,4.75809867696496e-14,4.75809867696496e-14,4.75809867696496e-14,4.75809867696496e-14
80,7,linCmt,focei,lbfgsb3c,TVQ,structural_other,1.8,97,1.93040953480575,1.73063912157695,1.93539528648982,2.33102487681678,3.43952739402786
80,7,linCmt,focei,lbfgsb3c,TVVp,structural_other,80,97,0.189425497351596,0.215722098663911,0.944580418313343,1.27921659377871,2.17413412132372
80,7,linCmt,focei,lbfgsb3c,cov_VcCL,structural_other,0.02,97,2.88203006420214,4.76019186932876,17.2050052882143,30.5770857380042,50.5669972752634
80,7,linCmt,focei,lbfgsb3c,var_CL,structural_other,0.1,97,-3.90899986672671,-4.19635738073288,11.6986214466464,16.3875318810071,26.7054591826348
80,7,linCmt,focei,lbfgsb3c,var_Vc,structural_other,0.1,97,-0.183057781308879,0.563563498388775,15.630228279681,23.2770298867888,39.4175871790439
80,8,linCmt,focei,lbfgsb3c,CLcrCL,covariate_beta,0.5,88,-2.32141955795815,-3.05039831271426,13.1963403341922,17.7630690427137,30.1779287851149
80,8,linCmt,focei,lbfgsb3c,VcBW,covariate_beta,1,86,1.23754229674224,4.91840619459645,11.4361957197373,18.1931304080796,31.8958009103048
80,8,linCmt,focei,lbfgsb3c,VcSEX,covariate_beta,0.405465108108164,97,-2.00844281313157,2.23558277244883,15.7841325406468,25.7841254476504,39.2257833868801
80,8,linCmt,focei,lbfgsb3c,TVCL,structural_intercept,0.6,100,0.399683865290934,0.587781359554163,2.90332733394063,4.14159741596242,6.06257548018819
80,8,linCmt,focei,lbfgsb3c,TVVc,structural_intercept,20,100,1.4067732226174,1.66485786305486,4.24438260306853,6.32518284235234,9.99399802922652
80,8,linCmt,focei,lbfgsb3c,ResErr,structural_other,0.1,100,-0.192763581281494,-0.115147241395884,2.9222158657955,4.52710862020119,7.94814264284834
80,8,linCmt,focei,lbfgsb3c,TVKA,structural_other,0.7,100,4.75809867696496e-14,4.75809867696496e-14,4.75809867696496e-14,4.75809867696496e-14,4.75809867696496e-14
80,8,linCmt,focei,lbfgsb3c,TVQ,structural_other,1.8,100,1.65493542049194,1.63258933001937,1.79601350618049,2.57465981369116,4.01268533991966
80,8,linCmt,focei,lbfgsb3c,TVVp,structural_other,80,100,0.196743334364102,0.260360783643546,0.784785775790748,1.33486389174988,2.26684409604145
80,8,linCmt,focei,lbfgsb3c,cov_VcCL,structural_other,0.02,100,-4.7533980887514,-4.40620690039629,18.4319026830548,33.7819648694101,45.5028230215804
80,8,linCmt,focei,lbfgsb3c,var_CL,structural_other,0.1,100,-4.11988073272213,-2.86031995608841,8.72726593736312,14.5998171037912,22.510756070075
80,8,linCmt,focei,lbfgsb3c,var_Vc,structural_other,0.1,100,-3.18791859617249,-3.38905858835175,13.5026953009895,21.8252313646209,31.8307419689289
80,9,linCmt,focei,lbfgsb3c,CLBW,covariate_beta,0.75,80,2.29196879782361,1.5220425547409,19.1860802347526,21.6347944732529,31.907397515218
80,9,linCmt,focei,lbfgsb3c,TVCL,structural_intercept,0.6,100,0.63580170500709,0.86140728327966,3.36934063905508,5.64538887083475,9.3337498925674
80,9,linCmt,focei,lbfgsb3c,TVVc,structural_intercept,20,100,0.918334249259205,1.20246520225343,2.56499516325721,4.49274076713904,6.31353266200807
80,9,linCmt,focei,lbfgsb3c,ResErr,structural_other,0.1,100,0.149579009101397,-0.0272054769511597,3.00306152889394,5.05630717152937,8.30340284381352
80,9,linCmt,focei,lbfgsb3c,TVKA,structural_other,0.7,100,4.75809867696496e-14,4.71051769019531e-14,4.75809867696496e-14,4.73424840809376e-14,4.75809867696496e-14
80,9,linCmt,focei,lbfgsb3c,TVQ,structural_other,1.8,100,2.3095985044504,2.15775957066182,2.34653081250649,2.63029436100934,3.98856617077932
80,9,linCmt,focei,lbfgsb3c,TVVp,structural_other,80,100,0.551272030823213,0.457183785080845,0.958096335142988,1.25962087800957,2.01987222824039
80,9,linCmt,focei,lbfgsb3c,cov_VcCL,structural_other,0.02,100,-5.37525149983876,-8.0639599032468,16.3311683743846,23.8602580911765,38.4344563486821
80,9,linCmt,focei,lbfgsb3c,var_CL,structural_other,0.1,100,-6.90760352955633,-6.38688581419082,12.6621443303797,17.541857172038,25.4286001345809
80,9,linCmt,focei,lbfgsb3c,var_Vc,structural_other,0.1,100,-0.967596985656336,0.917602912851556,12.4047556309028,24.9143467511373,48.008775286952996
80,10,linCmt,focei,lbfgsb3c,CLBW,covariate_beta,0.75,80,-3.22522413178656,2.9768516102053,14.2926053326211,48.684722619568,33.537612513765
80,10,linCmt,focei,lbfgsb3c,VcSEX,covariate_beta,0.405465108108164,98,0.238465945698186,-13.3330214808588,13.1222438164442,134.139081483402,33.9215792002133
80,10,linCmt,focei,lbfgsb3c,TVCL,structural_intercept,0.6,100,-5.29281812886505,166629274704427e9,7.58492328721469,166629274704427e10,13.8579321625783
80,10,linCmt,focei,lbfgsb3c,TVVc,structural_intercept,20,100,1.05415824697201,1762394.74028909,4.35125365184254,17623929.9553788,11.7504759196276
80,10,linCmt,focei,lbfgsb3c,ResErr,structural_other,0.1,100,-0.542685354625191,5.98600368938445,2.7149130187161,71.6252440876033,7.26235699765935
80,10,linCmt,focei,lbfgsb3c,TVKA,structural_other,0.7,100,4.75809867696496e-14,4.75809867696496e-14,4.75809867696496e-14,4.75809867696496e-14,4.75809867696496e-14
80,10,linCmt,focei,lbfgsb3c,TVQ,structural_other,1.8,100,1.6133013774327,536196546.613602,1.6133013774327,5361965448.54862,3.98139672870087
80,10,linCmt,focei,lbfgsb3c,TVVp,structural_other,80,100,0.521229720145317,38584.8435214905,0.901568276102962,385845.290592792,1.7880089529224
80,10,linCmt,focei,lbfgsb3c,cov_VcCL,structural_other,0.02,100,-5.03907136219648,5.57243720967109,14.3402281268047,67.2926589890562,38.1033911670668
80,10,linCmt,focei,lbfgsb3c,var_CL,structural_other,0.1,100,-5.67106782887732,-0.0566161318532261,11.0541372641385,44.2818123127929,29.3910662138364
80,10,linCmt,focei,lbfgsb3c,var_Vc,structural_other,0.1,100,-1.3614632518082,4.42721602324154,11.435450868105,36.4689219988137,35.6382114659425
80,11,linCmt,focei,lbfgsb3c,CLBW,covariate_beta,0.75,81,-0.237339270196838,1.51294360702971,15.3685722564051,25.3991553427551,33.2595571055185
80,11,linCmt,focei,lbfgsb3c,VcBW,covariate_beta,1,84,-0.33946571566037,-0.642245579740364,8.98895876552547,15.9179062251307,28.2673242453003
80,11,linCmt,focei,lbfgsb3c,TVCL,structural_intercept,0.6,100,-6.64171195042784,-5.93905080743613,7.48116810415241,9.74607085380909,14.4946085525381
80,11,linCmt,focei,lbfgsb3c,TVVc,structural_intercept,20,100,-7.67168157176649,-6.82465198593243,9.81583241886076,11.4479253121288,17.6387526697466
80,11,linCmt,focei,lbfgsb3c,ResErr,structural_other,0.1,100,-1.04709433355744,-0.549390615028055,3.13113950519282,4.80627361159191,7.998664563586
80,11,linCmt,focei,lbfgsb3c,TVKA,structural_other,0.7,100,4.75809867696496e-14,4.71051769019531e-14,4.75809867696496e-14,4.73424840809376e-14,4.75809867696496e-14
80,11,linCmt,focei,lbfgsb3c,TVQ,structural_other,1.8,100,1.72559090319126,1.82819679128066,1.74363904588168,2.44688917692156,3.96311599769625
80,11,linCmt,focei,lbfgsb3c,TVVp,structural_other,80,100,0.424665213180342,0.447259885495785,0.694877588719436,1.20135622050458,1.98344643258672
80,11,linCmt,focei,lbfgsb3c,cov_VcCL,structural_other,0.02,100,10.5170493296634,28.6353057916134,24.5540782407153,57.357810128526,108.088309497093
80,11,linCmt,focei,lbfgsb3c,var_CL,structural_other,0.1,100,-7.03367186743403,-4.2905383463016,11.8396720708322,16.6322710134875,24.7101666344145
80,11,linCmt,focei,lbfgsb3c,var_Vc,structural_other,0.1,100,-8.42161517587224,-6.99838373151392,13.523830673488,23.1854340509588,39.6557813903017
80,12,linCmt,focei,lbfgsb3c,CLBW,covariate_beta,0.75,79,-2.39177164888974,-1.89044141340735,13.4625068823535,21.5966940575058,32.657902457433
80,12,linCmt,focei,lbfgsb3c,VcBW,covariate_beta,1,78,-0.651733010665384,2.20655177201995,11.5284256167819,17.7659658343715,27.8853068364485
80,12,linCmt,focei,lbfgsb3c,VcSEX,covariate_beta,0.405465108108164,97,4.77115454137628,8.56300071822918,16.2270416292785,26.8249357557153,51.3947297493411
80,12,linCmt,focei,lbfgsb3c,TVCL,structural_intercept,0.6,100,-5.86133714685018,-4.48145449682827,7.89353424811942,9.17397875238229,14.6413315260586
80,12,linCmt,focei,lbfgsb3c,TVVc,structural_intercept,20,100,-7.85360138090845,-7.67322261530892,8.74700168138577,11.6057385935768,18.6283999427449
80,12,linCmt,focei,lbfgsb3c,ResErr,structural_other,0.1,100,0.326389758449522,0.709898380930375,3.93845943815579,5.40269838522114,8.69416508972121
80,12,linCmt,focei,lbfgsb3c,TVKA,structural_other,0.7,100,4.75809867696496e-14,4.75809867696496e-14,4.75809867696496e-14,4.75809867696496e-14,4.75809867696496e-14
80,12,linCmt,focei,lbfgsb3c,TVQ,structural_other,1.8,100,1.93637907498023,1.97226757073504,1.97495351692081,2.70610162589282,4.61828368441986
80,12,linCmt,focei,lbfgsb3c,TVVp,structural_other,80,100,0.0525218491371149,0.208904877949293,0.792143165278407,1.29441849709141,2.0584209853004
80,12,linCmt,focei,lbfgsb3c,cov_VcCL,structural_other,0.02,100,10.8298484703139,16.5747204402855,25.8855588355176,39.5210021613008,61.833016745825
80,12,linCmt,focei,lbfgsb3c,var_CL,structural_other,0.1,100,-5.02613989512535,-4.13319332360316,12.3723791091415,15.1521851339641,22.7063069454183
80,12,linCmt,focei,lbfgsb3c,var_Vc,structural_other,0.1,100,-6.29254180424758,-6.27724175346201,14.0945384237313,23.0907794640889,38.5798288381012
80,13,linCmt,focei,lbfgsb3c,CLBW,covariate_beta,0.75,78,-0.284781567148359,4.11471867380475,14.4175255884042,24.9868858876162,40.0057433416319
80,13,linCmt,focei,lbfgsb3c,CLcrCL,covariate_beta,0.5,78,-1.21290048369609,4.17398347040534,17.4953890626869,26.4217353303383,45.4746104894622
80,13,linCmt,focei,lbfgsb3c,TVCL,structural_intercept,0.6,97,-6.72057733647234,-6.50722910724015,8.64738229935907,11.0420690025958,17.0490616379216
80,13,linCmt,focei,lbfgsb3c,TVVc,structural_intercept,20,97,1.70641282119787,2.04514220489221,3.19449707110623,4.91939103508123,7.83321086220501
80,13,linCmt,focei,lbfgsb3c,ResErr,structural_other,0.1,97,-0.0560936023438069,-0.280317573045407,3.480818959645,4.76810818612859,8.09629114050941
80,13,linCmt,focei,lbfgsb3c,TVKA,structural_other,0.7,97,4.75809867696496e-14,4.75809867696496e-14,4.75809867696496e-14,4.75809867696496e-14,4.75809867696496e-14
80,13,linCmt,focei,lbfgsb3c,TVQ,structural_other,1.8,97,2.06219453610967,2.13301847374123,2.06219453610967,2.49143025873379,3.6943026996257
80,13,linCmt,focei,lbfgsb3c,TVVp,structural_other,80,97,0.558684186828451,0.618748846971051,0.867011565182701,1.34212185399759,2.21260443868397
80,13,linCmt,focei,lbfgsb3c,cov_VcCL,structural_other,0.02,97,-10.6561403259637,-8.41468856466323,20.190335799487,28.8127197087089,46.2986558383202
80,13,linCmt,focei,lbfgsb3c,var_CL,structural_other,0.1,97,-2.43264290259004,-0.787507987340266,13.7149111593798,16.7761783845788,25.7784629962475
80,13,linCmt,focei,lbfgsb3c,var_Vc,structural_other,0.1,97,-6.81345313362348,-5.28601179148354,12.5526655366898,23.0079722261986,41.7301850375475
80,14,linCmt,focei,lbfgsb3c,CLBW,covariate_beta,0.75,77,1.2283264226618,2.34955785799354,13.1958898353137,21.99366081387,38.6131763806522
80,14,linCmt,focei,lbfgsb3c,CLcrCL,covariate_beta,0.5,83,-1.76187779433495,2.84619569314273,13.8571453593133,24.4072753742465,37.169631616745
80,14,linCmt,focei,lbfgsb3c,VcSEX,covariate_beta,0.405465108108164,96,-1.55820494604124,-0.704487685661786,13.3033692842533,19.1593221447913,28.3517849593822
80,14,linCmt,focei,lbfgsb3c,TVCL,structural_intercept,0.6,99,-8.26293446238267,-7.06206502667903,8.93411071111383,10.3589703745111,16.8508891892855
80,14,linCmt,focei,lbfgsb3c,TVVc,structural_intercept,20,99,1.58281459926009,2.76561398720727,4.91425489378631,8.15170117847529,11.376460199643
80,14,linCmt,focei,lbfgsb3c,ResErr,structural_other,0.1,99,-0.707122208518041,-0.0726527392095211,3.14523010500815,5.08051714167452,8.83543198826635
80,14,linCmt,focei,lbfgsb3c,TVKA,structural_other,0.7,99,4.75809867696496e-14,4.75809867696496e-14,4.75809867696496e-14,4.75809867696496e-14,4.75809867696496e-14
80,14,linCmt,focei,lbfgsb3c,TVQ,structural_other,1.8,99,1.76173734567983,1.70247513393743,1.82317376275515,2.41098503330521,3.90876907483074
80,14,linCmt,focei,lbfgsb3c,TVVp,structural_other,80,99,0.472497550744802,0.371729437138043,0.822982676931599,1.22829889901038,1.97469655116344
80,14,linCmt,focei,lbfgsb3c,cov_VcCL,structural_other,0.02,99,0.0762319426334326,1.55221171194647,15.3074160723301,23.3234995342585,37.4812687247748
80,14,linCmt,focei,lbfgsb3c,var_CL,structural_other,0.1,99,-7.41967539506934,-5.1330485435536,11.6120666561596,16.8885944740042,26.2073567445714
80,14,linCmt,focei,lbfgsb3c,var_Vc,structural_other,0.1,99,3.42651889107654,4.60894741604558,13.114944817447,22.4129313706441,38.5184024353508
80,15,linCmt,focei,lbfgsb3c,CLBW,covariate_beta,0.75,79,1.18535771762354,7.5900820611177,15.1993652874913,29.8986570311468,50.8491013704994
80,15,linCmt,focei,lbfgsb3c,CLcrCL,covariate_beta,0.5,76,-1.23147687178015,1.26502219828624,18.1384651596542,26.3217491532429,39.0871662601911
80,15,linCmt,focei,lbfgsb3c,VcBW,covariate_beta,1,84,0.335279328355698,-0.610680195064738,11.7332288925887,16.9693072694447,26.4338053925473
80,15,linCmt,focei,lbfgsb3c,TVCL,structural_intercept,0.6,100,-7.41299809210314,-6.86034680077759,8.52256954339401,11.2976174055652,17.6777430567592
80,15,linCmt,focei,lbfgsb3c,TVVc,structural_intercept,20,100,-8.14586023142146,-6.50177831595143,9.65276714595725,12.3058226880336,19.3805061755088
80,15,linCmt,focei,lbfgsb3c,ResErr,structural_other,0.1,100,-0.164938591819611,0.512662711012073,2.69141386290632,4.93988980499417,8.5132929212254
80,15,linCmt,focei,lbfgsb3c,TVKA,structural_other,0.7,100,4.75809867696496e-14,4.75809867696496e-14,4.75809867696496e-14,4.75809867696496e-14,4.75809867696496e-14
80,15,linCmt,focei,lbfgsb3c,TVQ,structural_other,1.8,100,2.04041777031498,2.10751791819398,2.10162005229867,2.7275170891138,4.31456855811859
80,15,linCmt,focei,lbfgsb3c,TVVp,structural_other,80,100,0.610611528774943,0.509300545538748,0.875500300120864,1.25732374267714,2.11408358153475
80,15,linCmt,focei,lbfgsb3c,cov_VcCL,structural_other,0.02,100,46.8288806937636,58.0070840606677,48.7323141405276,82.1038970257948,127.543801921213
80,15,linCmt,focei,lbfgsb3c,var_CL,structural_other,0.1,100,-0.248195153075767,0.812208783454137,12.1890603168225,17.5519761949403,30.7589115324246
80,15,linCmt,focei,lbfgsb3c,var_Vc,structural_other,0.1,100,-6.75100383426309,-5.26338063946993,17.5372949220061,25.9129540560898,43.9857867327339
80,16,linCmt,focei,lbfgsb3c,CLBW,covariate_beta,0.75,69,1.723110701053,4.80381603538285,17.0948024564553,29.8107704975419,41.2453382895338
80,16,linCmt,focei,lbfgsb3c,CLcrCL,covariate_beta,0.5,81,-7.82695013942819,-1.35996012235732,17.1084626400791,25.0818250113685,42.8980014825785
80,16,linCmt,focei,lbfgsb3c,VcBW,covariate_beta,1,92,3.68414995327514,7.00625034898196,12.3506041471838,30.7966386441716,37.9728304061174
80,16,linCmt,focei,lbfgsb3c,VcSEX,covariate_beta,0.405465108108164,92,-2.25499795528279,0.0130264327422629,13.0799556486489,21.7222021679802,36.5576659414262
80,16,linCmt,focei,lbfgsb3c,TVCL,structural_intercept,0.6,100,-6.28128938685085,-5.87988427399184,8.56050644135026,10.7075238713406,17.2053316151622
80,16,linCmt,focei,lbfgsb3c,TVVc,structural_intercept,20,100,-9.74947810093213,-9.02166753825121,10.2148846976029,12.3191042083666,17.9733247500817
80,16,linCmt,focei,lbfgsb3c,ResErr,structural_other,0.1,100,-0.315583826747824,-0.339650796195604,3.33565338555247,4.94011031590984,8.27679156390222
80,16,linCmt,focei,lbfgsb3c,TVKA,structural_other,0.7,100,4.75809867696496e-14,4.75809867696496e-14,4.75809867696496e-14,4.75809867696496e-14,4.75809867696496e-14
80,16,linCmt,focei,lbfgsb3c,TVQ,structural_other,1.8,100,2.00915102983856,1.96363922722155,2.00915102983856,2.58891081358616,4.14978880077639
80,16,linCmt,focei,lbfgsb3c,TVVp,structural_other,80,100,0.517811289892798,0.457094761291414,0.923657771346695,1.42060824184811,2.52856053171385
80,16,linCmt,focei,lbfgsb3c,cov_VcCL,structural_other,0.02,100,35.5166446670088,40.0641343527974,37.828798491843,59.4786143447795,97.9889419554464
80,16,linCmt,focei,lbfgsb3c,var_CL,structural_other,0.1,100,-5.67078138574776,-3.53175985449208,11.1500245524217,16.4837211308062,24.7701574399679
80,16,linCmt,focei,lbfgsb3c,var_Vc,structural_other,0.1,100,-7.04606092341043,-6.2569193429298,14.0413621037118,21.926416652613,35.9883356420943
40,1,linCmt,focei,lbfgsb3c,TVCL,structural_intercept,0.6,100,0.995343932762747,0.82639263226496,3.84668861395454,5.40356220056307,8.82201747794199
40,1,linCmt,focei,lbfgsb3c,TVVc,structural_intercept,20,100,1.37832506154846,1.76352266965152,4.45619614512827,6.93226228406066,11.1170286266047
40,1,linCmt,focei,lbfgsb3c,ResErr,structural_other,0.1,100,0.388119052818464,1.26365203107958,4.29732397057672,6.89653161050586,11.7767832671423
40,1,linCmt,focei,lbfgsb3c,TVKA,structural_other,0.7,100,0,3.806478941571971e-15,0,1.34579353601466e-14,0
40,1,linCmt,focei,lbfgsb3c,TVQ,structural_other,1.8,100,2.24810055115573,2.29093459660062,2.26733271896757,2.97802860862995,4.64821663921363
40,1,linCmt,focei,lbfgsb3c,TVVp,structural_other,80,100,0.741466281428584,0.753271087422278,1.21171214061463,1.86483897534971,2.77707651926459
40,1,linCmt,focei,lbfgsb3c,cov_VcCL,structural_other,0.02,100,-14.539022964959,-10.5893503299805,23.3559365671871,39.9333076820125,60.9970904868357
40,1,linCmt,focei,lbfgsb3c,var_CL,structural_other,0.1,100,-7.235508198241,-4.27977872816129,15.1617513182503,24.1874788768868,39.4180281541948
40,1,linCmt,focei,lbfgsb3c,var_Vc,structural_other,0.1,100,-6.41586810569058,-9.13820393909401,16.5915178224169,30.9274396183201,58.1720081674157
40,1,ode,focei,lbfgsb3c,TVCL,structural_intercept,0.6,100,1.28598947693422,0.926936892873268,3.98712515811084,5.43530802095462,8.83285743939402
40,1,ode,focei,lbfgsb3c,TVVc,structural_intercept,20,100,1.16821033080629,1.72225254113762,4.48044065372075,7.12446560592719,10.8682908047734
40,1,ode,focei,lbfgsb3c,ResErr,structural_other,0.1,100,0.56734275801041,1.25331913945802,4.35689147471021,6.93646845272285,11.7730333200335
40,1,ode,focei,lbfgsb3c,TVKA,structural_other,0.7,100,0,4.75809867696496e-15,0,1.5046429151043e-14,4.75809867696536e-15
40,1,ode,focei,lbfgsb3c,TVQ,structural_other,1.8,100,2.3013180841314,2.29975086805921,2.39765736109777,2.99707677357311,4.71245744882662
40,1,ode,focei,lbfgsb3c,TVVp,structural_other,80,100,0.726507454173371,0.748472191964296,1.21591967291171,1.85337869688084,2.74613639125733
40,1,ode,focei,lbfgsb3c,cov_VcCL,structural_other,0.02,100,-9.25741895650305,-11.4263601219493,18.2332604187604,35.0843247900002,57.1889837699004
40,1,ode,focei,lbfgsb3c,var_CL,structural_other,0.1,100,-3.3117820106579,-3.9112073750376,14.6774522706991,23.8660673257064,38.31752782973
40,1,ode,focei,lbfgsb3c,var_Vc,structural_other,0.1,100,-3.94181528082309,-9.31460607455349,14.9862895690933,31.432834258974,61.4158479844937
40,2,linCmt,focei,lbfgsb3c,VcSEX,covariate_beta,0.405465108108164,82,11.4443127672713,12.5687233370774,15.712322408206,26.5338062241224,42.0498133544744
40,2,linCmt,focei,lbfgsb3c,TVCL,structural_intercept,0.6,100,1.51640200382061,0.910229777186368,3.46537828621378,5.10011131533485,8.07817522285009
40,2,linCmt,focei,lbfgsb3c,TVVc,structural_intercept,20,100,2.69681951180862,3.44715934082814,6.83377472234239,11.8490765354633,20.9306494291417
40,2,linCmt,focei,lbfgsb3c,ResErr,structural_other,0.1,100,-2.0291948287682,-1.76758905018054,5.02666979553981,7.05733684935436,11.8581797146294
40,2,linCmt,focei,lbfgsb3c,TVKA,structural_other,0.7,100,4.75809867696496e-14,4.04438387542021e-14,4.75809867696496e-14,4.3867502284464904e-14,4.75809867696496e-14
40,2,linCmt,focei,lbfgsb3c,TVQ,structural_other,1.8,100,1.35941292945222,1.43071010336379,1.68688159843187,2.96906588739944,4.9562537615532
40,2,linCmt,focei,lbfgsb3c,TVVp,structural_other,80,100,0.0402856674364749,0.0804229128727531,0.959984809225958,1.6342071924515,2.72096552278664
40,2,linCmt,focei,lbfgsb3c,cov_VcCL,structural_other,0.02,100,-20.2225469958214,-18.9419566050753,32.3886619647247,51.0376104949858,74.4819998262588
40,2,linCmt,focei,lbfgsb3c,var_CL,structural_other,0.1,100,-7.40991149062051,-5.75012456830128,17.0921833517206,23.5340473289479,34.8779265906308
40,2,linCmt,focei,lbfgsb3c,var_Vc,structural_other,0.1,100,-10.7784663734473,-6.59360919709129,28.9570870509668,37.8963809216954,55.7307759533674
40,2,ode,focei,lbfgsb3c,VcSEX,covariate_beta,0.405465108108164,82,13.3393706670209,12.2610746436944,15.9551639682798,26.3880280803643,41.6093697126769
40,2,ode,focei,lbfgsb3c,TVCL,structural_intercept,0.6,100,1.58663683333706,1.04836959049347,3.61059006664931,5.30287851789959,8.51016010992321
40,2,ode,focei,lbfgsb3c,TVVc,structural_intercept,20,100,2.61097019437381,3.49385399554419,7.03288592269065,12.3324619854768,22.5562878320702
40,2,ode,focei,lbfgsb3c,ResErr,structural_other,0.1,100,-1.81473713215833,-1.86085567962906,5.07659571590692,7.04074830775575,11.5559258647415
40,2,ode,focei,lbfgsb3c,TVKA,structural_other,0.7,100,4.75809867696496e-14,3.9968028886505604e-14,4.75809867696496e-14,4.36086947025223e-14,4.75809867696496e-14
40,2,ode,focei,lbfgsb3c,TVQ,structural_other,1.8,100,1.2795467772436,1.44429542023327,1.69983619541915,2.97116188979781,5.00926608087909
40,2,ode,focei,lbfgsb3c,TVVp,structural_other,80,100,0.0327633916588166,0.0822466689716349,0.970174362876364,1.63749794455047,2.78762117423568
40,2,ode,focei,lbfgsb3c,cov_VcCL,structural_other,0.02,100,-22.5670069128518,-20.7096701829813,34.2334134303657,50.9648489292313,72.3360383697881
40,2,ode,focei,lbfgsb3c,var_CL,structural_other,0.1,100,-7.63270313156418,-6.09225291692436,17.8915977897926,23.5662852702177,34.915541354563
40,2,ode,focei,lbfgsb3c,var_Vc,structural_other,0.1,100,-8.06374319717631,-6.051472947394,30.4838787664442,39.2198204356953,55.3618630357028
40,3,linCmt,focei,lbfgsb3c,VcBW,covariate_beta,1,67,4.30396829879265,9.62481908811458,15.39420232995,29.3274486623719,39.980576052452
40,3,linCmt,focei,lbfgsb3c,TVCL,structural_intercept,0.6,100,-0.48216740444935,0.0463699560741623,3.09435385175123,5.96849569603301,10.3855901718309
40,3,linCmt,focei,lbfgsb3c,TVVc,structural_intercept,20,100,2.33758422089418,1.77121794398867,6.3072574060235,9.8986418317375,15.452639366313
40,3,linCmt,focei,lbfgsb3c,ResErr,structural_other,0.1,100,-0.968965815380238,-0.170778254550221,4.75100775921956,6.96924408567207,12.6959813319047
40,3,linCmt,focei,lbfgsb3c,TVKA,structural_other,0.7,100,4.75809867696496e-14,4.52019374311671e-14,4.75809867696496e-14,4.63762092766851e-14,4.75809867696496e-14
40,3,linCmt,focei,lbfgsb3c,TVQ,structural_other,1.8,100,1.36713500554894,1.74522639785214,1.48298709722667,3.03625087726474,4.97147087094929
40,3,linCmt,focei,lbfgsb3c,TVVp,structural_other,80,100,0.367437532008994,0.406190239582774,1.07539675803428,1.85711449061764,3.31898262108787
40,3,linCmt,focei,lbfgsb3c,cov_VcCL,structural_other,0.02,100,-15.9155969049984,-15.8560958048311,30.2440394989885,51.9182486332493,76.8785080596688
40,3,linCmt,focei,lbfgsb3c,var_CL,structural_other,0.1,100,-5.95062003199273,-4.5500815971553,15.1859751622984,22.1830948647719,36.6485675655998
40,3,linCmt,focei,lbfgsb3c,var_Vc,structural_other,0.1,100,-11.0416794244258,-11.2052067416058,21.1501885044211,33.859151186977,56.5327755766931
40,3,ode,focei,lbfgsb3c,VcBW,covariate_beta,1,74,7.05376451180804,9.04734117115127,15.6180127281096,27.6009566045697,40.6766083788329
40,3,ode,focei,lbfgsb3c,TVCL,structural_intercept,0.6,100,-0.379220864982238,0.098091958305997,3.1463508450241102,5.97200066643212,10.3786663324958
40,3,ode,focei,lbfgsb3c,TVVc,structural_intercept,20,100,1.77657273505996,1.83239709102515,6.00890033816467,9.40573187258049,14.092179029179
40,3,ode,focei,lbfgsb3c,ResErr,structural_other,0.1,100,-0.995539458799939,-0.374797625214211,4.84240398719301,6.91575000858644,12.0824987501834
40,3,ode,focei,lbfgsb3c,TVKA,structural_other,0.7,100,4.75809867696496e-14,4.5677747298863604e-14,4.75809867696496e-14,4.6619655617503504e-14,4.75809867696496e-14
40,3,ode,focei,lbfgsb3c,TVQ,structural_other,1.8,100,1.38738454876593,1.71107444016566,1.4931963943591,3.03964717891703,5.01645388528128
40,3,ode,focei,lbfgsb3c,TVVp,structural_other,80,100,0.315531744498925,0.385138733764797,1.15796927995488,1.87041788868578,3.28204388007847
40,3,ode,focei,lbfgsb3c,cov_VcCL,structural_other,0.02,100,-20.6717490972236,-19.4901739542039,24.8009507277231,48.820832919952,68.4720287289824
40,3,ode,focei,lbfgsb3c,var_CL,structural_other,0.1,100,-6.45851996109916,-4.81847238574434,15.111846627127001,22.0656649785715,37.2022154560923
40,3,ode,focei,lbfgsb3c,var_Vc,structural_other,0.1,100,-10.1622672536882,-10.278801215804,21.1896745838178,32.8521968852789,56.8184439488136
40,4,linCmt,focei,lbfgsb3c,VcBW,covariate_beta,1,73,5.72159927241669,21.4380504656233,20.5727807732072,54.603178446973,62.437918016403
40,4,linCmt,focei,lbfgsb3c,VcSEX,covariate_beta,0.405465108108164,70,18.8222088490515,18.9030111695703,23.0288675514291,34.4358192762991,57.1355558099714
40,4,linCmt,focei,lbfgsb3c,TVCL,structural_intercept,0.6,99,0.758764999620742,1.38873317458447,3.09775824274211,5.36371017525507,8.26373384581558
40,4,linCmt,focei,lbfgsb3c,TVVc,structural_intercept,20,99,4.18771826969724,5.03898918551533,10.0436959546428,14.2521696786155,21.8410915178786
40,4,linCmt,focei,lbfgsb3c,ResErr,structural_other,0.1,99,-1.50326392168536,-1.60059782014286,4.41641078887059,6.80231458944924,11.2697879685042
40,4,linCmt,focei,lbfgsb3c,TVKA,structural_other,0.7,99,4.75809867696496e-14,4.6139138685720804e-14,4.75809867696496e-14,4.6854516829952605e-14,4.75809867696496e-14
40,4,linCmt,focei,lbfgsb3c,TVQ,structural_other,1.8,99,1.56389724093422,1.46480104469765,1.8222639232577,2.78567585710215,4.53260666161023
40,4,linCmt,focei,lbfgsb3c,TVVp,structural_other,80,99,-0.0909148704042728,0.25789284792027,1.25637252649637,1.85426330595152,3.06143518960117
40,4,linCmt,focei,lbfgsb3c,cov_VcCL,structural_other,0.02,99,-26.8605283044494,-20.3122325895029,36.9294163716481,59.9919360313142,99.8461711508247
40,4,linCmt,focei,lbfgsb3c,var_CL,structural_other,0.1,99,-8.87933562040755,-4.81872497819402,19.2950751385795,23.759422905987,36.4669684003689
40,4,linCmt,focei,lbfgsb3c,var_Vc,structural_other,0.1,99,-7.98817068916927,-1.66937735822985,27.5619841424307,45.9780754390585,60.4854213754535
40,4,ode,focei,lbfgsb3c,VcBW,covariate_beta,1,70,5.67537025344093,19.8288989504053,17.5089337273678,50.0164331295381,64.9275092252819
40,4,ode,focei,lbfgsb3c,VcSEX,covariate_beta,0.405465108108164,72,21.8377156082336,20.9517216351534,24.6446524583927,35.3283022595655,58.0842719864354
40,4,ode,focei,lbfgsb3c,TVCL,structural_intercept,0.6,100,0.694401346082489,1.31571039263227,3.12842669693449,5.09748342111249,8.40243513672328
40,4,ode,focei,lbfgsb3c,TVVc,structural_intercept,20,100,3.89366880682948,4.21790998492953,9.60705320861306,12.7231012492873,19.3707200224005
40,4,ode,focei,lbfgsb3c,ResErr,structural_other,0.1,100,-1.46233333687194,-1.58163890081972,4.34010536971612,6.80973367540946,11.4004827509593
40,4,ode,focei,lbfgsb3c,TVKA,structural_other,0.7,100,4.75809867696496e-14,4.75809867696496e-14,4.75809867696496e-14,4.75809867696496e-14,4.75809867696496e-14
40,4,ode,focei,lbfgsb3c,TVQ,structural_other,1.8,100,1.56020575960218,1.54072085930942,1.93644760695881,2.8254843925596,4.7410279873594
40,4,ode,focei,lbfgsb3c,TVVp,structural_other,80,100,-0.0340494784588241,0.281763285357754,1.28929571402647,1.86112556861506,3.15054990025274
40,4,ode,focei,lbfgsb3c,cov_VcCL,structural_other,0.02,100,-26.432119219795,-20.5403448453935,34.6480216412485,56.4687963651433,94.9253649356294
40,4,ode,focei,lbfgsb3c,var_CL,structural_other,0.1,100,-9.26008607463528,-5.21186936828909,19.3239357971751,23.5880020278591,37.3073965627937
40,4,ode,focei,lbfgsb3c,var_Vc,structural_other,0.1,100,-7.54220833086326,-5.01736515036996,27.5372779244132,37.4530993655853,58.4682983334299
40,5,linCmt,focei,lbfgsb3c,CLcrCL,covariate_beta,0.5,72,-2.54480174355202,1.30675354232663,13.5690642649359,17.7521646660672,29.5557775976222
40,5,linCmt,focei,lbfgsb3c,TVCL,structural_intercept,0.6,100,0.94389635921995,0.504459933615834,3.2191040747204,5.18895610861447,8.77526157786722
40,5,linCmt,focei,lbfgsb3c,TVVc,structural_intercept,20,100,2.33224262592984,2.1726104620187,4.01694426331986,6.49710400654695,10.4605107667639
40,5,linCmt,focei,lbfgsb3c,ResErr,structural_other,0.1,100,0.345826570130367,0.0936568322349883,4.26156354615677,6.42635508313476,11.0164881037105
40,5,linCmt,focei,lbfgsb3c,TVKA,structural_other,0.7,100,4.75809867696496e-14,4.2822888092684604e-14,4.75809867696496e-14,4.5139287453129e-14,4.75809867696496e-14
40,5,linCmt,focei,lbfgsb3c,TVQ,structural_other,1.8,100,1.66733026789446,1.77305855926498,1.76040663185868,2.6213868407212,4.61224105556543
40,5,linCmt,focei,lbfgsb3c,TVVp,structural_other,80,100,0.44025311281688,0.32017602045654,0.934441132383022,1.42762432068763,2.32862565638741
40,5,linCmt,focei,lbfgsb3c,cov_VcCL,structural_other,0.02,100,-10.6313095956376,-11.410199858256,30.2940335452049,52.3345393783586,76.39525691371
40,5,linCmt,focei,lbfgsb3c,var_CL,structural_other,0.1,100,-10.251599389878,-7.16197266897162,18.9145702407424,25.8636736166803,42.2856196095154
40,5,linCmt,focei,lbfgsb3c,var_Vc,structural_other,0.1,100,-7.16085774142864,-6.95969548642747,22.0069780709912,37.727305066223,66.0419888272966
40,5,ode,focei,lbfgsb3c,CLcrCL,covariate_beta,0.5,77,-2.88841163214522,0.794603525802861,14.1149339005991,18.3705953172921,31.1081693336195
40,5,ode,focei,lbfgsb3c,TVCL,structural_intercept,0.6,100,0.832681315915185,0.63259515679938,3.02029181539878,5.13258471781537,8.17392491787318
40,5,ode,focei,lbfgsb3c,TVVc,structural_intercept,20,100,2.26183807926632,2.35305214580189,4.17260205534709,6.78248602501287,10.597934019624
40,5,ode,focei,lbfgsb3c,ResErr,structural_other,0.1,100,-0.196494951813626,0.0399987468705125,4.51963182946281,6.53790413936161,11.3284829328922
40,5,ode,focei,lbfgsb3c,TVKA,structural_other,0.7,100,4.75809867696496e-14,4.32986979603811e-14,4.75809867696496e-14,4.53893685216698e-14,4.75809867696496e-14
40,5,ode,focei,lbfgsb3c,TVQ,structural_other,1.8,100,1.6333486910813,1.75189336181995,1.70897246947711,2.5985033305924,4.60019081972329
40,5,ode,focei,lbfgsb3c,TVVp,structural_other,80,100,0.397179479458014,0.297790499762079,0.947871355284296,1.43220709720627,2.32117255088703
40,5,ode,focei,lbfgsb3c,cov_VcCL,structural_other,0.02,100,-11.1549207177341,-11.7717207535344,22.8362915208153,43.5246872513945,72.7154686121941
40,5,ode,focei,lbfgsb3c,var_CL,structural_other,0.1,100,-8.10474380295973,-7.14528146083192,19.3306300366755,25.7205588942655,42.3465859097405
40,5,ode,focei,lbfgsb3c,var_Vc,structural_other,0.1,100,-5.93925037279986,-6.11327984449662,21.2036162811573,37.0353341863464,65.462977831233
40,6,linCmt,focei,lbfgsb3c,CLcrCL,covariate_beta,0.5,78,3.02320875391597,6.69836602311025,13.1734306680457,21.6908725483691,36.2046915392835
40,6,linCmt,focei,lbfgsb3c,VcSEX,covariate_beta,0.405465108108164,76,10.2252946043019,13.5422178547949,15.5055842829754,28.6134314564711,45.9992942095708
40,6,linCmt,focei,lbfgsb3c,TVCL,structural_intercept,0.6,100,0.150849111562749,0.398176142934905,4.14034730266928,6.38272150891698,9.7850654656639
40,6,linCmt,focei,lbfgsb3c,TVVc,structural_intercept,20,100,1.67833559914951,4.09156329259665,7.69710775565806,14.3233917900042,24.1626968419276
40,6,linCmt,focei,lbfgsb3c,ResErr,structural_other,0.1,100,-0.407207069055962,-0.115385068789057,4.36864660916085,6.16330174524276,9.59811602783157
40,6,linCmt,focei,lbfgsb3c,TVKA,structural_other,0.7,100,4.75809867696496e-14,4.66293670342566e-14,4.75809867696496e-14,4.7102773760513304e-14,4.75809867696496e-14
40,6,linCmt,focei,lbfgsb3c,TVQ,structural_other,1.8,100,1.29966339140636,1.45156948930729,1.72827341999494,2.84345476086411,4.59907597450478
40,6,linCmt,focei,lbfgsb3c,TVVp,structural_other,80,100,0.603649311210512,0.510779482459344,1.228700001953,1.81831133630934,2.88315893675369
40,6,linCmt,focei,lbfgsb3c,cov_VcCL,structural_other,0.02,100,-15.2970007902532,-9.38611306352617,27.4466464255494,50.1957804213026,68.3855537603316
40,6,linCmt,focei,lbfgsb3c,var_CL,structural_other,0.1,100,-12.880868663255301,-11.6520364238719,15.9067560182068,23.449851850941702,36.2352406247882
40,6,linCmt,focei,lbfgsb3c,var_Vc,structural_other,0.1,100,-5.56339277077796,-2.7610397810561,16.6510875616206,30.049083890804,53.6477191538449
40,6,ode,focei,lbfgsb3c,CLcrCL,covariate_beta,0.5,77,2.53611371284455,6.43517423894391,13.3476990793333,22.1787311609965,34.3663049801002
40,6,ode,focei,lbfgsb3c,VcSEX,covariate_beta,0.405465108108164,76,10.3670891083877,13.9079482460168,16.8957458406799,29.1329831816272,48.5865871443676
40,6,ode,focei,lbfgsb3c,TVCL,structural_intercept,0.6,99,0.468934723435788,0.56271505745115,4.21966862426833,6.48553329001456,10.6296918402208
40,6,ode,focei,lbfgsb3c,TVVc,structural_intercept,20,99,1.6646582440022,4.06254842907143,7.44190722985451,14.2189223512732,23.4588453720847
40,6,ode,focei,lbfgsb3c,ResErr,structural_other,0.1,99,-0.124737809730532,-0.225592912522706,4.16819559489348,6.22840253767538,10.3993164207159
40,6,ode,focei,lbfgsb3c,TVKA,structural_other,0.7,99,4.75809867696496e-14,4.6619754713697e-14,4.75809867696496e-14,4.70979185552475e-14,4.75809867696496e-14
40,6,ode,focei,lbfgsb3c,TVQ,structural_other,1.8,99,1.32613794480305,1.46689550186329,1.74729704375118,2.86412594923796,4.49877534734085
40,6,ode,focei,lbfgsb3c,TVVp,structural_other,80,99,0.593399567374071,0.52825587442053,1.28191576976951,1.81789448290894,2.93271823517432
40,6,ode,focei,lbfgsb3c,cov_VcCL,structural_other,0.02,99,-15.461648376053,-10.6588796536317,26.2130571885375,53.2639489452675,66.7020260820676
40,6,ode,focei,lbfgsb3c,var_CL,structural_other,0.1,99,-13.3781054954067,-12.1222748201848,16.6408752539452,23.9786843723492,37.0728521027248
40,6,ode,focei,lbfgsb3c,var_Vc,structural_other,0.1,99,-4.5529559586663,-2.15239923053224,15.7346782162485,29.9320673702501,53.5086808496579
40,7,linCmt,focei,lbfgsb3c,CLcrCL,covariate_beta,0.5,67,-0.907872980051949,2.04913399140048,12.3371526890415,17.5981582772195,28.7262728437446
40,7,linCmt,focei,lbfgsb3c,VcBW,covariate_beta,1,68,3.06217617045925,5.29091864155737,12.3549343555461,23.4419352229646,36.1587981819995
40,7,linCmt,focei,lbfgsb3c,TVCL,structural_intercept,0.6,100,-0.453294385369886,-0.495961766138124,4.63924579488733,6.38631882359361,10.2193366683257
40,7,linCmt,focei,lbfgsb3c,TVVc,structural_intercept,20,100,1.67275787595897,4.1225287327227,5.76847460053493,12.0943289860748,21.3287991929727
40,7,linCmt,focei,lbfgsb3c,ResErr,structural_other,0.1,100,-1.85315102815276,-2.00114518490667,5.13443206203371,7.27673298021951,11.9190088934811
40,7,linCmt,focei,lbfgsb3c,TVKA,structural_other,0.7,100,4.75809867696496e-14,4.71051769019531e-14,4.75809867696496e-14,4.73424840809376e-14,4.75809867696496e-14
40,7,linCmt,focei,lbfgsb3c,TVQ,structural_other,1.8,100,1.26823746670851,1.51420562577299,1.71993417222535,2.83422923246296,4.77278583627088
40,7,linCmt,focei,lbfgsb3c,TVVp,structural_other,80,100,-0.162390987343572,0.0932985259884866,1.28562935554476,1.74790989497451,2.85142995737506
40,7,linCmt,focei,lbfgsb3c,cov_VcCL,structural_other,0.02,100,-4.80521149209982,-2.23791186493029,32.5211696310004,54.9778480692838,91.1388192852462
40,7,linCmt,focei,lbfgsb3c,var_CL,structural_other,0.1,100,-11.2938122635505,-7.92214135183994,16.5040085106166,23.5195390152369,39.2193240785301
40,7,linCmt,focei,lbfgsb3c,var_Vc,structural_other,0.1,100,-5.0053893153186,-4.94962249028147,19.3302643812455,31.6295990332501,50.5056220376737
40,7,ode,focei,lbfgsb3c,CLcrCL,covariate_beta,0.5,70,-0.710952319239899,3.99642409769214,13.3641299603935,18.0627841946721,29.134637864535
40,7,ode,focei,lbfgsb3c,VcBW,covariate_beta,1,70,3.19689665759677,5.74606323443734,14.1390276433616,23.4895087386954,35.885571910499
40,7,ode,focei,lbfgsb3c,TVCL,structural_intercept,0.6,100,-0.495318755746275,-0.614767132454929,4.18388884055332,6.2767099576236,10.0189420501964
40,7,ode,focei,lbfgsb3c,TVVc,structural_intercept,20,100,1.67306638244269,3.86317385479966,5.89981730537414,11.7587751273307,20.5205127444665
40,7,ode,focei,lbfgsb3c,ResErr,structural_other,0.1,100,-1.88212809429235,-2.05089177076196,5.30533783873172,7.29753490176175,11.8369376478153
40,7,ode,focei,lbfgsb3c,TVKA,structural_other,0.7,100,4.75809867696496e-14,4.66293670342566e-14,4.75809867696496e-14,4.7102773760513304e-14,4.75809867696496e-14
40,7,ode,focei,lbfgsb3c,TVQ,structural_other,1.8,100,1.22507785664822,1.50105649215307,1.69499454713497,2.81100017515238,4.6961872516274
40,7,ode,focei,lbfgsb3c,TVVp,structural_other,80,100,-0.131896269482334,0.069524214197217,1.1224675267256,1.73334746193026,2.82417286731491
40,7,ode,focei,lbfgsb3c,cov_VcCL,structural_other,0.02,100,-8.17162955587233,-2.76013077270292,31.761416407861,51.3727112289641,81.1334943377082
40,7,ode,focei,lbfgsb3c,var_CL,structural_other,0.1,100,-11.120292304975,-7.85251228615654,16.8295775719378,23.1902915353322,41.142202107674
40,7,ode,focei,lbfgsb3c,var_Vc,structural_other,0.1,100,-1.75106871824283,-2.91678455228738,19.1878473851662,32.7607799353016,51.7699140453578
40,8,linCmt,focei,lbfgsb3c,CLcrCL,covariate_beta,0.5,65,5.92475501875245,6.75585729717754,15.3502935350926,24.9051906560158,33.1031169117018
40,8,linCmt,focei,lbfgsb3c,VcBW,covariate_beta,1,74,11.5846339476482,19.8423043802582,19.279067263939,52.16164312535,51.4907864020789
40,8,linCmt,focei,lbfgsb3c,VcSEX,covariate_beta,0.405465108108164,79,14.0568032751209,18.6085596623867,19.8149084127515,35.4075945483967,61.2976314738065
40,8,linCmt,focei,lbfgsb3c,TVCL,structural_intercept,0.6,98,0.276289138974252,-0.167200116036009,3.78722389032371,6.03171267291257,10.1891399502731
40,8,linCmt,focei,lbfgsb3c,TVVc,structural_intercept,20,98,1.07841608820418,2.45645470597576,6.23000407684596,11.013295269706,18.5427763362825
40,8,linCmt,focei,lbfgsb3c,ResErr,structural_other,0.1,98,-0.472825705877956,-1.37743800827553,4.52423468699799,6.26500935998918,9.68635047684629
40,8,linCmt,focei,lbfgsb3c,TVKA,structural_other,0.7,98,4.75809867696496e-14,4.75809867696496e-14,4.75809867696496e-14,4.75809867696496e-14,4.75809867696496e-14
40,8,linCmt,focei,lbfgsb3c,TVQ,structural_other,1.8,98,0.978974880766407,1.30671703033281,1.83698173460033,3.08936541345277,5.21073964366075
40,8,linCmt,focei,lbfgsb3c,TVVp,structural_other,80,98,0.0971629764488746,0.153004174758507,1.16858189320309,1.54513532550599,2.37663422641429
40,8,linCmt,focei,lbfgsb3c,cov_VcCL,structural_other,0.02,98,-22.309420048317,-11.4380271243548,29.1895545318289,51.6315536328917,65.6170229614606
40,8,linCmt,focei,lbfgsb3c,var_CL,structural_other,0.1,98,-3.68123985708775,-3.5671138424914,14.2449499752902,22.9770104268685,38.4033776956081
40,8,linCmt,focei,lbfgsb3c,var_Vc,structural_other,0.1,98,-12.1021418947028,-9.57484732678668,18.6134552534533,28.8064688665521,48.6702166730973
40,8,ode,focei,lbfgsb3c,CLcrCL,covariate_beta,0.5,69,3.69306366034798,6.62024690726211,13.7164535538792,26.5804114194016,33.5767400370294
40,8,ode,focei,lbfgsb3c,VcBW,covariate_beta,1,77,15.4183585953045,26.4659796881962,19.8689367158039,56.2141418331067,114.963059526645
40,8,ode,focei,lbfgsb3c,VcSEX,covariate_beta,0.405465108108164,78,14.2464432346949,18.2323037976578,19.0674738841054,35.5942279673683,61.1928319267489
40,8,ode,focei,lbfgsb3c,TVCL,structural_intercept,0.6,99,0.6330094692971,0.0158104972959139,3.78353963665601,6.04817296597175,10.0252976309579
40,8,ode,focei,lbfgsb3c,TVVc,structural_intercept,20,99,0.741365701491414,2.19999856971327,6.17873974966843,10.4488915821276,18.2256785769925
40,8,ode,focei,lbfgsb3c,ResErr,structural_other,0.1,99,-0.482372944330511,-1.15827899653984,4.52542403482099,6.38746808968544,9.82491918222867
40,8,ode,focei,lbfgsb3c,TVKA,structural_other,0.7,99,4.75809867696496e-14,4.75809867696496e-14,4.75809867696496e-14,4.75809867696496e-14,4.75809867696496e-14
40,8,ode,focei,lbfgsb3c,TVQ,structural_other,1.8,99,1.08066147845045,1.28938032869488,1.85730720131939,3.05238953786767,5.21312336506638
40,8,ode,focei,lbfgsb3c,TVVp,structural_other,80,99,-0.0134878158066165,0.120103028054366,1.10786538541534,1.53855444243482,2.39268692546992
40,8,ode,focei,lbfgsb3c,cov_VcCL,structural_other,0.02,99,-18.3631837528895,-9.33367962483896,26.5185979117722,46.6964065866115,61.0615827701808
40,8,ode,focei,lbfgsb3c,var_CL,structural_other,0.1,99,-4.80563978856945,-3.9102597491168,15.9854366854539,23.1890183816163,37.0010531361113
40,8,ode,focei,lbfgsb3c,var_Vc,structural_other,0.1,99,-11.2166043734056,-9.41123804091943,18.1923098693455,29.2176765738785,48.8870666091939
40,9,linCmt,focei,lbfgsb3c,CLBW,covariate_beta,0.75,60,12.2668241685254,14.3628798480811,16.7950087846434,27.3650004635053,48.7405729430823
40,9,linCmt,focei,lbfgsb3c,TVCL,structural_intercept,0.6,99,2.9815389402467,3.41667660170123,6.46387709399401,9.25941246218492,16.6036892478582
40,9,linCmt,focei,lbfgsb3c,TVVc,structural_intercept,20,99,1.80861072630753,1.55097410651153,4.94452172629943,7.27608312465575,11.8774815490571
40,9,linCmt,focei,lbfgsb3c,ResErr,structural_other,0.1,99,-0.0768310136812361,-0.567808078576196,5.102821913335,6.50326229393596,10.0224043314863
40,9,linCmt,focei,lbfgsb3c,TVKA,structural_other,0.7,99,4.75809867696496e-14,4.18135944339345e-14,4.75809867696496e-14,4.46041711452251e-14,4.75809867696496e-14
40,9,linCmt,focei,lbfgsb3c,TVQ,structural_other,1.8,99,1.8502030701692,2.10561946044359,2.03198024460465,3.03239972457426,4.87805952052497
40,9,linCmt,focei,lbfgsb3c,TVVp,structural_other,80,99,0.340939522640582,0.433342168496127,0.974350122460628,1.49083212750645,2.32715902244611
40,9,linCmt,focei,lbfgsb3c,cov_VcCL,structural_other,0.02,99,-14.6326289109506,-19.1669615270109,18.6223388786599,39.3815002388318,61.8288265364934
40,9,linCmt,focei,lbfgsb3c,var_CL,structural_other,0.1,99,-4.03816034940938,-5.65576390292723,16.380405156586,24.9648143506444,39.45320637724
40,9,linCmt,focei,lbfgsb3c,var_Vc,structural_other,0.1,99,-5.10651396342009,-8.30276124922442,15.2178301112625,30.3572345249729,49.4634512471386
40,9,ode,focei,lbfgsb3c,CLBW,covariate_beta,0.75,57,13.4418370516751,16.9666094024111,16.6291359743506,26.9081042685083,47.80916170501
40,9,ode,focei,lbfgsb3c,TVCL,structural_intercept,0.6,100,3.34446168417489,4.03358626442753,6.36464399407077,9.89063148927397,17.9933030711579
40,9,ode,focei,lbfgsb3c,TVVc,structural_intercept,20,100,1.91832898873138,1.77900125611141,4.91543580473394,7.19185579954134,11.1905677550054
40,9,ode,focei,lbfgsb3c,ResErr,structural_other,0.1,100,-0.0572493171049834,-0.739320201852048,5.31921718146487,6.54983326347435,10.0760871373522
40,9,ode,focei,lbfgsb3c,TVKA,structural_other,0.7,100,4.75809867696496e-14,4.09196486218986e-14,4.75809867696496e-14,4.4124791894095904e-14,4.75809867696496e-14
40,9,ode,focei,lbfgsb3c,TVQ,structural_other,1.8,100,1.88153093317349,2.07140925529564,2.08690099749502,3.00946688997866,4.79264900896345
40,9,ode,focei,lbfgsb3c,TVVp,structural_other,80,100,0.285288109492665,0.381583389977739,1.01627802585694,1.52874648975274,2.6197590662386
40,9,ode,focei,lbfgsb3c,cov_VcCL,structural_other,0.02,100,-10.0514887332851,-15.3344347099475,16.8864386600223,36.1925925893825,61.6847800931709
40,9,ode,focei,lbfgsb3c,var_CL,structural_other,0.1,100,-3.94942129661355,-4.32627314673163,18.7426971130499,26.5334574581835,44.6283831272526
40,9,ode,focei,lbfgsb3c,var_Vc,structural_other,0.1,100,-3.29749908080035,-8.29811265801728,13.7472354952121,29.927257001554,49.8851878425753
40,10,linCmt,focei,lbfgsb3c,CLBW,covariate_beta,0.75,56,9.52721592985023,12.459068132242,14.5934411253606,32.0637220380447,31.7041661113333
40,10,linCmt,focei,lbfgsb3c,VcSEX,covariate_beta,0.405465108108164,70,4.22910957285302,8.68926787293194,12.427790962935,26.5617224681498,46.9957340928867
40,10,linCmt,focei,lbfgsb3c,TVCL,structural_intercept,0.6,100,-3.20801298820416,-1.80952633838339,9.55948194812216,11.6778539167102,17.4465217726966
40,10,linCmt,focei,lbfgsb3c,TVVc,structural_intercept,20,100,4.75329187350063,5.63143005009248,8.139923066171,13.5583691508984,23.5536281324955
40,10,linCmt,focei,lbfgsb3c,ResErr,structural_other,0.1,100,-2.35310024445563,-2.34167755334122,5.09814910869664,6.88103836560967,12.176752281909
40,10,linCmt,focei,lbfgsb3c,TVKA,structural_other,0.7,100,4.75809867696496e-14,4.5677747298863604e-14,4.75809867696496e-14,4.6619655617503504e-14,4.75809867696496e-14
40,10,linCmt,focei,lbfgsb3c,TVQ,structural_other,1.8,100,1.24236345028266,1.41831183299015,1.97974461078425,2.87870228399957,4.73798387898435
40,10,linCmt,focei,lbfgsb3c,TVVp,structural_other,80,100,0.0726392021117572,0.0592457387774848,1.11501836700633,1.46964338659331,2.36907047662712
40,10,linCmt,focei,lbfgsb3c,cov_VcCL,structural_other,0.02,100,-4.53407168085057,3.55346040089299,27.3485683288818,56.0239028893375,72.2218753616988
40,10,linCmt,focei,lbfgsb3c,var_CL,structural_other,0.1,100,-7.45761678833855,-5.91128747507934,14.1879702677688,20.3740957596027,32.5573301280697
40,10,linCmt,focei,lbfgsb3c,var_Vc,structural_other,0.1,100,-3.70307023012157,0.0043175597566426,18.5450958604657,30.1278235285016,46.6496450801843
40,10,ode,focei,lbfgsb3c,CLBW,covariate_beta,0.75,54,5.34281570325696,8.28689863631758,13.5494825737014,21.4553202256318,36.5787627184305
40,10,ode,focei,lbfgsb3c,VcSEX,covariate_beta,0.405465108108164,67,5.77663243166342,10.3149736266126,12.2121677261309,27.2178108600711,48.5123595142952
40,10,ode,focei,lbfgsb3c,TVCL,structural_intercept,0.6,100,-2.60168541804795,-1.45101192340361,8.64049819363443,11.1952188977221,17.3457160401403
40,10,ode,focei,lbfgsb3c,TVVc,structural_intercept,20,100,4.88804356594845,5.64652250697004,9.42152028595078,13.9986227537344,23.8340536758894
40,10,ode,focei,lbfgsb3c,ResErr,structural_other,0.1,100,-2.22905778026656,-2.34888466430999,4.61237126146688,6.87819259957727,12.2322836549937
40,10,ode,focei,lbfgsb3c,TVKA,structural_other,0.7,100,4.75809867696496e-14,4.5677747298863604e-14,4.75809867696496e-14,4.6619655617503504e-14,4.75809867696496e-14
40,10,ode,focei,lbfgsb3c,TVQ,structural_other,1.8,100,1.23039618490807,1.40771137640369,1.91640738533084,2.85991412915546,4.68776647534097
40,10,ode,focei,lbfgsb3c,TVVp,structural_other,80,100,0.0351759661828144,0.0477498850843077,1.12910096723966,1.46498361704917,2.36559149189599
40,10,ode,focei,lbfgsb3c,cov_VcCL,structural_other,0.02,100,-2.81228642118407,4.41759872479647,23.2640818530807,55.7698421130706,72.5109638060261
40,10,ode,focei,lbfgsb3c,var_CL,structural_other,0.1,100,-7.29044603624358,-5.52168941945767,14.0156674472846,20.3857919446096,33.2621011225852
40,10,ode,focei,lbfgsb3c,var_Vc,structural_other,0.1,100,0.308243528790518,1.30911727159712,17.908165820919,30.7362302625581,47.2874052177439
40,11,linCmt,focei,lbfgsb3c,CLBW,covariate_beta,0.75,64,15.5154062776478,12.5439203990592,18.791643374783,53.622403866223,55.812780538008
40,11,linCmt,focei,lbfgsb3c,VcBW,covariate_beta,1,67,-2.45562870799143,1.36749717596862,12.4287293659911,23.2764199842742,28.753532178817
40,11,linCmt,focei,lbfgsb3c,TVCL,structural_intercept,0.6,100,-3.2764071003089,-3.7198351127945,9.33677449904706,12.9716327132277,20.2663433245411
40,11,linCmt,focei,lbfgsb3c,TVVc,structural_intercept,20,100,-5.05336770849824,-2.84762094115298,11.9073643041359,13.6062477094473,21.0467620163303
40,11,linCmt,focei,lbfgsb3c,ResErr,structural_other,0.1,100,-0.742646602653795,-0.411723106883792,4.52590441482784,6.58121843672885,11.3716191008474
40,11,linCmt,focei,lbfgsb3c,TVKA,structural_other,0.7,100,4.75809867696496e-14,4.52019374311671e-14,4.75809867696496e-14,4.63762092766851e-14,4.75809867696496e-14
40,11,linCmt,focei,lbfgsb3c,TVQ,structural_other,1.8,100,1.49375330615498,1.93244025580675,1.86238666816415,3.00549790724386,5.30602637468977
40,11,linCmt,focei,lbfgsb3c,TVVp,structural_other,80,100,0.566867038783183,0.741346323043858,1.12147002223424,1.76184832745198,2.72227016018658
40,11,linCmt,focei,lbfgsb3c,cov_VcCL,structural_other,0.02,100,8.93629141153208,15.3650725406763,34.4882394749395,58.7333779353357,95.7931636249723
40,11,linCmt,focei,lbfgsb3c,var_CL,structural_other,0.1,100,-8.62554953603216,-8.05797836574789,18.1105098604043,23.687522774744,38.4192288691486
40,11,linCmt,focei,lbfgsb3c,var_Vc,structural_other,0.1,100,-19.0669210716674,-13.961296153505,24.7924206790321,35.9996269218045,61.1776778993977
40,11,ode,focei,lbfgsb3c,CLBW,covariate_beta,0.75,69,15.9883492651567,14.7706715100345,19.4227140514212,54.9919697712236,58.8992659426276
40,11,ode,focei,lbfgsb3c,VcBW,covariate_beta,1,73,-0.00442665812527831,3.3658424760793,11.3090567310653,24.9434286957483,29.5841223186298
40,11,ode,focei,lbfgsb3c,TVCL,structural_intercept,0.6,100,-4.39483524632731,-4.22739498914703,9.32413106877496,13.2533688015624,21.5627172219414
40,11,ode,focei,lbfgsb3c,TVVc,structural_intercept,20,100,-5.61759535258415,-3.84116152368304,11.5024603572699,13.1928352964845,20.0209457055776
40,11,ode,focei,lbfgsb3c,ResErr,structural_other,0.1,100,-1.18502938863316,-0.538993943550252,4.31684933588505,6.55960410197957,11.3157135362795
40,11,ode,focei,lbfgsb3c,TVKA,structural_other,0.7,100,4.75809867696496e-14,4.52019374311671e-14,4.75809867696496e-14,4.63762092766851e-14,4.75809867696496e-14
40,11,ode,focei,lbfgsb3c,TVQ,structural_other,1.8,100,1.50366039794572,1.91216543630228,1.85453217547271,2.97960981198342,5.22499500460898
40,11,ode,focei,lbfgsb3c,TVVp,structural_other,80,100,0.575983775774196,0.720814269600664,1.14336967027032,1.74367946664591,2.81218348481201
40,11,ode,focei,lbfgsb3c,cov_VcCL,structural_other,0.02,100,3.71125773077034,15.9290545921235,27.8125785438417,62.0821981064675,90.9216139185194
40,11,ode,focei,lbfgsb3c,var_CL,structural_other,0.1,100,-10.2039204158041,-7.86895521397543,18.4039642243488,23.4893304309084,37.7969592478049
40,11,ode,focei,lbfgsb3c,var_Vc,structural_other,0.1,100,-17.0996973586346,-13.2144078859731,23.6170754146101,35.8401072784408,59.5142175822031
40,12,linCmt,focei,lbfgsb3c,CLBW,covariate_beta,0.75,53,14.9694935194303,12.262777513732,16.8434987093454,23.7685750729743,35.7955929166363
40,12,linCmt,focei,lbfgsb3c,VcBW,covariate_beta,1,65,17.8923036045209,27.9867466113811,22.7208111038326,58.0525936927256,99.4394054342092
40,12,linCmt,focei,lbfgsb3c,VcSEX,covariate_beta,0.405465108108164,69,18.1764508287925,19.3855838375055,23.2807252490915,36.4414480270457,62.7243907711701
40,12,linCmt,focei,lbfgsb3c,TVCL,structural_intercept,0.6,100,-4.80956010531125,-1.6924174555799,9.54292507150819,11.5567705883618,15.7208912322637
40,12,linCmt,focei,lbfgsb3c,TVVc,structural_intercept,20,100,-4.51733884122452,-2.01367462015071,11.041931449158,17.111696906188,26.6058297550422
40,12,linCmt,focei,lbfgsb3c,ResErr,structural_other,0.1,100,0.785946781858414,0.138230680484395,4.70772673463528,7.21800930801267,10.4138478147058
40,12,linCmt,focei,lbfgsb3c,TVKA,structural_other,0.7,100,4.75809867696496e-14,4.5677747298863604e-14,4.75809867696496e-14,4.6619655617503504e-14,4.75809867696496e-14
40,12,linCmt,focei,lbfgsb3c,TVQ,structural_other,1.8,100,1.77134938366288,1.64168805086713,2.07309826130415,2.72463354481244,4.17304736231607
40,12,linCmt,focei,lbfgsb3c,TVVp,structural_other,80,100,0.170750815813108,0.041649830534357,1.08388541705013,1.67634914158973,2.48713886683443
40,12,linCmt,focei,lbfgsb3c,cov_VcCL,structural_other,0.02,100,18.5282941411718,35.2949297540165,38.071146964678,100.34357905293,168.116710186616
40,12,linCmt,focei,lbfgsb3c,var_CL,structural_other,0.1,100,-5.79483993554489,-3.19037691602607,19.2536565250098,27.2133092521386,41.4281810036093
40,12,linCmt,focei,lbfgsb3c,var_Vc,structural_other,0.1,100,-5.65666771785912,1.93026106504012,22.9845758679611,44.7027866349474,59.5096213261057
40,12,ode,focei,lbfgsb3c,CLBW,covariate_beta,0.75,63,12.0073178973155,10.4491456883826,16.9171035822037,23.5587540837239,37.8734067699943
40,12,ode,focei,lbfgsb3c,VcBW,covariate_beta,1,63,11.8686120673535,18.587711470807,20.2380935022973,46.8929133422778,50.5962233042226
40,12,ode,focei,lbfgsb3c,VcSEX,covariate_beta,0.405465108108164,70,19.4172536761209,21.3995983800365,24.4942129734483,38.4668729707879,64.8386675376594
40,12,ode,focei,lbfgsb3c,TVCL,structural_intercept,0.6,100,-5.90844254510942,-3.0540939549452,9.33846430412688,11.329246405695,16.7705676408093
40,12,ode,focei,lbfgsb3c,TVVc,structural_intercept,20,100,-2.84920514466226,-1.8060925398762,9.67175021493255,14.6556369836798,23.8463782611027
40,12,ode,focei,lbfgsb3c,ResErr,structural_other,0.1,100,0.434193259774028,0.0629984742198837,4.89266059381966,7.09213749854228,10.3597002076129
40,12,ode,focei,lbfgsb3c,TVKA,structural_other,0.7,100,4.75809867696496e-14,4.61535571665601e-14,4.75809867696496e-14,4.6861837276342e-14,4.75809867696496e-14
40,12,ode,focei,lbfgsb3c,TVQ,structural_other,1.8,100,1.8630350265571,1.65729476412868,1.96681777495032,2.70963664123128,4.21651440366475
40,12,ode,focei,lbfgsb3c,TVVp,structural_other,80,100,0.169307437233748,0.0589320300275123,1.10429527689403,1.67163990660746,2.52135930804195
40,12,ode,focei,lbfgsb3c,cov_VcCL,structural_other,0.02,100,17.2170297885131,33.9949689902124,39.3137339911159,99.999770821695,145.941094351677
40,12,ode,focei,lbfgsb3c,var_CL,structural_other,0.1,100,-6.5006997284913,-4.23364282692844,19.8802158609586,25.8607612249312,41.7843950990855
40,12,ode,focei,lbfgsb3c,var_Vc,structural_other,0.1,100,-2.0679896345617,3.16506056273981,23.1079828943056,41.7566431535942,65.3268788991619
40,13,linCmt,focei,lbfgsb3c,CLBW,covariate_beta,0.75,53,21.0202341418323,26.9648342205578,24.6151951949047,44.7755331421242,71.079230021337
40,13,linCmt,focei,lbfgsb3c,CLcrCL,covariate_beta,0.5,64,12.1229626216765,23.9903147358394,21.529442919071,42.0131861499664,69.8225609154405
40,13,linCmt,focei,lbfgsb3c,TVCL,structural_intercept,0.6,99,-2.4488793058607,-3.73825237930348,10.4777139018351,13.3777083780703,20.6863907353153
40,13,linCmt,focei,lbfgsb3c,TVVc,structural_intercept,20,99,1.60890019170569,1.58080072443374,4.39114116564976,6.48359308253883,10.7655307862915
40,13,linCmt,focei,lbfgsb3c,ResErr,structural_other,0.1,99,-0.433567846994706,0.00177502082689269,4.86738831345886,7.35429039111603,12.1978750293052
40,13,linCmt,focei,lbfgsb3c,TVKA,structural_other,0.7,99,4.75809867696496e-14,4.71003707416733e-14,4.75809867696496e-14,4.73400688329152e-14,4.75809867696496e-14
40,13,linCmt,focei,lbfgsb3c,TVQ,structural_other,1.8,99,1.71711513926737,1.79849449072958,1.94635690500989,2.77576715178285,4.51991334133436
40,13,linCmt,focei,lbfgsb3c,TVVp,structural_other,80,99,0.330282030217752,0.429176934421281,1.01168664786384,1.60089378555019,2.54386531132434
40,13,linCmt,focei,lbfgsb3c,cov_VcCL,structural_other,0.02,99,-10.9245469269068,-17.9517974289532,24.2841361017385,67.609684944499,118.048673366627
40,13,linCmt,focei,lbfgsb3c,var_CL,structural_other,0.1,99,-6.46538485282552,-0.758142006921964,21.8095864916112,33.7239858017999,46.1690285949016
40,13,linCmt,focei,lbfgsb3c,var_Vc,structural_other,0.1,99,-2.31877409334111,-0.49387883079183,21.3503970820941,37.3332734091496,62.3277581126255
40,13,ode,focei,lbfgsb3c,CLBW,covariate_beta,0.75,56,19.9708672128558,26.025797030674,23.2651579143948,43.3159059899545,73.1096850376155
40,13,ode,focei,lbfgsb3c,CLcrCL,covariate_beta,0.5,70,19.2342077652252,23.416015535043,23.9125107979959,40.9826762876284,67.0150971840875
40,13,ode,focei,lbfgsb3c,TVCL,structural_intercept,0.6,99,-3.92566763124086,-4.16467158799038,11.490441136265,13.9770312578294,21.0381287093365
40,13,ode,focei,lbfgsb3c,TVVc,structural_intercept,20,99,1.77338708656022,1.33950552611836,4.38538377584768,6.49967289020878,10.5669031954255
40,13,ode,focei,lbfgsb3c,ResErr,structural_other,0.1,99,0.173149579352563,0.0704922638561905,5.14762968669547,7.38647807211874,12.3398966225256
40,13,ode,focei,lbfgsb3c,TVKA,structural_other,0.7,99,4.75809867696496e-14,4.75809867696496e-14,4.75809867696496e-14,4.75809867696496e-14,4.75809867696496e-14
40,13,ode,focei,lbfgsb3c,TVQ,structural_other,1.8,99,1.70513083836813,1.77906000673921,1.90630564379443,2.76923554964766,4.47568155886656
40,13,ode,focei,lbfgsb3c,TVVp,structural_other,80,99,0.453140875804738,0.445438773833697,0.949631509669384,1.57815139280472,2.53333690429496
40,13,ode,focei,lbfgsb3c,cov_VcCL,structural_other,0.02,99,-13.5978800438926,-17.3526645469962,26.1515362076129,70.1994143723842,121.078901791848
40,13,ode,focei,lbfgsb3c,var_CL,structural_other,0.1,99,-5.19194050732882,-2.37388236072688,19.4623072496928,29.8839957938112,43.6289431461098
40,13,ode,focei,lbfgsb3c,var_Vc,structural_other,0.1,99,-1.39548561816467,-1.88394449796232,20.919631775187,37.5195289220727,64.5280597118044
40,14,linCmt,focei,lbfgsb3c,CLBW,covariate_beta,0.75,56,8.33920214444624,24.2295121457915,19.5732183491755,49.0897855033017,78.0721860134156
40,14,linCmt,focei,lbfgsb3c,CLcrCL,covariate_beta,0.5,52,14.4905637662461,20.4943819740375,20.0205818848806,38.6276286039108,62.0299947632769
40,14,linCmt,focei,lbfgsb3c,VcSEX,covariate_beta,0.405465108108164,80,7.06747839325449,11.605190231642,13.7945989836718,24.8117660579618,40.885188870731
40,14,linCmt,focei,lbfgsb3c,TVCL,structural_intercept,0.6,99,-6.50072987060899,-4.85899248860268,10.5922015137537,13.9322222988934,21.6155938717328
40,14,linCmt,focei,lbfgsb3c,TVVc,structural_intercept,20,99,1.80107743937567,4.38927862489245,6.47976975155192,11.9745256317326,23.1847247932029
40,14,linCmt,focei,lbfgsb3c,ResErr,structural_other,0.1,99,0.00505495735640681,-0.484561679586928,4.6452415947548,7.29737572153662,11.9352650324383
40,14,linCmt,focei,lbfgsb3c,TVKA,structural_other,0.7,99,4.75809867696496e-14,4.75809867696496e-14,4.75809867696496e-14,4.75809867696496e-14,4.75809867696496e-14
40,14,linCmt,focei,lbfgsb3c,TVQ,structural_other,1.8,99,1.84316802603393,1.75439510920408,2.11874080374595,3.10590400338745,4.7961170244721
40,14,linCmt,focei,lbfgsb3c,TVVp,structural_other,80,99,0.353652583269533,0.440432812002843,1.10203144423247,1.72622394116711,2.94048072726001
40,14,linCmt,focei,lbfgsb3c,cov_VcCL,structural_other,0.02,99,-18.7861159615746,-8.12693216283009,26.2125163358511,49.2206452660402,68.9523770954053
40,14,linCmt,focei,lbfgsb3c,var_CL,structural_other,0.1,99,-11.5403938658569,-9.23495826760651,20.0368819422264,29.0427661135754,45.7857427284177
40,14,linCmt,focei,lbfgsb3c,var_Vc,structural_other,0.1,99,-4.29090340306618,-2.55551563570743,22.6936212827815,37.2684134384731,62.9933214122125
40,14,ode,focei,lbfgsb3c,CLBW,covariate_beta,0.75,53,14.7335728811536,23.833309062479,22.6634572442176,42.3501383933664,74.3346922827729
40,14,ode,focei,lbfgsb3c,CLcrCL,covariate_beta,0.5,62,11.2990377518381,18.5001813190422,21.4341665549263,40.9126022729405,62.4010270765909
40,14,ode,focei,lbfgsb3c,VcSEX,covariate_beta,0.405465108108164,80,7.8840871969809,10.2276061452741,12.8581048528096,24.1465114442941,39.496506480658
40,14,ode,focei,lbfgsb3c,TVCL,structural_intercept,0.6,99,-3.18448646855909,-3.99182996349797,11.0882657024443,13.6116516026272,20.9308912205359
40,14,ode,focei,lbfgsb3c,TVVc,structural_intercept,20,99,2.23002949485764,4.65061863273181,6.16116740843122,12.2947186203116,23.6203785291231
40,14,ode,focei,lbfgsb3c,ResErr,structural_other,0.1,99,-0.191378369079426,-0.58547516051287,3.99085469194681,7.15000091161229,12.1063052201281
40,14,ode,focei,lbfgsb3c,TVKA,structural_other,0.7,99,4.75809867696496e-14,4.75809867696496e-14,4.75809867696496e-14,4.75809867696496e-14,4.75809867696496e-14
40,14,ode,focei,lbfgsb3c,TVQ,structural_other,1.8,99,1.64268666439427,1.79177678224638,2.33970036233465,3.14057713652649,4.96810910084628
40,14,ode,focei,lbfgsb3c,TVVp,structural_other,80,99,0.295828420477253,0.47018750084392,1.09801642421131,1.74720657371743,2.92789051673479
40,14,ode,focei,lbfgsb3c,cov_VcCL,structural_other,0.02,99,-17.6455074668423,-12.451177366096,26.6786014696518,41.3038796275295,61.1428403614676
40,14,ode,focei,lbfgsb3c,var_CL,structural_other,0.1,99,-12.1350128865542,-9.76887656264636,20.0354378583888,28.6645942002312,44.9502890652825
40,14,ode,focei,lbfgsb3c,var_Vc,structural_other,0.1,99,-7.26172087226355,-1.09841801847828,21.7550299719694,36.7655024681533,58.5316818542664
40,15,linCmt,focei,lbfgsb3c,CLBW,covariate_beta,0.75,54,15.2980787744841,21.5320618874938,18.4923542236384,41.4738068527076,71.2462420712067
40,15,linCmt,focei,lbfgsb3c,CLcrCL,covariate_beta,0.5,61,19.0699972042072,23.2176450984729,22.2757328564567,39.684225757366,66.0425935269853
40,15,linCmt,focei,lbfgsb3c,VcBW,covariate_beta,1,64,2.63700500393323,7.20232199867248,16.3139955804868,30.4031697803079,36.8158785242856
40,15,linCmt,focei,lbfgsb3c,TVCL,structural_intercept,0.6,99,-6.50374627126578,-5.32439274356556,10.7285366456727,12.986521587482,19.010231978592
40,15,linCmt,focei,lbfgsb3c,TVVc,structural_intercept,20,99,-4.92397234471444,-3.46166459434352,11.6546796778742,15.1282195381913,24.0655058171165
40,15,linCmt,focei,lbfgsb3c,ResErr,structural_other,0.1,99,-0.795458513342798,-0.516809494523448,4.15088891196771,6.83057341844282,10.9503163944241
40,15,linCmt,focei,lbfgsb3c,TVKA,structural_other,0.7,99,4.75809867696496e-14,4.71003707416733e-14,4.75809867696496e-14,4.73400688329152e-14,4.75809867696496e-14
40,15,linCmt,focei,lbfgsb3c,TVQ,structural_other,1.8,99,1.84547059391087,1.88432678523557,1.95064890612996,2.92433058584377,4.73938023798688
40,15,linCmt,focei,lbfgsb3c,TVVp,structural_other,80,99,0.372890666728125,0.318142269886766,1.14711148823599,1.53678542498429,2.28446523906899
40,15,linCmt,focei,lbfgsb3c,cov_VcCL,structural_other,0.02,99,31.291340279290502,48.5493457713762,42.0592039717598,96.7353136313739,144.076980180859
40,15,linCmt,focei,lbfgsb3c,var_CL,structural_other,0.1,99,-7.23921569260984,-3.51999007986507,15.8509576073947,26.57363816018,38.6385138238102
40,15,linCmt,focei,lbfgsb3c,var_Vc,structural_other,0.1,99,-6.87318161228244,-6.03700090590619,23.956139075985,32.992506328144,51.8471754420472
40,15,ode,focei,lbfgsb3c,CLBW,covariate_beta,0.75,59,15.0588956625892,21.0112805947763,18.5999332047625,37.5499044045899,68.3585915823668
40,15,ode,focei,lbfgsb3c,CLcrCL,covariate_beta,0.5,61,16.9703890772461,25.0782570541325,25.5329678189925,42.5983589690939,68.6169393518293
40,15,ode,focei,lbfgsb3c,VcBW,covariate_beta,1,66,0.844096599676636,7.13468293665572,14.6999046214873,30.4794339370428,36.9617206885982
40,15,ode,focei,lbfgsb3c,TVCL,structural_intercept,0.6,100,-7.32398142462896,-5.90595466890325,12.1724416095783,13.6337947994195,20.8161575571452
40,15,ode,focei,lbfgsb3c,TVVc,structural_intercept,20,100,-4.55605950539691,-2.82452559321677,12.8208795385588,15.3814791204783,23.9897869027717
40,15,ode,focei,lbfgsb3c,ResErr,structural_other,0.1,100,-0.615379728614529,-0.549394754872621,4.15702553569511,6.72794219455854,11.891653790145
40,15,ode,focei,lbfgsb3c,TVKA,structural_other,0.7,100,4.75809867696496e-14,4.75809867696496e-14,4.75809867696496e-14,4.75809867696496e-14,4.75809867696496e-14
40,15,ode,focei,lbfgsb3c,TVQ,structural_other,1.8,100,1.69339036969548,1.79960582096386,1.92466196394704,2.8981591060674,4.61994239867877
40,15,ode,focei,lbfgsb3c,TVVp,structural_other,80,100,0.286007941184687,0.254973754264941,1.11268997325291,1.53878774818496,2.3319062134516
40,15,ode,focei,lbfgsb3c,cov_VcCL,structural_other,0.02,100,22.6694411404277,42.4750967346151,32.5281906999488,80.242157984545,128.085366282508
40,15,ode,focei,lbfgsb3c,var_CL,structural_other,0.1,100,-6.94111196848814,-4.02650107356969,15.9438600067901,23.4595358819954,37.3315792615786
40,15,ode,focei,lbfgsb3c,var_Vc,structural_other,0.1,100,-6.00137972059051,-6.12103500916977,22.9141250679771,32.5773949113895,54.5871220294091
40,16,linCmt,focei,lbfgsb3c,CLBW,covariate_beta,0.75,51,33.5023001553883,34.0001573280471,33.5023001553883,48.7926439541902,85.5498729513051
40,16,linCmt,focei,lbfgsb3c,CLcrCL,covariate_beta,0.5,49,13.2819261322643,23.4510682983541,15.3142983459173,39.795739979426,70.2475548294099
40,16,linCmt,focei,lbfgsb3c,VcBW,covariate_beta,1,64,9.14198382661754,25.8063549163684,15.0562947610403,60.4376887874856,125.23540534089
40,16,linCmt,focei,lbfgsb3c,VcSEX,covariate_beta,0.405465108108164,69,20.4109892802313,21.196552118848,22.6789493429829,36.6332895526796,54.8773879653695
40,16,linCmt,focei,lbfgsb3c,TVCL,structural_intercept,0.6,96,-5.41242811436261,-5.21526829079537,9.12674664143163,12.7296002195098,21.4607823176765
40,16,linCmt,focei,lbfgsb3c,TVVc,structural_intercept,20,96,-4.4300402857574,-3.41864470041638,10.2487579741353,15.3468788085844,25.8945780443044
40,16,linCmt,focei,lbfgsb3c,ResErr,structural_other,0.1,96,-1.50362758601665,-1.43075616689289,4.98802361623683,6.53639467208947,10.7269932113776
40,16,linCmt,focei,lbfgsb3c,TVKA,structural_other,0.7,96,4.75809867696496e-14,4.75809867696496e-14,4.75809867696496e-14,4.75809867696496e-14,4.75809867696496e-14
40,16,linCmt,focei,lbfgsb3c,TVQ,structural_other,1.8,96,1.72532813101783,1.69615540637598,2.01864098221571,2.98263530585535,5.25169804439253
40,16,linCmt,focei,lbfgsb3c,TVVp,structural_other,80,96,0.353223454047633,0.436618958257982,1.26311575515057,1.84961471415165,3.00486997440802
40,16,linCmt,focei,lbfgsb3c,cov_VcCL,structural_other,0.02,96,23.5880777350893,32.6067862647604,36.9401254240942,81.1485689411115,141.487450602886
40,16,linCmt,focei,lbfgsb3c,var_CL,structural_other,0.1,96,-5.19582977009261,-3.99733685021118,17.8561778216678,24.154823518881,40.9040925532854
40,16,linCmt,focei,lbfgsb3c,var_Vc,structural_other,0.1,96,-6.65847324561927,-3.46311674623486,25.7909416030675,39.9542750079366,54.3240537645258
40,16,ode,focei,lbfgsb3c,CLBW,covariate_beta,0.75,50,30.9929856806155,36.7091163870785,30.9929856806155,54.2768282657523,84.2131234101943
40,16,ode,focei,lbfgsb3c,CLcrCL,covariate_beta,0.5,47,13.4384230199772,23.0303001548685,18.3500098860298,41.474743080468,70.2032986785859
40,16,ode,focei,lbfgsb3c,VcBW,covariate_beta,1,66,7.87295240105785,15.4688767676121,14.7963290825871,47.1782372177684,51.3565564353223
40,16,ode,focei,lbfgsb3c,VcSEX,covariate_beta,0.405465108108164,72,18.1409104908638,20.3262960428076,22.399669805219,34.6937795082826,54.2725821820172
40,16,ode,focei,lbfgsb3c,TVCL,structural_intercept,0.6,96,-6.04260720127172,-4.59966703268331,10.0293070839467,13.3640477649902,21.6948830746935
40,16,ode,focei,lbfgsb3c,TVVc,structural_intercept,20,96,-4.69866771444992,-3.87852649865184,9.72593121421478,15.6089244287941,24.575350564288
40,16,ode,focei,lbfgsb3c,ResErr,structural_other,0.1,96,-1.479293464278,-1.58874966405319,4.85105992631461,6.44271962822486,10.4070822727809
40,16,ode,focei,lbfgsb3c,TVKA,structural_other,0.7,96,4.75809867696496e-14,4.75809867696496e-14,4.75809867696496e-14,4.75809867696496e-14,4.75809867696496e-14
40,16,ode,focei,lbfgsb3c,TVQ,structural_other,1.8,96,1.81735916356322,1.77002314998115,2.04098805376953,3.03995297758264,5.23364925335928
40,16,ode,focei,lbfgsb3c,TVVp,structural_other,80,96,0.390354949133354,0.46810550777917,1.23292378207076,1.90827996513833,3.14418642431166
40,16,ode,focei,lbfgsb3c,cov_VcCL,structural_other,0.02,96,21.0434152446188,26.7565074266629,32.6984051852972,69.2805973306876,126.356323117647
40,16,ode,focei,lbfgsb3c,var_CL,structural_other,0.1,96,-5.25462480972692,-5.08228966052077,19.3736128440284,25.3702638344697,41.5623537751008
40,16,ode,focei,lbfgsb3c,var_Vc,structural_other,0.1,96,-8.24647266830584,-5.88472537749164,28.3965512350631,34.4655772313702,55.3748645992958
300,1,linCmt,focei,lbfgsb3c,TVCL,structural_intercept,0.6,100,0.744869482924663,0.682169803903106,1.24484676233415,1.83380528359526,3.12493161237812
300,1,linCmt,focei,lbfgsb3c,TVVc,structural_intercept,20,100,2.06702745299271,1.99218144120918,2.36883302922065,3.23435866055824,5.02456483691945
300,1,linCmt,focei,lbfgsb3c,ResErr,structural_other,0.1,100,0.720077524336359,0.681599083908644,1.42844726570004,2.37771342573802,3.71232802760027
300,1,linCmt,focei,lbfgsb3c,TVKA,structural_other,0.7,100,0,4.282288809268461e-15,0,1.42742960308949e-14,0
300,1,linCmt,focei,lbfgsb3c,TVQ,structural_other,1.8,100,2.07626707462946,2.05201567824346,2.07626707462946,2.16879723689746,2.92153744613351
300,1,linCmt,focei,lbfgsb3c,TVVp,structural_other,80,100,0.469242614821894,0.482605776119775,0.533212456112784,0.736786868236843,1.23861284618806
300,1,linCmt,focei,lbfgsb3c,cov_VcCL,structural_other,0.02,100,-0.435293725099704,-1.19749542724217,1.1749485447207,8.40065209029721,16.3804316127623
300,1,linCmt,focei,lbfgsb3c,var_CL,structural_other,0.1,100,-0.292861585493277,-2.05574250469443,1.16014497307537,8.13003242913255,16.0847304493185
300,1,linCmt,focei,lbfgsb3c,var_Vc,structural_other,0.1,100,-0.367117116592118,0.115516039904191,0.922347628017371,7.80896408092923,11.8742757076403
300,1,ode,focei,lbfgsb3c,TVCL,structural_intercept,0.6,100,0.84696391542959,0.756733890163456,1.25748877503617,1.95447582546196,3.36022679393758
300,1,ode,focei,lbfgsb3c,TVVc,structural_intercept,20,100,1.95233430020606,1.86817591840335,2.35026534944835,3.16208779528439,5.03121098506213
300,1,ode,focei,lbfgsb3c,ResErr,structural_other,0.1,100,0.372117554894032,0.555615009752587,1.41628435985085,2.38429348449,3.73501709100123
300,1,ode,focei,lbfgsb3c,TVKA,structural_other,0.7,100,0,4.282288809268461e-15,0,1.42742960308949e-14,0
300,1,ode,focei,lbfgsb3c,TVQ,structural_other,1.8,100,2.05632435029979,2.03943742064547,2.05632435029979,2.15585974379443,2.89520182060034
300,1,ode,focei,lbfgsb3c,TVVp,structural_other,80,100,0.489478060212996,0.467940356249449,0.524967915678758,0.7262233848353,1.17173874773865
300,1,ode,focei,lbfgsb3c,cov_VcCL,structural_other,0.02,100,-0.39939785885082,-1.30281698349943,1.17806935963073,8.68717669099155,16.066019535018
300,1,ode,focei,lbfgsb3c,var_CL,structural_other,0.1,100,-0.212812793914781,-1.98366770793344,1.17825185957519,8.23266448284043,15.0595980161643
300,1,ode,focei,lbfgsb3c,var_Vc,structural_other,0.1,100,-0.270081289423095,0.0778206731524608,0.908577200106703,8.09251311464764,12.007891781926
300,2,linCmt,focei,lbfgsb3c,VcSEX,covariate_beta,0.405465108108164,99,0.862643348961535,-0.513644491535113,6.9949502360256,11.6331730549884,19.2154240334608
300,2,linCmt,focei,lbfgsb3c,TVCL,structural_intercept,0.6,100,0.436099427109806,0.805315935628069,1.31000989029029,2.30835223854016,3.62836085416261
300,2,linCmt,focei,lbfgsb3c,TVVc,structural_intercept,20,100,0.970357981481529,1.32696584489318,2.11997844691724,3.73223841579829,6.33008708174364
300,2,linCmt,focei,lbfgsb3c,ResErr,structural_other,0.1,100,-0.398385705534271,-0.0842997824184163,1.94609119898741,2.71806762565627,4.72622711230393
300,2,linCmt,focei,lbfgsb3c,TVKA,structural_other,0.7,100,4.75809867696496e-14,4.75809867696496e-14,4.75809867696496e-14,4.75809867696496e-14,4.75809867696496e-14
300,2,linCmt,focei,lbfgsb3c,TVQ,structural_other,1.8,100,1.75838654898378,1.71620636625376,1.75838654898378,1.96011669367418,2.95794148968166
300,2,linCmt,focei,lbfgsb3c,TVVp,structural_other,80,100,0.251566003643307,0.256666477031761,0.476289663258491,0.681141852214092,1.10688919689665
300,2,linCmt,focei,lbfgsb3c,cov_VcCL,structural_other,0.02,100,-4.21966358965231,-4.05457119248484,9.60326537174653,12.6377765720553,20.7680900745556
300,2,linCmt,focei,lbfgsb3c,var_CL,structural_other,0.1,100,0.373028176686281,-0.216664965062998,4.86513669196662,7.22881841197862,11.3768064433169
300,2,linCmt,focei,lbfgsb3c,var_Vc,structural_other,0.1,100,0.575459580027061,-0.0472156315093709,7.5602805447562504,12.9702499700998,20.4952555977979
300,2,ode,focei,lbfgsb3c,VcSEX,covariate_beta,0.405465108108164,98,0.954586287108847,-0.733138935911563,7.57201314142574,11.7967760967553,19.4046902184091
300,2,ode,focei,lbfgsb3c,TVCL,structural_intercept,0.6,99,0.627070188756296,0.96032169707473,1.34554842425566,2.48027791072637,3.85649880530133
300,2,ode,focei,lbfgsb3c,TVVc,structural_intercept,20,99,0.78355863436169,1.28803007909779,2.33088185302451,3.73218347925119,6.36569782219259
300,2,ode,focei,lbfgsb3c,ResErr,structural_other,0.1,99,-0.529029366689637,-0.152384686299577,2.0150711478346,2.71269217475286,4.54484615861498
300,2,ode,focei,lbfgsb3c,TVKA,structural_other,0.7,99,4.75809867696496e-14,4.75809867696496e-14,4.75809867696496e-14,4.75809867696496e-14,4.75809867696496e-14
300,2,ode,focei,lbfgsb3c,TVQ,structural_other,1.8,99,1.7498173276519,1.71804648115445,1.7498173276519,1.95941062932861,2.92322547207337
300,2,ode,focei,lbfgsb3c,TVVp,structural_other,80,99,0.279968250431271,0.256205797129573,0.49105854445024,0.693128190170097,1.1301093523902
300,2,ode,focei,lbfgsb3c,cov_VcCL,structural_other,0.02,99,-5.44082688336552,-4.29666016835025,9.64727055093787,12.5704255044066,20.4630828485851
300,2,ode,focei,lbfgsb3c,var_CL,structural_other,0.1,99,0.250642554086078,-0.341312997952522,4.62080405463822,7.234694086693,11.5305061941971
300,2,ode,focei,lbfgsb3c,var_Vc,structural_other,0.1,99,1.07068195311144,-0.0128208470040514,7.61188408629361,12.8093600115417,20.6815974564463
300,3,linCmt,focei,lbfgsb3c,VcBW,covariate_beta,1,44,-2.78206514241396,-1.77114053199086,5.37782405726387,8.52494397069191,14.2253306534832
300,3,linCmt,focei,lbfgsb3c,TVCL,structural_intercept,0.6,100,0.812243679374223,0.690284455506241,1.53593868864219,2.12348822355281,3.27828760306788
300,3,linCmt,focei,lbfgsb3c,TVVc,structural_intercept,20,100,0.991767164773334,1.15322582134939,2.31185703984533,4.11888000133273,5.95879296205338
300,3,linCmt,focei,lbfgsb3c,ResErr,structural_other,0.1,100,0.755871915212966,0.754665163976963,1.73802695561765,2.51969041624071,3.82292053963461
300,3,linCmt,focei,lbfgsb3c,TVKA,structural_other,0.7,100,4.75809867696496e-14,4.75809867696496e-14,4.75809867696496e-14,4.75809867696496e-14,4.75809867696496e-14
300,3,linCmt,focei,lbfgsb3c,TVQ,structural_other,1.8,100,2.12785478962811,2.12993693747444,2.12785478962811,2.31504406009653,3.15414791294954
300,3,linCmt,focei,lbfgsb3c,TVVp,structural_other,80,100,0.450742929959516,0.484929326978962,0.571895772040811,0.823470522753356,1.30783507277069
300,3,linCmt,focei,lbfgsb3c,cov_VcCL,structural_other,0.02,100,-10.1278731814594,-6.6220728351825,13.0107834525924,16.4305325205637,23.1378623386621
300,3,linCmt,focei,lbfgsb3c,var_CL,structural_other,0.1,100,-1.25664722464716,-0.962953044889448,5.92439584219482,8.29618538174148,13.7269736961407
300,3,linCmt,focei,lbfgsb3c,var_Vc,structural_other,0.1,100,-3.98243052658871,-2.26230592643618,10.1951345733175,12.7472242766257,19.6884646210938
300,3,ode,focei,lbfgsb3c,VcBW,covariate_beta,1,51,0.696675930487034,-0.220805335293834,4.52302027963378,8.23842262737896,14.0757292861773
300,3,ode,focei,lbfgsb3c,TVCL,structural_intercept,0.6,100,0.92831113920631,0.69153152898667,1.60605957448352,2.21830665387946,3.61372290610627
300,3,ode,focei,lbfgsb3c,TVVc,structural_intercept,20,100,1.01534624037687,1.30013496045999,2.01103082174732,3.67601905643506,5.51225503110492
300,3,ode,focei,lbfgsb3c,ResErr,structural_other,0.1,100,0.671609995932875,0.713420053164329,1.66989643250607,2.5106374902544,4.06299855662609
300,3,ode,focei,lbfgsb3c,TVKA,structural_other,0.7,100,4.75809867696496e-14,4.75809867696496e-14,4.75809867696496e-14,4.75809867696496e-14,4.75809867696496e-14
300,3,ode,focei,lbfgsb3c,TVQ,structural_other,1.8,100,2.09500885917598,2.10624684293014,2.09500885917598,2.29176202902183,3.18086737580889
300,3,ode,focei,lbfgsb3c,TVVp,structural_other,80,100,0.428911376494039,0.470797410541811,0.510858517871489,0.815824639610962,1.24863410905968
300,3,ode,focei,lbfgsb3c,cov_VcCL,structural_other,0.02,100,-11.1366618779641,-7.64140716044122,13.3937794374,16.1474376215814,22.9647026350406
300,3,ode,focei,lbfgsb3c,var_CL,structural_other,0.1,100,-1.40930423577694,-1.22936981331276,6.22466172077887,8.54878226993444,13.7892259047943
300,3,ode,focei,lbfgsb3c,var_Vc,structural_other,0.1,100,-2.9308657359623,-1.97613284273231,10.3451518734792,13.0438506057845,18.2093388806454
300,4,linCmt,focei,lbfgsb3c,VcBW,covariate_beta,1,91,2.9802738392003,3.09852481966652,8.77643276791145,12.3995619636572,19.4290351056772
300,4,linCmt,focei,lbfgsb3c,VcSEX,covariate_beta,0.405465108108164,100,-0.375876194500698,0.0567660398354774,8.16995216792976,14.1870727782738,24.3481961457278
300,4,linCmt,focei,lbfgsb3c,TVCL,structural_intercept,0.6,100,0.583956732385556,0.675661261933962,1.25916282948278,2.05099588158084,3.24949747910677
300,4,linCmt,focei,lbfgsb3c,TVVc,structural_intercept,20,100,1.2754009120181,1.34145808531357,2.54334121669965,3.43192592193771,5.22656889632509
300,4,linCmt,focei,lbfgsb3c,ResErr,structural_other,0.1,100,0.392790453394597,0.0861073874267181,1.56487728778323,2.355782942215,3.79253801895334
300,4,linCmt,focei,lbfgsb3c,TVKA,structural_other,0.7,100,4.75809867696496e-14,4.75809867696496e-14,4.75809867696496e-14,4.75809867696496e-14,4.75809867696496e-14
300,4,linCmt,focei,lbfgsb3c,TVQ,structural_other,1.8,100,1.87287135591814,1.78616219497153,1.87287135591814,2.02466650073368,2.92337518996371
300,4,linCmt,focei,lbfgsb3c,TVVp,structural_other,80,100,0.284343428109892,0.273015278073524,0.509461302481506,0.704415937800351,1.03605673182267
300,4,linCmt,focei,lbfgsb3c,cov_VcCL,structural_other,0.02,100,-10.7331280115061,-12.3262248816121,11.7993371871044,18.4920386667548,28.9063410661699
300,4,linCmt,focei,lbfgsb3c,var_CL,structural_other,0.1,100,-0.135140791759067,0.464618073735779,5.26596016407192,8.39379932042839,14.439557939268
300,4,linCmt,focei,lbfgsb3c,var_Vc,structural_other,0.1,100,-3.4901440610702,-3.07264226062105,8.79960959113747,12.5123386385323,20.9732928418547
300,4,ode,focei,lbfgsb3c,VcBW,covariate_beta,1,88,2.68176043171159,3.97482485750708,8.09464495365813,13.5603216405918,21.2152091594136
300,4,ode,focei,lbfgsb3c,VcSEX,covariate_beta,0.405465108108164,98,-0.997367677418748,-0.667767080999329,9.86524838573533,14.1401722016601,21.2617599244094
300,4,ode,focei,lbfgsb3c,TVCL,structural_intercept,0.6,99,0.472997044651665,0.633530518302329,1.23959678980801,2.03670902518278,3.29122367105085
300,4,ode,focei,lbfgsb3c,TVVc,structural_intercept,20,99,1.53502742764358,1.37130475950057,2.24425361570967,3.39775096145082,5.14493367211302
300,4,ode,focei,lbfgsb3c,ResErr,structural_other,0.1,99,0.469807715741275,0.0701690171848437,1.59736798557185,2.37072230416719,3.78944222568337
300,4,ode,focei,lbfgsb3c,TVKA,structural_other,0.7,99,4.75809867696496e-14,4.75809867696496e-14,4.75809867696496e-14,4.75809867696496e-14,4.75809867696496e-14
300,4,ode,focei,lbfgsb3c,TVQ,structural_other,1.8,99,1.87806081558438,1.78980044821124,1.87806081558438,2.02768605542024,2.9188469970739
300,4,ode,focei,lbfgsb3c,TVVp,structural_other,80,99,0.277161952460876,0.258527468481697,0.5265464827926,0.717604091888708,1.08246385553646
300,4,ode,focei,lbfgsb3c,cov_VcCL,structural_other,0.02,99,-13.7403131413584,-12.0612557583364,15.2085776201625,20.7420516402171,31.8049288742319
300,4,ode,focei,lbfgsb3c,var_CL,structural_other,0.1,99,-0.418990245625014,0.327519338941607,5.3934814022801,8.39688092273904,13.4566207138875
300,4,ode,focei,lbfgsb3c,var_Vc,structural_other,0.1,99,-2.83916293468948,-2.70018448215436,9.40096109773444,13.1787002086828,22.1040543374209
300,5,linCmt,focei,lbfgsb3c,CLcrCL,covariate_beta,0.5,55,1.34291773636761,1.09066777131541,6.15329987002926,8.93490651161662,16.4641409538187
300,5,linCmt,focei,lbfgsb3c,TVCL,structural_intercept,0.6,95,-0.51988035064415306,-0.483049565175243,1.3933502218792,2.37866294934552,4.23463824376195
300,5,linCmt,focei,lbfgsb3c,TVVc,structural_intercept,20,95,1.62291918896786,1.67097919883931,2.10582691104971,3.03454442195422,4.57205007752901
300,5,linCmt,focei,lbfgsb3c,ResErr,structural_other,0.1,95,0.410719092972217,0.687440917134325,1.47310218835255,2.62096768890252,4.36030288027501
300,5,linCmt,focei,lbfgsb3c,TVKA,structural_other,0.7,95,4.75809867696496e-14,4.75809867696496e-14,4.75809867696496e-14,4.75809867696496e-14,4.75809867696496e-14
300,5,linCmt,focei,lbfgsb3c,TVQ,structural_other,1.8,95,2.07924540459925,1.95657072259273,2.07924540459925,2.11511005765156,3.05432291390062
300,5,linCmt,focei,lbfgsb3c,TVVp,structural_other,80,95,0.355172684741127,0.449258140865974,0.450565271961771,0.708254576155558,1.08575907700583
300,5,linCmt,focei,lbfgsb3c,cov_VcCL,structural_other,0.02,95,-3.87409203464901,-4.82308221232784,8.43246949032428,14.8695450740635,21.709308792474
300,5,linCmt,focei,lbfgsb3c,var_CL,structural_other,0.1,95,-2.76836120332194,-1.88072306724846,6.33670457091112,8.6756757796968,13.7291763300772
300,5,linCmt,focei,lbfgsb3c,var_Vc,structural_other,0.1,95,-1.57296847490868,-2.3783980986471,6.67656104038203,9.79941832443484,16.9270489441252
300,5,ode,focei,lbfgsb3c,CLcrCL,covariate_beta,0.5,55,2.20635655410504,1.17542887371962,6.7745064044475,9.05285929386465,14.6288091672174
300,5,ode,focei,lbfgsb3c,TVCL,structural_intercept,0.6,96,-0.571857764743389,-0.499457196528458,1.76807624015698,2.60433787767324,4.4072995783817
300,5,ode,focei,lbfgsb3c,TVVc,structural_intercept,20,96,1.51905274860977,1.5525824576782,1.99472653878451,2.89080361049217,4.56262955196848
300,5,ode,focei,lbfgsb3c,ResErr,structural_other,0.1,96,0.404636750989992,0.65404715468068,1.43238824406448,2.59729643110931,4.23376866262019
300,5,ode,focei,lbfgsb3c,TVKA,structural_other,0.7,96,4.75809867696496e-14,4.75809867696496e-14,4.75809867696496e-14,4.75809867696496e-14,4.75809867696496e-14
300,5,ode,focei,lbfgsb3c,TVQ,structural_other,1.8,96,2.06156395546037,1.94486993274611,2.06156395546037,2.1061590215101,2.93779330745725
300,5,ode,focei,lbfgsb3c,TVVp,structural_other,80,96,0.415808047304145,0.427544299602546,0.483682761625408,0.704000995580231,1.04456513518381
300,5,ode,focei,lbfgsb3c,cov_VcCL,structural_other,0.02,96,-4.61300385541166,-3.21058319362119,8.71495867400025,17.2594958241031,19.8041037935956
300,5,ode,focei,lbfgsb3c,var_CL,structural_other,0.1,96,-2.82103750568334,-1.87751658041584,5.8121526084215,8.98781960767197,14.1868203543864
300,5,ode,focei,lbfgsb3c,var_Vc,structural_other,0.1,96,-0.747995351071985,-0.949837505031173,6.66839062343204,9.90212256937689,16.5452496584422
300,6,linCmt,focei,lbfgsb3c,CLcrCL,covariate_beta,0.5,82,0.70319423528824,-0.375978081168376,6.22363018482837,9.29848491537383,15.4914690040449
300,6,linCmt,focei,lbfgsb3c,VcSEX,covariate_beta,0.405465108108164,99,-2.18377355745242,-0.106964090362278,7.52247118443959,10.6669437640147,18.0140699019524
300,6,linCmt,focei,lbfgsb3c,TVCL,structural_intercept,0.6,99,0.358288233113827,0.259817579875079,1.55182332178759,2.14542607632012,3.46592823273185
300,6,linCmt,focei,lbfgsb3c,TVVc,structural_intercept,20,99,0.865619462095495,1.14548125432686,2.50121982040815,3.4209481062848,5.58036211174182
300,6,linCmt,focei,lbfgsb3c,ResErr,structural_other,0.1,99,-0.351849606637034,-0.204640445409193,1.92476511234374,2.46856572564778,4.44613014200266
300,6,linCmt,focei,lbfgsb3c,TVKA,structural_other,0.7,99,4.75809867696496e-14,4.75809867696496e-14,4.75809867696496e-14,4.75809867696496e-14,4.75809867696496e-14
300,6,linCmt,focei,lbfgsb3c,TVQ,structural_other,1.8,99,2.06450514096807,1.96304024645271,2.06450514096807,2.1718971962565,3.0715215483085
300,6,linCmt,focei,lbfgsb3c,TVVp,structural_other,80,99,0.332482725512655,0.355049819213754,0.506110000911448,0.71160020674607,1.0639277541075
300,6,linCmt,focei,lbfgsb3c,cov_VcCL,structural_other,0.02,99,-1.59275156967157,-0.194979099755674,7.63688207639241,13.1648038254633,19.8638685803593
300,6,linCmt,focei,lbfgsb3c,var_CL,structural_other,0.1,99,-2.737948268569,-2.29193151454052,6.07147998420669,9.21951503969404,14.987761540543
300,6,linCmt,focei,lbfgsb3c,var_Vc,structural_other,0.1,99,4.85522108545873,4.7001010633877,7.74151911079182,11.0064018864805,17.9188924760086
300,6,ode,focei,lbfgsb3c,CLcrCL,covariate_beta,0.5,87,1.39594666507072,0.60071150089284,6.06061240331666,9.06614151985216,14.018644976939
300,6,ode,focei,lbfgsb3c,VcSEX,covariate_beta,0.405465108108164,98,-1.77490971521079,0.218153977347509,7.63488130393308,10.6254186593152,18.0150062648311
300,6,ode,focei,lbfgsb3c,TVCL,structural_intercept,0.6,98,0.49843630314612,0.433557762847886,1.25761708475624,2.18672007630317,2.83540927830391
300,6,ode,focei,lbfgsb3c,TVVc,structural_intercept,20,98,1.22534855153042,1.18176197652971,2.60614985831036,3.47044883675498,5.5424226142408
300,6,ode,focei,lbfgsb3c,ResErr,structural_other,0.1,98,-0.513533392016964,-0.278081838778874,1.92009614918017,2.50037465892347,4.42182078115401
300,6,ode,focei,lbfgsb3c,TVKA,structural_other,0.7,98,4.75809867696496e-14,4.75809867696496e-14,4.75809867696496e-14,4.75809867696496e-14,4.75809867696496e-14
300,6,ode,focei,lbfgsb3c,TVQ,structural_other,1.8,98,1.99211520787013,1.95935218358322,1.99211520787013,2.16401159236736,2.98637228216595
300,6,ode,focei,lbfgsb3c,TVVp,structural_other,80,98,0.346866709824569,0.344038970666557,0.481392416357425,0.704898264844532,1.00150672792792
300,6,ode,focei,lbfgsb3c,cov_VcCL,structural_other,0.02,98,-0.372585884307886,-0.249819934378969,7.79935903729515,14.6180536304384,18.6794841243507
300,6,ode,focei,lbfgsb3c,var_CL,structural_other,0.1,98,-3.08970290964385,-2.56760927152899,5.83456226148424,9.02165811584716,14.3601242397329
300,6,ode,focei,lbfgsb3c,var_Vc,structural_other,0.1,98,5.92996053184493,5.11260165376172,8.12596954626307,11.347417690489,17.2416792495463
300,7,linCmt,focei,lbfgsb3c,CLcrCL,covariate_beta,0.5,68,-0.550362842210922,-2.59431871162042,5.56658024851279,9.30876093194986,17.0365573215043
300,7,linCmt,focei,lbfgsb3c,VcBW,covariate_beta,1,78,-0.5307947323405,-0.88696830747346,5.0274141648365,9.22094337521205,14.6298237926957
300,7,linCmt,focei,lbfgsb3c,TVCL,structural_intercept,0.6,93,0.438269330863883,-0.0226888044719426,1.73341764154209,2.59903478567154,4.2367749459095
300,7,linCmt,focei,lbfgsb3c,TVVc,structural_intercept,20,93,0.889328481145171,1.42599601155798,1.76715071002835,3.11414534361883,5.27341885214476
300,7,linCmt,focei,lbfgsb3c,ResErr,structural_other,0.1,93,-0.0571607109843969,-0.197008144526696,1.8050915606725,2.37898587118198,3.50367165767388
300,7,linCmt,focei,lbfgsb3c,TVKA,structural_other,0.7,93,4.75809867696496e-14,4.75809867696496e-14,4.75809867696496e-14,4.75809867696496e-14,4.75809867696496e-14
300,7,linCmt,focei,lbfgsb3c,TVQ,structural_other,1.8,93,1.8349757393281,1.92692506453745,1.8349757393281,2.08671753921266,2.7634963585109
300,7,linCmt,focei,lbfgsb3c,TVVp,structural_other,80,93,0.421070681523474,0.389294259653543,0.474412744407129,0.671214182589707,1.00760843325663
300,7,linCmt,focei,lbfgsb3c,cov_VcCL,structural_other,0.02,93,5.06843466705998,3.17889185286083,10.1700116269702,15.9436104549518,21.7020671712502
300,7,linCmt,focei,lbfgsb3c,var_CL,structural_other,0.1,93,-5.28384497996008,-4.3736934578362,6.88227713908769,10.4872678432901,17.6579757858942
300,7,linCmt,focei,lbfgsb3c,var_Vc,structural_other,0.1,93,1.74595393536354,2.50374174155934,7.83025615761433,11.9154655956664,19.686137019365
300,7,ode,focei,lbfgsb3c,CLcrCL,covariate_beta,0.5,73,-1.36284323246376,-2.4980489967711,5.55873694155291,9.17539526619315,16.0027752155736
300,7,ode,focei,lbfgsb3c,VcBW,covariate_beta,1,74,0.0856372903831504,-0.0736434649202331,6.34573539148852,9.42089260277369,15.9771282398017
300,7,ode,focei,lbfgsb3c,TVCL,structural_intercept,0.6,95,0.37599029885201,0.277073922194307,1.69952719093291,2.63355714231946,4.38659174502919
300,7,ode,focei,lbfgsb3c,TVVc,structural_intercept,20,95,1.04405485007939,1.64488821514232,1.76766549438726,3.61852225948376,5.85341350043967
300,7,ode,focei,lbfgsb3c,ResErr,structural_other,0.1,95,0.142213347584602,-0.1840458006808,1.73133735475034,2.28752327523741,3.49908149405101
300,7,ode,focei,lbfgsb3c,TVKA,structural_other,0.7,95,4.75809867696496e-14,4.75809867696496e-14,4.75809867696496e-14,4.75809867696496e-14,4.75809867696496e-14
300,7,ode,focei,lbfgsb3c,TVQ,structural_other,1.8,95,1.94586313487625,1.91206307032071,1.94586313487625,2.07071272517118,2.82975888690512
300,7,ode,focei,lbfgsb3c,TVVp,structural_other,80,95,0.413500964407501,0.396547881074687,0.491705698501033,0.669303450684247,1.02875722884793
300,7,ode,focei,lbfgsb3c,cov_VcCL,structural_other,0.02,95,4.55208201946781,5.37950662950895,10.4663024738547,18.0166866925961,29.2952884413025
300,7,ode,focei,lbfgsb3c,var_CL,structural_other,0.1,95,-4.62125219582107,-4.01036937222326,6.6639786818514,9.72331132325593,16.5459892726787
300,7,ode,focei,lbfgsb3c,var_Vc,structural_other,0.1,95,2.29460257372152,3.3358256788947,8.54925661890355,11.6747952786819,17.7304289239962
300,8,linCmt,focei,lbfgsb3c,CLcrCL,covariate_beta,0.5,89,0.417603361825991,0.551429056975535,8.2507211860512,10.4417069157445,15.750187452832
300,8,linCmt,focei,lbfgsb3c,VcBW,covariate_beta,1,93,0.0528172230086943,1.32856305545699,7.35932096550137,12.6747422311905,17.4480341745318
300,8,linCmt,focei,lbfgsb3c,VcSEX,covariate_beta,0.405465108108164,98,1.77258935406518,1.30059358421877,8.57291471180038,12.9300688831517,18.4218159516261
300,8,linCmt,focei,lbfgsb3c,TVCL,structural_intercept,0.6,99,0.719941504037499,0.518925145455551,1.28718913150178,1.99065228833715,3.39057434489951
300,8,linCmt,focei,lbfgsb3c,TVVc,structural_intercept,20,99,1.07801085359405,1.56508422285879,2.30823783240206,3.65574043359985,5.9661556237802
300,8,linCmt,focei,lbfgsb3c,ResErr,structural_other,0.1,99,0.308473828259173,0.287483023246511,1.73167106580301,2.23897110654276,3.54104106095441
300,8,linCmt,focei,lbfgsb3c,TVKA,structural_other,0.7,99,4.75809867696496e-14,4.75809867696496e-14,4.75809867696496e-14,4.75809867696496e-14,4.75809867696496e-14
300,8,linCmt,focei,lbfgsb3c,TVQ,structural_other,1.8,99,1.91082727355125,1.8500752985285,1.91082727355125,2.04696436683833,2.89562294467547
300,8,linCmt,focei,lbfgsb3c,TVVp,structural_other,80,99,0.386104488796821,0.298794661126641,0.547794995031836,0.676188223589179,1.00499974089893
300,8,linCmt,focei,lbfgsb3c,cov_VcCL,structural_other,0.02,99,-1.93656695288843,-2.37152516174673,8.08605205006835,12.2412286864734,20.9509242362406
300,8,linCmt,focei,lbfgsb3c,var_CL,structural_other,0.1,99,-3.6223250837203,-2.55384692489862,5.24200281414985,8.17095936781132,11.8879653739516
300,8,linCmt,focei,lbfgsb3c,var_Vc,structural_other,0.1,99,-2.62611401819474,-1.66705370649284,6.6993483427901,10.2941285860564,15.8252914530361
300,8,ode,focei,lbfgsb3c,CLcrCL,covariate_beta,0.5,94,-0.308591678109027,0.50558649022033,8.69266743267121,10.4858822369005,16.0346609251115
300,8,ode,focei,lbfgsb3c,VcBW,covariate_beta,1,89,0.354380752937322,1.2944835807284,6.47547009307667,11.7444773687037,18.9557308287156
300,8,ode,focei,lbfgsb3c,VcSEX,covariate_beta,0.405465108108164,99,2.40887283586146,0.684716937074967,8.75338898846269,11.9820927892104,16.9102467685247
300,8,ode,focei,lbfgsb3c,TVCL,structural_intercept,0.6,99,0.708483511343098,0.686523474549197,1.12760266941359,1.90340380772876,3.15813736345223
300,8,ode,focei,lbfgsb3c,TVVc,structural_intercept,20,99,1.19611524620876,1.3053060110781,2.19250001366651,3.33026203920152,5.26469841679538
300,8,ode,focei,lbfgsb3c,ResErr,structural_other,0.1,99,0.208917536882444,0.268329030008008,1.7784024854313,2.27720465374614,3.74438899458659
300,8,ode,focei,lbfgsb3c,TVKA,structural_other,0.7,99,4.75809867696496e-14,4.75809867696496e-14,4.75809867696496e-14,4.75809867696496e-14,4.75809867696496e-14
300,8,ode,focei,lbfgsb3c,TVQ,structural_other,1.8,99,1.93532521965785,1.85905120951306,1.93532521965785,2.05723502871197,2.92335467739422
300,8,ode,focei,lbfgsb3c,TVVp,structural_other,80,99,0.374360552300068,0.27024787091457,0.523429200054242,0.656285047773126,1.03819246831389
300,8,ode,focei,lbfgsb3c,cov_VcCL,structural_other,0.02,99,-2.6008002155936,-2.32180972337909,7.78328395867781,12.1115209761357,20.3344328371708
300,8,ode,focei,lbfgsb3c,var_CL,structural_other,0.1,99,-3.60745039928753,-2.84079964661797,5.24852717071764,7.91882825164853,12.765357369576
300,8,ode,focei,lbfgsb3c,var_Vc,structural_other,0.1,99,-2.85246769773768,-1.3970304062255,6.59763131479479,9.40318511437343,16.0057015595916
300,9,linCmt,focei,lbfgsb3c,CLBW,covariate_beta,0.75,79,-2.67019598493158,-2.0687148581574,5.32262493580495,10.0358437647613,16.7284610122354
300,9,linCmt,focei,lbfgsb3c,TVCL,structural_intercept,0.6,99,1.01794157749134,1.04145378133324,2.02780306457325,2.79339438427973,3.93061665597654
300,9,linCmt,focei,lbfgsb3c,TVVc,structural_intercept,20,99,1.4843658542382001,1.56607854898013,2.01155478799841,2.91820328456913,4.82562541733106
300,9,linCmt,focei,lbfgsb3c,ResErr,structural_other,0.1,99,0.56291508209709,0.47014257868038,1.58254747706772,2.21654015317277,3.54159718998913
300,9,linCmt,focei,lbfgsb3c,TVKA,structural_other,0.7,99,4.75809867696496e-14,4.75809867696496e-14,4.75809867696496e-14,4.75809867696496e-14,4.75809867696496e-14
300,9,linCmt,focei,lbfgsb3c,TVQ,structural_other,1.8,99,2.40884691119595,2.36595934509866,2.40884691119595,2.46528757934554,3.28414135833768
300,9,linCmt,focei,lbfgsb3c,TVVp,structural_other,80,99,0.627018204588534,0.631328806032253,0.627018204588534,0.82499494488894,1.31221276913807
300,9,linCmt,focei,lbfgsb3c,cov_VcCL,structural_other,0.02,99,0.0531826867390152,-0.396144193365038,6.59565529830796,13.3831521172704,19.6057408197299
300,9,linCmt,focei,lbfgsb3c,var_CL,structural_other,0.1,99,-1.50173593250261,-2.03227736346008,5.37450760087635,8.48195010772659,14.2829333519327
300,9,linCmt,focei,lbfgsb3c,var_Vc,structural_other,0.1,99,0.384930746192086,-0.0147072418463069,6.35190157263935,9.76446352471075,16.0338332893462
300,9,ode,focei,lbfgsb3c,CLBW,covariate_beta,0.75,68,-0.12705074819895,-1.11559387740331,5.93753729413416,10.9929304376837,19.568925451849
300,9,ode,focei,lbfgsb3c,TVCL,structural_intercept,0.6,98,0.930181608340861,1.01005317993301,1.77578419110402,2.92378419139231,4.12976207048229
300,9,ode,focei,lbfgsb3c,TVVc,structural_intercept,20,98,1.36949562662667,1.51027726351998,1.97037396995332,3.06697717048156,5.10383456181242
300,9,ode,focei,lbfgsb3c,ResErr,structural_other,0.1,98,0.418680887236546,0.389920493496598,1.68819915072051,2.32186746609362,3.55387559396537
300,9,ode,focei,lbfgsb3c,TVKA,structural_other,0.7,98,4.75809867696496e-14,4.75809867696496e-14,4.75809867696496e-14,4.75809867696496e-14,4.75809867696496e-14
300,9,ode,focei,lbfgsb3c,TVQ,structural_other,1.8,98,2.38305027152708,2.34877955704517,2.38305027152708,2.44721838860818,3.20532678153663
300,9,ode,focei,lbfgsb3c,TVVp,structural_other,80,98,0.619254356754269,0.617254169301895,0.624760029118416,0.811119902164261,1.30925389963559
300,9,ode,focei,lbfgsb3c,cov_VcCL,structural_other,0.02,98,-0.462965896601388,-1.41220301262791,5.96240286091371,10.9991221332881,18.2424626692489
300,9,ode,focei,lbfgsb3c,var_CL,structural_other,0.1,98,-1.86367707947986,-1.99683352849397,4.59482698708444,8.67678177454397,14.2889204896198
300,9,ode,focei,lbfgsb3c,var_Vc,structural_other,0.1,98,0.303421635711183,0.0449093646127544,3.70655026553246,8.70324818242486,13.4098268314981
300,10,linCmt,focei,lbfgsb3c,CLBW,covariate_beta,0.75,90,1.63072260279683,0.452955967720471,7.44504297550423,10.0102424002052,16.5389114256913
300,10,linCmt,focei,lbfgsb3c,VcSEX,covariate_beta,0.405465108108164,100,0.0393443549129395,0.03178926220778,7.24309280109897,9.76383609539832,15.0281778005457
300,10,linCmt,focei,lbfgsb3c,TVCL,structural_intercept,0.6,100,-7.70200195363963,-7.37516717510069,7.70200195363963,8.3951991466003,12.008340443699
300,10,linCmt,focei,lbfgsb3c,TVVc,structural_intercept,20,100,0.96105353211576094,1.21331658537717,2.28195366517324,3.1954577177439,5.20806695365597
300,10,linCmt,focei,lbfgsb3c,ResErr,structural_other,0.1,100,-0.257317090325192,-0.153776292941814,1.35772251850617,2.10352407451791,3.54658381264935
300,10,linCmt,focei,lbfgsb3c,TVKA,structural_other,0.7,100,4.75809867696496e-14,4.75809867696496e-14,4.75809867696496e-14,4.75809867696496e-14,4.75809867696496e-14
300,10,linCmt,focei,lbfgsb3c,TVQ,structural_other,1.8,100,1.87506093974185,1.96076059570784,1.87506093974185,2.14706686847786,3.08590550090653
300,10,linCmt,focei,lbfgsb3c,TVVp,structural_other,80,100,0.35146167584946,0.438059861313164,0.51437492517862,0.772507501271564,1.27714434544352
300,10,linCmt,focei,lbfgsb3c,cov_VcCL,structural_other,0.02,100,2.71729438066575,3.76086606277515,6.86484064464012,13.8372830438334,25.8546504828625
300,10,linCmt,focei,lbfgsb3c,var_CL,structural_other,0.1,100,-1.74658709613202,-1.55866177165079,5.85808017401638,7.89876840626906,12.6005568590622
300,10,linCmt,focei,lbfgsb3c,var_Vc,structural_other,0.1,100,2.47883704716249,4.12863133874009,5.6428497404576,12.706863843303699,23.7170478353684
300,10,ode,focei,lbfgsb3c,CLBW,covariate_beta,0.75,88,2.88363158075495,1.08207351741445,7.90942729315371,10.4231312455683,16.9991153638147
300,10,ode,focei,lbfgsb3c,VcSEX,covariate_beta,0.405465108108164,98,-0.738079792354838,-0.38840263152195,6.92038812389162,10.1454055131269,15.604194714651
300,10,ode,focei,lbfgsb3c,TVCL,structural_intercept,0.6,98,-7.75245863813534,-7.04155201983045,7.89862135137978,8.52244449383311,11.9821559289043
300,10,ode,focei,lbfgsb3c,TVVc,structural_intercept,20,98,1.14352476563798,1.33984178666298,2.31344752082456,3.34463644136359,5.61417245831001
300,10,ode,focei,lbfgsb3c,ResErr,structural_other,0.1,98,-0.304582065842836,-0.165519867464551,1.34910441280828,2.08412895730272,3.26983299235309
300,10,ode,focei,lbfgsb3c,TVKA,structural_other,0.7,98,4.75809867696496e-14,4.75809867696496e-14,4.75809867696496e-14,4.75809867696496e-14,4.75809867696496e-14
300,10,ode,focei,lbfgsb3c,TVQ,structural_other,1.8,98,1.8857406780462,1.97400640957867,1.8857406780462,2.15640259908399,3.0396058681001
300,10,ode,focei,lbfgsb3c,TVVp,structural_other,80,98,0.388044185953715,0.430491592986175,0.512727886542539,0.757506815701186,1.23500603472362
300,10,ode,focei,lbfgsb3c,cov_VcCL,structural_other,0.02,98,2.59824372016821,3.36247040000382,8.08513379869494,14.7332290452153,25.8756855510378
300,10,ode,focei,lbfgsb3c,var_CL,structural_other,0.1,98,-2.17007360815537,-1.61209892478965,6.04370241079717,8.11400894348921,13.0423354949996
300,10,ode,focei,lbfgsb3c,var_Vc,structural_other,0.1,98,2.09360290730654,4.23391941021078,6.47470584175532,13.1117544382698,22.6749359893684
300,11,linCmt,focei,lbfgsb3c,CLBW,covariate_beta,0.75,87,-0.593548678734261,-0.508767147804096,8.11425439699945,11.7151150944743,20.0465579997227
300,11,linCmt,focei,lbfgsb3c,VcBW,covariate_beta,1,89,-0.694081667842383,-0.475172314645098,5.53758569813523,8.04672946888985,11.2387701922953
300,11,linCmt,focei,lbfgsb3c,TVCL,structural_intercept,0.6,99,-7.88369159081946,-7.08739189387075,7.88369159081946,8.14494816728731,11.5693338492521
300,11,linCmt,focei,lbfgsb3c,TVVc,structural_intercept,20,99,-10.2160318936905,-9.13164944411509,10.2192182865983,10.3330950711633,14.303323111896
300,11,linCmt,focei,lbfgsb3c,ResErr,structural_other,0.1,99,0.434327800408127,0.440588349406779,1.67810458518793,2.59305991133234,4.17245399235915
300,11,linCmt,focei,lbfgsb3c,TVKA,structural_other,0.7,99,4.75809867696496e-14,4.75809867696496e-14,4.75809867696496e-14,4.75809867696496e-14,4.75809867696496e-14
300,11,linCmt,focei,lbfgsb3c,TVQ,structural_other,1.8,99,1.98109797060827,1.91355217614373,1.98109797060827,2.08354938044099,2.87517726806074
300,11,linCmt,focei,lbfgsb3c,TVVp,structural_other,80,99,0.441989864958661,0.448797002219886,0.478425643321625,0.718476674058145,1.19620330087974
300,11,linCmt,focei,lbfgsb3c,cov_VcCL,structural_other,0.02,99,22.6524415416299,36.3350582459811,23.192263285,52.9906963277186,91.1309267035962
300,11,linCmt,focei,lbfgsb3c,var_CL,structural_other,0.1,99,-1.09418912122314,-1.16375483867582,5.21278307350835,8.39568292694853,13.2049329209827
300,11,linCmt,focei,lbfgsb3c,var_Vc,structural_other,0.1,99,-1.34451949265918,-0.94528407329147,8.18320336163077,12.1610008618293,21.0095092735315
300,11,ode,focei,lbfgsb3c,CLBW,covariate_beta,0.75,90,1.3595225042988,-0.0481006257014017,8.02602607965234,12.8209467176226,19.4982680683535
300,11,ode,focei,lbfgsb3c,VcBW,covariate_beta,1,78,-1.5128528682834,-0.36101127929172,5.34523710212826,7.98024559830321,12.2270055219539
300,11,ode,focei,lbfgsb3c,TVCL,structural_intercept,0.6,98,-8.05970887607715,-7.39290522799892,8.05970887607715,8.23725529409599,11.6942506638244
300,11,ode,focei,lbfgsb3c,TVVc,structural_intercept,20,98,-9.2458260556648,-7.93556582861516,9.2458260556648,9.68244877993802,13.6210456457857
300,11,ode,focei,lbfgsb3c,ResErr,structural_other,0.1,98,0.453514844822665,0.417384837622589,1.57452437791152,2.61079062376331,4.26113661149783
300,11,ode,focei,lbfgsb3c,TVKA,structural_other,0.7,98,4.75809867696496e-14,4.75809867696496e-14,4.75809867696496e-14,4.75809867696496e-14,4.75809867696496e-14
300,11,ode,focei,lbfgsb3c,TVQ,structural_other,1.8,98,1.9609802478166,1.90221345123096,1.9609802478166,2.06629360689401,2.79107974367951
300,11,ode,focei,lbfgsb3c,TVVp,structural_other,80,98,0.416189916505338,0.446212100178847,0.471140312191132,0.717815978256553,1.17147420871852
300,11,ode,focei,lbfgsb3c,cov_VcCL,structural_other,0.02,98,19.2232506866232,32.3882478282758,20.5351639154488,51.3450444769316,90.3870993390139
300,11,ode,focei,lbfgsb3c,var_CL,structural_other,0.1,98,-1.1625306648771,-1.25850947260653,6.47978265092473,8.68034961080325,14.7518364337655
300,11,ode,focei,lbfgsb3c,var_Vc,structural_other,0.1,98,-0.106527868143864,-0.289763748468327,8.95507965758576,12.1186864938125,21.0362445225625
300,12,linCmt,focei,lbfgsb3c,CLBW,covariate_beta,0.75,95,-0.400490779950857,0.186722633319616,8.30842711594119,11.7113846994057,18.3276018162933
300,12,linCmt,focei,lbfgsb3c,VcBW,covariate_beta,1,97,-1.2374844651445,-0.258367758987803,6.86201767698688,9.36504890785692,14.7330662712987
300,12,linCmt,focei,lbfgsb3c,VcSEX,covariate_beta,0.405465108108164,100,-1.04800070459307,-0.897063789979818,7.03459213790769,11.2843106829842,18.595907208091
300,12,linCmt,focei,lbfgsb3c,TVCL,structural_intercept,0.6,100,-8.39013781400812,-7.74365702887834,8.45817866854926,8.79521339613504,11.927833004122
300,12,linCmt,focei,lbfgsb3c,TVVc,structural_intercept,20,100,-10.1995256225069,-9.67416778079432,10.2391017105677,10.7337397624676,14.4675163014666
300,12,linCmt,focei,lbfgsb3c,ResErr,structural_other,0.1,100,0.73468187349867,0.648054564089999,1.54930330918063,2.49772554749432,3.56765939917664
300,12,linCmt,focei,lbfgsb3c,TVKA,structural_other,0.7,100,4.75809867696496e-14,4.75809867696496e-14,4.75809867696496e-14,4.75809867696496e-14,4.75809867696496e-14
300,12,linCmt,focei,lbfgsb3c,TVQ,structural_other,1.8,100,2.18301371356472,2.03015955607803,2.18301371356472,2.22663502683459,3.23033373868263
300,12,linCmt,focei,lbfgsb3c,TVVp,structural_other,80,100,0.34514844325626,0.308576412258236,0.538909872046327,0.718222523373994,1.19639813852912
300,12,linCmt,focei,lbfgsb3c,cov_VcCL,structural_other,0.02,100,9.5130187835519,15.2715089781182,11.6868772893552,27.0981389570518,50.8704917100482
300,12,linCmt,focei,lbfgsb3c,var_CL,structural_other,0.1,100,-1.34300851754376,-1.34069380491514,4.82641256181738,8.18087731414412,13.9581954001451
300,12,linCmt,focei,lbfgsb3c,var_Vc,structural_other,0.1,100,-4.34339777952949,-4.32295230946529,8.32623785334975,11.1661105824253,17.6161732548509
300,12,ode,focei,lbfgsb3c,CLBW,covariate_beta,0.75,91,-0.510990245254028,0.562655161289511,8.00462638030213,12.0554315434017,19.7491675599068
300,12,ode,focei,lbfgsb3c,VcBW,covariate_beta,1,92,2.16199061089941,0.993805964155017,7.20526978473215,10.131685006606,14.6594939751034
300,12,ode,focei,lbfgsb3c,VcSEX,covariate_beta,0.405465108108164,98,-0.195774582489201,-0.178357671111634,6.76369499338039,13.4037042674013,22.5930770110577
300,12,ode,focei,lbfgsb3c,TVCL,structural_intercept,0.6,98,-8.50242418817015,-7.77795960610439,8.57594870559694,8.75801138769779,11.7456517771736
300,12,ode,focei,lbfgsb3c,TVVc,structural_intercept,20,98,-10.5756203086625,-9.31886176408091,10.5756203086625,10.8177972435275,14.4844610071895
300,12,ode,focei,lbfgsb3c,ResErr,structural_other,0.1,98,0.615202124173986,0.584841112568157,1.50492468889264,2.50155261819097,3.80961798968931
300,12,ode,focei,lbfgsb3c,TVKA,structural_other,0.7,98,4.75809867696496e-14,4.75809867696496e-14,4.75809867696496e-14,4.75809867696496e-14,4.75809867696496e-14
300,12,ode,focei,lbfgsb3c,TVQ,structural_other,1.8,98,2.13932480899007,2.00346676882739,2.13932480899007,2.20337715496521,3.17327269507507
300,12,ode,focei,lbfgsb3c,TVVp,structural_other,80,98,0.307202987231268,0.28483232124559,0.48716521039589,0.716502309695151,1.15485968177798
300,12,ode,focei,lbfgsb3c,cov_VcCL,structural_other,0.02,98,10.4155088614641,16.3032831873662,12.5068772400532,28.8102797535659,55.6736512230407
300,12,ode,focei,lbfgsb3c,var_CL,structural_other,0.1,98,-1.71375649725142,-1.21431622934412,5.27080246962328,8.06602060670378,13.2263905752824
300,12,ode,focei,lbfgsb3c,var_Vc,structural_other,0.1,98,-4.94065033921669,-3.97834305385562,8.5521277654018,11.1425551270947,17.8413110009781
300,13,linCmt,focei,lbfgsb3c,CLBW,covariate_beta,0.75,63,1.76459427344186,4.88859190109678,8.38309187998917,16.9988842181681,27.8051252169838
300,13,linCmt,focei,lbfgsb3c,CLcrCL,covariate_beta,0.5,54,-1.54639634955506,-2.46647855993551,7.66739565950438,13.4614089884952,20.6929859982056
300,13,linCmt,focei,lbfgsb3c,TVCL,structural_intercept,0.6,94,-8.56481343325224,-7.75145438208475,8.56481343325224,9.57345048732835,14.3077890389438
300,13,linCmt,focei,lbfgsb3c,TVVc,structural_intercept,20,94,0.894768013584182,1.23997833936955,1.51067451708681,2.84237664137532,4.6917033857331
300,13,linCmt,focei,lbfgsb3c,ResErr,structural_other,0.1,94,-0.387727706775282,-0.135883102187569,1.80293749974168,2.41057965914466,3.84916123791945
300,13,linCmt,focei,lbfgsb3c,TVKA,structural_other,0.7,94,4.75809867696496e-14,4.75809867696496e-14,4.75809867696496e-14,4.75809867696496e-14,4.75809867696496e-14
300,13,linCmt,focei,lbfgsb3c,TVQ,structural_other,1.8,94,2.09024834640008,2.09390813818918,2.09024834640008,2.2265645244496,2.90395561327439
300,13,linCmt,focei,lbfgsb3c,TVVp,structural_other,80,94,0.625101846512237,0.636560286964426,0.694613535608397,0.860680052009619,1.35487446664044
300,13,linCmt,focei,lbfgsb3c,cov_VcCL,structural_other,0.02,94,-2.25299175213977,-1.97116675812271,7.20767893428677,15.8085197763526,18.3059591590333
300,13,linCmt,focei,lbfgsb3c,var_CL,structural_other,0.1,94,-0.0731169037679336,0.346273968592715,6.3006488847935,9.32265523802506,15.384137182505
300,13,linCmt,focei,lbfgsb3c,var_Vc,structural_other,0.1,94,-0.482033352221578,-0.675525275314285,5.28438497317615,9.79388143999383,14.6227081785337
300,13,ode,focei,lbfgsb3c,CLBW,covariate_beta,0.75,79,2.05935320533962,3.47955065482626,7.7616471321161304,14.6635635837656,20.9535670194064
300,13,ode,focei,lbfgsb3c,CLcrCL,covariate_beta,0.5,67,-3.15591872207966,-2.49799452357213,9.15093418669872,15.1347865103049,23.6353716208594
300,13,ode,focei,lbfgsb3c,TVCL,structural_intercept,0.6,92,-10.0839255947339,-9.27323672516756,10.1499267055747,10.7768575782306,14.9448793628693
300,13,ode,focei,lbfgsb3c,TVVc,structural_intercept,20,92,0.849849517453603,1.16087551164599,1.6716377906686,2.78437842061402,4.38803639656027
300,13,ode,focei,lbfgsb3c,ResErr,structural_other,0.1,92,-0.162703146448048,-0.0113167730673656,1.84227914927302,2.41108650908325,3.62484502418289
300,13,ode,focei,lbfgsb3c,TVKA,structural_other,0.7,92,4.75809867696496e-14,4.75809867696496e-14,4.75809867696496e-14,4.75809867696496e-14,4.75809867696496e-14
300,13,ode,focei,lbfgsb3c,TVQ,structural_other,1.8,92,2.08070172401535,2.08957124171552,2.08070172401535,2.22577182558668,3.09280027578809
300,13,ode,focei,lbfgsb3c,TVVp,structural_other,80,92,0.593690328452903,0.581046224989134,0.631485127940259,0.81834824290578,1.25277149801705
300,13,ode,focei,lbfgsb3c,cov_VcCL,structural_other,0.02,92,-0.62540178608737,-0.251303999269421,5.77123363928666,13.7335656473019,22.0418845775957
300,13,ode,focei,lbfgsb3c,var_CL,structural_other,0.1,92,0.0478774419385292,0.353114796546713,4.84653334736739,8.08610625330521,13.6498947135106
300,13,ode,focei,lbfgsb3c,var_Vc,structural_other,0.1,92,-0.562538495255928,-0.499280758666822,4.58504129771348,10.7042145032502,19.073582065907
300,14,linCmt,focei,lbfgsb3c,CLBW,covariate_beta,0.75,93,0.919847376462772,2.77458009957171,10.0999089636264,13.6371977439726,22.6589264884845
300,14,linCmt,focei,lbfgsb3c,CLcrCL,covariate_beta,0.5,81,-3.44018781930229,-3.21309700688786,9.30075289664958,11.9232128591812,19.4962575516114
300,14,linCmt,focei,lbfgsb3c,VcSEX,covariate_beta,0.405465108108164,98,-0.752121689649077,-0.878300805550843,8.55574984233785,11.4489820168644,17.2575113007083
300,14,linCmt,focei,lbfgsb3c,TVCL,structural_intercept,0.6,98,-10.6968911148273,-10.062442761245,10.6968911148273,10.8219200094216,14.6088345472381
300,14,linCmt,focei,lbfgsb3c,TVVc,structural_intercept,20,98,2.07090362907713,1.85451320618743,2.54035969607111,3.89898168616794,6.38099011246912
300,14,linCmt,focei,lbfgsb3c,ResErr,structural_other,0.1,98,0.261230673262572,0.357436155359349,1.33484044639107,2.51257203213823,4.36499558731017
300,14,linCmt,focei,lbfgsb3c,TVKA,structural_other,0.7,98,4.75809867696496e-14,4.75809867696496e-14,4.75809867696496e-14,4.75809867696496e-14,4.75809867696496e-14
300,14,linCmt,focei,lbfgsb3c,TVQ,structural_other,1.8,98,1.65301613351321,1.65915154056888,1.65301613351321,1.86633310731044,2.84904866375106
300,14,linCmt,focei,lbfgsb3c,TVVp,structural_other,80,98,0.567399543837332,0.49991928708279,0.578584418994703,0.790615171589247,1.30278232874211
300,14,linCmt,focei,lbfgsb3c,cov_VcCL,structural_other,0.02,98,-1.45672686059445,0.204307666924317,9.77748378454284,13.5310303997892,21.3782464832
300,14,linCmt,focei,lbfgsb3c,var_CL,structural_other,0.1,98,-2.42507956002701,-1.97866586034153,5.67119171221154,8.41888748210317,13.8291506796126
300,14,linCmt,focei,lbfgsb3c,var_Vc,structural_other,0.1,98,1.95157327309912,1.53325590990168,8.53005768248658,12.1309385557112,18.8135225391677
300,14,ode,focei,lbfgsb3c,CLBW,covariate_beta,0.75,84,0.308310553659223,1.75385489156454,8.99615632421398,13.1007088785085,21.5341889967612
300,14,ode,focei,lbfgsb3c,CLcrCL,covariate_beta,0.5,73,-2.97042938397206,-4.44984492984504,7.44529852854998,13.7930710944467,21.0696816151048
300,14,ode,focei,lbfgsb3c,VcSEX,covariate_beta,0.405465108108164,95,0.424115541972478,-0.470734792012216,9.10960660234305,11.6020956326117,16.3585001649304
300,14,ode,focei,lbfgsb3c,TVCL,structural_intercept,0.6,95,-10.4923504985826,-9.75368048047737,10.4923504985826,10.5220984089055,13.5705659983682
300,14,ode,focei,lbfgsb3c,TVVc,structural_intercept,20,95,2.05035820101775,1.83942827396561,2.31058316380139,3.86970286116323,6.36793692700368
300,14,ode,focei,lbfgsb3c,ResErr,structural_other,0.1,95,0.126603431978733,0.321769842910537,1.33423884135732,2.40980499869229,4.40870948996318
300,14,ode,focei,lbfgsb3c,TVKA,structural_other,0.7,95,4.75809867696496e-14,4.75809867696496e-14,4.75809867696496e-14,4.75809867696496e-14,4.75809867696496e-14
300,14,ode,focei,lbfgsb3c,TVQ,structural_other,1.8,95,1.6723150424959,1.63464966960877,1.6723150424959,1.85505677235756,2.87279129512896
300,14,ode,focei,lbfgsb3c,TVVp,structural_other,80,95,0.574286908441017,0.496450129982495,0.583841538303833,0.790743243271394,1.23870437476246
300,14,ode,focei,lbfgsb3c,cov_VcCL,structural_other,0.02,95,-1.50231104477485,0.909864467178343,9.62743024625073,13.9400685351599,22.3976649596173
300,14,ode,focei,lbfgsb3c,var_CL,structural_other,0.1,95,-2.92500923911818,-2.25099130407994,6.3154126463833,8.70894963262333,13.5647304164382
300,14,ode,focei,lbfgsb3c,var_Vc,structural_other,0.1,95,1.98658955353198,2.98069529437919,9.75941505535879,12.9502187409794,20.4023808570039
300,15,linCmt,focei,lbfgsb3c,CLBW,covariate_beta,0.75,83,-0.0635032434967098,0.142782766076815,9.18877488402004,13.5151565695792,18.427572555932
300,15,linCmt,focei,lbfgsb3c,CLcrCL,covariate_beta,0.5,63,2.11222533606119,1.39118411815856,7.89353054209401,13.3541341688096,16.3851324491589
300,15,linCmt,focei,lbfgsb3c,VcBW,covariate_beta,1,77,1.09573161117795,0.153411609024181,6.31836846893548,8.66851375495575,15.0558007773447
300,15,linCmt,focei,lbfgsb3c,TVCL,structural_intercept,0.6,97,-9.57527732936399,-9.06022160665944,9.57527732936399,10.1732030570119,14.1258776076756
300,15,linCmt,focei,lbfgsb3c,TVVc,structural_intercept,20,97,-9.17204546533549,-7.62761079584413,9.74972441613289,9.9449554759620291,13.792133023573
300,15,linCmt,focei,lbfgsb3c,ResErr,structural_other,0.1,97,1.08641004833844,0.902725080397905,2.00159677915528,2.83699926378559,4.1043100790371
300,15,linCmt,focei,lbfgsb3c,TVKA,structural_other,0.7,97,4.75809867696496e-14,4.75809867696496e-14,4.75809867696496e-14,4.75809867696496e-14,4.75809867696496e-14
300,15,linCmt,focei,lbfgsb3c,TVQ,structural_other,1.8,97,2.14653101669214,2.1801577961725,2.14653101669214,2.37923320742988,3.41140348138834
300,15,linCmt,focei,lbfgsb3c,TVVp,structural_other,80,97,0.70421519620222,0.616563843708978,0.737559955803224,0.901632588207762,1.40660091162273
300,15,linCmt,focei,lbfgsb3c,cov_VcCL,structural_other,0.02,97,71.5197750638875,69.4554772970298,71.5197750638875,85.100967778755,135.351181920076
300,15,linCmt,focei,lbfgsb3c,var_CL,structural_other,0.1,97,3.66910275823384,3.03298949082858,6.73037568902411,9.11927555215078,14.4691948635298
300,15,linCmt,focei,lbfgsb3c,var_Vc,structural_other,0.1,97,-1.08577324965287,-2.69227565422038,9.66273337895983,15.5983537566887,25.0971354756504
300,15,ode,focei,lbfgsb3c,CLBW,covariate_beta,0.75,87,1.5626349794345,2.25270505152267,10.0992144321189,15.2992664238049,22.9213680049924
300,15,ode,focei,lbfgsb3c,CLcrCL,covariate_beta,0.5,71,0.418574415293405,1.10824057713697,7.20307671601621,11.6550612177789,18.928342946121
300,15,ode,focei,lbfgsb3c,VcBW,covariate_beta,1,85,-0.175765564923747,-0.737137170689471,5.9947393910298,9.19974516280464,15.2867188031545
300,15,ode,focei,lbfgsb3c,TVCL,structural_intercept,0.6,95,-9.72216314593199,-9.21324093219175,9.72216314593199,10.6450097146014,14.9694105616154
300,15,ode,focei,lbfgsb3c,TVVc,structural_intercept,20,95,-9.87842678401629,-8.95759576724427,9.95744671739168,10.4891339762057,15.1694509532725
300,15,ode,focei,lbfgsb3c,ResErr,structural_other,0.1,95,0.0668336251554713,0.510797618263821,1.84622372597699,2.74080015461464,4.20971324124557
300,15,ode,focei,lbfgsb3c,TVKA,structural_other,0.7,95,4.75809867696496e-14,4.75809867696496e-14,4.75809867696496e-14,4.75809867696496e-14,4.75809867696496e-14
300,15,ode,focei,lbfgsb3c,TVQ,structural_other,1.8,95,2.03358228344356,2.11939368046934,2.03358228344356,2.33661643642827,3.4333127921246
300,15,ode,focei,lbfgsb3c,TVVp,structural_other,80,95,0.652417651791861,0.589836591601423,0.686502408646064,0.861107278812988,1.37175209134596
300,15,ode,focei,lbfgsb3c,cov_VcCL,structural_other,0.02,95,45.7568217838748,57.7180071676979,45.7568217838748,77.0052714762439,125.618621353543
300,15,ode,focei,lbfgsb3c,var_CL,structural_other,0.1,95,2.08356814437245,2.30883465854333,6.65234836701958,9.39784996302278,14.4510158811633
300,15,ode,focei,lbfgsb3c,var_Vc,structural_other,0.1,95,0.460763188845872,-1.09552567867556,8.80549421738511,13.8521476928577,22.965658239875
300,16,linCmt,focei,lbfgsb3c,CLBW,covariate_beta,0.75,91,-2.95496581417004,-2.94959318652402,7.96424111669605,11.418542368748,18.0453487192439
300,16,linCmt,focei,lbfgsb3c,CLcrCL,covariate_beta,0.5,80,0.639902190789876,1.67901251884348,5.93926061225613,10.0402709369808,16.7835898278297
300,16,linCmt,focei,lbfgsb3c,VcBW,covariate_beta,1,90,1.75255171130198,2.25705649829522,8.09285046451798,12.8599277505797,19.6881384068255
300,16,linCmt,focei,lbfgsb3c,VcSEX,covariate_beta,0.405465108108164,95,-2.22713688700302,-2.17247612562251,6.64795844686967,13.0925201800509,18.3572619415825
300,16,linCmt,focei,lbfgsb3c,TVCL,structural_intercept,0.6,95,-9.37636789692464,-8.95646880301898,9.37636789692464,9.60794743097071,13.4754950340849
300,16,linCmt,focei,lbfgsb3c,TVVc,structural_intercept,20,95,-9.43526080678199,-9.84887767768892,9.43526080678199,10.745336703455,15.3609021888468
300,16,linCmt,focei,lbfgsb3c,ResErr,structural_other,0.1,95,-0.237835010901299,0.180557235345129,1.85539675920808,2.42982935506504,3.53210571587978
300,16,linCmt,focei,lbfgsb3c,TVKA,structural_other,0.7,95,4.75809867696496e-14,4.75809867696496e-14,4.75809867696496e-14,4.75809867696496e-14,4.75809867696496e-14
300,16,linCmt,focei,lbfgsb3c,TVQ,structural_other,1.8,95,1.96710072672093,1.90448509489474,1.96710072672093,2.11019490631055,2.94970496244188
300,16,linCmt,focei,lbfgsb3c,TVVp,structural_other,80,95,0.351231935478076,0.379440879259646,0.539854294999262,0.77533053042274,1.28562919613132
300,16,linCmt,focei,lbfgsb3c,cov_VcCL,structural_other,0.02,95,35.8803186251634,43.359700200484,35.8803186251634,53.5813274196666,87.4384069007263
300,16,linCmt,focei,lbfgsb3c,var_CL,structural_other,0.1,95,-1.49593709823102,-0.998420209467482,5.35849802376966,8.09791263841809,13.3037099529242
300,16,linCmt,focei,lbfgsb3c,var_Vc,structural_other,0.1,95,-2.41699771958227,-1.52605561010472,8.10481131197124,11.5092288051773,19.4284889415923
300,16,ode,focei,lbfgsb3c,CLBW,covariate_beta,0.75,78,-3.22729217951648,-2.76436668115421,7.95567819291814,12.645790494018,21.2853131192004
300,16,ode,focei,lbfgsb3c,CLcrCL,covariate_beta,0.5,63,0.874249391148396,1.62296144311247,6.87177273505262,11.0537860815475,16.7318585946982
300,16,ode,focei,lbfgsb3c,VcBW,covariate_beta,1,82,-0.167821143097346,1.41544131204666,8.51637880441714,20.639199905328,17.8573686838138
300,16,ode,focei,lbfgsb3c,VcSEX,covariate_beta,0.405465108108164,87,-2.02663559444295,-2.10089568642542,6.39598974936816,13.0030837219836,19.0208728099408
300,16,ode,focei,lbfgsb3c,TVCL,structural_intercept,0.6,90,-9.0225186266112,-8.01192937979512,9.0225186266112,9.37383263356558,12.6549468481963
300,16,ode,focei,lbfgsb3c,TVVc,structural_intercept,20,90,-9.14112709353445,-8.70776342997927,9.22299968838318,10.502894030033,15.1174378082025
300,16,ode,focei,lbfgsb3c,ResErr,structural_other,0.1,90,-0.0087127793074529,8.4984033438108e-4,1.89646872216308,2.52294726437087,3.84953560025859
300,16,ode,focei,lbfgsb3c,TVKA,structural_other,0.7,90,4.75809867696496e-14,4.75809867696496e-14,4.75809867696496e-14,4.75809867696496e-14,4.75809867696496e-14
300,16,ode,focei,lbfgsb3c,TVQ,structural_other,1.8,90,1.89698236353092,1.91140367328206,1.89698236353092,2.12138089841747,3.0500382974751
300,16,ode,focei,lbfgsb3c,TVVp,structural_other,80,90,0.382991033613544,0.408262621043719,0.570101661040816,0.822416946982193,1.30370898541532
300,16,ode,focei,lbfgsb3c,cov_VcCL,structural_other,0.02,90,38.1623297557706,45.573398752096,38.1623297557706,58.1076724443471,82.3704730741468
300,16,ode,focei,lbfgsb3c,var_CL,structural_other,0.1,90,-1.16875701333733,-0.460815983353109,6.48114275178562,9.41113018434632,12.6571423749631
300,16,ode,focei,lbfgsb3c,var_Vc,structural_other,0.1,90,1.00131345242978,-0.192316441047525,8.98724773527673,12.5529393670206,20.9686620187257
