sample_N,scenario,structure,dataset_id,var,covar,shape,in_true,in_vae,verdict
80,1,linCmt,2,vc,BMI,power,FALSE,TRUE,FP
80,1,linCmt,5,vc,BMI,power,FALSE,TRUE,FP
80,1,linCmt,6,cl,BW,power,FALSE,TRUE,FP
80,1,linCmt,9,cl,CrCL,power,FALSE,TRUE,FP
80,1,linCmt,14,cl,BMI,power,FALSE,TRUE,FP
80,1,linCmt,20,cl,SEX,cat,FALSE,TRUE,FP
80,1,linCmt,33,vc,BMI,power,FALSE,TRUE,FP
80,1,linCmt,34,cl,SEX,cat,FALSE,TRUE,FP
80,1,linCmt,39,vc,RACE,cat,FALSE,TRUE,FP
80,1,linCmt,43,cl,CrCL,power,FALSE,TRUE,FP
80,1,linCmt,44,vc,SEX,cat,FALSE,TRUE,FP
80,1,linCmt,47,cl,SEX,cat,FALSE,TRUE,FP
80,1,linCmt,50,vc,RACE,cat,FALSE,TRUE,FP
80,1,linCmt,50,cl,RACE,cat,FALSE,TRUE,FP
80,1,linCmt,52,cl,BMI,power,FALSE,TRUE,FP
80,1,linCmt,52,cl,BW,power,FALSE,TRUE,FP
80,1,linCmt,57,vc,SEX,cat,FALSE,TRUE,FP
80,1,linCmt,59,cl,CrCL,power,FALSE,TRUE,FP
80,1,linCmt,60,vc,RACE,cat,FALSE,TRUE,FP
80,1,linCmt,62,vc,BMI,power,FALSE,TRUE,FP
80,1,linCmt,63,cl,CrCL,power,FALSE,TRUE,FP
80,1,linCmt,65,vc,BW,power,FALSE,TRUE,FP
80,1,linCmt,74,cl,CrCL,power,FALSE,TRUE,FP
80,1,linCmt,77,cl,BMI,power,FALSE,TRUE,FP
80,1,linCmt,77,cl,BW,power,FALSE,TRUE,FP
80,1,linCmt,79,vc,CrCL,power,FALSE,TRUE,FP
80,1,linCmt,81,vc,BW,power,FALSE,TRUE,FP
80,1,linCmt,81,vc,CrCL,power,FALSE,TRUE,FP
80,1,linCmt,97,cl,CrCL,power,FALSE,TRUE,FP
80,1,ode,2,vc,BMI,power,FALSE,TRUE,FP
80,1,ode,6,cl,BW,power,FALSE,TRUE,FP
80,1,ode,9,cl,CrCL,power,FALSE,TRUE,FP
80,1,ode,14,cl,BMI,power,FALSE,TRUE,FP
80,1,ode,20,cl,SEX,cat,FALSE,TRUE,FP
80,1,ode,33,vc,BMI,power,FALSE,TRUE,FP
80,1,ode,34,cl,SEX,cat,FALSE,TRUE,FP
80,1,ode,39,vc,RACE,cat,FALSE,TRUE,FP
80,1,ode,43,vc,CrCL,power,FALSE,TRUE,FP
80,1,ode,43,cl,CrCL,power,FALSE,TRUE,FP
80,1,ode,44,vc,SEX,cat,FALSE,TRUE,FP
80,1,ode,47,cl,SEX,cat,FALSE,TRUE,FP
80,1,ode,50,vc,RACE,cat,FALSE,TRUE,FP
80,1,ode,50,cl,RACE,cat,FALSE,TRUE,FP
80,1,ode,52,cl,BMI,power,FALSE,TRUE,FP
80,1,ode,52,cl,BW,power,FALSE,TRUE,FP
80,1,ode,57,vc,SEX,cat,FALSE,TRUE,FP
80,1,ode,59,cl,CrCL,power,FALSE,TRUE,FP
80,1,ode,60,vc,RACE,cat,FALSE,TRUE,FP
80,1,ode,62,vc,BMI,power,FALSE,TRUE,FP
80,1,ode,63,cl,CrCL,power,FALSE,TRUE,FP
80,1,ode,65,vc,BW,power,FALSE,TRUE,FP
80,1,ode,74,cl,CrCL,power,FALSE,TRUE,FP
80,1,ode,77,cl,BMI,power,FALSE,TRUE,FP
80,1,ode,77,cl,BW,power,FALSE,TRUE,FP
80,1,ode,79,vc,CrCL,power,FALSE,TRUE,FP
80,1,ode,81,vc,BW,power,FALSE,TRUE,FP
80,1,ode,81,vc,CrCL,power,FALSE,TRUE,FP
80,1,ode,97,cl,CrCL,power,FALSE,TRUE,FP
80,2,linCmt,1,vc,SEX,cat,TRUE,TRUE,TP
80,2,linCmt,2,vc,SEX,cat,TRUE,TRUE,TP
80,2,linCmt,3,vc,SEX,cat,TRUE,TRUE,TP
80,2,linCmt,3,cl,RACE,cat,FALSE,TRUE,FP
80,2,linCmt,3,cl,SEX,cat,FALSE,TRUE,FP
80,2,linCmt,4,vc,SEX,cat,TRUE,TRUE,TP
80,2,linCmt,5,vc,SEX,cat,TRUE,TRUE,TP
80,2,linCmt,5,vc,BMI,power,FALSE,TRUE,FP
80,2,linCmt,5,cl,SEX,cat,FALSE,TRUE,FP
80,2,linCmt,6,vc,SEX,cat,TRUE,TRUE,TP
80,2,linCmt,7,vc,SEX,cat,TRUE,TRUE,TP
80,2,linCmt,8,vc,SEX,cat,TRUE,TRUE,TP
80,2,linCmt,8,cl,SEX,cat,FALSE,TRUE,FP
80,2,linCmt,9,vc,SEX,cat,TRUE,TRUE,TP
80,2,linCmt,9,cl,BMI,power,FALSE,TRUE,FP
80,2,linCmt,10,vc,SEX,cat,TRUE,TRUE,TP
80,2,linCmt,11,vc,SEX,cat,TRUE,TRUE,TP
80,2,linCmt,12,vc,SEX,cat,TRUE,TRUE,TP
80,2,linCmt,13,vc,SEX,cat,TRUE,TRUE,TP
80,2,linCmt,14,vc,SEX,cat,TRUE,TRUE,TP
80,2,linCmt,15,vc,SEX,cat,TRUE,TRUE,TP
80,2,linCmt,16,vc,SEX,cat,TRUE,TRUE,TP
80,2,linCmt,17,vc,SEX,cat,TRUE,TRUE,TP
80,2,linCmt,17,vc,CrCL,power,FALSE,TRUE,FP
80,2,linCmt,18,vc,SEX,cat,TRUE,TRUE,TP
80,2,linCmt,19,vc,SEX,cat,TRUE,TRUE,TP
80,2,linCmt,20,vc,SEX,cat,TRUE,TRUE,TP
80,2,linCmt,21,vc,SEX,cat,TRUE,TRUE,TP
80,2,linCmt,22,vc,SEX,cat,TRUE,TRUE,TP
80,2,linCmt,23,vc,SEX,cat,TRUE,TRUE,TP
80,2,linCmt,24,vc,SEX,cat,TRUE,TRUE,TP
80,2,linCmt,25,vc,SEX,cat,TRUE,TRUE,TP
80,2,linCmt,26,vc,SEX,cat,TRUE,TRUE,TP
80,2,linCmt,27,vc,SEX,cat,TRUE,TRUE,TP
80,2,linCmt,27,cl,CrCL,power,FALSE,TRUE,FP
80,2,linCmt,28,vc,SEX,cat,TRUE,TRUE,TP
80,2,linCmt,29,vc,SEX,cat,TRUE,TRUE,TP
80,2,linCmt,29,vc,BW,power,FALSE,TRUE,FP
80,2,linCmt,30,vc,SEX,cat,TRUE,TRUE,TP
80,2,linCmt,30,vc,BW,power,FALSE,TRUE,FP
80,2,linCmt,31,vc,SEX,cat,TRUE,TRUE,TP
80,2,linCmt,32,vc,SEX,cat,TRUE,TRUE,TP
80,2,linCmt,32,vc,RACE,cat,FALSE,TRUE,FP
80,2,linCmt,33,vc,SEX,cat,TRUE,TRUE,TP
80,2,linCmt,34,vc,SEX,cat,TRUE,TRUE,TP
80,2,linCmt,35,vc,SEX,cat,TRUE,TRUE,TP
80,2,linCmt,35,cl,BMI,power,FALSE,TRUE,FP
80,2,linCmt,35,cl,BW,power,FALSE,TRUE,FP
80,2,linCmt,35,cl,SEX,cat,FALSE,TRUE,FP
80,2,linCmt,36,vc,SEX,cat,TRUE,TRUE,TP
80,2,linCmt,37,vc,SEX,cat,TRUE,TRUE,TP
80,2,linCmt,38,vc,SEX,cat,TRUE,TRUE,TP
80,2,linCmt,39,vc,SEX,cat,TRUE,TRUE,TP
80,2,linCmt,39,vc,BMI,power,FALSE,TRUE,FP
80,2,linCmt,40,vc,SEX,cat,TRUE,TRUE,TP
80,2,linCmt,41,vc,SEX,cat,TRUE,TRUE,TP
80,2,linCmt,41,cl,BW,power,FALSE,TRUE,FP
80,2,linCmt,41,cl,BMI,power,FALSE,TRUE,FP
80,2,linCmt,42,vc,SEX,cat,TRUE,TRUE,TP
80,2,linCmt,43,vc,SEX,cat,TRUE,TRUE,TP
80,2,linCmt,44,vc,SEX,cat,TRUE,TRUE,TP
80,2,linCmt,44,cl,RACE,cat,FALSE,TRUE,FP
80,2,linCmt,45,vc,SEX,cat,TRUE,TRUE,TP
80,2,linCmt,46,vc,SEX,cat,TRUE,TRUE,TP
80,2,linCmt,47,vc,SEX,cat,TRUE,FALSE,FN
80,2,linCmt,48,vc,SEX,cat,TRUE,TRUE,TP
80,2,linCmt,49,vc,SEX,cat,TRUE,TRUE,TP
80,2,linCmt,49,vc,CrCL,power,FALSE,TRUE,FP
80,2,linCmt,50,vc,SEX,cat,TRUE,TRUE,TP
80,2,linCmt,50,cl,RACE,cat,FALSE,TRUE,FP
80,2,linCmt,51,vc,SEX,cat,TRUE,TRUE,TP
80,2,linCmt,52,vc,SEX,cat,TRUE,TRUE,TP
80,2,linCmt,53,vc,SEX,cat,TRUE,TRUE,TP
80,2,linCmt,54,vc,SEX,cat,TRUE,TRUE,TP
80,2,linCmt,55,vc,SEX,cat,TRUE,TRUE,TP
80,2,linCmt,56,vc,SEX,cat,TRUE,TRUE,TP
80,2,linCmt,56,vc,BMI,power,FALSE,TRUE,FP
80,2,linCmt,56,cl,CrCL,power,FALSE,TRUE,FP
80,2,linCmt,57,vc,SEX,cat,TRUE,TRUE,TP
80,2,linCmt,58,vc,SEX,cat,TRUE,TRUE,TP
80,2,linCmt,59,vc,SEX,cat,TRUE,TRUE,TP
80,2,linCmt,59,vc,CrCL,power,FALSE,TRUE,FP
80,2,linCmt,60,vc,SEX,cat,TRUE,TRUE,TP
80,2,linCmt,61,vc,SEX,cat,TRUE,TRUE,TP
80,2,linCmt,62,vc,SEX,cat,TRUE,TRUE,TP
80,2,linCmt,63,vc,SEX,cat,TRUE,TRUE,TP
80,2,linCmt,64,vc,SEX,cat,TRUE,TRUE,TP
80,2,linCmt,65,vc,SEX,cat,TRUE,TRUE,TP
80,2,linCmt,66,vc,SEX,cat,TRUE,TRUE,TP
80,2,linCmt,67,vc,SEX,cat,TRUE,FALSE,FN
80,2,linCmt,68,vc,SEX,cat,TRUE,TRUE,TP
80,2,linCmt,69,vc,SEX,cat,TRUE,TRUE,TP
80,2,linCmt,70,vc,SEX,cat,TRUE,TRUE,TP
80,2,linCmt,71,vc,SEX,cat,TRUE,TRUE,TP
80,2,linCmt,71,cl,BW,power,FALSE,TRUE,FP
80,2,linCmt,72,vc,SEX,cat,TRUE,TRUE,TP
80,2,linCmt,72,cl,BMI,power,FALSE,TRUE,FP
80,2,linCmt,73,vc,SEX,cat,TRUE,TRUE,TP
80,2,linCmt,74,vc,SEX,cat,TRUE,TRUE,TP
80,2,linCmt,75,vc,SEX,cat,TRUE,TRUE,TP
80,2,linCmt,76,vc,SEX,cat,TRUE,TRUE,TP
80,2,linCmt,77,vc,SEX,cat,TRUE,TRUE,TP
80,2,linCmt,78,vc,SEX,cat,TRUE,TRUE,TP
80,2,linCmt,79,vc,SEX,cat,TRUE,TRUE,TP
80,2,linCmt,80,vc,SEX,cat,TRUE,TRUE,TP
80,2,linCmt,81,vc,SEX,cat,TRUE,TRUE,TP
80,2,linCmt,82,vc,SEX,cat,TRUE,TRUE,TP
80,2,linCmt,83,vc,SEX,cat,TRUE,TRUE,TP
80,2,linCmt,83,cl,CrCL,power,FALSE,TRUE,FP
80,2,linCmt,84,vc,SEX,cat,TRUE,TRUE,TP
80,2,linCmt,85,vc,SEX,cat,TRUE,TRUE,TP
80,2,linCmt,86,vc,SEX,cat,TRUE,TRUE,TP
80,2,linCmt,87,vc,SEX,cat,TRUE,TRUE,TP
80,2,linCmt,88,vc,SEX,cat,TRUE,TRUE,TP
80,2,linCmt,89,vc,SEX,cat,TRUE,TRUE,TP
80,2,linCmt,90,vc,SEX,cat,TRUE,TRUE,TP
80,2,linCmt,91,vc,SEX,cat,TRUE,TRUE,TP
80,2,linCmt,92,vc,SEX,cat,TRUE,TRUE,TP
80,2,linCmt,93,vc,SEX,cat,TRUE,TRUE,TP
80,2,linCmt,94,vc,SEX,cat,TRUE,TRUE,TP
80,2,linCmt,94,cl,CrCL,power,FALSE,TRUE,FP
80,2,linCmt,95,vc,SEX,cat,TRUE,TRUE,TP
80,2,linCmt,96,vc,SEX,cat,TRUE,TRUE,TP
80,2,linCmt,97,vc,SEX,cat,TRUE,TRUE,TP
80,2,linCmt,98,vc,SEX,cat,TRUE,TRUE,TP
80,2,linCmt,98,cl,CrCL,power,FALSE,TRUE,FP
80,2,linCmt,99,vc,SEX,cat,TRUE,TRUE,TP
80,2,linCmt,100,vc,SEX,cat,TRUE,TRUE,TP
80,2,ode,1,vc,SEX,cat,TRUE,TRUE,TP
80,2,ode,2,vc,SEX,cat,TRUE,TRUE,TP
80,2,ode,3,vc,SEX,cat,TRUE,TRUE,TP
80,2,ode,3,cl,RACE,cat,FALSE,TRUE,FP
80,2,ode,3,cl,SEX,cat,FALSE,TRUE,FP
80,2,ode,4,vc,SEX,cat,TRUE,TRUE,TP
80,2,ode,5,vc,SEX,cat,TRUE,TRUE,TP
80,2,ode,5,vc,BMI,power,FALSE,TRUE,FP
80,2,ode,5,cl,SEX,cat,FALSE,TRUE,FP
80,2,ode,6,vc,SEX,cat,TRUE,TRUE,TP
80,2,ode,7,vc,SEX,cat,TRUE,TRUE,TP
80,2,ode,8,vc,SEX,cat,TRUE,TRUE,TP
80,2,ode,8,cl,SEX,cat,FALSE,TRUE,FP
80,2,ode,9,vc,SEX,cat,TRUE,TRUE,TP
80,2,ode,9,cl,BMI,power,FALSE,TRUE,FP
80,2,ode,10,vc,SEX,cat,TRUE,TRUE,TP
80,2,ode,11,vc,SEX,cat,TRUE,TRUE,TP
80,2,ode,12,vc,SEX,cat,TRUE,TRUE,TP
80,2,ode,13,vc,SEX,cat,TRUE,TRUE,TP
80,2,ode,14,vc,SEX,cat,TRUE,TRUE,TP
80,2,ode,15,vc,SEX,cat,TRUE,TRUE,TP
80,2,ode,16,vc,SEX,cat,TRUE,TRUE,TP
80,2,ode,17,vc,SEX,cat,TRUE,TRUE,TP
80,2,ode,17,vc,CrCL,power,FALSE,TRUE,FP
80,2,ode,18,vc,SEX,cat,TRUE,TRUE,TP
80,2,ode,19,vc,SEX,cat,TRUE,TRUE,TP
80,2,ode,20,vc,SEX,cat,TRUE,TRUE,TP
80,2,ode,21,vc,SEX,cat,TRUE,TRUE,TP
80,2,ode,22,vc,SEX,cat,TRUE,TRUE,TP
80,2,ode,23,vc,SEX,cat,TRUE,TRUE,TP
80,2,ode,24,vc,SEX,cat,TRUE,TRUE,TP
80,2,ode,25,vc,SEX,cat,TRUE,TRUE,TP
80,2,ode,26,vc,SEX,cat,TRUE,TRUE,TP
80,2,ode,27,vc,SEX,cat,TRUE,TRUE,TP
80,2,ode,27,cl,CrCL,power,FALSE,TRUE,FP
80,2,ode,28,vc,SEX,cat,TRUE,TRUE,TP
80,2,ode,29,vc,SEX,cat,TRUE,TRUE,TP
80,2,ode,29,vc,BW,power,FALSE,TRUE,FP
80,2,ode,30,vc,SEX,cat,TRUE,TRUE,TP
80,2,ode,30,vc,BW,power,FALSE,TRUE,FP
80,2,ode,31,vc,SEX,cat,TRUE,TRUE,TP
80,2,ode,32,vc,SEX,cat,TRUE,TRUE,TP
80,2,ode,32,vc,RACE,cat,FALSE,TRUE,FP
80,2,ode,33,vc,SEX,cat,TRUE,TRUE,TP
80,2,ode,34,vc,SEX,cat,TRUE,TRUE,TP
80,2,ode,35,vc,SEX,cat,TRUE,TRUE,TP
80,2,ode,35,cl,BMI,power,FALSE,TRUE,FP
80,2,ode,35,cl,BW,power,FALSE,TRUE,FP
80,2,ode,35,cl,SEX,cat,FALSE,TRUE,FP
80,2,ode,36,vc,SEX,cat,TRUE,TRUE,TP
80,2,ode,37,vc,SEX,cat,TRUE,TRUE,TP
80,2,ode,38,vc,SEX,cat,TRUE,TRUE,TP
80,2,ode,39,vc,SEX,cat,TRUE,TRUE,TP
80,2,ode,39,vc,BMI,power,FALSE,TRUE,FP
80,2,ode,40,vc,SEX,cat,TRUE,TRUE,TP
80,2,ode,41,vc,SEX,cat,TRUE,TRUE,TP
80,2,ode,41,cl,BW,power,FALSE,TRUE,FP
80,2,ode,41,cl,BMI,power,FALSE,TRUE,FP
80,2,ode,42,vc,SEX,cat,TRUE,TRUE,TP
80,2,ode,43,vc,SEX,cat,TRUE,TRUE,TP
80,2,ode,44,vc,SEX,cat,TRUE,TRUE,TP
80,2,ode,44,cl,RACE,cat,FALSE,TRUE,FP
80,2,ode,45,vc,SEX,cat,TRUE,TRUE,TP
80,2,ode,46,vc,SEX,cat,TRUE,TRUE,TP
80,2,ode,47,vc,SEX,cat,TRUE,FALSE,FN
80,2,ode,48,vc,SEX,cat,TRUE,TRUE,TP
80,2,ode,49,vc,SEX,cat,TRUE,TRUE,TP
80,2,ode,49,vc,CrCL,power,FALSE,TRUE,FP
80,2,ode,50,vc,SEX,cat,TRUE,TRUE,TP
80,2,ode,50,cl,RACE,cat,FALSE,TRUE,FP
80,2,ode,51,vc,SEX,cat,TRUE,TRUE,TP
80,2,ode,52,vc,SEX,cat,TRUE,TRUE,TP
80,2,ode,53,vc,SEX,cat,TRUE,TRUE,TP
80,2,ode,54,vc,SEX,cat,TRUE,TRUE,TP
80,2,ode,55,vc,SEX,cat,TRUE,TRUE,TP
80,2,ode,56,vc,SEX,cat,TRUE,TRUE,TP
80,2,ode,56,vc,BMI,power,FALSE,TRUE,FP
80,2,ode,56,cl,CrCL,power,FALSE,TRUE,FP
80,2,ode,57,vc,SEX,cat,TRUE,TRUE,TP
80,2,ode,58,vc,SEX,cat,TRUE,TRUE,TP
80,2,ode,59,vc,SEX,cat,TRUE,TRUE,TP
80,2,ode,59,vc,CrCL,power,FALSE,TRUE,FP
80,2,ode,60,vc,SEX,cat,TRUE,TRUE,TP
80,2,ode,61,vc,SEX,cat,TRUE,TRUE,TP
80,2,ode,62,vc,SEX,cat,TRUE,TRUE,TP
80,2,ode,63,vc,SEX,cat,TRUE,TRUE,TP
80,2,ode,64,vc,SEX,cat,TRUE,TRUE,TP
80,2,ode,65,vc,SEX,cat,TRUE,TRUE,TP
80,2,ode,66,vc,SEX,cat,TRUE,TRUE,TP
80,2,ode,67,vc,SEX,cat,TRUE,FALSE,FN
80,2,ode,68,vc,SEX,cat,TRUE,TRUE,TP
80,2,ode,69,vc,SEX,cat,TRUE,TRUE,TP
80,2,ode,70,vc,SEX,cat,TRUE,TRUE,TP
80,2,ode,71,vc,SEX,cat,TRUE,TRUE,TP
80,2,ode,71,cl,BW,power,FALSE,TRUE,FP
80,2,ode,72,vc,SEX,cat,TRUE,TRUE,TP
80,2,ode,72,cl,BMI,power,FALSE,TRUE,FP
80,2,ode,73,vc,SEX,cat,TRUE,TRUE,TP
80,2,ode,74,vc,SEX,cat,TRUE,TRUE,TP
80,2,ode,75,vc,SEX,cat,TRUE,TRUE,TP
80,2,ode,76,vc,SEX,cat,TRUE,TRUE,TP
80,2,ode,77,vc,SEX,cat,TRUE,TRUE,TP
80,2,ode,78,vc,SEX,cat,TRUE,TRUE,TP
80,2,ode,79,vc,SEX,cat,TRUE,TRUE,TP
80,2,ode,80,vc,SEX,cat,TRUE,TRUE,TP
80,2,ode,81,vc,SEX,cat,TRUE,TRUE,TP
80,2,ode,82,vc,SEX,cat,TRUE,TRUE,TP
80,2,ode,83,vc,SEX,cat,TRUE,TRUE,TP
80,2,ode,83,cl,CrCL,power,FALSE,TRUE,FP
80,2,ode,84,vc,SEX,cat,TRUE,TRUE,TP
80,2,ode,85,vc,SEX,cat,TRUE,TRUE,TP
80,2,ode,86,vc,SEX,cat,TRUE,TRUE,TP
80,2,ode,87,vc,SEX,cat,TRUE,TRUE,TP
80,2,ode,88,vc,SEX,cat,TRUE,TRUE,TP
80,2,ode,89,vc,SEX,cat,TRUE,TRUE,TP
80,2,ode,90,vc,SEX,cat,TRUE,TRUE,TP
80,2,ode,91,vc,SEX,cat,TRUE,TRUE,TP
80,2,ode,92,vc,SEX,cat,TRUE,TRUE,TP
80,2,ode,93,vc,SEX,cat,TRUE,TRUE,TP
80,2,ode,94,vc,SEX,cat,TRUE,TRUE,TP
80,2,ode,94,cl,CrCL,power,FALSE,TRUE,FP
80,2,ode,95,vc,SEX,cat,TRUE,TRUE,TP
80,2,ode,96,vc,SEX,cat,TRUE,TRUE,TP
80,2,ode,97,vc,SEX,cat,TRUE,TRUE,TP
80,2,ode,98,vc,SEX,cat,TRUE,TRUE,TP
80,2,ode,98,cl,CrCL,power,FALSE,TRUE,FP
80,2,ode,99,vc,SEX,cat,TRUE,TRUE,TP
80,2,ode,100,vc,SEX,cat,TRUE,TRUE,TP
80,3,linCmt,1,vc,BW,power,TRUE,TRUE,TP
80,3,linCmt,2,vc,BW,power,TRUE,TRUE,TP
80,3,linCmt,2,cl,RACE,cat,FALSE,TRUE,FP
80,3,linCmt,2,cl,CrCL,power,FALSE,TRUE,FP
80,3,linCmt,3,vc,BW,power,TRUE,TRUE,TP
80,3,linCmt,3,cl,SEX,cat,FALSE,TRUE,FP
80,3,linCmt,4,vc,BW,power,TRUE,TRUE,TP
80,3,linCmt,5,vc,BW,power,TRUE,TRUE,TP
80,3,linCmt,5,cl,BMI,power,FALSE,TRUE,FP
80,3,linCmt,5,cl,BW,power,FALSE,TRUE,FP
80,3,linCmt,6,vc,BW,power,TRUE,TRUE,TP
80,3,linCmt,7,vc,BW,power,TRUE,FALSE,FN
80,3,linCmt,7,vc,BMI,power,FALSE,TRUE,FP
80,3,linCmt,7,cl,BMI,power,FALSE,TRUE,FP
80,3,linCmt,8,vc,BW,power,TRUE,TRUE,TP
80,3,linCmt,9,vc,BW,power,TRUE,TRUE,TP
80,3,linCmt,10,vc,BW,power,TRUE,TRUE,TP
80,3,linCmt,11,vc,BW,power,TRUE,TRUE,TP
80,3,linCmt,12,vc,BW,power,TRUE,TRUE,TP
80,3,linCmt,13,vc,BW,power,TRUE,TRUE,TP
80,3,linCmt,14,vc,BW,power,TRUE,TRUE,TP
80,3,linCmt,14,vc,CrCL,power,FALSE,TRUE,FP
80,3,linCmt,15,vc,BW,power,TRUE,TRUE,TP
80,3,linCmt,15,vc,CrCL,power,FALSE,TRUE,FP
80,3,linCmt,16,vc,BW,power,TRUE,TRUE,TP
80,3,linCmt,17,vc,BW,power,TRUE,TRUE,TP
80,3,linCmt,18,vc,BW,power,TRUE,TRUE,TP
80,3,linCmt,19,vc,BW,power,TRUE,TRUE,TP
80,3,linCmt,19,cl,RACE,cat,FALSE,TRUE,FP
80,3,linCmt,20,vc,BW,power,TRUE,TRUE,TP
80,3,linCmt,21,vc,BW,power,TRUE,TRUE,TP
80,3,linCmt,22,vc,BW,power,TRUE,TRUE,TP
80,3,linCmt,23,vc,BW,power,TRUE,TRUE,TP
80,3,linCmt,24,vc,BW,power,TRUE,TRUE,TP
80,3,linCmt,25,vc,BW,power,TRUE,TRUE,TP
80,3,linCmt,25,cl,RACE,cat,FALSE,TRUE,FP
80,3,linCmt,26,vc,BW,power,TRUE,TRUE,TP
80,3,linCmt,27,vc,BW,power,TRUE,TRUE,TP
80,3,linCmt,28,vc,BW,power,TRUE,TRUE,TP
80,3,linCmt,29,vc,BW,power,TRUE,TRUE,TP
80,3,linCmt,30,vc,BW,power,TRUE,TRUE,TP
80,3,linCmt,31,vc,BW,power,TRUE,TRUE,TP
80,3,linCmt,31,cl,SEX,cat,FALSE,TRUE,FP
80,3,linCmt,32,vc,BW,power,TRUE,TRUE,TP
80,3,linCmt,33,vc,BW,power,TRUE,TRUE,TP
80,3,linCmt,34,vc,BW,power,TRUE,TRUE,TP
80,3,linCmt,35,vc,BW,power,TRUE,TRUE,TP
80,3,linCmt,36,vc,BW,power,TRUE,TRUE,TP
80,3,linCmt,37,vc,BW,power,TRUE,TRUE,TP
80,3,linCmt,37,cl,RACE,cat,FALSE,TRUE,FP
80,3,linCmt,38,vc,BW,power,TRUE,TRUE,TP
80,3,linCmt,38,cl,CrCL,power,FALSE,TRUE,FP
80,3,linCmt,39,vc,BW,power,TRUE,TRUE,TP
80,3,linCmt,39,cl,SEX,cat,FALSE,TRUE,FP
80,3,linCmt,40,vc,BW,power,TRUE,TRUE,TP
80,3,linCmt,41,vc,BW,power,TRUE,TRUE,TP
80,3,linCmt,41,vc,RACE,cat,FALSE,TRUE,FP
80,3,linCmt,42,vc,BW,power,TRUE,TRUE,TP
80,3,linCmt,43,vc,BW,power,TRUE,TRUE,TP
80,3,linCmt,43,cl,BW,power,FALSE,TRUE,FP
80,3,linCmt,43,cl,CrCL,power,FALSE,TRUE,FP
80,3,linCmt,44,vc,BW,power,TRUE,TRUE,TP
80,3,linCmt,45,vc,BW,power,TRUE,TRUE,TP
80,3,linCmt,46,vc,BW,power,TRUE,TRUE,TP
80,3,linCmt,47,vc,BW,power,TRUE,TRUE,TP
80,3,linCmt,48,vc,BW,power,TRUE,TRUE,TP
80,3,linCmt,49,vc,BW,power,TRUE,TRUE,TP
80,3,linCmt,50,vc,BW,power,TRUE,FALSE,FN
80,3,linCmt,50,vc,BMI,power,FALSE,TRUE,FP
80,3,linCmt,51,vc,BW,power,TRUE,FALSE,FN
80,3,linCmt,51,vc,BMI,power,FALSE,TRUE,FP
80,3,linCmt,52,vc,BW,power,TRUE,FALSE,FN
80,3,linCmt,52,vc,BMI,power,FALSE,TRUE,FP
80,3,linCmt,52,vc,SEX,cat,FALSE,TRUE,FP
80,3,linCmt,53,vc,BW,power,TRUE,TRUE,TP
80,3,linCmt,54,vc,BW,power,TRUE,TRUE,TP
80,3,linCmt,55,vc,BW,power,TRUE,TRUE,TP
80,3,linCmt,56,vc,BW,power,TRUE,TRUE,TP
80,3,linCmt,57,vc,BW,power,TRUE,TRUE,TP
80,3,linCmt,58,vc,BW,power,TRUE,TRUE,TP
80,3,linCmt,59,vc,BW,power,TRUE,TRUE,TP
80,3,linCmt,60,vc,BW,power,TRUE,TRUE,TP
80,3,linCmt,61,vc,BW,power,TRUE,TRUE,TP
80,3,linCmt,61,cl,CrCL,power,FALSE,TRUE,FP
80,3,linCmt,61,vc,CrCL,power,FALSE,TRUE,FP
80,3,linCmt,62,vc,BW,power,TRUE,TRUE,TP
80,3,linCmt,63,vc,BW,power,TRUE,TRUE,TP
80,3,linCmt,64,vc,BW,power,TRUE,TRUE,TP
80,3,linCmt,64,cl,CrCL,power,FALSE,TRUE,FP
80,3,linCmt,65,vc,BW,power,TRUE,TRUE,TP
80,3,linCmt,66,vc,BW,power,TRUE,TRUE,TP
80,3,linCmt,67,vc,BW,power,TRUE,TRUE,TP
80,3,linCmt,67,cl,BMI,power,FALSE,TRUE,FP
80,3,linCmt,68,vc,BW,power,TRUE,TRUE,TP
80,3,linCmt,69,vc,BW,power,TRUE,FALSE,FN
80,3,linCmt,69,vc,BMI,power,FALSE,TRUE,FP
80,3,linCmt,70,vc,BW,power,TRUE,TRUE,TP
80,3,linCmt,71,vc,BW,power,TRUE,TRUE,TP
80,3,linCmt,72,vc,BW,power,TRUE,TRUE,TP
80,3,linCmt,73,vc,BW,power,TRUE,TRUE,TP
80,3,linCmt,74,vc,BW,power,TRUE,TRUE,TP
80,3,linCmt,74,vc,CrCL,power,FALSE,TRUE,FP
80,3,linCmt,75,vc,BW,power,TRUE,TRUE,TP
80,3,linCmt,76,vc,BW,power,TRUE,TRUE,TP
80,3,linCmt,77,vc,BW,power,TRUE,TRUE,TP
80,3,linCmt,78,vc,BW,power,TRUE,TRUE,TP
80,3,linCmt,79,vc,BW,power,TRUE,TRUE,TP
80,3,linCmt,80,vc,BW,power,TRUE,TRUE,TP
80,3,linCmt,81,vc,BW,power,TRUE,TRUE,TP
80,3,linCmt,82,vc,BW,power,TRUE,TRUE,TP
80,3,linCmt,83,vc,BW,power,TRUE,TRUE,TP
80,3,linCmt,83,vc,CrCL,power,FALSE,TRUE,FP
80,3,linCmt,84,vc,BW,power,TRUE,TRUE,TP
80,3,linCmt,85,vc,BW,power,TRUE,TRUE,TP
80,3,linCmt,86,vc,BW,power,TRUE,TRUE,TP
80,3,linCmt,87,vc,BW,power,TRUE,TRUE,TP
80,3,linCmt,88,vc,BW,power,TRUE,TRUE,TP
80,3,linCmt,89,vc,BW,power,TRUE,TRUE,TP
80,3,linCmt,89,cl,BMI,power,FALSE,TRUE,FP
80,3,linCmt,89,cl,CrCL,power,FALSE,TRUE,FP
80,3,linCmt,90,vc,BW,power,TRUE,TRUE,TP
80,3,linCmt,91,vc,BW,power,TRUE,TRUE,TP
80,3,linCmt,92,vc,BW,power,TRUE,TRUE,TP
80,3,linCmt,93,vc,BW,power,TRUE,TRUE,TP
80,3,linCmt,93,cl,BW,power,FALSE,TRUE,FP
80,3,linCmt,94,vc,BW,power,TRUE,TRUE,TP
80,3,linCmt,95,vc,BW,power,TRUE,TRUE,TP
80,3,linCmt,96,vc,BW,power,TRUE,TRUE,TP
80,3,linCmt,96,cl,CrCL,power,FALSE,TRUE,FP
80,3,linCmt,97,vc,BW,power,TRUE,TRUE,TP
80,3,linCmt,98,vc,BW,power,TRUE,TRUE,TP
80,3,linCmt,99,vc,BW,power,TRUE,TRUE,TP
80,3,linCmt,99,vc,RACE,cat,FALSE,TRUE,FP
80,3,linCmt,100,vc,BW,power,TRUE,TRUE,TP
80,3,ode,1,vc,BW,power,TRUE,TRUE,TP
80,3,ode,2,vc,BW,power,TRUE,TRUE,TP
80,3,ode,2,cl,RACE,cat,FALSE,TRUE,FP
80,3,ode,2,cl,CrCL,power,FALSE,TRUE,FP
80,3,ode,3,vc,BW,power,TRUE,TRUE,TP
80,3,ode,3,cl,SEX,cat,FALSE,TRUE,FP
80,3,ode,4,vc,BW,power,TRUE,TRUE,TP
80,3,ode,5,vc,BW,power,TRUE,TRUE,TP
80,3,ode,5,cl,BMI,power,FALSE,TRUE,FP
80,3,ode,5,cl,BW,power,FALSE,TRUE,FP
80,3,ode,6,vc,BW,power,TRUE,TRUE,TP
80,3,ode,7,vc,BW,power,TRUE,FALSE,FN
80,3,ode,7,vc,BMI,power,FALSE,TRUE,FP
80,3,ode,7,cl,BMI,power,FALSE,TRUE,FP
80,3,ode,8,vc,BW,power,TRUE,TRUE,TP
80,3,ode,9,vc,BW,power,TRUE,TRUE,TP
80,3,ode,10,vc,BW,power,TRUE,TRUE,TP
80,3,ode,11,vc,BW,power,TRUE,TRUE,TP
80,3,ode,12,vc,BW,power,TRUE,TRUE,TP
80,3,ode,13,vc,BW,power,TRUE,TRUE,TP
80,3,ode,14,vc,BW,power,TRUE,TRUE,TP
80,3,ode,14,vc,CrCL,power,FALSE,TRUE,FP
80,3,ode,15,vc,BW,power,TRUE,TRUE,TP
80,3,ode,15,vc,CrCL,power,FALSE,TRUE,FP
80,3,ode,16,vc,BW,power,TRUE,TRUE,TP
80,3,ode,17,vc,BW,power,TRUE,TRUE,TP
80,3,ode,18,vc,BW,power,TRUE,TRUE,TP
80,3,ode,19,vc,BW,power,TRUE,TRUE,TP
80,3,ode,19,cl,RACE,cat,FALSE,TRUE,FP
80,3,ode,20,vc,BW,power,TRUE,TRUE,TP
80,3,ode,21,vc,BW,power,TRUE,TRUE,TP
80,3,ode,22,vc,BW,power,TRUE,TRUE,TP
80,3,ode,23,vc,BW,power,TRUE,TRUE,TP
80,3,ode,24,vc,BW,power,TRUE,TRUE,TP
80,3,ode,25,vc,BW,power,TRUE,TRUE,TP
80,3,ode,25,cl,RACE,cat,FALSE,TRUE,FP
80,3,ode,26,vc,BW,power,TRUE,TRUE,TP
80,3,ode,27,vc,BW,power,TRUE,TRUE,TP
80,3,ode,28,vc,BW,power,TRUE,TRUE,TP
80,3,ode,29,vc,BW,power,TRUE,TRUE,TP
80,3,ode,30,vc,BW,power,TRUE,TRUE,TP
80,3,ode,31,vc,BW,power,TRUE,TRUE,TP
80,3,ode,31,cl,SEX,cat,FALSE,TRUE,FP
80,3,ode,32,vc,BW,power,TRUE,TRUE,TP
80,3,ode,33,vc,BW,power,TRUE,TRUE,TP
80,3,ode,34,vc,BW,power,TRUE,TRUE,TP
80,3,ode,35,vc,BW,power,TRUE,TRUE,TP
80,3,ode,36,vc,BW,power,TRUE,TRUE,TP
80,3,ode,37,vc,BW,power,TRUE,TRUE,TP
80,3,ode,37,cl,RACE,cat,FALSE,TRUE,FP
80,3,ode,38,vc,BW,power,TRUE,TRUE,TP
80,3,ode,38,cl,CrCL,power,FALSE,TRUE,FP
80,3,ode,39,vc,BW,power,TRUE,TRUE,TP
80,3,ode,39,cl,SEX,cat,FALSE,TRUE,FP
80,3,ode,40,vc,BW,power,TRUE,TRUE,TP
80,3,ode,41,vc,BW,power,TRUE,TRUE,TP
80,3,ode,41,vc,RACE,cat,FALSE,TRUE,FP
80,3,ode,41,vc,CrCL,power,FALSE,TRUE,FP
80,3,ode,42,vc,BW,power,TRUE,TRUE,TP
80,3,ode,43,vc,BW,power,TRUE,TRUE,TP
80,3,ode,43,cl,BW,power,FALSE,TRUE,FP
80,3,ode,43,cl,CrCL,power,FALSE,TRUE,FP
80,3,ode,44,vc,BW,power,TRUE,TRUE,TP
80,3,ode,45,vc,BW,power,TRUE,TRUE,TP
80,3,ode,46,vc,BW,power,TRUE,TRUE,TP
80,3,ode,47,vc,BW,power,TRUE,TRUE,TP
80,3,ode,48,vc,BW,power,TRUE,TRUE,TP
80,3,ode,49,vc,BW,power,TRUE,TRUE,TP
80,3,ode,50,vc,BW,power,TRUE,FALSE,FN
80,3,ode,50,vc,BMI,power,FALSE,TRUE,FP
80,3,ode,51,vc,BW,power,TRUE,FALSE,FN
80,3,ode,51,vc,BMI,power,FALSE,TRUE,FP
80,3,ode,52,vc,BW,power,TRUE,FALSE,FN
80,3,ode,52,vc,BMI,power,FALSE,TRUE,FP
80,3,ode,52,vc,SEX,cat,FALSE,TRUE,FP
80,3,ode,53,vc,BW,power,TRUE,TRUE,TP
80,3,ode,54,vc,BW,power,TRUE,TRUE,TP
80,3,ode,55,vc,BW,power,TRUE,TRUE,TP
80,3,ode,56,vc,BW,power,TRUE,TRUE,TP
80,3,ode,57,vc,BW,power,TRUE,TRUE,TP
80,3,ode,58,vc,BW,power,TRUE,TRUE,TP
80,3,ode,59,vc,BW,power,TRUE,TRUE,TP
80,3,ode,60,vc,BW,power,TRUE,TRUE,TP
80,3,ode,61,vc,BW,power,TRUE,TRUE,TP
80,3,ode,61,cl,CrCL,power,FALSE,TRUE,FP
80,3,ode,61,vc,CrCL,power,FALSE,TRUE,FP
80,3,ode,62,vc,BW,power,TRUE,TRUE,TP
80,3,ode,63,vc,BW,power,TRUE,TRUE,TP
80,3,ode,64,vc,BW,power,TRUE,TRUE,TP
80,3,ode,64,cl,CrCL,power,FALSE,TRUE,FP
80,3,ode,65,vc,BW,power,TRUE,TRUE,TP
80,3,ode,66,vc,BW,power,TRUE,TRUE,TP
80,3,ode,67,vc,BW,power,TRUE,TRUE,TP
80,3,ode,67,cl,BMI,power,FALSE,TRUE,FP
80,3,ode,68,vc,BW,power,TRUE,TRUE,TP
80,3,ode,69,vc,BW,power,TRUE,FALSE,FN
80,3,ode,69,vc,BMI,power,FALSE,TRUE,FP
80,3,ode,70,vc,BW,power,TRUE,TRUE,TP
80,3,ode,71,vc,BW,power,TRUE,TRUE,TP
80,3,ode,72,vc,BW,power,TRUE,TRUE,TP
80,3,ode,73,vc,BW,power,TRUE,TRUE,TP
80,3,ode,74,vc,BW,power,TRUE,TRUE,TP
80,3,ode,74,vc,CrCL,power,FALSE,TRUE,FP
80,3,ode,75,vc,BW,power,TRUE,TRUE,TP
80,3,ode,76,vc,BW,power,TRUE,TRUE,TP
80,3,ode,77,vc,BW,power,TRUE,TRUE,TP
80,3,ode,78,vc,BW,power,TRUE,TRUE,TP
80,3,ode,79,vc,BW,power,TRUE,TRUE,TP
80,3,ode,80,vc,BW,power,TRUE,TRUE,TP
80,3,ode,81,vc,BW,power,TRUE,TRUE,TP
80,3,ode,82,vc,BW,power,TRUE,TRUE,TP
80,3,ode,83,vc,BW,power,TRUE,TRUE,TP
80,3,ode,83,vc,CrCL,power,FALSE,TRUE,FP
80,3,ode,84,vc,BW,power,TRUE,TRUE,TP
80,3,ode,85,vc,BW,power,TRUE,TRUE,TP
80,3,ode,86,vc,BW,power,TRUE,TRUE,TP
80,3,ode,87,vc,BW,power,TRUE,TRUE,TP
80,3,ode,88,vc,BW,power,TRUE,TRUE,TP
80,3,ode,89,vc,BW,power,TRUE,TRUE,TP
80,3,ode,89,cl,BMI,power,FALSE,TRUE,FP
80,3,ode,89,cl,CrCL,power,FALSE,TRUE,FP
80,3,ode,90,vc,BW,power,TRUE,TRUE,TP
80,3,ode,91,vc,BW,power,TRUE,TRUE,TP
80,3,ode,92,vc,BW,power,TRUE,TRUE,TP
80,3,ode,93,vc,BW,power,TRUE,TRUE,TP
80,3,ode,93,cl,BW,power,FALSE,TRUE,FP
80,3,ode,94,vc,BW,power,TRUE,TRUE,TP
80,3,ode,95,vc,BW,power,TRUE,TRUE,TP
80,3,ode,96,vc,BW,power,TRUE,TRUE,TP
80,3,ode,96,cl,CrCL,power,FALSE,TRUE,FP
80,3,ode,97,vc,BW,power,TRUE,TRUE,TP
80,3,ode,98,vc,BW,power,TRUE,TRUE,TP
80,3,ode,99,vc,BW,power,TRUE,TRUE,TP
80,3,ode,99,vc,RACE,cat,FALSE,TRUE,FP
80,3,ode,100,vc,BW,power,TRUE,TRUE,TP
80,4,linCmt,1,vc,BW,power,TRUE,TRUE,TP
80,4,linCmt,1,vc,SEX,cat,TRUE,TRUE,TP
80,4,linCmt,2,vc,BW,power,TRUE,TRUE,TP
80,4,linCmt,2,vc,SEX,cat,TRUE,TRUE,TP
80,4,linCmt,3,vc,BW,power,TRUE,TRUE,TP
80,4,linCmt,3,vc,SEX,cat,TRUE,TRUE,TP
80,4,linCmt,3,cl,CrCL,power,FALSE,TRUE,FP
80,4,linCmt,4,vc,BW,power,TRUE,TRUE,TP
80,4,linCmt,4,vc,SEX,cat,TRUE,TRUE,TP
80,4,linCmt,5,vc,SEX,cat,TRUE,TRUE,TP
80,4,linCmt,5,vc,BW,power,TRUE,FALSE,FN
80,4,linCmt,5,vc,BMI,power,FALSE,TRUE,FP
80,4,linCmt,5,vc,CrCL,power,FALSE,TRUE,FP
80,4,linCmt,6,vc,BW,power,TRUE,TRUE,TP
80,4,linCmt,6,vc,SEX,cat,TRUE,TRUE,TP
80,4,linCmt,6,cl,BMI,power,FALSE,TRUE,FP
80,4,linCmt,7,vc,BW,power,TRUE,TRUE,TP
80,4,linCmt,7,vc,SEX,cat,TRUE,TRUE,TP
80,4,linCmt,7,cl,BMI,power,FALSE,TRUE,FP
80,4,linCmt,8,vc,BW,power,TRUE,TRUE,TP
80,4,linCmt,8,vc,SEX,cat,TRUE,TRUE,TP
80,4,linCmt,9,vc,BW,power,TRUE,TRUE,TP
80,4,linCmt,9,vc,SEX,cat,TRUE,TRUE,TP
80,4,linCmt,10,vc,BW,power,TRUE,TRUE,TP
80,4,linCmt,10,vc,SEX,cat,TRUE,TRUE,TP
80,4,linCmt,11,vc,BW,power,TRUE,TRUE,TP
80,4,linCmt,11,vc,SEX,cat,TRUE,TRUE,TP
80,4,linCmt,12,vc,BW,power,TRUE,TRUE,TP
80,4,linCmt,12,vc,SEX,cat,TRUE,TRUE,TP
80,4,linCmt,13,vc,BW,power,TRUE,TRUE,TP
80,4,linCmt,13,vc,SEX,cat,TRUE,TRUE,TP
80,4,linCmt,14,vc,BW,power,TRUE,TRUE,TP
80,4,linCmt,14,vc,SEX,cat,TRUE,TRUE,TP
80,4,linCmt,15,vc,BW,power,TRUE,TRUE,TP
80,4,linCmt,15,vc,SEX,cat,TRUE,TRUE,TP
80,4,linCmt,15,vc,RACE,cat,FALSE,TRUE,FP
80,4,linCmt,16,vc,BW,power,TRUE,TRUE,TP
80,4,linCmt,16,vc,SEX,cat,TRUE,TRUE,TP
80,4,linCmt,17,vc,BW,power,TRUE,TRUE,TP
80,4,linCmt,17,vc,SEX,cat,TRUE,TRUE,TP
80,4,linCmt,18,vc,BW,power,TRUE,TRUE,TP
80,4,linCmt,18,vc,SEX,cat,TRUE,TRUE,TP
80,4,linCmt,19,vc,BW,power,TRUE,TRUE,TP
80,4,linCmt,19,vc,SEX,cat,TRUE,TRUE,TP
80,4,linCmt,20,vc,BW,power,TRUE,TRUE,TP
80,4,linCmt,20,vc,SEX,cat,TRUE,TRUE,TP
80,4,linCmt,21,vc,BW,power,TRUE,TRUE,TP
80,4,linCmt,21,vc,SEX,cat,TRUE,TRUE,TP
80,4,linCmt,22,vc,BW,power,TRUE,TRUE,TP
80,4,linCmt,22,vc,SEX,cat,TRUE,TRUE,TP
80,4,linCmt,23,vc,BW,power,TRUE,TRUE,TP
80,4,linCmt,23,vc,SEX,cat,TRUE,TRUE,TP
80,4,linCmt,23,vc,RACE,cat,FALSE,TRUE,FP
80,4,linCmt,24,vc,BW,power,TRUE,TRUE,TP
80,4,linCmt,24,vc,SEX,cat,TRUE,TRUE,TP
80,4,linCmt,25,vc,BW,power,TRUE,TRUE,TP
80,4,linCmt,25,vc,SEX,cat,TRUE,TRUE,TP
80,4,linCmt,26,vc,BW,power,TRUE,TRUE,TP
80,4,linCmt,26,vc,SEX,cat,TRUE,TRUE,TP
80,4,linCmt,27,vc,SEX,cat,TRUE,TRUE,TP
80,4,linCmt,27,vc,BW,power,TRUE,FALSE,FN
80,4,linCmt,27,vc,BMI,power,FALSE,TRUE,FP
80,4,linCmt,28,vc,BW,power,TRUE,TRUE,TP
80,4,linCmt,28,vc,SEX,cat,TRUE,TRUE,TP
80,4,linCmt,28,cl,BW,power,FALSE,TRUE,FP
80,4,linCmt,28,cl,RACE,cat,FALSE,TRUE,FP
80,4,linCmt,29,vc,BW,power,TRUE,TRUE,TP
80,4,linCmt,29,vc,SEX,cat,TRUE,TRUE,TP
80,4,linCmt,30,vc,BW,power,TRUE,TRUE,TP
80,4,linCmt,30,vc,SEX,cat,TRUE,TRUE,TP
80,4,linCmt,31,vc,SEX,cat,TRUE,TRUE,TP
80,4,linCmt,31,vc,BW,power,TRUE,FALSE,FN
80,4,linCmt,31,vc,BMI,power,FALSE,TRUE,FP
80,4,linCmt,31,vc,RACE,cat,FALSE,TRUE,FP
80,4,linCmt,32,vc,SEX,cat,TRUE,TRUE,TP
80,4,linCmt,32,vc,BW,power,TRUE,FALSE,FN
80,4,linCmt,32,vc,BMI,power,FALSE,TRUE,FP
80,4,linCmt,32,cl,CrCL,power,FALSE,TRUE,FP
80,4,linCmt,33,vc,SEX,cat,TRUE,TRUE,TP
80,4,linCmt,33,vc,BW,power,TRUE,FALSE,FN
80,4,linCmt,33,vc,BMI,power,FALSE,TRUE,FP
80,4,linCmt,34,vc,BW,power,TRUE,TRUE,TP
80,4,linCmt,34,vc,SEX,cat,TRUE,TRUE,TP
80,4,linCmt,35,vc,BW,power,TRUE,TRUE,TP
80,4,linCmt,35,vc,SEX,cat,TRUE,TRUE,TP
80,4,linCmt,36,vc,BW,power,TRUE,TRUE,TP
80,4,linCmt,36,vc,SEX,cat,TRUE,TRUE,TP
80,4,linCmt,37,vc,BW,power,TRUE,TRUE,TP
80,4,linCmt,37,vc,SEX,cat,TRUE,TRUE,TP
80,4,linCmt,38,vc,BW,power,TRUE,TRUE,TP
80,4,linCmt,38,vc,SEX,cat,TRUE,TRUE,TP
80,4,linCmt,39,vc,BW,power,TRUE,TRUE,TP
80,4,linCmt,39,vc,SEX,cat,TRUE,TRUE,TP
80,4,linCmt,40,vc,BW,power,TRUE,TRUE,TP
80,4,linCmt,40,vc,SEX,cat,TRUE,TRUE,TP
80,4,linCmt,40,cl,RACE,cat,FALSE,TRUE,FP
80,4,linCmt,41,vc,BW,power,TRUE,TRUE,TP
80,4,linCmt,41,vc,SEX,cat,TRUE,TRUE,TP
80,4,linCmt,42,vc,SEX,cat,TRUE,TRUE,TP
80,4,linCmt,42,vc,BW,power,TRUE,FALSE,FN
80,4,linCmt,42,vc,BMI,power,FALSE,TRUE,FP
80,4,linCmt,43,vc,BW,power,TRUE,TRUE,TP
80,4,linCmt,43,vc,SEX,cat,TRUE,TRUE,TP
80,4,linCmt,43,cl,CrCL,power,FALSE,TRUE,FP
80,4,linCmt,44,vc,SEX,cat,TRUE,TRUE,TP
80,4,linCmt,44,vc,BW,power,TRUE,FALSE,FN
80,4,linCmt,44,vc,BMI,power,FALSE,TRUE,FP
80,4,linCmt,45,vc,BW,power,TRUE,TRUE,TP
80,4,linCmt,45,vc,SEX,cat,TRUE,TRUE,TP
80,4,linCmt,46,vc,BW,power,TRUE,TRUE,TP
80,4,linCmt,46,vc,SEX,cat,TRUE,TRUE,TP
80,4,linCmt,47,vc,BW,power,TRUE,TRUE,TP
80,4,linCmt,47,vc,SEX,cat,TRUE,TRUE,TP
80,4,linCmt,48,vc,SEX,cat,TRUE,TRUE,TP
80,4,linCmt,48,vc,BW,power,TRUE,FALSE,FN
80,4,linCmt,48,vc,BMI,power,FALSE,TRUE,FP
80,4,linCmt,49,vc,BW,power,TRUE,TRUE,TP
80,4,linCmt,49,vc,SEX,cat,TRUE,TRUE,TP
80,4,linCmt,50,vc,BW,power,TRUE,TRUE,TP
80,4,linCmt,50,vc,SEX,cat,TRUE,TRUE,TP
80,4,linCmt,51,vc,BW,power,TRUE,TRUE,TP
80,4,linCmt,51,vc,SEX,cat,TRUE,TRUE,TP
80,4,linCmt,52,vc,BW,power,TRUE,TRUE,TP
80,4,linCmt,52,vc,SEX,cat,TRUE,TRUE,TP
80,4,linCmt,53,vc,BW,power,TRUE,TRUE,TP
80,4,linCmt,53,vc,SEX,cat,TRUE,TRUE,TP
80,4,linCmt,54,vc,SEX,cat,TRUE,TRUE,TP
80,4,linCmt,54,vc,BW,power,TRUE,FALSE,FN
80,4,linCmt,54,vc,BMI,power,FALSE,TRUE,FP
80,4,linCmt,55,vc,BW,power,TRUE,TRUE,TP
80,4,linCmt,55,vc,SEX,cat,TRUE,TRUE,TP
80,4,linCmt,55,cl,SEX,cat,FALSE,TRUE,FP
80,4,linCmt,56,vc,SEX,cat,TRUE,TRUE,TP
80,4,linCmt,56,vc,BW,power,TRUE,FALSE,FN
80,4,linCmt,56,vc,BMI,power,FALSE,TRUE,FP
80,4,linCmt,57,vc,BW,power,TRUE,TRUE,TP
80,4,linCmt,57,vc,SEX,cat,TRUE,TRUE,TP
80,4,linCmt,58,vc,BW,power,TRUE,TRUE,TP
80,4,linCmt,58,vc,SEX,cat,TRUE,TRUE,TP
80,4,linCmt,59,vc,SEX,cat,TRUE,TRUE,TP
80,4,linCmt,59,vc,BW,power,TRUE,FALSE,FN
80,4,linCmt,59,vc,BMI,power,FALSE,TRUE,FP
80,4,linCmt,60,vc,BW,power,TRUE,TRUE,TP
80,4,linCmt,60,vc,SEX,cat,TRUE,TRUE,TP
80,4,linCmt,61,vc,SEX,cat,TRUE,TRUE,TP
80,4,linCmt,61,vc,BW,power,TRUE,FALSE,FN
80,4,linCmt,61,vc,BMI,power,FALSE,TRUE,FP
80,4,linCmt,62,vc,BW,power,TRUE,TRUE,TP
80,4,linCmt,62,vc,SEX,cat,TRUE,TRUE,TP
80,4,linCmt,62,vc,CrCL,power,FALSE,TRUE,FP
80,4,linCmt,63,vc,BW,power,TRUE,TRUE,TP
80,4,linCmt,63,vc,SEX,cat,TRUE,TRUE,TP
80,4,linCmt,64,vc,BW,power,TRUE,TRUE,TP
80,4,linCmt,64,vc,SEX,cat,TRUE,TRUE,TP
80,4,linCmt,64,cl,SEX,cat,FALSE,TRUE,FP
80,4,linCmt,65,vc,BW,power,TRUE,TRUE,TP
80,4,linCmt,65,vc,SEX,cat,TRUE,TRUE,TP
80,4,linCmt,66,vc,BW,power,TRUE,TRUE,TP
80,4,linCmt,66,vc,SEX,cat,TRUE,TRUE,TP
80,4,linCmt,67,vc,SEX,cat,TRUE,TRUE,TP
80,4,linCmt,67,vc,BW,power,TRUE,FALSE,FN
80,4,linCmt,67,vc,BMI,power,FALSE,TRUE,FP
80,4,linCmt,68,vc,BW,power,TRUE,TRUE,TP
80,4,linCmt,68,vc,SEX,cat,TRUE,TRUE,TP
80,4,linCmt,69,vc,BW,power,TRUE,TRUE,TP
80,4,linCmt,69,vc,SEX,cat,TRUE,TRUE,TP
80,4,linCmt,70,vc,BW,power,TRUE,TRUE,TP
80,4,linCmt,70,vc,SEX,cat,TRUE,TRUE,TP
80,4,linCmt,71,vc,BW,power,TRUE,TRUE,TP
80,4,linCmt,71,vc,SEX,cat,TRUE,TRUE,TP
80,4,linCmt,72,vc,BW,power,TRUE,TRUE,TP
80,4,linCmt,72,vc,SEX,cat,TRUE,TRUE,TP
80,4,linCmt,73,vc,BW,power,TRUE,TRUE,TP
80,4,linCmt,73,vc,SEX,cat,TRUE,TRUE,TP
80,4,linCmt,74,vc,BW,power,TRUE,TRUE,TP
80,4,linCmt,74,vc,SEX,cat,TRUE,TRUE,TP
80,4,linCmt,74,cl,SEX,cat,FALSE,TRUE,FP
80,4,linCmt,75,vc,BW,power,TRUE,TRUE,TP
80,4,linCmt,75,vc,SEX,cat,TRUE,TRUE,TP
80,4,linCmt,76,vc,BW,power,TRUE,TRUE,TP
80,4,linCmt,76,vc,SEX,cat,TRUE,TRUE,TP
80,4,linCmt,77,vc,BW,power,TRUE,TRUE,TP
80,4,linCmt,77,vc,SEX,cat,TRUE,TRUE,TP
80,4,linCmt,77,cl,BW,power,FALSE,TRUE,FP
80,4,linCmt,77,cl,BMI,power,FALSE,TRUE,FP
80,4,linCmt,77,cl,SEX,cat,FALSE,TRUE,FP
80,4,linCmt,78,vc,BW,power,TRUE,TRUE,TP
80,4,linCmt,78,vc,SEX,cat,TRUE,TRUE,TP
80,4,linCmt,79,vc,BW,power,TRUE,TRUE,TP
80,4,linCmt,79,vc,SEX,cat,TRUE,TRUE,TP
80,4,linCmt,80,vc,BW,power,TRUE,TRUE,TP
80,4,linCmt,80,vc,SEX,cat,TRUE,TRUE,TP
80,4,linCmt,81,vc,BW,power,TRUE,TRUE,TP
80,4,linCmt,81,vc,SEX,cat,TRUE,TRUE,TP
80,4,linCmt,82,vc,BW,power,TRUE,TRUE,TP
80,4,linCmt,82,vc,SEX,cat,TRUE,TRUE,TP
80,4,linCmt,83,vc,BW,power,TRUE,TRUE,TP
80,4,linCmt,83,vc,SEX,cat,TRUE,TRUE,TP
80,4,linCmt,84,vc,BW,power,TRUE,TRUE,TP
80,4,linCmt,84,vc,SEX,cat,TRUE,TRUE,TP
80,4,linCmt,85,vc,BW,power,TRUE,TRUE,TP
80,4,linCmt,85,vc,SEX,cat,TRUE,TRUE,TP
80,4,linCmt,85,cl,RACE,cat,FALSE,TRUE,FP
80,4,linCmt,86,vc,BW,power,TRUE,TRUE,TP
80,4,linCmt,86,vc,SEX,cat,TRUE,TRUE,TP
80,4,linCmt,86,cl,RACE,cat,FALSE,TRUE,FP
80,4,linCmt,86,cl,CrCL,power,FALSE,TRUE,FP
80,4,linCmt,87,vc,BW,power,TRUE,TRUE,TP
80,4,linCmt,87,vc,SEX,cat,TRUE,TRUE,TP
80,4,linCmt,88,vc,BW,power,TRUE,TRUE,TP
80,4,linCmt,88,vc,SEX,cat,TRUE,TRUE,TP
80,4,linCmt,89,vc,BW,power,TRUE,TRUE,TP
80,4,linCmt,89,vc,SEX,cat,TRUE,TRUE,TP
80,4,linCmt,90,vc,BW,power,TRUE,TRUE,TP
80,4,linCmt,90,vc,SEX,cat,TRUE,TRUE,TP
80,4,linCmt,91,vc,BW,power,TRUE,TRUE,TP
80,4,linCmt,91,vc,SEX,cat,TRUE,TRUE,TP
80,4,linCmt,92,vc,BW,power,TRUE,TRUE,TP
80,4,linCmt,92,vc,SEX,cat,TRUE,TRUE,TP
80,4,linCmt,93,vc,BW,power,TRUE,TRUE,TP
80,4,linCmt,93,vc,SEX,cat,TRUE,TRUE,TP
80,4,linCmt,93,cl,BW,power,FALSE,TRUE,FP
80,4,linCmt,93,cl,RACE,cat,FALSE,TRUE,FP
80,4,linCmt,94,vc,BW,power,TRUE,TRUE,TP
80,4,linCmt,94,vc,SEX,cat,TRUE,TRUE,TP
80,4,linCmt,95,vc,BW,power,TRUE,TRUE,TP
80,4,linCmt,95,vc,SEX,cat,TRUE,TRUE,TP
80,4,linCmt,95,cl,BMI,power,FALSE,TRUE,FP
80,4,linCmt,96,vc,BW,power,TRUE,TRUE,TP
80,4,linCmt,96,vc,SEX,cat,TRUE,TRUE,TP
80,4,linCmt,96,cl,SEX,cat,FALSE,TRUE,FP
80,4,linCmt,97,vc,BW,power,TRUE,TRUE,TP
80,4,linCmt,97,vc,SEX,cat,TRUE,TRUE,TP
80,4,linCmt,98,vc,BW,power,TRUE,TRUE,TP
80,4,linCmt,98,vc,SEX,cat,TRUE,TRUE,TP
80,4,linCmt,98,cl,RACE,cat,FALSE,TRUE,FP
80,4,linCmt,99,vc,BW,power,TRUE,TRUE,TP
80,4,linCmt,99,vc,SEX,cat,TRUE,TRUE,TP
80,4,linCmt,100,vc,BW,power,TRUE,TRUE,TP
80,4,linCmt,100,vc,SEX,cat,TRUE,TRUE,TP
80,4,ode,1,vc,BW,power,TRUE,TRUE,TP
80,4,ode,1,vc,SEX,cat,TRUE,TRUE,TP
80,4,ode,2,vc,BW,power,TRUE,TRUE,TP
80,4,ode,2,vc,SEX,cat,TRUE,TRUE,TP
80,4,ode,3,vc,BW,power,TRUE,TRUE,TP
80,4,ode,3,vc,SEX,cat,TRUE,TRUE,TP
80,4,ode,3,cl,CrCL,power,FALSE,TRUE,FP
80,4,ode,4,vc,BW,power,TRUE,TRUE,TP
80,4,ode,4,vc,SEX,cat,TRUE,TRUE,TP
80,4,ode,5,vc,SEX,cat,TRUE,TRUE,TP
80,4,ode,5,vc,BW,power,TRUE,FALSE,FN
80,4,ode,5,vc,BMI,power,FALSE,TRUE,FP
80,4,ode,5,vc,CrCL,power,FALSE,TRUE,FP
80,4,ode,6,vc,BW,power,TRUE,TRUE,TP
80,4,ode,6,vc,SEX,cat,TRUE,TRUE,TP
80,4,ode,6,cl,BMI,power,FALSE,TRUE,FP
80,4,ode,7,vc,BW,power,TRUE,TRUE,TP
80,4,ode,7,vc,SEX,cat,TRUE,TRUE,TP
80,4,ode,7,cl,BMI,power,FALSE,TRUE,FP
80,4,ode,8,vc,BW,power,TRUE,TRUE,TP
80,4,ode,8,vc,SEX,cat,TRUE,TRUE,TP
80,4,ode,9,vc,BW,power,TRUE,TRUE,TP
80,4,ode,9,vc,SEX,cat,TRUE,TRUE,TP
80,4,ode,10,vc,BW,power,TRUE,TRUE,TP
80,4,ode,10,vc,SEX,cat,TRUE,TRUE,TP
80,4,ode,11,vc,BW,power,TRUE,TRUE,TP
80,4,ode,11,vc,SEX,cat,TRUE,TRUE,TP
80,4,ode,12,vc,BW,power,TRUE,TRUE,TP
80,4,ode,12,vc,SEX,cat,TRUE,TRUE,TP
80,4,ode,13,vc,BW,power,TRUE,TRUE,TP
80,4,ode,13,vc,SEX,cat,TRUE,TRUE,TP
80,4,ode,14,vc,BW,power,TRUE,TRUE,TP
80,4,ode,14,vc,SEX,cat,TRUE,TRUE,TP
80,4,ode,15,vc,BW,power,TRUE,TRUE,TP
80,4,ode,15,vc,SEX,cat,TRUE,TRUE,TP
80,4,ode,15,vc,RACE,cat,FALSE,TRUE,FP
80,4,ode,16,vc,BW,power,TRUE,TRUE,TP
80,4,ode,16,vc,SEX,cat,TRUE,TRUE,TP
80,4,ode,17,vc,BW,power,TRUE,TRUE,TP
80,4,ode,17,vc,SEX,cat,TRUE,TRUE,TP
80,4,ode,18,vc,BW,power,TRUE,TRUE,TP
80,4,ode,18,vc,SEX,cat,TRUE,TRUE,TP
80,4,ode,19,vc,BW,power,TRUE,TRUE,TP
80,4,ode,19,vc,SEX,cat,TRUE,TRUE,TP
80,4,ode,20,vc,BW,power,TRUE,TRUE,TP
80,4,ode,20,vc,SEX,cat,TRUE,TRUE,TP
80,4,ode,21,vc,BW,power,TRUE,TRUE,TP
80,4,ode,21,vc,SEX,cat,TRUE,TRUE,TP
80,4,ode,22,vc,BW,power,TRUE,TRUE,TP
80,4,ode,22,vc,SEX,cat,TRUE,TRUE,TP
80,4,ode,23,vc,BW,power,TRUE,TRUE,TP
80,4,ode,23,vc,SEX,cat,TRUE,TRUE,TP
80,4,ode,23,vc,RACE,cat,FALSE,TRUE,FP
80,4,ode,24,vc,BW,power,TRUE,TRUE,TP
80,4,ode,24,vc,SEX,cat,TRUE,TRUE,TP
80,4,ode,25,vc,BW,power,TRUE,TRUE,TP
80,4,ode,25,vc,SEX,cat,TRUE,TRUE,TP
80,4,ode,26,vc,BW,power,TRUE,TRUE,TP
80,4,ode,26,vc,SEX,cat,TRUE,TRUE,TP
80,4,ode,27,vc,SEX,cat,TRUE,TRUE,TP
80,4,ode,27,vc,BW,power,TRUE,FALSE,FN
80,4,ode,27,vc,BMI,power,FALSE,TRUE,FP
80,4,ode,28,vc,BW,power,TRUE,TRUE,TP
80,4,ode,28,vc,SEX,cat,TRUE,TRUE,TP
80,4,ode,28,cl,BW,power,FALSE,TRUE,FP
80,4,ode,28,cl,RACE,cat,FALSE,TRUE,FP
80,4,ode,29,vc,BW,power,TRUE,TRUE,TP
80,4,ode,29,vc,SEX,cat,TRUE,TRUE,TP
80,4,ode,30,vc,BW,power,TRUE,TRUE,TP
80,4,ode,30,vc,SEX,cat,TRUE,TRUE,TP
80,4,ode,31,vc,SEX,cat,TRUE,TRUE,TP
80,4,ode,31,vc,BW,power,TRUE,FALSE,FN
80,4,ode,31,vc,BMI,power,FALSE,TRUE,FP
80,4,ode,31,vc,RACE,cat,FALSE,TRUE,FP
80,4,ode,32,vc,SEX,cat,TRUE,TRUE,TP
80,4,ode,32,vc,BW,power,TRUE,FALSE,FN
80,4,ode,32,vc,BMI,power,FALSE,TRUE,FP
80,4,ode,32,cl,CrCL,power,FALSE,TRUE,FP
80,4,ode,33,vc,SEX,cat,TRUE,TRUE,TP
80,4,ode,33,vc,BW,power,TRUE,FALSE,FN
80,4,ode,33,vc,BMI,power,FALSE,TRUE,FP
80,4,ode,34,vc,BW,power,TRUE,TRUE,TP
80,4,ode,34,vc,SEX,cat,TRUE,TRUE,TP
80,4,ode,35,vc,BW,power,TRUE,TRUE,TP
80,4,ode,35,vc,SEX,cat,TRUE,TRUE,TP
80,4,ode,36,vc,BW,power,TRUE,TRUE,TP
80,4,ode,36,vc,SEX,cat,TRUE,TRUE,TP
80,4,ode,37,vc,BW,power,TRUE,TRUE,TP
80,4,ode,37,vc,SEX,cat,TRUE,TRUE,TP
80,4,ode,38,vc,BW,power,TRUE,TRUE,TP
80,4,ode,38,vc,SEX,cat,TRUE,TRUE,TP
80,4,ode,39,vc,BW,power,TRUE,TRUE,TP
80,4,ode,39,vc,SEX,cat,TRUE,TRUE,TP
80,4,ode,40,vc,BW,power,TRUE,TRUE,TP
80,4,ode,40,vc,SEX,cat,TRUE,TRUE,TP
80,4,ode,40,cl,RACE,cat,FALSE,TRUE,FP
80,4,ode,41,vc,BW,power,TRUE,TRUE,TP
80,4,ode,41,vc,SEX,cat,TRUE,TRUE,TP
80,4,ode,42,vc,SEX,cat,TRUE,TRUE,TP
80,4,ode,42,vc,BW,power,TRUE,FALSE,FN
80,4,ode,42,vc,BMI,power,FALSE,TRUE,FP
80,4,ode,43,vc,BW,power,TRUE,TRUE,TP
80,4,ode,43,vc,SEX,cat,TRUE,TRUE,TP
80,4,ode,43,cl,CrCL,power,FALSE,TRUE,FP
80,4,ode,44,vc,SEX,cat,TRUE,TRUE,TP
80,4,ode,44,vc,BW,power,TRUE,FALSE,FN
80,4,ode,44,vc,BMI,power,FALSE,TRUE,FP
80,4,ode,45,vc,BW,power,TRUE,TRUE,TP
80,4,ode,45,vc,SEX,cat,TRUE,TRUE,TP
80,4,ode,46,vc,BW,power,TRUE,TRUE,TP
80,4,ode,46,vc,SEX,cat,TRUE,TRUE,TP
80,4,ode,47,vc,BW,power,TRUE,TRUE,TP
80,4,ode,47,vc,SEX,cat,TRUE,TRUE,TP
80,4,ode,48,vc,SEX,cat,TRUE,TRUE,TP
80,4,ode,48,vc,BW,power,TRUE,FALSE,FN
80,4,ode,48,vc,BMI,power,FALSE,TRUE,FP
80,4,ode,49,vc,BW,power,TRUE,TRUE,TP
80,4,ode,49,vc,SEX,cat,TRUE,TRUE,TP
80,4,ode,50,vc,BW,power,TRUE,TRUE,TP
80,4,ode,50,vc,SEX,cat,TRUE,TRUE,TP
80,4,ode,51,vc,BW,power,TRUE,TRUE,TP
80,4,ode,51,vc,SEX,cat,TRUE,TRUE,TP
80,4,ode,52,vc,BW,power,TRUE,TRUE,TP
80,4,ode,52,vc,SEX,cat,TRUE,TRUE,TP
80,4,ode,53,vc,BW,power,TRUE,TRUE,TP
80,4,ode,53,vc,SEX,cat,TRUE,TRUE,TP
80,4,ode,54,vc,SEX,cat,TRUE,TRUE,TP
80,4,ode,54,vc,BW,power,TRUE,FALSE,FN
80,4,ode,54,vc,BMI,power,FALSE,TRUE,FP
80,4,ode,55,vc,BW,power,TRUE,TRUE,TP
80,4,ode,55,vc,SEX,cat,TRUE,TRUE,TP
80,4,ode,55,cl,SEX,cat,FALSE,TRUE,FP
80,4,ode,56,vc,SEX,cat,TRUE,TRUE,TP
80,4,ode,56,vc,BW,power,TRUE,FALSE,FN
80,4,ode,56,vc,BMI,power,FALSE,TRUE,FP
80,4,ode,57,vc,BW,power,TRUE,TRUE,TP
80,4,ode,57,vc,SEX,cat,TRUE,TRUE,TP
80,4,ode,58,vc,BW,power,TRUE,TRUE,TP
80,4,ode,58,vc,SEX,cat,TRUE,TRUE,TP
80,4,ode,59,vc,SEX,cat,TRUE,TRUE,TP
80,4,ode,59,vc,BW,power,TRUE,FALSE,FN
80,4,ode,59,vc,BMI,power,FALSE,TRUE,FP
80,4,ode,60,vc,BW,power,TRUE,TRUE,TP
80,4,ode,60,vc,SEX,cat,TRUE,TRUE,TP
80,4,ode,61,vc,SEX,cat,TRUE,TRUE,TP
80,4,ode,61,vc,BW,power,TRUE,FALSE,FN
80,4,ode,61,vc,BMI,power,FALSE,TRUE,FP
80,4,ode,62,vc,BW,power,TRUE,TRUE,TP
80,4,ode,62,vc,SEX,cat,TRUE,TRUE,TP
80,4,ode,62,vc,CrCL,power,FALSE,TRUE,FP
80,4,ode,63,vc,BW,power,TRUE,TRUE,TP
80,4,ode,63,vc,SEX,cat,TRUE,TRUE,TP
80,4,ode,64,vc,BW,power,TRUE,TRUE,TP
80,4,ode,64,vc,SEX,cat,TRUE,TRUE,TP
80,4,ode,64,cl,SEX,cat,FALSE,TRUE,FP
80,4,ode,65,vc,BW,power,TRUE,TRUE,TP
80,4,ode,65,vc,SEX,cat,TRUE,TRUE,TP
80,4,ode,66,vc,BW,power,TRUE,TRUE,TP
80,4,ode,66,vc,SEX,cat,TRUE,TRUE,TP
80,4,ode,67,vc,SEX,cat,TRUE,TRUE,TP
80,4,ode,67,vc,BW,power,TRUE,FALSE,FN
80,4,ode,67,vc,BMI,power,FALSE,TRUE,FP
80,4,ode,68,vc,BW,power,TRUE,TRUE,TP
80,4,ode,68,vc,SEX,cat,TRUE,TRUE,TP
80,4,ode,69,vc,BW,power,TRUE,TRUE,TP
80,4,ode,69,vc,SEX,cat,TRUE,TRUE,TP
80,4,ode,70,vc,BW,power,TRUE,TRUE,TP
80,4,ode,70,vc,SEX,cat,TRUE,TRUE,TP
80,4,ode,71,vc,BW,power,TRUE,TRUE,TP
80,4,ode,71,vc,SEX,cat,TRUE,TRUE,TP
80,4,ode,72,vc,BW,power,TRUE,TRUE,TP
80,4,ode,72,vc,SEX,cat,TRUE,TRUE,TP
80,4,ode,73,vc,BW,power,TRUE,TRUE,TP
80,4,ode,73,vc,SEX,cat,TRUE,TRUE,TP
80,4,ode,74,vc,BW,power,TRUE,TRUE,TP
80,4,ode,74,vc,SEX,cat,TRUE,TRUE,TP
80,4,ode,74,cl,SEX,cat,FALSE,TRUE,FP
80,4,ode,75,vc,BW,power,TRUE,TRUE,TP
80,4,ode,75,vc,SEX,cat,TRUE,TRUE,TP
80,4,ode,76,vc,BW,power,TRUE,TRUE,TP
80,4,ode,76,vc,SEX,cat,TRUE,TRUE,TP
80,4,ode,77,vc,BW,power,TRUE,TRUE,TP
80,4,ode,77,vc,SEX,cat,TRUE,TRUE,TP
80,4,ode,77,cl,BW,power,FALSE,TRUE,FP
80,4,ode,77,cl,BMI,power,FALSE,TRUE,FP
80,4,ode,77,cl,SEX,cat,FALSE,TRUE,FP
80,4,ode,78,vc,BW,power,TRUE,TRUE,TP
80,4,ode,78,vc,SEX,cat,TRUE,TRUE,TP
80,4,ode,79,vc,BW,power,TRUE,TRUE,TP
80,4,ode,79,vc,SEX,cat,TRUE,TRUE,TP
80,4,ode,80,vc,BW,power,TRUE,TRUE,TP
80,4,ode,80,vc,SEX,cat,TRUE,TRUE,TP
80,4,ode,81,vc,BW,power,TRUE,TRUE,TP
80,4,ode,81,vc,SEX,cat,TRUE,TRUE,TP
80,4,ode,82,vc,BW,power,TRUE,TRUE,TP
80,4,ode,82,vc,SEX,cat,TRUE,TRUE,TP
80,4,ode,83,vc,BW,power,TRUE,TRUE,TP
80,4,ode,83,vc,SEX,cat,TRUE,TRUE,TP
80,4,ode,84,vc,BW,power,TRUE,TRUE,TP
80,4,ode,84,vc,SEX,cat,TRUE,TRUE,TP
80,4,ode,85,vc,BW,power,TRUE,TRUE,TP
80,4,ode,85,vc,SEX,cat,TRUE,TRUE,TP
80,4,ode,85,cl,RACE,cat,FALSE,TRUE,FP
80,4,ode,86,vc,BW,power,TRUE,TRUE,TP
80,4,ode,86,vc,SEX,cat,TRUE,TRUE,TP
80,4,ode,86,cl,RACE,cat,FALSE,TRUE,FP
80,4,ode,86,cl,CrCL,power,FALSE,TRUE,FP
80,4,ode,87,vc,BW,power,TRUE,TRUE,TP
80,4,ode,87,vc,SEX,cat,TRUE,TRUE,TP
80,4,ode,88,vc,BW,power,TRUE,TRUE,TP
80,4,ode,88,vc,SEX,cat,TRUE,TRUE,TP
80,4,ode,89,vc,BW,power,TRUE,TRUE,TP
80,4,ode,89,vc,SEX,cat,TRUE,TRUE,TP
80,4,ode,90,vc,BW,power,TRUE,TRUE,TP
80,4,ode,90,vc,SEX,cat,TRUE,TRUE,TP
80,4,ode,91,vc,BW,power,TRUE,TRUE,TP
80,4,ode,91,vc,SEX,cat,TRUE,TRUE,TP
80,4,ode,92,vc,BW,power,TRUE,TRUE,TP
80,4,ode,92,vc,SEX,cat,TRUE,TRUE,TP
80,4,ode,93,vc,BW,power,TRUE,TRUE,TP
80,4,ode,93,vc,SEX,cat,TRUE,TRUE,TP
80,4,ode,93,cl,BW,power,FALSE,TRUE,FP
80,4,ode,93,cl,RACE,cat,FALSE,TRUE,FP
80,4,ode,94,vc,BW,power,TRUE,TRUE,TP
80,4,ode,94,vc,SEX,cat,TRUE,TRUE,TP
80,4,ode,95,vc,BW,power,TRUE,TRUE,TP
80,4,ode,95,vc,SEX,cat,TRUE,TRUE,TP
80,4,ode,95,cl,BMI,power,FALSE,TRUE,FP
80,4,ode,96,vc,BW,power,TRUE,TRUE,TP
80,4,ode,96,vc,SEX,cat,TRUE,TRUE,TP
80,4,ode,96,cl,SEX,cat,FALSE,TRUE,FP
80,4,ode,97,vc,BW,power,TRUE,TRUE,TP
80,4,ode,97,vc,SEX,cat,TRUE,TRUE,TP
80,4,ode,98,vc,BW,power,TRUE,TRUE,TP
80,4,ode,98,vc,SEX,cat,TRUE,TRUE,TP
80,4,ode,98,cl,RACE,cat,FALSE,TRUE,FP
80,4,ode,99,vc,BW,power,TRUE,TRUE,TP
80,4,ode,99,vc,SEX,cat,TRUE,TRUE,TP
80,4,ode,100,vc,BW,power,TRUE,TRUE,TP
80,4,ode,100,vc,SEX,cat,TRUE,TRUE,TP
80,5,linCmt,1,cl,CrCL,power,TRUE,TRUE,TP
80,5,linCmt,2,cl,CrCL,power,TRUE,TRUE,TP
80,5,linCmt,2,cl,RACE,cat,FALSE,TRUE,FP
80,5,linCmt,3,cl,CrCL,power,TRUE,TRUE,TP
80,5,linCmt,4,cl,CrCL,power,TRUE,TRUE,TP
80,5,linCmt,4,vc,BMI,power,FALSE,TRUE,FP
80,5,linCmt,5,cl,CrCL,power,TRUE,TRUE,TP
80,5,linCmt,5,cl,BMI,power,FALSE,TRUE,FP
80,5,linCmt,6,cl,CrCL,power,TRUE,TRUE,TP
80,5,linCmt,7,cl,CrCL,power,TRUE,TRUE,TP
80,5,linCmt,7,cl,SEX,cat,FALSE,TRUE,FP
80,5,linCmt,8,cl,CrCL,power,TRUE,TRUE,TP
80,5,linCmt,9,cl,CrCL,power,TRUE,TRUE,TP
80,5,linCmt,10,cl,CrCL,power,TRUE,TRUE,TP
80,5,linCmt,11,cl,CrCL,power,TRUE,TRUE,TP
80,5,linCmt,12,cl,CrCL,power,TRUE,TRUE,TP
80,5,linCmt,12,vc,RACE,cat,FALSE,TRUE,FP
80,5,linCmt,12,vc,CrCL,power,FALSE,TRUE,FP
80,5,linCmt,13,cl,CrCL,power,TRUE,TRUE,TP
80,5,linCmt,14,cl,CrCL,power,TRUE,TRUE,TP
80,5,linCmt,15,cl,CrCL,power,TRUE,TRUE,TP
80,5,linCmt,16,cl,CrCL,power,TRUE,TRUE,TP
80,5,linCmt,17,cl,CrCL,power,TRUE,TRUE,TP
80,5,linCmt,18,cl,CrCL,power,TRUE,TRUE,TP
80,5,linCmt,19,cl,CrCL,power,TRUE,TRUE,TP
80,5,linCmt,19,vc,CrCL,power,FALSE,TRUE,FP
80,5,linCmt,20,cl,CrCL,power,TRUE,TRUE,TP
80,5,linCmt,21,cl,CrCL,power,TRUE,TRUE,TP
80,5,linCmt,21,vc,CrCL,power,FALSE,TRUE,FP
80,5,linCmt,22,cl,CrCL,power,TRUE,TRUE,TP
80,5,linCmt,23,cl,CrCL,power,TRUE,TRUE,TP
80,5,linCmt,24,cl,CrCL,power,TRUE,TRUE,TP
80,5,linCmt,24,vc,SEX,cat,FALSE,TRUE,FP
80,5,linCmt,25,cl,CrCL,power,TRUE,TRUE,TP
80,5,linCmt,25,cl,BMI,power,FALSE,TRUE,FP
80,5,linCmt,26,cl,CrCL,power,TRUE,TRUE,TP
80,5,linCmt,26,vc,CrCL,power,FALSE,TRUE,FP
80,5,linCmt,27,cl,CrCL,power,TRUE,TRUE,TP
80,5,linCmt,28,cl,CrCL,power,TRUE,TRUE,TP
80,5,linCmt,29,cl,CrCL,power,TRUE,TRUE,TP
80,5,linCmt,30,cl,CrCL,power,TRUE,TRUE,TP
80,5,linCmt,31,cl,CrCL,power,TRUE,TRUE,TP
80,5,linCmt,32,cl,CrCL,power,TRUE,TRUE,TP
80,5,linCmt,33,cl,CrCL,power,TRUE,TRUE,TP
80,5,linCmt,34,cl,CrCL,power,TRUE,TRUE,TP
80,5,linCmt,34,cl,BW,power,FALSE,TRUE,FP
80,5,linCmt,34,cl,BMI,power,FALSE,TRUE,FP
80,5,linCmt,35,cl,CrCL,power,TRUE,TRUE,TP
80,5,linCmt,35,vc,RACE,cat,FALSE,TRUE,FP
80,5,linCmt,36,cl,CrCL,power,TRUE,TRUE,TP
80,5,linCmt,37,cl,CrCL,power,TRUE,TRUE,TP
80,5,linCmt,38,cl,CrCL,power,TRUE,TRUE,TP
80,5,linCmt,39,cl,CrCL,power,TRUE,TRUE,TP
80,5,linCmt,40,cl,CrCL,power,TRUE,TRUE,TP
80,5,linCmt,41,cl,CrCL,power,TRUE,TRUE,TP
80,5,linCmt,41,cl,SEX,cat,FALSE,TRUE,FP
80,5,linCmt,42,cl,CrCL,power,TRUE,TRUE,TP
80,5,linCmt,43,cl,CrCL,power,TRUE,TRUE,TP
80,5,linCmt,43,cl,BMI,power,FALSE,TRUE,FP
80,5,linCmt,44,cl,CrCL,power,TRUE,TRUE,TP
80,5,linCmt,45,cl,CrCL,power,TRUE,TRUE,TP
80,5,linCmt,46,cl,CrCL,power,TRUE,TRUE,TP
80,5,linCmt,47,cl,CrCL,power,TRUE,TRUE,TP
80,5,linCmt,48,cl,CrCL,power,TRUE,TRUE,TP
80,5,linCmt,49,cl,CrCL,power,TRUE,TRUE,TP
80,5,linCmt,49,cl,SEX,cat,FALSE,TRUE,FP
80,5,linCmt,50,cl,CrCL,power,TRUE,TRUE,TP
80,5,linCmt,51,cl,CrCL,power,TRUE,TRUE,TP
80,5,linCmt,52,cl,CrCL,power,TRUE,TRUE,TP
80,5,linCmt,53,cl,CrCL,power,TRUE,TRUE,TP
80,5,linCmt,54,cl,CrCL,power,TRUE,TRUE,TP
80,5,linCmt,55,cl,CrCL,power,TRUE,TRUE,TP
80,5,linCmt,56,cl,CrCL,power,TRUE,TRUE,TP
80,5,linCmt,57,cl,CrCL,power,TRUE,TRUE,TP
80,5,linCmt,58,cl,CrCL,power,TRUE,TRUE,TP
80,5,linCmt,59,cl,CrCL,power,TRUE,TRUE,TP
80,5,linCmt,60,cl,CrCL,power,TRUE,TRUE,TP
80,5,linCmt,61,cl,CrCL,power,TRUE,TRUE,TP
80,5,linCmt,61,cl,SEX,cat,FALSE,TRUE,FP
80,5,linCmt,62,cl,CrCL,power,TRUE,TRUE,TP
80,5,linCmt,63,cl,CrCL,power,TRUE,TRUE,TP
80,5,linCmt,64,cl,CrCL,power,TRUE,TRUE,TP
80,5,linCmt,65,cl,CrCL,power,TRUE,TRUE,TP
80,5,linCmt,65,cl,BW,power,FALSE,TRUE,FP
80,5,linCmt,66,cl,CrCL,power,TRUE,TRUE,TP
80,5,linCmt,67,cl,CrCL,power,TRUE,TRUE,TP
80,5,linCmt,68,cl,CrCL,power,TRUE,TRUE,TP
80,5,linCmt,68,vc,CrCL,power,FALSE,TRUE,FP
80,5,linCmt,69,cl,CrCL,power,TRUE,TRUE,TP
80,5,linCmt,69,vc,BMI,power,FALSE,TRUE,FP
80,5,linCmt,70,cl,CrCL,power,TRUE,TRUE,TP
80,5,linCmt,71,cl,CrCL,power,TRUE,TRUE,TP
80,5,linCmt,71,vc,CrCL,power,FALSE,TRUE,FP
80,5,linCmt,72,cl,CrCL,power,TRUE,TRUE,TP
80,5,linCmt,73,cl,CrCL,power,TRUE,TRUE,TP
80,5,linCmt,74,cl,CrCL,power,TRUE,TRUE,TP
80,5,linCmt,75,cl,CrCL,power,TRUE,TRUE,TP
80,5,linCmt,76,cl,CrCL,power,TRUE,TRUE,TP
80,5,linCmt,77,cl,CrCL,power,TRUE,TRUE,TP
80,5,linCmt,78,cl,CrCL,power,TRUE,TRUE,TP
80,5,linCmt,79,cl,CrCL,power,TRUE,TRUE,TP
80,5,linCmt,80,cl,CrCL,power,TRUE,TRUE,TP
80,5,linCmt,81,cl,CrCL,power,TRUE,TRUE,TP
80,5,linCmt,82,cl,CrCL,power,TRUE,TRUE,TP
80,5,linCmt,83,cl,CrCL,power,TRUE,TRUE,TP
80,5,linCmt,84,cl,CrCL,power,TRUE,TRUE,TP
80,5,linCmt,85,cl,CrCL,power,TRUE,TRUE,TP
80,5,linCmt,86,cl,CrCL,power,TRUE,TRUE,TP
80,5,linCmt,87,cl,CrCL,power,TRUE,TRUE,TP
80,5,linCmt,88,cl,CrCL,power,TRUE,TRUE,TP
80,5,linCmt,89,cl,CrCL,power,TRUE,TRUE,TP
80,5,linCmt,90,cl,CrCL,power,TRUE,TRUE,TP
80,5,linCmt,90,cl,SEX,cat,FALSE,TRUE,FP
80,5,linCmt,91,cl,CrCL,power,TRUE,TRUE,TP
80,5,linCmt,92,cl,CrCL,power,TRUE,TRUE,TP
80,5,linCmt,93,cl,CrCL,power,TRUE,TRUE,TP
80,5,linCmt,94,cl,CrCL,power,TRUE,TRUE,TP
80,5,linCmt,94,cl,RACE,cat,FALSE,TRUE,FP
80,5,linCmt,95,cl,CrCL,power,TRUE,TRUE,TP
80,5,linCmt,95,cl,BW,power,FALSE,TRUE,FP
80,5,linCmt,95,cl,RACE,cat,FALSE,TRUE,FP
80,5,linCmt,96,cl,CrCL,power,TRUE,TRUE,TP
80,5,linCmt,97,cl,CrCL,power,TRUE,TRUE,TP
80,5,linCmt,98,cl,CrCL,power,TRUE,TRUE,TP
80,5,linCmt,99,cl,CrCL,power,TRUE,TRUE,TP
80,5,linCmt,100,cl,CrCL,power,TRUE,TRUE,TP
80,5,ode,1,cl,CrCL,power,TRUE,TRUE,TP
80,5,ode,2,cl,CrCL,power,TRUE,TRUE,TP
80,5,ode,2,cl,RACE,cat,FALSE,TRUE,FP
80,5,ode,3,cl,CrCL,power,TRUE,TRUE,TP
80,5,ode,4,cl,CrCL,power,TRUE,TRUE,TP
80,5,ode,4,vc,BMI,power,FALSE,TRUE,FP
80,5,ode,5,cl,CrCL,power,TRUE,TRUE,TP
80,5,ode,5,cl,BMI,power,FALSE,TRUE,FP
80,5,ode,6,cl,CrCL,power,TRUE,TRUE,TP
80,5,ode,7,cl,CrCL,power,TRUE,TRUE,TP
80,5,ode,7,cl,SEX,cat,FALSE,TRUE,FP
80,5,ode,8,cl,CrCL,power,TRUE,TRUE,TP
80,5,ode,9,cl,CrCL,power,TRUE,TRUE,TP
80,5,ode,10,cl,CrCL,power,TRUE,TRUE,TP
80,5,ode,11,cl,CrCL,power,TRUE,TRUE,TP
80,5,ode,12,cl,CrCL,power,TRUE,TRUE,TP
80,5,ode,12,vc,RACE,cat,FALSE,TRUE,FP
80,5,ode,12,vc,CrCL,power,FALSE,TRUE,FP
80,5,ode,13,cl,CrCL,power,TRUE,TRUE,TP
80,5,ode,14,cl,CrCL,power,TRUE,TRUE,TP
80,5,ode,15,cl,CrCL,power,TRUE,TRUE,TP
80,5,ode,16,cl,CrCL,power,TRUE,TRUE,TP
80,5,ode,17,cl,CrCL,power,TRUE,TRUE,TP
80,5,ode,18,cl,CrCL,power,TRUE,TRUE,TP
80,5,ode,19,cl,CrCL,power,TRUE,TRUE,TP
80,5,ode,19,vc,CrCL,power,FALSE,TRUE,FP
80,5,ode,20,cl,CrCL,power,TRUE,TRUE,TP
80,5,ode,21,cl,CrCL,power,TRUE,TRUE,TP
80,5,ode,21,vc,CrCL,power,FALSE,TRUE,FP
80,5,ode,22,cl,CrCL,power,TRUE,TRUE,TP
80,5,ode,23,cl,CrCL,power,TRUE,TRUE,TP
80,5,ode,24,cl,CrCL,power,TRUE,TRUE,TP
80,5,ode,25,cl,CrCL,power,TRUE,TRUE,TP
80,5,ode,25,cl,BMI,power,FALSE,TRUE,FP
80,5,ode,26,cl,CrCL,power,TRUE,TRUE,TP
80,5,ode,26,vc,CrCL,power,FALSE,TRUE,FP
80,5,ode,27,cl,CrCL,power,TRUE,TRUE,TP
80,5,ode,28,cl,CrCL,power,TRUE,TRUE,TP
80,5,ode,29,cl,CrCL,power,TRUE,TRUE,TP
80,5,ode,30,cl,CrCL,power,TRUE,TRUE,TP
80,5,ode,31,cl,CrCL,power,TRUE,TRUE,TP
80,5,ode,32,cl,CrCL,power,TRUE,TRUE,TP
80,5,ode,33,cl,CrCL,power,TRUE,TRUE,TP
80,5,ode,34,cl,CrCL,power,TRUE,TRUE,TP
80,5,ode,34,cl,BW,power,FALSE,TRUE,FP
80,5,ode,34,cl,BMI,power,FALSE,TRUE,FP
80,5,ode,35,cl,CrCL,power,TRUE,TRUE,TP
80,5,ode,35,vc,RACE,cat,FALSE,TRUE,FP
80,5,ode,36,cl,CrCL,power,TRUE,TRUE,TP
80,5,ode,37,cl,CrCL,power,TRUE,TRUE,TP
80,5,ode,38,cl,CrCL,power,TRUE,TRUE,TP
80,5,ode,39,cl,CrCL,power,TRUE,TRUE,TP
80,5,ode,40,cl,CrCL,power,TRUE,TRUE,TP
80,5,ode,41,cl,CrCL,power,TRUE,TRUE,TP
80,5,ode,41,cl,SEX,cat,FALSE,TRUE,FP
80,5,ode,42,cl,CrCL,power,TRUE,TRUE,TP
80,5,ode,43,cl,CrCL,power,TRUE,TRUE,TP
80,5,ode,43,cl,BMI,power,FALSE,TRUE,FP
80,5,ode,43,vc,RACE,cat,FALSE,TRUE,FP
80,5,ode,44,cl,CrCL,power,TRUE,TRUE,TP
80,5,ode,45,cl,CrCL,power,TRUE,TRUE,TP
80,5,ode,46,cl,CrCL,power,TRUE,TRUE,TP
80,5,ode,47,cl,CrCL,power,TRUE,TRUE,TP
80,5,ode,48,cl,CrCL,power,TRUE,TRUE,TP
80,5,ode,49,cl,CrCL,power,TRUE,TRUE,TP
80,5,ode,49,cl,SEX,cat,FALSE,TRUE,FP
80,5,ode,50,cl,CrCL,power,TRUE,TRUE,TP
80,5,ode,51,cl,CrCL,power,TRUE,TRUE,TP
80,5,ode,52,cl,CrCL,power,TRUE,TRUE,TP
80,5,ode,53,cl,CrCL,power,TRUE,TRUE,TP
80,5,ode,54,cl,CrCL,power,TRUE,TRUE,TP
80,5,ode,55,cl,CrCL,power,TRUE,TRUE,TP
80,5,ode,56,cl,CrCL,power,TRUE,TRUE,TP
80,5,ode,57,cl,CrCL,power,TRUE,TRUE,TP
80,5,ode,58,cl,CrCL,power,TRUE,TRUE,TP
80,5,ode,59,cl,CrCL,power,TRUE,TRUE,TP
80,5,ode,60,cl,CrCL,power,TRUE,TRUE,TP
80,5,ode,61,cl,CrCL,power,TRUE,TRUE,TP
80,5,ode,61,cl,SEX,cat,FALSE,TRUE,FP
80,5,ode,62,cl,CrCL,power,TRUE,TRUE,TP
80,5,ode,63,cl,CrCL,power,TRUE,TRUE,TP
80,5,ode,64,cl,CrCL,power,TRUE,TRUE,TP
80,5,ode,65,cl,CrCL,power,TRUE,TRUE,TP
80,5,ode,65,cl,BW,power,FALSE,TRUE,FP
80,5,ode,66,cl,CrCL,power,TRUE,TRUE,TP
80,5,ode,67,cl,CrCL,power,TRUE,TRUE,TP
80,5,ode,68,cl,CrCL,power,TRUE,TRUE,TP
80,5,ode,68,vc,CrCL,power,FALSE,TRUE,FP
80,5,ode,69,cl,CrCL,power,TRUE,TRUE,TP
80,5,ode,69,vc,BMI,power,FALSE,TRUE,FP
80,5,ode,70,cl,CrCL,power,TRUE,TRUE,TP
80,5,ode,71,cl,CrCL,power,TRUE,TRUE,TP
80,5,ode,71,vc,CrCL,power,FALSE,TRUE,FP
80,5,ode,72,cl,CrCL,power,TRUE,TRUE,TP
80,5,ode,73,cl,CrCL,power,TRUE,TRUE,TP
80,5,ode,74,cl,CrCL,power,TRUE,TRUE,TP
80,5,ode,75,cl,CrCL,power,TRUE,TRUE,TP
80,5,ode,76,cl,CrCL,power,TRUE,TRUE,TP
80,5,ode,77,cl,CrCL,power,TRUE,TRUE,TP
80,5,ode,78,cl,CrCL,power,TRUE,TRUE,TP
80,5,ode,79,cl,CrCL,power,TRUE,TRUE,TP
80,5,ode,80,cl,CrCL,power,TRUE,TRUE,TP
80,5,ode,81,cl,CrCL,power,TRUE,TRUE,TP
80,5,ode,82,cl,CrCL,power,TRUE,TRUE,TP
80,5,ode,83,cl,CrCL,power,TRUE,TRUE,TP
80,5,ode,84,cl,CrCL,power,TRUE,TRUE,TP
80,5,ode,85,cl,CrCL,power,TRUE,TRUE,TP
80,5,ode,86,cl,CrCL,power,TRUE,TRUE,TP
80,5,ode,87,cl,CrCL,power,TRUE,TRUE,TP
80,5,ode,88,cl,CrCL,power,TRUE,TRUE,TP
80,5,ode,89,cl,CrCL,power,TRUE,TRUE,TP
80,5,ode,90,cl,CrCL,power,TRUE,TRUE,TP
80,5,ode,90,cl,SEX,cat,FALSE,TRUE,FP
80,5,ode,91,cl,CrCL,power,TRUE,TRUE,TP
80,5,ode,92,cl,CrCL,power,TRUE,TRUE,TP
80,5,ode,93,cl,CrCL,power,TRUE,TRUE,TP
80,5,ode,94,cl,CrCL,power,TRUE,TRUE,TP
80,5,ode,94,cl,RACE,cat,FALSE,TRUE,FP
80,5,ode,95,cl,CrCL,power,TRUE,TRUE,TP
80,5,ode,95,cl,BW,power,FALSE,TRUE,FP
80,5,ode,95,cl,RACE,cat,FALSE,TRUE,FP
80,5,ode,96,cl,CrCL,power,TRUE,TRUE,TP
80,5,ode,97,cl,CrCL,power,TRUE,TRUE,TP
80,5,ode,98,cl,CrCL,power,TRUE,TRUE,TP
80,5,ode,99,cl,CrCL,power,TRUE,TRUE,TP
80,5,ode,100,cl,CrCL,power,TRUE,TRUE,TP
80,6,linCmt,1,cl,CrCL,power,TRUE,TRUE,TP
80,6,linCmt,1,vc,SEX,cat,TRUE,TRUE,TP
80,6,linCmt,2,cl,CrCL,power,TRUE,TRUE,TP
80,6,linCmt,2,vc,SEX,cat,TRUE,TRUE,TP
80,6,linCmt,3,cl,CrCL,power,TRUE,TRUE,TP
80,6,linCmt,3,vc,SEX,cat,TRUE,TRUE,TP
80,6,linCmt,4,cl,CrCL,power,TRUE,TRUE,TP
80,6,linCmt,4,vc,SEX,cat,TRUE,TRUE,TP
80,6,linCmt,4,vc,CrCL,power,FALSE,TRUE,FP
80,6,linCmt,5,cl,CrCL,power,TRUE,TRUE,TP
80,6,linCmt,5,vc,SEX,cat,TRUE,TRUE,TP
80,6,linCmt,6,cl,CrCL,power,TRUE,TRUE,TP
80,6,linCmt,6,vc,SEX,cat,TRUE,TRUE,TP
80,6,linCmt,6,vc,CrCL,power,FALSE,TRUE,FP
80,6,linCmt,7,cl,CrCL,power,TRUE,TRUE,TP
80,6,linCmt,7,vc,SEX,cat,TRUE,TRUE,TP
80,6,linCmt,8,cl,CrCL,power,TRUE,TRUE,TP
80,6,linCmt,8,vc,SEX,cat,TRUE,TRUE,TP
80,6,linCmt,9,cl,CrCL,power,TRUE,TRUE,TP
80,6,linCmt,9,vc,SEX,cat,TRUE,TRUE,TP
80,6,linCmt,9,cl,BMI,power,FALSE,TRUE,FP
80,6,linCmt,10,cl,CrCL,power,TRUE,TRUE,TP
80,6,linCmt,10,vc,SEX,cat,TRUE,TRUE,TP
80,6,linCmt,11,cl,CrCL,power,TRUE,TRUE,TP
80,6,linCmt,11,vc,SEX,cat,TRUE,TRUE,TP
80,6,linCmt,11,cl,SEX,cat,FALSE,TRUE,FP
80,6,linCmt,12,cl,CrCL,power,TRUE,TRUE,TP
80,6,linCmt,12,vc,SEX,cat,TRUE,TRUE,TP
80,6,linCmt,12,vc,BMI,power,FALSE,TRUE,FP
80,6,linCmt,13,cl,CrCL,power,TRUE,TRUE,TP
80,6,linCmt,13,vc,SEX,cat,TRUE,TRUE,TP
80,6,linCmt,14,cl,CrCL,power,TRUE,TRUE,TP
80,6,linCmt,14,vc,SEX,cat,TRUE,TRUE,TP
80,6,linCmt,15,cl,CrCL,power,TRUE,TRUE,TP
80,6,linCmt,15,vc,SEX,cat,TRUE,TRUE,TP
80,6,linCmt,16,cl,CrCL,power,TRUE,TRUE,TP
80,6,linCmt,16,vc,SEX,cat,TRUE,TRUE,TP
80,6,linCmt,17,cl,CrCL,power,TRUE,TRUE,TP
80,6,linCmt,17,vc,SEX,cat,TRUE,TRUE,TP
80,6,linCmt,18,cl,CrCL,power,TRUE,TRUE,TP
80,6,linCmt,18,vc,SEX,cat,TRUE,TRUE,TP
80,6,linCmt,19,cl,CrCL,power,TRUE,TRUE,TP
80,6,linCmt,19,vc,SEX,cat,TRUE,TRUE,TP
80,6,linCmt,20,cl,CrCL,power,TRUE,TRUE,TP
80,6,linCmt,20,vc,SEX,cat,TRUE,TRUE,TP
80,6,linCmt,21,cl,CrCL,power,TRUE,TRUE,TP
80,6,linCmt,21,vc,SEX,cat,TRUE,TRUE,TP
80,6,linCmt,21,vc,CrCL,power,FALSE,TRUE,FP
80,6,linCmt,22,cl,CrCL,power,TRUE,TRUE,TP
80,6,linCmt,22,vc,SEX,cat,TRUE,TRUE,TP
80,6,linCmt,23,cl,CrCL,power,TRUE,TRUE,TP
80,6,linCmt,23,vc,SEX,cat,TRUE,TRUE,TP
80,6,linCmt,24,cl,CrCL,power,TRUE,TRUE,TP
80,6,linCmt,24,vc,SEX,cat,TRUE,TRUE,TP
80,6,linCmt,25,cl,CrCL,power,TRUE,TRUE,TP
80,6,linCmt,25,vc,SEX,cat,TRUE,TRUE,TP
80,6,linCmt,26,cl,CrCL,power,TRUE,TRUE,TP
80,6,linCmt,26,vc,SEX,cat,TRUE,TRUE,TP
80,6,linCmt,27,cl,CrCL,power,TRUE,TRUE,TP
80,6,linCmt,27,vc,SEX,cat,TRUE,TRUE,TP
80,6,linCmt,28,cl,CrCL,power,TRUE,TRUE,TP
80,6,linCmt,28,vc,SEX,cat,TRUE,TRUE,TP
80,6,linCmt,28,vc,RACE,cat,FALSE,TRUE,FP
80,6,linCmt,29,cl,CrCL,power,TRUE,TRUE,TP
80,6,linCmt,29,vc,SEX,cat,TRUE,TRUE,TP
80,6,linCmt,30,cl,CrCL,power,TRUE,TRUE,TP
80,6,linCmt,30,vc,SEX,cat,TRUE,TRUE,TP
80,6,linCmt,30,vc,BMI,power,FALSE,TRUE,FP
80,6,linCmt,31,cl,CrCL,power,TRUE,TRUE,TP
80,6,linCmt,31,vc,SEX,cat,TRUE,TRUE,TP
80,6,linCmt,32,cl,CrCL,power,TRUE,TRUE,TP
80,6,linCmt,32,vc,SEX,cat,TRUE,TRUE,TP
80,6,linCmt,32,cl,BW,power,FALSE,TRUE,FP
80,6,linCmt,33,cl,CrCL,power,TRUE,TRUE,TP
80,6,linCmt,33,vc,SEX,cat,TRUE,TRUE,TP
80,6,linCmt,34,cl,CrCL,power,TRUE,TRUE,TP
80,6,linCmt,34,vc,SEX,cat,TRUE,TRUE,TP
80,6,linCmt,35,cl,CrCL,power,TRUE,TRUE,TP
80,6,linCmt,35,vc,SEX,cat,TRUE,TRUE,TP
80,6,linCmt,36,cl,CrCL,power,TRUE,TRUE,TP
80,6,linCmt,36,vc,SEX,cat,TRUE,TRUE,TP
80,6,linCmt,37,cl,CrCL,power,TRUE,TRUE,TP
80,6,linCmt,37,vc,SEX,cat,TRUE,TRUE,TP
80,6,linCmt,38,cl,CrCL,power,TRUE,TRUE,TP
80,6,linCmt,38,vc,SEX,cat,TRUE,TRUE,TP
80,6,linCmt,39,cl,CrCL,power,TRUE,TRUE,TP
80,6,linCmt,39,vc,SEX,cat,TRUE,TRUE,TP
80,6,linCmt,40,cl,CrCL,power,TRUE,TRUE,TP
80,6,linCmt,40,vc,SEX,cat,TRUE,TRUE,TP
80,6,linCmt,41,cl,CrCL,power,TRUE,TRUE,TP
80,6,linCmt,41,vc,SEX,cat,TRUE,TRUE,TP
80,6,linCmt,42,cl,CrCL,power,TRUE,TRUE,TP
80,6,linCmt,42,vc,SEX,cat,TRUE,TRUE,TP
80,6,linCmt,43,cl,CrCL,power,TRUE,TRUE,TP
80,6,linCmt,43,vc,SEX,cat,TRUE,TRUE,TP
80,6,linCmt,44,cl,CrCL,power,TRUE,TRUE,TP
80,6,linCmt,44,vc,SEX,cat,TRUE,TRUE,TP
80,6,linCmt,45,cl,CrCL,power,TRUE,TRUE,TP
80,6,linCmt,45,vc,SEX,cat,TRUE,TRUE,TP
80,6,linCmt,46,cl,CrCL,power,TRUE,TRUE,TP
80,6,linCmt,46,vc,SEX,cat,TRUE,TRUE,TP
80,6,linCmt,47,cl,CrCL,power,TRUE,TRUE,TP
80,6,linCmt,47,vc,SEX,cat,TRUE,TRUE,TP
80,6,linCmt,48,cl,CrCL,power,TRUE,TRUE,TP
80,6,linCmt,48,vc,SEX,cat,TRUE,TRUE,TP
80,6,linCmt,49,cl,CrCL,power,TRUE,TRUE,TP
80,6,linCmt,49,vc,SEX,cat,TRUE,TRUE,TP
80,6,linCmt,50,cl,CrCL,power,TRUE,TRUE,TP
80,6,linCmt,50,vc,SEX,cat,TRUE,TRUE,TP
80,6,linCmt,51,cl,CrCL,power,TRUE,TRUE,TP
80,6,linCmt,51,vc,SEX,cat,TRUE,TRUE,TP
80,6,linCmt,51,vc,CrCL,power,FALSE,TRUE,FP
80,6,linCmt,52,cl,CrCL,power,TRUE,TRUE,TP
80,6,linCmt,52,vc,SEX,cat,TRUE,TRUE,TP
80,6,linCmt,52,cl,BMI,power,FALSE,TRUE,FP
80,6,linCmt,52,vc,BW,power,FALSE,TRUE,FP
80,6,linCmt,53,cl,CrCL,power,TRUE,TRUE,TP
80,6,linCmt,53,vc,SEX,cat,TRUE,TRUE,TP
80,6,linCmt,54,cl,CrCL,power,TRUE,TRUE,TP
80,6,linCmt,54,vc,SEX,cat,TRUE,TRUE,TP
80,6,linCmt,55,cl,CrCL,power,TRUE,TRUE,TP
80,6,linCmt,55,vc,SEX,cat,TRUE,TRUE,TP
80,6,linCmt,56,cl,CrCL,power,TRUE,TRUE,TP
80,6,linCmt,56,vc,SEX,cat,TRUE,TRUE,TP
80,6,linCmt,56,cl,BMI,power,FALSE,TRUE,FP
80,6,linCmt,57,cl,CrCL,power,TRUE,TRUE,TP
80,6,linCmt,57,vc,SEX,cat,TRUE,TRUE,TP
80,6,linCmt,58,cl,CrCL,power,TRUE,TRUE,TP
80,6,linCmt,58,vc,SEX,cat,TRUE,TRUE,TP
80,6,linCmt,59,cl,CrCL,power,TRUE,TRUE,TP
80,6,linCmt,59,vc,SEX,cat,TRUE,FALSE,FN
80,6,linCmt,60,cl,CrCL,power,TRUE,TRUE,TP
80,6,linCmt,60,vc,SEX,cat,TRUE,TRUE,TP
80,6,linCmt,60,cl,BW,power,FALSE,TRUE,FP
80,6,linCmt,61,cl,CrCL,power,TRUE,TRUE,TP
80,6,linCmt,61,vc,SEX,cat,TRUE,TRUE,TP
80,6,linCmt,62,cl,CrCL,power,TRUE,TRUE,TP
80,6,linCmt,62,vc,SEX,cat,TRUE,TRUE,TP
80,6,linCmt,63,cl,CrCL,power,TRUE,TRUE,TP
80,6,linCmt,63,vc,SEX,cat,TRUE,TRUE,TP
80,6,linCmt,64,cl,CrCL,power,TRUE,TRUE,TP
80,6,linCmt,64,vc,SEX,cat,TRUE,TRUE,TP
80,6,linCmt,64,vc,RACE,cat,FALSE,TRUE,FP
80,6,linCmt,64,cl,RACE,cat,FALSE,TRUE,FP
80,6,linCmt,65,cl,CrCL,power,TRUE,TRUE,TP
80,6,linCmt,65,vc,SEX,cat,TRUE,TRUE,TP
80,6,linCmt,66,cl,CrCL,power,TRUE,TRUE,TP
80,6,linCmt,66,vc,SEX,cat,TRUE,TRUE,TP
80,6,linCmt,67,cl,CrCL,power,TRUE,TRUE,TP
80,6,linCmt,67,vc,SEX,cat,TRUE,TRUE,TP
80,6,linCmt,68,cl,CrCL,power,TRUE,TRUE,TP
80,6,linCmt,68,vc,SEX,cat,TRUE,TRUE,TP
80,6,linCmt,69,cl,CrCL,power,TRUE,TRUE,TP
80,6,linCmt,69,vc,SEX,cat,TRUE,TRUE,TP
80,6,linCmt,70,cl,CrCL,power,TRUE,TRUE,TP
80,6,linCmt,70,vc,SEX,cat,TRUE,TRUE,TP
80,6,linCmt,71,cl,CrCL,power,TRUE,TRUE,TP
80,6,linCmt,71,vc,SEX,cat,TRUE,TRUE,TP
80,6,linCmt,71,cl,RACE,cat,FALSE,TRUE,FP
80,6,linCmt,72,cl,CrCL,power,TRUE,TRUE,TP
80,6,linCmt,72,vc,SEX,cat,TRUE,TRUE,TP
80,6,linCmt,73,cl,CrCL,power,TRUE,TRUE,TP
80,6,linCmt,73,vc,SEX,cat,TRUE,TRUE,TP
80,6,linCmt,74,cl,CrCL,power,TRUE,TRUE,TP
80,6,linCmt,74,vc,SEX,cat,TRUE,TRUE,TP
80,6,linCmt,75,cl,CrCL,power,TRUE,TRUE,TP
80,6,linCmt,75,vc,SEX,cat,TRUE,TRUE,TP
80,6,linCmt,76,cl,CrCL,power,TRUE,TRUE,TP
80,6,linCmt,76,vc,SEX,cat,TRUE,TRUE,TP
80,6,linCmt,77,cl,CrCL,power,TRUE,TRUE,TP
80,6,linCmt,77,vc,SEX,cat,TRUE,TRUE,TP
80,6,linCmt,78,cl,CrCL,power,TRUE,TRUE,TP
80,6,linCmt,78,vc,SEX,cat,TRUE,TRUE,TP
80,6,linCmt,79,cl,CrCL,power,TRUE,TRUE,TP
80,6,linCmt,79,vc,SEX,cat,TRUE,TRUE,TP
80,6,linCmt,79,vc,CrCL,power,FALSE,TRUE,FP
80,6,linCmt,80,cl,CrCL,power,TRUE,TRUE,TP
80,6,linCmt,80,vc,SEX,cat,TRUE,TRUE,TP
80,6,linCmt,81,cl,CrCL,power,TRUE,TRUE,TP
80,6,linCmt,81,vc,SEX,cat,TRUE,TRUE,TP
80,6,linCmt,82,cl,CrCL,power,TRUE,TRUE,TP
80,6,linCmt,82,vc,SEX,cat,TRUE,TRUE,TP
80,6,linCmt,83,cl,CrCL,power,TRUE,TRUE,TP
80,6,linCmt,83,vc,SEX,cat,TRUE,TRUE,TP
80,6,linCmt,84,cl,CrCL,power,TRUE,TRUE,TP
80,6,linCmt,84,vc,SEX,cat,TRUE,TRUE,TP
80,6,linCmt,85,cl,CrCL,power,TRUE,TRUE,TP
80,6,linCmt,85,vc,SEX,cat,TRUE,TRUE,TP
80,6,linCmt,86,cl,CrCL,power,TRUE,TRUE,TP
80,6,linCmt,86,vc,SEX,cat,TRUE,TRUE,TP
80,6,linCmt,87,cl,CrCL,power,TRUE,TRUE,TP
80,6,linCmt,87,vc,SEX,cat,TRUE,TRUE,TP
80,6,linCmt,88,cl,CrCL,power,TRUE,TRUE,TP
80,6,linCmt,88,vc,SEX,cat,TRUE,TRUE,TP
80,6,linCmt,89,cl,CrCL,power,TRUE,TRUE,TP
80,6,linCmt,89,vc,SEX,cat,TRUE,TRUE,TP
80,6,linCmt,90,cl,CrCL,power,TRUE,TRUE,TP
80,6,linCmt,90,vc,SEX,cat,TRUE,TRUE,TP
80,6,linCmt,90,vc,BW,power,FALSE,TRUE,FP
80,6,linCmt,91,cl,CrCL,power,TRUE,TRUE,TP
80,6,linCmt,91,vc,SEX,cat,TRUE,TRUE,TP
80,6,linCmt,92,cl,CrCL,power,TRUE,TRUE,TP
80,6,linCmt,92,vc,SEX,cat,TRUE,TRUE,TP
80,6,linCmt,93,cl,CrCL,power,TRUE,TRUE,TP
80,6,linCmt,93,vc,SEX,cat,TRUE,TRUE,TP
80,6,linCmt,93,cl,BW,power,FALSE,TRUE,FP
80,6,linCmt,93,vc,BW,power,FALSE,TRUE,FP
80,6,linCmt,94,cl,CrCL,power,TRUE,TRUE,TP
80,6,linCmt,94,vc,SEX,cat,TRUE,TRUE,TP
80,6,linCmt,95,cl,CrCL,power,TRUE,TRUE,TP
80,6,linCmt,95,vc,SEX,cat,TRUE,TRUE,TP
80,6,linCmt,95,vc,RACE,cat,FALSE,TRUE,FP
80,6,linCmt,96,cl,CrCL,power,TRUE,TRUE,TP
80,6,linCmt,96,vc,SEX,cat,TRUE,TRUE,TP
80,6,linCmt,96,cl,RACE,cat,FALSE,TRUE,FP
80,6,linCmt,97,cl,CrCL,power,TRUE,TRUE,TP
80,6,linCmt,97,vc,SEX,cat,TRUE,TRUE,TP
80,6,linCmt,97,cl,SEX,cat,FALSE,TRUE,FP
80,6,linCmt,98,cl,CrCL,power,TRUE,TRUE,TP
80,6,linCmt,98,vc,SEX,cat,TRUE,TRUE,TP
80,6,linCmt,98,vc,CrCL,power,FALSE,TRUE,FP
80,6,linCmt,99,cl,CrCL,power,TRUE,TRUE,TP
80,6,linCmt,99,vc,SEX,cat,TRUE,TRUE,TP
80,6,linCmt,100,cl,CrCL,power,TRUE,TRUE,TP
80,6,linCmt,100,vc,SEX,cat,TRUE,TRUE,TP
80,6,ode,1,cl,CrCL,power,TRUE,TRUE,TP
80,6,ode,1,vc,SEX,cat,TRUE,TRUE,TP
80,6,ode,2,cl,CrCL,power,TRUE,TRUE,TP
80,6,ode,2,vc,SEX,cat,TRUE,TRUE,TP
80,6,ode,3,cl,CrCL,power,TRUE,TRUE,TP
80,6,ode,3,vc,SEX,cat,TRUE,TRUE,TP
80,6,ode,4,cl,CrCL,power,TRUE,TRUE,TP
80,6,ode,4,vc,SEX,cat,TRUE,TRUE,TP
80,6,ode,4,vc,CrCL,power,FALSE,TRUE,FP
80,6,ode,5,cl,CrCL,power,TRUE,TRUE,TP
80,6,ode,5,vc,SEX,cat,TRUE,TRUE,TP
80,6,ode,6,cl,CrCL,power,TRUE,TRUE,TP
80,6,ode,6,vc,SEX,cat,TRUE,TRUE,TP
80,6,ode,6,vc,CrCL,power,FALSE,TRUE,FP
80,6,ode,7,cl,CrCL,power,TRUE,TRUE,TP
80,6,ode,7,vc,SEX,cat,TRUE,TRUE,TP
80,6,ode,8,cl,CrCL,power,TRUE,TRUE,TP
80,6,ode,8,vc,SEX,cat,TRUE,TRUE,TP
80,6,ode,9,cl,CrCL,power,TRUE,TRUE,TP
80,6,ode,9,vc,SEX,cat,TRUE,TRUE,TP
80,6,ode,9,cl,BMI,power,FALSE,TRUE,FP
80,6,ode,10,cl,CrCL,power,TRUE,TRUE,TP
80,6,ode,10,vc,SEX,cat,TRUE,TRUE,TP
80,6,ode,11,cl,CrCL,power,TRUE,TRUE,TP
80,6,ode,11,vc,SEX,cat,TRUE,TRUE,TP
80,6,ode,11,cl,SEX,cat,FALSE,TRUE,FP
80,6,ode,12,cl,CrCL,power,TRUE,TRUE,TP
80,6,ode,12,vc,SEX,cat,TRUE,TRUE,TP
80,6,ode,12,vc,BMI,power,FALSE,TRUE,FP
80,6,ode,13,cl,CrCL,power,TRUE,TRUE,TP
80,6,ode,13,vc,SEX,cat,TRUE,TRUE,TP
80,6,ode,14,cl,CrCL,power,TRUE,TRUE,TP
80,6,ode,14,vc,SEX,cat,TRUE,TRUE,TP
80,6,ode,15,cl,CrCL,power,TRUE,TRUE,TP
80,6,ode,15,vc,SEX,cat,TRUE,TRUE,TP
80,6,ode,16,cl,CrCL,power,TRUE,TRUE,TP
80,6,ode,16,vc,SEX,cat,TRUE,TRUE,TP
80,6,ode,17,cl,CrCL,power,TRUE,TRUE,TP
80,6,ode,17,vc,SEX,cat,TRUE,TRUE,TP
80,6,ode,18,cl,CrCL,power,TRUE,TRUE,TP
80,6,ode,18,vc,SEX,cat,TRUE,TRUE,TP
80,6,ode,19,cl,CrCL,power,TRUE,TRUE,TP
80,6,ode,19,vc,SEX,cat,TRUE,TRUE,TP
80,6,ode,20,cl,CrCL,power,TRUE,TRUE,TP
80,6,ode,20,vc,SEX,cat,TRUE,TRUE,TP
80,6,ode,21,cl,CrCL,power,TRUE,TRUE,TP
80,6,ode,21,vc,SEX,cat,TRUE,TRUE,TP
80,6,ode,21,vc,CrCL,power,FALSE,TRUE,FP
80,6,ode,22,cl,CrCL,power,TRUE,TRUE,TP
80,6,ode,22,vc,SEX,cat,TRUE,TRUE,TP
80,6,ode,23,cl,CrCL,power,TRUE,TRUE,TP
80,6,ode,23,vc,SEX,cat,TRUE,TRUE,TP
80,6,ode,24,cl,CrCL,power,TRUE,TRUE,TP
80,6,ode,24,vc,SEX,cat,TRUE,TRUE,TP
80,6,ode,25,cl,CrCL,power,TRUE,TRUE,TP
80,6,ode,25,vc,SEX,cat,TRUE,TRUE,TP
80,6,ode,26,cl,CrCL,power,TRUE,TRUE,TP
80,6,ode,26,vc,SEX,cat,TRUE,TRUE,TP
80,6,ode,27,cl,CrCL,power,TRUE,TRUE,TP
80,6,ode,27,vc,SEX,cat,TRUE,TRUE,TP
80,6,ode,28,cl,CrCL,power,TRUE,TRUE,TP
80,6,ode,28,vc,SEX,cat,TRUE,TRUE,TP
80,6,ode,28,vc,RACE,cat,FALSE,TRUE,FP
80,6,ode,29,cl,CrCL,power,TRUE,TRUE,TP
80,6,ode,29,vc,SEX,cat,TRUE,TRUE,TP
80,6,ode,30,cl,CrCL,power,TRUE,TRUE,TP
80,6,ode,30,vc,SEX,cat,TRUE,TRUE,TP
80,6,ode,30,vc,BMI,power,FALSE,TRUE,FP
80,6,ode,31,cl,CrCL,power,TRUE,TRUE,TP
80,6,ode,31,vc,SEX,cat,TRUE,TRUE,TP
80,6,ode,32,cl,CrCL,power,TRUE,TRUE,TP
80,6,ode,32,vc,SEX,cat,TRUE,TRUE,TP
80,6,ode,32,cl,BW,power,FALSE,TRUE,FP
80,6,ode,33,cl,CrCL,power,TRUE,TRUE,TP
80,6,ode,33,vc,SEX,cat,TRUE,TRUE,TP
80,6,ode,34,cl,CrCL,power,TRUE,TRUE,TP
80,6,ode,34,vc,SEX,cat,TRUE,TRUE,TP
80,6,ode,35,cl,CrCL,power,TRUE,TRUE,TP
80,6,ode,35,vc,SEX,cat,TRUE,TRUE,TP
80,6,ode,36,cl,CrCL,power,TRUE,TRUE,TP
80,6,ode,36,vc,SEX,cat,TRUE,TRUE,TP
80,6,ode,37,cl,CrCL,power,TRUE,TRUE,TP
80,6,ode,37,vc,SEX,cat,TRUE,TRUE,TP
80,6,ode,38,cl,CrCL,power,TRUE,TRUE,TP
80,6,ode,38,vc,SEX,cat,TRUE,TRUE,TP
80,6,ode,39,cl,CrCL,power,TRUE,TRUE,TP
80,6,ode,39,vc,SEX,cat,TRUE,TRUE,TP
80,6,ode,40,cl,CrCL,power,TRUE,TRUE,TP
80,6,ode,40,vc,SEX,cat,TRUE,TRUE,TP
80,6,ode,41,cl,CrCL,power,TRUE,TRUE,TP
80,6,ode,41,vc,SEX,cat,TRUE,TRUE,TP
80,6,ode,42,cl,CrCL,power,TRUE,TRUE,TP
80,6,ode,42,vc,SEX,cat,TRUE,TRUE,TP
80,6,ode,43,cl,CrCL,power,TRUE,TRUE,TP
80,6,ode,43,vc,SEX,cat,TRUE,TRUE,TP
80,6,ode,44,cl,CrCL,power,TRUE,TRUE,TP
80,6,ode,44,vc,SEX,cat,TRUE,TRUE,TP
80,6,ode,45,cl,CrCL,power,TRUE,TRUE,TP
80,6,ode,45,vc,SEX,cat,TRUE,TRUE,TP
80,6,ode,46,cl,CrCL,power,TRUE,TRUE,TP
80,6,ode,46,vc,SEX,cat,TRUE,TRUE,TP
80,6,ode,47,cl,CrCL,power,TRUE,TRUE,TP
80,6,ode,47,vc,SEX,cat,TRUE,TRUE,TP
80,6,ode,48,cl,CrCL,power,TRUE,TRUE,TP
80,6,ode,48,vc,SEX,cat,TRUE,TRUE,TP
80,6,ode,49,cl,CrCL,power,TRUE,TRUE,TP
80,6,ode,49,vc,SEX,cat,TRUE,TRUE,TP
80,6,ode,50,cl,CrCL,power,TRUE,TRUE,TP
80,6,ode,50,vc,SEX,cat,TRUE,TRUE,TP
80,6,ode,51,cl,CrCL,power,TRUE,TRUE,TP
80,6,ode,51,vc,SEX,cat,TRUE,TRUE,TP
80,6,ode,51,vc,CrCL,power,FALSE,TRUE,FP
80,6,ode,52,cl,CrCL,power,TRUE,TRUE,TP
80,6,ode,52,vc,SEX,cat,TRUE,TRUE,TP
80,6,ode,53,cl,CrCL,power,TRUE,TRUE,TP
80,6,ode,53,vc,SEX,cat,TRUE,TRUE,TP
80,6,ode,54,cl,CrCL,power,TRUE,TRUE,TP
80,6,ode,54,vc,SEX,cat,TRUE,TRUE,TP
80,6,ode,55,cl,CrCL,power,TRUE,TRUE,TP
80,6,ode,55,vc,SEX,cat,TRUE,TRUE,TP
80,6,ode,56,cl,CrCL,power,TRUE,TRUE,TP
80,6,ode,56,vc,SEX,cat,TRUE,TRUE,TP
80,6,ode,56,cl,BMI,power,FALSE,TRUE,FP
80,6,ode,57,cl,CrCL,power,TRUE,TRUE,TP
80,6,ode,57,vc,SEX,cat,TRUE,TRUE,TP
80,6,ode,58,cl,CrCL,power,TRUE,TRUE,TP
80,6,ode,58,vc,SEX,cat,TRUE,TRUE,TP
80,6,ode,59,cl,CrCL,power,TRUE,TRUE,TP
80,6,ode,59,vc,SEX,cat,TRUE,FALSE,FN
80,6,ode,60,cl,CrCL,power,TRUE,TRUE,TP
80,6,ode,60,vc,SEX,cat,TRUE,TRUE,TP
80,6,ode,60,cl,BW,power,FALSE,TRUE,FP
80,6,ode,61,cl,CrCL,power,TRUE,TRUE,TP
80,6,ode,61,vc,SEX,cat,TRUE,TRUE,TP
80,6,ode,62,cl,CrCL,power,TRUE,TRUE,TP
80,6,ode,62,vc,SEX,cat,TRUE,TRUE,TP
80,6,ode,63,cl,CrCL,power,TRUE,TRUE,TP
80,6,ode,63,vc,SEX,cat,TRUE,TRUE,TP
80,6,ode,64,cl,CrCL,power,TRUE,TRUE,TP
80,6,ode,64,vc,SEX,cat,TRUE,TRUE,TP
80,6,ode,64,vc,RACE,cat,FALSE,TRUE,FP
80,6,ode,64,cl,RACE,cat,FALSE,TRUE,FP
80,6,ode,65,cl,CrCL,power,TRUE,TRUE,TP
80,6,ode,65,vc,SEX,cat,TRUE,TRUE,TP
80,6,ode,66,cl,CrCL,power,TRUE,TRUE,TP
80,6,ode,66,vc,SEX,cat,TRUE,TRUE,TP
80,6,ode,67,cl,CrCL,power,TRUE,TRUE,TP
80,6,ode,67,vc,SEX,cat,TRUE,TRUE,TP
80,6,ode,68,cl,CrCL,power,TRUE,TRUE,TP
80,6,ode,68,vc,SEX,cat,TRUE,TRUE,TP
80,6,ode,69,cl,CrCL,power,TRUE,TRUE,TP
80,6,ode,69,vc,SEX,cat,TRUE,TRUE,TP
80,6,ode,70,cl,CrCL,power,TRUE,TRUE,TP
80,6,ode,70,vc,SEX,cat,TRUE,TRUE,TP
80,6,ode,71,cl,CrCL,power,TRUE,TRUE,TP
80,6,ode,71,vc,SEX,cat,TRUE,TRUE,TP
80,6,ode,71,cl,RACE,cat,FALSE,TRUE,FP
80,6,ode,72,cl,CrCL,power,TRUE,TRUE,TP
80,6,ode,72,vc,SEX,cat,TRUE,TRUE,TP
80,6,ode,73,cl,CrCL,power,TRUE,TRUE,TP
80,6,ode,73,vc,SEX,cat,TRUE,TRUE,TP
80,6,ode,74,cl,CrCL,power,TRUE,TRUE,TP
80,6,ode,74,vc,SEX,cat,TRUE,TRUE,TP
80,6,ode,75,cl,CrCL,power,TRUE,TRUE,TP
80,6,ode,75,vc,SEX,cat,TRUE,TRUE,TP
80,6,ode,76,cl,CrCL,power,TRUE,TRUE,TP
80,6,ode,76,vc,SEX,cat,TRUE,TRUE,TP
80,6,ode,77,cl,CrCL,power,TRUE,TRUE,TP
80,6,ode,77,vc,SEX,cat,TRUE,TRUE,TP
80,6,ode,78,cl,CrCL,power,TRUE,TRUE,TP
80,6,ode,78,vc,SEX,cat,TRUE,TRUE,TP
80,6,ode,79,cl,CrCL,power,TRUE,TRUE,TP
80,6,ode,79,vc,SEX,cat,TRUE,TRUE,TP
80,6,ode,79,vc,CrCL,power,FALSE,TRUE,FP
80,6,ode,80,cl,CrCL,power,TRUE,TRUE,TP
80,6,ode,80,vc,SEX,cat,TRUE,TRUE,TP
80,6,ode,81,cl,CrCL,power,TRUE,TRUE,TP
80,6,ode,81,vc,SEX,cat,TRUE,TRUE,TP
80,6,ode,82,cl,CrCL,power,TRUE,TRUE,TP
80,6,ode,82,vc,SEX,cat,TRUE,TRUE,TP
80,6,ode,83,cl,CrCL,power,TRUE,TRUE,TP
80,6,ode,83,vc,SEX,cat,TRUE,TRUE,TP
80,6,ode,84,cl,CrCL,power,TRUE,TRUE,TP
80,6,ode,84,vc,SEX,cat,TRUE,TRUE,TP
80,6,ode,85,cl,CrCL,power,TRUE,TRUE,TP
80,6,ode,85,vc,SEX,cat,TRUE,TRUE,TP
80,6,ode,86,cl,CrCL,power,TRUE,TRUE,TP
80,6,ode,86,vc,SEX,cat,TRUE,TRUE,TP
80,6,ode,87,cl,CrCL,power,TRUE,TRUE,TP
80,6,ode,87,vc,SEX,cat,TRUE,TRUE,TP
80,6,ode,88,cl,CrCL,power,TRUE,TRUE,TP
80,6,ode,88,vc,SEX,cat,TRUE,TRUE,TP
80,6,ode,89,cl,CrCL,power,TRUE,TRUE,TP
80,6,ode,89,vc,SEX,cat,TRUE,TRUE,TP
80,6,ode,90,cl,CrCL,power,TRUE,TRUE,TP
80,6,ode,90,vc,SEX,cat,TRUE,TRUE,TP
80,6,ode,90,vc,BW,power,FALSE,TRUE,FP
80,6,ode,91,cl,CrCL,power,TRUE,TRUE,TP
80,6,ode,91,vc,SEX,cat,TRUE,TRUE,TP
80,6,ode,92,cl,CrCL,power,TRUE,TRUE,TP
80,6,ode,92,vc,SEX,cat,TRUE,TRUE,TP
80,6,ode,93,cl,CrCL,power,TRUE,TRUE,TP
80,6,ode,93,vc,SEX,cat,TRUE,TRUE,TP
80,6,ode,93,cl,BW,power,FALSE,TRUE,FP
80,6,ode,93,vc,BW,power,FALSE,TRUE,FP
80,6,ode,94,cl,CrCL,power,TRUE,TRUE,TP
80,6,ode,94,vc,SEX,cat,TRUE,TRUE,TP
80,6,ode,95,cl,CrCL,power,TRUE,TRUE,TP
80,6,ode,95,vc,SEX,cat,TRUE,TRUE,TP
80,6,ode,95,vc,RACE,cat,FALSE,TRUE,FP
80,6,ode,96,cl,CrCL,power,TRUE,TRUE,TP
80,6,ode,96,vc,SEX,cat,TRUE,TRUE,TP
80,6,ode,96,cl,RACE,cat,FALSE,TRUE,FP
80,6,ode,97,cl,CrCL,power,TRUE,TRUE,TP
80,6,ode,97,vc,SEX,cat,TRUE,TRUE,TP
80,6,ode,97,cl,SEX,cat,FALSE,TRUE,FP
80,6,ode,98,cl,CrCL,power,TRUE,TRUE,TP
80,6,ode,98,vc,SEX,cat,TRUE,TRUE,TP
80,6,ode,98,vc,CrCL,power,FALSE,TRUE,FP
80,6,ode,99,cl,CrCL,power,TRUE,TRUE,TP
80,6,ode,99,vc,SEX,cat,TRUE,TRUE,TP
80,6,ode,100,cl,CrCL,power,TRUE,TRUE,TP
80,6,ode,100,vc,SEX,cat,TRUE,TRUE,TP
80,7,linCmt,1,cl,CrCL,power,TRUE,TRUE,TP
80,7,linCmt,1,vc,BW,power,TRUE,FALSE,FN
80,7,linCmt,1,vc,BMI,power,FALSE,TRUE,FP
80,7,linCmt,2,cl,CrCL,power,TRUE,TRUE,TP
80,7,linCmt,2,vc,BW,power,TRUE,TRUE,TP
80,7,linCmt,2,cl,RACE,cat,FALSE,TRUE,FP
80,7,linCmt,3,cl,CrCL,power,TRUE,TRUE,TP
80,7,linCmt,3,vc,BW,power,TRUE,TRUE,TP
80,7,linCmt,4,cl,CrCL,power,TRUE,TRUE,TP
80,7,linCmt,4,vc,BW,power,TRUE,TRUE,TP
80,7,linCmt,5,cl,CrCL,power,TRUE,TRUE,TP
80,7,linCmt,5,vc,BW,power,TRUE,FALSE,FN
80,7,linCmt,5,vc,BMI,power,FALSE,TRUE,FP
80,7,linCmt,6,cl,CrCL,power,TRUE,TRUE,TP
80,7,linCmt,6,vc,BW,power,TRUE,TRUE,TP
80,7,linCmt,7,cl,CrCL,power,TRUE,TRUE,TP
80,7,linCmt,7,vc,BW,power,TRUE,TRUE,TP
80,7,linCmt,7,vc,CrCL,power,FALSE,TRUE,FP
80,7,linCmt,8,cl,CrCL,power,TRUE,TRUE,TP
80,7,linCmt,8,vc,BW,power,TRUE,TRUE,TP
80,7,linCmt,9,cl,CrCL,power,TRUE,TRUE,TP
80,7,linCmt,9,vc,BW,power,TRUE,TRUE,TP
80,7,linCmt,10,cl,CrCL,power,TRUE,TRUE,TP
80,7,linCmt,10,vc,BW,power,TRUE,TRUE,TP
80,7,linCmt,10,cl,BMI,power,FALSE,TRUE,FP
80,7,linCmt,11,cl,CrCL,power,TRUE,TRUE,TP
80,7,linCmt,11,vc,BW,power,TRUE,TRUE,TP
80,7,linCmt,11,vc,BMI,power,FALSE,TRUE,FP
80,7,linCmt,12,cl,CrCL,power,TRUE,TRUE,TP
80,7,linCmt,12,vc,BW,power,TRUE,TRUE,TP
80,7,linCmt,13,cl,CrCL,power,TRUE,TRUE,TP
80,7,linCmt,13,vc,BW,power,TRUE,TRUE,TP
80,7,linCmt,13,vc,RACE,cat,FALSE,TRUE,FP
80,7,linCmt,14,cl,CrCL,power,TRUE,TRUE,TP
80,7,linCmt,14,vc,BW,power,TRUE,TRUE,TP
80,7,linCmt,15,cl,CrCL,power,TRUE,TRUE,TP
80,7,linCmt,15,vc,BW,power,TRUE,FALSE,FN
80,7,linCmt,15,vc,BMI,power,FALSE,TRUE,FP
80,7,linCmt,16,cl,CrCL,power,TRUE,TRUE,TP
80,7,linCmt,16,vc,BW,power,TRUE,TRUE,TP
80,7,linCmt,17,cl,CrCL,power,TRUE,TRUE,TP
80,7,linCmt,17,vc,BW,power,TRUE,TRUE,TP
80,7,linCmt,18,cl,CrCL,power,TRUE,TRUE,TP
80,7,linCmt,18,vc,BW,power,TRUE,TRUE,TP
80,7,linCmt,19,cl,CrCL,power,TRUE,TRUE,TP
80,7,linCmt,19,vc,BW,power,TRUE,TRUE,TP
80,7,linCmt,20,cl,CrCL,power,TRUE,TRUE,TP
80,7,linCmt,20,vc,BW,power,TRUE,TRUE,TP
80,7,linCmt,21,cl,CrCL,power,TRUE,TRUE,TP
80,7,linCmt,21,vc,BW,power,TRUE,TRUE,TP
80,7,linCmt,22,cl,CrCL,power,TRUE,TRUE,TP
80,7,linCmt,22,vc,BW,power,TRUE,TRUE,TP
80,7,linCmt,22,cl,BMI,power,FALSE,TRUE,FP
80,7,linCmt,23,cl,CrCL,power,TRUE,TRUE,TP
80,7,linCmt,23,vc,BW,power,TRUE,TRUE,TP
80,7,linCmt,23,vc,RACE,cat,FALSE,TRUE,FP
80,7,linCmt,24,cl,CrCL,power,TRUE,TRUE,TP
80,7,linCmt,24,vc,BW,power,TRUE,TRUE,TP
80,7,linCmt,25,cl,CrCL,power,TRUE,TRUE,TP
80,7,linCmt,25,vc,BW,power,TRUE,FALSE,FN
80,7,linCmt,25,vc,BMI,power,FALSE,TRUE,FP
80,7,linCmt,26,cl,CrCL,power,TRUE,TRUE,TP
80,7,linCmt,26,vc,BW,power,TRUE,TRUE,TP
80,7,linCmt,27,cl,CrCL,power,TRUE,TRUE,TP
80,7,linCmt,27,vc,BW,power,TRUE,TRUE,TP
80,7,linCmt,28,cl,CrCL,power,TRUE,TRUE,TP
80,7,linCmt,28,vc,BW,power,TRUE,FALSE,FN
80,7,linCmt,28,vc,BMI,power,FALSE,TRUE,FP
80,7,linCmt,29,cl,CrCL,power,TRUE,TRUE,TP
80,7,linCmt,29,vc,BW,power,TRUE,TRUE,TP
80,7,linCmt,30,cl,CrCL,power,TRUE,TRUE,TP
80,7,linCmt,30,vc,BW,power,TRUE,TRUE,TP
80,7,linCmt,31,cl,CrCL,power,TRUE,TRUE,TP
80,7,linCmt,31,vc,BW,power,TRUE,TRUE,TP
80,7,linCmt,32,cl,CrCL,power,TRUE,TRUE,TP
80,7,linCmt,32,vc,BW,power,TRUE,TRUE,TP
80,7,linCmt,33,cl,CrCL,power,TRUE,TRUE,TP
80,7,linCmt,33,vc,BW,power,TRUE,FALSE,FN
80,7,linCmt,33,vc,BMI,power,FALSE,TRUE,FP
80,7,linCmt,34,cl,CrCL,power,TRUE,TRUE,TP
80,7,linCmt,34,vc,BW,power,TRUE,TRUE,TP
80,7,linCmt,35,cl,CrCL,power,TRUE,TRUE,TP
80,7,linCmt,35,vc,BW,power,TRUE,FALSE,FN
80,7,linCmt,35,vc,BMI,power,FALSE,TRUE,FP
80,7,linCmt,35,vc,SEX,cat,FALSE,TRUE,FP
80,7,linCmt,36,cl,CrCL,power,TRUE,TRUE,TP
80,7,linCmt,36,vc,BW,power,TRUE,TRUE,TP
80,7,linCmt,37,cl,CrCL,power,TRUE,TRUE,TP
80,7,linCmt,37,vc,BW,power,TRUE,TRUE,TP
80,7,linCmt,37,cl,BW,power,FALSE,TRUE,FP
80,7,linCmt,38,cl,CrCL,power,TRUE,TRUE,TP
80,7,linCmt,38,vc,BW,power,TRUE,TRUE,TP
80,7,linCmt,39,cl,CrCL,power,TRUE,TRUE,TP
80,7,linCmt,39,vc,BW,power,TRUE,TRUE,TP
80,7,linCmt,40,cl,CrCL,power,TRUE,TRUE,TP
80,7,linCmt,40,vc,BW,power,TRUE,TRUE,TP
80,7,linCmt,41,cl,CrCL,power,TRUE,TRUE,TP
80,7,linCmt,41,vc,BW,power,TRUE,TRUE,TP
80,7,linCmt,41,cl,RACE,cat,FALSE,TRUE,FP
80,7,linCmt,42,cl,CrCL,power,TRUE,TRUE,TP
80,7,linCmt,42,vc,BW,power,TRUE,TRUE,TP
80,7,linCmt,42,vc,BMI,power,FALSE,TRUE,FP
80,7,linCmt,43,cl,CrCL,power,TRUE,TRUE,TP
80,7,linCmt,43,vc,BW,power,TRUE,FALSE,FN
80,7,linCmt,43,vc,BMI,power,FALSE,TRUE,FP
80,7,linCmt,43,vc,SEX,cat,FALSE,TRUE,FP
80,7,linCmt,44,cl,CrCL,power,TRUE,TRUE,TP
80,7,linCmt,44,vc,BW,power,TRUE,TRUE,TP
80,7,linCmt,45,cl,CrCL,power,TRUE,TRUE,TP
80,7,linCmt,45,vc,BW,power,TRUE,TRUE,TP
80,7,linCmt,46,cl,CrCL,power,TRUE,TRUE,TP
80,7,linCmt,46,vc,BW,power,TRUE,TRUE,TP
80,7,linCmt,47,cl,CrCL,power,TRUE,TRUE,TP
80,7,linCmt,47,vc,BW,power,TRUE,TRUE,TP
80,7,linCmt,48,cl,CrCL,power,TRUE,TRUE,TP
80,7,linCmt,48,vc,BW,power,TRUE,TRUE,TP
80,7,linCmt,49,cl,CrCL,power,TRUE,TRUE,TP
80,7,linCmt,49,vc,BW,power,TRUE,TRUE,TP
80,7,linCmt,50,cl,CrCL,power,TRUE,TRUE,TP
80,7,linCmt,50,vc,BW,power,TRUE,TRUE,TP
80,7,linCmt,51,cl,CrCL,power,TRUE,TRUE,TP
80,7,linCmt,51,vc,BW,power,TRUE,TRUE,TP
80,7,linCmt,52,cl,CrCL,power,TRUE,TRUE,TP
80,7,linCmt,52,vc,BW,power,TRUE,TRUE,TP
80,7,linCmt,53,cl,CrCL,power,TRUE,TRUE,TP
80,7,linCmt,53,vc,BW,power,TRUE,FALSE,FN
80,7,linCmt,53,vc,BMI,power,FALSE,TRUE,FP
80,7,linCmt,54,cl,CrCL,power,TRUE,TRUE,TP
80,7,linCmt,54,vc,BW,power,TRUE,TRUE,TP
80,7,linCmt,55,cl,CrCL,power,TRUE,TRUE,TP
80,7,linCmt,55,vc,BW,power,TRUE,TRUE,TP
80,7,linCmt,56,cl,CrCL,power,TRUE,TRUE,TP
80,7,linCmt,56,vc,BW,power,TRUE,TRUE,TP
80,7,linCmt,57,cl,CrCL,power,TRUE,TRUE,TP
80,7,linCmt,57,vc,BW,power,TRUE,TRUE,TP
80,7,linCmt,57,vc,RACE,cat,FALSE,TRUE,FP
80,7,linCmt,58,cl,CrCL,power,TRUE,TRUE,TP
80,7,linCmt,58,vc,BW,power,TRUE,TRUE,TP
80,7,linCmt,59,cl,CrCL,power,TRUE,TRUE,TP
80,7,linCmt,59,vc,BW,power,TRUE,TRUE,TP
80,7,linCmt,60,cl,CrCL,power,TRUE,TRUE,TP
80,7,linCmt,60,vc,BW,power,TRUE,TRUE,TP
80,7,linCmt,60,vc,CrCL,power,FALSE,TRUE,FP
80,7,linCmt,61,cl,CrCL,power,TRUE,TRUE,TP
80,7,linCmt,61,vc,BW,power,TRUE,TRUE,TP
80,7,linCmt,62,cl,CrCL,power,TRUE,TRUE,TP
80,7,linCmt,62,vc,BW,power,TRUE,TRUE,TP
80,7,linCmt,63,cl,CrCL,power,TRUE,TRUE,TP
80,7,linCmt,63,vc,BW,power,TRUE,TRUE,TP
80,7,linCmt,64,cl,CrCL,power,TRUE,TRUE,TP
80,7,linCmt,64,vc,BW,power,TRUE,TRUE,TP
80,7,linCmt,65,cl,CrCL,power,TRUE,TRUE,TP
80,7,linCmt,65,vc,BW,power,TRUE,TRUE,TP
80,7,linCmt,66,cl,CrCL,power,TRUE,TRUE,TP
80,7,linCmt,66,vc,BW,power,TRUE,TRUE,TP
80,7,linCmt,67,cl,CrCL,power,TRUE,TRUE,TP
80,7,linCmt,67,vc,BW,power,TRUE,FALSE,FN
80,7,linCmt,67,vc,BMI,power,FALSE,TRUE,FP
80,7,linCmt,68,cl,CrCL,power,TRUE,TRUE,TP
80,7,linCmt,68,vc,BW,power,TRUE,TRUE,TP
80,7,linCmt,69,cl,CrCL,power,TRUE,TRUE,TP
80,7,linCmt,69,vc,BW,power,TRUE,TRUE,TP
80,7,linCmt,70,cl,CrCL,power,TRUE,TRUE,TP
80,7,linCmt,70,vc,BW,power,TRUE,TRUE,TP
80,7,linCmt,70,vc,BMI,power,FALSE,TRUE,FP
80,7,linCmt,71,cl,CrCL,power,TRUE,TRUE,TP
80,7,linCmt,71,vc,BW,power,TRUE,TRUE,TP
80,7,linCmt,72,cl,CrCL,power,TRUE,TRUE,TP
80,7,linCmt,72,vc,BW,power,TRUE,TRUE,TP
80,7,linCmt,73,cl,CrCL,power,TRUE,TRUE,TP
80,7,linCmt,73,vc,BW,power,TRUE,TRUE,TP
80,7,linCmt,74,cl,CrCL,power,TRUE,TRUE,TP
80,7,linCmt,74,vc,BW,power,TRUE,TRUE,TP
80,7,linCmt,75,cl,CrCL,power,TRUE,TRUE,TP
80,7,linCmt,75,vc,BW,power,TRUE,TRUE,TP
80,7,linCmt,76,cl,CrCL,power,TRUE,TRUE,TP
80,7,linCmt,76,vc,BW,power,TRUE,TRUE,TP
80,7,linCmt,76,vc,RACE,cat,FALSE,TRUE,FP
80,7,linCmt,76,vc,CrCL,power,FALSE,TRUE,FP
80,7,linCmt,77,cl,CrCL,power,TRUE,TRUE,TP
80,7,linCmt,77,vc,BW,power,TRUE,TRUE,TP
80,7,linCmt,78,cl,CrCL,power,TRUE,TRUE,TP
80,7,linCmt,78,vc,BW,power,TRUE,TRUE,TP
80,7,linCmt,79,cl,CrCL,power,TRUE,TRUE,TP
80,7,linCmt,79,vc,BW,power,TRUE,TRUE,TP
80,7,linCmt,80,cl,CrCL,power,TRUE,TRUE,TP
80,7,linCmt,80,vc,BW,power,TRUE,TRUE,TP
80,7,linCmt,81,cl,CrCL,power,TRUE,TRUE,TP
80,7,linCmt,81,vc,BW,power,TRUE,TRUE,TP
80,7,linCmt,82,cl,CrCL,power,TRUE,TRUE,TP
80,7,linCmt,82,vc,BW,power,TRUE,TRUE,TP
80,7,linCmt,83,cl,CrCL,power,TRUE,TRUE,TP
80,7,linCmt,83,vc,BW,power,TRUE,TRUE,TP
80,7,linCmt,84,cl,CrCL,power,TRUE,TRUE,TP
80,7,linCmt,84,vc,BW,power,TRUE,TRUE,TP
80,7,linCmt,85,cl,CrCL,power,TRUE,TRUE,TP
80,7,linCmt,85,vc,BW,power,TRUE,TRUE,TP
80,7,linCmt,86,cl,CrCL,power,TRUE,TRUE,TP
80,7,linCmt,86,vc,BW,power,TRUE,TRUE,TP
80,7,linCmt,87,cl,CrCL,power,TRUE,TRUE,TP
80,7,linCmt,87,vc,BW,power,TRUE,TRUE,TP
80,7,linCmt,88,cl,CrCL,power,TRUE,TRUE,TP
80,7,linCmt,88,vc,BW,power,TRUE,TRUE,TP
80,7,linCmt,88,cl,SEX,cat,FALSE,TRUE,FP
80,7,linCmt,89,cl,CrCL,power,TRUE,TRUE,TP
80,7,linCmt,89,vc,BW,power,TRUE,TRUE,TP
80,7,linCmt,90,cl,CrCL,power,TRUE,TRUE,TP
80,7,linCmt,90,vc,BW,power,TRUE,TRUE,TP
80,7,linCmt,90,vc,RACE,cat,FALSE,TRUE,FP
80,7,linCmt,91,cl,CrCL,power,TRUE,TRUE,TP
80,7,linCmt,91,vc,BW,power,TRUE,TRUE,TP
80,7,linCmt,92,cl,CrCL,power,TRUE,TRUE,TP
80,7,linCmt,92,vc,BW,power,TRUE,TRUE,TP
80,7,linCmt,93,vc,BW,power,TRUE,TRUE,TP
80,7,linCmt,93,cl,CrCL,power,TRUE,FALSE,FN
80,7,linCmt,93,cl,BW,power,FALSE,TRUE,FP
80,7,linCmt,94,cl,CrCL,power,TRUE,TRUE,TP
80,7,linCmt,94,vc,BW,power,TRUE,TRUE,TP
80,7,linCmt,94,cl,BMI,power,FALSE,TRUE,FP
80,7,linCmt,94,cl,RACE,cat,FALSE,TRUE,FP
80,7,linCmt,95,cl,CrCL,power,TRUE,TRUE,TP
80,7,linCmt,95,vc,BW,power,TRUE,TRUE,TP
80,7,linCmt,96,cl,CrCL,power,TRUE,TRUE,TP
80,7,linCmt,96,vc,BW,power,TRUE,TRUE,TP
80,7,linCmt,96,vc,BMI,power,FALSE,TRUE,FP
80,7,linCmt,97,cl,CrCL,power,TRUE,TRUE,TP
80,7,linCmt,97,vc,BW,power,TRUE,TRUE,TP
80,7,linCmt,98,cl,CrCL,power,TRUE,TRUE,TP
80,7,linCmt,98,vc,BW,power,TRUE,TRUE,TP
80,7,linCmt,99,cl,CrCL,power,TRUE,TRUE,TP
80,7,linCmt,99,vc,BW,power,TRUE,TRUE,TP
80,7,linCmt,99,cl,RACE,cat,FALSE,TRUE,FP
80,7,linCmt,100,cl,CrCL,power,TRUE,TRUE,TP
80,7,linCmt,100,vc,BW,power,TRUE,TRUE,TP
80,7,ode,1,cl,CrCL,power,TRUE,TRUE,TP
80,7,ode,1,vc,BW,power,TRUE,FALSE,FN
80,7,ode,1,vc,BMI,power,FALSE,TRUE,FP
80,7,ode,2,cl,CrCL,power,TRUE,TRUE,TP
80,7,ode,2,vc,BW,power,TRUE,TRUE,TP
80,7,ode,2,cl,RACE,cat,FALSE,TRUE,FP
80,7,ode,3,cl,CrCL,power,TRUE,TRUE,TP
80,7,ode,3,vc,BW,power,TRUE,TRUE,TP
80,7,ode,4,cl,CrCL,power,TRUE,TRUE,TP
80,7,ode,4,vc,BW,power,TRUE,TRUE,TP
80,7,ode,5,cl,CrCL,power,TRUE,TRUE,TP
80,7,ode,5,vc,BW,power,TRUE,FALSE,FN
80,7,ode,5,vc,BMI,power,FALSE,TRUE,FP
80,7,ode,6,cl,CrCL,power,TRUE,TRUE,TP
80,7,ode,6,vc,BW,power,TRUE,TRUE,TP
80,7,ode,7,cl,CrCL,power,TRUE,TRUE,TP
80,7,ode,7,vc,BW,power,TRUE,TRUE,TP
80,7,ode,7,vc,CrCL,power,FALSE,TRUE,FP
80,7,ode,8,cl,CrCL,power,TRUE,TRUE,TP
80,7,ode,8,vc,BW,power,TRUE,TRUE,TP
80,7,ode,9,cl,CrCL,power,TRUE,TRUE,TP
80,7,ode,9,vc,BW,power,TRUE,TRUE,TP
80,7,ode,10,cl,CrCL,power,TRUE,TRUE,TP
80,7,ode,10,vc,BW,power,TRUE,TRUE,TP
80,7,ode,10,cl,BMI,power,FALSE,TRUE,FP
80,7,ode,11,cl,CrCL,power,TRUE,TRUE,TP
80,7,ode,11,vc,BW,power,TRUE,TRUE,TP
80,7,ode,11,vc,BMI,power,FALSE,TRUE,FP
80,7,ode,12,cl,CrCL,power,TRUE,TRUE,TP
80,7,ode,12,vc,BW,power,TRUE,TRUE,TP
80,7,ode,13,cl,CrCL,power,TRUE,TRUE,TP
80,7,ode,13,vc,BW,power,TRUE,TRUE,TP
80,7,ode,13,vc,RACE,cat,FALSE,TRUE,FP
80,7,ode,14,cl,CrCL,power,TRUE,TRUE,TP
80,7,ode,14,vc,BW,power,TRUE,TRUE,TP
80,7,ode,15,cl,CrCL,power,TRUE,TRUE,TP
80,7,ode,15,vc,BW,power,TRUE,FALSE,FN
80,7,ode,15,vc,BMI,power,FALSE,TRUE,FP
80,7,ode,16,cl,CrCL,power,TRUE,TRUE,TP
80,7,ode,16,vc,BW,power,TRUE,TRUE,TP
80,7,ode,17,cl,CrCL,power,TRUE,TRUE,TP
80,7,ode,17,vc,BW,power,TRUE,TRUE,TP
80,7,ode,18,cl,CrCL,power,TRUE,TRUE,TP
80,7,ode,18,vc,BW,power,TRUE,TRUE,TP
80,7,ode,19,cl,CrCL,power,TRUE,TRUE,TP
80,7,ode,19,vc,BW,power,TRUE,TRUE,TP
80,7,ode,20,cl,CrCL,power,TRUE,TRUE,TP
80,7,ode,20,vc,BW,power,TRUE,TRUE,TP
80,7,ode,21,cl,CrCL,power,TRUE,TRUE,TP
80,7,ode,21,vc,BW,power,TRUE,TRUE,TP
80,7,ode,22,cl,CrCL,power,TRUE,TRUE,TP
80,7,ode,22,vc,BW,power,TRUE,TRUE,TP
80,7,ode,22,cl,BMI,power,FALSE,TRUE,FP
80,7,ode,23,cl,CrCL,power,TRUE,TRUE,TP
80,7,ode,23,vc,BW,power,TRUE,TRUE,TP
80,7,ode,23,vc,RACE,cat,FALSE,TRUE,FP
80,7,ode,24,cl,CrCL,power,TRUE,TRUE,TP
80,7,ode,24,vc,BW,power,TRUE,TRUE,TP
80,7,ode,25,cl,CrCL,power,TRUE,TRUE,TP
80,7,ode,25,vc,BW,power,TRUE,FALSE,FN
80,7,ode,25,vc,BMI,power,FALSE,TRUE,FP
80,7,ode,26,cl,CrCL,power,TRUE,TRUE,TP
80,7,ode,26,vc,BW,power,TRUE,TRUE,TP
80,7,ode,27,cl,CrCL,power,TRUE,TRUE,TP
80,7,ode,27,vc,BW,power,TRUE,TRUE,TP
80,7,ode,28,cl,CrCL,power,TRUE,TRUE,TP
80,7,ode,28,vc,BW,power,TRUE,FALSE,FN
80,7,ode,28,vc,BMI,power,FALSE,TRUE,FP
80,7,ode,29,cl,CrCL,power,TRUE,TRUE,TP
80,7,ode,29,vc,BW,power,TRUE,TRUE,TP
80,7,ode,30,cl,CrCL,power,TRUE,TRUE,TP
80,7,ode,30,vc,BW,power,TRUE,TRUE,TP
80,7,ode,31,cl,CrCL,power,TRUE,TRUE,TP
80,7,ode,31,vc,BW,power,TRUE,TRUE,TP
80,7,ode,32,cl,CrCL,power,TRUE,TRUE,TP
80,7,ode,32,vc,BW,power,TRUE,TRUE,TP
80,7,ode,33,cl,CrCL,power,TRUE,TRUE,TP
80,7,ode,33,vc,BW,power,TRUE,FALSE,FN
80,7,ode,33,vc,BMI,power,FALSE,TRUE,FP
80,7,ode,34,cl,CrCL,power,TRUE,TRUE,TP
80,7,ode,34,vc,BW,power,TRUE,TRUE,TP
80,7,ode,35,cl,CrCL,power,TRUE,TRUE,TP
80,7,ode,35,vc,BW,power,TRUE,FALSE,FN
80,7,ode,35,vc,BMI,power,FALSE,TRUE,FP
80,7,ode,35,vc,SEX,cat,FALSE,TRUE,FP
80,7,ode,36,cl,CrCL,power,TRUE,TRUE,TP
80,7,ode,36,vc,BW,power,TRUE,TRUE,TP
80,7,ode,37,cl,CrCL,power,TRUE,TRUE,TP
80,7,ode,37,vc,BW,power,TRUE,TRUE,TP
80,7,ode,37,cl,BW,power,FALSE,TRUE,FP
80,7,ode,38,cl,CrCL,power,TRUE,TRUE,TP
80,7,ode,38,vc,BW,power,TRUE,TRUE,TP
80,7,ode,39,cl,CrCL,power,TRUE,TRUE,TP
80,7,ode,39,vc,BW,power,TRUE,TRUE,TP
80,7,ode,40,cl,CrCL,power,TRUE,TRUE,TP
80,7,ode,40,vc,BW,power,TRUE,TRUE,TP
80,7,ode,41,cl,CrCL,power,TRUE,TRUE,TP
80,7,ode,41,vc,BW,power,TRUE,TRUE,TP
80,7,ode,41,cl,RACE,cat,FALSE,TRUE,FP
80,7,ode,42,cl,CrCL,power,TRUE,TRUE,TP
80,7,ode,42,vc,BW,power,TRUE,TRUE,TP
80,7,ode,42,vc,BMI,power,FALSE,TRUE,FP
80,7,ode,43,cl,CrCL,power,TRUE,TRUE,TP
80,7,ode,43,vc,BW,power,TRUE,FALSE,FN
80,7,ode,43,vc,BMI,power,FALSE,TRUE,FP
80,7,ode,43,vc,SEX,cat,FALSE,TRUE,FP
80,7,ode,44,cl,CrCL,power,TRUE,TRUE,TP
80,7,ode,44,vc,BW,power,TRUE,TRUE,TP
80,7,ode,45,cl,CrCL,power,TRUE,TRUE,TP
80,7,ode,45,vc,BW,power,TRUE,TRUE,TP
80,7,ode,46,cl,CrCL,power,TRUE,TRUE,TP
80,7,ode,46,vc,BW,power,TRUE,TRUE,TP
80,7,ode,47,cl,CrCL,power,TRUE,TRUE,TP
80,7,ode,47,vc,BW,power,TRUE,TRUE,TP
80,7,ode,48,cl,CrCL,power,TRUE,TRUE,TP
80,7,ode,48,vc,BW,power,TRUE,TRUE,TP
80,7,ode,49,cl,CrCL,power,TRUE,TRUE,TP
80,7,ode,49,vc,BW,power,TRUE,TRUE,TP
80,7,ode,50,cl,CrCL,power,TRUE,TRUE,TP
80,7,ode,50,vc,BW,power,TRUE,TRUE,TP
80,7,ode,51,cl,CrCL,power,TRUE,TRUE,TP
80,7,ode,51,vc,BW,power,TRUE,TRUE,TP
80,7,ode,52,cl,CrCL,power,TRUE,TRUE,TP
80,7,ode,52,vc,BW,power,TRUE,TRUE,TP
80,7,ode,53,cl,CrCL,power,TRUE,TRUE,TP
80,7,ode,53,vc,BW,power,TRUE,TRUE,TP
80,7,ode,54,cl,CrCL,power,TRUE,TRUE,TP
80,7,ode,54,vc,BW,power,TRUE,TRUE,TP
80,7,ode,55,cl,CrCL,power,TRUE,TRUE,TP
80,7,ode,55,vc,BW,power,TRUE,TRUE,TP
80,7,ode,56,cl,CrCL,power,TRUE,TRUE,TP
80,7,ode,56,vc,BW,power,TRUE,TRUE,TP
80,7,ode,57,cl,CrCL,power,TRUE,TRUE,TP
80,7,ode,57,vc,BW,power,TRUE,FALSE,FN
80,7,ode,57,vc,BMI,power,FALSE,TRUE,FP
80,7,ode,57,vc,SEX,cat,FALSE,TRUE,FP
80,7,ode,57,vc,RACE,cat,FALSE,TRUE,FP
80,7,ode,58,cl,CrCL,power,TRUE,TRUE,TP
80,7,ode,58,vc,BW,power,TRUE,TRUE,TP
80,7,ode,59,cl,CrCL,power,TRUE,TRUE,TP
80,7,ode,59,vc,BW,power,TRUE,TRUE,TP
80,7,ode,60,cl,CrCL,power,TRUE,TRUE,TP
80,7,ode,60,vc,BW,power,TRUE,TRUE,TP
80,7,ode,60,vc,CrCL,power,FALSE,TRUE,FP
80,7,ode,61,cl,CrCL,power,TRUE,TRUE,TP
80,7,ode,61,vc,BW,power,TRUE,TRUE,TP
80,7,ode,62,cl,CrCL,power,TRUE,TRUE,TP
80,7,ode,62,vc,BW,power,TRUE,TRUE,TP
80,7,ode,63,cl,CrCL,power,TRUE,TRUE,TP
80,7,ode,63,vc,BW,power,TRUE,TRUE,TP
80,7,ode,64,cl,CrCL,power,TRUE,TRUE,TP
80,7,ode,64,vc,BW,power,TRUE,TRUE,TP
80,7,ode,65,cl,CrCL,power,TRUE,TRUE,TP
80,7,ode,65,vc,BW,power,TRUE,TRUE,TP
80,7,ode,66,cl,CrCL,power,TRUE,TRUE,TP
80,7,ode,66,vc,BW,power,TRUE,TRUE,TP
80,7,ode,67,cl,CrCL,power,TRUE,TRUE,TP
80,7,ode,67,vc,BW,power,TRUE,FALSE,FN
80,7,ode,67,vc,BMI,power,FALSE,TRUE,FP
80,7,ode,68,cl,CrCL,power,TRUE,TRUE,TP
80,7,ode,68,vc,BW,power,TRUE,TRUE,TP
80,7,ode,69,cl,CrCL,power,TRUE,TRUE,TP
80,7,ode,69,vc,BW,power,TRUE,TRUE,TP
80,7,ode,70,cl,CrCL,power,TRUE,TRUE,TP
80,7,ode,70,vc,BW,power,TRUE,TRUE,TP
80,7,ode,70,vc,BMI,power,FALSE,TRUE,FP
80,7,ode,71,cl,CrCL,power,TRUE,TRUE,TP
80,7,ode,71,vc,BW,power,TRUE,TRUE,TP
80,7,ode,72,cl,CrCL,power,TRUE,TRUE,TP
80,7,ode,72,vc,BW,power,TRUE,TRUE,TP
80,7,ode,72,vc,CrCL,power,FALSE,TRUE,FP
80,7,ode,73,cl,CrCL,power,TRUE,TRUE,TP
80,7,ode,73,vc,BW,power,TRUE,TRUE,TP
80,7,ode,74,cl,CrCL,power,TRUE,TRUE,TP
80,7,ode,74,vc,BW,power,TRUE,TRUE,TP
80,7,ode,75,cl,CrCL,power,TRUE,TRUE,TP
80,7,ode,75,vc,BW,power,TRUE,TRUE,TP
80,7,ode,76,cl,CrCL,power,TRUE,TRUE,TP
80,7,ode,76,vc,BW,power,TRUE,TRUE,TP
80,7,ode,76,vc,RACE,cat,FALSE,TRUE,FP
80,7,ode,76,vc,CrCL,power,FALSE,TRUE,FP
80,7,ode,77,cl,CrCL,power,TRUE,TRUE,TP
80,7,ode,77,vc,BW,power,TRUE,TRUE,TP
80,7,ode,78,cl,CrCL,power,TRUE,TRUE,TP
80,7,ode,78,vc,BW,power,TRUE,TRUE,TP
80,7,ode,79,cl,CrCL,power,TRUE,TRUE,TP
80,7,ode,79,vc,BW,power,TRUE,TRUE,TP
80,7,ode,80,cl,CrCL,power,TRUE,TRUE,TP
80,7,ode,80,vc,BW,power,TRUE,TRUE,TP
80,7,ode,81,cl,CrCL,power,TRUE,TRUE,TP
80,7,ode,81,vc,BW,power,TRUE,TRUE,TP
80,7,ode,82,cl,CrCL,power,TRUE,TRUE,TP
80,7,ode,82,vc,BW,power,TRUE,TRUE,TP
80,7,ode,83,cl,CrCL,power,TRUE,TRUE,TP
80,7,ode,83,vc,BW,power,TRUE,TRUE,TP
80,7,ode,84,cl,CrCL,power,TRUE,TRUE,TP
80,7,ode,84,vc,BW,power,TRUE,TRUE,TP
80,7,ode,85,cl,CrCL,power,TRUE,TRUE,TP
80,7,ode,85,vc,BW,power,TRUE,TRUE,TP
80,7,ode,86,cl,CrCL,power,TRUE,TRUE,TP
80,7,ode,86,vc,BW,power,TRUE,TRUE,TP
80,7,ode,87,cl,CrCL,power,TRUE,TRUE,TP
80,7,ode,87,vc,BW,power,TRUE,TRUE,TP
80,7,ode,88,cl,CrCL,power,TRUE,TRUE,TP
80,7,ode,88,vc,BW,power,TRUE,TRUE,TP
80,7,ode,88,cl,SEX,cat,FALSE,TRUE,FP
80,7,ode,89,cl,CrCL,power,TRUE,TRUE,TP
80,7,ode,89,vc,BW,power,TRUE,TRUE,TP
80,7,ode,90,cl,CrCL,power,TRUE,TRUE,TP
80,7,ode,90,vc,BW,power,TRUE,TRUE,TP
80,7,ode,90,vc,RACE,cat,FALSE,TRUE,FP
80,7,ode,91,cl,CrCL,power,TRUE,TRUE,TP
80,7,ode,91,vc,BW,power,TRUE,TRUE,TP
80,7,ode,92,cl,CrCL,power,TRUE,TRUE,TP
80,7,ode,92,vc,BW,power,TRUE,TRUE,TP
80,7,ode,93,vc,BW,power,TRUE,TRUE,TP
80,7,ode,93,cl,CrCL,power,TRUE,FALSE,FN
80,7,ode,93,cl,BW,power,FALSE,TRUE,FP
80,7,ode,94,cl,CrCL,power,TRUE,TRUE,TP
80,7,ode,94,vc,BW,power,TRUE,TRUE,TP
80,7,ode,94,cl,BMI,power,FALSE,TRUE,FP
80,7,ode,94,cl,RACE,cat,FALSE,TRUE,FP
80,7,ode,95,cl,CrCL,power,TRUE,TRUE,TP
80,7,ode,95,vc,BW,power,TRUE,TRUE,TP
80,7,ode,96,cl,CrCL,power,TRUE,TRUE,TP
80,7,ode,96,vc,BW,power,TRUE,TRUE,TP
80,7,ode,96,vc,BMI,power,FALSE,TRUE,FP
80,7,ode,97,cl,CrCL,power,TRUE,TRUE,TP
80,7,ode,97,vc,BW,power,TRUE,TRUE,TP
80,7,ode,98,cl,CrCL,power,TRUE,TRUE,TP
80,7,ode,98,vc,BW,power,TRUE,TRUE,TP
80,7,ode,99,cl,CrCL,power,TRUE,TRUE,TP
80,7,ode,99,vc,BW,power,TRUE,TRUE,TP
80,7,ode,99,cl,RACE,cat,FALSE,TRUE,FP
80,7,ode,100,cl,CrCL,power,TRUE,TRUE,TP
80,7,ode,100,vc,BW,power,TRUE,TRUE,TP
80,8,linCmt,1,cl,CrCL,power,TRUE,TRUE,TP
80,8,linCmt,1,vc,SEX,cat,TRUE,TRUE,TP
80,8,linCmt,1,vc,BW,power,TRUE,FALSE,FN
80,8,linCmt,1,vc,BMI,power,FALSE,TRUE,FP
80,8,linCmt,2,cl,CrCL,power,TRUE,TRUE,TP
80,8,linCmt,2,vc,BW,power,TRUE,TRUE,TP
80,8,linCmt,2,vc,SEX,cat,TRUE,TRUE,TP
80,8,linCmt,3,cl,CrCL,power,TRUE,TRUE,TP
80,8,linCmt,3,vc,SEX,cat,TRUE,TRUE,TP
80,8,linCmt,3,vc,BW,power,TRUE,FALSE,FN
80,8,linCmt,3,vc,BMI,power,FALSE,TRUE,FP
80,8,linCmt,4,cl,CrCL,power,TRUE,TRUE,TP
80,8,linCmt,4,vc,BW,power,TRUE,TRUE,TP
80,8,linCmt,4,vc,SEX,cat,TRUE,TRUE,TP
80,8,linCmt,5,cl,CrCL,power,TRUE,TRUE,TP
80,8,linCmt,5,vc,BW,power,TRUE,TRUE,TP
80,8,linCmt,5,vc,SEX,cat,TRUE,TRUE,TP
80,8,linCmt,5,cl,BW,power,FALSE,TRUE,FP
80,8,linCmt,6,cl,CrCL,power,TRUE,TRUE,TP
80,8,linCmt,6,vc,BW,power,TRUE,TRUE,TP
80,8,linCmt,6,vc,SEX,cat,TRUE,TRUE,TP
80,8,linCmt,7,cl,CrCL,power,TRUE,TRUE,TP
80,8,linCmt,7,vc,SEX,cat,TRUE,TRUE,TP
80,8,linCmt,7,vc,BW,power,TRUE,FALSE,FN
80,8,linCmt,7,vc,BMI,power,FALSE,TRUE,FP
80,8,linCmt,7,vc,CrCL,power,FALSE,TRUE,FP
80,8,linCmt,8,cl,CrCL,power,TRUE,TRUE,TP
80,8,linCmt,8,vc,BW,power,TRUE,TRUE,TP
80,8,linCmt,8,vc,SEX,cat,TRUE,TRUE,TP
80,8,linCmt,8,cl,SEX,cat,FALSE,TRUE,FP
80,8,linCmt,9,cl,CrCL,power,TRUE,TRUE,TP
80,8,linCmt,9,vc,BW,power,TRUE,TRUE,TP
80,8,linCmt,9,vc,SEX,cat,TRUE,TRUE,TP
80,8,linCmt,10,cl,CrCL,power,TRUE,TRUE,TP
80,8,linCmt,10,vc,SEX,cat,TRUE,TRUE,TP
80,8,linCmt,10,vc,BW,power,TRUE,FALSE,FN
80,8,linCmt,10,cl,BW,power,FALSE,TRUE,FP
80,8,linCmt,10,vc,CrCL,power,FALSE,TRUE,FP
80,8,linCmt,11,cl,CrCL,power,TRUE,TRUE,TP
80,8,linCmt,11,vc,BW,power,TRUE,TRUE,TP
80,8,linCmt,11,vc,SEX,cat,TRUE,TRUE,TP
80,8,linCmt,12,cl,CrCL,power,TRUE,TRUE,TP
80,8,linCmt,12,vc,BW,power,TRUE,TRUE,TP
80,8,linCmt,12,vc,SEX,cat,TRUE,TRUE,TP
80,8,linCmt,13,cl,CrCL,power,TRUE,TRUE,TP
80,8,linCmt,13,vc,BW,power,TRUE,TRUE,TP
80,8,linCmt,13,vc,SEX,cat,TRUE,TRUE,TP
80,8,linCmt,14,cl,CrCL,power,TRUE,TRUE,TP
80,8,linCmt,14,vc,BW,power,TRUE,TRUE,TP
80,8,linCmt,14,vc,SEX,cat,TRUE,TRUE,TP
80,8,linCmt,15,cl,CrCL,power,TRUE,TRUE,TP
80,8,linCmt,15,vc,BW,power,TRUE,TRUE,TP
80,8,linCmt,15,vc,SEX,cat,TRUE,TRUE,TP
80,8,linCmt,15,cl,BW,power,FALSE,TRUE,FP
80,8,linCmt,16,cl,CrCL,power,TRUE,TRUE,TP
80,8,linCmt,16,vc,BW,power,TRUE,TRUE,TP
80,8,linCmt,16,vc,SEX,cat,TRUE,TRUE,TP
80,8,linCmt,16,cl,BMI,power,FALSE,TRUE,FP
80,8,linCmt,17,cl,CrCL,power,TRUE,TRUE,TP
80,8,linCmt,17,vc,SEX,cat,TRUE,TRUE,TP
80,8,linCmt,17,vc,BW,power,TRUE,FALSE,FN
80,8,linCmt,17,vc,BMI,power,FALSE,TRUE,FP
80,8,linCmt,17,cl,RACE,cat,FALSE,TRUE,FP
80,8,linCmt,18,cl,CrCL,power,TRUE,TRUE,TP
80,8,linCmt,18,vc,BW,power,TRUE,TRUE,TP
80,8,linCmt,18,vc,SEX,cat,TRUE,TRUE,TP
80,8,linCmt,19,cl,CrCL,power,TRUE,TRUE,TP
80,8,linCmt,19,vc,BW,power,TRUE,TRUE,TP
80,8,linCmt,19,vc,SEX,cat,TRUE,TRUE,TP
80,8,linCmt,20,cl,CrCL,power,TRUE,TRUE,TP
80,8,linCmt,20,vc,SEX,cat,TRUE,TRUE,TP
80,8,linCmt,20,vc,BW,power,TRUE,FALSE,FN
80,8,linCmt,20,vc,BMI,power,FALSE,TRUE,FP
80,8,linCmt,20,vc,CrCL,power,FALSE,TRUE,FP
80,8,linCmt,21,cl,CrCL,power,TRUE,TRUE,TP
80,8,linCmt,21,vc,SEX,cat,TRUE,TRUE,TP
80,8,linCmt,21,vc,BW,power,TRUE,FALSE,FN
80,8,linCmt,21,vc,BMI,power,FALSE,TRUE,FP
80,8,linCmt,21,cl,SEX,cat,FALSE,TRUE,FP
80,8,linCmt,22,cl,CrCL,power,TRUE,TRUE,TP
80,8,linCmt,22,vc,BW,power,TRUE,TRUE,TP
80,8,linCmt,22,vc,SEX,cat,TRUE,TRUE,TP
80,8,linCmt,23,cl,CrCL,power,TRUE,TRUE,TP
80,8,linCmt,23,vc,SEX,cat,TRUE,TRUE,TP
80,8,linCmt,23,vc,BW,power,TRUE,FALSE,FN
80,8,linCmt,23,vc,BMI,power,FALSE,TRUE,FP
80,8,linCmt,24,cl,CrCL,power,TRUE,TRUE,TP
80,8,linCmt,24,vc,SEX,cat,TRUE,TRUE,TP
80,8,linCmt,24,vc,BW,power,TRUE,FALSE,FN
80,8,linCmt,24,vc,BMI,power,FALSE,TRUE,FP
80,8,linCmt,25,cl,CrCL,power,TRUE,TRUE,TP
80,8,linCmt,25,vc,BW,power,TRUE,TRUE,TP
80,8,linCmt,25,vc,SEX,cat,TRUE,TRUE,TP
80,8,linCmt,26,cl,CrCL,power,TRUE,TRUE,TP
80,8,linCmt,26,vc,SEX,cat,TRUE,TRUE,TP
80,8,linCmt,26,vc,BW,power,TRUE,FALSE,FN
80,8,linCmt,26,vc,BMI,power,FALSE,TRUE,FP
80,8,linCmt,27,cl,CrCL,power,TRUE,TRUE,TP
80,8,linCmt,27,vc,BW,power,TRUE,TRUE,TP
80,8,linCmt,27,vc,SEX,cat,TRUE,TRUE,TP
80,8,linCmt,28,cl,CrCL,power,TRUE,TRUE,TP
80,8,linCmt,28,vc,BW,power,TRUE,TRUE,TP
80,8,linCmt,28,vc,SEX,cat,TRUE,TRUE,TP
80,8,linCmt,29,cl,CrCL,power,TRUE,TRUE,TP
80,8,linCmt,29,vc,BW,power,TRUE,TRUE,TP
80,8,linCmt,29,vc,SEX,cat,TRUE,TRUE,TP
80,8,linCmt,30,cl,CrCL,power,TRUE,TRUE,TP
80,8,linCmt,30,vc,BW,power,TRUE,TRUE,TP
80,8,linCmt,30,vc,SEX,cat,TRUE,TRUE,TP
80,8,linCmt,31,cl,CrCL,power,TRUE,TRUE,TP
80,8,linCmt,31,vc,BW,power,TRUE,TRUE,TP
80,8,linCmt,31,vc,SEX,cat,TRUE,TRUE,TP
80,8,linCmt,31,cl,BW,power,FALSE,TRUE,FP
80,8,linCmt,32,cl,CrCL,power,TRUE,TRUE,TP
80,8,linCmt,32,vc,BW,power,TRUE,TRUE,TP
80,8,linCmt,32,vc,SEX,cat,TRUE,TRUE,TP
80,8,linCmt,33,cl,CrCL,power,TRUE,TRUE,TP
80,8,linCmt,33,vc,BW,power,TRUE,TRUE,TP
80,8,linCmt,33,vc,SEX,cat,TRUE,TRUE,TP
80,8,linCmt,34,cl,CrCL,power,TRUE,TRUE,TP
80,8,linCmt,34,vc,BW,power,TRUE,TRUE,TP
80,8,linCmt,34,vc,SEX,cat,TRUE,TRUE,TP
80,8,linCmt,35,cl,CrCL,power,TRUE,TRUE,TP
80,8,linCmt,35,vc,BW,power,TRUE,TRUE,TP
80,8,linCmt,35,vc,SEX,cat,TRUE,TRUE,TP
80,8,linCmt,35,vc,RACE,cat,FALSE,TRUE,FP
80,8,linCmt,36,cl,CrCL,power,TRUE,TRUE,TP
80,8,linCmt,36,vc,BW,power,TRUE,TRUE,TP
80,8,linCmt,36,vc,SEX,cat,TRUE,TRUE,TP
80,8,linCmt,37,cl,CrCL,power,TRUE,TRUE,TP
80,8,linCmt,37,vc,BW,power,TRUE,TRUE,TP
80,8,linCmt,37,vc,SEX,cat,TRUE,TRUE,TP
80,8,linCmt,38,cl,CrCL,power,TRUE,TRUE,TP
80,8,linCmt,38,vc,SEX,cat,TRUE,TRUE,TP
80,8,linCmt,38,vc,BW,power,TRUE,FALSE,FN
80,8,linCmt,38,vc,BMI,power,FALSE,TRUE,FP
80,8,linCmt,39,cl,CrCL,power,TRUE,TRUE,TP
80,8,linCmt,39,vc,BW,power,TRUE,TRUE,TP
80,8,linCmt,39,vc,SEX,cat,TRUE,TRUE,TP
80,8,linCmt,40,cl,CrCL,power,TRUE,TRUE,TP
80,8,linCmt,40,vc,BW,power,TRUE,TRUE,TP
80,8,linCmt,40,vc,SEX,cat,TRUE,TRUE,TP
80,8,linCmt,41,cl,CrCL,power,TRUE,TRUE,TP
80,8,linCmt,41,vc,SEX,cat,TRUE,TRUE,TP
80,8,linCmt,41,vc,BW,power,TRUE,FALSE,FN
80,8,linCmt,41,vc,BMI,power,FALSE,TRUE,FP
80,8,linCmt,42,cl,CrCL,power,TRUE,TRUE,TP
80,8,linCmt,42,vc,BW,power,TRUE,TRUE,TP
80,8,linCmt,42,vc,SEX,cat,TRUE,TRUE,TP
80,8,linCmt,42,cl,RACE,cat,FALSE,TRUE,FP
80,8,linCmt,43,cl,CrCL,power,TRUE,TRUE,TP
80,8,linCmt,43,vc,BW,power,TRUE,TRUE,TP
80,8,linCmt,43,vc,SEX,cat,TRUE,TRUE,TP
80,8,linCmt,44,cl,CrCL,power,TRUE,TRUE,TP
80,8,linCmt,44,vc,BW,power,TRUE,TRUE,TP
80,8,linCmt,44,vc,SEX,cat,TRUE,TRUE,TP
80,8,linCmt,45,cl,CrCL,power,TRUE,TRUE,TP
80,8,linCmt,45,vc,BW,power,TRUE,TRUE,TP
80,8,linCmt,45,vc,SEX,cat,TRUE,TRUE,TP
80,8,linCmt,45,vc,CrCL,power,FALSE,TRUE,FP
80,8,linCmt,46,cl,CrCL,power,TRUE,TRUE,TP
80,8,linCmt,46,vc,BW,power,TRUE,TRUE,TP
80,8,linCmt,46,vc,SEX,cat,TRUE,TRUE,TP
80,8,linCmt,47,cl,CrCL,power,TRUE,TRUE,TP
80,8,linCmt,47,vc,BW,power,TRUE,TRUE,TP
80,8,linCmt,47,vc,SEX,cat,TRUE,TRUE,TP
80,8,linCmt,48,cl,CrCL,power,TRUE,TRUE,TP
80,8,linCmt,48,vc,BW,power,TRUE,TRUE,TP
80,8,linCmt,48,vc,SEX,cat,TRUE,TRUE,TP
80,8,linCmt,49,cl,CrCL,power,TRUE,TRUE,TP
80,8,linCmt,49,vc,BW,power,TRUE,TRUE,TP
80,8,linCmt,49,vc,SEX,cat,TRUE,TRUE,TP
80,8,linCmt,50,cl,CrCL,power,TRUE,TRUE,TP
80,8,linCmt,50,vc,BW,power,TRUE,TRUE,TP
80,8,linCmt,50,vc,SEX,cat,TRUE,TRUE,TP
80,8,linCmt,51,cl,CrCL,power,TRUE,TRUE,TP
80,8,linCmt,51,vc,SEX,cat,TRUE,TRUE,TP
80,8,linCmt,51,vc,BW,power,TRUE,FALSE,FN
80,8,linCmt,51,vc,BMI,power,FALSE,TRUE,FP
80,8,linCmt,52,cl,CrCL,power,TRUE,TRUE,TP
80,8,linCmt,52,vc,BW,power,TRUE,TRUE,TP
80,8,linCmt,52,vc,SEX,cat,TRUE,TRUE,TP
80,8,linCmt,52,vc,CrCL,power,FALSE,TRUE,FP
80,8,linCmt,53,cl,CrCL,power,TRUE,TRUE,TP
80,8,linCmt,53,vc,BW,power,TRUE,TRUE,TP
80,8,linCmt,53,vc,SEX,cat,TRUE,TRUE,TP
80,8,linCmt,54,cl,CrCL,power,TRUE,TRUE,TP
80,8,linCmt,54,vc,BW,power,TRUE,TRUE,TP
80,8,linCmt,54,vc,SEX,cat,TRUE,TRUE,TP
80,8,linCmt,55,cl,CrCL,power,TRUE,TRUE,TP
80,8,linCmt,55,vc,BW,power,TRUE,TRUE,TP
80,8,linCmt,55,vc,SEX,cat,TRUE,TRUE,TP
80,8,linCmt,56,cl,CrCL,power,TRUE,TRUE,TP
80,8,linCmt,56,vc,BW,power,TRUE,TRUE,TP
80,8,linCmt,56,vc,SEX,cat,TRUE,TRUE,TP
80,8,linCmt,57,cl,CrCL,power,TRUE,TRUE,TP
80,8,linCmt,57,vc,SEX,cat,TRUE,TRUE,TP
80,8,linCmt,57,vc,BW,power,TRUE,FALSE,FN
80,8,linCmt,57,vc,BMI,power,FALSE,TRUE,FP
80,8,linCmt,58,cl,CrCL,power,TRUE,TRUE,TP
80,8,linCmt,58,vc,BW,power,TRUE,TRUE,TP
80,8,linCmt,58,vc,SEX,cat,TRUE,TRUE,TP
80,8,linCmt,59,cl,CrCL,power,TRUE,TRUE,TP
80,8,linCmt,59,vc,BW,power,TRUE,TRUE,TP
80,8,linCmt,59,vc,SEX,cat,TRUE,TRUE,TP
80,8,linCmt,60,cl,CrCL,power,TRUE,TRUE,TP
80,8,linCmt,60,vc,BW,power,TRUE,TRUE,TP
80,8,linCmt,60,vc,SEX,cat,TRUE,TRUE,TP
80,8,linCmt,60,vc,CrCL,power,FALSE,TRUE,FP
80,8,linCmt,61,cl,CrCL,power,TRUE,TRUE,TP
80,8,linCmt,61,vc,BW,power,TRUE,TRUE,TP
80,8,linCmt,61,vc,SEX,cat,TRUE,TRUE,TP
80,8,linCmt,62,cl,CrCL,power,TRUE,TRUE,TP
80,8,linCmt,62,vc,BW,power,TRUE,TRUE,TP
80,8,linCmt,62,vc,SEX,cat,TRUE,TRUE,TP
80,8,linCmt,62,vc,CrCL,power,FALSE,TRUE,FP
80,8,linCmt,63,cl,CrCL,power,TRUE,TRUE,TP
80,8,linCmt,63,vc,SEX,cat,TRUE,TRUE,TP
80,8,linCmt,63,vc,BW,power,TRUE,FALSE,FN
80,8,linCmt,63,vc,BMI,power,FALSE,TRUE,FP
80,8,linCmt,64,cl,CrCL,power,TRUE,TRUE,TP
80,8,linCmt,64,vc,BW,power,TRUE,TRUE,TP
80,8,linCmt,64,vc,SEX,cat,TRUE,FALSE,FN
80,8,linCmt,64,vc,BMI,power,FALSE,TRUE,FP
80,8,linCmt,65,cl,CrCL,power,TRUE,TRUE,TP
80,8,linCmt,65,vc,BW,power,TRUE,TRUE,TP
80,8,linCmt,65,vc,SEX,cat,TRUE,TRUE,TP
80,8,linCmt,66,cl,CrCL,power,TRUE,TRUE,TP
80,8,linCmt,66,vc,BW,power,TRUE,TRUE,TP
80,8,linCmt,66,vc,SEX,cat,TRUE,TRUE,TP
80,8,linCmt,67,cl,CrCL,power,TRUE,TRUE,TP
80,8,linCmt,67,vc,SEX,cat,TRUE,TRUE,TP
80,8,linCmt,67,vc,BW,power,TRUE,FALSE,FN
80,8,linCmt,67,vc,BMI,power,FALSE,TRUE,FP
80,8,linCmt,68,cl,CrCL,power,TRUE,TRUE,TP
80,8,linCmt,68,vc,BW,power,TRUE,TRUE,TP
80,8,linCmt,68,vc,SEX,cat,TRUE,TRUE,TP
80,8,linCmt,69,cl,CrCL,power,TRUE,TRUE,TP
80,8,linCmt,69,vc,BW,power,TRUE,TRUE,TP
80,8,linCmt,69,vc,SEX,cat,TRUE,TRUE,TP
80,8,linCmt,69,cl,BW,power,FALSE,TRUE,FP
80,8,linCmt,70,cl,CrCL,power,TRUE,TRUE,TP
80,8,linCmt,70,vc,BW,power,TRUE,TRUE,TP
80,8,linCmt,70,vc,SEX,cat,TRUE,TRUE,TP
80,8,linCmt,70,cl,SEX,cat,FALSE,TRUE,FP
80,8,linCmt,71,cl,CrCL,power,TRUE,TRUE,TP
80,8,linCmt,71,vc,BW,power,TRUE,TRUE,TP
80,8,linCmt,71,vc,SEX,cat,TRUE,TRUE,TP
80,8,linCmt,72,cl,CrCL,power,TRUE,TRUE,TP
80,8,linCmt,72,vc,SEX,cat,TRUE,TRUE,TP
80,8,linCmt,72,vc,BW,power,TRUE,FALSE,FN
80,8,linCmt,72,vc,BMI,power,FALSE,TRUE,FP
80,8,linCmt,73,cl,CrCL,power,TRUE,TRUE,TP
80,8,linCmt,73,vc,BW,power,TRUE,TRUE,TP
80,8,linCmt,73,vc,SEX,cat,TRUE,TRUE,TP
80,8,linCmt,74,cl,CrCL,power,TRUE,TRUE,TP
80,8,linCmt,74,vc,BW,power,TRUE,TRUE,TP
80,8,linCmt,74,vc,SEX,cat,TRUE,TRUE,TP
80,8,linCmt,74,cl,BW,power,FALSE,TRUE,FP
80,8,linCmt,74,cl,BMI,power,FALSE,TRUE,FP
80,8,linCmt,75,cl,CrCL,power,TRUE,TRUE,TP
80,8,linCmt,75,vc,BW,power,TRUE,TRUE,TP
80,8,linCmt,75,vc,SEX,cat,TRUE,TRUE,TP
80,8,linCmt,76,cl,CrCL,power,TRUE,TRUE,TP
80,8,linCmt,76,vc,BW,power,TRUE,TRUE,TP
80,8,linCmt,76,vc,SEX,cat,TRUE,TRUE,TP
80,8,linCmt,77,cl,CrCL,power,TRUE,TRUE,TP
80,8,linCmt,77,vc,BW,power,TRUE,TRUE,TP
80,8,linCmt,77,vc,SEX,cat,TRUE,TRUE,TP
80,8,linCmt,78,cl,CrCL,power,TRUE,TRUE,TP
80,8,linCmt,78,vc,BW,power,TRUE,TRUE,TP
80,8,linCmt,78,vc,SEX,cat,TRUE,TRUE,TP
80,8,linCmt,79,cl,CrCL,power,TRUE,TRUE,TP
80,8,linCmt,79,vc,BW,power,TRUE,TRUE,TP
80,8,linCmt,79,vc,SEX,cat,TRUE,TRUE,TP
80,8,linCmt,80,cl,CrCL,power,TRUE,TRUE,TP
80,8,linCmt,80,vc,BW,power,TRUE,TRUE,TP
80,8,linCmt,80,vc,SEX,cat,TRUE,TRUE,TP
80,8,linCmt,81,cl,CrCL,power,TRUE,TRUE,TP
80,8,linCmt,81,vc,BW,power,TRUE,TRUE,TP
80,8,linCmt,81,vc,SEX,cat,TRUE,TRUE,TP
80,8,linCmt,82,cl,CrCL,power,TRUE,TRUE,TP
80,8,linCmt,82,vc,BW,power,TRUE,TRUE,TP
80,8,linCmt,82,vc,SEX,cat,TRUE,TRUE,TP
80,8,linCmt,83,cl,CrCL,power,TRUE,TRUE,TP
80,8,linCmt,83,vc,BW,power,TRUE,TRUE,TP
80,8,linCmt,83,vc,SEX,cat,TRUE,TRUE,TP
80,8,linCmt,84,cl,CrCL,power,TRUE,TRUE,TP
80,8,linCmt,84,vc,BW,power,TRUE,TRUE,TP
80,8,linCmt,84,vc,SEX,cat,TRUE,TRUE,TP
80,8,linCmt,85,cl,CrCL,power,TRUE,TRUE,TP
80,8,linCmt,85,vc,SEX,cat,TRUE,TRUE,TP
80,8,linCmt,85,vc,BW,power,TRUE,FALSE,FN
80,8,linCmt,85,vc,BMI,power,FALSE,TRUE,FP
80,8,linCmt,86,cl,CrCL,power,TRUE,TRUE,TP
80,8,linCmt,86,vc,BW,power,TRUE,TRUE,TP
80,8,linCmt,86,vc,SEX,cat,TRUE,TRUE,TP
80,8,linCmt,87,cl,CrCL,power,TRUE,TRUE,TP
80,8,linCmt,87,vc,BW,power,TRUE,TRUE,TP
80,8,linCmt,87,vc,SEX,cat,TRUE,TRUE,TP
80,8,linCmt,88,cl,CrCL,power,TRUE,TRUE,TP
80,8,linCmt,88,vc,BW,power,TRUE,TRUE,TP
80,8,linCmt,88,vc,SEX,cat,TRUE,TRUE,TP
80,8,linCmt,89,cl,CrCL,power,TRUE,TRUE,TP
80,8,linCmt,89,vc,BW,power,TRUE,TRUE,TP
80,8,linCmt,89,vc,SEX,cat,TRUE,TRUE,TP
80,8,linCmt,90,cl,CrCL,power,TRUE,TRUE,TP
80,8,linCmt,90,vc,BW,power,TRUE,TRUE,TP
80,8,linCmt,90,vc,SEX,cat,TRUE,TRUE,TP
80,8,linCmt,91,cl,CrCL,power,TRUE,TRUE,TP
80,8,linCmt,91,vc,BW,power,TRUE,TRUE,TP
80,8,linCmt,91,vc,SEX,cat,TRUE,FALSE,FN
80,8,linCmt,91,vc,BMI,power,FALSE,TRUE,FP
80,8,linCmt,92,cl,CrCL,power,TRUE,TRUE,TP
80,8,linCmt,92,vc,BW,power,TRUE,TRUE,TP
80,8,linCmt,92,vc,SEX,cat,TRUE,TRUE,TP
80,8,linCmt,93,cl,CrCL,power,TRUE,TRUE,TP
80,8,linCmt,93,vc,BW,power,TRUE,TRUE,TP
80,8,linCmt,93,vc,SEX,cat,TRUE,TRUE,TP
80,8,linCmt,93,vc,CrCL,power,FALSE,TRUE,FP
80,8,linCmt,94,cl,CrCL,power,TRUE,TRUE,TP
80,8,linCmt,94,vc,BW,power,TRUE,TRUE,TP
80,8,linCmt,94,vc,SEX,cat,TRUE,TRUE,TP
80,8,linCmt,95,cl,CrCL,power,TRUE,TRUE,TP
80,8,linCmt,95,vc,BW,power,TRUE,TRUE,TP
80,8,linCmt,95,vc,SEX,cat,TRUE,TRUE,TP
80,8,linCmt,96,cl,CrCL,power,TRUE,TRUE,TP
80,8,linCmt,96,vc,BW,power,TRUE,TRUE,TP
80,8,linCmt,96,vc,SEX,cat,TRUE,TRUE,TP
80,8,linCmt,97,cl,CrCL,power,TRUE,TRUE,TP
80,8,linCmt,97,vc,BW,power,TRUE,TRUE,TP
80,8,linCmt,97,vc,SEX,cat,TRUE,TRUE,TP
80,8,linCmt,98,cl,CrCL,power,TRUE,TRUE,TP
80,8,linCmt,98,vc,BW,power,TRUE,TRUE,TP
80,8,linCmt,98,vc,SEX,cat,TRUE,TRUE,TP
80,8,linCmt,99,cl,CrCL,power,TRUE,TRUE,TP
80,8,linCmt,99,vc,SEX,cat,TRUE,TRUE,TP
80,8,linCmt,99,vc,BW,power,TRUE,FALSE,FN
80,8,linCmt,99,vc,BMI,power,FALSE,TRUE,FP
80,8,linCmt,100,cl,CrCL,power,TRUE,TRUE,TP
80,8,linCmt,100,vc,BW,power,TRUE,TRUE,TP
80,8,linCmt,100,vc,SEX,cat,TRUE,TRUE,TP
80,8,ode,1,cl,CrCL,power,TRUE,TRUE,TP
80,8,ode,1,vc,SEX,cat,TRUE,TRUE,TP
80,8,ode,1,vc,BW,power,TRUE,FALSE,FN
80,8,ode,1,vc,BMI,power,FALSE,TRUE,FP
80,8,ode,2,cl,CrCL,power,TRUE,TRUE,TP
80,8,ode,2,vc,BW,power,TRUE,TRUE,TP
80,8,ode,2,vc,SEX,cat,TRUE,TRUE,TP
80,8,ode,3,cl,CrCL,power,TRUE,TRUE,TP
80,8,ode,3,vc,SEX,cat,TRUE,TRUE,TP
80,8,ode,3,vc,BW,power,TRUE,FALSE,FN
80,8,ode,3,vc,BMI,power,FALSE,TRUE,FP
80,8,ode,4,cl,CrCL,power,TRUE,TRUE,TP
80,8,ode,4,vc,BW,power,TRUE,TRUE,TP
80,8,ode,4,vc,SEX,cat,TRUE,TRUE,TP
80,8,ode,5,cl,CrCL,power,TRUE,TRUE,TP
80,8,ode,5,vc,BW,power,TRUE,TRUE,TP
80,8,ode,5,vc,SEX,cat,TRUE,TRUE,TP
80,8,ode,5,cl,BW,power,FALSE,TRUE,FP
80,8,ode,6,cl,CrCL,power,TRUE,TRUE,TP
80,8,ode,6,vc,BW,power,TRUE,TRUE,TP
80,8,ode,6,vc,SEX,cat,TRUE,TRUE,TP
80,8,ode,7,cl,CrCL,power,TRUE,TRUE,TP
80,8,ode,7,vc,SEX,cat,TRUE,TRUE,TP
80,8,ode,7,vc,BW,power,TRUE,FALSE,FN
80,8,ode,7,vc,BMI,power,FALSE,TRUE,FP
80,8,ode,7,vc,CrCL,power,FALSE,TRUE,FP
80,8,ode,8,cl,CrCL,power,TRUE,TRUE,TP
80,8,ode,8,vc,BW,power,TRUE,TRUE,TP
80,8,ode,8,vc,SEX,cat,TRUE,TRUE,TP
80,8,ode,8,cl,SEX,cat,FALSE,TRUE,FP
80,8,ode,9,cl,CrCL,power,TRUE,TRUE,TP
80,8,ode,9,vc,BW,power,TRUE,TRUE,TP
80,8,ode,9,vc,SEX,cat,TRUE,TRUE,TP
80,8,ode,10,cl,CrCL,power,TRUE,TRUE,TP
80,8,ode,10,vc,SEX,cat,TRUE,TRUE,TP
80,8,ode,10,vc,BW,power,TRUE,FALSE,FN
80,8,ode,10,cl,BW,power,FALSE,TRUE,FP
80,8,ode,10,vc,CrCL,power,FALSE,TRUE,FP
80,8,ode,11,cl,CrCL,power,TRUE,TRUE,TP
80,8,ode,11,vc,BW,power,TRUE,TRUE,TP
80,8,ode,11,vc,SEX,cat,TRUE,TRUE,TP
80,8,ode,12,cl,CrCL,power,TRUE,TRUE,TP
80,8,ode,12,vc,BW,power,TRUE,TRUE,TP
80,8,ode,12,vc,SEX,cat,TRUE,TRUE,TP
80,8,ode,13,cl,CrCL,power,TRUE,TRUE,TP
80,8,ode,13,vc,BW,power,TRUE,TRUE,TP
80,8,ode,13,vc,SEX,cat,TRUE,TRUE,TP
80,8,ode,14,cl,CrCL,power,TRUE,TRUE,TP
80,8,ode,14,vc,BW,power,TRUE,TRUE,TP
80,8,ode,14,vc,SEX,cat,TRUE,TRUE,TP
80,8,ode,15,cl,CrCL,power,TRUE,TRUE,TP
80,8,ode,15,vc,BW,power,TRUE,TRUE,TP
80,8,ode,15,vc,SEX,cat,TRUE,TRUE,TP
80,8,ode,15,cl,BW,power,FALSE,TRUE,FP
80,8,ode,16,cl,CrCL,power,TRUE,TRUE,TP
80,8,ode,16,vc,BW,power,TRUE,TRUE,TP
80,8,ode,16,vc,SEX,cat,TRUE,TRUE,TP
80,8,ode,16,cl,BMI,power,FALSE,TRUE,FP
80,8,ode,17,cl,CrCL,power,TRUE,TRUE,TP
80,8,ode,17,vc,SEX,cat,TRUE,TRUE,TP
80,8,ode,17,vc,BW,power,TRUE,FALSE,FN
80,8,ode,17,vc,BMI,power,FALSE,TRUE,FP
80,8,ode,17,cl,RACE,cat,FALSE,TRUE,FP
80,8,ode,18,cl,CrCL,power,TRUE,TRUE,TP
80,8,ode,18,vc,BW,power,TRUE,TRUE,TP
80,8,ode,18,vc,SEX,cat,TRUE,TRUE,TP
80,8,ode,19,cl,CrCL,power,TRUE,TRUE,TP
80,8,ode,19,vc,BW,power,TRUE,TRUE,TP
80,8,ode,19,vc,SEX,cat,TRUE,TRUE,TP
80,8,ode,20,cl,CrCL,power,TRUE,TRUE,TP
80,8,ode,20,vc,SEX,cat,TRUE,TRUE,TP
80,8,ode,20,vc,BW,power,TRUE,FALSE,FN
80,8,ode,20,vc,BMI,power,FALSE,TRUE,FP
80,8,ode,20,vc,CrCL,power,FALSE,TRUE,FP
80,8,ode,21,cl,CrCL,power,TRUE,TRUE,TP
80,8,ode,21,vc,SEX,cat,TRUE,TRUE,TP
80,8,ode,21,vc,BW,power,TRUE,FALSE,FN
80,8,ode,21,vc,BMI,power,FALSE,TRUE,FP
80,8,ode,21,cl,SEX,cat,FALSE,TRUE,FP
80,8,ode,22,cl,CrCL,power,TRUE,TRUE,TP
80,8,ode,22,vc,BW,power,TRUE,TRUE,TP
80,8,ode,22,vc,SEX,cat,TRUE,TRUE,TP
80,8,ode,23,cl,CrCL,power,TRUE,TRUE,TP
80,8,ode,23,vc,SEX,cat,TRUE,TRUE,TP
80,8,ode,23,vc,BW,power,TRUE,FALSE,FN
80,8,ode,23,vc,BMI,power,FALSE,TRUE,FP
80,8,ode,24,cl,CrCL,power,TRUE,TRUE,TP
80,8,ode,24,vc,SEX,cat,TRUE,TRUE,TP
80,8,ode,24,vc,BW,power,TRUE,FALSE,FN
80,8,ode,24,vc,BMI,power,FALSE,TRUE,FP
80,8,ode,25,cl,CrCL,power,TRUE,TRUE,TP
80,8,ode,25,vc,BW,power,TRUE,TRUE,TP
80,8,ode,25,vc,SEX,cat,TRUE,TRUE,TP
80,8,ode,26,cl,CrCL,power,TRUE,TRUE,TP
80,8,ode,26,vc,SEX,cat,TRUE,TRUE,TP
80,8,ode,26,vc,BW,power,TRUE,FALSE,FN
80,8,ode,26,vc,BMI,power,FALSE,TRUE,FP
80,8,ode,27,cl,CrCL,power,TRUE,TRUE,TP
80,8,ode,27,vc,BW,power,TRUE,TRUE,TP
80,8,ode,27,vc,SEX,cat,TRUE,TRUE,TP
80,8,ode,28,cl,CrCL,power,TRUE,TRUE,TP
80,8,ode,28,vc,BW,power,TRUE,TRUE,TP
80,8,ode,28,vc,SEX,cat,TRUE,TRUE,TP
80,8,ode,29,cl,CrCL,power,TRUE,TRUE,TP
80,8,ode,29,vc,BW,power,TRUE,TRUE,TP
80,8,ode,29,vc,SEX,cat,TRUE,TRUE,TP
80,8,ode,30,cl,CrCL,power,TRUE,TRUE,TP
80,8,ode,30,vc,BW,power,TRUE,TRUE,TP
80,8,ode,30,vc,SEX,cat,TRUE,TRUE,TP
80,8,ode,31,cl,CrCL,power,TRUE,TRUE,TP
80,8,ode,31,vc,BW,power,TRUE,TRUE,TP
80,8,ode,31,vc,SEX,cat,TRUE,TRUE,TP
80,8,ode,31,cl,BW,power,FALSE,TRUE,FP
80,8,ode,32,cl,CrCL,power,TRUE,TRUE,TP
80,8,ode,32,vc,BW,power,TRUE,TRUE,TP
80,8,ode,32,vc,SEX,cat,TRUE,TRUE,TP
80,8,ode,33,cl,CrCL,power,TRUE,TRUE,TP
80,8,ode,33,vc,BW,power,TRUE,TRUE,TP
80,8,ode,33,vc,SEX,cat,TRUE,TRUE,TP
80,8,ode,34,cl,CrCL,power,TRUE,TRUE,TP
80,8,ode,34,vc,BW,power,TRUE,TRUE,TP
80,8,ode,34,vc,SEX,cat,TRUE,TRUE,TP
80,8,ode,35,cl,CrCL,power,TRUE,TRUE,TP
80,8,ode,35,vc,BW,power,TRUE,TRUE,TP
80,8,ode,35,vc,SEX,cat,TRUE,TRUE,TP
80,8,ode,35,vc,RACE,cat,FALSE,TRUE,FP
80,8,ode,36,cl,CrCL,power,TRUE,TRUE,TP
80,8,ode,36,vc,BW,power,TRUE,TRUE,TP
80,8,ode,36,vc,SEX,cat,TRUE,TRUE,TP
80,8,ode,37,cl,CrCL,power,TRUE,TRUE,TP
80,8,ode,37,vc,BW,power,TRUE,TRUE,TP
80,8,ode,37,vc,SEX,cat,TRUE,TRUE,TP
80,8,ode,38,cl,CrCL,power,TRUE,TRUE,TP
80,8,ode,38,vc,SEX,cat,TRUE,TRUE,TP
80,8,ode,38,vc,BW,power,TRUE,FALSE,FN
80,8,ode,38,vc,BMI,power,FALSE,TRUE,FP
80,8,ode,39,cl,CrCL,power,TRUE,TRUE,TP
80,8,ode,39,vc,BW,power,TRUE,TRUE,TP
80,8,ode,39,vc,SEX,cat,TRUE,TRUE,TP
80,8,ode,40,cl,CrCL,power,TRUE,TRUE,TP
80,8,ode,40,vc,BW,power,TRUE,TRUE,TP
80,8,ode,40,vc,SEX,cat,TRUE,TRUE,TP
80,8,ode,41,cl,CrCL,power,TRUE,TRUE,TP
80,8,ode,41,vc,SEX,cat,TRUE,TRUE,TP
80,8,ode,41,vc,BW,power,TRUE,FALSE,FN
80,8,ode,41,vc,BMI,power,FALSE,TRUE,FP
80,8,ode,42,cl,CrCL,power,TRUE,TRUE,TP
80,8,ode,42,vc,BW,power,TRUE,TRUE,TP
80,8,ode,42,vc,SEX,cat,TRUE,TRUE,TP
80,8,ode,42,cl,RACE,cat,FALSE,TRUE,FP
80,8,ode,43,cl,CrCL,power,TRUE,TRUE,TP
80,8,ode,43,vc,BW,power,TRUE,TRUE,TP
80,8,ode,43,vc,SEX,cat,TRUE,TRUE,TP
80,8,ode,44,cl,CrCL,power,TRUE,TRUE,TP
80,8,ode,44,vc,BW,power,TRUE,TRUE,TP
80,8,ode,44,vc,SEX,cat,TRUE,TRUE,TP
80,8,ode,45,cl,CrCL,power,TRUE,TRUE,TP
80,8,ode,45,vc,BW,power,TRUE,TRUE,TP
80,8,ode,45,vc,SEX,cat,TRUE,TRUE,TP
80,8,ode,45,vc,CrCL,power,FALSE,TRUE,FP
80,8,ode,46,cl,CrCL,power,TRUE,TRUE,TP
80,8,ode,46,vc,BW,power,TRUE,TRUE,TP
80,8,ode,46,vc,SEX,cat,TRUE,TRUE,TP
80,8,ode,47,cl,CrCL,power,TRUE,TRUE,TP
80,8,ode,47,vc,BW,power,TRUE,TRUE,TP
80,8,ode,47,vc,SEX,cat,TRUE,TRUE,TP
80,8,ode,48,cl,CrCL,power,TRUE,TRUE,TP
80,8,ode,48,vc,BW,power,TRUE,TRUE,TP
80,8,ode,48,vc,SEX,cat,TRUE,TRUE,TP
80,8,ode,49,cl,CrCL,power,TRUE,TRUE,TP
80,8,ode,49,vc,BW,power,TRUE,TRUE,TP
80,8,ode,49,vc,SEX,cat,TRUE,TRUE,TP
80,8,ode,50,cl,CrCL,power,TRUE,TRUE,TP
80,8,ode,50,vc,BW,power,TRUE,TRUE,TP
80,8,ode,50,vc,SEX,cat,TRUE,TRUE,TP
80,8,ode,51,cl,CrCL,power,TRUE,TRUE,TP
80,8,ode,51,vc,SEX,cat,TRUE,TRUE,TP
80,8,ode,51,vc,BW,power,TRUE,FALSE,FN
80,8,ode,51,vc,BMI,power,FALSE,TRUE,FP
80,8,ode,52,cl,CrCL,power,TRUE,TRUE,TP
80,8,ode,52,vc,BW,power,TRUE,TRUE,TP
80,8,ode,52,vc,SEX,cat,TRUE,TRUE,TP
80,8,ode,52,vc,CrCL,power,FALSE,TRUE,FP
80,8,ode,53,cl,CrCL,power,TRUE,TRUE,TP
80,8,ode,53,vc,BW,power,TRUE,TRUE,TP
80,8,ode,53,vc,SEX,cat,TRUE,TRUE,TP
80,8,ode,54,cl,CrCL,power,TRUE,TRUE,TP
80,8,ode,54,vc,BW,power,TRUE,TRUE,TP
80,8,ode,54,vc,SEX,cat,TRUE,TRUE,TP
80,8,ode,55,cl,CrCL,power,TRUE,TRUE,TP
80,8,ode,55,vc,BW,power,TRUE,TRUE,TP
80,8,ode,55,vc,SEX,cat,TRUE,TRUE,TP
80,8,ode,56,cl,CrCL,power,TRUE,TRUE,TP
80,8,ode,56,vc,BW,power,TRUE,TRUE,TP
80,8,ode,56,vc,SEX,cat,TRUE,TRUE,TP
80,8,ode,57,cl,CrCL,power,TRUE,TRUE,TP
80,8,ode,57,vc,SEX,cat,TRUE,TRUE,TP
80,8,ode,57,vc,BW,power,TRUE,FALSE,FN
80,8,ode,57,vc,BMI,power,FALSE,TRUE,FP
80,8,ode,58,cl,CrCL,power,TRUE,TRUE,TP
80,8,ode,58,vc,BW,power,TRUE,TRUE,TP
80,8,ode,58,vc,SEX,cat,TRUE,TRUE,TP
80,8,ode,59,cl,CrCL,power,TRUE,TRUE,TP
80,8,ode,59,vc,BW,power,TRUE,TRUE,TP
80,8,ode,59,vc,SEX,cat,TRUE,TRUE,TP
80,8,ode,60,cl,CrCL,power,TRUE,TRUE,TP
80,8,ode,60,vc,BW,power,TRUE,TRUE,TP
80,8,ode,60,vc,SEX,cat,TRUE,TRUE,TP
80,8,ode,60,vc,CrCL,power,FALSE,TRUE,FP
80,8,ode,61,cl,CrCL,power,TRUE,TRUE,TP
80,8,ode,61,vc,BW,power,TRUE,TRUE,TP
80,8,ode,61,vc,SEX,cat,TRUE,TRUE,TP
80,8,ode,62,cl,CrCL,power,TRUE,TRUE,TP
80,8,ode,62,vc,BW,power,TRUE,TRUE,TP
80,8,ode,62,vc,SEX,cat,TRUE,TRUE,TP
80,8,ode,62,vc,CrCL,power,FALSE,TRUE,FP
80,8,ode,63,cl,CrCL,power,TRUE,TRUE,TP
80,8,ode,63,vc,SEX,cat,TRUE,TRUE,TP
80,8,ode,63,vc,BW,power,TRUE,FALSE,FN
80,8,ode,63,vc,BMI,power,FALSE,TRUE,FP
80,8,ode,64,cl,CrCL,power,TRUE,TRUE,TP
80,8,ode,64,vc,BW,power,TRUE,TRUE,TP
80,8,ode,64,vc,SEX,cat,TRUE,FALSE,FN
80,8,ode,64,vc,BMI,power,FALSE,TRUE,FP
80,8,ode,65,cl,CrCL,power,TRUE,TRUE,TP
80,8,ode,65,vc,BW,power,TRUE,TRUE,TP
80,8,ode,65,vc,SEX,cat,TRUE,TRUE,TP
80,8,ode,66,cl,CrCL,power,TRUE,TRUE,TP
80,8,ode,66,vc,BW,power,TRUE,TRUE,TP
80,8,ode,66,vc,SEX,cat,TRUE,TRUE,TP
80,8,ode,67,cl,CrCL,power,TRUE,TRUE,TP
80,8,ode,67,vc,SEX,cat,TRUE,TRUE,TP
80,8,ode,67,vc,BW,power,TRUE,FALSE,FN
80,8,ode,67,vc,BMI,power,FALSE,TRUE,FP
80,8,ode,68,cl,CrCL,power,TRUE,TRUE,TP
80,8,ode,68,vc,BW,power,TRUE,TRUE,TP
80,8,ode,68,vc,SEX,cat,TRUE,TRUE,TP
80,8,ode,69,cl,CrCL,power,TRUE,TRUE,TP
80,8,ode,69,vc,BW,power,TRUE,TRUE,TP
80,8,ode,69,vc,SEX,cat,TRUE,TRUE,TP
80,8,ode,69,cl,BW,power,FALSE,TRUE,FP
80,8,ode,70,cl,CrCL,power,TRUE,TRUE,TP
80,8,ode,70,vc,BW,power,TRUE,TRUE,TP
80,8,ode,70,vc,SEX,cat,TRUE,TRUE,TP
80,8,ode,70,cl,SEX,cat,FALSE,TRUE,FP
80,8,ode,71,cl,CrCL,power,TRUE,TRUE,TP
80,8,ode,71,vc,BW,power,TRUE,TRUE,TP
80,8,ode,71,vc,SEX,cat,TRUE,TRUE,TP
80,8,ode,72,cl,CrCL,power,TRUE,TRUE,TP
80,8,ode,72,vc,SEX,cat,TRUE,TRUE,TP
80,8,ode,72,vc,BW,power,TRUE,FALSE,FN
80,8,ode,72,vc,BMI,power,FALSE,TRUE,FP
80,8,ode,73,cl,CrCL,power,TRUE,TRUE,TP
80,8,ode,73,vc,BW,power,TRUE,TRUE,TP
80,8,ode,73,vc,SEX,cat,TRUE,TRUE,TP
80,8,ode,74,cl,CrCL,power,TRUE,TRUE,TP
80,8,ode,74,vc,BW,power,TRUE,TRUE,TP
80,8,ode,74,vc,SEX,cat,TRUE,TRUE,TP
80,8,ode,74,cl,BW,power,FALSE,TRUE,FP
80,8,ode,74,cl,BMI,power,FALSE,TRUE,FP
80,8,ode,75,cl,CrCL,power,TRUE,TRUE,TP
80,8,ode,75,vc,BW,power,TRUE,TRUE,TP
80,8,ode,75,vc,SEX,cat,TRUE,TRUE,TP
80,8,ode,76,cl,CrCL,power,TRUE,TRUE,TP
80,8,ode,76,vc,BW,power,TRUE,TRUE,TP
80,8,ode,76,vc,SEX,cat,TRUE,TRUE,TP
80,8,ode,77,cl,CrCL,power,TRUE,TRUE,TP
80,8,ode,77,vc,BW,power,TRUE,TRUE,TP
80,8,ode,77,vc,SEX,cat,TRUE,TRUE,TP
80,8,ode,78,cl,CrCL,power,TRUE,TRUE,TP
80,8,ode,78,vc,BW,power,TRUE,TRUE,TP
80,8,ode,78,vc,SEX,cat,TRUE,TRUE,TP
80,8,ode,79,cl,CrCL,power,TRUE,TRUE,TP
80,8,ode,79,vc,BW,power,TRUE,TRUE,TP
80,8,ode,79,vc,SEX,cat,TRUE,TRUE,TP
80,8,ode,80,cl,CrCL,power,TRUE,TRUE,TP
80,8,ode,80,vc,BW,power,TRUE,TRUE,TP
80,8,ode,80,vc,SEX,cat,TRUE,TRUE,TP
80,8,ode,81,cl,CrCL,power,TRUE,TRUE,TP
80,8,ode,81,vc,BW,power,TRUE,TRUE,TP
80,8,ode,81,vc,SEX,cat,TRUE,TRUE,TP
80,8,ode,82,cl,CrCL,power,TRUE,TRUE,TP
80,8,ode,82,vc,BW,power,TRUE,TRUE,TP
80,8,ode,82,vc,SEX,cat,TRUE,TRUE,TP
80,8,ode,83,cl,CrCL,power,TRUE,TRUE,TP
80,8,ode,83,vc,BW,power,TRUE,TRUE,TP
80,8,ode,83,vc,SEX,cat,TRUE,TRUE,TP
80,8,ode,84,cl,CrCL,power,TRUE,TRUE,TP
80,8,ode,84,vc,BW,power,TRUE,TRUE,TP
80,8,ode,84,vc,SEX,cat,TRUE,TRUE,TP
80,8,ode,85,cl,CrCL,power,TRUE,TRUE,TP
80,8,ode,85,vc,SEX,cat,TRUE,TRUE,TP
80,8,ode,85,vc,BW,power,TRUE,FALSE,FN
80,8,ode,85,vc,BMI,power,FALSE,TRUE,FP
80,8,ode,86,cl,CrCL,power,TRUE,TRUE,TP
80,8,ode,86,vc,BW,power,TRUE,TRUE,TP
80,8,ode,86,vc,SEX,cat,TRUE,TRUE,TP
80,8,ode,87,cl,CrCL,power,TRUE,TRUE,TP
80,8,ode,87,vc,BW,power,TRUE,TRUE,TP
80,8,ode,87,vc,SEX,cat,TRUE,TRUE,TP
80,8,ode,88,cl,CrCL,power,TRUE,TRUE,TP
80,8,ode,88,vc,BW,power,TRUE,TRUE,TP
80,8,ode,88,vc,SEX,cat,TRUE,TRUE,TP
80,8,ode,89,cl,CrCL,power,TRUE,TRUE,TP
80,8,ode,89,vc,BW,power,TRUE,TRUE,TP
80,8,ode,89,vc,SEX,cat,TRUE,TRUE,TP
80,8,ode,90,cl,CrCL,power,TRUE,TRUE,TP
80,8,ode,90,vc,BW,power,TRUE,TRUE,TP
80,8,ode,90,vc,SEX,cat,TRUE,TRUE,TP
80,8,ode,91,cl,CrCL,power,TRUE,TRUE,TP
80,8,ode,91,vc,BW,power,TRUE,TRUE,TP
80,8,ode,91,vc,SEX,cat,TRUE,FALSE,FN
80,8,ode,91,vc,BMI,power,FALSE,TRUE,FP
80,8,ode,92,cl,CrCL,power,TRUE,TRUE,TP
80,8,ode,92,vc,BW,power,TRUE,TRUE,TP
80,8,ode,92,vc,SEX,cat,TRUE,TRUE,TP
80,8,ode,93,cl,CrCL,power,TRUE,TRUE,TP
80,8,ode,93,vc,BW,power,TRUE,TRUE,TP
80,8,ode,93,vc,SEX,cat,TRUE,TRUE,TP
80,8,ode,93,vc,CrCL,power,FALSE,TRUE,FP
80,8,ode,94,cl,CrCL,power,TRUE,TRUE,TP
80,8,ode,94,vc,BW,power,TRUE,TRUE,TP
80,8,ode,94,vc,SEX,cat,TRUE,TRUE,TP
80,8,ode,95,cl,CrCL,power,TRUE,TRUE,TP
80,8,ode,95,vc,BW,power,TRUE,TRUE,TP
80,8,ode,95,vc,SEX,cat,TRUE,TRUE,TP
80,8,ode,96,cl,CrCL,power,TRUE,TRUE,TP
80,8,ode,96,vc,BW,power,TRUE,TRUE,TP
80,8,ode,96,vc,SEX,cat,TRUE,TRUE,TP
80,8,ode,97,cl,CrCL,power,TRUE,TRUE,TP
80,8,ode,97,vc,BW,power,TRUE,TRUE,TP
80,8,ode,97,vc,SEX,cat,TRUE,TRUE,TP
80,8,ode,98,cl,CrCL,power,TRUE,TRUE,TP
80,8,ode,98,vc,BW,power,TRUE,TRUE,TP
80,8,ode,98,vc,SEX,cat,TRUE,TRUE,TP
80,8,ode,99,cl,CrCL,power,TRUE,TRUE,TP
80,8,ode,99,vc,SEX,cat,TRUE,TRUE,TP
80,8,ode,99,vc,BW,power,TRUE,FALSE,FN
80,8,ode,99,vc,BMI,power,FALSE,TRUE,FP
80,8,ode,100,cl,CrCL,power,TRUE,TRUE,TP
80,8,ode,100,vc,BW,power,TRUE,TRUE,TP
80,8,ode,100,vc,SEX,cat,TRUE,TRUE,TP
80,9,linCmt,1,cl,BW,power,TRUE,TRUE,TP
80,9,linCmt,1,cl,CrCL,power,FALSE,TRUE,FP
80,9,linCmt,2,cl,BW,power,TRUE,TRUE,TP
80,9,linCmt,3,cl,BW,power,TRUE,FALSE,FN
80,9,linCmt,3,cl,BMI,power,FALSE,TRUE,FP
80,9,linCmt,4,cl,BW,power,TRUE,TRUE,TP
80,9,linCmt,5,cl,BW,power,TRUE,TRUE,TP
80,9,linCmt,5,cl,RACE,cat,FALSE,TRUE,FP
80,9,linCmt,6,cl,BW,power,TRUE,TRUE,TP
80,9,linCmt,6,vc,RACE,cat,FALSE,TRUE,FP
80,9,linCmt,7,cl,BW,power,TRUE,TRUE,TP
80,9,linCmt,8,cl,BW,power,TRUE,TRUE,TP
80,9,linCmt,8,vc,BMI,power,FALSE,TRUE,FP
80,9,linCmt,9,cl,BW,power,TRUE,TRUE,TP
80,9,linCmt,9,vc,RACE,cat,FALSE,TRUE,FP
80,9,linCmt,9,cl,SEX,cat,FALSE,TRUE,FP
80,9,linCmt,10,cl,BW,power,TRUE,TRUE,TP
80,9,linCmt,11,cl,BW,power,TRUE,FALSE,FN
80,9,linCmt,11,cl,BMI,power,FALSE,TRUE,FP
80,9,linCmt,12,cl,BW,power,TRUE,TRUE,TP
80,9,linCmt,13,cl,BW,power,TRUE,TRUE,TP
80,9,linCmt,13,cl,RACE,cat,FALSE,TRUE,FP
80,9,linCmt,14,cl,BW,power,TRUE,TRUE,TP
80,9,linCmt,15,cl,BW,power,TRUE,TRUE,TP
80,9,linCmt,16,cl,BW,power,TRUE,TRUE,TP
80,9,linCmt,17,cl,BW,power,TRUE,TRUE,TP
80,9,linCmt,18,cl,BW,power,TRUE,TRUE,TP
80,9,linCmt,18,cl,CrCL,power,FALSE,TRUE,FP
80,9,linCmt,19,cl,BW,power,TRUE,TRUE,TP
80,9,linCmt,19,cl,BMI,power,FALSE,TRUE,FP
80,9,linCmt,20,cl,BW,power,TRUE,TRUE,TP
80,9,linCmt,21,cl,BW,power,TRUE,TRUE,TP
80,9,linCmt,21,vc,BMI,power,FALSE,TRUE,FP
80,9,linCmt,22,cl,BW,power,TRUE,TRUE,TP
80,9,linCmt,23,cl,BW,power,TRUE,TRUE,TP
80,9,linCmt,24,cl,BW,power,TRUE,TRUE,TP
80,9,linCmt,25,cl,BW,power,TRUE,TRUE,TP
80,9,linCmt,26,cl,BW,power,TRUE,TRUE,TP
80,9,linCmt,26,vc,CrCL,power,FALSE,TRUE,FP
80,9,linCmt,27,cl,BW,power,TRUE,FALSE,FN
80,9,linCmt,27,cl,CrCL,power,FALSE,TRUE,FP
80,9,linCmt,28,cl,BW,power,TRUE,TRUE,TP
80,9,linCmt,29,cl,BW,power,TRUE,TRUE,TP
80,9,linCmt,30,cl,BW,power,TRUE,TRUE,TP
80,9,linCmt,31,cl,BW,power,TRUE,FALSE,FN
80,9,linCmt,31,cl,BMI,power,FALSE,TRUE,FP
80,9,linCmt,32,cl,BW,power,TRUE,TRUE,TP
80,9,linCmt,33,cl,BW,power,TRUE,TRUE,TP
80,9,linCmt,34,cl,BW,power,TRUE,TRUE,TP
80,9,linCmt,35,cl,BW,power,TRUE,TRUE,TP
80,9,linCmt,35,vc,BW,power,FALSE,TRUE,FP
80,9,linCmt,36,cl,BW,power,TRUE,TRUE,TP
80,9,linCmt,37,cl,BW,power,TRUE,TRUE,TP
80,9,linCmt,38,cl,BW,power,TRUE,TRUE,TP
80,9,linCmt,39,cl,BW,power,TRUE,TRUE,TP
80,9,linCmt,40,cl,BW,power,TRUE,TRUE,TP
80,9,linCmt,41,cl,BW,power,TRUE,TRUE,TP
80,9,linCmt,41,vc,RACE,cat,FALSE,TRUE,FP
80,9,linCmt,41,vc,BMI,power,FALSE,TRUE,FP
80,9,linCmt,42,cl,BW,power,TRUE,TRUE,TP
80,9,linCmt,42,vc,BW,power,FALSE,TRUE,FP
80,9,linCmt,42,cl,CrCL,power,FALSE,TRUE,FP
80,9,linCmt,43,cl,BW,power,TRUE,TRUE,TP
80,9,linCmt,44,cl,BW,power,TRUE,TRUE,TP
80,9,linCmt,44,cl,RACE,cat,FALSE,TRUE,FP
80,9,linCmt,45,cl,BW,power,TRUE,TRUE,TP
80,9,linCmt,46,cl,BW,power,TRUE,TRUE,TP
80,9,linCmt,46,cl,SEX,cat,FALSE,TRUE,FP
80,9,linCmt,47,cl,BW,power,TRUE,FALSE,FN
80,9,linCmt,47,cl,BMI,power,FALSE,TRUE,FP
80,9,linCmt,47,cl,SEX,cat,FALSE,TRUE,FP
80,9,linCmt,48,cl,BW,power,TRUE,TRUE,TP
80,9,linCmt,49,cl,BW,power,TRUE,TRUE,TP
80,9,linCmt,50,cl,BW,power,TRUE,TRUE,TP
80,9,linCmt,51,cl,BW,power,TRUE,TRUE,TP
80,9,linCmt,52,cl,BW,power,TRUE,TRUE,TP
80,9,linCmt,53,cl,BW,power,TRUE,TRUE,TP
80,9,linCmt,54,cl,BW,power,TRUE,TRUE,TP
80,9,linCmt,55,cl,BW,power,TRUE,TRUE,TP
80,9,linCmt,56,cl,BW,power,TRUE,TRUE,TP
80,9,linCmt,57,cl,BW,power,TRUE,TRUE,TP
80,9,linCmt,58,cl,BW,power,TRUE,FALSE,FN
80,9,linCmt,58,cl,BMI,power,FALSE,TRUE,FP
80,9,linCmt,59,cl,BW,power,TRUE,FALSE,FN
80,9,linCmt,59,cl,BMI,power,FALSE,TRUE,FP
80,9,linCmt,60,cl,BW,power,TRUE,FALSE,FN
80,9,linCmt,60,cl,RACE,cat,FALSE,TRUE,FP
80,9,linCmt,60,cl,SEX,cat,FALSE,TRUE,FP
80,9,linCmt,60,cl,CrCL,power,FALSE,TRUE,FP
80,9,linCmt,61,cl,BW,power,TRUE,FALSE,FN
80,9,linCmt,61,cl,BMI,power,FALSE,TRUE,FP
80,9,linCmt,62,cl,BW,power,TRUE,TRUE,TP
80,9,linCmt,62,vc,BMI,power,FALSE,TRUE,FP
80,9,linCmt,63,cl,BW,power,TRUE,TRUE,TP
80,9,linCmt,64,cl,BW,power,TRUE,FALSE,FN
80,9,linCmt,64,cl,BMI,power,FALSE,TRUE,FP
80,9,linCmt,64,cl,RACE,cat,FALSE,TRUE,FP
80,9,linCmt,65,cl,BW,power,TRUE,TRUE,TP
80,9,linCmt,65,vc,RACE,cat,FALSE,TRUE,FP
80,9,linCmt,65,cl,SEX,cat,FALSE,TRUE,FP
80,9,linCmt,66,cl,BW,power,TRUE,TRUE,TP
80,9,linCmt,67,cl,BW,power,TRUE,TRUE,TP
80,9,linCmt,68,cl,BW,power,TRUE,TRUE,TP
80,9,linCmt,68,cl,RACE,cat,FALSE,TRUE,FP
80,9,linCmt,69,cl,BW,power,TRUE,TRUE,TP
80,9,linCmt,70,cl,BW,power,TRUE,TRUE,TP
80,9,linCmt,71,cl,BW,power,TRUE,TRUE,TP
80,9,linCmt,72,cl,BW,power,TRUE,FALSE,FN
80,9,linCmt,72,cl,BMI,power,FALSE,TRUE,FP
80,9,linCmt,73,cl,BW,power,TRUE,TRUE,TP
80,9,linCmt,74,cl,BW,power,TRUE,TRUE,TP
80,9,linCmt,75,cl,BW,power,TRUE,TRUE,TP
80,9,linCmt,75,cl,CrCL,power,FALSE,TRUE,FP
80,9,linCmt,76,cl,BW,power,TRUE,TRUE,TP
80,9,linCmt,76,vc,BMI,power,FALSE,TRUE,FP
80,9,linCmt,77,cl,BW,power,TRUE,TRUE,TP
80,9,linCmt,78,cl,BW,power,TRUE,TRUE,TP
80,9,linCmt,79,cl,BW,power,TRUE,TRUE,TP
80,9,linCmt,79,cl,RACE,cat,FALSE,TRUE,FP
80,9,linCmt,80,cl,BW,power,TRUE,TRUE,TP
80,9,linCmt,81,cl,BW,power,TRUE,TRUE,TP
80,9,linCmt,82,cl,BW,power,TRUE,TRUE,TP
80,9,linCmt,82,vc,RACE,cat,FALSE,TRUE,FP
80,9,linCmt,83,cl,BW,power,TRUE,TRUE,TP
80,9,linCmt,83,vc,RACE,cat,FALSE,TRUE,FP
80,9,linCmt,84,cl,BW,power,TRUE,TRUE,TP
80,9,linCmt,85,cl,BW,power,TRUE,TRUE,TP
80,9,linCmt,86,cl,BW,power,TRUE,TRUE,TP
80,9,linCmt,87,cl,BW,power,TRUE,TRUE,TP
80,9,linCmt,88,cl,BW,power,TRUE,TRUE,TP
80,9,linCmt,89,cl,BW,power,TRUE,TRUE,TP
80,9,linCmt,90,cl,BW,power,TRUE,FALSE,FN
80,9,linCmt,90,cl,BMI,power,FALSE,TRUE,FP
80,9,linCmt,90,cl,SEX,cat,FALSE,TRUE,FP
80,9,linCmt,91,cl,BW,power,TRUE,FALSE,FN
80,9,linCmt,91,cl,BMI,power,FALSE,TRUE,FP
80,9,linCmt,91,vc,BW,power,FALSE,TRUE,FP
80,9,linCmt,91,vc,CrCL,power,FALSE,TRUE,FP
80,9,linCmt,92,cl,BW,power,TRUE,TRUE,TP
80,9,linCmt,93,cl,BW,power,TRUE,TRUE,TP
80,9,linCmt,94,cl,BW,power,TRUE,TRUE,TP
80,9,linCmt,95,cl,BW,power,TRUE,TRUE,TP
80,9,linCmt,96,cl,BW,power,TRUE,FALSE,FN
80,9,linCmt,96,cl,BMI,power,FALSE,TRUE,FP
80,9,linCmt,97,cl,BW,power,TRUE,TRUE,TP
80,9,linCmt,97,cl,RACE,cat,FALSE,TRUE,FP
80,9,linCmt,98,cl,BW,power,TRUE,TRUE,TP
80,9,linCmt,99,cl,BW,power,TRUE,TRUE,TP
80,9,linCmt,99,cl,SEX,cat,FALSE,TRUE,FP
80,9,linCmt,100,cl,BW,power,TRUE,TRUE,TP
80,9,ode,1,cl,BW,power,TRUE,TRUE,TP
80,9,ode,1,cl,CrCL,power,FALSE,TRUE,FP
80,9,ode,2,cl,BW,power,TRUE,TRUE,TP
80,9,ode,3,cl,BW,power,TRUE,FALSE,FN
80,9,ode,3,cl,BMI,power,FALSE,TRUE,FP
80,9,ode,4,cl,BW,power,TRUE,TRUE,TP
80,9,ode,5,cl,BW,power,TRUE,TRUE,TP
80,9,ode,5,cl,RACE,cat,FALSE,TRUE,FP
80,9,ode,6,cl,BW,power,TRUE,TRUE,TP
80,9,ode,6,vc,RACE,cat,FALSE,TRUE,FP
80,9,ode,7,cl,BW,power,TRUE,TRUE,TP
80,9,ode,8,cl,BW,power,TRUE,TRUE,TP
80,9,ode,8,vc,BMI,power,FALSE,TRUE,FP
80,9,ode,9,cl,BW,power,TRUE,TRUE,TP
80,9,ode,9,vc,RACE,cat,FALSE,TRUE,FP
80,9,ode,9,cl,SEX,cat,FALSE,TRUE,FP
80,9,ode,10,cl,BW,power,TRUE,TRUE,TP
80,9,ode,11,cl,BW,power,TRUE,FALSE,FN
80,9,ode,11,cl,BMI,power,FALSE,TRUE,FP
80,9,ode,12,cl,BW,power,TRUE,TRUE,TP
80,9,ode,13,cl,BW,power,TRUE,TRUE,TP
80,9,ode,13,cl,RACE,cat,FALSE,TRUE,FP
80,9,ode,14,cl,BW,power,TRUE,TRUE,TP
80,9,ode,15,cl,BW,power,TRUE,TRUE,TP
80,9,ode,16,cl,BW,power,TRUE,TRUE,TP
80,9,ode,17,cl,BW,power,TRUE,TRUE,TP
80,9,ode,18,cl,BW,power,TRUE,TRUE,TP
80,9,ode,18,cl,CrCL,power,FALSE,TRUE,FP
80,9,ode,19,cl,BW,power,TRUE,TRUE,TP
80,9,ode,19,cl,BMI,power,FALSE,TRUE,FP
80,9,ode,20,cl,BW,power,TRUE,TRUE,TP
80,9,ode,21,cl,BW,power,TRUE,TRUE,TP
80,9,ode,21,vc,BMI,power,FALSE,TRUE,FP
80,9,ode,22,cl,BW,power,TRUE,TRUE,TP
80,9,ode,23,cl,BW,power,TRUE,TRUE,TP
80,9,ode,24,cl,BW,power,TRUE,TRUE,TP
80,9,ode,25,cl,BW,power,TRUE,TRUE,TP
80,9,ode,26,cl,BW,power,TRUE,TRUE,TP
80,9,ode,26,vc,CrCL,power,FALSE,TRUE,FP
80,9,ode,27,cl,BW,power,TRUE,FALSE,FN
80,9,ode,27,cl,CrCL,power,FALSE,TRUE,FP
80,9,ode,28,cl,BW,power,TRUE,TRUE,TP
80,9,ode,29,cl,BW,power,TRUE,TRUE,TP
80,9,ode,30,cl,BW,power,TRUE,TRUE,TP
80,9,ode,31,cl,BW,power,TRUE,FALSE,FN
80,9,ode,31,cl,BMI,power,FALSE,TRUE,FP
80,9,ode,32,cl,BW,power,TRUE,TRUE,TP
80,9,ode,33,cl,BW,power,TRUE,TRUE,TP
80,9,ode,34,cl,BW,power,TRUE,TRUE,TP
80,9,ode,35,cl,BW,power,TRUE,TRUE,TP
80,9,ode,35,vc,BW,power,FALSE,TRUE,FP
80,9,ode,36,cl,BW,power,TRUE,TRUE,TP
80,9,ode,37,cl,BW,power,TRUE,TRUE,TP
80,9,ode,38,cl,BW,power,TRUE,TRUE,TP
80,9,ode,39,cl,BW,power,TRUE,TRUE,TP
80,9,ode,40,cl,BW,power,TRUE,TRUE,TP
80,9,ode,41,cl,BW,power,TRUE,TRUE,TP
80,9,ode,41,vc,RACE,cat,FALSE,TRUE,FP
80,9,ode,41,vc,BMI,power,FALSE,TRUE,FP
80,9,ode,42,cl,BW,power,TRUE,TRUE,TP
80,9,ode,42,vc,BW,power,FALSE,TRUE,FP
80,9,ode,42,cl,CrCL,power,FALSE,TRUE,FP
80,9,ode,43,cl,BW,power,TRUE,TRUE,TP
80,9,ode,44,cl,BW,power,TRUE,TRUE,TP
80,9,ode,44,cl,RACE,cat,FALSE,TRUE,FP
80,9,ode,45,cl,BW,power,TRUE,TRUE,TP
80,9,ode,46,cl,BW,power,TRUE,TRUE,TP
80,9,ode,46,cl,SEX,cat,FALSE,TRUE,FP
80,9,ode,47,cl,BW,power,TRUE,FALSE,FN
80,9,ode,47,cl,BMI,power,FALSE,TRUE,FP
80,9,ode,47,cl,SEX,cat,FALSE,TRUE,FP
80,9,ode,48,cl,BW,power,TRUE,TRUE,TP
80,9,ode,49,cl,BW,power,TRUE,TRUE,TP
80,9,ode,50,cl,BW,power,TRUE,TRUE,TP
80,9,ode,51,cl,BW,power,TRUE,TRUE,TP
80,9,ode,52,cl,BW,power,TRUE,TRUE,TP
80,9,ode,53,cl,BW,power,TRUE,TRUE,TP
80,9,ode,53,vc,RACE,cat,FALSE,TRUE,FP
80,9,ode,54,cl,BW,power,TRUE,TRUE,TP
80,9,ode,55,cl,BW,power,TRUE,TRUE,TP
80,9,ode,56,cl,BW,power,TRUE,TRUE,TP
80,9,ode,57,cl,BW,power,TRUE,TRUE,TP
80,9,ode,58,cl,BW,power,TRUE,FALSE,FN
80,9,ode,58,cl,BMI,power,FALSE,TRUE,FP
80,9,ode,59,cl,BW,power,TRUE,FALSE,FN
80,9,ode,59,cl,BMI,power,FALSE,TRUE,FP
80,9,ode,60,cl,BW,power,TRUE,FALSE,FN
80,9,ode,60,cl,RACE,cat,FALSE,TRUE,FP
80,9,ode,60,cl,SEX,cat,FALSE,TRUE,FP
80,9,ode,60,cl,CrCL,power,FALSE,TRUE,FP
80,9,ode,61,cl,BW,power,TRUE,FALSE,FN
80,9,ode,61,cl,BMI,power,FALSE,TRUE,FP
80,9,ode,62,cl,BW,power,TRUE,TRUE,TP
80,9,ode,62,vc,BMI,power,FALSE,TRUE,FP
80,9,ode,63,cl,BW,power,TRUE,TRUE,TP
80,9,ode,64,cl,BW,power,TRUE,FALSE,FN
80,9,ode,64,cl,BMI,power,FALSE,TRUE,FP
80,9,ode,64,cl,RACE,cat,FALSE,TRUE,FP
80,9,ode,65,cl,BW,power,TRUE,TRUE,TP
80,9,ode,65,vc,RACE,cat,FALSE,TRUE,FP
80,9,ode,65,cl,SEX,cat,FALSE,TRUE,FP
80,9,ode,66,cl,BW,power,TRUE,TRUE,TP
80,9,ode,67,cl,BW,power,TRUE,TRUE,TP
80,9,ode,68,cl,BW,power,TRUE,TRUE,TP
80,9,ode,68,cl,RACE,cat,FALSE,TRUE,FP
80,9,ode,69,cl,BW,power,TRUE,TRUE,TP
80,9,ode,70,cl,BW,power,TRUE,TRUE,TP
80,9,ode,71,cl,BW,power,TRUE,TRUE,TP
80,9,ode,72,cl,BW,power,TRUE,FALSE,FN
80,9,ode,72,cl,BMI,power,FALSE,TRUE,FP
80,9,ode,73,cl,BW,power,TRUE,TRUE,TP
80,9,ode,74,cl,BW,power,TRUE,TRUE,TP
80,9,ode,75,cl,BW,power,TRUE,TRUE,TP
80,9,ode,75,cl,CrCL,power,FALSE,TRUE,FP
80,9,ode,76,cl,BW,power,TRUE,TRUE,TP
80,9,ode,76,vc,BMI,power,FALSE,TRUE,FP
80,9,ode,77,cl,BW,power,TRUE,TRUE,TP
80,9,ode,77,vc,BW,power,FALSE,TRUE,FP
80,9,ode,78,cl,BW,power,TRUE,TRUE,TP
80,9,ode,79,cl,BW,power,TRUE,TRUE,TP
80,9,ode,79,cl,RACE,cat,FALSE,TRUE,FP
80,9,ode,80,cl,BW,power,TRUE,TRUE,TP
80,9,ode,81,cl,BW,power,TRUE,TRUE,TP
80,9,ode,82,cl,BW,power,TRUE,TRUE,TP
80,9,ode,82,vc,RACE,cat,FALSE,TRUE,FP
80,9,ode,83,cl,BW,power,TRUE,TRUE,TP
80,9,ode,83,vc,RACE,cat,FALSE,TRUE,FP
80,9,ode,84,cl,BW,power,TRUE,TRUE,TP
80,9,ode,85,cl,BW,power,TRUE,TRUE,TP
80,9,ode,86,cl,BW,power,TRUE,TRUE,TP
80,9,ode,87,cl,BW,power,TRUE,TRUE,TP
80,9,ode,88,cl,BW,power,TRUE,TRUE,TP
80,9,ode,89,cl,BW,power,TRUE,TRUE,TP
80,9,ode,90,cl,BW,power,TRUE,FALSE,FN
80,9,ode,90,cl,BMI,power,FALSE,TRUE,FP
80,9,ode,90,cl,SEX,cat,FALSE,TRUE,FP
80,9,ode,91,cl,BW,power,TRUE,FALSE,FN
80,9,ode,91,cl,BMI,power,FALSE,TRUE,FP
80,9,ode,91,vc,BW,power,FALSE,TRUE,FP
80,9,ode,91,vc,CrCL,power,FALSE,TRUE,FP
80,9,ode,92,cl,BW,power,TRUE,TRUE,TP
80,9,ode,93,cl,BW,power,TRUE,TRUE,TP
80,9,ode,94,cl,BW,power,TRUE,TRUE,TP
80,9,ode,95,cl,BW,power,TRUE,TRUE,TP
80,9,ode,96,cl,BW,power,TRUE,FALSE,FN
80,9,ode,96,cl,BMI,power,FALSE,TRUE,FP
80,9,ode,97,cl,BW,power,TRUE,TRUE,TP
80,9,ode,97,cl,RACE,cat,FALSE,TRUE,FP
80,9,ode,98,cl,BW,power,TRUE,TRUE,TP
80,9,ode,99,cl,BW,power,TRUE,TRUE,TP
80,9,ode,99,cl,SEX,cat,FALSE,TRUE,FP
80,9,ode,100,cl,BW,power,TRUE,TRUE,TP
80,10,linCmt,1,cl,BW,power,TRUE,TRUE,TP
80,10,linCmt,1,vc,SEX,cat,TRUE,TRUE,TP
80,10,linCmt,2,cl,BW,power,TRUE,TRUE,TP
80,10,linCmt,2,vc,SEX,cat,TRUE,TRUE,TP
80,10,linCmt,2,cl,SEX,cat,FALSE,TRUE,FP
80,10,linCmt,3,cl,BW,power,TRUE,TRUE,TP
80,10,linCmt,3,vc,SEX,cat,TRUE,TRUE,TP
80,10,linCmt,4,vc,SEX,cat,TRUE,TRUE,TP
80,10,linCmt,4,cl,BW,power,TRUE,FALSE,FN
80,10,linCmt,4,cl,BMI,power,FALSE,TRUE,FP
80,10,linCmt,4,cl,SEX,cat,FALSE,TRUE,FP
80,10,linCmt,5,cl,BW,power,TRUE,TRUE,TP
80,10,linCmt,5,vc,SEX,cat,TRUE,TRUE,TP
80,10,linCmt,6,cl,BW,power,TRUE,TRUE,TP
80,10,linCmt,6,vc,SEX,cat,TRUE,TRUE,TP
80,10,linCmt,7,vc,SEX,cat,TRUE,TRUE,TP
80,10,linCmt,7,cl,BW,power,TRUE,FALSE,FN
80,10,linCmt,7,cl,BMI,power,FALSE,TRUE,FP
80,10,linCmt,8,cl,BW,power,TRUE,TRUE,TP
80,10,linCmt,8,vc,SEX,cat,TRUE,TRUE,TP
80,10,linCmt,9,cl,BW,power,TRUE,TRUE,TP
80,10,linCmt,9,vc,SEX,cat,TRUE,TRUE,TP
80,10,linCmt,9,vc,CrCL,power,FALSE,TRUE,FP
80,10,linCmt,10,cl,BW,power,TRUE,TRUE,TP
80,10,linCmt,10,vc,SEX,cat,TRUE,TRUE,TP
80,10,linCmt,11,cl,BW,power,TRUE,TRUE,TP
80,10,linCmt,11,vc,SEX,cat,TRUE,TRUE,TP
80,10,linCmt,12,cl,BW,power,TRUE,TRUE,TP
80,10,linCmt,12,vc,SEX,cat,TRUE,TRUE,TP
80,10,linCmt,13,cl,BW,power,TRUE,TRUE,TP
80,10,linCmt,13,vc,SEX,cat,TRUE,TRUE,TP
80,10,linCmt,14,cl,BW,power,TRUE,TRUE,TP
80,10,linCmt,14,vc,SEX,cat,TRUE,TRUE,TP
80,10,linCmt,15,vc,SEX,cat,TRUE,TRUE,TP
80,10,linCmt,15,cl,BW,power,TRUE,FALSE,FN
80,10,linCmt,15,cl,BMI,power,FALSE,TRUE,FP
80,10,linCmt,16,cl,BW,power,TRUE,TRUE,TP
80,10,linCmt,16,vc,SEX,cat,TRUE,TRUE,TP
80,10,linCmt,16,vc,CrCL,power,FALSE,TRUE,FP
80,10,linCmt,17,cl,BW,power,TRUE,TRUE,TP
80,10,linCmt,17,vc,SEX,cat,TRUE,TRUE,TP
80,10,linCmt,18,cl,BW,power,TRUE,TRUE,TP
80,10,linCmt,18,vc,SEX,cat,TRUE,TRUE,TP
80,10,linCmt,19,cl,BW,power,TRUE,TRUE,TP
80,10,linCmt,19,vc,SEX,cat,TRUE,TRUE,TP
80,10,linCmt,20,cl,BW,power,TRUE,TRUE,TP
80,10,linCmt,20,vc,SEX,cat,TRUE,TRUE,TP
80,10,linCmt,21,cl,BW,power,TRUE,TRUE,TP
80,10,linCmt,21,vc,SEX,cat,TRUE,TRUE,TP
80,10,linCmt,22,cl,BW,power,TRUE,TRUE,TP
80,10,linCmt,22,vc,SEX,cat,TRUE,TRUE,TP
80,10,linCmt,22,vc,BMI,power,FALSE,TRUE,FP
80,10,linCmt,23,cl,BW,power,TRUE,TRUE,TP
80,10,linCmt,23,vc,SEX,cat,TRUE,TRUE,TP
80,10,linCmt,24,cl,BW,power,TRUE,TRUE,TP
80,10,linCmt,24,vc,SEX,cat,TRUE,TRUE,TP
80,10,linCmt,25,cl,BW,power,TRUE,TRUE,TP
80,10,linCmt,25,vc,SEX,cat,TRUE,TRUE,TP
80,10,linCmt,26,cl,BW,power,TRUE,TRUE,TP
80,10,linCmt,26,vc,SEX,cat,TRUE,TRUE,TP
80,10,linCmt,27,cl,BW,power,TRUE,TRUE,TP
80,10,linCmt,27,vc,SEX,cat,TRUE,TRUE,TP
80,10,linCmt,28,cl,BW,power,TRUE,TRUE,TP
80,10,linCmt,28,vc,SEX,cat,TRUE,TRUE,TP
80,10,linCmt,29,cl,BW,power,TRUE,TRUE,TP
80,10,linCmt,29,vc,SEX,cat,TRUE,TRUE,TP
80,10,linCmt,30,vc,SEX,cat,TRUE,TRUE,TP
80,10,linCmt,30,cl,BW,power,TRUE,FALSE,FN
80,10,linCmt,31,cl,BW,power,TRUE,TRUE,TP
80,10,linCmt,31,vc,SEX,cat,TRUE,TRUE,TP
80,10,linCmt,31,vc,BW,power,FALSE,TRUE,FP
80,10,linCmt,31,vc,RACE,cat,FALSE,TRUE,FP
80,10,linCmt,32,cl,BW,power,TRUE,TRUE,TP
80,10,linCmt,32,vc,SEX,cat,TRUE,TRUE,TP
80,10,linCmt,33,cl,BW,power,TRUE,TRUE,TP
80,10,linCmt,33,vc,SEX,cat,TRUE,TRUE,TP
80,10,linCmt,34,cl,BW,power,TRUE,TRUE,TP
80,10,linCmt,34,vc,SEX,cat,TRUE,TRUE,TP
80,10,linCmt,34,vc,BW,power,FALSE,TRUE,FP
80,10,linCmt,35,cl,BW,power,TRUE,TRUE,TP
80,10,linCmt,35,vc,SEX,cat,TRUE,TRUE,TP
80,10,linCmt,36,cl,BW,power,TRUE,TRUE,TP
80,10,linCmt,36,vc,SEX,cat,TRUE,TRUE,TP
80,10,linCmt,36,vc,RACE,cat,FALSE,TRUE,FP
80,10,linCmt,37,vc,SEX,cat,TRUE,TRUE,TP
80,10,linCmt,37,cl,BW,power,TRUE,FALSE,FN
80,10,linCmt,37,cl,BMI,power,FALSE,TRUE,FP
80,10,linCmt,37,cl,SEX,cat,FALSE,TRUE,FP
80,10,linCmt,38,cl,BW,power,TRUE,TRUE,TP
80,10,linCmt,38,vc,SEX,cat,TRUE,TRUE,TP
80,10,linCmt,38,cl,CrCL,power,FALSE,TRUE,FP
80,10,linCmt,39,vc,SEX,cat,TRUE,TRUE,TP
80,10,linCmt,39,cl,BW,power,TRUE,FALSE,FN
80,10,linCmt,39,cl,BMI,power,FALSE,TRUE,FP
80,10,linCmt,40,cl,BW,power,TRUE,TRUE,TP
80,10,linCmt,40,vc,SEX,cat,TRUE,TRUE,TP
80,10,linCmt,40,vc,BW,power,FALSE,TRUE,FP
80,10,linCmt,41,cl,BW,power,TRUE,TRUE,TP
80,10,linCmt,41,vc,SEX,cat,TRUE,TRUE,TP
80,10,linCmt,42,cl,BW,power,TRUE,TRUE,TP
80,10,linCmt,42,vc,SEX,cat,TRUE,TRUE,TP
80,10,linCmt,43,cl,BW,power,TRUE,TRUE,TP
80,10,linCmt,43,vc,SEX,cat,TRUE,TRUE,TP
80,10,linCmt,44,cl,BW,power,TRUE,TRUE,TP
80,10,linCmt,44,vc,SEX,cat,TRUE,TRUE,TP
80,10,linCmt,44,cl,RACE,cat,FALSE,TRUE,FP
80,10,linCmt,45,vc,SEX,cat,TRUE,TRUE,TP
80,10,linCmt,45,cl,BW,power,TRUE,FALSE,FN
80,10,linCmt,45,cl,BMI,power,FALSE,TRUE,FP
80,10,linCmt,45,cl,SEX,cat,FALSE,TRUE,FP
80,10,linCmt,46,cl,BW,power,TRUE,TRUE,TP
80,10,linCmt,46,vc,SEX,cat,TRUE,TRUE,TP
80,10,linCmt,47,cl,BW,power,TRUE,TRUE,TP
80,10,linCmt,47,vc,SEX,cat,TRUE,TRUE,TP
80,10,linCmt,48,cl,BW,power,TRUE,TRUE,TP
80,10,linCmt,48,vc,SEX,cat,TRUE,TRUE,TP
80,10,linCmt,49,cl,BW,power,TRUE,TRUE,TP
80,10,linCmt,49,vc,SEX,cat,TRUE,TRUE,TP
80,10,linCmt,50,cl,BW,power,TRUE,TRUE,TP
80,10,linCmt,50,vc,SEX,cat,TRUE,TRUE,TP
80,10,linCmt,51,cl,BW,power,TRUE,TRUE,TP
80,10,linCmt,51,vc,SEX,cat,TRUE,TRUE,TP
80,10,linCmt,52,vc,SEX,cat,TRUE,TRUE,TP
80,10,linCmt,52,cl,BW,power,TRUE,FALSE,FN
80,10,linCmt,52,cl,BMI,power,FALSE,TRUE,FP
80,10,linCmt,52,cl,CrCL,power,FALSE,TRUE,FP
80,10,linCmt,53,cl,BW,power,TRUE,TRUE,TP
80,10,linCmt,53,vc,SEX,cat,TRUE,TRUE,TP
80,10,linCmt,54,cl,BW,power,TRUE,TRUE,TP
80,10,linCmt,54,vc,SEX,cat,TRUE,TRUE,TP
80,10,linCmt,54,cl,SEX,cat,FALSE,TRUE,FP
80,10,linCmt,55,cl,BW,power,TRUE,TRUE,TP
80,10,linCmt,55,vc,SEX,cat,TRUE,TRUE,TP
80,10,linCmt,55,vc,BMI,power,FALSE,TRUE,FP
80,10,linCmt,56,cl,BW,power,TRUE,TRUE,TP
80,10,linCmt,56,vc,SEX,cat,TRUE,TRUE,TP
80,10,linCmt,56,vc,RACE,cat,FALSE,TRUE,FP
80,10,linCmt,56,cl,RACE,cat,FALSE,TRUE,FP
80,10,linCmt,57,cl,BW,power,TRUE,TRUE,TP
80,10,linCmt,57,vc,SEX,cat,TRUE,TRUE,TP
80,10,linCmt,58,vc,SEX,cat,TRUE,TRUE,TP
80,10,linCmt,58,cl,BW,power,TRUE,FALSE,FN
80,10,linCmt,58,cl,BMI,power,FALSE,TRUE,FP
80,10,linCmt,59,cl,BW,power,TRUE,TRUE,TP
80,10,linCmt,59,vc,SEX,cat,TRUE,TRUE,TP
80,10,linCmt,60,cl,BW,power,TRUE,TRUE,TP
80,10,linCmt,60,vc,SEX,cat,TRUE,TRUE,TP
80,10,linCmt,61,cl,BW,power,TRUE,TRUE,TP
80,10,linCmt,61,vc,SEX,cat,TRUE,TRUE,TP
80,10,linCmt,62,vc,SEX,cat,TRUE,TRUE,TP
80,10,linCmt,62,cl,BW,power,TRUE,FALSE,FN
80,10,linCmt,62,cl,BMI,power,FALSE,TRUE,FP
80,10,linCmt,63,cl,BW,power,TRUE,TRUE,TP
80,10,linCmt,63,vc,SEX,cat,TRUE,TRUE,TP
80,10,linCmt,64,cl,BW,power,TRUE,TRUE,TP
80,10,linCmt,64,vc,SEX,cat,TRUE,TRUE,TP
80,10,linCmt,65,cl,BW,power,TRUE,TRUE,TP
80,10,linCmt,65,vc,SEX,cat,TRUE,TRUE,TP
80,10,linCmt,66,cl,BW,power,TRUE,TRUE,TP
80,10,linCmt,66,vc,SEX,cat,TRUE,TRUE,TP
80,10,linCmt,67,cl,BW,power,TRUE,TRUE,TP
80,10,linCmt,67,vc,SEX,cat,TRUE,TRUE,TP
80,10,linCmt,68,cl,BW,power,TRUE,TRUE,TP
80,10,linCmt,68,vc,SEX,cat,TRUE,TRUE,TP
80,10,linCmt,69,cl,BW,power,TRUE,TRUE,TP
80,10,linCmt,69,vc,SEX,cat,TRUE,TRUE,TP
80,10,linCmt,70,cl,BW,power,TRUE,TRUE,TP
80,10,linCmt,70,vc,SEX,cat,TRUE,TRUE,TP
80,10,linCmt,70,cl,BMI,power,FALSE,TRUE,FP
80,10,linCmt,70,cl,RACE,cat,FALSE,TRUE,FP
80,10,linCmt,70,vc,CrCL,power,FALSE,TRUE,FP
80,10,linCmt,71,cl,BW,power,TRUE,TRUE,TP
80,10,linCmt,71,vc,SEX,cat,TRUE,TRUE,TP
80,10,linCmt,72,cl,BW,power,TRUE,TRUE,TP
80,10,linCmt,72,vc,SEX,cat,TRUE,TRUE,TP
80,10,linCmt,73,cl,BW,power,TRUE,TRUE,TP
80,10,linCmt,73,vc,SEX,cat,TRUE,TRUE,TP
80,10,linCmt,74,cl,BW,power,TRUE,TRUE,TP
80,10,linCmt,74,vc,SEX,cat,TRUE,TRUE,TP
80,10,linCmt,75,cl,BW,power,TRUE,TRUE,TP
80,10,linCmt,75,vc,SEX,cat,TRUE,TRUE,TP
80,10,linCmt,75,vc,CrCL,power,FALSE,TRUE,FP
80,10,linCmt,76,cl,BW,power,TRUE,TRUE,TP
80,10,linCmt,76,vc,SEX,cat,TRUE,TRUE,TP
80,10,linCmt,77,cl,BW,power,TRUE,TRUE,TP
80,10,linCmt,77,vc,SEX,cat,TRUE,TRUE,TP
80,10,linCmt,78,vc,SEX,cat,TRUE,TRUE,TP
80,10,linCmt,78,cl,BW,power,TRUE,FALSE,FN
80,10,linCmt,78,cl,BMI,power,FALSE,TRUE,FP
80,10,linCmt,78,cl,SEX,cat,FALSE,TRUE,FP
80,10,linCmt,79,cl,BW,power,TRUE,TRUE,TP
80,10,linCmt,79,vc,SEX,cat,TRUE,TRUE,TP
80,10,linCmt,80,cl,BW,power,TRUE,TRUE,TP
80,10,linCmt,80,vc,SEX,cat,TRUE,TRUE,TP
80,10,linCmt,81,vc,SEX,cat,TRUE,TRUE,TP
80,10,linCmt,81,cl,BW,power,TRUE,FALSE,FN
80,10,linCmt,81,cl,BMI,power,FALSE,TRUE,FP
80,10,linCmt,81,vc,CrCL,power,FALSE,TRUE,FP
80,10,linCmt,81,cl,SEX,cat,FALSE,TRUE,FP
80,10,linCmt,82,cl,BW,power,TRUE,TRUE,TP
80,10,linCmt,82,vc,SEX,cat,TRUE,TRUE,TP
80,10,linCmt,83,cl,BW,power,TRUE,TRUE,TP
80,10,linCmt,83,vc,SEX,cat,TRUE,TRUE,TP
80,10,linCmt,84,cl,BW,power,TRUE,TRUE,TP
80,10,linCmt,84,vc,SEX,cat,TRUE,TRUE,TP
80,10,linCmt,85,vc,SEX,cat,TRUE,TRUE,TP
80,10,linCmt,85,cl,BW,power,TRUE,FALSE,FN
80,10,linCmt,85,cl,BMI,power,FALSE,TRUE,FP
80,10,linCmt,86,cl,BW,power,TRUE,TRUE,TP
80,10,linCmt,86,vc,SEX,cat,TRUE,TRUE,TP
80,10,linCmt,87,cl,BW,power,TRUE,TRUE,TP
80,10,linCmt,87,vc,SEX,cat,TRUE,TRUE,TP
80,10,linCmt,88,cl,BW,power,TRUE,TRUE,TP
80,10,linCmt,88,vc,SEX,cat,TRUE,TRUE,TP
80,10,linCmt,89,cl,BW,power,TRUE,TRUE,TP
80,10,linCmt,89,vc,SEX,cat,TRUE,TRUE,TP
80,10,linCmt,90,cl,BW,power,TRUE,TRUE,TP
80,10,linCmt,90,vc,SEX,cat,TRUE,TRUE,TP
80,10,linCmt,90,vc,BW,power,FALSE,TRUE,FP
80,10,linCmt,91,cl,BW,power,TRUE,TRUE,TP
80,10,linCmt,91,vc,SEX,cat,TRUE,TRUE,TP
80,10,linCmt,92,cl,BW,power,TRUE,TRUE,TP
80,10,linCmt,92,vc,SEX,cat,TRUE,TRUE,TP
80,10,linCmt,92,vc,RACE,cat,FALSE,TRUE,FP
80,10,linCmt,93,cl,BW,power,TRUE,TRUE,TP
80,10,linCmt,93,vc,SEX,cat,TRUE,TRUE,TP
80,10,linCmt,94,cl,BW,power,TRUE,TRUE,TP
80,10,linCmt,94,vc,SEX,cat,TRUE,TRUE,TP
80,10,linCmt,94,cl,RACE,cat,FALSE,TRUE,FP
80,10,linCmt,95,vc,SEX,cat,TRUE,TRUE,TP
80,10,linCmt,95,cl,BW,power,TRUE,FALSE,FN
80,10,linCmt,95,cl,BMI,power,FALSE,TRUE,FP
80,10,linCmt,95,cl,SEX,cat,FALSE,TRUE,FP
80,10,linCmt,96,cl,BW,power,TRUE,TRUE,TP
80,10,linCmt,96,vc,SEX,cat,TRUE,TRUE,TP
80,10,linCmt,97,cl,BW,power,TRUE,TRUE,TP
80,10,linCmt,97,vc,SEX,cat,TRUE,TRUE,TP
80,10,linCmt,98,cl,BW,power,TRUE,TRUE,TP
80,10,linCmt,98,vc,SEX,cat,TRUE,TRUE,TP
80,10,linCmt,99,cl,BW,power,TRUE,TRUE,TP
80,10,linCmt,99,vc,SEX,cat,TRUE,TRUE,TP
80,10,linCmt,100,vc,SEX,cat,TRUE,TRUE,TP
80,10,linCmt,100,cl,BW,power,TRUE,FALSE,FN
80,10,linCmt,100,cl,BMI,power,FALSE,TRUE,FP
80,10,linCmt,100,cl,CrCL,power,FALSE,TRUE,FP
80,10,ode,1,cl,BW,power,TRUE,TRUE,TP
80,10,ode,1,vc,SEX,cat,TRUE,TRUE,TP
80,10,ode,2,cl,BW,power,TRUE,TRUE,TP
80,10,ode,2,vc,SEX,cat,TRUE,TRUE,TP
80,10,ode,2,cl,SEX,cat,FALSE,TRUE,FP
80,10,ode,3,cl,BW,power,TRUE,TRUE,TP
80,10,ode,3,vc,SEX,cat,TRUE,TRUE,TP
80,10,ode,4,vc,SEX,cat,TRUE,TRUE,TP
80,10,ode,4,cl,BW,power,TRUE,FALSE,FN
80,10,ode,4,cl,BMI,power,FALSE,TRUE,FP
80,10,ode,4,cl,SEX,cat,FALSE,TRUE,FP
80,10,ode,5,cl,BW,power,TRUE,TRUE,TP
80,10,ode,5,vc,SEX,cat,TRUE,TRUE,TP
80,10,ode,6,cl,BW,power,TRUE,TRUE,TP
80,10,ode,6,vc,SEX,cat,TRUE,TRUE,TP
80,10,ode,7,vc,SEX,cat,TRUE,TRUE,TP
80,10,ode,7,cl,BW,power,TRUE,FALSE,FN
80,10,ode,7,cl,BMI,power,FALSE,TRUE,FP
80,10,ode,8,cl,BW,power,TRUE,TRUE,TP
80,10,ode,8,vc,SEX,cat,TRUE,TRUE,TP
80,10,ode,9,cl,BW,power,TRUE,TRUE,TP
80,10,ode,9,vc,SEX,cat,TRUE,TRUE,TP
80,10,ode,9,vc,CrCL,power,FALSE,TRUE,FP
80,10,ode,10,cl,BW,power,TRUE,TRUE,TP
80,10,ode,10,vc,SEX,cat,TRUE,TRUE,TP
80,10,ode,11,cl,BW,power,TRUE,TRUE,TP
80,10,ode,11,vc,SEX,cat,TRUE,TRUE,TP
80,10,ode,12,cl,BW,power,TRUE,TRUE,TP
80,10,ode,12,vc,SEX,cat,TRUE,TRUE,TP
80,10,ode,13,cl,BW,power,TRUE,TRUE,TP
80,10,ode,13,vc,SEX,cat,TRUE,TRUE,TP
80,10,ode,14,cl,BW,power,TRUE,TRUE,TP
80,10,ode,14,vc,SEX,cat,TRUE,TRUE,TP
80,10,ode,15,vc,SEX,cat,TRUE,TRUE,TP
80,10,ode,15,cl,BW,power,TRUE,FALSE,FN
80,10,ode,15,cl,BMI,power,FALSE,TRUE,FP
80,10,ode,16,cl,BW,power,TRUE,TRUE,TP
80,10,ode,16,vc,SEX,cat,TRUE,TRUE,TP
80,10,ode,16,vc,CrCL,power,FALSE,TRUE,FP
80,10,ode,17,cl,BW,power,TRUE,TRUE,TP
80,10,ode,17,vc,SEX,cat,TRUE,TRUE,TP
80,10,ode,18,cl,BW,power,TRUE,TRUE,TP
80,10,ode,18,vc,SEX,cat,TRUE,TRUE,TP
80,10,ode,19,cl,BW,power,TRUE,TRUE,TP
80,10,ode,19,vc,SEX,cat,TRUE,TRUE,TP
80,10,ode,20,cl,BW,power,TRUE,TRUE,TP
80,10,ode,20,vc,SEX,cat,TRUE,TRUE,TP
80,10,ode,21,cl,BW,power,TRUE,TRUE,TP
80,10,ode,21,vc,SEX,cat,TRUE,TRUE,TP
80,10,ode,22,cl,BW,power,TRUE,TRUE,TP
80,10,ode,22,vc,SEX,cat,TRUE,TRUE,TP
80,10,ode,22,vc,BMI,power,FALSE,TRUE,FP
80,10,ode,23,cl,BW,power,TRUE,TRUE,TP
80,10,ode,23,vc,SEX,cat,TRUE,TRUE,TP
80,10,ode,24,cl,BW,power,TRUE,TRUE,TP
80,10,ode,24,vc,SEX,cat,TRUE,TRUE,TP
80,10,ode,25,cl,BW,power,TRUE,TRUE,TP
80,10,ode,25,vc,SEX,cat,TRUE,TRUE,TP
80,10,ode,26,cl,BW,power,TRUE,TRUE,TP
80,10,ode,26,vc,SEX,cat,TRUE,TRUE,TP
80,10,ode,27,cl,BW,power,TRUE,TRUE,TP
80,10,ode,27,vc,SEX,cat,TRUE,TRUE,TP
80,10,ode,28,cl,BW,power,TRUE,TRUE,TP
80,10,ode,28,vc,SEX,cat,TRUE,TRUE,TP
80,10,ode,29,cl,BW,power,TRUE,TRUE,TP
80,10,ode,29,vc,SEX,cat,TRUE,TRUE,TP
80,10,ode,30,vc,SEX,cat,TRUE,TRUE,TP
80,10,ode,30,cl,BW,power,TRUE,FALSE,FN
80,10,ode,31,cl,BW,power,TRUE,TRUE,TP
80,10,ode,31,vc,SEX,cat,TRUE,TRUE,TP
80,10,ode,31,vc,BW,power,FALSE,TRUE,FP
80,10,ode,31,vc,RACE,cat,FALSE,TRUE,FP
80,10,ode,32,cl,BW,power,TRUE,TRUE,TP
80,10,ode,32,vc,SEX,cat,TRUE,TRUE,TP
80,10,ode,33,cl,BW,power,TRUE,TRUE,TP
80,10,ode,33,vc,SEX,cat,TRUE,TRUE,TP
80,10,ode,34,cl,BW,power,TRUE,TRUE,TP
80,10,ode,34,vc,SEX,cat,TRUE,TRUE,TP
80,10,ode,34,vc,BW,power,FALSE,TRUE,FP
80,10,ode,35,cl,BW,power,TRUE,TRUE,TP
80,10,ode,35,vc,SEX,cat,TRUE,TRUE,TP
80,10,ode,36,cl,BW,power,TRUE,TRUE,TP
80,10,ode,36,vc,SEX,cat,TRUE,TRUE,TP
80,10,ode,36,vc,RACE,cat,FALSE,TRUE,FP
80,10,ode,37,vc,SEX,cat,TRUE,TRUE,TP
80,10,ode,37,cl,BW,power,TRUE,FALSE,FN
80,10,ode,37,cl,BMI,power,FALSE,TRUE,FP
80,10,ode,37,cl,SEX,cat,FALSE,TRUE,FP
80,10,ode,38,cl,BW,power,TRUE,TRUE,TP
80,10,ode,38,vc,SEX,cat,TRUE,TRUE,TP
80,10,ode,38,cl,CrCL,power,FALSE,TRUE,FP
80,10,ode,39,vc,SEX,cat,TRUE,TRUE,TP
80,10,ode,39,cl,BW,power,TRUE,FALSE,FN
80,10,ode,39,cl,BMI,power,FALSE,TRUE,FP
80,10,ode,40,cl,BW,power,TRUE,TRUE,TP
80,10,ode,40,vc,SEX,cat,TRUE,TRUE,TP
80,10,ode,40,vc,BW,power,FALSE,TRUE,FP
80,10,ode,41,cl,BW,power,TRUE,TRUE,TP
80,10,ode,41,vc,SEX,cat,TRUE,TRUE,TP
80,10,ode,42,cl,BW,power,TRUE,TRUE,TP
80,10,ode,42,vc,SEX,cat,TRUE,TRUE,TP
80,10,ode,43,cl,BW,power,TRUE,TRUE,TP
80,10,ode,43,vc,SEX,cat,TRUE,TRUE,TP
80,10,ode,44,cl,BW,power,TRUE,TRUE,TP
80,10,ode,44,vc,SEX,cat,TRUE,TRUE,TP
80,10,ode,44,cl,RACE,cat,FALSE,TRUE,FP
80,10,ode,45,vc,SEX,cat,TRUE,TRUE,TP
80,10,ode,45,cl,BW,power,TRUE,FALSE,FN
80,10,ode,45,cl,BMI,power,FALSE,TRUE,FP
80,10,ode,45,cl,SEX,cat,FALSE,TRUE,FP
80,10,ode,46,cl,BW,power,TRUE,TRUE,TP
80,10,ode,46,vc,SEX,cat,TRUE,TRUE,TP
80,10,ode,47,cl,BW,power,TRUE,TRUE,TP
80,10,ode,47,vc,SEX,cat,TRUE,TRUE,TP
80,10,ode,48,cl,BW,power,TRUE,TRUE,TP
80,10,ode,48,vc,SEX,cat,TRUE,TRUE,TP
80,10,ode,49,cl,BW,power,TRUE,TRUE,TP
80,10,ode,49,vc,SEX,cat,TRUE,TRUE,TP
80,10,ode,50,cl,BW,power,TRUE,TRUE,TP
80,10,ode,50,vc,SEX,cat,TRUE,TRUE,TP
80,10,ode,51,cl,BW,power,TRUE,TRUE,TP
80,10,ode,51,vc,SEX,cat,TRUE,TRUE,TP
80,10,ode,52,vc,SEX,cat,TRUE,TRUE,TP
80,10,ode,52,cl,BW,power,TRUE,FALSE,FN
80,10,ode,52,cl,BMI,power,FALSE,TRUE,FP
80,10,ode,52,cl,CrCL,power,FALSE,TRUE,FP
80,10,ode,53,cl,BW,power,TRUE,TRUE,TP
80,10,ode,53,vc,SEX,cat,TRUE,TRUE,TP
80,10,ode,53,cl,CrCL,power,FALSE,TRUE,FP
80,10,ode,54,cl,BW,power,TRUE,TRUE,TP
80,10,ode,54,vc,SEX,cat,TRUE,TRUE,TP
80,10,ode,54,cl,SEX,cat,FALSE,TRUE,FP
80,10,ode,55,cl,BW,power,TRUE,TRUE,TP
80,10,ode,55,vc,SEX,cat,TRUE,TRUE,TP
80,10,ode,55,vc,BMI,power,FALSE,TRUE,FP
80,10,ode,56,cl,BW,power,TRUE,TRUE,TP
80,10,ode,56,vc,SEX,cat,TRUE,TRUE,TP
80,10,ode,56,vc,RACE,cat,FALSE,TRUE,FP
80,10,ode,56,cl,RACE,cat,FALSE,TRUE,FP
80,10,ode,57,cl,BW,power,TRUE,TRUE,TP
80,10,ode,57,vc,SEX,cat,TRUE,TRUE,TP
80,10,ode,58,vc,SEX,cat,TRUE,TRUE,TP
80,10,ode,58,cl,BW,power,TRUE,FALSE,FN
80,10,ode,58,cl,BMI,power,FALSE,TRUE,FP
80,10,ode,59,cl,BW,power,TRUE,TRUE,TP
80,10,ode,59,vc,SEX,cat,TRUE,TRUE,TP
80,10,ode,60,cl,BW,power,TRUE,TRUE,TP
80,10,ode,60,vc,SEX,cat,TRUE,TRUE,TP
80,10,ode,61,cl,BW,power,TRUE,TRUE,TP
80,10,ode,61,vc,SEX,cat,TRUE,TRUE,TP
80,10,ode,62,vc,SEX,cat,TRUE,TRUE,TP
80,10,ode,62,cl,BW,power,TRUE,FALSE,FN
80,10,ode,62,cl,BMI,power,FALSE,TRUE,FP
80,10,ode,63,cl,BW,power,TRUE,TRUE,TP
80,10,ode,63,vc,SEX,cat,TRUE,TRUE,TP
80,10,ode,64,cl,BW,power,TRUE,TRUE,TP
80,10,ode,64,vc,SEX,cat,TRUE,TRUE,TP
80,10,ode,65,cl,BW,power,TRUE,TRUE,TP
80,10,ode,65,vc,SEX,cat,TRUE,TRUE,TP
80,10,ode,66,cl,BW,power,TRUE,TRUE,TP
80,10,ode,66,vc,SEX,cat,TRUE,TRUE,TP
80,10,ode,67,cl,BW,power,TRUE,TRUE,TP
80,10,ode,67,vc,SEX,cat,TRUE,TRUE,TP
80,10,ode,68,cl,BW,power,TRUE,TRUE,TP
80,10,ode,68,vc,SEX,cat,TRUE,TRUE,TP
80,10,ode,69,cl,BW,power,TRUE,TRUE,TP
80,10,ode,69,vc,SEX,cat,TRUE,TRUE,TP
80,10,ode,70,cl,BW,power,TRUE,TRUE,TP
80,10,ode,70,vc,SEX,cat,TRUE,TRUE,TP
80,10,ode,70,cl,BMI,power,FALSE,TRUE,FP
80,10,ode,70,cl,RACE,cat,FALSE,TRUE,FP
80,10,ode,70,vc,CrCL,power,FALSE,TRUE,FP
80,10,ode,71,cl,BW,power,TRUE,TRUE,TP
80,10,ode,71,vc,SEX,cat,TRUE,TRUE,TP
80,10,ode,72,cl,BW,power,TRUE,TRUE,TP
80,10,ode,72,vc,SEX,cat,TRUE,TRUE,TP
80,10,ode,73,cl,BW,power,TRUE,TRUE,TP
80,10,ode,73,vc,SEX,cat,TRUE,TRUE,TP
80,10,ode,74,cl,BW,power,TRUE,TRUE,TP
80,10,ode,74,vc,SEX,cat,TRUE,TRUE,TP
80,10,ode,75,cl,BW,power,TRUE,TRUE,TP
80,10,ode,75,vc,SEX,cat,TRUE,TRUE,TP
80,10,ode,75,vc,CrCL,power,FALSE,TRUE,FP
80,10,ode,76,cl,BW,power,TRUE,TRUE,TP
80,10,ode,76,vc,SEX,cat,TRUE,TRUE,TP
80,10,ode,77,cl,BW,power,TRUE,TRUE,TP
80,10,ode,77,vc,SEX,cat,TRUE,TRUE,TP
80,10,ode,78,vc,SEX,cat,TRUE,TRUE,TP
80,10,ode,78,cl,BW,power,TRUE,FALSE,FN
80,10,ode,78,cl,BMI,power,FALSE,TRUE,FP
80,10,ode,78,cl,SEX,cat,FALSE,TRUE,FP
80,10,ode,79,cl,BW,power,TRUE,TRUE,TP
80,10,ode,79,vc,SEX,cat,TRUE,TRUE,TP
80,10,ode,80,cl,BW,power,TRUE,TRUE,TP
80,10,ode,80,vc,SEX,cat,TRUE,TRUE,TP
80,10,ode,81,vc,SEX,cat,TRUE,TRUE,TP
80,10,ode,81,cl,BW,power,TRUE,FALSE,FN
80,10,ode,81,cl,BMI,power,FALSE,TRUE,FP
80,10,ode,81,vc,CrCL,power,FALSE,TRUE,FP
80,10,ode,81,cl,SEX,cat,FALSE,TRUE,FP
80,10,ode,82,cl,BW,power,TRUE,TRUE,TP
80,10,ode,82,vc,SEX,cat,TRUE,TRUE,TP
80,10,ode,83,cl,BW,power,TRUE,TRUE,TP
80,10,ode,83,vc,SEX,cat,TRUE,TRUE,TP
80,10,ode,84,cl,BW,power,TRUE,TRUE,TP
80,10,ode,84,vc,SEX,cat,TRUE,TRUE,TP
80,10,ode,85,vc,SEX,cat,TRUE,TRUE,TP
80,10,ode,85,cl,BW,power,TRUE,FALSE,FN
80,10,ode,85,cl,BMI,power,FALSE,TRUE,FP
80,10,ode,86,cl,BW,power,TRUE,TRUE,TP
80,10,ode,86,vc,SEX,cat,TRUE,TRUE,TP
80,10,ode,87,cl,BW,power,TRUE,TRUE,TP
80,10,ode,87,vc,SEX,cat,TRUE,TRUE,TP
80,10,ode,88,cl,BW,power,TRUE,TRUE,TP
80,10,ode,88,vc,SEX,cat,TRUE,TRUE,TP
80,10,ode,89,cl,BW,power,TRUE,TRUE,TP
80,10,ode,89,vc,SEX,cat,TRUE,TRUE,TP
80,10,ode,90,cl,BW,power,TRUE,TRUE,TP
80,10,ode,90,vc,SEX,cat,TRUE,TRUE,TP
80,10,ode,90,vc,BW,power,FALSE,TRUE,FP
80,10,ode,91,cl,BW,power,TRUE,TRUE,TP
80,10,ode,91,vc,SEX,cat,TRUE,TRUE,TP
80,10,ode,92,cl,BW,power,TRUE,TRUE,TP
80,10,ode,92,vc,SEX,cat,TRUE,TRUE,TP
80,10,ode,92,vc,RACE,cat,FALSE,TRUE,FP
80,10,ode,93,cl,BW,power,TRUE,TRUE,TP
80,10,ode,93,vc,SEX,cat,TRUE,TRUE,TP
80,10,ode,94,cl,BW,power,TRUE,TRUE,TP
80,10,ode,94,vc,SEX,cat,TRUE,TRUE,TP
80,10,ode,94,cl,RACE,cat,FALSE,TRUE,FP
80,10,ode,95,vc,SEX,cat,TRUE,TRUE,TP
80,10,ode,95,cl,BW,power,TRUE,FALSE,FN
80,10,ode,95,cl,BMI,power,FALSE,TRUE,FP
80,10,ode,95,cl,SEX,cat,FALSE,TRUE,FP
80,10,ode,96,cl,BW,power,TRUE,TRUE,TP
80,10,ode,96,vc,SEX,cat,TRUE,TRUE,TP
80,10,ode,97,cl,BW,power,TRUE,TRUE,TP
80,10,ode,97,vc,SEX,cat,TRUE,TRUE,TP
80,10,ode,98,cl,BW,power,TRUE,TRUE,TP
80,10,ode,98,vc,SEX,cat,TRUE,TRUE,TP
80,10,ode,99,cl,BW,power,TRUE,TRUE,TP
80,10,ode,99,vc,SEX,cat,TRUE,TRUE,TP
80,10,ode,100,vc,SEX,cat,TRUE,TRUE,TP
80,10,ode,100,cl,BW,power,TRUE,FALSE,FN
80,10,ode,100,cl,BMI,power,FALSE,TRUE,FP
80,10,ode,100,cl,CrCL,power,FALSE,TRUE,FP
80,11,linCmt,1,cl,BW,power,TRUE,TRUE,TP
80,11,linCmt,1,vc,BW,power,TRUE,FALSE,FN
80,11,linCmt,1,vc,BMI,power,FALSE,TRUE,FP
80,11,linCmt,1,vc,SEX,cat,FALSE,TRUE,FP
80,11,linCmt,2,cl,BW,power,TRUE,TRUE,TP
80,11,linCmt,2,vc,BW,power,TRUE,TRUE,TP
80,11,linCmt,3,cl,BW,power,TRUE,FALSE,FN
80,11,linCmt,3,vc,BW,power,TRUE,FALSE,FN
80,11,linCmt,3,cl,BMI,power,FALSE,TRUE,FP
80,11,linCmt,3,vc,BMI,power,FALSE,TRUE,FP
80,11,linCmt,3,vc,SEX,cat,FALSE,TRUE,FP
80,11,linCmt,4,cl,BW,power,TRUE,TRUE,TP
80,11,linCmt,4,vc,BW,power,TRUE,TRUE,TP
80,11,linCmt,5,cl,BW,power,TRUE,TRUE,TP
80,11,linCmt,5,vc,BW,power,TRUE,TRUE,TP
80,11,linCmt,6,cl,BW,power,TRUE,TRUE,TP
80,11,linCmt,6,vc,BW,power,TRUE,TRUE,TP
80,11,linCmt,7,cl,BW,power,TRUE,TRUE,TP
80,11,linCmt,7,vc,BW,power,TRUE,TRUE,TP
80,11,linCmt,8,cl,BW,power,TRUE,TRUE,TP
80,11,linCmt,8,vc,BW,power,TRUE,TRUE,TP
80,11,linCmt,9,cl,BW,power,TRUE,TRUE,TP
80,11,linCmt,9,vc,BW,power,TRUE,TRUE,TP
80,11,linCmt,10,cl,BW,power,TRUE,TRUE,TP
80,11,linCmt,10,vc,BW,power,TRUE,TRUE,TP
80,11,linCmt,11,cl,BW,power,TRUE,TRUE,TP
80,11,linCmt,11,vc,BW,power,TRUE,TRUE,TP
80,11,linCmt,11,cl,RACE,cat,FALSE,TRUE,FP
80,11,linCmt,12,cl,BW,power,TRUE,TRUE,TP
80,11,linCmt,12,vc,BW,power,TRUE,TRUE,TP
80,11,linCmt,13,cl,BW,power,TRUE,TRUE,TP
80,11,linCmt,13,vc,BW,power,TRUE,TRUE,TP
80,11,linCmt,14,cl,BW,power,TRUE,TRUE,TP
80,11,linCmt,14,vc,BW,power,TRUE,TRUE,TP
80,11,linCmt,15,cl,BW,power,TRUE,TRUE,TP
80,11,linCmt,15,vc,BW,power,TRUE,TRUE,TP
80,11,linCmt,16,cl,BW,power,TRUE,TRUE,TP
80,11,linCmt,16,vc,BW,power,TRUE,TRUE,TP
80,11,linCmt,17,cl,BW,power,TRUE,TRUE,TP
80,11,linCmt,17,vc,BW,power,TRUE,TRUE,TP
80,11,linCmt,18,cl,BW,power,TRUE,TRUE,TP
80,11,linCmt,18,vc,BW,power,TRUE,TRUE,TP
80,11,linCmt,19,cl,BW,power,TRUE,TRUE,TP
80,11,linCmt,19,vc,BW,power,TRUE,TRUE,TP
80,11,linCmt,20,cl,BW,power,TRUE,TRUE,TP
80,11,linCmt,20,vc,BW,power,TRUE,TRUE,TP
80,11,linCmt,21,vc,BW,power,TRUE,TRUE,TP
80,11,linCmt,21,cl,BW,power,TRUE,FALSE,FN
80,11,linCmt,21,cl,BMI,power,FALSE,TRUE,FP
80,11,linCmt,22,cl,BW,power,TRUE,TRUE,TP
80,11,linCmt,22,vc,BW,power,TRUE,TRUE,TP
80,11,linCmt,22,vc,RACE,cat,FALSE,TRUE,FP
80,11,linCmt,23,cl,BW,power,TRUE,TRUE,TP
80,11,linCmt,23,vc,BW,power,TRUE,TRUE,TP
80,11,linCmt,24,cl,BW,power,TRUE,TRUE,TP
80,11,linCmt,24,vc,BW,power,TRUE,TRUE,TP
80,11,linCmt,25,cl,BW,power,TRUE,TRUE,TP
80,11,linCmt,25,vc,BW,power,TRUE,TRUE,TP
80,11,linCmt,26,cl,BW,power,TRUE,TRUE,TP
80,11,linCmt,26,vc,BW,power,TRUE,TRUE,TP
80,11,linCmt,27,cl,BW,power,TRUE,TRUE,TP
80,11,linCmt,27,vc,BW,power,TRUE,TRUE,TP
80,11,linCmt,27,vc,RACE,cat,FALSE,TRUE,FP
80,11,linCmt,28,cl,BW,power,TRUE,TRUE,TP
80,11,linCmt,28,vc,BW,power,TRUE,TRUE,TP
80,11,linCmt,29,cl,BW,power,TRUE,TRUE,TP
80,11,linCmt,29,vc,BW,power,TRUE,TRUE,TP
80,11,linCmt,30,cl,BW,power,TRUE,TRUE,TP
80,11,linCmt,30,vc,BW,power,TRUE,TRUE,TP
80,11,linCmt,31,cl,BW,power,TRUE,TRUE,TP
80,11,linCmt,31,vc,BW,power,TRUE,TRUE,TP
80,11,linCmt,32,cl,BW,power,TRUE,TRUE,TP
80,11,linCmt,32,vc,BW,power,TRUE,TRUE,TP
80,11,linCmt,33,cl,BW,power,TRUE,TRUE,TP
80,11,linCmt,33,vc,BW,power,TRUE,TRUE,TP
80,11,linCmt,33,cl,BMI,power,FALSE,TRUE,FP
80,11,linCmt,34,cl,BW,power,TRUE,TRUE,TP
80,11,linCmt,34,vc,BW,power,TRUE,TRUE,TP
80,11,linCmt,34,vc,CrCL,power,FALSE,TRUE,FP
80,11,linCmt,34,cl,CrCL,power,FALSE,TRUE,FP
80,11,linCmt,35,cl,BW,power,TRUE,TRUE,TP
80,11,linCmt,35,vc,BW,power,TRUE,TRUE,TP
80,11,linCmt,35,vc,SEX,cat,FALSE,TRUE,FP
80,11,linCmt,36,cl,BW,power,TRUE,TRUE,TP
80,11,linCmt,36,vc,BW,power,TRUE,TRUE,TP
80,11,linCmt,37,cl,BW,power,TRUE,TRUE,TP
80,11,linCmt,37,vc,BW,power,TRUE,TRUE,TP
80,11,linCmt,38,cl,BW,power,TRUE,TRUE,TP
80,11,linCmt,38,vc,BW,power,TRUE,TRUE,TP
80,11,linCmt,39,cl,BW,power,TRUE,TRUE,TP
80,11,linCmt,39,vc,BW,power,TRUE,TRUE,TP
80,11,linCmt,40,cl,BW,power,TRUE,TRUE,TP
80,11,linCmt,40,vc,BW,power,TRUE,TRUE,TP
80,11,linCmt,41,cl,BW,power,TRUE,TRUE,TP
80,11,linCmt,41,vc,BW,power,TRUE,TRUE,TP
80,11,linCmt,41,cl,RACE,cat,FALSE,TRUE,FP
80,11,linCmt,42,cl,BW,power,TRUE,TRUE,TP
80,11,linCmt,42,vc,BW,power,TRUE,TRUE,TP
80,11,linCmt,43,vc,BW,power,TRUE,TRUE,TP
80,11,linCmt,43,cl,BW,power,TRUE,FALSE,FN
80,11,linCmt,43,cl,BMI,power,FALSE,TRUE,FP
80,11,linCmt,44,vc,BW,power,TRUE,TRUE,TP
80,11,linCmt,44,cl,BW,power,TRUE,FALSE,FN
80,11,linCmt,44,cl,BMI,power,FALSE,TRUE,FP
80,11,linCmt,44,cl,CrCL,power,FALSE,TRUE,FP
80,11,linCmt,45,cl,BW,power,TRUE,TRUE,TP
80,11,linCmt,45,vc,BW,power,TRUE,FALSE,FN
80,11,linCmt,45,vc,BMI,power,FALSE,TRUE,FP
80,11,linCmt,45,cl,CrCL,power,FALSE,TRUE,FP
80,11,linCmt,46,vc,BW,power,TRUE,TRUE,TP
80,11,linCmt,46,cl,BW,power,TRUE,FALSE,FN
80,11,linCmt,46,cl,BMI,power,FALSE,TRUE,FP
80,11,linCmt,47,cl,BW,power,TRUE,TRUE,TP
80,11,linCmt,47,vc,BW,power,TRUE,TRUE,TP
80,11,linCmt,47,cl,BMI,power,FALSE,TRUE,FP
80,11,linCmt,48,cl,BW,power,TRUE,TRUE,TP
80,11,linCmt,48,vc,BW,power,TRUE,TRUE,TP
80,11,linCmt,49,vc,BW,power,TRUE,TRUE,TP
80,11,linCmt,49,cl,BW,power,TRUE,FALSE,FN
80,11,linCmt,49,cl,BMI,power,FALSE,TRUE,FP
80,11,linCmt,50,cl,BW,power,TRUE,TRUE,TP
80,11,linCmt,50,vc,BW,power,TRUE,TRUE,TP
80,11,linCmt,51,cl,BW,power,TRUE,TRUE,TP
80,11,linCmt,51,vc,BW,power,TRUE,TRUE,TP
80,11,linCmt,52,vc,BW,power,TRUE,TRUE,TP
80,11,linCmt,52,cl,BW,power,TRUE,FALSE,FN
80,11,linCmt,52,cl,BMI,power,FALSE,TRUE,FP
80,11,linCmt,52,vc,CrCL,power,FALSE,TRUE,FP
80,11,linCmt,52,cl,SEX,cat,FALSE,TRUE,FP
80,11,linCmt,53,cl,BW,power,TRUE,TRUE,TP
80,11,linCmt,53,vc,BW,power,TRUE,TRUE,TP
80,11,linCmt,54,cl,BW,power,TRUE,TRUE,TP
80,11,linCmt,54,vc,BW,power,TRUE,TRUE,TP
80,11,linCmt,55,cl,BW,power,TRUE,TRUE,TP
80,11,linCmt,55,vc,BW,power,TRUE,TRUE,TP
80,11,linCmt,56,cl,BW,power,TRUE,TRUE,TP
80,11,linCmt,56,vc,BW,power,TRUE,TRUE,TP
80,11,linCmt,57,cl,BW,power,TRUE,TRUE,TP
80,11,linCmt,57,vc,BW,power,TRUE,TRUE,TP
80,11,linCmt,58,cl,BW,power,TRUE,TRUE,TP
80,11,linCmt,58,vc,BW,power,TRUE,FALSE,FN
80,11,linCmt,58,vc,BMI,power,FALSE,TRUE,FP
80,11,linCmt,59,cl,BW,power,TRUE,TRUE,TP
80,11,linCmt,59,vc,BW,power,TRUE,FALSE,FN
80,11,linCmt,59,vc,BMI,power,FALSE,TRUE,FP
80,11,linCmt,59,vc,SEX,cat,FALSE,TRUE,FP
80,11,linCmt,60,vc,BW,power,TRUE,TRUE,TP
80,11,linCmt,60,cl,BW,power,TRUE,FALSE,FN
80,11,linCmt,60,cl,BMI,power,FALSE,TRUE,FP
80,11,linCmt,61,cl,BW,power,TRUE,TRUE,TP
80,11,linCmt,61,vc,BW,power,TRUE,TRUE,TP
80,11,linCmt,62,cl,BW,power,TRUE,TRUE,TP
80,11,linCmt,62,vc,BW,power,TRUE,TRUE,TP
80,11,linCmt,63,cl,BW,power,TRUE,TRUE,TP
80,11,linCmt,63,vc,BW,power,TRUE,TRUE,TP
80,11,linCmt,64,cl,BW,power,TRUE,TRUE,TP
80,11,linCmt,64,vc,BW,power,TRUE,TRUE,TP
80,11,linCmt,64,vc,RACE,cat,FALSE,TRUE,FP
80,11,linCmt,65,cl,BW,power,TRUE,TRUE,TP
80,11,linCmt,65,vc,BW,power,TRUE,TRUE,TP
80,11,linCmt,66,cl,BW,power,TRUE,TRUE,TP
80,11,linCmt,66,vc,BW,power,TRUE,FALSE,FN
80,11,linCmt,66,vc,BMI,power,FALSE,TRUE,FP
80,11,linCmt,66,cl,CrCL,power,FALSE,TRUE,FP
80,11,linCmt,67,cl,BW,power,TRUE,TRUE,TP
80,11,linCmt,67,vc,BW,power,TRUE,TRUE,TP
80,11,linCmt,68,cl,BW,power,TRUE,TRUE,TP
80,11,linCmt,68,vc,BW,power,TRUE,TRUE,TP
80,11,linCmt,69,cl,BW,power,TRUE,TRUE,TP
80,11,linCmt,69,vc,BW,power,TRUE,TRUE,TP
80,11,linCmt,69,cl,BMI,power,FALSE,TRUE,FP
80,11,linCmt,70,cl,BW,power,TRUE,TRUE,TP
80,11,linCmt,70,vc,BW,power,TRUE,TRUE,TP
80,11,linCmt,70,vc,RACE,cat,FALSE,TRUE,FP
80,11,linCmt,71,cl,BW,power,TRUE,TRUE,TP
80,11,linCmt,71,vc,BW,power,TRUE,TRUE,TP
80,11,linCmt,72,cl,BW,power,TRUE,TRUE,TP
80,11,linCmt,72,vc,BW,power,TRUE,TRUE,TP
80,11,linCmt,72,cl,CrCL,power,FALSE,TRUE,FP
80,11,linCmt,73,cl,BW,power,TRUE,TRUE,TP
80,11,linCmt,73,vc,BW,power,TRUE,TRUE,TP
80,11,linCmt,74,vc,BW,power,TRUE,TRUE,TP
80,11,linCmt,74,cl,BW,power,TRUE,FALSE,FN
80,11,linCmt,74,cl,CrCL,power,FALSE,TRUE,FP
80,11,linCmt,75,cl,BW,power,TRUE,TRUE,TP
80,11,linCmt,75,vc,BW,power,TRUE,TRUE,TP
80,11,linCmt,75,vc,CrCL,power,FALSE,TRUE,FP
80,11,linCmt,76,cl,BW,power,TRUE,TRUE,TP
80,11,linCmt,76,vc,BW,power,TRUE,TRUE,TP
80,11,linCmt,76,vc,SEX,cat,FALSE,TRUE,FP
80,11,linCmt,77,cl,BW,power,TRUE,TRUE,TP
80,11,linCmt,77,vc,BW,power,TRUE,FALSE,FN
80,11,linCmt,77,vc,BMI,power,FALSE,TRUE,FP
80,11,linCmt,78,cl,BW,power,TRUE,TRUE,TP
80,11,linCmt,78,vc,BW,power,TRUE,TRUE,TP
80,11,linCmt,78,cl,RACE,cat,FALSE,TRUE,FP
80,11,linCmt,79,cl,BW,power,TRUE,TRUE,TP
80,11,linCmt,79,vc,BW,power,TRUE,TRUE,TP
80,11,linCmt,80,cl,BW,power,TRUE,TRUE,TP
80,11,linCmt,80,vc,BW,power,TRUE,FALSE,FN
80,11,linCmt,80,vc,BMI,power,FALSE,TRUE,FP
80,11,linCmt,81,cl,BW,power,TRUE,TRUE,TP
80,11,linCmt,81,vc,BW,power,TRUE,TRUE,TP
80,11,linCmt,81,vc,BMI,power,FALSE,TRUE,FP
80,11,linCmt,81,vc,SEX,cat,FALSE,TRUE,FP
80,11,linCmt,82,vc,BW,power,TRUE,TRUE,TP
80,11,linCmt,82,cl,BW,power,TRUE,FALSE,FN
80,11,linCmt,82,cl,BMI,power,FALSE,TRUE,FP
80,11,linCmt,83,cl,BW,power,TRUE,TRUE,TP
80,11,linCmt,83,vc,BW,power,TRUE,TRUE,TP
80,11,linCmt,84,cl,BW,power,TRUE,TRUE,TP
80,11,linCmt,84,vc,BW,power,TRUE,TRUE,TP
80,11,linCmt,84,cl,RACE,cat,FALSE,TRUE,FP
80,11,linCmt,85,cl,BW,power,TRUE,TRUE,TP
80,11,linCmt,85,vc,BW,power,TRUE,TRUE,TP
80,11,linCmt,86,vc,BW,power,TRUE,TRUE,TP
80,11,linCmt,86,cl,BW,power,TRUE,FALSE,FN
80,11,linCmt,86,cl,BMI,power,FALSE,TRUE,FP
80,11,linCmt,86,cl,CrCL,power,FALSE,TRUE,FP
80,11,linCmt,87,cl,BW,power,TRUE,TRUE,TP
80,11,linCmt,87,vc,BW,power,TRUE,TRUE,TP
80,11,linCmt,88,cl,BW,power,TRUE,TRUE,TP
80,11,linCmt,88,vc,BW,power,TRUE,TRUE,TP
80,11,linCmt,89,cl,BW,power,TRUE,TRUE,TP
80,11,linCmt,89,vc,BW,power,TRUE,TRUE,TP
80,11,linCmt,90,cl,BW,power,TRUE,TRUE,TP
80,11,linCmt,90,vc,BW,power,TRUE,FALSE,FN
80,11,linCmt,90,vc,BMI,power,FALSE,TRUE,FP
80,11,linCmt,90,cl,SEX,cat,FALSE,TRUE,FP
80,11,linCmt,91,cl,BW,power,TRUE,TRUE,TP
80,11,linCmt,91,vc,BW,power,TRUE,TRUE,TP
80,11,linCmt,92,cl,BW,power,TRUE,TRUE,TP
80,11,linCmt,92,vc,BW,power,TRUE,TRUE,TP
80,11,linCmt,93,cl,BW,power,TRUE,TRUE,TP
80,11,linCmt,93,vc,BW,power,TRUE,TRUE,TP
80,11,linCmt,94,cl,BW,power,TRUE,TRUE,TP
80,11,linCmt,94,vc,BW,power,TRUE,TRUE,TP
80,11,linCmt,95,cl,BW,power,TRUE,TRUE,TP
80,11,linCmt,95,vc,BW,power,TRUE,TRUE,TP
80,11,linCmt,96,cl,BW,power,TRUE,TRUE,TP
80,11,linCmt,96,vc,BW,power,TRUE,FALSE,FN
80,11,linCmt,96,vc,BMI,power,FALSE,TRUE,FP
80,11,linCmt,97,vc,BW,power,TRUE,TRUE,TP
80,11,linCmt,97,cl,BW,power,TRUE,FALSE,FN
80,11,linCmt,97,cl,BMI,power,FALSE,TRUE,FP
80,11,linCmt,97,cl,SEX,cat,FALSE,TRUE,FP
80,11,linCmt,98,cl,BW,power,TRUE,TRUE,TP
80,11,linCmt,98,vc,BW,power,TRUE,TRUE,TP
80,11,linCmt,98,cl,SEX,cat,FALSE,TRUE,FP
80,11,linCmt,99,cl,BW,power,TRUE,TRUE,TP
80,11,linCmt,99,vc,BW,power,TRUE,TRUE,TP
80,11,linCmt,100,cl,BW,power,TRUE,TRUE,TP
80,11,linCmt,100,vc,BW,power,TRUE,TRUE,TP
80,11,ode,1,cl,BW,power,TRUE,TRUE,TP
80,11,ode,1,vc,BW,power,TRUE,FALSE,FN
80,11,ode,1,vc,BMI,power,FALSE,TRUE,FP
80,11,ode,1,vc,SEX,cat,FALSE,TRUE,FP
80,11,ode,2,cl,BW,power,TRUE,TRUE,TP
80,11,ode,2,vc,BW,power,TRUE,TRUE,TP
80,11,ode,3,cl,BW,power,TRUE,FALSE,FN
80,11,ode,3,vc,BW,power,TRUE,FALSE,FN
80,11,ode,3,cl,BMI,power,FALSE,TRUE,FP
80,11,ode,3,vc,BMI,power,FALSE,TRUE,FP
80,11,ode,3,vc,SEX,cat,FALSE,TRUE,FP
80,11,ode,4,cl,BW,power,TRUE,TRUE,TP
80,11,ode,4,vc,BW,power,TRUE,TRUE,TP
80,11,ode,5,cl,BW,power,TRUE,TRUE,TP
80,11,ode,5,vc,BW,power,TRUE,TRUE,TP
80,11,ode,6,cl,BW,power,TRUE,TRUE,TP
80,11,ode,6,vc,BW,power,TRUE,TRUE,TP
80,11,ode,7,cl,BW,power,TRUE,TRUE,TP
80,11,ode,7,vc,BW,power,TRUE,TRUE,TP
80,11,ode,8,cl,BW,power,TRUE,TRUE,TP
80,11,ode,8,vc,BW,power,TRUE,TRUE,TP
80,11,ode,9,cl,BW,power,TRUE,TRUE,TP
80,11,ode,9,vc,BW,power,TRUE,TRUE,TP
80,11,ode,10,cl,BW,power,TRUE,TRUE,TP
80,11,ode,10,vc,BW,power,TRUE,TRUE,TP
80,11,ode,11,cl,BW,power,TRUE,TRUE,TP
80,11,ode,11,vc,BW,power,TRUE,TRUE,TP
80,11,ode,11,cl,RACE,cat,FALSE,TRUE,FP
80,11,ode,12,cl,BW,power,TRUE,TRUE,TP
80,11,ode,12,vc,BW,power,TRUE,TRUE,TP
80,11,ode,13,cl,BW,power,TRUE,TRUE,TP
80,11,ode,13,vc,BW,power,TRUE,TRUE,TP
80,11,ode,14,cl,BW,power,TRUE,TRUE,TP
80,11,ode,14,vc,BW,power,TRUE,TRUE,TP
80,11,ode,15,cl,BW,power,TRUE,TRUE,TP
80,11,ode,15,vc,BW,power,TRUE,TRUE,TP
80,11,ode,16,cl,BW,power,TRUE,TRUE,TP
80,11,ode,16,vc,BW,power,TRUE,TRUE,TP
80,11,ode,17,cl,BW,power,TRUE,TRUE,TP
80,11,ode,17,vc,BW,power,TRUE,TRUE,TP
80,11,ode,18,cl,BW,power,TRUE,TRUE,TP
80,11,ode,18,vc,BW,power,TRUE,TRUE,TP
80,11,ode,19,cl,BW,power,TRUE,TRUE,TP
80,11,ode,19,vc,BW,power,TRUE,TRUE,TP
80,11,ode,20,cl,BW,power,TRUE,TRUE,TP
80,11,ode,20,vc,BW,power,TRUE,TRUE,TP
80,11,ode,21,vc,BW,power,TRUE,TRUE,TP
80,11,ode,21,cl,BW,power,TRUE,FALSE,FN
80,11,ode,21,cl,BMI,power,FALSE,TRUE,FP
80,11,ode,22,cl,BW,power,TRUE,TRUE,TP
80,11,ode,22,vc,BW,power,TRUE,TRUE,TP
80,11,ode,22,vc,RACE,cat,FALSE,TRUE,FP
80,11,ode,23,cl,BW,power,TRUE,TRUE,TP
80,11,ode,23,vc,BW,power,TRUE,TRUE,TP
80,11,ode,24,cl,BW,power,TRUE,TRUE,TP
80,11,ode,24,vc,BW,power,TRUE,TRUE,TP
80,11,ode,25,cl,BW,power,TRUE,TRUE,TP
80,11,ode,25,vc,BW,power,TRUE,TRUE,TP
80,11,ode,26,cl,BW,power,TRUE,TRUE,TP
80,11,ode,26,vc,BW,power,TRUE,TRUE,TP
80,11,ode,27,cl,BW,power,TRUE,TRUE,TP
80,11,ode,27,vc,BW,power,TRUE,TRUE,TP
80,11,ode,27,vc,RACE,cat,FALSE,TRUE,FP
80,11,ode,28,cl,BW,power,TRUE,TRUE,TP
80,11,ode,28,vc,BW,power,TRUE,TRUE,TP
80,11,ode,29,cl,BW,power,TRUE,TRUE,TP
80,11,ode,29,vc,BW,power,TRUE,TRUE,TP
80,11,ode,30,cl,BW,power,TRUE,TRUE,TP
80,11,ode,30,vc,BW,power,TRUE,TRUE,TP
80,11,ode,31,cl,BW,power,TRUE,TRUE,TP
80,11,ode,31,vc,BW,power,TRUE,TRUE,TP
80,11,ode,32,cl,BW,power,TRUE,TRUE,TP
80,11,ode,32,vc,BW,power,TRUE,TRUE,TP
80,11,ode,33,cl,BW,power,TRUE,TRUE,TP
80,11,ode,33,vc,BW,power,TRUE,TRUE,TP
80,11,ode,33,cl,BMI,power,FALSE,TRUE,FP
80,11,ode,34,cl,BW,power,TRUE,TRUE,TP
80,11,ode,34,vc,BW,power,TRUE,TRUE,TP
80,11,ode,34,vc,CrCL,power,FALSE,TRUE,FP
80,11,ode,34,cl,CrCL,power,FALSE,TRUE,FP
80,11,ode,35,cl,BW,power,TRUE,TRUE,TP
80,11,ode,35,vc,BW,power,TRUE,TRUE,TP
80,11,ode,35,vc,SEX,cat,FALSE,TRUE,FP
80,11,ode,36,cl,BW,power,TRUE,TRUE,TP
80,11,ode,36,vc,BW,power,TRUE,TRUE,TP
80,11,ode,37,cl,BW,power,TRUE,TRUE,TP
80,11,ode,37,vc,BW,power,TRUE,TRUE,TP
80,11,ode,38,cl,BW,power,TRUE,TRUE,TP
80,11,ode,38,vc,BW,power,TRUE,TRUE,TP
80,11,ode,39,cl,BW,power,TRUE,TRUE,TP
80,11,ode,39,vc,BW,power,TRUE,TRUE,TP
80,11,ode,40,cl,BW,power,TRUE,TRUE,TP
80,11,ode,40,vc,BW,power,TRUE,TRUE,TP
80,11,ode,41,cl,BW,power,TRUE,TRUE,TP
80,11,ode,41,vc,BW,power,TRUE,TRUE,TP
80,11,ode,41,cl,RACE,cat,FALSE,TRUE,FP
80,11,ode,42,cl,BW,power,TRUE,TRUE,TP
80,11,ode,42,vc,BW,power,TRUE,TRUE,TP
80,11,ode,43,vc,BW,power,TRUE,TRUE,TP
80,11,ode,43,cl,BW,power,TRUE,FALSE,FN
80,11,ode,43,cl,BMI,power,FALSE,TRUE,FP
80,11,ode,44,vc,BW,power,TRUE,TRUE,TP
80,11,ode,44,cl,BW,power,TRUE,FALSE,FN
80,11,ode,44,cl,BMI,power,FALSE,TRUE,FP
80,11,ode,44,cl,CrCL,power,FALSE,TRUE,FP
80,11,ode,45,cl,BW,power,TRUE,TRUE,TP
80,11,ode,45,vc,BW,power,TRUE,FALSE,FN
80,11,ode,45,vc,BMI,power,FALSE,TRUE,FP
80,11,ode,45,cl,CrCL,power,FALSE,TRUE,FP
80,11,ode,46,vc,BW,power,TRUE,TRUE,TP
80,11,ode,46,cl,BW,power,TRUE,FALSE,FN
80,11,ode,46,cl,BMI,power,FALSE,TRUE,FP
80,11,ode,47,cl,BW,power,TRUE,TRUE,TP
80,11,ode,47,vc,BW,power,TRUE,TRUE,TP
80,11,ode,47,cl,BMI,power,FALSE,TRUE,FP
80,11,ode,48,cl,BW,power,TRUE,TRUE,TP
80,11,ode,48,vc,BW,power,TRUE,TRUE,TP
80,11,ode,49,vc,BW,power,TRUE,TRUE,TP
80,11,ode,49,cl,BW,power,TRUE,FALSE,FN
80,11,ode,49,cl,BMI,power,FALSE,TRUE,FP
80,11,ode,50,cl,BW,power,TRUE,TRUE,TP
80,11,ode,50,vc,BW,power,TRUE,TRUE,TP
80,11,ode,51,cl,BW,power,TRUE,TRUE,TP
80,11,ode,51,vc,BW,power,TRUE,TRUE,TP
80,11,ode,52,vc,BW,power,TRUE,TRUE,TP
80,11,ode,52,cl,BW,power,TRUE,FALSE,FN
80,11,ode,52,cl,BMI,power,FALSE,TRUE,FP
80,11,ode,52,vc,CrCL,power,FALSE,TRUE,FP
80,11,ode,52,cl,SEX,cat,FALSE,TRUE,FP
80,11,ode,53,cl,BW,power,TRUE,TRUE,TP
80,11,ode,53,vc,BW,power,TRUE,TRUE,TP
80,11,ode,54,cl,BW,power,TRUE,TRUE,TP
80,11,ode,54,vc,BW,power,TRUE,TRUE,TP
80,11,ode,55,cl,BW,power,TRUE,TRUE,TP
80,11,ode,55,vc,BW,power,TRUE,TRUE,TP
80,11,ode,56,cl,BW,power,TRUE,TRUE,TP
80,11,ode,56,vc,BW,power,TRUE,TRUE,TP
80,11,ode,57,cl,BW,power,TRUE,TRUE,TP
80,11,ode,57,vc,BW,power,TRUE,TRUE,TP
80,11,ode,58,cl,BW,power,TRUE,TRUE,TP
80,11,ode,58,vc,BW,power,TRUE,FALSE,FN
80,11,ode,58,vc,BMI,power,FALSE,TRUE,FP
80,11,ode,59,cl,BW,power,TRUE,TRUE,TP
80,11,ode,59,vc,BW,power,TRUE,FALSE,FN
80,11,ode,59,vc,BMI,power,FALSE,TRUE,FP
80,11,ode,59,vc,SEX,cat,FALSE,TRUE,FP
80,11,ode,60,vc,BW,power,TRUE,TRUE,TP
80,11,ode,60,cl,BW,power,TRUE,FALSE,FN
80,11,ode,60,cl,BMI,power,FALSE,TRUE,FP
80,11,ode,61,cl,BW,power,TRUE,TRUE,TP
80,11,ode,61,vc,BW,power,TRUE,TRUE,TP
80,11,ode,62,cl,BW,power,TRUE,TRUE,TP
80,11,ode,62,vc,BW,power,TRUE,TRUE,TP
80,11,ode,63,cl,BW,power,TRUE,TRUE,TP
80,11,ode,63,vc,BW,power,TRUE,TRUE,TP
80,11,ode,64,cl,BW,power,TRUE,TRUE,TP
80,11,ode,64,vc,BW,power,TRUE,TRUE,TP
80,11,ode,64,vc,RACE,cat,FALSE,TRUE,FP
80,11,ode,65,cl,BW,power,TRUE,TRUE,TP
80,11,ode,65,vc,BW,power,TRUE,TRUE,TP
80,11,ode,66,cl,BW,power,TRUE,TRUE,TP
80,11,ode,66,vc,BW,power,TRUE,FALSE,FN
80,11,ode,66,vc,BMI,power,FALSE,TRUE,FP
80,11,ode,66,cl,CrCL,power,FALSE,TRUE,FP
80,11,ode,67,cl,BW,power,TRUE,TRUE,TP
80,11,ode,67,vc,BW,power,TRUE,TRUE,TP
80,11,ode,68,cl,BW,power,TRUE,TRUE,TP
80,11,ode,68,vc,BW,power,TRUE,TRUE,TP
80,11,ode,69,cl,BW,power,TRUE,TRUE,TP
80,11,ode,69,vc,BW,power,TRUE,TRUE,TP
80,11,ode,69,cl,BMI,power,FALSE,TRUE,FP
80,11,ode,70,cl,BW,power,TRUE,TRUE,TP
80,11,ode,70,vc,BW,power,TRUE,TRUE,TP
80,11,ode,71,cl,BW,power,TRUE,TRUE,TP
80,11,ode,71,vc,BW,power,TRUE,TRUE,TP
80,11,ode,72,cl,BW,power,TRUE,TRUE,TP
80,11,ode,72,vc,BW,power,TRUE,TRUE,TP
80,11,ode,72,cl,CrCL,power,FALSE,TRUE,FP
80,11,ode,73,cl,BW,power,TRUE,TRUE,TP
80,11,ode,73,vc,BW,power,TRUE,TRUE,TP
80,11,ode,74,vc,BW,power,TRUE,TRUE,TP
80,11,ode,74,cl,BW,power,TRUE,FALSE,FN
80,11,ode,74,cl,CrCL,power,FALSE,TRUE,FP
80,11,ode,75,cl,BW,power,TRUE,TRUE,TP
80,11,ode,75,vc,BW,power,TRUE,TRUE,TP
80,11,ode,75,vc,CrCL,power,FALSE,TRUE,FP
80,11,ode,76,cl,BW,power,TRUE,TRUE,TP
80,11,ode,76,vc,BW,power,TRUE,TRUE,TP
80,11,ode,76,vc,SEX,cat,FALSE,TRUE,FP
80,11,ode,77,cl,BW,power,TRUE,TRUE,TP
80,11,ode,77,vc,BW,power,TRUE,FALSE,FN
80,11,ode,77,vc,BMI,power,FALSE,TRUE,FP
80,11,ode,78,cl,BW,power,TRUE,TRUE,TP
80,11,ode,78,vc,BW,power,TRUE,TRUE,TP
80,11,ode,78,cl,RACE,cat,FALSE,TRUE,FP
80,11,ode,79,cl,BW,power,TRUE,TRUE,TP
80,11,ode,79,vc,BW,power,TRUE,TRUE,TP
80,11,ode,80,cl,BW,power,TRUE,TRUE,TP
80,11,ode,80,vc,BW,power,TRUE,FALSE,FN
80,11,ode,80,vc,BMI,power,FALSE,TRUE,FP
80,11,ode,81,cl,BW,power,TRUE,TRUE,TP
80,11,ode,81,vc,BW,power,TRUE,TRUE,TP
80,11,ode,81,vc,BMI,power,FALSE,TRUE,FP
80,11,ode,81,vc,SEX,cat,FALSE,TRUE,FP
80,11,ode,82,vc,BW,power,TRUE,TRUE,TP
80,11,ode,82,cl,BW,power,TRUE,FALSE,FN
80,11,ode,82,cl,BMI,power,FALSE,TRUE,FP
80,11,ode,83,cl,BW,power,TRUE,TRUE,TP
80,11,ode,83,vc,BW,power,TRUE,TRUE,TP
80,11,ode,84,cl,BW,power,TRUE,TRUE,TP
80,11,ode,84,vc,BW,power,TRUE,TRUE,TP
80,11,ode,84,cl,RACE,cat,FALSE,TRUE,FP
80,11,ode,85,cl,BW,power,TRUE,TRUE,TP
80,11,ode,85,vc,BW,power,TRUE,TRUE,TP
80,11,ode,86,vc,BW,power,TRUE,TRUE,TP
80,11,ode,86,cl,BW,power,TRUE,FALSE,FN
80,11,ode,86,cl,BMI,power,FALSE,TRUE,FP
80,11,ode,86,cl,CrCL,power,FALSE,TRUE,FP
80,11,ode,87,cl,BW,power,TRUE,TRUE,TP
80,11,ode,87,vc,BW,power,TRUE,TRUE,TP
80,11,ode,88,cl,BW,power,TRUE,TRUE,TP
80,11,ode,88,vc,BW,power,TRUE,TRUE,TP
80,11,ode,89,cl,BW,power,TRUE,TRUE,TP
80,11,ode,89,vc,BW,power,TRUE,TRUE,TP
80,11,ode,90,cl,BW,power,TRUE,TRUE,TP
80,11,ode,90,vc,BW,power,TRUE,FALSE,FN
80,11,ode,90,vc,BMI,power,FALSE,TRUE,FP
80,11,ode,90,cl,SEX,cat,FALSE,TRUE,FP
80,11,ode,91,cl,BW,power,TRUE,TRUE,TP
80,11,ode,91,vc,BW,power,TRUE,TRUE,TP
80,11,ode,92,cl,BW,power,TRUE,TRUE,TP
80,11,ode,92,vc,BW,power,TRUE,TRUE,TP
80,11,ode,93,cl,BW,power,TRUE,TRUE,TP
80,11,ode,93,vc,BW,power,TRUE,TRUE,TP
80,11,ode,94,cl,BW,power,TRUE,TRUE,TP
80,11,ode,94,vc,BW,power,TRUE,TRUE,TP
80,11,ode,95,cl,BW,power,TRUE,TRUE,TP
80,11,ode,95,vc,BW,power,TRUE,TRUE,TP
80,11,ode,96,cl,BW,power,TRUE,TRUE,TP
80,11,ode,96,vc,BW,power,TRUE,FALSE,FN
80,11,ode,96,vc,BMI,power,FALSE,TRUE,FP
80,11,ode,97,vc,BW,power,TRUE,TRUE,TP
80,11,ode,97,cl,BW,power,TRUE,FALSE,FN
80,11,ode,97,cl,BMI,power,FALSE,TRUE,FP
80,11,ode,97,cl,SEX,cat,FALSE,TRUE,FP
80,11,ode,98,cl,BW,power,TRUE,TRUE,TP
80,11,ode,98,vc,BW,power,TRUE,TRUE,TP
80,11,ode,98,cl,SEX,cat,FALSE,TRUE,FP
80,11,ode,99,cl,BW,power,TRUE,TRUE,TP
80,11,ode,99,vc,BW,power,TRUE,TRUE,TP
80,11,ode,100,cl,BW,power,TRUE,TRUE,TP
80,11,ode,100,vc,BW,power,TRUE,TRUE,TP
80,12,linCmt,1,cl,BW,power,TRUE,TRUE,TP
80,12,linCmt,1,vc,SEX,cat,TRUE,TRUE,TP
80,12,linCmt,1,vc,BW,power,TRUE,FALSE,FN
80,12,linCmt,1,vc,BMI,power,FALSE,TRUE,FP
80,12,linCmt,2,cl,BW,power,TRUE,TRUE,TP
80,12,linCmt,2,vc,BW,power,TRUE,TRUE,TP
80,12,linCmt,2,vc,SEX,cat,TRUE,TRUE,TP
80,12,linCmt,3,cl,BW,power,TRUE,TRUE,TP
80,12,linCmt,3,vc,BW,power,TRUE,TRUE,TP
80,12,linCmt,3,vc,SEX,cat,TRUE,TRUE,TP
80,12,linCmt,3,vc,RACE,cat,FALSE,TRUE,FP
80,12,linCmt,4,cl,BW,power,TRUE,TRUE,TP
80,12,linCmt,4,vc,BW,power,TRUE,TRUE,TP
80,12,linCmt,4,vc,SEX,cat,TRUE,TRUE,TP
80,12,linCmt,4,vc,CrCL,power,FALSE,TRUE,FP
80,12,linCmt,5,vc,SEX,cat,TRUE,TRUE,TP
80,12,linCmt,5,cl,BW,power,TRUE,FALSE,FN
80,12,linCmt,5,vc,BW,power,TRUE,FALSE,FN
80,12,linCmt,5,vc,BMI,power,FALSE,TRUE,FP
80,12,linCmt,5,cl,BMI,power,FALSE,TRUE,FP
80,12,linCmt,6,cl,BW,power,TRUE,TRUE,TP
80,12,linCmt,6,vc,BW,power,TRUE,TRUE,TP
80,12,linCmt,6,vc,SEX,cat,TRUE,TRUE,TP
80,12,linCmt,7,vc,BW,power,TRUE,TRUE,TP
80,12,linCmt,7,vc,SEX,cat,TRUE,TRUE,TP
80,12,linCmt,7,cl,BW,power,TRUE,FALSE,FN
80,12,linCmt,7,cl,BMI,power,FALSE,TRUE,FP
80,12,linCmt,8,cl,BW,power,TRUE,TRUE,TP
80,12,linCmt,8,vc,BW,power,TRUE,TRUE,TP
80,12,linCmt,8,vc,SEX,cat,TRUE,TRUE,TP
80,12,linCmt,9,cl,BW,power,TRUE,TRUE,TP
80,12,linCmt,9,vc,BW,power,TRUE,TRUE,TP
80,12,linCmt,9,vc,SEX,cat,TRUE,TRUE,TP
80,12,linCmt,9,vc,CrCL,power,FALSE,TRUE,FP
80,12,linCmt,10,cl,BW,power,TRUE,TRUE,TP
80,12,linCmt,10,vc,BW,power,TRUE,TRUE,TP
80,12,linCmt,10,vc,SEX,cat,TRUE,TRUE,TP
80,12,linCmt,10,cl,SEX,cat,FALSE,TRUE,FP
80,12,linCmt,11,cl,BW,power,TRUE,TRUE,TP
80,12,linCmt,11,vc,BW,power,TRUE,TRUE,TP
80,12,linCmt,11,vc,SEX,cat,TRUE,TRUE,TP
80,12,linCmt,12,cl,BW,power,TRUE,TRUE,TP
80,12,linCmt,12,vc,BW,power,TRUE,TRUE,TP
80,12,linCmt,12,vc,SEX,cat,TRUE,TRUE,TP
80,12,linCmt,13,cl,BW,power,TRUE,TRUE,TP
80,12,linCmt,13,vc,BW,power,TRUE,TRUE,TP
80,12,linCmt,13,vc,SEX,cat,TRUE,TRUE,TP
80,12,linCmt,13,cl,SEX,cat,FALSE,TRUE,FP
80,12,linCmt,14,cl,BW,power,TRUE,TRUE,TP
80,12,linCmt,14,vc,BW,power,TRUE,TRUE,TP
80,12,linCmt,14,vc,SEX,cat,TRUE,TRUE,TP
80,12,linCmt,15,vc,SEX,cat,TRUE,TRUE,TP
80,12,linCmt,15,cl,BW,power,TRUE,FALSE,FN
80,12,linCmt,15,vc,BW,power,TRUE,FALSE,FN
80,12,linCmt,15,vc,BMI,power,FALSE,TRUE,FP
80,12,linCmt,15,cl,BMI,power,FALSE,TRUE,FP
80,12,linCmt,16,cl,BW,power,TRUE,TRUE,TP
80,12,linCmt,16,vc,BW,power,TRUE,TRUE,TP
80,12,linCmt,16,vc,SEX,cat,TRUE,TRUE,TP
80,12,linCmt,17,vc,BW,power,TRUE,TRUE,TP
80,12,linCmt,17,vc,SEX,cat,TRUE,TRUE,TP
80,12,linCmt,17,cl,BW,power,TRUE,FALSE,FN
80,12,linCmt,17,cl,BMI,power,FALSE,TRUE,FP
80,12,linCmt,17,cl,SEX,cat,FALSE,TRUE,FP
80,12,linCmt,18,cl,BW,power,TRUE,TRUE,TP
80,12,linCmt,18,vc,BW,power,TRUE,TRUE,TP
80,12,linCmt,18,vc,SEX,cat,TRUE,TRUE,TP
80,12,linCmt,19,cl,BW,power,TRUE,TRUE,TP
80,12,linCmt,19,vc,BW,power,TRUE,TRUE,TP
80,12,linCmt,19,vc,SEX,cat,TRUE,TRUE,TP
80,12,linCmt,20,cl,BW,power,TRUE,TRUE,TP
80,12,linCmt,20,vc,BW,power,TRUE,TRUE,TP
80,12,linCmt,20,vc,SEX,cat,TRUE,TRUE,TP
80,12,linCmt,21,cl,BW,power,TRUE,TRUE,TP
80,12,linCmt,21,vc,BW,power,TRUE,TRUE,TP
80,12,linCmt,21,vc,SEX,cat,TRUE,TRUE,TP
80,12,linCmt,22,vc,BW,power,TRUE,TRUE,TP
80,12,linCmt,22,vc,SEX,cat,TRUE,TRUE,TP
80,12,linCmt,22,cl,BW,power,TRUE,FALSE,FN
80,12,linCmt,22,cl,BMI,power,FALSE,TRUE,FP
80,12,linCmt,23,cl,BW,power,TRUE,TRUE,TP
80,12,linCmt,23,vc,BW,power,TRUE,TRUE,TP
80,12,linCmt,23,vc,SEX,cat,TRUE,TRUE,TP
80,12,linCmt,23,cl,BMI,power,FALSE,TRUE,FP
80,12,linCmt,23,cl,SEX,cat,FALSE,TRUE,FP
80,12,linCmt,24,vc,BW,power,TRUE,TRUE,TP
80,12,linCmt,24,vc,SEX,cat,TRUE,TRUE,TP
80,12,linCmt,24,cl,BW,power,TRUE,FALSE,FN
80,12,linCmt,24,cl,BMI,power,FALSE,TRUE,FP
80,12,linCmt,25,cl,BW,power,TRUE,TRUE,TP
80,12,linCmt,25,vc,BW,power,TRUE,TRUE,TP
80,12,linCmt,25,vc,SEX,cat,TRUE,TRUE,TP
80,12,linCmt,26,vc,BW,power,TRUE,TRUE,TP
80,12,linCmt,26,vc,SEX,cat,TRUE,TRUE,TP
80,12,linCmt,26,cl,BW,power,TRUE,FALSE,FN
80,12,linCmt,26,cl,BMI,power,FALSE,TRUE,FP
80,12,linCmt,27,cl,BW,power,TRUE,TRUE,TP
80,12,linCmt,27,vc,SEX,cat,TRUE,TRUE,TP
80,12,linCmt,27,vc,BW,power,TRUE,FALSE,FN
80,12,linCmt,27,vc,BMI,power,FALSE,TRUE,FP
80,12,linCmt,28,cl,BW,power,TRUE,TRUE,TP
80,12,linCmt,28,vc,BW,power,TRUE,TRUE,TP
80,12,linCmt,28,vc,SEX,cat,TRUE,TRUE,TP
80,12,linCmt,29,cl,BW,power,TRUE,TRUE,TP
80,12,linCmt,29,vc,BW,power,TRUE,TRUE,TP
80,12,linCmt,29,vc,SEX,cat,TRUE,TRUE,TP
80,12,linCmt,30,cl,BW,power,TRUE,TRUE,TP
80,12,linCmt,30,vc,SEX,cat,TRUE,TRUE,TP
80,12,linCmt,30,vc,BW,power,TRUE,FALSE,FN
80,12,linCmt,30,vc,BMI,power,FALSE,TRUE,FP
80,12,linCmt,31,cl,BW,power,TRUE,TRUE,TP
80,12,linCmt,31,vc,BW,power,TRUE,TRUE,TP
80,12,linCmt,31,vc,SEX,cat,TRUE,TRUE,TP
80,12,linCmt,31,cl,RACE,cat,FALSE,TRUE,FP
80,12,linCmt,31,cl,SEX,cat,FALSE,TRUE,FP
80,12,linCmt,32,cl,BW,power,TRUE,TRUE,TP
80,12,linCmt,32,vc,SEX,cat,TRUE,TRUE,TP
80,12,linCmt,32,vc,BW,power,TRUE,FALSE,FN
80,12,linCmt,32,vc,BMI,power,FALSE,TRUE,FP
80,12,linCmt,33,cl,BW,power,TRUE,TRUE,TP
80,12,linCmt,33,vc,BW,power,TRUE,TRUE,TP
80,12,linCmt,33,vc,SEX,cat,TRUE,TRUE,TP
80,12,linCmt,33,cl,RACE,cat,FALSE,TRUE,FP
80,12,linCmt,34,cl,BW,power,TRUE,TRUE,TP
80,12,linCmt,34,vc,BW,power,TRUE,TRUE,TP
80,12,linCmt,34,vc,SEX,cat,TRUE,TRUE,TP
80,12,linCmt,35,cl,BW,power,TRUE,TRUE,TP
80,12,linCmt,35,vc,BW,power,TRUE,TRUE,TP
80,12,linCmt,35,vc,SEX,cat,TRUE,TRUE,TP
80,12,linCmt,36,cl,BW,power,TRUE,TRUE,TP
80,12,linCmt,36,vc,BW,power,TRUE,TRUE,TP
80,12,linCmt,36,vc,SEX,cat,TRUE,TRUE,TP
80,12,linCmt,36,cl,CrCL,power,FALSE,TRUE,FP
80,12,linCmt,37,cl,BW,power,TRUE,TRUE,TP
80,12,linCmt,37,vc,BW,power,TRUE,TRUE,TP
80,12,linCmt,37,vc,SEX,cat,TRUE,TRUE,TP
80,12,linCmt,37,cl,RACE,cat,FALSE,TRUE,FP
80,12,linCmt,38,cl,BW,power,TRUE,TRUE,TP
80,12,linCmt,38,vc,SEX,cat,TRUE,TRUE,TP
80,12,linCmt,38,vc,BW,power,TRUE,FALSE,FN
80,12,linCmt,38,vc,BMI,power,FALSE,TRUE,FP
80,12,linCmt,39,cl,BW,power,TRUE,TRUE,TP
80,12,linCmt,39,vc,BW,power,TRUE,TRUE,TP
80,12,linCmt,39,vc,SEX,cat,TRUE,TRUE,TP
80,12,linCmt,40,cl,BW,power,TRUE,TRUE,TP
80,12,linCmt,40,vc,SEX,cat,TRUE,TRUE,TP
80,12,linCmt,40,vc,BW,power,TRUE,FALSE,FN
80,12,linCmt,40,vc,BMI,power,FALSE,TRUE,FP
80,12,linCmt,41,cl,BW,power,TRUE,TRUE,TP
80,12,linCmt,41,vc,BW,power,TRUE,TRUE,TP
80,12,linCmt,41,vc,SEX,cat,TRUE,TRUE,TP
80,12,linCmt,42,cl,BW,power,TRUE,TRUE,TP
80,12,linCmt,42,vc,BW,power,TRUE,TRUE,TP
80,12,linCmt,42,vc,SEX,cat,TRUE,TRUE,TP
80,12,linCmt,43,cl,BW,power,TRUE,TRUE,TP
80,12,linCmt,43,vc,BW,power,TRUE,TRUE,TP
80,12,linCmt,43,vc,SEX,cat,TRUE,TRUE,TP
80,12,linCmt,43,cl,CrCL,power,FALSE,TRUE,FP
80,12,linCmt,44,cl,BW,power,TRUE,TRUE,TP
80,12,linCmt,44,vc,BW,power,TRUE,TRUE,TP
80,12,linCmt,44,vc,SEX,cat,TRUE,TRUE,TP
80,12,linCmt,45,cl,BW,power,TRUE,TRUE,TP
80,12,linCmt,45,vc,BW,power,TRUE,TRUE,TP
80,12,linCmt,45,vc,SEX,cat,TRUE,TRUE,TP
80,12,linCmt,46,cl,BW,power,TRUE,TRUE,TP
80,12,linCmt,46,vc,BW,power,TRUE,TRUE,TP
80,12,linCmt,46,vc,SEX,cat,TRUE,TRUE,TP
80,12,linCmt,47,cl,BW,power,TRUE,TRUE,TP
80,12,linCmt,47,vc,BW,power,TRUE,TRUE,TP
80,12,linCmt,47,vc,SEX,cat,TRUE,TRUE,TP
80,12,linCmt,48,cl,BW,power,TRUE,TRUE,TP
80,12,linCmt,48,vc,BW,power,TRUE,TRUE,TP
80,12,linCmt,48,vc,SEX,cat,TRUE,TRUE,TP
80,12,linCmt,49,cl,BW,power,TRUE,TRUE,TP
80,12,linCmt,49,vc,SEX,cat,TRUE,TRUE,TP
80,12,linCmt,49,vc,BW,power,TRUE,FALSE,FN
80,12,linCmt,49,vc,BMI,power,FALSE,TRUE,FP
80,12,linCmt,50,cl,BW,power,TRUE,TRUE,TP
80,12,linCmt,50,vc,BW,power,TRUE,TRUE,TP
80,12,linCmt,50,vc,SEX,cat,TRUE,TRUE,TP
80,12,linCmt,51,cl,BW,power,TRUE,TRUE,TP
80,12,linCmt,51,vc,BW,power,TRUE,TRUE,TP
80,12,linCmt,51,vc,SEX,cat,TRUE,TRUE,TP
80,12,linCmt,52,cl,BW,power,TRUE,TRUE,TP
80,12,linCmt,52,vc,SEX,cat,TRUE,TRUE,TP
80,12,linCmt,52,vc,BW,power,TRUE,FALSE,FN
80,12,linCmt,52,vc,BMI,power,FALSE,TRUE,FP
80,12,linCmt,53,cl,BW,power,TRUE,TRUE,TP
80,12,linCmt,53,vc,BW,power,TRUE,TRUE,TP
80,12,linCmt,53,vc,SEX,cat,TRUE,TRUE,TP
80,12,linCmt,54,cl,BW,power,TRUE,TRUE,TP
80,12,linCmt,54,vc,BW,power,TRUE,TRUE,TP
80,12,linCmt,54,vc,SEX,cat,TRUE,TRUE,TP
80,12,linCmt,54,vc,CrCL,power,FALSE,TRUE,FP
80,12,linCmt,55,cl,BW,power,TRUE,TRUE,TP
80,12,linCmt,55,vc,BW,power,TRUE,TRUE,TP
80,12,linCmt,55,vc,SEX,cat,TRUE,TRUE,TP
80,12,linCmt,56,cl,BW,power,TRUE,TRUE,TP
80,12,linCmt,56,vc,BW,power,TRUE,TRUE,TP
80,12,linCmt,56,vc,SEX,cat,TRUE,TRUE,TP
80,12,linCmt,57,cl,BW,power,TRUE,TRUE,TP
80,12,linCmt,57,vc,BW,power,TRUE,TRUE,TP
80,12,linCmt,57,vc,SEX,cat,TRUE,TRUE,TP
80,12,linCmt,58,cl,BW,power,TRUE,TRUE,TP
80,12,linCmt,58,vc,SEX,cat,TRUE,TRUE,TP
80,12,linCmt,58,vc,BW,power,TRUE,FALSE,FN
80,12,linCmt,58,vc,BMI,power,FALSE,TRUE,FP
80,12,linCmt,59,cl,BW,power,TRUE,TRUE,TP
80,12,linCmt,59,vc,SEX,cat,TRUE,TRUE,TP
80,12,linCmt,59,vc,BW,power,TRUE,FALSE,FN
80,12,linCmt,59,vc,BMI,power,FALSE,TRUE,FP
80,12,linCmt,59,vc,RACE,cat,FALSE,TRUE,FP
80,12,linCmt,60,cl,BW,power,TRUE,TRUE,TP
80,12,linCmt,60,vc,BW,power,TRUE,TRUE,TP
80,12,linCmt,60,vc,SEX,cat,TRUE,TRUE,TP
80,12,linCmt,61,cl,BW,power,TRUE,TRUE,TP
80,12,linCmt,61,vc,BW,power,TRUE,TRUE,TP
80,12,linCmt,61,vc,SEX,cat,TRUE,TRUE,TP
80,12,linCmt,62,cl,BW,power,TRUE,TRUE,TP
80,12,linCmt,62,vc,BW,power,TRUE,TRUE,TP
80,12,linCmt,62,vc,SEX,cat,TRUE,TRUE,TP
80,12,linCmt,63,cl,BW,power,TRUE,TRUE,TP
80,12,linCmt,63,vc,SEX,cat,TRUE,TRUE,TP
80,12,linCmt,63,vc,BW,power,TRUE,FALSE,FN
80,12,linCmt,63,vc,BMI,power,FALSE,TRUE,FP
80,12,linCmt,63,cl,CrCL,power,FALSE,TRUE,FP
80,12,linCmt,64,cl,BW,power,TRUE,TRUE,TP
80,12,linCmt,64,vc,BW,power,TRUE,TRUE,TP
80,12,linCmt,64,vc,SEX,cat,TRUE,TRUE,TP
80,12,linCmt,64,cl,BMI,power,FALSE,TRUE,FP
80,12,linCmt,64,cl,CrCL,power,FALSE,TRUE,FP
80,12,linCmt,65,cl,BW,power,TRUE,TRUE,TP
80,12,linCmt,65,vc,BW,power,TRUE,TRUE,TP
80,12,linCmt,65,vc,SEX,cat,TRUE,TRUE,TP
80,12,linCmt,66,cl,BW,power,TRUE,TRUE,TP
80,12,linCmt,66,vc,BW,power,TRUE,TRUE,TP
80,12,linCmt,66,vc,SEX,cat,TRUE,TRUE,TP
80,12,linCmt,67,cl,BW,power,TRUE,TRUE,TP
80,12,linCmt,67,vc,BW,power,TRUE,TRUE,TP
80,12,linCmt,67,vc,SEX,cat,TRUE,TRUE,TP
80,12,linCmt,68,cl,BW,power,TRUE,TRUE,TP
80,12,linCmt,68,vc,BW,power,TRUE,TRUE,TP
80,12,linCmt,68,vc,SEX,cat,TRUE,TRUE,TP
80,12,linCmt,69,cl,BW,power,TRUE,TRUE,TP
80,12,linCmt,69,vc,SEX,cat,TRUE,TRUE,TP
80,12,linCmt,69,vc,BW,power,TRUE,FALSE,FN
80,12,linCmt,69,vc,BMI,power,FALSE,TRUE,FP
80,12,linCmt,69,cl,BMI,power,FALSE,TRUE,FP
80,12,linCmt,70,cl,BW,power,TRUE,TRUE,TP
80,12,linCmt,70,vc,BW,power,TRUE,TRUE,TP
80,12,linCmt,70,vc,SEX,cat,TRUE,TRUE,TP
80,12,linCmt,70,vc,RACE,cat,FALSE,TRUE,FP
80,12,linCmt,70,vc,CrCL,power,FALSE,TRUE,FP
80,12,linCmt,71,vc,BW,power,TRUE,TRUE,TP
80,12,linCmt,71,vc,SEX,cat,TRUE,TRUE,TP
80,12,linCmt,71,cl,BW,power,TRUE,FALSE,FN
80,12,linCmt,71,cl,BMI,power,FALSE,TRUE,FP
80,12,linCmt,71,cl,CrCL,power,FALSE,TRUE,FP
80,12,linCmt,72,cl,BW,power,TRUE,TRUE,TP
80,12,linCmt,72,vc,BW,power,TRUE,TRUE,TP
80,12,linCmt,72,vc,SEX,cat,TRUE,TRUE,TP
80,12,linCmt,73,cl,BW,power,TRUE,TRUE,TP
80,12,linCmt,73,vc,BW,power,TRUE,TRUE,TP
80,12,linCmt,73,vc,SEX,cat,TRUE,TRUE,TP
80,12,linCmt,74,cl,BW,power,TRUE,TRUE,TP
80,12,linCmt,74,vc,BW,power,TRUE,TRUE,TP
80,12,linCmt,74,vc,SEX,cat,TRUE,TRUE,TP
80,12,linCmt,75,vc,BW,power,TRUE,TRUE,TP
80,12,linCmt,75,vc,SEX,cat,TRUE,TRUE,TP
80,12,linCmt,75,cl,BW,power,TRUE,FALSE,FN
80,12,linCmt,75,cl,BMI,power,FALSE,TRUE,FP
80,12,linCmt,76,cl,BW,power,TRUE,TRUE,TP
80,12,linCmt,76,vc,BW,power,TRUE,TRUE,TP
80,12,linCmt,76,vc,SEX,cat,TRUE,TRUE,TP
80,12,linCmt,76,cl,SEX,cat,FALSE,TRUE,FP
80,12,linCmt,77,vc,BW,power,TRUE,TRUE,TP
80,12,linCmt,77,vc,SEX,cat,TRUE,TRUE,TP
80,12,linCmt,77,cl,BW,power,TRUE,FALSE,FN
80,12,linCmt,77,cl,BMI,power,FALSE,TRUE,FP
80,12,linCmt,78,cl,BW,power,TRUE,TRUE,TP
80,12,linCmt,78,vc,BW,power,TRUE,TRUE,TP
80,12,linCmt,78,vc,SEX,cat,TRUE,TRUE,TP
80,12,linCmt,79,vc,BW,power,TRUE,TRUE,TP
80,12,linCmt,79,vc,SEX,cat,TRUE,TRUE,TP
80,12,linCmt,79,cl,BW,power,TRUE,FALSE,FN
80,12,linCmt,79,cl,BMI,power,FALSE,TRUE,FP
80,12,linCmt,80,cl,BW,power,TRUE,TRUE,TP
80,12,linCmt,80,vc,BW,power,TRUE,TRUE,TP
80,12,linCmt,80,vc,SEX,cat,TRUE,TRUE,TP
80,12,linCmt,81,cl,BW,power,TRUE,TRUE,TP
80,12,linCmt,81,vc,BW,power,TRUE,TRUE,TP
80,12,linCmt,81,vc,SEX,cat,TRUE,TRUE,TP
80,12,linCmt,82,cl,BW,power,TRUE,TRUE,TP
80,12,linCmt,82,vc,BW,power,TRUE,TRUE,TP
80,12,linCmt,82,vc,SEX,cat,TRUE,TRUE,TP
80,12,linCmt,83,cl,BW,power,TRUE,TRUE,TP
80,12,linCmt,83,vc,BW,power,TRUE,TRUE,TP
80,12,linCmt,83,vc,SEX,cat,TRUE,TRUE,TP
80,12,linCmt,83,cl,RACE,cat,FALSE,TRUE,FP
80,12,linCmt,84,cl,BW,power,TRUE,TRUE,TP
80,12,linCmt,84,vc,BW,power,TRUE,TRUE,TP
80,12,linCmt,84,vc,SEX,cat,TRUE,FALSE,FN
80,12,linCmt,85,cl,BW,power,TRUE,TRUE,TP
80,12,linCmt,85,vc,BW,power,TRUE,TRUE,TP
80,12,linCmt,85,vc,SEX,cat,TRUE,TRUE,TP
80,12,linCmt,86,cl,BW,power,TRUE,TRUE,TP
80,12,linCmt,86,vc,SEX,cat,TRUE,TRUE,TP
80,12,linCmt,86,vc,BW,power,TRUE,FALSE,FN
80,12,linCmt,86,vc,BMI,power,FALSE,TRUE,FP
80,12,linCmt,87,cl,BW,power,TRUE,TRUE,TP
80,12,linCmt,87,vc,SEX,cat,TRUE,TRUE,TP
80,12,linCmt,87,vc,BW,power,TRUE,FALSE,FN
80,12,linCmt,87,vc,BMI,power,FALSE,TRUE,FP
80,12,linCmt,88,cl,BW,power,TRUE,TRUE,TP
80,12,linCmt,88,vc,BW,power,TRUE,TRUE,TP
80,12,linCmt,88,vc,SEX,cat,TRUE,TRUE,TP
80,12,linCmt,89,cl,BW,power,TRUE,TRUE,TP
80,12,linCmt,89,vc,BW,power,TRUE,TRUE,TP
80,12,linCmt,89,vc,SEX,cat,TRUE,TRUE,TP
80,12,linCmt,90,vc,SEX,cat,TRUE,TRUE,TP
80,12,linCmt,90,cl,BW,power,TRUE,FALSE,FN
80,12,linCmt,90,vc,BW,power,TRUE,FALSE,FN
80,12,linCmt,90,vc,BMI,power,FALSE,TRUE,FP
80,12,linCmt,90,cl,BMI,power,FALSE,TRUE,FP
80,12,linCmt,91,cl,BW,power,TRUE,TRUE,TP
80,12,linCmt,91,vc,BW,power,TRUE,TRUE,TP
80,12,linCmt,91,vc,SEX,cat,TRUE,TRUE,TP
80,12,linCmt,92,vc,BW,power,TRUE,TRUE,TP
80,12,linCmt,92,vc,SEX,cat,TRUE,TRUE,TP
80,12,linCmt,92,cl,BW,power,TRUE,FALSE,FN
80,12,linCmt,92,cl,BMI,power,FALSE,TRUE,FP
80,12,linCmt,92,cl,SEX,cat,FALSE,TRUE,FP
80,12,linCmt,93,cl,BW,power,TRUE,TRUE,TP
80,12,linCmt,93,vc,BW,power,TRUE,TRUE,TP
80,12,linCmt,93,vc,SEX,cat,TRUE,TRUE,TP
80,12,linCmt,94,cl,BW,power,TRUE,TRUE,TP
80,12,linCmt,94,vc,BW,power,TRUE,TRUE,TP
80,12,linCmt,94,vc,SEX,cat,TRUE,TRUE,TP
80,12,linCmt,95,cl,BW,power,TRUE,TRUE,TP
80,12,linCmt,95,vc,BW,power,TRUE,TRUE,TP
80,12,linCmt,95,vc,SEX,cat,TRUE,TRUE,TP
80,12,linCmt,96,cl,BW,power,TRUE,TRUE,TP
80,12,linCmt,96,vc,BW,power,TRUE,TRUE,TP
80,12,linCmt,96,vc,SEX,cat,TRUE,TRUE,TP
80,12,linCmt,97,cl,BW,power,TRUE,TRUE,TP
80,12,linCmt,97,vc,BW,power,TRUE,TRUE,TP
80,12,linCmt,97,vc,SEX,cat,TRUE,TRUE,TP
80,12,linCmt,98,cl,BW,power,TRUE,TRUE,TP
80,12,linCmt,98,vc,BW,power,TRUE,TRUE,TP
80,12,linCmt,98,vc,SEX,cat,TRUE,TRUE,TP
80,12,linCmt,99,cl,BW,power,TRUE,TRUE,TP
80,12,linCmt,99,vc,BW,power,TRUE,TRUE,TP
80,12,linCmt,99,vc,SEX,cat,TRUE,TRUE,TP
80,12,linCmt,100,cl,BW,power,TRUE,TRUE,TP
80,12,linCmt,100,vc,BW,power,TRUE,TRUE,TP
80,12,linCmt,100,vc,SEX,cat,TRUE,TRUE,TP
80,12,ode,1,cl,BW,power,TRUE,TRUE,TP
80,12,ode,1,vc,SEX,cat,TRUE,TRUE,TP
80,12,ode,1,vc,BW,power,TRUE,FALSE,FN
80,12,ode,1,vc,BMI,power,FALSE,TRUE,FP
80,12,ode,2,cl,BW,power,TRUE,TRUE,TP
80,12,ode,2,vc,BW,power,TRUE,TRUE,TP
80,12,ode,2,vc,SEX,cat,TRUE,TRUE,TP
80,12,ode,3,cl,BW,power,TRUE,TRUE,TP
80,12,ode,3,vc,BW,power,TRUE,TRUE,TP
80,12,ode,3,vc,SEX,cat,TRUE,TRUE,TP
80,12,ode,3,vc,RACE,cat,FALSE,TRUE,FP
80,12,ode,4,cl,BW,power,TRUE,TRUE,TP
80,12,ode,4,vc,BW,power,TRUE,TRUE,TP
80,12,ode,4,vc,SEX,cat,TRUE,TRUE,TP
80,12,ode,4,vc,CrCL,power,FALSE,TRUE,FP
80,12,ode,5,vc,SEX,cat,TRUE,TRUE,TP
80,12,ode,5,cl,BW,power,TRUE,FALSE,FN
80,12,ode,5,vc,BW,power,TRUE,FALSE,FN
80,12,ode,5,vc,BMI,power,FALSE,TRUE,FP
80,12,ode,5,cl,BMI,power,FALSE,TRUE,FP
80,12,ode,6,cl,BW,power,TRUE,TRUE,TP
80,12,ode,6,vc,BW,power,TRUE,TRUE,TP
80,12,ode,6,vc,SEX,cat,TRUE,TRUE,TP
80,12,ode,7,vc,BW,power,TRUE,TRUE,TP
80,12,ode,7,vc,SEX,cat,TRUE,TRUE,TP
80,12,ode,7,cl,BW,power,TRUE,FALSE,FN
80,12,ode,7,cl,BMI,power,FALSE,TRUE,FP
80,12,ode,8,cl,BW,power,TRUE,TRUE,TP
80,12,ode,8,vc,BW,power,TRUE,TRUE,TP
80,12,ode,8,vc,SEX,cat,TRUE,TRUE,TP
80,12,ode,9,cl,BW,power,TRUE,TRUE,TP
80,12,ode,9,vc,BW,power,TRUE,TRUE,TP
80,12,ode,9,vc,SEX,cat,TRUE,TRUE,TP
80,12,ode,9,vc,CrCL,power,FALSE,TRUE,FP
80,12,ode,10,cl,BW,power,TRUE,TRUE,TP
80,12,ode,10,vc,BW,power,TRUE,TRUE,TP
80,12,ode,10,vc,SEX,cat,TRUE,TRUE,TP
80,12,ode,10,cl,SEX,cat,FALSE,TRUE,FP
80,12,ode,11,cl,BW,power,TRUE,TRUE,TP
80,12,ode,11,vc,BW,power,TRUE,TRUE,TP
80,12,ode,11,vc,SEX,cat,TRUE,TRUE,TP
80,12,ode,12,cl,BW,power,TRUE,TRUE,TP
80,12,ode,12,vc,BW,power,TRUE,TRUE,TP
80,12,ode,12,vc,SEX,cat,TRUE,TRUE,TP
80,12,ode,13,cl,BW,power,TRUE,TRUE,TP
80,12,ode,13,vc,BW,power,TRUE,TRUE,TP
80,12,ode,13,vc,SEX,cat,TRUE,TRUE,TP
80,12,ode,13,cl,SEX,cat,FALSE,TRUE,FP
80,12,ode,14,cl,BW,power,TRUE,TRUE,TP
80,12,ode,14,vc,BW,power,TRUE,TRUE,TP
80,12,ode,14,vc,SEX,cat,TRUE,TRUE,TP
80,12,ode,15,vc,SEX,cat,TRUE,TRUE,TP
80,12,ode,15,cl,BW,power,TRUE,FALSE,FN
80,12,ode,15,vc,BW,power,TRUE,FALSE,FN
80,12,ode,15,vc,BMI,power,FALSE,TRUE,FP
80,12,ode,15,cl,BMI,power,FALSE,TRUE,FP
80,12,ode,16,cl,BW,power,TRUE,TRUE,TP
80,12,ode,16,vc,BW,power,TRUE,TRUE,TP
80,12,ode,16,vc,SEX,cat,TRUE,TRUE,TP
80,12,ode,17,vc,BW,power,TRUE,TRUE,TP
80,12,ode,17,vc,SEX,cat,TRUE,TRUE,TP
80,12,ode,17,cl,BW,power,TRUE,FALSE,FN
80,12,ode,17,cl,BMI,power,FALSE,TRUE,FP
80,12,ode,17,cl,SEX,cat,FALSE,TRUE,FP
80,12,ode,18,cl,BW,power,TRUE,TRUE,TP
80,12,ode,18,vc,BW,power,TRUE,TRUE,TP
80,12,ode,18,vc,SEX,cat,TRUE,TRUE,TP
80,12,ode,19,cl,BW,power,TRUE,TRUE,TP
80,12,ode,19,vc,BW,power,TRUE,TRUE,TP
80,12,ode,19,vc,SEX,cat,TRUE,TRUE,TP
80,12,ode,20,cl,BW,power,TRUE,TRUE,TP
80,12,ode,20,vc,BW,power,TRUE,TRUE,TP
80,12,ode,20,vc,SEX,cat,TRUE,TRUE,TP
80,12,ode,21,cl,BW,power,TRUE,TRUE,TP
80,12,ode,21,vc,BW,power,TRUE,TRUE,TP
80,12,ode,21,vc,SEX,cat,TRUE,TRUE,TP
80,12,ode,22,vc,BW,power,TRUE,TRUE,TP
80,12,ode,22,vc,SEX,cat,TRUE,TRUE,TP
80,12,ode,22,cl,BW,power,TRUE,FALSE,FN
80,12,ode,22,cl,BMI,power,FALSE,TRUE,FP
80,12,ode,23,cl,BW,power,TRUE,TRUE,TP
80,12,ode,23,vc,BW,power,TRUE,TRUE,TP
80,12,ode,23,vc,SEX,cat,TRUE,TRUE,TP
80,12,ode,23,cl,BMI,power,FALSE,TRUE,FP
80,12,ode,23,cl,SEX,cat,FALSE,TRUE,FP
80,12,ode,24,vc,BW,power,TRUE,TRUE,TP
80,12,ode,24,vc,SEX,cat,TRUE,TRUE,TP
80,12,ode,24,cl,BW,power,TRUE,FALSE,FN
80,12,ode,24,cl,BMI,power,FALSE,TRUE,FP
80,12,ode,25,cl,BW,power,TRUE,TRUE,TP
80,12,ode,25,vc,BW,power,TRUE,TRUE,TP
80,12,ode,25,vc,SEX,cat,TRUE,TRUE,TP
80,12,ode,26,vc,BW,power,TRUE,TRUE,TP
80,12,ode,26,vc,SEX,cat,TRUE,TRUE,TP
80,12,ode,26,cl,BW,power,TRUE,FALSE,FN
80,12,ode,26,cl,BMI,power,FALSE,TRUE,FP
80,12,ode,27,cl,BW,power,TRUE,TRUE,TP
80,12,ode,27,vc,SEX,cat,TRUE,TRUE,TP
80,12,ode,27,vc,BW,power,TRUE,FALSE,FN
80,12,ode,27,vc,BMI,power,FALSE,TRUE,FP
80,12,ode,28,cl,BW,power,TRUE,TRUE,TP
80,12,ode,28,vc,BW,power,TRUE,TRUE,TP
80,12,ode,28,vc,SEX,cat,TRUE,TRUE,TP
80,12,ode,29,cl,BW,power,TRUE,TRUE,TP
80,12,ode,29,vc,BW,power,TRUE,TRUE,TP
80,12,ode,29,vc,SEX,cat,TRUE,TRUE,TP
80,12,ode,30,cl,BW,power,TRUE,TRUE,TP
80,12,ode,30,vc,SEX,cat,TRUE,TRUE,TP
80,12,ode,30,vc,BW,power,TRUE,FALSE,FN
80,12,ode,30,vc,BMI,power,FALSE,TRUE,FP
80,12,ode,31,cl,BW,power,TRUE,TRUE,TP
80,12,ode,31,vc,BW,power,TRUE,TRUE,TP
80,12,ode,31,vc,SEX,cat,TRUE,TRUE,TP
80,12,ode,31,cl,RACE,cat,FALSE,TRUE,FP
80,12,ode,31,cl,SEX,cat,FALSE,TRUE,FP
80,12,ode,32,cl,BW,power,TRUE,TRUE,TP
80,12,ode,32,vc,SEX,cat,TRUE,TRUE,TP
80,12,ode,32,vc,BW,power,TRUE,FALSE,FN
80,12,ode,32,vc,BMI,power,FALSE,TRUE,FP
80,12,ode,33,cl,BW,power,TRUE,TRUE,TP
80,12,ode,33,vc,BW,power,TRUE,TRUE,TP
80,12,ode,33,vc,SEX,cat,TRUE,TRUE,TP
80,12,ode,33,cl,RACE,cat,FALSE,TRUE,FP
80,12,ode,34,cl,BW,power,TRUE,TRUE,TP
80,12,ode,34,vc,BW,power,TRUE,TRUE,TP
80,12,ode,34,vc,SEX,cat,TRUE,TRUE,TP
80,12,ode,35,cl,BW,power,TRUE,TRUE,TP
80,12,ode,35,vc,BW,power,TRUE,TRUE,TP
80,12,ode,35,vc,SEX,cat,TRUE,TRUE,TP
80,12,ode,36,cl,BW,power,TRUE,TRUE,TP
80,12,ode,36,vc,BW,power,TRUE,TRUE,TP
80,12,ode,36,vc,SEX,cat,TRUE,TRUE,TP
80,12,ode,36,cl,CrCL,power,FALSE,TRUE,FP
80,12,ode,37,cl,BW,power,TRUE,TRUE,TP
80,12,ode,37,vc,BW,power,TRUE,TRUE,TP
80,12,ode,37,vc,SEX,cat,TRUE,TRUE,TP
80,12,ode,37,cl,RACE,cat,FALSE,TRUE,FP
80,12,ode,38,cl,BW,power,TRUE,TRUE,TP
80,12,ode,38,vc,SEX,cat,TRUE,TRUE,TP
80,12,ode,38,vc,BW,power,TRUE,FALSE,FN
80,12,ode,38,vc,BMI,power,FALSE,TRUE,FP
80,12,ode,39,cl,BW,power,TRUE,TRUE,TP
80,12,ode,39,vc,BW,power,TRUE,TRUE,TP
80,12,ode,39,vc,SEX,cat,TRUE,TRUE,TP
80,12,ode,40,cl,BW,power,TRUE,TRUE,TP
80,12,ode,40,vc,SEX,cat,TRUE,TRUE,TP
80,12,ode,40,vc,BW,power,TRUE,FALSE,FN
80,12,ode,40,vc,BMI,power,FALSE,TRUE,FP
80,12,ode,41,cl,BW,power,TRUE,TRUE,TP
80,12,ode,41,vc,BW,power,TRUE,TRUE,TP
80,12,ode,41,vc,SEX,cat,TRUE,TRUE,TP
80,12,ode,42,cl,BW,power,TRUE,TRUE,TP
80,12,ode,42,vc,BW,power,TRUE,TRUE,TP
80,12,ode,42,vc,SEX,cat,TRUE,TRUE,TP
80,12,ode,43,cl,BW,power,TRUE,TRUE,TP
80,12,ode,43,vc,BW,power,TRUE,TRUE,TP
80,12,ode,43,vc,SEX,cat,TRUE,TRUE,TP
80,12,ode,43,cl,CrCL,power,FALSE,TRUE,FP
80,12,ode,44,cl,BW,power,TRUE,TRUE,TP
80,12,ode,44,vc,BW,power,TRUE,TRUE,TP
80,12,ode,44,vc,SEX,cat,TRUE,TRUE,TP
80,12,ode,45,cl,BW,power,TRUE,TRUE,TP
80,12,ode,45,vc,BW,power,TRUE,TRUE,TP
80,12,ode,45,vc,SEX,cat,TRUE,TRUE,TP
80,12,ode,46,cl,BW,power,TRUE,TRUE,TP
80,12,ode,46,vc,BW,power,TRUE,TRUE,TP
80,12,ode,46,vc,SEX,cat,TRUE,TRUE,TP
80,12,ode,47,cl,BW,power,TRUE,TRUE,TP
80,12,ode,47,vc,BW,power,TRUE,TRUE,TP
80,12,ode,47,vc,SEX,cat,TRUE,TRUE,TP
80,12,ode,48,cl,BW,power,TRUE,TRUE,TP
80,12,ode,48,vc,BW,power,TRUE,TRUE,TP
80,12,ode,48,vc,SEX,cat,TRUE,TRUE,TP
80,12,ode,49,cl,BW,power,TRUE,TRUE,TP
80,12,ode,49,vc,SEX,cat,TRUE,TRUE,TP
80,12,ode,49,vc,BW,power,TRUE,FALSE,FN
80,12,ode,49,vc,BMI,power,FALSE,TRUE,FP
80,12,ode,50,cl,BW,power,TRUE,TRUE,TP
80,12,ode,50,vc,BW,power,TRUE,TRUE,TP
80,12,ode,50,vc,SEX,cat,TRUE,TRUE,TP
80,12,ode,51,cl,BW,power,TRUE,TRUE,TP
80,12,ode,51,vc,BW,power,TRUE,TRUE,TP
80,12,ode,51,vc,SEX,cat,TRUE,TRUE,TP
80,12,ode,52,cl,BW,power,TRUE,TRUE,TP
80,12,ode,52,vc,SEX,cat,TRUE,TRUE,TP
80,12,ode,52,vc,BW,power,TRUE,FALSE,FN
80,12,ode,52,vc,BMI,power,FALSE,TRUE,FP
80,12,ode,53,cl,BW,power,TRUE,TRUE,TP
80,12,ode,53,vc,BW,power,TRUE,TRUE,TP
80,12,ode,53,vc,SEX,cat,TRUE,TRUE,TP
80,12,ode,54,cl,BW,power,TRUE,TRUE,TP
80,12,ode,54,vc,BW,power,TRUE,TRUE,TP
80,12,ode,54,vc,SEX,cat,TRUE,TRUE,TP
80,12,ode,54,vc,CrCL,power,FALSE,TRUE,FP
80,12,ode,55,cl,BW,power,TRUE,TRUE,TP
80,12,ode,55,vc,BW,power,TRUE,TRUE,TP
80,12,ode,55,vc,SEX,cat,TRUE,TRUE,TP
80,12,ode,56,cl,BW,power,TRUE,TRUE,TP
80,12,ode,56,vc,BW,power,TRUE,TRUE,TP
80,12,ode,56,vc,SEX,cat,TRUE,TRUE,TP
80,12,ode,57,cl,BW,power,TRUE,TRUE,TP
80,12,ode,57,vc,BW,power,TRUE,TRUE,TP
80,12,ode,57,vc,SEX,cat,TRUE,TRUE,TP
80,12,ode,58,cl,BW,power,TRUE,TRUE,TP
80,12,ode,58,vc,SEX,cat,TRUE,TRUE,TP
80,12,ode,58,vc,BW,power,TRUE,FALSE,FN
80,12,ode,58,vc,BMI,power,FALSE,TRUE,FP
80,12,ode,59,cl,BW,power,TRUE,TRUE,TP
80,12,ode,59,vc,SEX,cat,TRUE,TRUE,TP
80,12,ode,59,vc,BW,power,TRUE,FALSE,FN
80,12,ode,59,vc,BMI,power,FALSE,TRUE,FP
80,12,ode,59,vc,RACE,cat,FALSE,TRUE,FP
80,12,ode,60,cl,BW,power,TRUE,TRUE,TP
80,12,ode,60,vc,BW,power,TRUE,TRUE,TP
80,12,ode,60,vc,SEX,cat,TRUE,TRUE,TP
80,12,ode,61,cl,BW,power,TRUE,TRUE,TP
80,12,ode,61,vc,BW,power,TRUE,TRUE,TP
80,12,ode,61,vc,SEX,cat,TRUE,TRUE,TP
80,12,ode,62,cl,BW,power,TRUE,TRUE,TP
80,12,ode,62,vc,BW,power,TRUE,TRUE,TP
80,12,ode,62,vc,SEX,cat,TRUE,TRUE,TP
80,12,ode,63,cl,BW,power,TRUE,TRUE,TP
80,12,ode,63,vc,SEX,cat,TRUE,TRUE,TP
80,12,ode,63,vc,BW,power,TRUE,FALSE,FN
80,12,ode,63,vc,BMI,power,FALSE,TRUE,FP
80,12,ode,63,cl,CrCL,power,FALSE,TRUE,FP
80,12,ode,64,cl,BW,power,TRUE,TRUE,TP
80,12,ode,64,vc,BW,power,TRUE,TRUE,TP
80,12,ode,64,vc,SEX,cat,TRUE,TRUE,TP
80,12,ode,64,cl,BMI,power,FALSE,TRUE,FP
80,12,ode,64,cl,CrCL,power,FALSE,TRUE,FP
80,12,ode,65,cl,BW,power,TRUE,TRUE,TP
80,12,ode,65,vc,BW,power,TRUE,TRUE,TP
80,12,ode,65,vc,SEX,cat,TRUE,TRUE,TP
80,12,ode,66,cl,BW,power,TRUE,TRUE,TP
80,12,ode,66,vc,BW,power,TRUE,TRUE,TP
80,12,ode,66,vc,SEX,cat,TRUE,TRUE,TP
80,12,ode,67,cl,BW,power,TRUE,TRUE,TP
80,12,ode,67,vc,BW,power,TRUE,TRUE,TP
80,12,ode,67,vc,SEX,cat,TRUE,TRUE,TP
80,12,ode,68,cl,BW,power,TRUE,TRUE,TP
80,12,ode,68,vc,BW,power,TRUE,TRUE,TP
80,12,ode,68,vc,SEX,cat,TRUE,TRUE,TP
80,12,ode,69,cl,BW,power,TRUE,TRUE,TP
80,12,ode,69,vc,SEX,cat,TRUE,TRUE,TP
80,12,ode,69,vc,BW,power,TRUE,FALSE,FN
80,12,ode,69,vc,BMI,power,FALSE,TRUE,FP
80,12,ode,69,cl,BMI,power,FALSE,TRUE,FP
80,12,ode,70,cl,BW,power,TRUE,TRUE,TP
80,12,ode,70,vc,BW,power,TRUE,TRUE,TP
80,12,ode,70,vc,SEX,cat,TRUE,TRUE,TP
80,12,ode,70,vc,RACE,cat,FALSE,TRUE,FP
80,12,ode,70,vc,CrCL,power,FALSE,TRUE,FP
80,12,ode,71,vc,BW,power,TRUE,TRUE,TP
80,12,ode,71,vc,SEX,cat,TRUE,TRUE,TP
80,12,ode,71,cl,BW,power,TRUE,FALSE,FN
80,12,ode,71,cl,BMI,power,FALSE,TRUE,FP
80,12,ode,71,cl,CrCL,power,FALSE,TRUE,FP
80,12,ode,72,cl,BW,power,TRUE,TRUE,TP
80,12,ode,72,vc,BW,power,TRUE,TRUE,TP
80,12,ode,72,vc,SEX,cat,TRUE,TRUE,TP
80,12,ode,73,cl,BW,power,TRUE,TRUE,TP
80,12,ode,73,vc,BW,power,TRUE,TRUE,TP
80,12,ode,73,vc,SEX,cat,TRUE,TRUE,TP
80,12,ode,74,cl,BW,power,TRUE,TRUE,TP
80,12,ode,74,vc,BW,power,TRUE,TRUE,TP
80,12,ode,74,vc,SEX,cat,TRUE,TRUE,TP
80,12,ode,75,vc,BW,power,TRUE,TRUE,TP
80,12,ode,75,vc,SEX,cat,TRUE,TRUE,TP
80,12,ode,75,cl,BW,power,TRUE,FALSE,FN
80,12,ode,75,cl,BMI,power,FALSE,TRUE,FP
80,12,ode,76,cl,BW,power,TRUE,TRUE,TP
80,12,ode,76,vc,BW,power,TRUE,TRUE,TP
80,12,ode,76,vc,SEX,cat,TRUE,TRUE,TP
80,12,ode,76,cl,SEX,cat,FALSE,TRUE,FP
80,12,ode,77,vc,BW,power,TRUE,TRUE,TP
80,12,ode,77,vc,SEX,cat,TRUE,TRUE,TP
80,12,ode,77,cl,BW,power,TRUE,FALSE,FN
80,12,ode,77,cl,BMI,power,FALSE,TRUE,FP
80,12,ode,78,cl,BW,power,TRUE,TRUE,TP
80,12,ode,78,vc,BW,power,TRUE,TRUE,TP
80,12,ode,78,vc,SEX,cat,TRUE,TRUE,TP
80,12,ode,79,vc,BW,power,TRUE,TRUE,TP
80,12,ode,79,vc,SEX,cat,TRUE,TRUE,TP
80,12,ode,79,cl,BW,power,TRUE,FALSE,FN
80,12,ode,79,cl,BMI,power,FALSE,TRUE,FP
80,12,ode,80,cl,BW,power,TRUE,TRUE,TP
80,12,ode,80,vc,BW,power,TRUE,TRUE,TP
80,12,ode,80,vc,SEX,cat,TRUE,TRUE,TP
80,12,ode,81,cl,BW,power,TRUE,TRUE,TP
80,12,ode,81,vc,BW,power,TRUE,TRUE,TP
80,12,ode,81,vc,SEX,cat,TRUE,TRUE,TP
80,12,ode,82,cl,BW,power,TRUE,TRUE,TP
80,12,ode,82,vc,BW,power,TRUE,TRUE,TP
80,12,ode,82,vc,SEX,cat,TRUE,TRUE,TP
80,12,ode,83,cl,BW,power,TRUE,TRUE,TP
80,12,ode,83,vc,BW,power,TRUE,TRUE,TP
80,12,ode,83,vc,SEX,cat,TRUE,TRUE,TP
80,12,ode,83,cl,RACE,cat,FALSE,TRUE,FP
80,12,ode,84,cl,BW,power,TRUE,TRUE,TP
80,12,ode,84,vc,BW,power,TRUE,TRUE,TP
80,12,ode,84,vc,SEX,cat,TRUE,FALSE,FN
80,12,ode,85,cl,BW,power,TRUE,TRUE,TP
80,12,ode,85,vc,BW,power,TRUE,TRUE,TP
80,12,ode,85,vc,SEX,cat,TRUE,TRUE,TP
80,12,ode,86,cl,BW,power,TRUE,TRUE,TP
80,12,ode,86,vc,SEX,cat,TRUE,TRUE,TP
80,12,ode,86,vc,BW,power,TRUE,FALSE,FN
80,12,ode,86,vc,BMI,power,FALSE,TRUE,FP
80,12,ode,87,cl,BW,power,TRUE,TRUE,TP
80,12,ode,87,vc,SEX,cat,TRUE,TRUE,TP
80,12,ode,87,vc,BW,power,TRUE,FALSE,FN
80,12,ode,87,vc,BMI,power,FALSE,TRUE,FP
80,12,ode,88,cl,BW,power,TRUE,TRUE,TP
80,12,ode,88,vc,BW,power,TRUE,TRUE,TP
80,12,ode,88,vc,SEX,cat,TRUE,TRUE,TP
80,12,ode,89,cl,BW,power,TRUE,TRUE,TP
80,12,ode,89,vc,BW,power,TRUE,TRUE,TP
80,12,ode,89,vc,SEX,cat,TRUE,TRUE,TP
80,12,ode,90,vc,SEX,cat,TRUE,TRUE,TP
80,12,ode,90,cl,BW,power,TRUE,FALSE,FN
80,12,ode,90,vc,BW,power,TRUE,FALSE,FN
80,12,ode,90,vc,BMI,power,FALSE,TRUE,FP
80,12,ode,90,cl,BMI,power,FALSE,TRUE,FP
80,12,ode,91,cl,BW,power,TRUE,TRUE,TP
80,12,ode,91,vc,BW,power,TRUE,TRUE,TP
80,12,ode,91,vc,SEX,cat,TRUE,TRUE,TP
80,12,ode,92,vc,BW,power,TRUE,TRUE,TP
80,12,ode,92,vc,SEX,cat,TRUE,TRUE,TP
80,12,ode,92,cl,BW,power,TRUE,FALSE,FN
80,12,ode,92,cl,BMI,power,FALSE,TRUE,FP
80,12,ode,92,cl,SEX,cat,FALSE,TRUE,FP
80,12,ode,93,cl,BW,power,TRUE,TRUE,TP
80,12,ode,93,vc,BW,power,TRUE,TRUE,TP
80,12,ode,93,vc,SEX,cat,TRUE,TRUE,TP
80,12,ode,94,cl,BW,power,TRUE,TRUE,TP
80,12,ode,94,vc,BW,power,TRUE,TRUE,TP
80,12,ode,94,vc,SEX,cat,TRUE,TRUE,TP
80,12,ode,95,cl,BW,power,TRUE,TRUE,TP
80,12,ode,95,vc,BW,power,TRUE,TRUE,TP
80,12,ode,95,vc,SEX,cat,TRUE,TRUE,TP
80,12,ode,96,cl,BW,power,TRUE,TRUE,TP
80,12,ode,96,vc,BW,power,TRUE,TRUE,TP
80,12,ode,96,vc,SEX,cat,TRUE,TRUE,TP
80,12,ode,97,cl,BW,power,TRUE,TRUE,TP
80,12,ode,97,vc,BW,power,TRUE,TRUE,TP
80,12,ode,97,vc,SEX,cat,TRUE,TRUE,TP
80,12,ode,98,cl,BW,power,TRUE,TRUE,TP
80,12,ode,98,vc,BW,power,TRUE,TRUE,TP
80,12,ode,98,vc,SEX,cat,TRUE,TRUE,TP
80,12,ode,99,cl,BW,power,TRUE,TRUE,TP
80,12,ode,99,vc,BW,power,TRUE,TRUE,TP
80,12,ode,99,vc,SEX,cat,TRUE,TRUE,TP
80,12,ode,100,cl,BW,power,TRUE,TRUE,TP
80,12,ode,100,vc,BW,power,TRUE,TRUE,TP
80,12,ode,100,vc,SEX,cat,TRUE,TRUE,TP
80,13,linCmt,1,cl,BW,power,TRUE,TRUE,TP
80,13,linCmt,1,cl,CrCL,power,TRUE,TRUE,TP
80,13,linCmt,2,cl,BW,power,TRUE,TRUE,TP
80,13,linCmt,2,cl,CrCL,power,TRUE,TRUE,TP
80,13,linCmt,3,cl,BW,power,TRUE,TRUE,TP
80,13,linCmt,3,cl,CrCL,power,TRUE,TRUE,TP
80,13,linCmt,3,vc,CrCL,power,FALSE,TRUE,FP
80,13,linCmt,4,cl,BW,power,TRUE,TRUE,TP
80,13,linCmt,4,cl,CrCL,power,TRUE,TRUE,TP
80,13,linCmt,5,cl,BW,power,TRUE,TRUE,TP
80,13,linCmt,5,cl,CrCL,power,TRUE,TRUE,TP
80,13,linCmt,6,cl,BW,power,TRUE,TRUE,TP
80,13,linCmt,6,cl,CrCL,power,TRUE,TRUE,TP
80,13,linCmt,7,cl,BW,power,TRUE,TRUE,TP
80,13,linCmt,7,cl,CrCL,power,TRUE,TRUE,TP
80,13,linCmt,8,cl,BW,power,TRUE,TRUE,TP
80,13,linCmt,8,cl,CrCL,power,TRUE,TRUE,TP
80,13,linCmt,9,cl,BW,power,TRUE,TRUE,TP
80,13,linCmt,9,cl,CrCL,power,TRUE,TRUE,TP
80,13,linCmt,10,cl,BW,power,TRUE,TRUE,TP
80,13,linCmt,10,cl,CrCL,power,TRUE,TRUE,TP
80,13,linCmt,11,cl,CrCL,power,TRUE,TRUE,TP
80,13,linCmt,11,cl,BW,power,TRUE,FALSE,FN
80,13,linCmt,11,cl,BMI,power,FALSE,TRUE,FP
80,13,linCmt,12,cl,BW,power,TRUE,TRUE,TP
80,13,linCmt,12,cl,CrCL,power,TRUE,TRUE,TP
80,13,linCmt,13,cl,BW,power,TRUE,TRUE,TP
80,13,linCmt,13,cl,CrCL,power,TRUE,TRUE,TP
80,13,linCmt,14,cl,BW,power,TRUE,TRUE,TP
80,13,linCmt,14,cl,CrCL,power,TRUE,TRUE,TP
80,13,linCmt,15,cl,CrCL,power,TRUE,TRUE,TP
80,13,linCmt,15,cl,BW,power,TRUE,FALSE,FN
80,13,linCmt,15,cl,BMI,power,FALSE,TRUE,FP
80,13,linCmt,15,vc,CrCL,power,FALSE,TRUE,FP
80,13,linCmt,16,cl,CrCL,power,TRUE,TRUE,TP
80,13,linCmt,16,cl,BW,power,TRUE,FALSE,FN
80,13,linCmt,16,cl,BMI,power,FALSE,TRUE,FP
80,13,linCmt,17,cl,BW,power,TRUE,TRUE,TP
80,13,linCmt,17,cl,CrCL,power,TRUE,TRUE,TP
80,13,linCmt,18,cl,BW,power,TRUE,TRUE,TP
80,13,linCmt,18,cl,CrCL,power,TRUE,TRUE,TP
80,13,linCmt,19,cl,CrCL,power,TRUE,TRUE,TP
80,13,linCmt,19,cl,BW,power,TRUE,FALSE,FN
80,13,linCmt,20,cl,BW,power,TRUE,TRUE,TP
80,13,linCmt,20,cl,CrCL,power,TRUE,TRUE,TP
80,13,linCmt,21,cl,BW,power,TRUE,TRUE,TP
80,13,linCmt,21,cl,CrCL,power,TRUE,TRUE,TP
80,13,linCmt,22,cl,BW,power,TRUE,TRUE,TP
80,13,linCmt,22,cl,CrCL,power,TRUE,TRUE,TP
80,13,linCmt,23,cl,BW,power,TRUE,TRUE,TP
80,13,linCmt,23,cl,CrCL,power,TRUE,TRUE,TP
80,13,linCmt,23,vc,CrCL,power,FALSE,TRUE,FP
80,13,linCmt,24,cl,BW,power,TRUE,TRUE,TP
80,13,linCmt,24,cl,CrCL,power,TRUE,TRUE,TP
80,13,linCmt,24,cl,BMI,power,FALSE,TRUE,FP
80,13,linCmt,25,cl,BW,power,TRUE,TRUE,TP
80,13,linCmt,25,cl,CrCL,power,TRUE,TRUE,TP
80,13,linCmt,25,vc,BMI,power,FALSE,TRUE,FP
80,13,linCmt,26,cl,BW,power,TRUE,TRUE,TP
80,13,linCmt,26,cl,CrCL,power,TRUE,TRUE,TP
80,13,linCmt,27,cl,BW,power,TRUE,TRUE,TP
80,13,linCmt,27,cl,CrCL,power,TRUE,TRUE,TP
80,13,linCmt,28,cl,BW,power,TRUE,TRUE,TP
80,13,linCmt,28,cl,CrCL,power,TRUE,TRUE,TP
80,13,linCmt,29,cl,BW,power,TRUE,TRUE,TP
80,13,linCmt,29,cl,CrCL,power,TRUE,TRUE,TP
80,13,linCmt,30,cl,BW,power,TRUE,TRUE,TP
80,13,linCmt,30,cl,CrCL,power,TRUE,TRUE,TP
80,13,linCmt,31,cl,BW,power,TRUE,TRUE,TP
80,13,linCmt,31,cl,CrCL,power,TRUE,TRUE,TP
80,13,linCmt,32,cl,BW,power,TRUE,TRUE,TP
80,13,linCmt,32,cl,CrCL,power,TRUE,TRUE,TP
80,13,linCmt,32,vc,BW,power,FALSE,TRUE,FP
80,13,linCmt,33,cl,CrCL,power,TRUE,TRUE,TP
80,13,linCmt,33,cl,BW,power,TRUE,FALSE,FN
80,13,linCmt,33,cl,BMI,power,FALSE,TRUE,FP
80,13,linCmt,34,cl,BW,power,TRUE,TRUE,TP
80,13,linCmt,34,cl,CrCL,power,TRUE,TRUE,TP
80,13,linCmt,34,vc,CrCL,power,FALSE,TRUE,FP
80,13,linCmt,35,cl,BW,power,TRUE,TRUE,TP
80,13,linCmt,35,cl,CrCL,power,TRUE,TRUE,TP
80,13,linCmt,36,cl,BW,power,TRUE,TRUE,TP
80,13,linCmt,36,cl,CrCL,power,TRUE,TRUE,TP
80,13,linCmt,37,cl,BW,power,TRUE,TRUE,TP
80,13,linCmt,37,cl,CrCL,power,TRUE,TRUE,TP
80,13,linCmt,38,cl,BW,power,TRUE,TRUE,TP
80,13,linCmt,38,cl,CrCL,power,TRUE,TRUE,TP
80,13,linCmt,38,vc,BW,power,FALSE,TRUE,FP
80,13,linCmt,39,cl,BW,power,TRUE,TRUE,TP
80,13,linCmt,39,cl,CrCL,power,TRUE,TRUE,TP
80,13,linCmt,40,cl,BW,power,TRUE,TRUE,TP
80,13,linCmt,40,cl,CrCL,power,TRUE,TRUE,TP
80,13,linCmt,41,cl,BW,power,TRUE,TRUE,TP
80,13,linCmt,41,cl,CrCL,power,TRUE,TRUE,TP
80,13,linCmt,42,cl,BW,power,TRUE,TRUE,TP
80,13,linCmt,42,cl,CrCL,power,TRUE,TRUE,TP
80,13,linCmt,43,cl,BW,power,TRUE,TRUE,TP
80,13,linCmt,43,cl,CrCL,power,TRUE,TRUE,TP
80,13,linCmt,43,vc,RACE,cat,FALSE,TRUE,FP
80,13,linCmt,44,cl,BW,power,TRUE,TRUE,TP
80,13,linCmt,44,cl,CrCL,power,TRUE,TRUE,TP
80,13,linCmt,45,cl,BW,power,TRUE,TRUE,TP
80,13,linCmt,45,cl,CrCL,power,TRUE,TRUE,TP
80,13,linCmt,46,cl,BW,power,TRUE,TRUE,TP
80,13,linCmt,46,cl,CrCL,power,TRUE,TRUE,TP
80,13,linCmt,47,cl,BW,power,TRUE,TRUE,TP
80,13,linCmt,47,cl,CrCL,power,TRUE,TRUE,TP
80,13,linCmt,48,cl,BW,power,TRUE,TRUE,TP
80,13,linCmt,48,cl,CrCL,power,TRUE,TRUE,TP
80,13,linCmt,49,cl,CrCL,power,TRUE,TRUE,TP
80,13,linCmt,49,cl,BW,power,TRUE,FALSE,FN
80,13,linCmt,49,cl,BMI,power,FALSE,TRUE,FP
80,13,linCmt,49,cl,SEX,cat,FALSE,TRUE,FP
80,13,linCmt,50,cl,BW,power,TRUE,TRUE,TP
80,13,linCmt,50,cl,CrCL,power,TRUE,TRUE,TP
80,13,linCmt,51,cl,CrCL,power,TRUE,TRUE,TP
80,13,linCmt,51,cl,BW,power,TRUE,FALSE,FN
80,13,linCmt,51,cl,BMI,power,FALSE,TRUE,FP
80,13,linCmt,52,cl,BW,power,TRUE,TRUE,TP
80,13,linCmt,52,cl,CrCL,power,TRUE,TRUE,TP
80,13,linCmt,53,cl,BW,power,TRUE,TRUE,TP
80,13,linCmt,53,cl,CrCL,power,TRUE,TRUE,TP
80,13,linCmt,53,cl,SEX,cat,FALSE,TRUE,FP
80,13,linCmt,54,cl,BW,power,TRUE,TRUE,TP
80,13,linCmt,54,cl,CrCL,power,TRUE,TRUE,TP
80,13,linCmt,55,cl,CrCL,power,TRUE,TRUE,TP
80,13,linCmt,55,cl,BW,power,TRUE,FALSE,FN
80,13,linCmt,55,cl,BMI,power,FALSE,TRUE,FP
80,13,linCmt,55,cl,SEX,cat,FALSE,TRUE,FP
80,13,linCmt,56,cl,BW,power,TRUE,TRUE,TP
80,13,linCmt,56,cl,CrCL,power,TRUE,TRUE,TP
80,13,linCmt,57,cl,CrCL,power,TRUE,TRUE,TP
80,13,linCmt,57,cl,BW,power,TRUE,FALSE,FN
80,13,linCmt,57,cl,BMI,power,FALSE,TRUE,FP
80,13,linCmt,58,cl,BW,power,TRUE,TRUE,TP
80,13,linCmt,58,cl,CrCL,power,TRUE,TRUE,TP
80,13,linCmt,59,cl,BW,power,TRUE,TRUE,TP
80,13,linCmt,59,cl,CrCL,power,TRUE,TRUE,TP
80,13,linCmt,60,cl,BW,power,TRUE,TRUE,TP
80,13,linCmt,60,cl,CrCL,power,TRUE,TRUE,TP
80,13,linCmt,61,cl,BW,power,TRUE,TRUE,TP
80,13,linCmt,61,cl,CrCL,power,TRUE,TRUE,TP
80,13,linCmt,62,cl,CrCL,power,TRUE,TRUE,TP
80,13,linCmt,62,cl,BW,power,TRUE,FALSE,FN
80,13,linCmt,62,cl,BMI,power,FALSE,TRUE,FP
80,13,linCmt,62,vc,CrCL,power,FALSE,TRUE,FP
80,13,linCmt,62,cl,SEX,cat,FALSE,TRUE,FP
80,13,linCmt,63,cl,BW,power,TRUE,TRUE,TP
80,13,linCmt,63,cl,CrCL,power,TRUE,TRUE,TP
80,13,linCmt,64,cl,BW,power,TRUE,TRUE,TP
80,13,linCmt,64,cl,CrCL,power,TRUE,TRUE,TP
80,13,linCmt,65,cl,BW,power,TRUE,TRUE,TP
80,13,linCmt,65,cl,CrCL,power,TRUE,TRUE,TP
80,13,linCmt,65,vc,RACE,cat,FALSE,TRUE,FP
80,13,linCmt,66,cl,BW,power,TRUE,TRUE,TP
80,13,linCmt,66,cl,CrCL,power,TRUE,TRUE,TP
80,13,linCmt,67,cl,BW,power,TRUE,TRUE,TP
80,13,linCmt,67,cl,CrCL,power,TRUE,TRUE,TP
80,13,linCmt,68,cl,BW,power,TRUE,TRUE,TP
80,13,linCmt,68,cl,CrCL,power,TRUE,TRUE,TP
80,13,linCmt,69,cl,BW,power,TRUE,TRUE,TP
80,13,linCmt,69,cl,CrCL,power,TRUE,TRUE,TP
80,13,linCmt,70,cl,BW,power,TRUE,TRUE,TP
80,13,linCmt,70,cl,CrCL,power,TRUE,TRUE,TP
80,13,linCmt,71,cl,BW,power,TRUE,TRUE,TP
80,13,linCmt,71,cl,CrCL,power,TRUE,TRUE,TP
80,13,linCmt,72,cl,BW,power,TRUE,TRUE,TP
80,13,linCmt,72,cl,CrCL,power,TRUE,TRUE,TP
80,13,linCmt,73,cl,BW,power,TRUE,TRUE,TP
80,13,linCmt,73,cl,CrCL,power,TRUE,TRUE,TP
80,13,linCmt,74,cl,BW,power,TRUE,TRUE,TP
80,13,linCmt,74,cl,CrCL,power,TRUE,TRUE,TP
80,13,linCmt,74,vc,BW,power,FALSE,TRUE,FP
80,13,linCmt,74,vc,BMI,power,FALSE,TRUE,FP
80,13,linCmt,74,vc,SEX,cat,FALSE,TRUE,FP
80,13,linCmt,75,cl,BW,power,TRUE,TRUE,TP
80,13,linCmt,75,cl,CrCL,power,TRUE,TRUE,TP
80,13,linCmt,76,cl,CrCL,power,TRUE,TRUE,TP
80,13,linCmt,76,cl,BW,power,TRUE,FALSE,FN
80,13,linCmt,76,cl,BMI,power,FALSE,TRUE,FP
80,13,linCmt,76,vc,CrCL,power,FALSE,TRUE,FP
80,13,linCmt,77,cl,CrCL,power,TRUE,TRUE,TP
80,13,linCmt,77,cl,BW,power,TRUE,FALSE,FN
80,13,linCmt,77,cl,BMI,power,FALSE,TRUE,FP
80,13,linCmt,78,cl,BW,power,TRUE,TRUE,TP
80,13,linCmt,78,cl,CrCL,power,TRUE,TRUE,TP
80,13,linCmt,78,cl,SEX,cat,FALSE,TRUE,FP
80,13,linCmt,79,cl,CrCL,power,TRUE,TRUE,TP
80,13,linCmt,79,cl,BW,power,TRUE,FALSE,FN
80,13,linCmt,79,cl,BMI,power,FALSE,TRUE,FP
80,13,linCmt,79,vc,BMI,power,FALSE,TRUE,FP
80,13,linCmt,79,cl,RACE,cat,FALSE,TRUE,FP
80,13,linCmt,80,cl,BW,power,TRUE,TRUE,TP
80,13,linCmt,80,cl,CrCL,power,TRUE,TRUE,TP
80,13,linCmt,80,vc,BMI,power,FALSE,TRUE,FP
80,13,linCmt,81,cl,BW,power,TRUE,TRUE,TP
80,13,linCmt,81,cl,CrCL,power,TRUE,TRUE,TP
80,13,linCmt,81,vc,BMI,power,FALSE,TRUE,FP
80,13,linCmt,82,cl,BW,power,TRUE,TRUE,TP
80,13,linCmt,82,cl,CrCL,power,TRUE,TRUE,TP
80,13,linCmt,83,cl,BW,power,TRUE,TRUE,TP
80,13,linCmt,83,cl,CrCL,power,TRUE,TRUE,TP
80,13,linCmt,83,vc,BW,power,FALSE,TRUE,FP
80,13,linCmt,84,cl,BW,power,TRUE,TRUE,TP
80,13,linCmt,84,cl,CrCL,power,TRUE,TRUE,TP
80,13,linCmt,85,cl,BW,power,TRUE,TRUE,TP
80,13,linCmt,85,cl,CrCL,power,TRUE,TRUE,TP
80,13,linCmt,86,cl,BW,power,TRUE,TRUE,TP
80,13,linCmt,86,cl,CrCL,power,TRUE,TRUE,TP
80,13,linCmt,87,cl,BW,power,TRUE,TRUE,TP
80,13,linCmt,87,cl,CrCL,power,TRUE,TRUE,TP
80,13,linCmt,88,cl,BW,power,TRUE,TRUE,TP
80,13,linCmt,88,cl,CrCL,power,TRUE,TRUE,TP
80,13,linCmt,88,vc,CrCL,power,FALSE,TRUE,FP
80,13,linCmt,89,cl,BW,power,TRUE,TRUE,TP
80,13,linCmt,89,cl,CrCL,power,TRUE,TRUE,TP
80,13,linCmt,90,cl,BW,power,TRUE,TRUE,TP
80,13,linCmt,90,cl,CrCL,power,TRUE,TRUE,TP
80,13,linCmt,91,cl,BW,power,TRUE,TRUE,TP
80,13,linCmt,91,cl,CrCL,power,TRUE,TRUE,TP
80,13,linCmt,91,cl,SEX,cat,FALSE,TRUE,FP
80,13,linCmt,92,cl,BW,power,TRUE,TRUE,TP
80,13,linCmt,92,cl,CrCL,power,TRUE,TRUE,TP
80,13,linCmt,92,vc,BMI,power,FALSE,TRUE,FP
80,13,linCmt,92,vc,RACE,cat,FALSE,TRUE,FP
80,13,linCmt,93,cl,BW,power,TRUE,TRUE,TP
80,13,linCmt,93,cl,CrCL,power,TRUE,TRUE,TP
80,13,linCmt,94,cl,BW,power,TRUE,TRUE,TP
80,13,linCmt,94,cl,CrCL,power,TRUE,TRUE,TP
80,13,linCmt,95,cl,BW,power,TRUE,TRUE,TP
80,13,linCmt,95,cl,CrCL,power,TRUE,TRUE,TP
80,13,linCmt,96,cl,BW,power,TRUE,TRUE,TP
80,13,linCmt,96,cl,CrCL,power,TRUE,TRUE,TP
80,13,linCmt,97,cl,BW,power,TRUE,TRUE,TP
80,13,linCmt,97,cl,CrCL,power,TRUE,TRUE,TP
80,13,linCmt,97,vc,BW,power,FALSE,TRUE,FP
80,13,linCmt,98,cl,CrCL,power,TRUE,TRUE,TP
80,13,linCmt,98,cl,BW,power,TRUE,FALSE,FN
80,13,linCmt,98,cl,BMI,power,FALSE,TRUE,FP
80,13,linCmt,99,cl,BW,power,TRUE,TRUE,TP
80,13,linCmt,99,cl,CrCL,power,TRUE,TRUE,TP
80,13,linCmt,100,cl,BW,power,TRUE,TRUE,TP
80,13,linCmt,100,cl,CrCL,power,TRUE,TRUE,TP
80,13,ode,1,cl,BW,power,TRUE,TRUE,TP
80,13,ode,1,cl,CrCL,power,TRUE,TRUE,TP
80,13,ode,2,cl,BW,power,TRUE,TRUE,TP
80,13,ode,2,cl,CrCL,power,TRUE,TRUE,TP
80,13,ode,3,cl,BW,power,TRUE,TRUE,TP
80,13,ode,3,cl,CrCL,power,TRUE,TRUE,TP
80,13,ode,3,vc,CrCL,power,FALSE,TRUE,FP
80,13,ode,4,cl,BW,power,TRUE,TRUE,TP
80,13,ode,4,cl,CrCL,power,TRUE,TRUE,TP
80,13,ode,5,cl,BW,power,TRUE,TRUE,TP
80,13,ode,5,cl,CrCL,power,TRUE,TRUE,TP
80,13,ode,6,cl,BW,power,TRUE,TRUE,TP
80,13,ode,6,cl,CrCL,power,TRUE,TRUE,TP
80,13,ode,7,cl,BW,power,TRUE,TRUE,TP
80,13,ode,7,cl,CrCL,power,TRUE,TRUE,TP
80,13,ode,8,cl,BW,power,TRUE,TRUE,TP
80,13,ode,8,cl,CrCL,power,TRUE,TRUE,TP
80,13,ode,9,cl,BW,power,TRUE,TRUE,TP
80,13,ode,9,cl,CrCL,power,TRUE,TRUE,TP
80,13,ode,10,cl,BW,power,TRUE,TRUE,TP
80,13,ode,10,cl,CrCL,power,TRUE,TRUE,TP
80,13,ode,11,cl,CrCL,power,TRUE,TRUE,TP
80,13,ode,11,cl,BW,power,TRUE,FALSE,FN
80,13,ode,11,cl,BMI,power,FALSE,TRUE,FP
80,13,ode,12,cl,BW,power,TRUE,TRUE,TP
80,13,ode,12,cl,CrCL,power,TRUE,TRUE,TP
80,13,ode,13,cl,BW,power,TRUE,TRUE,TP
80,13,ode,13,cl,CrCL,power,TRUE,TRUE,TP
80,13,ode,14,cl,BW,power,TRUE,TRUE,TP
80,13,ode,14,cl,CrCL,power,TRUE,TRUE,TP
80,13,ode,15,cl,CrCL,power,TRUE,TRUE,TP
80,13,ode,15,cl,BW,power,TRUE,FALSE,FN
80,13,ode,15,cl,BMI,power,FALSE,TRUE,FP
80,13,ode,15,vc,CrCL,power,FALSE,TRUE,FP
80,13,ode,16,cl,CrCL,power,TRUE,TRUE,TP
80,13,ode,16,cl,BW,power,TRUE,FALSE,FN
80,13,ode,16,cl,BMI,power,FALSE,TRUE,FP
80,13,ode,17,cl,BW,power,TRUE,TRUE,TP
80,13,ode,17,cl,CrCL,power,TRUE,TRUE,TP
80,13,ode,18,cl,BW,power,TRUE,TRUE,TP
80,13,ode,18,cl,CrCL,power,TRUE,TRUE,TP
80,13,ode,19,cl,CrCL,power,TRUE,TRUE,TP
80,13,ode,19,cl,BW,power,TRUE,FALSE,FN
80,13,ode,20,cl,BW,power,TRUE,TRUE,TP
80,13,ode,20,cl,CrCL,power,TRUE,TRUE,TP
80,13,ode,21,cl,BW,power,TRUE,TRUE,TP
80,13,ode,21,cl,CrCL,power,TRUE,TRUE,TP
80,13,ode,22,cl,BW,power,TRUE,TRUE,TP
80,13,ode,22,cl,CrCL,power,TRUE,TRUE,TP
80,13,ode,23,cl,BW,power,TRUE,TRUE,TP
80,13,ode,23,cl,CrCL,power,TRUE,TRUE,TP
80,13,ode,23,vc,CrCL,power,FALSE,TRUE,FP
80,13,ode,24,cl,BW,power,TRUE,TRUE,TP
80,13,ode,24,cl,CrCL,power,TRUE,TRUE,TP
80,13,ode,24,cl,BMI,power,FALSE,TRUE,FP
80,13,ode,25,cl,BW,power,TRUE,TRUE,TP
80,13,ode,25,cl,CrCL,power,TRUE,TRUE,TP
80,13,ode,25,vc,BMI,power,FALSE,TRUE,FP
80,13,ode,26,cl,BW,power,TRUE,TRUE,TP
80,13,ode,26,cl,CrCL,power,TRUE,TRUE,TP
80,13,ode,27,cl,BW,power,TRUE,TRUE,TP
80,13,ode,27,cl,CrCL,power,TRUE,TRUE,TP
80,13,ode,28,cl,BW,power,TRUE,TRUE,TP
80,13,ode,28,cl,CrCL,power,TRUE,TRUE,TP
80,13,ode,29,cl,BW,power,TRUE,TRUE,TP
80,13,ode,29,cl,CrCL,power,TRUE,TRUE,TP
80,13,ode,30,cl,BW,power,TRUE,TRUE,TP
80,13,ode,30,cl,CrCL,power,TRUE,TRUE,TP
80,13,ode,31,cl,BW,power,TRUE,TRUE,TP
80,13,ode,31,cl,CrCL,power,TRUE,TRUE,TP
80,13,ode,32,cl,BW,power,TRUE,TRUE,TP
80,13,ode,32,cl,CrCL,power,TRUE,TRUE,TP
80,13,ode,32,vc,BW,power,FALSE,TRUE,FP
80,13,ode,33,cl,CrCL,power,TRUE,TRUE,TP
80,13,ode,33,cl,BW,power,TRUE,FALSE,FN
80,13,ode,33,cl,BMI,power,FALSE,TRUE,FP
80,13,ode,34,cl,BW,power,TRUE,TRUE,TP
80,13,ode,34,cl,CrCL,power,TRUE,TRUE,TP
80,13,ode,34,vc,CrCL,power,FALSE,TRUE,FP
80,13,ode,35,cl,BW,power,TRUE,TRUE,TP
80,13,ode,35,cl,CrCL,power,TRUE,TRUE,TP
80,13,ode,36,cl,BW,power,TRUE,TRUE,TP
80,13,ode,36,cl,CrCL,power,TRUE,TRUE,TP
80,13,ode,37,cl,BW,power,TRUE,TRUE,TP
80,13,ode,37,cl,CrCL,power,TRUE,TRUE,TP
80,13,ode,38,cl,BW,power,TRUE,TRUE,TP
80,13,ode,38,cl,CrCL,power,TRUE,TRUE,TP
80,13,ode,38,vc,BW,power,FALSE,TRUE,FP
80,13,ode,39,cl,BW,power,TRUE,TRUE,TP
80,13,ode,39,cl,CrCL,power,TRUE,TRUE,TP
80,13,ode,40,cl,BW,power,TRUE,TRUE,TP
80,13,ode,40,cl,CrCL,power,TRUE,TRUE,TP
80,13,ode,41,cl,BW,power,TRUE,TRUE,TP
80,13,ode,41,cl,CrCL,power,TRUE,TRUE,TP
80,13,ode,42,cl,BW,power,TRUE,TRUE,TP
80,13,ode,42,cl,CrCL,power,TRUE,TRUE,TP
80,13,ode,43,cl,BW,power,TRUE,TRUE,TP
80,13,ode,43,cl,CrCL,power,TRUE,TRUE,TP
80,13,ode,43,vc,RACE,cat,FALSE,TRUE,FP
80,13,ode,44,cl,BW,power,TRUE,TRUE,TP
80,13,ode,44,cl,CrCL,power,TRUE,TRUE,TP
80,13,ode,45,cl,BW,power,TRUE,TRUE,TP
80,13,ode,45,cl,CrCL,power,TRUE,TRUE,TP
80,13,ode,46,cl,BW,power,TRUE,TRUE,TP
80,13,ode,46,cl,CrCL,power,TRUE,TRUE,TP
80,13,ode,47,cl,BW,power,TRUE,TRUE,TP
80,13,ode,47,cl,CrCL,power,TRUE,TRUE,TP
80,13,ode,48,cl,BW,power,TRUE,TRUE,TP
80,13,ode,48,cl,CrCL,power,TRUE,TRUE,TP
80,13,ode,49,cl,CrCL,power,TRUE,TRUE,TP
80,13,ode,49,cl,BW,power,TRUE,FALSE,FN
80,13,ode,49,cl,BMI,power,FALSE,TRUE,FP
80,13,ode,49,cl,SEX,cat,FALSE,TRUE,FP
80,13,ode,50,cl,BW,power,TRUE,TRUE,TP
80,13,ode,50,cl,CrCL,power,TRUE,TRUE,TP
80,13,ode,51,cl,CrCL,power,TRUE,TRUE,TP
80,13,ode,51,cl,BW,power,TRUE,FALSE,FN
80,13,ode,51,cl,BMI,power,FALSE,TRUE,FP
80,13,ode,52,cl,BW,power,TRUE,TRUE,TP
80,13,ode,52,cl,CrCL,power,TRUE,TRUE,TP
80,13,ode,53,cl,BW,power,TRUE,TRUE,TP
80,13,ode,53,cl,CrCL,power,TRUE,TRUE,TP
80,13,ode,53,cl,SEX,cat,FALSE,TRUE,FP
80,13,ode,54,cl,BW,power,TRUE,TRUE,TP
80,13,ode,54,cl,CrCL,power,TRUE,TRUE,TP
80,13,ode,55,cl,CrCL,power,TRUE,TRUE,TP
80,13,ode,55,cl,BW,power,TRUE,FALSE,FN
80,13,ode,55,cl,BMI,power,FALSE,TRUE,FP
80,13,ode,55,cl,SEX,cat,FALSE,TRUE,FP
80,13,ode,56,cl,BW,power,TRUE,TRUE,TP
80,13,ode,56,cl,CrCL,power,TRUE,TRUE,TP
80,13,ode,57,cl,CrCL,power,TRUE,TRUE,TP
80,13,ode,57,cl,BW,power,TRUE,FALSE,FN
80,13,ode,57,cl,BMI,power,FALSE,TRUE,FP
80,13,ode,58,cl,BW,power,TRUE,TRUE,TP
80,13,ode,58,cl,CrCL,power,TRUE,TRUE,TP
80,13,ode,59,cl,BW,power,TRUE,TRUE,TP
80,13,ode,59,cl,CrCL,power,TRUE,TRUE,TP
80,13,ode,60,cl,BW,power,TRUE,TRUE,TP
80,13,ode,60,cl,CrCL,power,TRUE,TRUE,TP
80,13,ode,61,cl,BW,power,TRUE,TRUE,TP
80,13,ode,61,cl,CrCL,power,TRUE,TRUE,TP
80,13,ode,62,cl,CrCL,power,TRUE,TRUE,TP
80,13,ode,62,cl,BW,power,TRUE,FALSE,FN
80,13,ode,62,cl,BMI,power,FALSE,TRUE,FP
80,13,ode,62,vc,CrCL,power,FALSE,TRUE,FP
80,13,ode,62,cl,SEX,cat,FALSE,TRUE,FP
80,13,ode,63,cl,BW,power,TRUE,TRUE,TP
80,13,ode,63,cl,CrCL,power,TRUE,TRUE,TP
80,13,ode,64,cl,BW,power,TRUE,TRUE,TP
80,13,ode,64,cl,CrCL,power,TRUE,TRUE,TP
80,13,ode,65,cl,BW,power,TRUE,TRUE,TP
80,13,ode,65,cl,CrCL,power,TRUE,TRUE,TP
80,13,ode,65,vc,RACE,cat,FALSE,TRUE,FP
80,13,ode,66,cl,BW,power,TRUE,TRUE,TP
80,13,ode,66,cl,CrCL,power,TRUE,TRUE,TP
80,13,ode,67,cl,BW,power,TRUE,TRUE,TP
80,13,ode,67,cl,CrCL,power,TRUE,TRUE,TP
80,13,ode,68,cl,BW,power,TRUE,TRUE,TP
80,13,ode,68,cl,CrCL,power,TRUE,TRUE,TP
80,13,ode,69,cl,BW,power,TRUE,TRUE,TP
80,13,ode,69,cl,CrCL,power,TRUE,TRUE,TP
80,13,ode,70,cl,BW,power,TRUE,TRUE,TP
80,13,ode,70,cl,CrCL,power,TRUE,TRUE,TP
80,13,ode,71,cl,BW,power,TRUE,TRUE,TP
80,13,ode,71,cl,CrCL,power,TRUE,TRUE,TP
80,13,ode,72,cl,BW,power,TRUE,TRUE,TP
80,13,ode,72,cl,CrCL,power,TRUE,TRUE,TP
80,13,ode,73,cl,CrCL,power,TRUE,TRUE,TP
80,13,ode,73,cl,BW,power,TRUE,FALSE,FN
80,13,ode,73,cl,BMI,power,FALSE,TRUE,FP
80,13,ode,73,vc,SEX,cat,FALSE,TRUE,FP
80,13,ode,74,cl,BW,power,TRUE,TRUE,TP
80,13,ode,74,cl,CrCL,power,TRUE,TRUE,TP
80,13,ode,75,cl,BW,power,TRUE,TRUE,TP
80,13,ode,75,cl,CrCL,power,TRUE,TRUE,TP
80,13,ode,76,cl,CrCL,power,TRUE,TRUE,TP
80,13,ode,76,cl,BW,power,TRUE,FALSE,FN
80,13,ode,76,cl,BMI,power,FALSE,TRUE,FP
80,13,ode,76,vc,CrCL,power,FALSE,TRUE,FP
80,13,ode,77,cl,CrCL,power,TRUE,TRUE,TP
80,13,ode,77,cl,BW,power,TRUE,FALSE,FN
80,13,ode,77,cl,BMI,power,FALSE,TRUE,FP
80,13,ode,78,cl,BW,power,TRUE,TRUE,TP
80,13,ode,78,cl,CrCL,power,TRUE,TRUE,TP
80,13,ode,78,cl,SEX,cat,FALSE,TRUE,FP
80,13,ode,79,cl,CrCL,power,TRUE,TRUE,TP
80,13,ode,79,cl,BW,power,TRUE,FALSE,FN
80,13,ode,79,cl,BMI,power,FALSE,TRUE,FP
80,13,ode,79,vc,BMI,power,FALSE,TRUE,FP
80,13,ode,79,cl,RACE,cat,FALSE,TRUE,FP
80,13,ode,80,cl,BW,power,TRUE,TRUE,TP
80,13,ode,80,cl,CrCL,power,TRUE,TRUE,TP
80,13,ode,81,cl,BW,power,TRUE,TRUE,TP
80,13,ode,81,cl,CrCL,power,TRUE,TRUE,TP
80,13,ode,81,vc,BMI,power,FALSE,TRUE,FP
80,13,ode,82,cl,BW,power,TRUE,TRUE,TP
80,13,ode,82,cl,CrCL,power,TRUE,TRUE,TP
80,13,ode,83,cl,BW,power,TRUE,TRUE,TP
80,13,ode,83,cl,CrCL,power,TRUE,TRUE,TP
80,13,ode,83,vc,BW,power,FALSE,TRUE,FP
80,13,ode,84,cl,BW,power,TRUE,TRUE,TP
80,13,ode,84,cl,CrCL,power,TRUE,TRUE,TP
80,13,ode,85,cl,BW,power,TRUE,TRUE,TP
80,13,ode,85,cl,CrCL,power,TRUE,TRUE,TP
80,13,ode,86,cl,BW,power,TRUE,TRUE,TP
80,13,ode,86,cl,CrCL,power,TRUE,TRUE,TP
80,13,ode,87,cl,BW,power,TRUE,TRUE,TP
80,13,ode,87,cl,CrCL,power,TRUE,TRUE,TP
80,13,ode,88,cl,BW,power,TRUE,TRUE,TP
80,13,ode,88,cl,CrCL,power,TRUE,TRUE,TP
80,13,ode,88,vc,CrCL,power,FALSE,TRUE,FP
80,13,ode,89,cl,BW,power,TRUE,TRUE,TP
80,13,ode,89,cl,CrCL,power,TRUE,TRUE,TP
80,13,ode,90,cl,BW,power,TRUE,TRUE,TP
80,13,ode,90,cl,CrCL,power,TRUE,TRUE,TP
80,13,ode,91,cl,BW,power,TRUE,TRUE,TP
80,13,ode,91,cl,CrCL,power,TRUE,TRUE,TP
80,13,ode,91,cl,SEX,cat,FALSE,TRUE,FP
80,13,ode,92,cl,BW,power,TRUE,TRUE,TP
80,13,ode,92,cl,CrCL,power,TRUE,TRUE,TP
80,13,ode,92,vc,BMI,power,FALSE,TRUE,FP
80,13,ode,93,cl,BW,power,TRUE,TRUE,TP
80,13,ode,93,cl,CrCL,power,TRUE,TRUE,TP
80,13,ode,94,cl,BW,power,TRUE,TRUE,TP
80,13,ode,94,cl,CrCL,power,TRUE,TRUE,TP
80,13,ode,95,cl,BW,power,TRUE,TRUE,TP
80,13,ode,95,cl,CrCL,power,TRUE,TRUE,TP
80,13,ode,96,cl,BW,power,TRUE,TRUE,TP
80,13,ode,96,cl,CrCL,power,TRUE,TRUE,TP
80,13,ode,97,cl,BW,power,TRUE,TRUE,TP
80,13,ode,97,cl,CrCL,power,TRUE,TRUE,TP
80,13,ode,97,vc,BW,power,FALSE,TRUE,FP
80,13,ode,98,cl,CrCL,power,TRUE,TRUE,TP
80,13,ode,98,cl,BW,power,TRUE,FALSE,FN
80,13,ode,98,cl,BMI,power,FALSE,TRUE,FP
80,13,ode,99,cl,BW,power,TRUE,TRUE,TP
80,13,ode,99,cl,CrCL,power,TRUE,TRUE,TP
80,13,ode,100,cl,BW,power,TRUE,TRUE,TP
80,13,ode,100,cl,CrCL,power,TRUE,TRUE,TP
80,14,linCmt,1,cl,BW,power,TRUE,TRUE,TP
80,14,linCmt,1,cl,CrCL,power,TRUE,TRUE,TP
80,14,linCmt,1,vc,SEX,cat,TRUE,TRUE,TP
80,14,linCmt,2,cl,BW,power,TRUE,TRUE,TP
80,14,linCmt,2,cl,CrCL,power,TRUE,TRUE,TP
80,14,linCmt,2,vc,SEX,cat,TRUE,TRUE,TP
80,14,linCmt,3,cl,BW,power,TRUE,TRUE,TP
80,14,linCmt,3,cl,CrCL,power,TRUE,TRUE,TP
80,14,linCmt,3,vc,SEX,cat,TRUE,TRUE,TP
80,14,linCmt,4,cl,BW,power,TRUE,TRUE,TP
80,14,linCmt,4,cl,CrCL,power,TRUE,TRUE,TP
80,14,linCmt,4,vc,SEX,cat,TRUE,TRUE,TP
80,14,linCmt,4,vc,BW,power,FALSE,TRUE,FP
80,14,linCmt,5,cl,BW,power,TRUE,TRUE,TP
80,14,linCmt,5,cl,CrCL,power,TRUE,TRUE,TP
80,14,linCmt,5,vc,SEX,cat,TRUE,TRUE,TP
80,14,linCmt,5,vc,BW,power,FALSE,TRUE,FP
80,14,linCmt,6,cl,BW,power,TRUE,TRUE,TP
80,14,linCmt,6,cl,CrCL,power,TRUE,TRUE,TP
80,14,linCmt,6,vc,SEX,cat,TRUE,TRUE,TP
80,14,linCmt,7,cl,BW,power,TRUE,TRUE,TP
80,14,linCmt,7,cl,CrCL,power,TRUE,TRUE,TP
80,14,linCmt,7,vc,SEX,cat,TRUE,TRUE,TP
80,14,linCmt,8,cl,BW,power,TRUE,TRUE,TP
80,14,linCmt,8,cl,CrCL,power,TRUE,TRUE,TP
80,14,linCmt,8,vc,SEX,cat,TRUE,FALSE,FN
80,14,linCmt,8,vc,BW,power,FALSE,TRUE,FP
80,14,linCmt,8,vc,BMI,power,FALSE,TRUE,FP
80,14,linCmt,9,cl,BW,power,TRUE,TRUE,TP
80,14,linCmt,9,cl,CrCL,power,TRUE,TRUE,TP
80,14,linCmt,9,vc,SEX,cat,TRUE,TRUE,TP
80,14,linCmt,9,vc,BMI,power,FALSE,TRUE,FP
80,14,linCmt,10,cl,BW,power,TRUE,TRUE,TP
80,14,linCmt,10,cl,CrCL,power,TRUE,TRUE,TP
80,14,linCmt,10,vc,SEX,cat,TRUE,TRUE,TP
80,14,linCmt,11,cl,BW,power,TRUE,TRUE,TP
80,14,linCmt,11,cl,CrCL,power,TRUE,TRUE,TP
80,14,linCmt,11,vc,SEX,cat,TRUE,TRUE,TP
80,14,linCmt,12,cl,BW,power,TRUE,TRUE,TP
80,14,linCmt,12,cl,CrCL,power,TRUE,TRUE,TP
80,14,linCmt,12,vc,SEX,cat,TRUE,TRUE,TP
80,14,linCmt,13,cl,BW,power,TRUE,TRUE,TP
80,14,linCmt,13,cl,CrCL,power,TRUE,TRUE,TP
80,14,linCmt,13,vc,SEX,cat,TRUE,TRUE,TP
80,14,linCmt,14,cl,BW,power,TRUE,TRUE,TP
80,14,linCmt,14,cl,CrCL,power,TRUE,TRUE,TP
80,14,linCmt,14,vc,SEX,cat,TRUE,TRUE,TP
80,14,linCmt,15,cl,CrCL,power,TRUE,TRUE,TP
80,14,linCmt,15,vc,SEX,cat,TRUE,TRUE,TP
80,14,linCmt,15,cl,BW,power,TRUE,FALSE,FN
80,14,linCmt,15,cl,BMI,power,FALSE,TRUE,FP
80,14,linCmt,16,cl,BW,power,TRUE,TRUE,TP
80,14,linCmt,16,cl,CrCL,power,TRUE,TRUE,TP
80,14,linCmt,16,vc,SEX,cat,TRUE,TRUE,TP
80,14,linCmt,17,cl,BW,power,TRUE,TRUE,TP
80,14,linCmt,17,cl,CrCL,power,TRUE,TRUE,TP
80,14,linCmt,17,vc,SEX,cat,TRUE,TRUE,TP
80,14,linCmt,18,cl,CrCL,power,TRUE,TRUE,TP
80,14,linCmt,18,vc,SEX,cat,TRUE,TRUE,TP
80,14,linCmt,18,cl,BW,power,TRUE,FALSE,FN
80,14,linCmt,18,cl,BMI,power,FALSE,TRUE,FP
80,14,linCmt,18,vc,BMI,power,FALSE,TRUE,FP
80,14,linCmt,18,cl,SEX,cat,FALSE,TRUE,FP
80,14,linCmt,19,cl,BW,power,TRUE,TRUE,TP
80,14,linCmt,19,cl,CrCL,power,TRUE,TRUE,TP
80,14,linCmt,19,vc,SEX,cat,TRUE,TRUE,TP
80,14,linCmt,20,cl,BW,power,TRUE,TRUE,TP
80,14,linCmt,20,cl,CrCL,power,TRUE,TRUE,TP
80,14,linCmt,20,vc,SEX,cat,TRUE,TRUE,TP
80,14,linCmt,21,cl,CrCL,power,TRUE,TRUE,TP
80,14,linCmt,21,vc,SEX,cat,TRUE,TRUE,TP
80,14,linCmt,21,cl,BW,power,TRUE,FALSE,FN
80,14,linCmt,21,cl,BMI,power,FALSE,TRUE,FP
80,14,linCmt,22,cl,BW,power,TRUE,TRUE,TP
80,14,linCmt,22,cl,CrCL,power,TRUE,TRUE,TP
80,14,linCmt,22,vc,SEX,cat,TRUE,TRUE,TP
80,14,linCmt,23,cl,BW,power,TRUE,TRUE,TP
80,14,linCmt,23,cl,CrCL,power,TRUE,TRUE,TP
80,14,linCmt,23,vc,SEX,cat,TRUE,TRUE,TP
80,14,linCmt,23,vc,BW,power,FALSE,TRUE,FP
80,14,linCmt,24,cl,BW,power,TRUE,TRUE,TP
80,14,linCmt,24,cl,CrCL,power,TRUE,TRUE,TP
80,14,linCmt,24,vc,SEX,cat,TRUE,TRUE,TP
80,14,linCmt,25,cl,BW,power,TRUE,TRUE,TP
80,14,linCmt,25,cl,CrCL,power,TRUE,TRUE,TP
80,14,linCmt,25,vc,SEX,cat,TRUE,TRUE,TP
80,14,linCmt,26,cl,BW,power,TRUE,TRUE,TP
80,14,linCmt,26,cl,CrCL,power,TRUE,TRUE,TP
80,14,linCmt,26,vc,SEX,cat,TRUE,TRUE,TP
80,14,linCmt,27,cl,BW,power,TRUE,TRUE,TP
80,14,linCmt,27,cl,CrCL,power,TRUE,TRUE,TP
80,14,linCmt,27,vc,SEX,cat,TRUE,TRUE,TP
80,14,linCmt,28,cl,BW,power,TRUE,TRUE,TP
80,14,linCmt,28,cl,CrCL,power,TRUE,TRUE,TP
80,14,linCmt,28,vc,SEX,cat,TRUE,TRUE,TP
80,14,linCmt,29,cl,BW,power,TRUE,TRUE,TP
80,14,linCmt,29,cl,CrCL,power,TRUE,TRUE,TP
80,14,linCmt,29,vc,SEX,cat,TRUE,TRUE,TP
80,14,linCmt,29,cl,RACE,cat,FALSE,TRUE,FP
80,14,linCmt,30,cl,BW,power,TRUE,TRUE,TP
80,14,linCmt,30,cl,CrCL,power,TRUE,TRUE,TP
80,14,linCmt,30,vc,SEX,cat,TRUE,TRUE,TP
80,14,linCmt,31,cl,BW,power,TRUE,TRUE,TP
80,14,linCmt,31,cl,CrCL,power,TRUE,TRUE,TP
80,14,linCmt,31,vc,SEX,cat,TRUE,FALSE,FN
80,14,linCmt,31,vc,BW,power,FALSE,TRUE,FP
80,14,linCmt,32,cl,CrCL,power,TRUE,TRUE,TP
80,14,linCmt,32,vc,SEX,cat,TRUE,TRUE,TP
80,14,linCmt,32,cl,BW,power,TRUE,FALSE,FN
80,14,linCmt,32,cl,BMI,power,FALSE,TRUE,FP
80,14,linCmt,32,vc,CrCL,power,FALSE,TRUE,FP
80,14,linCmt,33,cl,BW,power,TRUE,TRUE,TP
80,14,linCmt,33,cl,CrCL,power,TRUE,TRUE,TP
80,14,linCmt,33,vc,SEX,cat,TRUE,TRUE,TP
80,14,linCmt,33,vc,BMI,power,FALSE,TRUE,FP
80,14,linCmt,34,cl,BW,power,TRUE,TRUE,TP
80,14,linCmt,34,cl,CrCL,power,TRUE,TRUE,TP
80,14,linCmt,34,vc,SEX,cat,TRUE,TRUE,TP
80,14,linCmt,35,cl,BW,power,TRUE,TRUE,TP
80,14,linCmt,35,cl,CrCL,power,TRUE,TRUE,TP
80,14,linCmt,35,vc,SEX,cat,TRUE,TRUE,TP
80,14,linCmt,36,cl,CrCL,power,TRUE,TRUE,TP
80,14,linCmt,36,vc,SEX,cat,TRUE,TRUE,TP
80,14,linCmt,36,cl,BW,power,TRUE,FALSE,FN
80,14,linCmt,36,cl,BMI,power,FALSE,TRUE,FP
80,14,linCmt,37,cl,BW,power,TRUE,TRUE,TP
80,14,linCmt,37,cl,CrCL,power,TRUE,TRUE,TP
80,14,linCmt,37,vc,SEX,cat,TRUE,TRUE,TP
80,14,linCmt,38,cl,BW,power,TRUE,TRUE,TP
80,14,linCmt,38,cl,CrCL,power,TRUE,TRUE,TP
80,14,linCmt,38,vc,SEX,cat,TRUE,TRUE,TP
80,14,linCmt,39,cl,BW,power,TRUE,TRUE,TP
80,14,linCmt,39,cl,CrCL,power,TRUE,TRUE,TP
80,14,linCmt,39,vc,SEX,cat,TRUE,TRUE,TP
80,14,linCmt,40,cl,BW,power,TRUE,TRUE,TP
80,14,linCmt,40,cl,CrCL,power,TRUE,TRUE,TP
80,14,linCmt,40,vc,SEX,cat,TRUE,TRUE,TP
80,14,linCmt,41,cl,BW,power,TRUE,TRUE,TP
80,14,linCmt,41,cl,CrCL,power,TRUE,TRUE,TP
80,14,linCmt,41,vc,SEX,cat,TRUE,TRUE,TP
80,14,linCmt,42,cl,BW,power,TRUE,TRUE,TP
80,14,linCmt,42,cl,CrCL,power,TRUE,TRUE,TP
80,14,linCmt,42,vc,SEX,cat,TRUE,TRUE,TP
80,14,linCmt,43,cl,BW,power,TRUE,TRUE,TP
80,14,linCmt,43,cl,CrCL,power,TRUE,TRUE,TP
80,14,linCmt,43,vc,SEX,cat,TRUE,TRUE,TP
80,14,linCmt,43,cl,BMI,power,FALSE,TRUE,FP
80,14,linCmt,44,cl,BW,power,TRUE,TRUE,TP
80,14,linCmt,44,cl,CrCL,power,TRUE,TRUE,TP
80,14,linCmt,44,vc,SEX,cat,TRUE,TRUE,TP
80,14,linCmt,44,cl,RACE,cat,FALSE,TRUE,FP
80,14,linCmt,45,cl,BW,power,TRUE,TRUE,TP
80,14,linCmt,45,cl,CrCL,power,TRUE,TRUE,TP
80,14,linCmt,45,vc,SEX,cat,TRUE,TRUE,TP
80,14,linCmt,46,cl,BW,power,TRUE,TRUE,TP
80,14,linCmt,46,cl,CrCL,power,TRUE,TRUE,TP
80,14,linCmt,46,vc,SEX,cat,TRUE,TRUE,TP
80,14,linCmt,47,cl,BW,power,TRUE,TRUE,TP
80,14,linCmt,47,cl,CrCL,power,TRUE,TRUE,TP
80,14,linCmt,47,vc,SEX,cat,TRUE,TRUE,TP
80,14,linCmt,48,cl,BW,power,TRUE,TRUE,TP
80,14,linCmt,48,cl,CrCL,power,TRUE,TRUE,TP
80,14,linCmt,48,vc,SEX,cat,TRUE,TRUE,TP
80,14,linCmt,49,cl,CrCL,power,TRUE,TRUE,TP
80,14,linCmt,49,vc,SEX,cat,TRUE,TRUE,TP
80,14,linCmt,49,cl,BW,power,TRUE,FALSE,FN
80,14,linCmt,49,cl,BMI,power,FALSE,TRUE,FP
80,14,linCmt,50,cl,BW,power,TRUE,TRUE,TP
80,14,linCmt,50,cl,CrCL,power,TRUE,TRUE,TP
80,14,linCmt,50,vc,SEX,cat,TRUE,TRUE,TP
80,14,linCmt,50,vc,CrCL,power,FALSE,TRUE,FP
80,14,linCmt,51,cl,BW,power,TRUE,TRUE,TP
80,14,linCmt,51,cl,CrCL,power,TRUE,TRUE,TP
80,14,linCmt,51,vc,SEX,cat,TRUE,TRUE,TP
80,14,linCmt,52,cl,BW,power,TRUE,TRUE,TP
80,14,linCmt,52,cl,CrCL,power,TRUE,TRUE,TP
80,14,linCmt,52,vc,SEX,cat,TRUE,TRUE,TP
80,14,linCmt,53,cl,BW,power,TRUE,TRUE,TP
80,14,linCmt,53,cl,CrCL,power,TRUE,TRUE,TP
80,14,linCmt,53,vc,SEX,cat,TRUE,TRUE,TP
80,14,linCmt,54,cl,BW,power,TRUE,TRUE,TP
80,14,linCmt,54,cl,CrCL,power,TRUE,TRUE,TP
80,14,linCmt,54,vc,SEX,cat,TRUE,TRUE,TP
80,14,linCmt,55,cl,BW,power,TRUE,TRUE,TP
80,14,linCmt,55,cl,CrCL,power,TRUE,TRUE,TP
80,14,linCmt,55,vc,SEX,cat,TRUE,TRUE,TP
80,14,linCmt,56,cl,BW,power,TRUE,TRUE,TP
80,14,linCmt,56,cl,CrCL,power,TRUE,TRUE,TP
80,14,linCmt,56,vc,SEX,cat,TRUE,TRUE,TP
80,14,linCmt,57,cl,CrCL,power,TRUE,TRUE,TP
80,14,linCmt,57,vc,SEX,cat,TRUE,TRUE,TP
80,14,linCmt,57,cl,BW,power,TRUE,FALSE,FN
80,14,linCmt,57,cl,BMI,power,FALSE,TRUE,FP
80,14,linCmt,57,cl,SEX,cat,FALSE,TRUE,FP
80,14,linCmt,58,cl,BW,power,TRUE,TRUE,TP
80,14,linCmt,58,cl,CrCL,power,TRUE,TRUE,TP
80,14,linCmt,58,vc,SEX,cat,TRUE,TRUE,TP
80,14,linCmt,58,vc,CrCL,power,FALSE,TRUE,FP
80,14,linCmt,59,cl,BW,power,TRUE,TRUE,TP
80,14,linCmt,59,cl,CrCL,power,TRUE,TRUE,TP
80,14,linCmt,59,vc,SEX,cat,TRUE,TRUE,TP
80,14,linCmt,59,vc,BW,power,FALSE,TRUE,FP
80,14,linCmt,59,vc,BMI,power,FALSE,TRUE,FP
80,14,linCmt,60,cl,BW,power,TRUE,TRUE,TP
80,14,linCmt,60,cl,CrCL,power,TRUE,TRUE,TP
80,14,linCmt,60,vc,SEX,cat,TRUE,TRUE,TP
80,14,linCmt,60,cl,SEX,cat,FALSE,TRUE,FP
80,14,linCmt,61,cl,BW,power,TRUE,TRUE,TP
80,14,linCmt,61,cl,CrCL,power,TRUE,TRUE,TP
80,14,linCmt,61,vc,SEX,cat,TRUE,TRUE,TP
80,14,linCmt,62,cl,BW,power,TRUE,TRUE,TP
80,14,linCmt,62,cl,CrCL,power,TRUE,TRUE,TP
80,14,linCmt,62,vc,SEX,cat,TRUE,TRUE,TP
80,14,linCmt,62,cl,SEX,cat,FALSE,TRUE,FP
80,14,linCmt,63,cl,BW,power,TRUE,TRUE,TP
80,14,linCmt,63,cl,CrCL,power,TRUE,TRUE,TP
80,14,linCmt,63,vc,SEX,cat,TRUE,TRUE,TP
80,14,linCmt,64,cl,BW,power,TRUE,TRUE,TP
80,14,linCmt,64,cl,CrCL,power,TRUE,TRUE,TP
80,14,linCmt,64,vc,SEX,cat,TRUE,TRUE,TP
80,14,linCmt,65,cl,BW,power,TRUE,TRUE,TP
80,14,linCmt,65,cl,CrCL,power,TRUE,TRUE,TP
80,14,linCmt,65,vc,SEX,cat,TRUE,TRUE,TP
80,14,linCmt,66,cl,BW,power,TRUE,TRUE,TP
80,14,linCmt,66,cl,CrCL,power,TRUE,TRUE,TP
80,14,linCmt,66,vc,SEX,cat,TRUE,TRUE,TP
80,14,linCmt,67,cl,BW,power,TRUE,TRUE,TP
80,14,linCmt,67,cl,CrCL,power,TRUE,TRUE,TP
80,14,linCmt,67,vc,SEX,cat,TRUE,TRUE,TP
80,14,linCmt,68,cl,BW,power,TRUE,TRUE,TP
80,14,linCmt,68,cl,CrCL,power,TRUE,TRUE,TP
80,14,linCmt,68,vc,SEX,cat,TRUE,TRUE,TP
80,14,linCmt,68,vc,BW,power,FALSE,TRUE,FP
80,14,linCmt,69,cl,BW,power,TRUE,TRUE,TP
80,14,linCmt,69,cl,CrCL,power,TRUE,TRUE,TP
80,14,linCmt,69,vc,SEX,cat,TRUE,TRUE,TP
80,14,linCmt,70,cl,CrCL,power,TRUE,TRUE,TP
80,14,linCmt,70,vc,SEX,cat,TRUE,TRUE,TP
80,14,linCmt,70,cl,BW,power,TRUE,FALSE,FN
80,14,linCmt,70,cl,BMI,power,FALSE,TRUE,FP
80,14,linCmt,71,cl,BW,power,TRUE,TRUE,TP
80,14,linCmt,71,cl,CrCL,power,TRUE,TRUE,TP
80,14,linCmt,71,vc,SEX,cat,TRUE,TRUE,TP
80,14,linCmt,72,cl,BW,power,TRUE,TRUE,TP
80,14,linCmt,72,cl,CrCL,power,TRUE,TRUE,TP
80,14,linCmt,72,vc,SEX,cat,TRUE,TRUE,TP
80,14,linCmt,73,cl,BW,power,TRUE,TRUE,TP
80,14,linCmt,73,cl,CrCL,power,TRUE,TRUE,TP
80,14,linCmt,73,vc,SEX,cat,TRUE,TRUE,TP
80,14,linCmt,74,cl,BW,power,TRUE,TRUE,TP
80,14,linCmt,74,cl,CrCL,power,TRUE,TRUE,TP
80,14,linCmt,74,vc,SEX,cat,TRUE,TRUE,TP
80,14,linCmt,75,cl,BW,power,TRUE,TRUE,TP
80,14,linCmt,75,cl,CrCL,power,TRUE,TRUE,TP
80,14,linCmt,75,vc,SEX,cat,TRUE,TRUE,TP
80,14,linCmt,76,cl,BW,power,TRUE,TRUE,TP
80,14,linCmt,76,cl,CrCL,power,TRUE,TRUE,TP
80,14,linCmt,76,vc,SEX,cat,TRUE,TRUE,TP
80,14,linCmt,77,cl,CrCL,power,TRUE,TRUE,TP
80,14,linCmt,77,vc,SEX,cat,TRUE,TRUE,TP
80,14,linCmt,77,cl,BW,power,TRUE,FALSE,FN
80,14,linCmt,77,cl,SEX,cat,FALSE,TRUE,FP
80,14,linCmt,78,cl,BW,power,TRUE,TRUE,TP
80,14,linCmt,78,cl,CrCL,power,TRUE,TRUE,TP
80,14,linCmt,78,vc,SEX,cat,TRUE,TRUE,TP
80,14,linCmt,79,cl,BW,power,TRUE,TRUE,TP
80,14,linCmt,79,cl,CrCL,power,TRUE,TRUE,TP
80,14,linCmt,79,vc,SEX,cat,TRUE,TRUE,TP
80,14,linCmt,80,cl,CrCL,power,TRUE,TRUE,TP
80,14,linCmt,80,vc,SEX,cat,TRUE,TRUE,TP
80,14,linCmt,80,cl,BW,power,TRUE,FALSE,FN
80,14,linCmt,80,cl,BMI,power,FALSE,TRUE,FP
80,14,linCmt,81,cl,BW,power,TRUE,TRUE,TP
80,14,linCmt,81,cl,CrCL,power,TRUE,TRUE,TP
80,14,linCmt,81,vc,SEX,cat,TRUE,TRUE,TP
80,14,linCmt,82,cl,BW,power,TRUE,TRUE,TP
80,14,linCmt,82,cl,CrCL,power,TRUE,TRUE,TP
80,14,linCmt,82,vc,SEX,cat,TRUE,TRUE,TP
80,14,linCmt,83,cl,BW,power,TRUE,TRUE,TP
80,14,linCmt,83,cl,CrCL,power,TRUE,TRUE,TP
80,14,linCmt,83,vc,SEX,cat,TRUE,TRUE,TP
80,14,linCmt,84,cl,BW,power,TRUE,TRUE,TP
80,14,linCmt,84,cl,CrCL,power,TRUE,TRUE,TP
80,14,linCmt,84,vc,SEX,cat,TRUE,TRUE,TP
80,14,linCmt,85,cl,BW,power,TRUE,TRUE,TP
80,14,linCmt,85,cl,CrCL,power,TRUE,TRUE,TP
80,14,linCmt,85,vc,SEX,cat,TRUE,TRUE,TP
80,14,linCmt,86,cl,BW,power,TRUE,TRUE,TP
80,14,linCmt,86,cl,CrCL,power,TRUE,TRUE,TP
80,14,linCmt,86,vc,SEX,cat,TRUE,TRUE,TP
80,14,linCmt,87,cl,BW,power,TRUE,TRUE,TP
80,14,linCmt,87,cl,CrCL,power,TRUE,TRUE,TP
80,14,linCmt,87,vc,SEX,cat,TRUE,TRUE,TP
80,14,linCmt,88,cl,BW,power,TRUE,TRUE,TP
80,14,linCmt,88,cl,CrCL,power,TRUE,TRUE,TP
80,14,linCmt,88,vc,SEX,cat,TRUE,TRUE,TP
80,14,linCmt,89,cl,BW,power,TRUE,TRUE,TP
80,14,linCmt,89,cl,CrCL,power,TRUE,TRUE,TP
80,14,linCmt,89,vc,SEX,cat,TRUE,TRUE,TP
80,14,linCmt,90,cl,BW,power,TRUE,TRUE,TP
80,14,linCmt,90,cl,CrCL,power,TRUE,TRUE,TP
80,14,linCmt,90,vc,SEX,cat,TRUE,TRUE,TP
80,14,linCmt,91,cl,BW,power,TRUE,TRUE,TP
80,14,linCmt,91,cl,CrCL,power,TRUE,TRUE,TP
80,14,linCmt,91,vc,SEX,cat,TRUE,TRUE,TP
80,14,linCmt,92,cl,BW,power,TRUE,TRUE,TP
80,14,linCmt,92,cl,CrCL,power,TRUE,TRUE,TP
80,14,linCmt,92,vc,SEX,cat,TRUE,TRUE,TP
80,14,linCmt,93,cl,BW,power,TRUE,TRUE,TP
80,14,linCmt,93,cl,CrCL,power,TRUE,TRUE,TP
80,14,linCmt,93,vc,SEX,cat,TRUE,TRUE,TP
80,14,linCmt,94,cl,BW,power,TRUE,TRUE,TP
80,14,linCmt,94,cl,CrCL,power,TRUE,TRUE,TP
80,14,linCmt,94,vc,SEX,cat,TRUE,TRUE,TP
80,14,linCmt,95,cl,BW,power,TRUE,TRUE,TP
80,14,linCmt,95,cl,CrCL,power,TRUE,TRUE,TP
80,14,linCmt,95,vc,SEX,cat,TRUE,TRUE,TP
80,14,linCmt,96,cl,BW,power,TRUE,TRUE,TP
80,14,linCmt,96,cl,CrCL,power,TRUE,TRUE,TP
80,14,linCmt,96,vc,SEX,cat,TRUE,TRUE,TP
80,14,linCmt,97,cl,BW,power,TRUE,TRUE,TP
80,14,linCmt,97,cl,CrCL,power,TRUE,TRUE,TP
80,14,linCmt,97,vc,SEX,cat,TRUE,TRUE,TP
80,14,linCmt,98,cl,CrCL,power,TRUE,TRUE,TP
80,14,linCmt,98,vc,SEX,cat,TRUE,TRUE,TP
80,14,linCmt,98,cl,BW,power,TRUE,FALSE,FN
80,14,linCmt,98,cl,BMI,power,FALSE,TRUE,FP
80,14,linCmt,99,cl,BW,power,TRUE,TRUE,TP
80,14,linCmt,99,cl,CrCL,power,TRUE,TRUE,TP
80,14,linCmt,99,vc,SEX,cat,TRUE,TRUE,TP
80,14,linCmt,100,cl,CrCL,power,TRUE,TRUE,TP
80,14,linCmt,100,vc,SEX,cat,TRUE,TRUE,TP
80,14,linCmt,100,cl,BW,power,TRUE,FALSE,FN
80,14,linCmt,100,cl,BMI,power,FALSE,TRUE,FP
80,14,linCmt,100,cl,RACE,cat,FALSE,TRUE,FP
80,14,ode,1,cl,BW,power,TRUE,TRUE,TP
80,14,ode,1,cl,CrCL,power,TRUE,TRUE,TP
80,14,ode,1,vc,SEX,cat,TRUE,TRUE,TP
80,14,ode,2,cl,BW,power,TRUE,TRUE,TP
80,14,ode,2,cl,CrCL,power,TRUE,TRUE,TP
80,14,ode,2,vc,SEX,cat,TRUE,TRUE,TP
80,14,ode,3,cl,BW,power,TRUE,TRUE,TP
80,14,ode,3,cl,CrCL,power,TRUE,TRUE,TP
80,14,ode,3,vc,SEX,cat,TRUE,TRUE,TP
80,14,ode,4,cl,BW,power,TRUE,TRUE,TP
80,14,ode,4,cl,CrCL,power,TRUE,TRUE,TP
80,14,ode,4,vc,SEX,cat,TRUE,TRUE,TP
80,14,ode,4,vc,BW,power,FALSE,TRUE,FP
80,14,ode,5,cl,BW,power,TRUE,TRUE,TP
80,14,ode,5,cl,CrCL,power,TRUE,TRUE,TP
80,14,ode,5,vc,SEX,cat,TRUE,TRUE,TP
80,14,ode,5,vc,BW,power,FALSE,TRUE,FP
80,14,ode,6,cl,BW,power,TRUE,TRUE,TP
80,14,ode,6,cl,CrCL,power,TRUE,TRUE,TP
80,14,ode,6,vc,SEX,cat,TRUE,TRUE,TP
80,14,ode,7,cl,BW,power,TRUE,TRUE,TP
80,14,ode,7,cl,CrCL,power,TRUE,TRUE,TP
80,14,ode,7,vc,SEX,cat,TRUE,TRUE,TP
80,14,ode,8,cl,BW,power,TRUE,TRUE,TP
80,14,ode,8,cl,CrCL,power,TRUE,TRUE,TP
80,14,ode,8,vc,SEX,cat,TRUE,FALSE,FN
80,14,ode,8,vc,BW,power,FALSE,TRUE,FP
80,14,ode,8,vc,BMI,power,FALSE,TRUE,FP
80,14,ode,9,cl,BW,power,TRUE,TRUE,TP
80,14,ode,9,cl,CrCL,power,TRUE,TRUE,TP
80,14,ode,9,vc,SEX,cat,TRUE,TRUE,TP
80,14,ode,9,vc,BMI,power,FALSE,TRUE,FP
80,14,ode,10,cl,BW,power,TRUE,TRUE,TP
80,14,ode,10,cl,CrCL,power,TRUE,TRUE,TP
80,14,ode,10,vc,SEX,cat,TRUE,TRUE,TP
80,14,ode,11,cl,BW,power,TRUE,TRUE,TP
80,14,ode,11,cl,CrCL,power,TRUE,TRUE,TP
80,14,ode,11,vc,SEX,cat,TRUE,TRUE,TP
80,14,ode,12,cl,BW,power,TRUE,TRUE,TP
80,14,ode,12,cl,CrCL,power,TRUE,TRUE,TP
80,14,ode,12,vc,SEX,cat,TRUE,TRUE,TP
80,14,ode,13,cl,BW,power,TRUE,TRUE,TP
80,14,ode,13,cl,CrCL,power,TRUE,TRUE,TP
80,14,ode,13,vc,SEX,cat,TRUE,TRUE,TP
80,14,ode,14,cl,BW,power,TRUE,TRUE,TP
80,14,ode,14,cl,CrCL,power,TRUE,TRUE,TP
80,14,ode,14,vc,SEX,cat,TRUE,TRUE,TP
80,14,ode,15,cl,CrCL,power,TRUE,TRUE,TP
80,14,ode,15,vc,SEX,cat,TRUE,TRUE,TP
80,14,ode,15,cl,BW,power,TRUE,FALSE,FN
80,14,ode,15,cl,BMI,power,FALSE,TRUE,FP
80,14,ode,16,cl,BW,power,TRUE,TRUE,TP
80,14,ode,16,cl,CrCL,power,TRUE,TRUE,TP
80,14,ode,16,vc,SEX,cat,TRUE,TRUE,TP
80,14,ode,17,cl,BW,power,TRUE,TRUE,TP
80,14,ode,17,cl,CrCL,power,TRUE,TRUE,TP
80,14,ode,17,vc,SEX,cat,TRUE,TRUE,TP
80,14,ode,18,cl,CrCL,power,TRUE,TRUE,TP
80,14,ode,18,vc,SEX,cat,TRUE,TRUE,TP
80,14,ode,18,cl,BW,power,TRUE,FALSE,FN
80,14,ode,18,cl,BMI,power,FALSE,TRUE,FP
80,14,ode,18,vc,BMI,power,FALSE,TRUE,FP
80,14,ode,18,cl,SEX,cat,FALSE,TRUE,FP
80,14,ode,19,cl,BW,power,TRUE,TRUE,TP
80,14,ode,19,cl,CrCL,power,TRUE,TRUE,TP
80,14,ode,19,vc,SEX,cat,TRUE,TRUE,TP
80,14,ode,20,cl,BW,power,TRUE,TRUE,TP
80,14,ode,20,cl,CrCL,power,TRUE,TRUE,TP
80,14,ode,20,vc,SEX,cat,TRUE,TRUE,TP
80,14,ode,21,cl,CrCL,power,TRUE,TRUE,TP
80,14,ode,21,vc,SEX,cat,TRUE,TRUE,TP
80,14,ode,21,cl,BW,power,TRUE,FALSE,FN
80,14,ode,21,cl,BMI,power,FALSE,TRUE,FP
80,14,ode,22,cl,BW,power,TRUE,TRUE,TP
80,14,ode,22,cl,CrCL,power,TRUE,TRUE,TP
80,14,ode,22,vc,SEX,cat,TRUE,TRUE,TP
80,14,ode,23,cl,BW,power,TRUE,TRUE,TP
80,14,ode,23,cl,CrCL,power,TRUE,TRUE,TP
80,14,ode,23,vc,SEX,cat,TRUE,TRUE,TP
80,14,ode,23,vc,BW,power,FALSE,TRUE,FP
80,14,ode,24,cl,BW,power,TRUE,TRUE,TP
80,14,ode,24,cl,CrCL,power,TRUE,TRUE,TP
80,14,ode,24,vc,SEX,cat,TRUE,TRUE,TP
80,14,ode,25,cl,BW,power,TRUE,TRUE,TP
80,14,ode,25,cl,CrCL,power,TRUE,TRUE,TP
80,14,ode,25,vc,SEX,cat,TRUE,TRUE,TP
80,14,ode,26,cl,BW,power,TRUE,TRUE,TP
80,14,ode,26,cl,CrCL,power,TRUE,TRUE,TP
80,14,ode,26,vc,SEX,cat,TRUE,TRUE,TP
80,14,ode,27,cl,BW,power,TRUE,TRUE,TP
80,14,ode,27,cl,CrCL,power,TRUE,TRUE,TP
80,14,ode,27,vc,SEX,cat,TRUE,TRUE,TP
80,14,ode,28,cl,BW,power,TRUE,TRUE,TP
80,14,ode,28,cl,CrCL,power,TRUE,TRUE,TP
80,14,ode,28,vc,SEX,cat,TRUE,TRUE,TP
80,14,ode,29,cl,BW,power,TRUE,TRUE,TP
80,14,ode,29,cl,CrCL,power,TRUE,TRUE,TP
80,14,ode,29,vc,SEX,cat,TRUE,TRUE,TP
80,14,ode,29,cl,RACE,cat,FALSE,TRUE,FP
80,14,ode,30,cl,BW,power,TRUE,TRUE,TP
80,14,ode,30,cl,CrCL,power,TRUE,TRUE,TP
80,14,ode,30,vc,SEX,cat,TRUE,TRUE,TP
80,14,ode,31,cl,BW,power,TRUE,TRUE,TP
80,14,ode,31,cl,CrCL,power,TRUE,TRUE,TP
80,14,ode,31,vc,SEX,cat,TRUE,TRUE,TP
80,14,ode,31,vc,BW,power,FALSE,TRUE,FP
80,14,ode,32,cl,CrCL,power,TRUE,TRUE,TP
80,14,ode,32,vc,SEX,cat,TRUE,TRUE,TP
80,14,ode,32,cl,BW,power,TRUE,FALSE,FN
80,14,ode,32,cl,BMI,power,FALSE,TRUE,FP
80,14,ode,32,vc,CrCL,power,FALSE,TRUE,FP
80,14,ode,33,cl,BW,power,TRUE,TRUE,TP
80,14,ode,33,cl,CrCL,power,TRUE,TRUE,TP
80,14,ode,33,vc,SEX,cat,TRUE,TRUE,TP
80,14,ode,33,vc,BMI,power,FALSE,TRUE,FP
80,14,ode,34,cl,BW,power,TRUE,TRUE,TP
80,14,ode,34,cl,CrCL,power,TRUE,TRUE,TP
80,14,ode,34,vc,SEX,cat,TRUE,TRUE,TP
80,14,ode,35,cl,BW,power,TRUE,TRUE,TP
80,14,ode,35,cl,CrCL,power,TRUE,TRUE,TP
80,14,ode,35,vc,SEX,cat,TRUE,TRUE,TP
80,14,ode,35,vc,CrCL,power,FALSE,TRUE,FP
80,14,ode,36,cl,CrCL,power,TRUE,TRUE,TP
80,14,ode,36,vc,SEX,cat,TRUE,TRUE,TP
80,14,ode,36,cl,BW,power,TRUE,FALSE,FN
80,14,ode,36,cl,BMI,power,FALSE,TRUE,FP
80,14,ode,37,cl,BW,power,TRUE,TRUE,TP
80,14,ode,37,cl,CrCL,power,TRUE,TRUE,TP
80,14,ode,37,vc,SEX,cat,TRUE,TRUE,TP
80,14,ode,38,cl,BW,power,TRUE,TRUE,TP
80,14,ode,38,cl,CrCL,power,TRUE,TRUE,TP
80,14,ode,38,vc,SEX,cat,TRUE,TRUE,TP
80,14,ode,39,cl,BW,power,TRUE,TRUE,TP
80,14,ode,39,cl,CrCL,power,TRUE,TRUE,TP
80,14,ode,39,vc,SEX,cat,TRUE,TRUE,TP
80,14,ode,40,cl,BW,power,TRUE,TRUE,TP
80,14,ode,40,cl,CrCL,power,TRUE,TRUE,TP
80,14,ode,40,vc,SEX,cat,TRUE,TRUE,TP
80,14,ode,41,cl,BW,power,TRUE,TRUE,TP
80,14,ode,41,cl,CrCL,power,TRUE,TRUE,TP
80,14,ode,41,vc,SEX,cat,TRUE,TRUE,TP
80,14,ode,42,cl,BW,power,TRUE,TRUE,TP
80,14,ode,42,cl,CrCL,power,TRUE,TRUE,TP
80,14,ode,42,vc,SEX,cat,TRUE,TRUE,TP
80,14,ode,43,cl,BW,power,TRUE,TRUE,TP
80,14,ode,43,cl,CrCL,power,TRUE,TRUE,TP
80,14,ode,43,vc,SEX,cat,TRUE,TRUE,TP
80,14,ode,43,cl,BMI,power,FALSE,TRUE,FP
80,14,ode,44,cl,BW,power,TRUE,TRUE,TP
80,14,ode,44,cl,CrCL,power,TRUE,TRUE,TP
80,14,ode,44,vc,SEX,cat,TRUE,TRUE,TP
80,14,ode,44,cl,RACE,cat,FALSE,TRUE,FP
80,14,ode,45,cl,BW,power,TRUE,TRUE,TP
80,14,ode,45,cl,CrCL,power,TRUE,TRUE,TP
80,14,ode,45,vc,SEX,cat,TRUE,TRUE,TP
80,14,ode,46,cl,BW,power,TRUE,TRUE,TP
80,14,ode,46,cl,CrCL,power,TRUE,TRUE,TP
80,14,ode,46,vc,SEX,cat,TRUE,TRUE,TP
80,14,ode,47,cl,BW,power,TRUE,TRUE,TP
80,14,ode,47,cl,CrCL,power,TRUE,TRUE,TP
80,14,ode,47,vc,SEX,cat,TRUE,TRUE,TP
80,14,ode,48,cl,BW,power,TRUE,TRUE,TP
80,14,ode,48,cl,CrCL,power,TRUE,TRUE,TP
80,14,ode,48,vc,SEX,cat,TRUE,TRUE,TP
80,14,ode,49,cl,BW,power,TRUE,TRUE,TP
80,14,ode,49,cl,CrCL,power,TRUE,TRUE,TP
80,14,ode,49,vc,SEX,cat,TRUE,TRUE,TP
80,14,ode,50,cl,BW,power,TRUE,TRUE,TP
80,14,ode,50,cl,CrCL,power,TRUE,TRUE,TP
80,14,ode,50,vc,SEX,cat,TRUE,TRUE,TP
80,14,ode,50,vc,CrCL,power,FALSE,TRUE,FP
80,14,ode,51,cl,BW,power,TRUE,TRUE,TP
80,14,ode,51,cl,CrCL,power,TRUE,TRUE,TP
80,14,ode,51,vc,SEX,cat,TRUE,TRUE,TP
80,14,ode,52,cl,BW,power,TRUE,TRUE,TP
80,14,ode,52,cl,CrCL,power,TRUE,TRUE,TP
80,14,ode,52,vc,SEX,cat,TRUE,TRUE,TP
80,14,ode,53,cl,BW,power,TRUE,TRUE,TP
80,14,ode,53,cl,CrCL,power,TRUE,TRUE,TP
80,14,ode,53,vc,SEX,cat,TRUE,TRUE,TP
80,14,ode,54,cl,BW,power,TRUE,TRUE,TP
80,14,ode,54,cl,CrCL,power,TRUE,TRUE,TP
80,14,ode,54,vc,SEX,cat,TRUE,TRUE,TP
80,14,ode,55,cl,BW,power,TRUE,TRUE,TP
80,14,ode,55,cl,CrCL,power,TRUE,TRUE,TP
80,14,ode,55,vc,SEX,cat,TRUE,TRUE,TP
80,14,ode,56,cl,BW,power,TRUE,TRUE,TP
80,14,ode,56,cl,CrCL,power,TRUE,TRUE,TP
80,14,ode,56,vc,SEX,cat,TRUE,TRUE,TP
80,14,ode,57,cl,CrCL,power,TRUE,TRUE,TP
80,14,ode,57,vc,SEX,cat,TRUE,TRUE,TP
80,14,ode,57,cl,BW,power,TRUE,FALSE,FN
80,14,ode,57,cl,BMI,power,FALSE,TRUE,FP
80,14,ode,57,cl,SEX,cat,FALSE,TRUE,FP
80,14,ode,58,cl,BW,power,TRUE,TRUE,TP
80,14,ode,58,cl,CrCL,power,TRUE,TRUE,TP
80,14,ode,58,vc,SEX,cat,TRUE,TRUE,TP
80,14,ode,58,vc,CrCL,power,FALSE,TRUE,FP
80,14,ode,59,cl,BW,power,TRUE,TRUE,TP
80,14,ode,59,cl,CrCL,power,TRUE,TRUE,TP
80,14,ode,59,vc,SEX,cat,TRUE,TRUE,TP
80,14,ode,59,vc,BW,power,FALSE,TRUE,FP
80,14,ode,59,vc,BMI,power,FALSE,TRUE,FP
80,14,ode,60,cl,BW,power,TRUE,TRUE,TP
80,14,ode,60,cl,CrCL,power,TRUE,TRUE,TP
80,14,ode,60,vc,SEX,cat,TRUE,TRUE,TP
80,14,ode,60,cl,SEX,cat,FALSE,TRUE,FP
80,14,ode,61,cl,BW,power,TRUE,TRUE,TP
80,14,ode,61,cl,CrCL,power,TRUE,TRUE,TP
80,14,ode,61,vc,SEX,cat,TRUE,TRUE,TP
80,14,ode,62,cl,BW,power,TRUE,TRUE,TP
80,14,ode,62,cl,CrCL,power,TRUE,TRUE,TP
80,14,ode,62,vc,SEX,cat,TRUE,TRUE,TP
80,14,ode,62,cl,SEX,cat,FALSE,TRUE,FP
80,14,ode,63,cl,BW,power,TRUE,TRUE,TP
80,14,ode,63,cl,CrCL,power,TRUE,TRUE,TP
80,14,ode,63,vc,SEX,cat,TRUE,TRUE,TP
80,14,ode,64,cl,BW,power,TRUE,TRUE,TP
80,14,ode,64,cl,CrCL,power,TRUE,TRUE,TP
80,14,ode,64,vc,SEX,cat,TRUE,TRUE,TP
80,14,ode,65,cl,BW,power,TRUE,TRUE,TP
80,14,ode,65,cl,CrCL,power,TRUE,TRUE,TP
80,14,ode,65,vc,SEX,cat,TRUE,TRUE,TP
80,14,ode,66,cl,BW,power,TRUE,TRUE,TP
80,14,ode,66,cl,CrCL,power,TRUE,TRUE,TP
80,14,ode,66,vc,SEX,cat,TRUE,TRUE,TP
80,14,ode,67,cl,BW,power,TRUE,TRUE,TP
80,14,ode,67,cl,CrCL,power,TRUE,TRUE,TP
80,14,ode,67,vc,SEX,cat,TRUE,TRUE,TP
80,14,ode,68,cl,BW,power,TRUE,TRUE,TP
80,14,ode,68,cl,CrCL,power,TRUE,TRUE,TP
80,14,ode,68,vc,SEX,cat,TRUE,TRUE,TP
80,14,ode,68,vc,BW,power,FALSE,TRUE,FP
80,14,ode,69,cl,BW,power,TRUE,TRUE,TP
80,14,ode,69,cl,CrCL,power,TRUE,TRUE,TP
80,14,ode,69,vc,SEX,cat,TRUE,TRUE,TP
80,14,ode,70,cl,CrCL,power,TRUE,TRUE,TP
80,14,ode,70,vc,SEX,cat,TRUE,TRUE,TP
80,14,ode,70,cl,BW,power,TRUE,FALSE,FN
80,14,ode,70,cl,BMI,power,FALSE,TRUE,FP
80,14,ode,71,cl,BW,power,TRUE,TRUE,TP
80,14,ode,71,cl,CrCL,power,TRUE,TRUE,TP
80,14,ode,71,vc,SEX,cat,TRUE,TRUE,TP
80,14,ode,72,cl,BW,power,TRUE,TRUE,TP
80,14,ode,72,cl,CrCL,power,TRUE,TRUE,TP
80,14,ode,72,vc,SEX,cat,TRUE,TRUE,TP
80,14,ode,73,cl,BW,power,TRUE,TRUE,TP
80,14,ode,73,cl,CrCL,power,TRUE,TRUE,TP
80,14,ode,73,vc,SEX,cat,TRUE,TRUE,TP
80,14,ode,74,cl,BW,power,TRUE,TRUE,TP
80,14,ode,74,cl,CrCL,power,TRUE,TRUE,TP
80,14,ode,74,vc,SEX,cat,TRUE,TRUE,TP
80,14,ode,75,cl,BW,power,TRUE,TRUE,TP
80,14,ode,75,cl,CrCL,power,TRUE,TRUE,TP
80,14,ode,75,vc,SEX,cat,TRUE,TRUE,TP
80,14,ode,76,cl,BW,power,TRUE,TRUE,TP
80,14,ode,76,cl,CrCL,power,TRUE,TRUE,TP
80,14,ode,76,vc,SEX,cat,TRUE,TRUE,TP
80,14,ode,77,cl,CrCL,power,TRUE,TRUE,TP
80,14,ode,77,vc,SEX,cat,TRUE,TRUE,TP
80,14,ode,77,cl,BW,power,TRUE,FALSE,FN
80,14,ode,77,cl,SEX,cat,FALSE,TRUE,FP
80,14,ode,78,cl,BW,power,TRUE,TRUE,TP
80,14,ode,78,cl,CrCL,power,TRUE,TRUE,TP
80,14,ode,78,vc,SEX,cat,TRUE,TRUE,TP
80,14,ode,79,cl,BW,power,TRUE,TRUE,TP
80,14,ode,79,cl,CrCL,power,TRUE,TRUE,TP
80,14,ode,79,vc,SEX,cat,TRUE,TRUE,TP
80,14,ode,80,cl,CrCL,power,TRUE,TRUE,TP
80,14,ode,80,vc,SEX,cat,TRUE,TRUE,TP
80,14,ode,80,cl,BW,power,TRUE,FALSE,FN
80,14,ode,80,cl,BMI,power,FALSE,TRUE,FP
80,14,ode,81,cl,BW,power,TRUE,TRUE,TP
80,14,ode,81,cl,CrCL,power,TRUE,TRUE,TP
80,14,ode,81,vc,SEX,cat,TRUE,TRUE,TP
80,14,ode,82,cl,BW,power,TRUE,TRUE,TP
80,14,ode,82,cl,CrCL,power,TRUE,TRUE,TP
80,14,ode,82,vc,SEX,cat,TRUE,TRUE,TP
80,14,ode,83,cl,BW,power,TRUE,TRUE,TP
80,14,ode,83,cl,CrCL,power,TRUE,TRUE,TP
80,14,ode,83,vc,SEX,cat,TRUE,TRUE,TP
80,14,ode,84,cl,BW,power,TRUE,TRUE,TP
80,14,ode,84,cl,CrCL,power,TRUE,TRUE,TP
80,14,ode,84,vc,SEX,cat,TRUE,TRUE,TP
80,14,ode,85,cl,BW,power,TRUE,TRUE,TP
80,14,ode,85,cl,CrCL,power,TRUE,TRUE,TP
80,14,ode,85,vc,SEX,cat,TRUE,TRUE,TP
80,14,ode,86,cl,BW,power,TRUE,TRUE,TP
80,14,ode,86,cl,CrCL,power,TRUE,TRUE,TP
80,14,ode,86,vc,SEX,cat,TRUE,TRUE,TP
80,14,ode,87,cl,BW,power,TRUE,TRUE,TP
80,14,ode,87,cl,CrCL,power,TRUE,TRUE,TP
80,14,ode,87,vc,SEX,cat,TRUE,TRUE,TP
80,14,ode,88,cl,BW,power,TRUE,TRUE,TP
80,14,ode,88,cl,CrCL,power,TRUE,TRUE,TP
80,14,ode,88,vc,SEX,cat,TRUE,TRUE,TP
80,14,ode,89,cl,BW,power,TRUE,TRUE,TP
80,14,ode,89,cl,CrCL,power,TRUE,TRUE,TP
80,14,ode,89,vc,SEX,cat,TRUE,TRUE,TP
80,14,ode,90,cl,BW,power,TRUE,TRUE,TP
80,14,ode,90,cl,CrCL,power,TRUE,TRUE,TP
80,14,ode,90,vc,SEX,cat,TRUE,TRUE,TP
80,14,ode,91,cl,BW,power,TRUE,TRUE,TP
80,14,ode,91,cl,CrCL,power,TRUE,TRUE,TP
80,14,ode,91,vc,SEX,cat,TRUE,TRUE,TP
80,14,ode,92,cl,BW,power,TRUE,TRUE,TP
80,14,ode,92,cl,CrCL,power,TRUE,TRUE,TP
80,14,ode,92,vc,SEX,cat,TRUE,TRUE,TP
80,14,ode,93,cl,BW,power,TRUE,TRUE,TP
80,14,ode,93,cl,CrCL,power,TRUE,TRUE,TP
80,14,ode,93,vc,SEX,cat,TRUE,TRUE,TP
80,14,ode,94,cl,BW,power,TRUE,TRUE,TP
80,14,ode,94,cl,CrCL,power,TRUE,TRUE,TP
80,14,ode,94,vc,SEX,cat,TRUE,TRUE,TP
80,14,ode,95,cl,BW,power,TRUE,TRUE,TP
80,14,ode,95,cl,CrCL,power,TRUE,TRUE,TP
80,14,ode,95,vc,SEX,cat,TRUE,TRUE,TP
80,14,ode,96,cl,BW,power,TRUE,TRUE,TP
80,14,ode,96,cl,CrCL,power,TRUE,TRUE,TP
80,14,ode,96,vc,SEX,cat,TRUE,TRUE,TP
80,14,ode,97,cl,BW,power,TRUE,TRUE,TP
80,14,ode,97,cl,CrCL,power,TRUE,TRUE,TP
80,14,ode,97,vc,SEX,cat,TRUE,TRUE,TP
80,14,ode,98,cl,CrCL,power,TRUE,TRUE,TP
80,14,ode,98,vc,SEX,cat,TRUE,TRUE,TP
80,14,ode,98,cl,BW,power,TRUE,FALSE,FN
80,14,ode,98,cl,BMI,power,FALSE,TRUE,FP
80,14,ode,99,cl,BW,power,TRUE,TRUE,TP
80,14,ode,99,cl,CrCL,power,TRUE,TRUE,TP
80,14,ode,99,vc,SEX,cat,TRUE,TRUE,TP
80,14,ode,100,cl,CrCL,power,TRUE,TRUE,TP
80,14,ode,100,vc,SEX,cat,TRUE,TRUE,TP
80,14,ode,100,cl,BW,power,TRUE,FALSE,FN
80,14,ode,100,cl,BMI,power,FALSE,TRUE,FP
80,14,ode,100,cl,RACE,cat,FALSE,TRUE,FP
80,15,linCmt,1,cl,CrCL,power,TRUE,TRUE,TP
80,15,linCmt,1,vc,BW,power,TRUE,TRUE,TP
80,15,linCmt,1,cl,BW,power,TRUE,FALSE,FN
80,15,linCmt,1,cl,BMI,power,FALSE,TRUE,FP
80,15,linCmt,2,cl,BW,power,TRUE,TRUE,TP
80,15,linCmt,2,cl,CrCL,power,TRUE,TRUE,TP
80,15,linCmt,2,vc,BW,power,TRUE,TRUE,TP
80,15,linCmt,3,cl,BW,power,TRUE,TRUE,TP
80,15,linCmt,3,cl,CrCL,power,TRUE,TRUE,TP
80,15,linCmt,3,vc,BW,power,TRUE,TRUE,TP
80,15,linCmt,4,cl,BW,power,TRUE,TRUE,TP
80,15,linCmt,4,cl,CrCL,power,TRUE,TRUE,TP
80,15,linCmt,4,vc,BW,power,TRUE,TRUE,TP
80,15,linCmt,4,cl,SEX,cat,FALSE,TRUE,FP
80,15,linCmt,5,cl,BW,power,TRUE,TRUE,TP
80,15,linCmt,5,cl,CrCL,power,TRUE,TRUE,TP
80,15,linCmt,5,vc,BW,power,TRUE,TRUE,TP
80,15,linCmt,6,cl,BW,power,TRUE,TRUE,TP
80,15,linCmt,6,cl,CrCL,power,TRUE,TRUE,TP
80,15,linCmt,6,vc,BW,power,TRUE,TRUE,TP
80,15,linCmt,7,cl,BW,power,TRUE,TRUE,TP
80,15,linCmt,7,cl,CrCL,power,TRUE,TRUE,TP
80,15,linCmt,7,vc,BW,power,TRUE,FALSE,FN
80,15,linCmt,7,vc,BMI,power,FALSE,TRUE,FP
80,15,linCmt,7,vc,SEX,cat,FALSE,TRUE,FP
80,15,linCmt,8,cl,BW,power,TRUE,TRUE,TP
80,15,linCmt,8,cl,CrCL,power,TRUE,TRUE,TP
80,15,linCmt,8,vc,BW,power,TRUE,TRUE,TP
80,15,linCmt,9,cl,CrCL,power,TRUE,TRUE,TP
80,15,linCmt,9,cl,BW,power,TRUE,FALSE,FN
80,15,linCmt,9,vc,BW,power,TRUE,FALSE,FN
80,15,linCmt,9,vc,BMI,power,FALSE,TRUE,FP
80,15,linCmt,9,cl,BMI,power,FALSE,TRUE,FP
80,15,linCmt,9,cl,SEX,cat,FALSE,TRUE,FP
80,15,linCmt,10,cl,BW,power,TRUE,TRUE,TP
80,15,linCmt,10,cl,CrCL,power,TRUE,TRUE,TP
80,15,linCmt,10,vc,BW,power,TRUE,TRUE,TP
80,15,linCmt,10,vc,SEX,cat,FALSE,TRUE,FP
80,15,linCmt,11,cl,BW,power,TRUE,TRUE,TP
80,15,linCmt,11,cl,CrCL,power,TRUE,TRUE,TP
80,15,linCmt,11,vc,BW,power,TRUE,TRUE,TP
80,15,linCmt,12,cl,BW,power,TRUE,TRUE,TP
80,15,linCmt,12,cl,CrCL,power,TRUE,TRUE,TP
80,15,linCmt,12,vc,BW,power,TRUE,TRUE,TP
80,15,linCmt,13,cl,BW,power,TRUE,TRUE,TP
80,15,linCmt,13,cl,CrCL,power,TRUE,TRUE,TP
80,15,linCmt,13,vc,BW,power,TRUE,TRUE,TP
80,15,linCmt,14,cl,CrCL,power,TRUE,TRUE,TP
80,15,linCmt,14,vc,BW,power,TRUE,TRUE,TP
80,15,linCmt,14,cl,BW,power,TRUE,FALSE,FN
80,15,linCmt,14,cl,BMI,power,FALSE,TRUE,FP
80,15,linCmt,15,cl,CrCL,power,TRUE,TRUE,TP
80,15,linCmt,15,vc,BW,power,TRUE,TRUE,TP
80,15,linCmt,15,cl,BW,power,TRUE,FALSE,FN
80,15,linCmt,15,cl,BMI,power,FALSE,TRUE,FP
80,15,linCmt,16,cl,CrCL,power,TRUE,TRUE,TP
80,15,linCmt,16,vc,BW,power,TRUE,TRUE,TP
80,15,linCmt,16,cl,BW,power,TRUE,FALSE,FN
80,15,linCmt,16,cl,BMI,power,FALSE,TRUE,FP
80,15,linCmt,17,cl,BW,power,TRUE,TRUE,TP
80,15,linCmt,17,cl,CrCL,power,TRUE,TRUE,TP
80,15,linCmt,17,vc,BW,power,TRUE,TRUE,TP
80,15,linCmt,18,cl,BW,power,TRUE,TRUE,TP
80,15,linCmt,18,cl,CrCL,power,TRUE,TRUE,TP
80,15,linCmt,18,vc,BW,power,TRUE,TRUE,TP
80,15,linCmt,19,cl,BW,power,TRUE,TRUE,TP
80,15,linCmt,19,cl,CrCL,power,TRUE,TRUE,TP
80,15,linCmt,19,vc,BW,power,TRUE,TRUE,TP
80,15,linCmt,20,cl,BW,power,TRUE,TRUE,TP
80,15,linCmt,20,cl,CrCL,power,TRUE,TRUE,TP
80,15,linCmt,20,vc,BW,power,TRUE,TRUE,TP
80,15,linCmt,21,cl,BW,power,TRUE,TRUE,TP
80,15,linCmt,21,cl,CrCL,power,TRUE,TRUE,TP
80,15,linCmt,21,vc,BW,power,TRUE,TRUE,TP
80,15,linCmt,21,cl,RACE,cat,FALSE,TRUE,FP
80,15,linCmt,22,cl,BW,power,TRUE,TRUE,TP
80,15,linCmt,22,cl,CrCL,power,TRUE,TRUE,TP
80,15,linCmt,22,vc,BW,power,TRUE,TRUE,TP
80,15,linCmt,23,cl,BW,power,TRUE,TRUE,TP
80,15,linCmt,23,cl,CrCL,power,TRUE,TRUE,TP
80,15,linCmt,23,vc,BW,power,TRUE,TRUE,TP
80,15,linCmt,24,cl,BW,power,TRUE,TRUE,TP
80,15,linCmt,24,cl,CrCL,power,TRUE,TRUE,TP
80,15,linCmt,24,vc,BW,power,TRUE,TRUE,TP
80,15,linCmt,25,cl,BW,power,TRUE,TRUE,TP
80,15,linCmt,25,cl,CrCL,power,TRUE,TRUE,TP
80,15,linCmt,25,vc,BW,power,TRUE,TRUE,TP
80,15,linCmt,26,cl,BW,power,TRUE,TRUE,TP
80,15,linCmt,26,cl,CrCL,power,TRUE,TRUE,TP
80,15,linCmt,26,vc,BW,power,TRUE,TRUE,TP
80,15,linCmt,27,cl,BW,power,TRUE,TRUE,TP
80,15,linCmt,27,cl,CrCL,power,TRUE,TRUE,TP
80,15,linCmt,27,vc,BW,power,TRUE,TRUE,TP
80,15,linCmt,28,cl,BW,power,TRUE,TRUE,TP
80,15,linCmt,28,cl,CrCL,power,TRUE,TRUE,TP
80,15,linCmt,28,vc,BW,power,TRUE,TRUE,TP
80,15,linCmt,28,cl,RACE,cat,FALSE,TRUE,FP
80,15,linCmt,29,cl,BW,power,TRUE,TRUE,TP
80,15,linCmt,29,cl,CrCL,power,TRUE,TRUE,TP
80,15,linCmt,29,vc,BW,power,TRUE,TRUE,TP
80,15,linCmt,29,vc,RACE,cat,FALSE,TRUE,FP
80,15,linCmt,30,cl,BW,power,TRUE,TRUE,TP
80,15,linCmt,30,cl,CrCL,power,TRUE,TRUE,TP
80,15,linCmt,30,vc,BW,power,TRUE,TRUE,TP
80,15,linCmt,31,cl,BW,power,TRUE,TRUE,TP
80,15,linCmt,31,cl,CrCL,power,TRUE,TRUE,TP
80,15,linCmt,31,vc,BW,power,TRUE,TRUE,TP
80,15,linCmt,32,cl,BW,power,TRUE,TRUE,TP
80,15,linCmt,32,cl,CrCL,power,TRUE,TRUE,TP
80,15,linCmt,32,vc,BW,power,TRUE,TRUE,TP
80,15,linCmt,33,cl,BW,power,TRUE,TRUE,TP
80,15,linCmt,33,cl,CrCL,power,TRUE,TRUE,TP
80,15,linCmt,33,vc,BW,power,TRUE,TRUE,TP
80,15,linCmt,33,cl,RACE,cat,FALSE,TRUE,FP
80,15,linCmt,34,cl,BW,power,TRUE,TRUE,TP
80,15,linCmt,34,cl,CrCL,power,TRUE,TRUE,TP
80,15,linCmt,34,vc,BW,power,TRUE,TRUE,TP
80,15,linCmt,34,cl,RACE,cat,FALSE,TRUE,FP
80,15,linCmt,35,cl,BW,power,TRUE,TRUE,TP
80,15,linCmt,35,cl,CrCL,power,TRUE,TRUE,TP
80,15,linCmt,35,vc,BW,power,TRUE,TRUE,TP
80,15,linCmt,36,cl,BW,power,TRUE,TRUE,TP
80,15,linCmt,36,cl,CrCL,power,TRUE,TRUE,TP
80,15,linCmt,36,vc,BW,power,TRUE,TRUE,TP
80,15,linCmt,37,cl,BW,power,TRUE,TRUE,TP
80,15,linCmt,37,cl,CrCL,power,TRUE,TRUE,TP
80,15,linCmt,37,vc,BW,power,TRUE,TRUE,TP
80,15,linCmt,37,vc,BMI,power,FALSE,TRUE,FP
80,15,linCmt,38,cl,BW,power,TRUE,TRUE,TP
80,15,linCmt,38,cl,CrCL,power,TRUE,TRUE,TP
80,15,linCmt,38,vc,BW,power,TRUE,TRUE,TP
80,15,linCmt,39,cl,BW,power,TRUE,TRUE,TP
80,15,linCmt,39,cl,CrCL,power,TRUE,TRUE,TP
80,15,linCmt,39,vc,BW,power,TRUE,FALSE,FN
80,15,linCmt,39,vc,BMI,power,FALSE,TRUE,FP
80,15,linCmt,40,cl,BW,power,TRUE,TRUE,TP
80,15,linCmt,40,cl,CrCL,power,TRUE,TRUE,TP
80,15,linCmt,40,vc,BW,power,TRUE,TRUE,TP
80,15,linCmt,41,cl,BW,power,TRUE,TRUE,TP
80,15,linCmt,41,cl,CrCL,power,TRUE,TRUE,TP
80,15,linCmt,41,vc,BW,power,TRUE,TRUE,TP
80,15,linCmt,42,cl,BW,power,TRUE,TRUE,TP
80,15,linCmt,42,cl,CrCL,power,TRUE,TRUE,TP
80,15,linCmt,42,vc,BW,power,TRUE,FALSE,FN
80,15,linCmt,42,vc,BMI,power,FALSE,TRUE,FP
80,15,linCmt,42,cl,SEX,cat,FALSE,TRUE,FP
80,15,linCmt,43,cl,CrCL,power,TRUE,TRUE,TP
80,15,linCmt,43,vc,BW,power,TRUE,TRUE,TP
80,15,linCmt,43,cl,BW,power,TRUE,FALSE,FN
80,15,linCmt,43,cl,BMI,power,FALSE,TRUE,FP
80,15,linCmt,44,cl,BW,power,TRUE,TRUE,TP
80,15,linCmt,44,cl,CrCL,power,TRUE,TRUE,TP
80,15,linCmt,44,vc,BW,power,TRUE,TRUE,TP
80,15,linCmt,45,cl,BW,power,TRUE,TRUE,TP
80,15,linCmt,45,cl,CrCL,power,TRUE,TRUE,TP
80,15,linCmt,45,vc,BW,power,TRUE,TRUE,TP
80,15,linCmt,46,cl,BW,power,TRUE,TRUE,TP
80,15,linCmt,46,cl,CrCL,power,TRUE,TRUE,TP
80,15,linCmt,46,vc,BW,power,TRUE,TRUE,TP
80,15,linCmt,47,cl,BW,power,TRUE,TRUE,TP
80,15,linCmt,47,cl,CrCL,power,TRUE,TRUE,TP
80,15,linCmt,47,vc,BW,power,TRUE,TRUE,TP
80,15,linCmt,48,cl,BW,power,TRUE,TRUE,TP
80,15,linCmt,48,cl,CrCL,power,TRUE,TRUE,TP
80,15,linCmt,48,vc,BW,power,TRUE,TRUE,TP
80,15,linCmt,49,cl,BW,power,TRUE,TRUE,TP
80,15,linCmt,49,cl,CrCL,power,TRUE,TRUE,TP
80,15,linCmt,49,vc,BW,power,TRUE,TRUE,TP
80,15,linCmt,50,cl,BW,power,TRUE,TRUE,TP
80,15,linCmt,50,cl,CrCL,power,TRUE,TRUE,TP
80,15,linCmt,50,vc,BW,power,TRUE,TRUE,TP
80,15,linCmt,51,cl,BW,power,TRUE,TRUE,TP
80,15,linCmt,51,cl,CrCL,power,TRUE,TRUE,TP
80,15,linCmt,51,vc,BW,power,TRUE,TRUE,TP
80,15,linCmt,52,cl,BW,power,TRUE,TRUE,TP
80,15,linCmt,52,cl,CrCL,power,TRUE,TRUE,TP
80,15,linCmt,52,vc,BW,power,TRUE,TRUE,TP
80,15,linCmt,53,cl,BW,power,TRUE,TRUE,TP
80,15,linCmt,53,cl,CrCL,power,TRUE,TRUE,TP
80,15,linCmt,53,vc,BW,power,TRUE,TRUE,TP
80,15,linCmt,54,cl,CrCL,power,TRUE,TRUE,TP
80,15,linCmt,54,vc,BW,power,TRUE,TRUE,TP
80,15,linCmt,54,cl,BW,power,TRUE,FALSE,FN
80,15,linCmt,54,cl,BMI,power,FALSE,TRUE,FP
80,15,linCmt,54,cl,SEX,cat,FALSE,TRUE,FP
80,15,linCmt,55,cl,BW,power,TRUE,TRUE,TP
80,15,linCmt,55,cl,CrCL,power,TRUE,TRUE,TP
80,15,linCmt,55,vc,BW,power,TRUE,TRUE,TP
80,15,linCmt,56,cl,BW,power,TRUE,TRUE,TP
80,15,linCmt,56,cl,CrCL,power,TRUE,TRUE,TP
80,15,linCmt,56,vc,BW,power,TRUE,TRUE,TP
80,15,linCmt,57,cl,CrCL,power,TRUE,TRUE,TP
80,15,linCmt,57,vc,BW,power,TRUE,TRUE,TP
80,15,linCmt,57,cl,BW,power,TRUE,FALSE,FN
80,15,linCmt,57,cl,BMI,power,FALSE,TRUE,FP
80,15,linCmt,57,vc,RACE,cat,FALSE,TRUE,FP
80,15,linCmt,58,cl,BW,power,TRUE,TRUE,TP
80,15,linCmt,58,cl,CrCL,power,TRUE,TRUE,TP
80,15,linCmt,58,vc,BW,power,TRUE,FALSE,FN
80,15,linCmt,58,vc,BMI,power,FALSE,TRUE,FP
80,15,linCmt,58,cl,RACE,cat,FALSE,TRUE,FP
80,15,linCmt,58,vc,SEX,cat,FALSE,TRUE,FP
80,15,linCmt,59,cl,BW,power,TRUE,TRUE,TP
80,15,linCmt,59,cl,CrCL,power,TRUE,TRUE,TP
80,15,linCmt,59,vc,BW,power,TRUE,FALSE,FN
80,15,linCmt,59,vc,CrCL,power,FALSE,TRUE,FP
80,15,linCmt,60,cl,BW,power,TRUE,TRUE,TP
80,15,linCmt,60,cl,CrCL,power,TRUE,TRUE,TP
80,15,linCmt,60,vc,BW,power,TRUE,TRUE,TP
80,15,linCmt,61,cl,BW,power,TRUE,TRUE,TP
80,15,linCmt,61,cl,CrCL,power,TRUE,TRUE,TP
80,15,linCmt,61,vc,BW,power,TRUE,TRUE,TP
80,15,linCmt,62,cl,BW,power,TRUE,TRUE,TP
80,15,linCmt,62,cl,CrCL,power,TRUE,TRUE,TP
80,15,linCmt,62,vc,BW,power,TRUE,TRUE,TP
80,15,linCmt,63,cl,BW,power,TRUE,TRUE,TP
80,15,linCmt,63,cl,CrCL,power,TRUE,TRUE,TP
80,15,linCmt,63,vc,BW,power,TRUE,TRUE,TP
80,15,linCmt,64,cl,CrCL,power,TRUE,TRUE,TP
80,15,linCmt,64,vc,BW,power,TRUE,TRUE,TP
80,15,linCmt,64,cl,BW,power,TRUE,FALSE,FN
80,15,linCmt,64,cl,BMI,power,FALSE,TRUE,FP
80,15,linCmt,64,cl,RACE,cat,FALSE,TRUE,FP
80,15,linCmt,65,cl,BW,power,TRUE,TRUE,TP
80,15,linCmt,65,cl,CrCL,power,TRUE,TRUE,TP
80,15,linCmt,65,vc,BW,power,TRUE,TRUE,TP
80,15,linCmt,65,cl,BMI,power,FALSE,TRUE,FP
80,15,linCmt,66,cl,BW,power,TRUE,TRUE,TP
80,15,linCmt,66,cl,CrCL,power,TRUE,TRUE,TP
80,15,linCmt,66,vc,BW,power,TRUE,TRUE,TP
80,15,linCmt,67,cl,BW,power,TRUE,TRUE,TP
80,15,linCmt,67,cl,CrCL,power,TRUE,TRUE,TP
80,15,linCmt,67,vc,BW,power,TRUE,TRUE,TP
80,15,linCmt,68,cl,BW,power,TRUE,TRUE,TP
80,15,linCmt,68,cl,CrCL,power,TRUE,TRUE,TP
80,15,linCmt,68,vc,BW,power,TRUE,TRUE,TP
80,15,linCmt,69,cl,CrCL,power,TRUE,TRUE,TP
80,15,linCmt,69,vc,BW,power,TRUE,TRUE,TP
80,15,linCmt,69,cl,BW,power,TRUE,FALSE,FN
80,15,linCmt,69,cl,BMI,power,FALSE,TRUE,FP
80,15,linCmt,70,cl,BW,power,TRUE,TRUE,TP
80,15,linCmt,70,cl,CrCL,power,TRUE,TRUE,TP
80,15,linCmt,70,vc,BW,power,TRUE,TRUE,TP
80,15,linCmt,71,cl,BW,power,TRUE,TRUE,TP
80,15,linCmt,71,cl,CrCL,power,TRUE,TRUE,TP
80,15,linCmt,71,vc,BW,power,TRUE,TRUE,TP
80,15,linCmt,72,cl,BW,power,TRUE,TRUE,TP
80,15,linCmt,72,cl,CrCL,power,TRUE,TRUE,TP
80,15,linCmt,72,vc,BW,power,TRUE,TRUE,TP
80,15,linCmt,73,cl,BW,power,TRUE,TRUE,TP
80,15,linCmt,73,cl,CrCL,power,TRUE,TRUE,TP
80,15,linCmt,73,vc,BW,power,TRUE,TRUE,TP
80,15,linCmt,74,cl,BW,power,TRUE,TRUE,TP
80,15,linCmt,74,cl,CrCL,power,TRUE,TRUE,TP
80,15,linCmt,74,vc,BW,power,TRUE,TRUE,TP
80,15,linCmt,75,cl,BW,power,TRUE,TRUE,TP
80,15,linCmt,75,cl,CrCL,power,TRUE,TRUE,TP
80,15,linCmt,75,vc,BW,power,TRUE,TRUE,TP
80,15,linCmt,76,cl,BW,power,TRUE,TRUE,TP
80,15,linCmt,76,cl,CrCL,power,TRUE,TRUE,TP
80,15,linCmt,76,vc,BW,power,TRUE,TRUE,TP
80,15,linCmt,77,cl,BW,power,TRUE,TRUE,TP
80,15,linCmt,77,cl,CrCL,power,TRUE,TRUE,TP
80,15,linCmt,77,vc,BW,power,TRUE,TRUE,TP
80,15,linCmt,78,cl,BW,power,TRUE,TRUE,TP
80,15,linCmt,78,cl,CrCL,power,TRUE,TRUE,TP
80,15,linCmt,78,vc,BW,power,TRUE,TRUE,TP
80,15,linCmt,79,cl,BW,power,TRUE,TRUE,TP
80,15,linCmt,79,vc,BW,power,TRUE,TRUE,TP
80,15,linCmt,79,cl,CrCL,power,TRUE,FALSE,FN
80,15,linCmt,79,cl,SEX,cat,FALSE,TRUE,FP
80,15,linCmt,80,cl,BW,power,TRUE,TRUE,TP
80,15,linCmt,80,cl,CrCL,power,TRUE,TRUE,TP
80,15,linCmt,80,vc,BW,power,TRUE,TRUE,TP
80,15,linCmt,81,cl,BW,power,TRUE,TRUE,TP
80,15,linCmt,81,cl,CrCL,power,TRUE,TRUE,TP
80,15,linCmt,81,vc,BW,power,TRUE,TRUE,TP
80,15,linCmt,81,cl,RACE,cat,FALSE,TRUE,FP
80,15,linCmt,82,cl,BW,power,TRUE,TRUE,TP
80,15,linCmt,82,cl,CrCL,power,TRUE,TRUE,TP
80,15,linCmt,82,vc,BW,power,TRUE,TRUE,TP
80,15,linCmt,83,cl,BW,power,TRUE,TRUE,TP
80,15,linCmt,83,cl,CrCL,power,TRUE,TRUE,TP
80,15,linCmt,83,vc,BW,power,TRUE,TRUE,TP
80,15,linCmt,84,cl,BW,power,TRUE,TRUE,TP
80,15,linCmt,84,cl,CrCL,power,TRUE,TRUE,TP
80,15,linCmt,84,vc,BW,power,TRUE,TRUE,TP
80,15,linCmt,85,cl,BW,power,TRUE,TRUE,TP
80,15,linCmt,85,cl,CrCL,power,TRUE,TRUE,TP
80,15,linCmt,85,vc,BW,power,TRUE,TRUE,TP
80,15,linCmt,86,cl,BW,power,TRUE,TRUE,TP
80,15,linCmt,86,cl,CrCL,power,TRUE,TRUE,TP
80,15,linCmt,86,vc,BW,power,TRUE,FALSE,FN
80,15,linCmt,86,vc,BMI,power,FALSE,TRUE,FP
80,15,linCmt,87,cl,BW,power,TRUE,TRUE,TP
80,15,linCmt,87,cl,CrCL,power,TRUE,TRUE,TP
80,15,linCmt,87,vc,BW,power,TRUE,FALSE,FN
80,15,linCmt,87,vc,BMI,power,FALSE,TRUE,FP
80,15,linCmt,87,vc,SEX,cat,FALSE,TRUE,FP
80,15,linCmt,88,cl,CrCL,power,TRUE,TRUE,TP
80,15,linCmt,88,vc,BW,power,TRUE,TRUE,TP
80,15,linCmt,88,cl,BW,power,TRUE,FALSE,FN
80,15,linCmt,88,cl,BMI,power,FALSE,TRUE,FP
80,15,linCmt,89,cl,BW,power,TRUE,TRUE,TP
80,15,linCmt,89,cl,CrCL,power,TRUE,TRUE,TP
80,15,linCmt,89,vc,BW,power,TRUE,FALSE,FN
80,15,linCmt,89,vc,BMI,power,FALSE,TRUE,FP
80,15,linCmt,90,cl,BW,power,TRUE,TRUE,TP
80,15,linCmt,90,cl,CrCL,power,TRUE,TRUE,TP
80,15,linCmt,90,vc,BW,power,TRUE,TRUE,TP
80,15,linCmt,91,cl,BW,power,TRUE,TRUE,TP
80,15,linCmt,91,cl,CrCL,power,TRUE,TRUE,TP
80,15,linCmt,91,vc,BW,power,TRUE,TRUE,TP
80,15,linCmt,91,cl,BMI,power,FALSE,TRUE,FP
80,15,linCmt,92,cl,BW,power,TRUE,TRUE,TP
80,15,linCmt,92,cl,CrCL,power,TRUE,TRUE,TP
80,15,linCmt,92,vc,BW,power,TRUE,TRUE,TP
80,15,linCmt,93,cl,CrCL,power,TRUE,TRUE,TP
80,15,linCmt,93,vc,BW,power,TRUE,TRUE,TP
80,15,linCmt,93,cl,BW,power,TRUE,FALSE,FN
80,15,linCmt,94,cl,CrCL,power,TRUE,TRUE,TP
80,15,linCmt,94,cl,BW,power,TRUE,FALSE,FN
80,15,linCmt,94,vc,BW,power,TRUE,FALSE,FN
80,15,linCmt,94,vc,BMI,power,FALSE,TRUE,FP
80,15,linCmt,94,cl,BMI,power,FALSE,TRUE,FP
80,15,linCmt,95,cl,BW,power,TRUE,TRUE,TP
80,15,linCmt,95,cl,CrCL,power,TRUE,TRUE,TP
80,15,linCmt,95,vc,BW,power,TRUE,TRUE,TP
80,15,linCmt,96,cl,BW,power,TRUE,TRUE,TP
80,15,linCmt,96,cl,CrCL,power,TRUE,TRUE,TP
80,15,linCmt,96,vc,BW,power,TRUE,TRUE,TP
80,15,linCmt,97,cl,BW,power,TRUE,TRUE,TP
80,15,linCmt,97,cl,CrCL,power,TRUE,TRUE,TP
80,15,linCmt,97,vc,BW,power,TRUE,TRUE,TP
80,15,linCmt,98,cl,CrCL,power,TRUE,TRUE,TP
80,15,linCmt,98,vc,BW,power,TRUE,TRUE,TP
80,15,linCmt,98,cl,BW,power,TRUE,FALSE,FN
80,15,linCmt,98,cl,BMI,power,FALSE,TRUE,FP
80,15,linCmt,99,cl,BW,power,TRUE,TRUE,TP
80,15,linCmt,99,cl,CrCL,power,TRUE,TRUE,TP
80,15,linCmt,99,vc,BW,power,TRUE,FALSE,FN
80,15,linCmt,99,vc,BMI,power,FALSE,TRUE,FP
80,15,linCmt,100,cl,BW,power,TRUE,TRUE,TP
80,15,linCmt,100,cl,CrCL,power,TRUE,TRUE,TP
80,15,linCmt,100,vc,BW,power,TRUE,TRUE,TP
80,15,linCmt,100,cl,SEX,cat,FALSE,TRUE,FP
80,15,ode,1,cl,CrCL,power,TRUE,TRUE,TP
80,15,ode,1,vc,BW,power,TRUE,TRUE,TP
80,15,ode,1,cl,BW,power,TRUE,FALSE,FN
80,15,ode,1,cl,BMI,power,FALSE,TRUE,FP
80,15,ode,2,cl,BW,power,TRUE,TRUE,TP
80,15,ode,2,cl,CrCL,power,TRUE,TRUE,TP
80,15,ode,2,vc,BW,power,TRUE,TRUE,TP
80,15,ode,3,cl,BW,power,TRUE,TRUE,TP
80,15,ode,3,cl,CrCL,power,TRUE,TRUE,TP
80,15,ode,3,vc,BW,power,TRUE,TRUE,TP
80,15,ode,4,cl,BW,power,TRUE,TRUE,TP
80,15,ode,4,cl,CrCL,power,TRUE,TRUE,TP
80,15,ode,4,vc,BW,power,TRUE,TRUE,TP
80,15,ode,4,cl,SEX,cat,FALSE,TRUE,FP
80,15,ode,5,cl,BW,power,TRUE,TRUE,TP
80,15,ode,5,cl,CrCL,power,TRUE,TRUE,TP
80,15,ode,5,vc,BW,power,TRUE,TRUE,TP
80,15,ode,6,cl,BW,power,TRUE,TRUE,TP
80,15,ode,6,cl,CrCL,power,TRUE,TRUE,TP
80,15,ode,6,vc,BW,power,TRUE,TRUE,TP
80,15,ode,7,cl,BW,power,TRUE,TRUE,TP
80,15,ode,7,cl,CrCL,power,TRUE,TRUE,TP
80,15,ode,7,vc,BW,power,TRUE,FALSE,FN
80,15,ode,7,vc,BMI,power,FALSE,TRUE,FP
80,15,ode,7,vc,SEX,cat,FALSE,TRUE,FP
80,15,ode,8,cl,BW,power,TRUE,TRUE,TP
80,15,ode,8,cl,CrCL,power,TRUE,TRUE,TP
80,15,ode,8,vc,BW,power,TRUE,TRUE,TP
80,15,ode,9,cl,CrCL,power,TRUE,TRUE,TP
80,15,ode,9,cl,BW,power,TRUE,FALSE,FN
80,15,ode,9,vc,BW,power,TRUE,FALSE,FN
80,15,ode,9,vc,BMI,power,FALSE,TRUE,FP
80,15,ode,9,cl,BMI,power,FALSE,TRUE,FP
80,15,ode,9,cl,SEX,cat,FALSE,TRUE,FP
80,15,ode,10,cl,BW,power,TRUE,TRUE,TP
80,15,ode,10,cl,CrCL,power,TRUE,TRUE,TP
80,15,ode,10,vc,BW,power,TRUE,TRUE,TP
80,15,ode,10,vc,SEX,cat,FALSE,TRUE,FP
80,15,ode,11,cl,BW,power,TRUE,TRUE,TP
80,15,ode,11,cl,CrCL,power,TRUE,TRUE,TP
80,15,ode,11,vc,BW,power,TRUE,TRUE,TP
80,15,ode,12,cl,BW,power,TRUE,TRUE,TP
80,15,ode,12,cl,CrCL,power,TRUE,TRUE,TP
80,15,ode,12,vc,BW,power,TRUE,TRUE,TP
80,15,ode,13,cl,BW,power,TRUE,TRUE,TP
80,15,ode,13,cl,CrCL,power,TRUE,TRUE,TP
80,15,ode,13,vc,BW,power,TRUE,TRUE,TP
80,15,ode,14,cl,CrCL,power,TRUE,TRUE,TP
80,15,ode,14,vc,BW,power,TRUE,TRUE,TP
80,15,ode,14,cl,BW,power,TRUE,FALSE,FN
80,15,ode,14,cl,BMI,power,FALSE,TRUE,FP
80,15,ode,15,cl,CrCL,power,TRUE,TRUE,TP
80,15,ode,15,vc,BW,power,TRUE,TRUE,TP
80,15,ode,15,cl,BW,power,TRUE,FALSE,FN
80,15,ode,15,cl,BMI,power,FALSE,TRUE,FP
80,15,ode,16,cl,CrCL,power,TRUE,TRUE,TP
80,15,ode,16,vc,BW,power,TRUE,TRUE,TP
80,15,ode,16,cl,BW,power,TRUE,FALSE,FN
80,15,ode,16,cl,BMI,power,FALSE,TRUE,FP
80,15,ode,17,cl,BW,power,TRUE,TRUE,TP
80,15,ode,17,cl,CrCL,power,TRUE,TRUE,TP
80,15,ode,17,vc,BW,power,TRUE,TRUE,TP
80,15,ode,18,cl,BW,power,TRUE,TRUE,TP
80,15,ode,18,cl,CrCL,power,TRUE,TRUE,TP
80,15,ode,18,vc,BW,power,TRUE,TRUE,TP
80,15,ode,19,cl,BW,power,TRUE,TRUE,TP
80,15,ode,19,cl,CrCL,power,TRUE,TRUE,TP
80,15,ode,19,vc,BW,power,TRUE,TRUE,TP
80,15,ode,20,cl,BW,power,TRUE,TRUE,TP
80,15,ode,20,cl,CrCL,power,TRUE,TRUE,TP
80,15,ode,20,vc,BW,power,TRUE,TRUE,TP
80,15,ode,21,cl,BW,power,TRUE,TRUE,TP
80,15,ode,21,cl,CrCL,power,TRUE,TRUE,TP
80,15,ode,21,vc,BW,power,TRUE,TRUE,TP
80,15,ode,21,cl,RACE,cat,FALSE,TRUE,FP
80,15,ode,22,cl,BW,power,TRUE,TRUE,TP
80,15,ode,22,cl,CrCL,power,TRUE,TRUE,TP
80,15,ode,22,vc,BW,power,TRUE,TRUE,TP
80,15,ode,23,cl,BW,power,TRUE,TRUE,TP
80,15,ode,23,cl,CrCL,power,TRUE,TRUE,TP
80,15,ode,23,vc,BW,power,TRUE,TRUE,TP
80,15,ode,23,vc,RACE,cat,FALSE,TRUE,FP
80,15,ode,24,cl,BW,power,TRUE,TRUE,TP
80,15,ode,24,cl,CrCL,power,TRUE,TRUE,TP
80,15,ode,24,vc,BW,power,TRUE,TRUE,TP
80,15,ode,25,cl,BW,power,TRUE,TRUE,TP
80,15,ode,25,cl,CrCL,power,TRUE,TRUE,TP
80,15,ode,25,vc,BW,power,TRUE,TRUE,TP
80,15,ode,26,cl,BW,power,TRUE,TRUE,TP
80,15,ode,26,cl,CrCL,power,TRUE,TRUE,TP
80,15,ode,26,vc,BW,power,TRUE,TRUE,TP
80,15,ode,26,vc,RACE,cat,FALSE,TRUE,FP
80,15,ode,27,cl,BW,power,TRUE,TRUE,TP
80,15,ode,27,cl,CrCL,power,TRUE,TRUE,TP
80,15,ode,27,vc,BW,power,TRUE,TRUE,TP
80,15,ode,28,cl,BW,power,TRUE,TRUE,TP
80,15,ode,28,cl,CrCL,power,TRUE,TRUE,TP
80,15,ode,28,vc,BW,power,TRUE,TRUE,TP
80,15,ode,28,cl,RACE,cat,FALSE,TRUE,FP
80,15,ode,29,cl,BW,power,TRUE,TRUE,TP
80,15,ode,29,cl,CrCL,power,TRUE,TRUE,TP
80,15,ode,29,vc,BW,power,TRUE,TRUE,TP
80,15,ode,29,vc,RACE,cat,FALSE,TRUE,FP
80,15,ode,30,cl,BW,power,TRUE,TRUE,TP
80,15,ode,30,cl,CrCL,power,TRUE,TRUE,TP
80,15,ode,30,vc,BW,power,TRUE,TRUE,TP
80,15,ode,30,vc,BMI,power,FALSE,TRUE,FP
80,15,ode,31,cl,BW,power,TRUE,TRUE,TP
80,15,ode,31,cl,CrCL,power,TRUE,TRUE,TP
80,15,ode,31,vc,BW,power,TRUE,TRUE,TP
80,15,ode,31,vc,RACE,cat,FALSE,TRUE,FP
80,15,ode,32,cl,BW,power,TRUE,TRUE,TP
80,15,ode,32,cl,CrCL,power,TRUE,TRUE,TP
80,15,ode,32,vc,BW,power,TRUE,TRUE,TP
80,15,ode,33,cl,BW,power,TRUE,TRUE,TP
80,15,ode,33,cl,CrCL,power,TRUE,TRUE,TP
80,15,ode,33,vc,BW,power,TRUE,TRUE,TP
80,15,ode,33,cl,RACE,cat,FALSE,TRUE,FP
80,15,ode,34,cl,BW,power,TRUE,TRUE,TP
80,15,ode,34,cl,CrCL,power,TRUE,TRUE,TP
80,15,ode,34,vc,BW,power,TRUE,TRUE,TP
80,15,ode,34,cl,RACE,cat,FALSE,TRUE,FP
80,15,ode,35,cl,BW,power,TRUE,TRUE,TP
80,15,ode,35,cl,CrCL,power,TRUE,TRUE,TP
80,15,ode,35,vc,BW,power,TRUE,TRUE,TP
80,15,ode,36,cl,BW,power,TRUE,TRUE,TP
80,15,ode,36,cl,CrCL,power,TRUE,TRUE,TP
80,15,ode,36,vc,BW,power,TRUE,TRUE,TP
80,15,ode,37,cl,BW,power,TRUE,TRUE,TP
80,15,ode,37,cl,CrCL,power,TRUE,TRUE,TP
80,15,ode,37,vc,BW,power,TRUE,TRUE,TP
80,15,ode,37,vc,BMI,power,FALSE,TRUE,FP
80,15,ode,38,cl,BW,power,TRUE,TRUE,TP
80,15,ode,38,cl,CrCL,power,TRUE,TRUE,TP
80,15,ode,38,vc,BW,power,TRUE,TRUE,TP
80,15,ode,39,cl,BW,power,TRUE,TRUE,TP
80,15,ode,39,cl,CrCL,power,TRUE,TRUE,TP
80,15,ode,39,vc,BW,power,TRUE,FALSE,FN
80,15,ode,39,vc,BMI,power,FALSE,TRUE,FP
80,15,ode,40,cl,BW,power,TRUE,TRUE,TP
80,15,ode,40,cl,CrCL,power,TRUE,TRUE,TP
80,15,ode,40,vc,BW,power,TRUE,TRUE,TP
80,15,ode,41,cl,BW,power,TRUE,TRUE,TP
80,15,ode,41,cl,CrCL,power,TRUE,TRUE,TP
80,15,ode,41,vc,BW,power,TRUE,TRUE,TP
80,15,ode,42,cl,BW,power,TRUE,TRUE,TP
80,15,ode,42,cl,CrCL,power,TRUE,TRUE,TP
80,15,ode,42,vc,BW,power,TRUE,FALSE,FN
80,15,ode,42,vc,BMI,power,FALSE,TRUE,FP
80,15,ode,42,cl,SEX,cat,FALSE,TRUE,FP
80,15,ode,43,cl,CrCL,power,TRUE,TRUE,TP
80,15,ode,43,vc,BW,power,TRUE,TRUE,TP
80,15,ode,43,cl,BW,power,TRUE,FALSE,FN
80,15,ode,43,cl,BMI,power,FALSE,TRUE,FP
80,15,ode,44,cl,BW,power,TRUE,TRUE,TP
80,15,ode,44,cl,CrCL,power,TRUE,TRUE,TP
80,15,ode,44,vc,BW,power,TRUE,TRUE,TP
80,15,ode,45,cl,BW,power,TRUE,TRUE,TP
80,15,ode,45,cl,CrCL,power,TRUE,TRUE,TP
80,15,ode,45,vc,BW,power,TRUE,TRUE,TP
80,15,ode,46,cl,BW,power,TRUE,TRUE,TP
80,15,ode,46,cl,CrCL,power,TRUE,TRUE,TP
80,15,ode,46,vc,BW,power,TRUE,TRUE,TP
80,15,ode,47,cl,BW,power,TRUE,TRUE,TP
80,15,ode,47,cl,CrCL,power,TRUE,TRUE,TP
80,15,ode,47,vc,BW,power,TRUE,TRUE,TP
80,15,ode,48,cl,BW,power,TRUE,TRUE,TP
80,15,ode,48,cl,CrCL,power,TRUE,TRUE,TP
80,15,ode,48,vc,BW,power,TRUE,TRUE,TP
80,15,ode,49,cl,BW,power,TRUE,TRUE,TP
80,15,ode,49,cl,CrCL,power,TRUE,TRUE,TP
80,15,ode,49,vc,BW,power,TRUE,TRUE,TP
80,15,ode,50,cl,BW,power,TRUE,TRUE,TP
80,15,ode,50,cl,CrCL,power,TRUE,TRUE,TP
80,15,ode,50,vc,BW,power,TRUE,TRUE,TP
80,15,ode,51,cl,BW,power,TRUE,TRUE,TP
80,15,ode,51,cl,CrCL,power,TRUE,TRUE,TP
80,15,ode,51,vc,BW,power,TRUE,TRUE,TP
80,15,ode,52,cl,BW,power,TRUE,TRUE,TP
80,15,ode,52,cl,CrCL,power,TRUE,TRUE,TP
80,15,ode,52,vc,BW,power,TRUE,TRUE,TP
80,15,ode,53,cl,BW,power,TRUE,TRUE,TP
80,15,ode,53,cl,CrCL,power,TRUE,TRUE,TP
80,15,ode,53,vc,BW,power,TRUE,TRUE,TP
80,15,ode,54,cl,CrCL,power,TRUE,TRUE,TP
80,15,ode,54,vc,BW,power,TRUE,TRUE,TP
80,15,ode,54,cl,BW,power,TRUE,FALSE,FN
80,15,ode,54,cl,BMI,power,FALSE,TRUE,FP
80,15,ode,54,cl,SEX,cat,FALSE,TRUE,FP
80,15,ode,55,cl,BW,power,TRUE,TRUE,TP
80,15,ode,55,cl,CrCL,power,TRUE,TRUE,TP
80,15,ode,55,vc,BW,power,TRUE,TRUE,TP
80,15,ode,56,cl,BW,power,TRUE,TRUE,TP
80,15,ode,56,cl,CrCL,power,TRUE,TRUE,TP
80,15,ode,56,vc,BW,power,TRUE,TRUE,TP
80,15,ode,57,cl,CrCL,power,TRUE,TRUE,TP
80,15,ode,57,vc,BW,power,TRUE,TRUE,TP
80,15,ode,57,cl,BW,power,TRUE,FALSE,FN
80,15,ode,57,cl,BMI,power,FALSE,TRUE,FP
80,15,ode,57,vc,RACE,cat,FALSE,TRUE,FP
80,15,ode,58,cl,BW,power,TRUE,TRUE,TP
80,15,ode,58,cl,CrCL,power,TRUE,TRUE,TP
80,15,ode,58,vc,BW,power,TRUE,FALSE,FN
80,15,ode,58,vc,BMI,power,FALSE,TRUE,FP
80,15,ode,58,vc,SEX,cat,FALSE,TRUE,FP
80,15,ode,58,cl,RACE,cat,FALSE,TRUE,FP
80,15,ode,59,cl,BW,power,TRUE,TRUE,TP
80,15,ode,59,cl,CrCL,power,TRUE,TRUE,TP
80,15,ode,59,vc,BW,power,TRUE,FALSE,FN
80,15,ode,59,vc,CrCL,power,FALSE,TRUE,FP
80,15,ode,60,cl,BW,power,TRUE,TRUE,TP
80,15,ode,60,cl,CrCL,power,TRUE,TRUE,TP
80,15,ode,60,vc,BW,power,TRUE,TRUE,TP
80,15,ode,61,cl,BW,power,TRUE,TRUE,TP
80,15,ode,61,cl,CrCL,power,TRUE,TRUE,TP
80,15,ode,61,vc,BW,power,TRUE,TRUE,TP
80,15,ode,62,cl,BW,power,TRUE,TRUE,TP
80,15,ode,62,cl,CrCL,power,TRUE,TRUE,TP
80,15,ode,62,vc,BW,power,TRUE,TRUE,TP
80,15,ode,63,cl,BW,power,TRUE,TRUE,TP
80,15,ode,63,cl,CrCL,power,TRUE,TRUE,TP
80,15,ode,63,vc,BW,power,TRUE,TRUE,TP
80,15,ode,64,cl,CrCL,power,TRUE,TRUE,TP
80,15,ode,64,vc,BW,power,TRUE,TRUE,TP
80,15,ode,64,cl,BW,power,TRUE,FALSE,FN
80,15,ode,64,cl,BMI,power,FALSE,TRUE,FP
80,15,ode,64,cl,RACE,cat,FALSE,TRUE,FP
80,15,ode,65,cl,BW,power,TRUE,TRUE,TP
80,15,ode,65,cl,CrCL,power,TRUE,TRUE,TP
80,15,ode,65,vc,BW,power,TRUE,TRUE,TP
80,15,ode,65,cl,BMI,power,FALSE,TRUE,FP
80,15,ode,66,cl,BW,power,TRUE,TRUE,TP
80,15,ode,66,cl,CrCL,power,TRUE,TRUE,TP
80,15,ode,66,vc,BW,power,TRUE,TRUE,TP
80,15,ode,67,cl,BW,power,TRUE,TRUE,TP
80,15,ode,67,cl,CrCL,power,TRUE,TRUE,TP
80,15,ode,67,vc,BW,power,TRUE,TRUE,TP
80,15,ode,68,cl,BW,power,TRUE,TRUE,TP
80,15,ode,68,cl,CrCL,power,TRUE,TRUE,TP
80,15,ode,68,vc,BW,power,TRUE,TRUE,TP
80,15,ode,69,cl,CrCL,power,TRUE,TRUE,TP
80,15,ode,69,vc,BW,power,TRUE,TRUE,TP
80,15,ode,69,cl,BW,power,TRUE,FALSE,FN
80,15,ode,69,cl,BMI,power,FALSE,TRUE,FP
80,15,ode,70,cl,BW,power,TRUE,TRUE,TP
80,15,ode,70,cl,CrCL,power,TRUE,TRUE,TP
80,15,ode,70,vc,BW,power,TRUE,TRUE,TP
80,15,ode,71,cl,BW,power,TRUE,TRUE,TP
80,15,ode,71,cl,CrCL,power,TRUE,TRUE,TP
80,15,ode,71,vc,BW,power,TRUE,TRUE,TP
80,15,ode,72,cl,BW,power,TRUE,TRUE,TP
80,15,ode,72,cl,CrCL,power,TRUE,TRUE,TP
80,15,ode,72,vc,BW,power,TRUE,TRUE,TP
80,15,ode,73,cl,BW,power,TRUE,TRUE,TP
80,15,ode,73,cl,CrCL,power,TRUE,TRUE,TP
80,15,ode,73,vc,BW,power,TRUE,TRUE,TP
80,15,ode,74,cl,BW,power,TRUE,TRUE,TP
80,15,ode,74,cl,CrCL,power,TRUE,TRUE,TP
80,15,ode,74,vc,BW,power,TRUE,TRUE,TP
80,15,ode,75,cl,BW,power,TRUE,TRUE,TP
80,15,ode,75,cl,CrCL,power,TRUE,TRUE,TP
80,15,ode,75,vc,BW,power,TRUE,TRUE,TP
80,15,ode,76,cl,BW,power,TRUE,TRUE,TP
80,15,ode,76,cl,CrCL,power,TRUE,TRUE,TP
80,15,ode,76,vc,BW,power,TRUE,TRUE,TP
80,15,ode,77,cl,BW,power,TRUE,TRUE,TP
80,15,ode,77,cl,CrCL,power,TRUE,TRUE,TP
80,15,ode,77,vc,BW,power,TRUE,TRUE,TP
80,15,ode,78,cl,BW,power,TRUE,TRUE,TP
80,15,ode,78,cl,CrCL,power,TRUE,TRUE,TP
80,15,ode,78,vc,BW,power,TRUE,TRUE,TP
80,15,ode,79,cl,BW,power,TRUE,TRUE,TP
80,15,ode,79,vc,BW,power,TRUE,TRUE,TP
80,15,ode,79,cl,CrCL,power,TRUE,FALSE,FN
80,15,ode,79,cl,SEX,cat,FALSE,TRUE,FP
80,15,ode,80,cl,BW,power,TRUE,TRUE,TP
80,15,ode,80,cl,CrCL,power,TRUE,TRUE,TP
80,15,ode,80,vc,BW,power,TRUE,TRUE,TP
80,15,ode,81,cl,BW,power,TRUE,TRUE,TP
80,15,ode,81,cl,CrCL,power,TRUE,TRUE,TP
80,15,ode,81,vc,BW,power,TRUE,TRUE,TP
80,15,ode,81,cl,RACE,cat,FALSE,TRUE,FP
80,15,ode,82,cl,BW,power,TRUE,TRUE,TP
80,15,ode,82,cl,CrCL,power,TRUE,TRUE,TP
80,15,ode,82,vc,BW,power,TRUE,TRUE,TP
80,15,ode,83,cl,BW,power,TRUE,TRUE,TP
80,15,ode,83,cl,CrCL,power,TRUE,TRUE,TP
80,15,ode,83,vc,BW,power,TRUE,TRUE,TP
80,15,ode,84,cl,BW,power,TRUE,TRUE,TP
80,15,ode,84,cl,CrCL,power,TRUE,TRUE,TP
80,15,ode,84,vc,BW,power,TRUE,TRUE,TP
80,15,ode,85,cl,BW,power,TRUE,TRUE,TP
80,15,ode,85,cl,CrCL,power,TRUE,TRUE,TP
80,15,ode,85,vc,BW,power,TRUE,TRUE,TP
80,15,ode,86,cl,BW,power,TRUE,TRUE,TP
80,15,ode,86,cl,CrCL,power,TRUE,TRUE,TP
80,15,ode,86,vc,BW,power,TRUE,FALSE,FN
80,15,ode,86,vc,BMI,power,FALSE,TRUE,FP
80,15,ode,87,cl,BW,power,TRUE,TRUE,TP
80,15,ode,87,cl,CrCL,power,TRUE,TRUE,TP
80,15,ode,87,vc,BW,power,TRUE,FALSE,FN
80,15,ode,87,vc,BMI,power,FALSE,TRUE,FP
80,15,ode,87,vc,SEX,cat,FALSE,TRUE,FP
80,15,ode,88,cl,CrCL,power,TRUE,TRUE,TP
80,15,ode,88,vc,BW,power,TRUE,TRUE,TP
80,15,ode,88,cl,BW,power,TRUE,FALSE,FN
80,15,ode,88,cl,BMI,power,FALSE,TRUE,FP
80,15,ode,89,cl,BW,power,TRUE,TRUE,TP
80,15,ode,89,cl,CrCL,power,TRUE,TRUE,TP
80,15,ode,89,vc,BW,power,TRUE,TRUE,TP
80,15,ode,90,cl,BW,power,TRUE,TRUE,TP
80,15,ode,90,cl,CrCL,power,TRUE,TRUE,TP
80,15,ode,90,vc,BW,power,TRUE,TRUE,TP
80,15,ode,91,cl,BW,power,TRUE,TRUE,TP
80,15,ode,91,cl,CrCL,power,TRUE,TRUE,TP
80,15,ode,91,vc,BW,power,TRUE,TRUE,TP
80,15,ode,91,cl,BMI,power,FALSE,TRUE,FP
80,15,ode,92,cl,BW,power,TRUE,TRUE,TP
80,15,ode,92,cl,CrCL,power,TRUE,TRUE,TP
80,15,ode,92,vc,BW,power,TRUE,TRUE,TP
80,15,ode,93,cl,CrCL,power,TRUE,TRUE,TP
80,15,ode,93,vc,BW,power,TRUE,TRUE,TP
80,15,ode,93,cl,BW,power,TRUE,FALSE,FN
80,15,ode,94,cl,CrCL,power,TRUE,TRUE,TP
80,15,ode,94,cl,BW,power,TRUE,FALSE,FN
80,15,ode,94,vc,BW,power,TRUE,FALSE,FN
80,15,ode,94,vc,BMI,power,FALSE,TRUE,FP
80,15,ode,94,cl,BMI,power,FALSE,TRUE,FP
80,15,ode,95,cl,BW,power,TRUE,TRUE,TP
80,15,ode,95,cl,CrCL,power,TRUE,TRUE,TP
80,15,ode,95,vc,BW,power,TRUE,TRUE,TP
80,15,ode,96,cl,BW,power,TRUE,TRUE,TP
80,15,ode,96,cl,CrCL,power,TRUE,TRUE,TP
80,15,ode,96,vc,BW,power,TRUE,TRUE,TP
80,15,ode,97,cl,BW,power,TRUE,TRUE,TP
80,15,ode,97,cl,CrCL,power,TRUE,TRUE,TP
80,15,ode,97,vc,BW,power,TRUE,TRUE,TP
80,15,ode,98,cl,CrCL,power,TRUE,TRUE,TP
80,15,ode,98,vc,BW,power,TRUE,TRUE,TP
80,15,ode,98,cl,BW,power,TRUE,FALSE,FN
80,15,ode,98,cl,BMI,power,FALSE,TRUE,FP
80,15,ode,99,cl,BW,power,TRUE,TRUE,TP
80,15,ode,99,cl,CrCL,power,TRUE,TRUE,TP
80,15,ode,99,vc,BW,power,TRUE,FALSE,FN
80,15,ode,99,vc,BMI,power,FALSE,TRUE,FP
80,15,ode,100,cl,BW,power,TRUE,TRUE,TP
80,15,ode,100,cl,CrCL,power,TRUE,TRUE,TP
80,15,ode,100,vc,BW,power,TRUE,TRUE,TP
80,15,ode,100,cl,SEX,cat,FALSE,TRUE,FP
80,16,linCmt,1,cl,BW,power,TRUE,TRUE,TP
80,16,linCmt,1,cl,CrCL,power,TRUE,TRUE,TP
80,16,linCmt,1,vc,BW,power,TRUE,TRUE,TP
80,16,linCmt,1,vc,SEX,cat,TRUE,TRUE,TP
80,16,linCmt,2,cl,BW,power,TRUE,TRUE,TP
80,16,linCmt,2,cl,CrCL,power,TRUE,TRUE,TP
80,16,linCmt,2,vc,BW,power,TRUE,TRUE,TP
80,16,linCmt,2,vc,SEX,cat,TRUE,TRUE,TP
80,16,linCmt,3,cl,BW,power,TRUE,TRUE,TP
80,16,linCmt,3,cl,CrCL,power,TRUE,TRUE,TP
80,16,linCmt,3,vc,BW,power,TRUE,TRUE,TP
80,16,linCmt,3,vc,SEX,cat,TRUE,TRUE,TP
80,16,linCmt,4,cl,BW,power,TRUE,TRUE,TP
80,16,linCmt,4,cl,CrCL,power,TRUE,TRUE,TP
80,16,linCmt,4,vc,BW,power,TRUE,TRUE,TP
80,16,linCmt,4,vc,SEX,cat,TRUE,TRUE,TP
80,16,linCmt,5,cl,BW,power,TRUE,TRUE,TP
80,16,linCmt,5,cl,CrCL,power,TRUE,TRUE,TP
80,16,linCmt,5,vc,SEX,cat,TRUE,TRUE,TP
80,16,linCmt,5,vc,BW,power,TRUE,FALSE,FN
80,16,linCmt,5,vc,BMI,power,FALSE,TRUE,FP
80,16,linCmt,6,cl,BW,power,TRUE,TRUE,TP
80,16,linCmt,6,cl,CrCL,power,TRUE,TRUE,TP
80,16,linCmt,6,vc,BW,power,TRUE,TRUE,TP
80,16,linCmt,6,vc,SEX,cat,TRUE,TRUE,TP
80,16,linCmt,7,cl,CrCL,power,TRUE,TRUE,TP
80,16,linCmt,7,vc,BW,power,TRUE,TRUE,TP
80,16,linCmt,7,vc,SEX,cat,TRUE,TRUE,TP
80,16,linCmt,7,cl,BW,power,TRUE,FALSE,FN
80,16,linCmt,7,cl,SEX,cat,FALSE,TRUE,FP
80,16,linCmt,8,cl,BW,power,TRUE,TRUE,TP
80,16,linCmt,8,cl,CrCL,power,TRUE,TRUE,TP
80,16,linCmt,8,vc,BW,power,TRUE,TRUE,TP
80,16,linCmt,8,vc,SEX,cat,TRUE,TRUE,TP
80,16,linCmt,9,cl,CrCL,power,TRUE,TRUE,TP
80,16,linCmt,9,vc,BW,power,TRUE,TRUE,TP
80,16,linCmt,9,vc,SEX,cat,TRUE,TRUE,TP
80,16,linCmt,9,cl,BW,power,TRUE,FALSE,FN
80,16,linCmt,9,cl,SEX,cat,FALSE,TRUE,FP
80,16,linCmt,10,cl,BW,power,TRUE,TRUE,TP
80,16,linCmt,10,cl,CrCL,power,TRUE,TRUE,TP
80,16,linCmt,10,vc,BW,power,TRUE,TRUE,TP
80,16,linCmt,10,vc,SEX,cat,TRUE,TRUE,TP
80,16,linCmt,11,cl,BW,power,TRUE,TRUE,TP
80,16,linCmt,11,cl,CrCL,power,TRUE,TRUE,TP
80,16,linCmt,11,vc,BW,power,TRUE,TRUE,TP
80,16,linCmt,11,vc,SEX,cat,TRUE,TRUE,TP
80,16,linCmt,12,cl,BW,power,TRUE,TRUE,TP
80,16,linCmt,12,cl,CrCL,power,TRUE,TRUE,TP
80,16,linCmt,12,vc,BW,power,TRUE,TRUE,TP
80,16,linCmt,12,vc,SEX,cat,TRUE,TRUE,TP
80,16,linCmt,13,cl,CrCL,power,TRUE,TRUE,TP
80,16,linCmt,13,vc,BW,power,TRUE,TRUE,TP
80,16,linCmt,13,vc,SEX,cat,TRUE,TRUE,TP
80,16,linCmt,13,cl,BW,power,TRUE,FALSE,FN
80,16,linCmt,13,cl,BMI,power,FALSE,TRUE,FP
80,16,linCmt,13,cl,SEX,cat,FALSE,TRUE,FP
80,16,linCmt,14,cl,BW,power,TRUE,TRUE,TP
80,16,linCmt,14,cl,CrCL,power,TRUE,TRUE,TP
80,16,linCmt,14,vc,BW,power,TRUE,TRUE,TP
80,16,linCmt,14,vc,SEX,cat,TRUE,FALSE,FN
80,16,linCmt,15,cl,BW,power,TRUE,TRUE,TP
80,16,linCmt,15,cl,CrCL,power,TRUE,TRUE,TP
80,16,linCmt,15,vc,BW,power,TRUE,TRUE,TP
80,16,linCmt,15,vc,SEX,cat,TRUE,TRUE,TP
80,16,linCmt,16,cl,BW,power,TRUE,TRUE,TP
80,16,linCmt,16,cl,CrCL,power,TRUE,TRUE,TP
80,16,linCmt,16,vc,BW,power,TRUE,TRUE,TP
80,16,linCmt,16,vc,SEX,cat,TRUE,TRUE,TP
80,16,linCmt,17,cl,CrCL,power,TRUE,TRUE,TP
80,16,linCmt,17,vc,BW,power,TRUE,TRUE,TP
80,16,linCmt,17,vc,SEX,cat,TRUE,TRUE,TP
80,16,linCmt,17,cl,BW,power,TRUE,FALSE,FN
80,16,linCmt,17,cl,BMI,power,FALSE,TRUE,FP
80,16,linCmt,18,cl,BW,power,TRUE,TRUE,TP
80,16,linCmt,18,cl,CrCL,power,TRUE,TRUE,TP
80,16,linCmt,18,vc,BW,power,TRUE,TRUE,TP
80,16,linCmt,18,vc,SEX,cat,TRUE,TRUE,TP
80,16,linCmt,19,cl,BW,power,TRUE,TRUE,TP
80,16,linCmt,19,cl,CrCL,power,TRUE,TRUE,TP
80,16,linCmt,19,vc,BW,power,TRUE,TRUE,TP
80,16,linCmt,19,vc,SEX,cat,TRUE,TRUE,TP
80,16,linCmt,20,cl,BW,power,TRUE,TRUE,TP
80,16,linCmt,20,cl,CrCL,power,TRUE,TRUE,TP
80,16,linCmt,20,vc,SEX,cat,TRUE,TRUE,TP
80,16,linCmt,20,vc,BW,power,TRUE,FALSE,FN
80,16,linCmt,20,vc,BMI,power,FALSE,TRUE,FP
80,16,linCmt,21,cl,CrCL,power,TRUE,TRUE,TP
80,16,linCmt,21,vc,BW,power,TRUE,TRUE,TP
80,16,linCmt,21,vc,SEX,cat,TRUE,TRUE,TP
80,16,linCmt,21,cl,BW,power,TRUE,FALSE,FN
80,16,linCmt,21,cl,BMI,power,FALSE,TRUE,FP
80,16,linCmt,22,cl,BW,power,TRUE,TRUE,TP
80,16,linCmt,22,cl,CrCL,power,TRUE,TRUE,TP
80,16,linCmt,22,vc,BW,power,TRUE,TRUE,TP
80,16,linCmt,22,vc,SEX,cat,TRUE,TRUE,TP
80,16,linCmt,22,vc,RACE,cat,FALSE,TRUE,FP
80,16,linCmt,23,cl,BW,power,TRUE,TRUE,TP
80,16,linCmt,23,cl,CrCL,power,TRUE,TRUE,TP
80,16,linCmt,23,vc,BW,power,TRUE,TRUE,TP
80,16,linCmt,23,vc,SEX,cat,TRUE,TRUE,TP
80,16,linCmt,24,cl,BW,power,TRUE,TRUE,TP
80,16,linCmt,24,cl,CrCL,power,TRUE,TRUE,TP
80,16,linCmt,24,vc,BW,power,TRUE,TRUE,TP
80,16,linCmt,24,vc,SEX,cat,TRUE,TRUE,TP
80,16,linCmt,24,vc,RACE,cat,FALSE,TRUE,FP
80,16,linCmt,25,cl,BW,power,TRUE,TRUE,TP
80,16,linCmt,25,cl,CrCL,power,TRUE,TRUE,TP
80,16,linCmt,25,vc,BW,power,TRUE,TRUE,TP
80,16,linCmt,25,vc,SEX,cat,TRUE,TRUE,TP
80,16,linCmt,26,cl,CrCL,power,TRUE,TRUE,TP
80,16,linCmt,26,vc,BW,power,TRUE,TRUE,TP
80,16,linCmt,26,vc,SEX,cat,TRUE,TRUE,TP
80,16,linCmt,26,cl,BW,power,TRUE,FALSE,FN
80,16,linCmt,26,cl,BMI,power,FALSE,TRUE,FP
80,16,linCmt,27,cl,BW,power,TRUE,TRUE,TP
80,16,linCmt,27,cl,CrCL,power,TRUE,TRUE,TP
80,16,linCmt,27,vc,BW,power,TRUE,TRUE,TP
80,16,linCmt,27,vc,SEX,cat,TRUE,TRUE,TP
80,16,linCmt,28,cl,CrCL,power,TRUE,TRUE,TP
80,16,linCmt,28,vc,BW,power,TRUE,TRUE,TP
80,16,linCmt,28,vc,SEX,cat,TRUE,TRUE,TP
80,16,linCmt,28,cl,BW,power,TRUE,FALSE,FN
80,16,linCmt,28,cl,BMI,power,FALSE,TRUE,FP
80,16,linCmt,29,cl,CrCL,power,TRUE,TRUE,TP
80,16,linCmt,29,vc,BW,power,TRUE,TRUE,TP
80,16,linCmt,29,vc,SEX,cat,TRUE,TRUE,TP
80,16,linCmt,29,cl,BW,power,TRUE,FALSE,FN
80,16,linCmt,29,cl,BMI,power,FALSE,TRUE,FP
80,16,linCmt,30,cl,BW,power,TRUE,TRUE,TP
80,16,linCmt,30,cl,CrCL,power,TRUE,TRUE,TP
80,16,linCmt,30,vc,BW,power,TRUE,TRUE,TP
80,16,linCmt,30,vc,SEX,cat,TRUE,TRUE,TP
80,16,linCmt,31,cl,BW,power,TRUE,TRUE,TP
80,16,linCmt,31,cl,CrCL,power,TRUE,TRUE,TP
80,16,linCmt,31,vc,BW,power,TRUE,TRUE,TP
80,16,linCmt,31,vc,SEX,cat,TRUE,TRUE,TP
80,16,linCmt,32,cl,BW,power,TRUE,TRUE,TP
80,16,linCmt,32,cl,CrCL,power,TRUE,TRUE,TP
80,16,linCmt,32,vc,BW,power,TRUE,TRUE,TP
80,16,linCmt,32,vc,SEX,cat,TRUE,TRUE,TP
80,16,linCmt,33,cl,BW,power,TRUE,TRUE,TP
80,16,linCmt,33,cl,CrCL,power,TRUE,TRUE,TP
80,16,linCmt,33,vc,BW,power,TRUE,TRUE,TP
80,16,linCmt,33,vc,SEX,cat,TRUE,TRUE,TP
80,16,linCmt,34,cl,CrCL,power,TRUE,TRUE,TP
80,16,linCmt,34,vc,BW,power,TRUE,TRUE,TP
80,16,linCmt,34,vc,SEX,cat,TRUE,TRUE,TP
80,16,linCmt,34,cl,BW,power,TRUE,FALSE,FN
80,16,linCmt,34,cl,BMI,power,FALSE,TRUE,FP
80,16,linCmt,35,cl,BW,power,TRUE,TRUE,TP
80,16,linCmt,35,cl,CrCL,power,TRUE,TRUE,TP
80,16,linCmt,35,vc,BW,power,TRUE,TRUE,TP
80,16,linCmt,35,vc,SEX,cat,TRUE,TRUE,TP
80,16,linCmt,36,cl,BW,power,TRUE,TRUE,TP
80,16,linCmt,36,cl,CrCL,power,TRUE,TRUE,TP
80,16,linCmt,36,vc,BW,power,TRUE,TRUE,TP
80,16,linCmt,36,vc,SEX,cat,TRUE,TRUE,TP
80,16,linCmt,37,cl,BW,power,TRUE,TRUE,TP
80,16,linCmt,37,cl,CrCL,power,TRUE,TRUE,TP
80,16,linCmt,37,vc,BW,power,TRUE,TRUE,TP
80,16,linCmt,37,vc,SEX,cat,TRUE,TRUE,TP
80,16,linCmt,38,cl,BW,power,TRUE,TRUE,TP
80,16,linCmt,38,cl,CrCL,power,TRUE,TRUE,TP
80,16,linCmt,38,vc,BW,power,TRUE,TRUE,TP
80,16,linCmt,38,vc,SEX,cat,TRUE,TRUE,TP
80,16,linCmt,39,cl,BW,power,TRUE,TRUE,TP
80,16,linCmt,39,cl,CrCL,power,TRUE,TRUE,TP
80,16,linCmt,39,vc,BW,power,TRUE,TRUE,TP
80,16,linCmt,39,vc,SEX,cat,TRUE,TRUE,TP
80,16,linCmt,40,cl,BW,power,TRUE,TRUE,TP
80,16,linCmt,40,cl,CrCL,power,TRUE,TRUE,TP
80,16,linCmt,40,vc,BW,power,TRUE,TRUE,TP
80,16,linCmt,40,vc,SEX,cat,TRUE,TRUE,TP
80,16,linCmt,41,cl,CrCL,power,TRUE,TRUE,TP
80,16,linCmt,41,vc,BW,power,TRUE,TRUE,TP
80,16,linCmt,41,vc,SEX,cat,TRUE,TRUE,TP
80,16,linCmt,41,cl,BW,power,TRUE,FALSE,FN
80,16,linCmt,41,cl,BMI,power,FALSE,TRUE,FP
80,16,linCmt,42,cl,BW,power,TRUE,TRUE,TP
80,16,linCmt,42,cl,CrCL,power,TRUE,TRUE,TP
80,16,linCmt,42,vc,BW,power,TRUE,TRUE,TP
80,16,linCmt,42,vc,SEX,cat,TRUE,TRUE,TP
80,16,linCmt,43,cl,BW,power,TRUE,TRUE,TP
80,16,linCmt,43,cl,CrCL,power,TRUE,TRUE,TP
80,16,linCmt,43,vc,BW,power,TRUE,TRUE,TP
80,16,linCmt,43,vc,SEX,cat,TRUE,TRUE,TP
80,16,linCmt,44,cl,BW,power,TRUE,TRUE,TP
80,16,linCmt,44,cl,CrCL,power,TRUE,TRUE,TP
80,16,linCmt,44,vc,BW,power,TRUE,TRUE,TP
80,16,linCmt,44,vc,SEX,cat,TRUE,TRUE,TP
80,16,linCmt,45,cl,BW,power,TRUE,TRUE,TP
80,16,linCmt,45,cl,CrCL,power,TRUE,TRUE,TP
80,16,linCmt,45,vc,BW,power,TRUE,TRUE,TP
80,16,linCmt,45,vc,SEX,cat,TRUE,TRUE,TP
80,16,linCmt,45,cl,RACE,cat,FALSE,TRUE,FP
80,16,linCmt,46,cl,BW,power,TRUE,TRUE,TP
80,16,linCmt,46,cl,CrCL,power,TRUE,TRUE,TP
80,16,linCmt,46,vc,BW,power,TRUE,TRUE,TP
80,16,linCmt,46,vc,SEX,cat,TRUE,TRUE,TP
80,16,linCmt,47,cl,CrCL,power,TRUE,TRUE,TP
80,16,linCmt,47,vc,BW,power,TRUE,TRUE,TP
80,16,linCmt,47,vc,SEX,cat,TRUE,TRUE,TP
80,16,linCmt,47,cl,BW,power,TRUE,FALSE,FN
80,16,linCmt,47,cl,BMI,power,FALSE,TRUE,FP
80,16,linCmt,47,cl,SEX,cat,FALSE,TRUE,FP
80,16,linCmt,48,cl,BW,power,TRUE,TRUE,TP
80,16,linCmt,48,cl,CrCL,power,TRUE,TRUE,TP
80,16,linCmt,48,vc,BW,power,TRUE,TRUE,TP
80,16,linCmt,48,vc,SEX,cat,TRUE,TRUE,TP
80,16,linCmt,49,cl,BW,power,TRUE,TRUE,TP
80,16,linCmt,49,cl,CrCL,power,TRUE,TRUE,TP
80,16,linCmt,49,vc,BW,power,TRUE,TRUE,TP
80,16,linCmt,49,vc,SEX,cat,TRUE,FALSE,FN
80,16,linCmt,49,vc,BMI,power,FALSE,TRUE,FP
80,16,linCmt,50,cl,BW,power,TRUE,TRUE,TP
80,16,linCmt,50,cl,CrCL,power,TRUE,TRUE,TP
80,16,linCmt,50,vc,BW,power,TRUE,TRUE,TP
80,16,linCmt,50,vc,SEX,cat,TRUE,TRUE,TP
80,16,linCmt,51,cl,CrCL,power,TRUE,TRUE,TP
80,16,linCmt,51,vc,BW,power,TRUE,TRUE,TP
80,16,linCmt,51,vc,SEX,cat,TRUE,TRUE,TP
80,16,linCmt,51,cl,BW,power,TRUE,FALSE,FN
80,16,linCmt,51,cl,BMI,power,FALSE,TRUE,FP
80,16,linCmt,52,cl,BW,power,TRUE,TRUE,TP
80,16,linCmt,52,cl,CrCL,power,TRUE,TRUE,TP
80,16,linCmt,52,vc,BW,power,TRUE,TRUE,TP
80,16,linCmt,52,vc,SEX,cat,TRUE,TRUE,TP
80,16,linCmt,53,cl,BW,power,TRUE,TRUE,TP
80,16,linCmt,53,cl,CrCL,power,TRUE,TRUE,TP
80,16,linCmt,53,vc,BW,power,TRUE,TRUE,TP
80,16,linCmt,53,vc,SEX,cat,TRUE,TRUE,TP
80,16,linCmt,54,cl,BW,power,TRUE,TRUE,TP
80,16,linCmt,54,cl,CrCL,power,TRUE,TRUE,TP
80,16,linCmt,54,vc,BW,power,TRUE,TRUE,TP
80,16,linCmt,54,vc,SEX,cat,TRUE,TRUE,TP
80,16,linCmt,55,cl,BW,power,TRUE,TRUE,TP
80,16,linCmt,55,cl,CrCL,power,TRUE,TRUE,TP
80,16,linCmt,55,vc,BW,power,TRUE,TRUE,TP
80,16,linCmt,55,vc,SEX,cat,TRUE,TRUE,TP
80,16,linCmt,56,cl,BW,power,TRUE,TRUE,TP
80,16,linCmt,56,cl,CrCL,power,TRUE,TRUE,TP
80,16,linCmt,56,vc,BW,power,TRUE,TRUE,TP
80,16,linCmt,56,vc,SEX,cat,TRUE,TRUE,TP
80,16,linCmt,57,cl,BW,power,TRUE,TRUE,TP
80,16,linCmt,57,cl,CrCL,power,TRUE,TRUE,TP
80,16,linCmt,57,vc,BW,power,TRUE,TRUE,TP
80,16,linCmt,57,vc,SEX,cat,TRUE,TRUE,TP
80,16,linCmt,57,cl,BMI,power,FALSE,TRUE,FP
80,16,linCmt,57,cl,RACE,cat,FALSE,TRUE,FP
80,16,linCmt,58,cl,BW,power,TRUE,TRUE,TP
80,16,linCmt,58,cl,CrCL,power,TRUE,TRUE,TP
80,16,linCmt,58,vc,BW,power,TRUE,TRUE,TP
80,16,linCmt,58,vc,SEX,cat,TRUE,TRUE,TP
80,16,linCmt,59,cl,BW,power,TRUE,TRUE,TP
80,16,linCmt,59,cl,CrCL,power,TRUE,TRUE,TP
80,16,linCmt,59,vc,BW,power,TRUE,TRUE,TP
80,16,linCmt,59,vc,SEX,cat,TRUE,TRUE,TP
80,16,linCmt,60,cl,BW,power,TRUE,TRUE,TP
80,16,linCmt,60,cl,CrCL,power,TRUE,TRUE,TP
80,16,linCmt,60,vc,BW,power,TRUE,TRUE,TP
80,16,linCmt,60,vc,SEX,cat,TRUE,TRUE,TP
80,16,linCmt,60,cl,BMI,power,FALSE,TRUE,FP
80,16,linCmt,61,cl,BW,power,TRUE,TRUE,TP
80,16,linCmt,61,cl,CrCL,power,TRUE,TRUE,TP
80,16,linCmt,61,vc,SEX,cat,TRUE,TRUE,TP
80,16,linCmt,61,vc,BW,power,TRUE,FALSE,FN
80,16,linCmt,61,vc,BMI,power,FALSE,TRUE,FP
80,16,linCmt,62,cl,BW,power,TRUE,TRUE,TP
80,16,linCmt,62,cl,CrCL,power,TRUE,TRUE,TP
80,16,linCmt,62,vc,BW,power,TRUE,TRUE,TP
80,16,linCmt,62,vc,SEX,cat,TRUE,TRUE,TP
80,16,linCmt,63,cl,BW,power,TRUE,TRUE,TP
80,16,linCmt,63,cl,CrCL,power,TRUE,TRUE,TP
80,16,linCmt,63,vc,BW,power,TRUE,TRUE,TP
80,16,linCmt,63,vc,SEX,cat,TRUE,TRUE,TP
80,16,linCmt,64,cl,BW,power,TRUE,TRUE,TP
80,16,linCmt,64,cl,CrCL,power,TRUE,TRUE,TP
80,16,linCmt,64,vc,SEX,cat,TRUE,TRUE,TP
80,16,linCmt,64,vc,BW,power,TRUE,FALSE,FN
80,16,linCmt,64,vc,BMI,power,FALSE,TRUE,FP
80,16,linCmt,65,cl,BW,power,TRUE,TRUE,TP
80,16,linCmt,65,cl,CrCL,power,TRUE,TRUE,TP
80,16,linCmt,65,vc,BW,power,TRUE,TRUE,TP
80,16,linCmt,65,vc,SEX,cat,TRUE,TRUE,TP
80,16,linCmt,66,cl,BW,power,TRUE,TRUE,TP
80,16,linCmt,66,cl,CrCL,power,TRUE,TRUE,TP
80,16,linCmt,66,vc,BW,power,TRUE,TRUE,TP
80,16,linCmt,66,vc,SEX,cat,TRUE,TRUE,TP
80,16,linCmt,67,cl,BW,power,TRUE,TRUE,TP
80,16,linCmt,67,cl,CrCL,power,TRUE,TRUE,TP
80,16,linCmt,67,vc,SEX,cat,TRUE,TRUE,TP
80,16,linCmt,67,vc,BW,power,TRUE,FALSE,FN
80,16,linCmt,67,vc,BMI,power,FALSE,TRUE,FP
80,16,linCmt,68,cl,CrCL,power,TRUE,TRUE,TP
80,16,linCmt,68,vc,BW,power,TRUE,TRUE,TP
80,16,linCmt,68,vc,SEX,cat,TRUE,TRUE,TP
80,16,linCmt,68,cl,BW,power,TRUE,FALSE,FN
80,16,linCmt,68,cl,BMI,power,FALSE,TRUE,FP
80,16,linCmt,69,cl,BW,power,TRUE,TRUE,TP
80,16,linCmt,69,cl,CrCL,power,TRUE,TRUE,TP
80,16,linCmt,69,vc,BW,power,TRUE,TRUE,TP
80,16,linCmt,69,vc,SEX,cat,TRUE,TRUE,TP
80,16,linCmt,70,cl,BW,power,TRUE,TRUE,TP
80,16,linCmt,70,cl,CrCL,power,TRUE,TRUE,TP
80,16,linCmt,70,vc,BW,power,TRUE,TRUE,TP
80,16,linCmt,70,vc,SEX,cat,TRUE,TRUE,TP
80,16,linCmt,71,cl,BW,power,TRUE,TRUE,TP
80,16,linCmt,71,cl,CrCL,power,TRUE,TRUE,TP
80,16,linCmt,71,vc,SEX,cat,TRUE,TRUE,TP
80,16,linCmt,71,vc,BW,power,TRUE,FALSE,FN
80,16,linCmt,71,vc,BMI,power,FALSE,TRUE,FP
80,16,linCmt,72,cl,BW,power,TRUE,TRUE,TP
80,16,linCmt,72,cl,CrCL,power,TRUE,TRUE,TP
80,16,linCmt,72,vc,BW,power,TRUE,TRUE,TP
80,16,linCmt,72,vc,SEX,cat,TRUE,TRUE,TP
80,16,linCmt,73,cl,BW,power,TRUE,TRUE,TP
80,16,linCmt,73,cl,CrCL,power,TRUE,TRUE,TP
80,16,linCmt,73,vc,BW,power,TRUE,TRUE,TP
80,16,linCmt,73,vc,SEX,cat,TRUE,TRUE,TP
80,16,linCmt,74,cl,BW,power,TRUE,TRUE,TP
80,16,linCmt,74,cl,CrCL,power,TRUE,TRUE,TP
80,16,linCmt,74,vc,BW,power,TRUE,TRUE,TP
80,16,linCmt,74,vc,SEX,cat,TRUE,TRUE,TP
80,16,linCmt,75,cl,BW,power,TRUE,TRUE,TP
80,16,linCmt,75,cl,CrCL,power,TRUE,TRUE,TP
80,16,linCmt,75,vc,SEX,cat,TRUE,TRUE,TP
80,16,linCmt,75,vc,BW,power,TRUE,FALSE,FN
80,16,linCmt,75,vc,BMI,power,FALSE,TRUE,FP
80,16,linCmt,75,cl,RACE,cat,FALSE,TRUE,FP
80,16,linCmt,76,cl,BW,power,TRUE,TRUE,TP
80,16,linCmt,76,cl,CrCL,power,TRUE,TRUE,TP
80,16,linCmt,76,vc,BW,power,TRUE,TRUE,TP
80,16,linCmt,76,vc,SEX,cat,TRUE,TRUE,TP
80,16,linCmt,77,cl,BW,power,TRUE,TRUE,TP
80,16,linCmt,77,cl,CrCL,power,TRUE,TRUE,TP
80,16,linCmt,77,vc,BW,power,TRUE,TRUE,TP
80,16,linCmt,77,vc,SEX,cat,TRUE,TRUE,TP
80,16,linCmt,78,cl,CrCL,power,TRUE,TRUE,TP
80,16,linCmt,78,vc,BW,power,TRUE,TRUE,TP
80,16,linCmt,78,vc,SEX,cat,TRUE,TRUE,TP
80,16,linCmt,78,cl,BW,power,TRUE,FALSE,FN
80,16,linCmt,78,cl,BMI,power,FALSE,TRUE,FP
80,16,linCmt,79,cl,BW,power,TRUE,TRUE,TP
80,16,linCmt,79,cl,CrCL,power,TRUE,TRUE,TP
80,16,linCmt,79,vc,SEX,cat,TRUE,TRUE,TP
80,16,linCmt,79,vc,BW,power,TRUE,FALSE,FN
80,16,linCmt,79,vc,BMI,power,FALSE,TRUE,FP
80,16,linCmt,79,vc,RACE,cat,FALSE,TRUE,FP
80,16,linCmt,80,cl,CrCL,power,TRUE,TRUE,TP
80,16,linCmt,80,vc,BW,power,TRUE,TRUE,TP
80,16,linCmt,80,vc,SEX,cat,TRUE,TRUE,TP
80,16,linCmt,80,cl,BW,power,TRUE,FALSE,FN
80,16,linCmt,80,cl,BMI,power,FALSE,TRUE,FP
80,16,linCmt,81,cl,BW,power,TRUE,TRUE,TP
80,16,linCmt,81,cl,CrCL,power,TRUE,TRUE,TP
80,16,linCmt,81,vc,BW,power,TRUE,TRUE,TP
80,16,linCmt,81,vc,SEX,cat,TRUE,TRUE,TP
80,16,linCmt,82,cl,BW,power,TRUE,TRUE,TP
80,16,linCmt,82,cl,CrCL,power,TRUE,TRUE,TP
80,16,linCmt,82,vc,BW,power,TRUE,TRUE,TP
80,16,linCmt,82,vc,SEX,cat,TRUE,TRUE,TP
80,16,linCmt,82,cl,SEX,cat,FALSE,TRUE,FP
80,16,linCmt,83,cl,CrCL,power,TRUE,TRUE,TP
80,16,linCmt,83,vc,BW,power,TRUE,TRUE,TP
80,16,linCmt,83,vc,SEX,cat,TRUE,TRUE,TP
80,16,linCmt,83,cl,BW,power,TRUE,FALSE,FN
80,16,linCmt,83,cl,BMI,power,FALSE,TRUE,FP
80,16,linCmt,84,cl,BW,power,TRUE,TRUE,TP
80,16,linCmt,84,cl,CrCL,power,TRUE,TRUE,TP
80,16,linCmt,84,vc,SEX,cat,TRUE,TRUE,TP
80,16,linCmt,84,vc,BW,power,TRUE,FALSE,FN
80,16,linCmt,84,vc,BMI,power,FALSE,TRUE,FP
80,16,linCmt,85,cl,BW,power,TRUE,TRUE,TP
80,16,linCmt,85,cl,CrCL,power,TRUE,TRUE,TP
80,16,linCmt,85,vc,BW,power,TRUE,TRUE,TP
80,16,linCmt,85,vc,SEX,cat,TRUE,TRUE,TP
80,16,linCmt,86,cl,BW,power,TRUE,TRUE,TP
80,16,linCmt,86,cl,CrCL,power,TRUE,TRUE,TP
80,16,linCmt,86,vc,BW,power,TRUE,TRUE,TP
80,16,linCmt,86,vc,SEX,cat,TRUE,TRUE,TP
80,16,linCmt,87,cl,BW,power,TRUE,TRUE,TP
80,16,linCmt,87,cl,CrCL,power,TRUE,TRUE,TP
80,16,linCmt,87,vc,BW,power,TRUE,TRUE,TP
80,16,linCmt,87,vc,SEX,cat,TRUE,TRUE,TP
80,16,linCmt,88,cl,BW,power,TRUE,TRUE,TP
80,16,linCmt,88,cl,CrCL,power,TRUE,TRUE,TP
80,16,linCmt,88,vc,BW,power,TRUE,TRUE,TP
80,16,linCmt,88,vc,SEX,cat,TRUE,TRUE,TP
80,16,linCmt,89,cl,BW,power,TRUE,TRUE,TP
80,16,linCmt,89,cl,CrCL,power,TRUE,TRUE,TP
80,16,linCmt,89,vc,BW,power,TRUE,TRUE,TP
80,16,linCmt,89,vc,SEX,cat,TRUE,TRUE,TP
80,16,linCmt,90,cl,BW,power,TRUE,TRUE,TP
80,16,linCmt,90,cl,CrCL,power,TRUE,TRUE,TP
80,16,linCmt,90,vc,BW,power,TRUE,TRUE,TP
80,16,linCmt,90,vc,SEX,cat,TRUE,TRUE,TP
80,16,linCmt,91,cl,BW,power,TRUE,TRUE,TP
80,16,linCmt,91,cl,CrCL,power,TRUE,TRUE,TP
80,16,linCmt,91,vc,BW,power,TRUE,TRUE,TP
80,16,linCmt,91,vc,SEX,cat,TRUE,TRUE,TP
80,16,linCmt,92,cl,BW,power,TRUE,TRUE,TP
80,16,linCmt,92,cl,CrCL,power,TRUE,TRUE,TP
80,16,linCmt,92,vc,BW,power,TRUE,TRUE,TP
80,16,linCmt,92,vc,SEX,cat,TRUE,TRUE,TP
80,16,linCmt,93,cl,BW,power,TRUE,TRUE,TP
80,16,linCmt,93,cl,CrCL,power,TRUE,TRUE,TP
80,16,linCmt,93,vc,BW,power,TRUE,TRUE,TP
80,16,linCmt,93,vc,SEX,cat,TRUE,TRUE,TP
80,16,linCmt,94,cl,BW,power,TRUE,TRUE,TP
80,16,linCmt,94,cl,CrCL,power,TRUE,TRUE,TP
80,16,linCmt,94,vc,BW,power,TRUE,TRUE,TP
80,16,linCmt,94,vc,SEX,cat,TRUE,TRUE,TP
80,16,linCmt,95,cl,BW,power,TRUE,TRUE,TP
80,16,linCmt,95,cl,CrCL,power,TRUE,TRUE,TP
80,16,linCmt,95,vc,BW,power,TRUE,TRUE,TP
80,16,linCmt,95,vc,SEX,cat,TRUE,TRUE,TP
80,16,linCmt,96,cl,BW,power,TRUE,TRUE,TP
80,16,linCmt,96,cl,CrCL,power,TRUE,TRUE,TP
80,16,linCmt,96,vc,BW,power,TRUE,TRUE,TP
80,16,linCmt,96,vc,SEX,cat,TRUE,FALSE,FN
80,16,linCmt,96,vc,BMI,power,FALSE,TRUE,FP
80,16,linCmt,97,cl,CrCL,power,TRUE,TRUE,TP
80,16,linCmt,97,vc,BW,power,TRUE,TRUE,TP
80,16,linCmt,97,vc,SEX,cat,TRUE,TRUE,TP
80,16,linCmt,97,cl,BW,power,TRUE,FALSE,FN
80,16,linCmt,97,cl,BMI,power,FALSE,TRUE,FP
80,16,linCmt,98,cl,BW,power,TRUE,TRUE,TP
80,16,linCmt,98,cl,CrCL,power,TRUE,TRUE,TP
80,16,linCmt,98,vc,BW,power,TRUE,TRUE,TP
80,16,linCmt,98,vc,SEX,cat,TRUE,TRUE,TP
80,16,linCmt,99,cl,BW,power,TRUE,TRUE,TP
80,16,linCmt,99,cl,CrCL,power,TRUE,TRUE,TP
80,16,linCmt,99,vc,BW,power,TRUE,TRUE,TP
80,16,linCmt,99,vc,SEX,cat,TRUE,TRUE,TP
80,16,linCmt,100,cl,BW,power,TRUE,TRUE,TP
80,16,linCmt,100,cl,CrCL,power,TRUE,TRUE,TP
80,16,linCmt,100,vc,BW,power,TRUE,TRUE,TP
80,16,linCmt,100,vc,SEX,cat,TRUE,TRUE,TP
80,16,ode,1,cl,BW,power,TRUE,TRUE,TP
80,16,ode,1,cl,CrCL,power,TRUE,TRUE,TP
80,16,ode,1,vc,BW,power,TRUE,TRUE,TP
80,16,ode,1,vc,SEX,cat,TRUE,TRUE,TP
80,16,ode,2,cl,BW,power,TRUE,TRUE,TP
80,16,ode,2,cl,CrCL,power,TRUE,TRUE,TP
80,16,ode,2,vc,BW,power,TRUE,TRUE,TP
80,16,ode,2,vc,SEX,cat,TRUE,TRUE,TP
80,16,ode,3,cl,BW,power,TRUE,TRUE,TP
80,16,ode,3,cl,CrCL,power,TRUE,TRUE,TP
80,16,ode,3,vc,BW,power,TRUE,TRUE,TP
80,16,ode,3,vc,SEX,cat,TRUE,TRUE,TP
80,16,ode,4,cl,BW,power,TRUE,TRUE,TP
80,16,ode,4,cl,CrCL,power,TRUE,TRUE,TP
80,16,ode,4,vc,BW,power,TRUE,TRUE,TP
80,16,ode,4,vc,SEX,cat,TRUE,TRUE,TP
80,16,ode,5,cl,BW,power,TRUE,TRUE,TP
80,16,ode,5,cl,CrCL,power,TRUE,TRUE,TP
80,16,ode,5,vc,SEX,cat,TRUE,TRUE,TP
80,16,ode,5,vc,BW,power,TRUE,FALSE,FN
80,16,ode,5,vc,BMI,power,FALSE,TRUE,FP
80,16,ode,6,cl,BW,power,TRUE,TRUE,TP
80,16,ode,6,cl,CrCL,power,TRUE,TRUE,TP
80,16,ode,6,vc,BW,power,TRUE,TRUE,TP
80,16,ode,6,vc,SEX,cat,TRUE,TRUE,TP
80,16,ode,7,cl,CrCL,power,TRUE,TRUE,TP
80,16,ode,7,vc,BW,power,TRUE,TRUE,TP
80,16,ode,7,vc,SEX,cat,TRUE,TRUE,TP
80,16,ode,7,cl,BW,power,TRUE,FALSE,FN
80,16,ode,7,cl,SEX,cat,FALSE,TRUE,FP
80,16,ode,8,cl,BW,power,TRUE,TRUE,TP
80,16,ode,8,cl,CrCL,power,TRUE,TRUE,TP
80,16,ode,8,vc,BW,power,TRUE,TRUE,TP
80,16,ode,8,vc,SEX,cat,TRUE,TRUE,TP
80,16,ode,9,cl,CrCL,power,TRUE,TRUE,TP
80,16,ode,9,vc,BW,power,TRUE,TRUE,TP
80,16,ode,9,vc,SEX,cat,TRUE,TRUE,TP
80,16,ode,9,cl,BW,power,TRUE,FALSE,FN
80,16,ode,9,cl,SEX,cat,FALSE,TRUE,FP
80,16,ode,10,cl,BW,power,TRUE,TRUE,TP
80,16,ode,10,cl,CrCL,power,TRUE,TRUE,TP
80,16,ode,10,vc,BW,power,TRUE,TRUE,TP
80,16,ode,10,vc,SEX,cat,TRUE,TRUE,TP
80,16,ode,11,cl,BW,power,TRUE,TRUE,TP
80,16,ode,11,cl,CrCL,power,TRUE,TRUE,TP
80,16,ode,11,vc,BW,power,TRUE,TRUE,TP
80,16,ode,11,vc,SEX,cat,TRUE,TRUE,TP
80,16,ode,12,cl,BW,power,TRUE,TRUE,TP
80,16,ode,12,cl,CrCL,power,TRUE,TRUE,TP
80,16,ode,12,vc,BW,power,TRUE,TRUE,TP
80,16,ode,12,vc,SEX,cat,TRUE,TRUE,TP
80,16,ode,13,cl,CrCL,power,TRUE,TRUE,TP
80,16,ode,13,vc,BW,power,TRUE,TRUE,TP
80,16,ode,13,vc,SEX,cat,TRUE,TRUE,TP
80,16,ode,13,cl,BW,power,TRUE,FALSE,FN
80,16,ode,13,cl,BMI,power,FALSE,TRUE,FP
80,16,ode,13,cl,SEX,cat,FALSE,TRUE,FP
80,16,ode,14,cl,BW,power,TRUE,TRUE,TP
80,16,ode,14,cl,CrCL,power,TRUE,TRUE,TP
80,16,ode,14,vc,BW,power,TRUE,TRUE,TP
80,16,ode,14,vc,SEX,cat,TRUE,FALSE,FN
80,16,ode,15,cl,BW,power,TRUE,TRUE,TP
80,16,ode,15,cl,CrCL,power,TRUE,TRUE,TP
80,16,ode,15,vc,BW,power,TRUE,TRUE,TP
80,16,ode,15,vc,SEX,cat,TRUE,TRUE,TP
80,16,ode,16,cl,BW,power,TRUE,TRUE,TP
80,16,ode,16,cl,CrCL,power,TRUE,TRUE,TP
80,16,ode,16,vc,BW,power,TRUE,TRUE,TP
80,16,ode,16,vc,SEX,cat,TRUE,TRUE,TP
80,16,ode,17,cl,CrCL,power,TRUE,TRUE,TP
80,16,ode,17,vc,BW,power,TRUE,TRUE,TP
80,16,ode,17,vc,SEX,cat,TRUE,TRUE,TP
80,16,ode,17,cl,BW,power,TRUE,FALSE,FN
80,16,ode,17,cl,BMI,power,FALSE,TRUE,FP
80,16,ode,18,cl,BW,power,TRUE,TRUE,TP
80,16,ode,18,cl,CrCL,power,TRUE,TRUE,TP
80,16,ode,18,vc,BW,power,TRUE,TRUE,TP
80,16,ode,18,vc,SEX,cat,TRUE,TRUE,TP
80,16,ode,19,cl,BW,power,TRUE,TRUE,TP
80,16,ode,19,cl,CrCL,power,TRUE,TRUE,TP
80,16,ode,19,vc,BW,power,TRUE,TRUE,TP
80,16,ode,19,vc,SEX,cat,TRUE,TRUE,TP
80,16,ode,20,cl,BW,power,TRUE,TRUE,TP
80,16,ode,20,cl,CrCL,power,TRUE,TRUE,TP
80,16,ode,20,vc,SEX,cat,TRUE,TRUE,TP
80,16,ode,20,vc,BW,power,TRUE,FALSE,FN
80,16,ode,20,vc,BMI,power,FALSE,TRUE,FP
80,16,ode,21,cl,CrCL,power,TRUE,TRUE,TP
80,16,ode,21,vc,BW,power,TRUE,TRUE,TP
80,16,ode,21,vc,SEX,cat,TRUE,TRUE,TP
80,16,ode,21,cl,BW,power,TRUE,FALSE,FN
80,16,ode,21,cl,BMI,power,FALSE,TRUE,FP
80,16,ode,22,cl,BW,power,TRUE,TRUE,TP
80,16,ode,22,cl,CrCL,power,TRUE,TRUE,TP
80,16,ode,22,vc,BW,power,TRUE,TRUE,TP
80,16,ode,22,vc,SEX,cat,TRUE,TRUE,TP
80,16,ode,22,vc,RACE,cat,FALSE,TRUE,FP
80,16,ode,23,cl,BW,power,TRUE,TRUE,TP
80,16,ode,23,cl,CrCL,power,TRUE,TRUE,TP
80,16,ode,23,vc,BW,power,TRUE,TRUE,TP
80,16,ode,23,vc,SEX,cat,TRUE,TRUE,TP
80,16,ode,24,cl,BW,power,TRUE,TRUE,TP
80,16,ode,24,cl,CrCL,power,TRUE,TRUE,TP
80,16,ode,24,vc,BW,power,TRUE,TRUE,TP
80,16,ode,24,vc,SEX,cat,TRUE,TRUE,TP
80,16,ode,24,vc,RACE,cat,FALSE,TRUE,FP
80,16,ode,25,cl,BW,power,TRUE,TRUE,TP
80,16,ode,25,cl,CrCL,power,TRUE,TRUE,TP
80,16,ode,25,vc,BW,power,TRUE,TRUE,TP
80,16,ode,25,vc,SEX,cat,TRUE,TRUE,TP
80,16,ode,26,cl,CrCL,power,TRUE,TRUE,TP
80,16,ode,26,vc,BW,power,TRUE,TRUE,TP
80,16,ode,26,vc,SEX,cat,TRUE,TRUE,TP
80,16,ode,26,cl,BW,power,TRUE,FALSE,FN
80,16,ode,26,cl,BMI,power,FALSE,TRUE,FP
80,16,ode,27,cl,BW,power,TRUE,TRUE,TP
80,16,ode,27,cl,CrCL,power,TRUE,TRUE,TP
80,16,ode,27,vc,BW,power,TRUE,TRUE,TP
80,16,ode,27,vc,SEX,cat,TRUE,TRUE,TP
80,16,ode,28,cl,CrCL,power,TRUE,TRUE,TP
80,16,ode,28,vc,BW,power,TRUE,TRUE,TP
80,16,ode,28,vc,SEX,cat,TRUE,TRUE,TP
80,16,ode,28,cl,BW,power,TRUE,FALSE,FN
80,16,ode,28,cl,BMI,power,FALSE,TRUE,FP
80,16,ode,29,cl,CrCL,power,TRUE,TRUE,TP
80,16,ode,29,vc,BW,power,TRUE,TRUE,TP
80,16,ode,29,vc,SEX,cat,TRUE,TRUE,TP
80,16,ode,29,cl,BW,power,TRUE,FALSE,FN
80,16,ode,29,cl,BMI,power,FALSE,TRUE,FP
80,16,ode,30,cl,BW,power,TRUE,TRUE,TP
80,16,ode,30,cl,CrCL,power,TRUE,TRUE,TP
80,16,ode,30,vc,BW,power,TRUE,TRUE,TP
80,16,ode,30,vc,SEX,cat,TRUE,TRUE,TP
80,16,ode,31,cl,BW,power,TRUE,TRUE,TP
80,16,ode,31,cl,CrCL,power,TRUE,TRUE,TP
80,16,ode,31,vc,BW,power,TRUE,TRUE,TP
80,16,ode,31,vc,SEX,cat,TRUE,TRUE,TP
80,16,ode,32,cl,BW,power,TRUE,TRUE,TP
80,16,ode,32,cl,CrCL,power,TRUE,TRUE,TP
80,16,ode,32,vc,BW,power,TRUE,TRUE,TP
80,16,ode,32,vc,SEX,cat,TRUE,TRUE,TP
80,16,ode,33,cl,BW,power,TRUE,TRUE,TP
80,16,ode,33,cl,CrCL,power,TRUE,TRUE,TP
80,16,ode,33,vc,BW,power,TRUE,TRUE,TP
80,16,ode,33,vc,SEX,cat,TRUE,TRUE,TP
80,16,ode,34,cl,CrCL,power,TRUE,TRUE,TP
80,16,ode,34,vc,BW,power,TRUE,TRUE,TP
80,16,ode,34,vc,SEX,cat,TRUE,TRUE,TP
80,16,ode,34,cl,BW,power,TRUE,FALSE,FN
80,16,ode,34,cl,BMI,power,FALSE,TRUE,FP
80,16,ode,35,cl,BW,power,TRUE,TRUE,TP
80,16,ode,35,cl,CrCL,power,TRUE,TRUE,TP
80,16,ode,35,vc,BW,power,TRUE,TRUE,TP
80,16,ode,35,vc,SEX,cat,TRUE,TRUE,TP
80,16,ode,36,cl,BW,power,TRUE,TRUE,TP
80,16,ode,36,cl,CrCL,power,TRUE,TRUE,TP
80,16,ode,36,vc,BW,power,TRUE,TRUE,TP
80,16,ode,36,vc,SEX,cat,TRUE,TRUE,TP
80,16,ode,37,cl,BW,power,TRUE,TRUE,TP
80,16,ode,37,cl,CrCL,power,TRUE,TRUE,TP
80,16,ode,37,vc,BW,power,TRUE,TRUE,TP
80,16,ode,37,vc,SEX,cat,TRUE,TRUE,TP
80,16,ode,38,cl,BW,power,TRUE,TRUE,TP
80,16,ode,38,cl,CrCL,power,TRUE,TRUE,TP
80,16,ode,38,vc,BW,power,TRUE,TRUE,TP
80,16,ode,38,vc,SEX,cat,TRUE,TRUE,TP
80,16,ode,39,cl,BW,power,TRUE,TRUE,TP
80,16,ode,39,cl,CrCL,power,TRUE,TRUE,TP
80,16,ode,39,vc,BW,power,TRUE,TRUE,TP
80,16,ode,39,vc,SEX,cat,TRUE,TRUE,TP
80,16,ode,40,cl,BW,power,TRUE,TRUE,TP
80,16,ode,40,cl,CrCL,power,TRUE,TRUE,TP
80,16,ode,40,vc,BW,power,TRUE,TRUE,TP
80,16,ode,40,vc,SEX,cat,TRUE,TRUE,TP
80,16,ode,41,cl,CrCL,power,TRUE,TRUE,TP
80,16,ode,41,vc,BW,power,TRUE,TRUE,TP
80,16,ode,41,vc,SEX,cat,TRUE,TRUE,TP
80,16,ode,41,cl,BW,power,TRUE,FALSE,FN
80,16,ode,41,cl,BMI,power,FALSE,TRUE,FP
80,16,ode,42,cl,BW,power,TRUE,TRUE,TP
80,16,ode,42,cl,CrCL,power,TRUE,TRUE,TP
80,16,ode,42,vc,BW,power,TRUE,TRUE,TP
80,16,ode,42,vc,SEX,cat,TRUE,TRUE,TP
80,16,ode,43,cl,BW,power,TRUE,TRUE,TP
80,16,ode,43,cl,CrCL,power,TRUE,TRUE,TP
80,16,ode,43,vc,BW,power,TRUE,TRUE,TP
80,16,ode,43,vc,SEX,cat,TRUE,TRUE,TP
80,16,ode,44,cl,BW,power,TRUE,TRUE,TP
80,16,ode,44,cl,CrCL,power,TRUE,TRUE,TP
80,16,ode,44,vc,BW,power,TRUE,TRUE,TP
80,16,ode,44,vc,SEX,cat,TRUE,TRUE,TP
80,16,ode,45,cl,BW,power,TRUE,TRUE,TP
80,16,ode,45,cl,CrCL,power,TRUE,TRUE,TP
80,16,ode,45,vc,BW,power,TRUE,TRUE,TP
80,16,ode,45,vc,SEX,cat,TRUE,TRUE,TP
80,16,ode,45,cl,RACE,cat,FALSE,TRUE,FP
80,16,ode,46,cl,BW,power,TRUE,TRUE,TP
80,16,ode,46,cl,CrCL,power,TRUE,TRUE,TP
80,16,ode,46,vc,BW,power,TRUE,TRUE,TP
80,16,ode,46,vc,SEX,cat,TRUE,TRUE,TP
80,16,ode,47,cl,CrCL,power,TRUE,TRUE,TP
80,16,ode,47,vc,BW,power,TRUE,TRUE,TP
80,16,ode,47,vc,SEX,cat,TRUE,TRUE,TP
80,16,ode,47,cl,BW,power,TRUE,FALSE,FN
80,16,ode,47,cl,BMI,power,FALSE,TRUE,FP
80,16,ode,47,cl,SEX,cat,FALSE,TRUE,FP
80,16,ode,48,cl,BW,power,TRUE,TRUE,TP
80,16,ode,48,cl,CrCL,power,TRUE,TRUE,TP
80,16,ode,48,vc,BW,power,TRUE,TRUE,TP
80,16,ode,48,vc,SEX,cat,TRUE,TRUE,TP
80,16,ode,49,cl,BW,power,TRUE,TRUE,TP
80,16,ode,49,cl,CrCL,power,TRUE,TRUE,TP
80,16,ode,49,vc,BW,power,TRUE,TRUE,TP
80,16,ode,49,vc,SEX,cat,TRUE,FALSE,FN
80,16,ode,49,vc,BMI,power,FALSE,TRUE,FP
80,16,ode,50,cl,BW,power,TRUE,TRUE,TP
80,16,ode,50,cl,CrCL,power,TRUE,TRUE,TP
80,16,ode,50,vc,BW,power,TRUE,TRUE,TP
80,16,ode,50,vc,SEX,cat,TRUE,TRUE,TP
80,16,ode,51,cl,CrCL,power,TRUE,TRUE,TP
80,16,ode,51,vc,BW,power,TRUE,TRUE,TP
80,16,ode,51,vc,SEX,cat,TRUE,TRUE,TP
80,16,ode,51,cl,BW,power,TRUE,FALSE,FN
80,16,ode,51,cl,BMI,power,FALSE,TRUE,FP
80,16,ode,52,cl,BW,power,TRUE,TRUE,TP
80,16,ode,52,cl,CrCL,power,TRUE,TRUE,TP
80,16,ode,52,vc,BW,power,TRUE,TRUE,TP
80,16,ode,52,vc,SEX,cat,TRUE,TRUE,TP
80,16,ode,53,cl,BW,power,TRUE,TRUE,TP
80,16,ode,53,cl,CrCL,power,TRUE,TRUE,TP
80,16,ode,53,vc,BW,power,TRUE,TRUE,TP
80,16,ode,53,vc,SEX,cat,TRUE,TRUE,TP
80,16,ode,54,cl,BW,power,TRUE,TRUE,TP
80,16,ode,54,cl,CrCL,power,TRUE,TRUE,TP
80,16,ode,54,vc,BW,power,TRUE,TRUE,TP
80,16,ode,54,vc,SEX,cat,TRUE,TRUE,TP
80,16,ode,55,cl,BW,power,TRUE,TRUE,TP
80,16,ode,55,cl,CrCL,power,TRUE,TRUE,TP
80,16,ode,55,vc,BW,power,TRUE,TRUE,TP
80,16,ode,55,vc,SEX,cat,TRUE,TRUE,TP
80,16,ode,56,cl,BW,power,TRUE,TRUE,TP
80,16,ode,56,cl,CrCL,power,TRUE,TRUE,TP
80,16,ode,56,vc,BW,power,TRUE,TRUE,TP
80,16,ode,56,vc,SEX,cat,TRUE,TRUE,TP
80,16,ode,57,cl,BW,power,TRUE,TRUE,TP
80,16,ode,57,cl,CrCL,power,TRUE,TRUE,TP
80,16,ode,57,vc,BW,power,TRUE,TRUE,TP
80,16,ode,57,vc,SEX,cat,TRUE,TRUE,TP
80,16,ode,57,cl,BMI,power,FALSE,TRUE,FP
80,16,ode,57,cl,RACE,cat,FALSE,TRUE,FP
80,16,ode,58,cl,BW,power,TRUE,TRUE,TP
80,16,ode,58,cl,CrCL,power,TRUE,TRUE,TP
80,16,ode,58,vc,BW,power,TRUE,TRUE,TP
80,16,ode,58,vc,SEX,cat,TRUE,TRUE,TP
80,16,ode,59,cl,BW,power,TRUE,TRUE,TP
80,16,ode,59,cl,CrCL,power,TRUE,TRUE,TP
80,16,ode,59,vc,BW,power,TRUE,TRUE,TP
80,16,ode,59,vc,SEX,cat,TRUE,TRUE,TP
80,16,ode,60,cl,BW,power,TRUE,TRUE,TP
80,16,ode,60,cl,CrCL,power,TRUE,TRUE,TP
80,16,ode,60,vc,BW,power,TRUE,TRUE,TP
80,16,ode,60,vc,SEX,cat,TRUE,TRUE,TP
80,16,ode,60,cl,BMI,power,FALSE,TRUE,FP
80,16,ode,61,cl,BW,power,TRUE,TRUE,TP
80,16,ode,61,cl,CrCL,power,TRUE,TRUE,TP
80,16,ode,61,vc,SEX,cat,TRUE,TRUE,TP
80,16,ode,61,vc,BW,power,TRUE,FALSE,FN
80,16,ode,61,vc,BMI,power,FALSE,TRUE,FP
80,16,ode,62,cl,BW,power,TRUE,TRUE,TP
80,16,ode,62,cl,CrCL,power,TRUE,TRUE,TP
80,16,ode,62,vc,BW,power,TRUE,TRUE,TP
80,16,ode,62,vc,SEX,cat,TRUE,TRUE,TP
80,16,ode,63,cl,BW,power,TRUE,TRUE,TP
80,16,ode,63,cl,CrCL,power,TRUE,TRUE,TP
80,16,ode,63,vc,BW,power,TRUE,TRUE,TP
80,16,ode,63,vc,SEX,cat,TRUE,TRUE,TP
80,16,ode,64,cl,BW,power,TRUE,TRUE,TP
80,16,ode,64,cl,CrCL,power,TRUE,TRUE,TP
80,16,ode,64,vc,SEX,cat,TRUE,TRUE,TP
80,16,ode,64,vc,BW,power,TRUE,FALSE,FN
80,16,ode,64,vc,BMI,power,FALSE,TRUE,FP
80,16,ode,65,cl,BW,power,TRUE,TRUE,TP
80,16,ode,65,cl,CrCL,power,TRUE,TRUE,TP
80,16,ode,65,vc,BW,power,TRUE,TRUE,TP
80,16,ode,65,vc,SEX,cat,TRUE,TRUE,TP
80,16,ode,66,cl,BW,power,TRUE,TRUE,TP
80,16,ode,66,cl,CrCL,power,TRUE,TRUE,TP
80,16,ode,66,vc,BW,power,TRUE,TRUE,TP
80,16,ode,66,vc,SEX,cat,TRUE,TRUE,TP
80,16,ode,67,cl,BW,power,TRUE,TRUE,TP
80,16,ode,67,cl,CrCL,power,TRUE,TRUE,TP
80,16,ode,67,vc,SEX,cat,TRUE,TRUE,TP
80,16,ode,67,vc,BW,power,TRUE,FALSE,FN
80,16,ode,67,vc,BMI,power,FALSE,TRUE,FP
80,16,ode,68,cl,CrCL,power,TRUE,TRUE,TP
80,16,ode,68,vc,BW,power,TRUE,TRUE,TP
80,16,ode,68,vc,SEX,cat,TRUE,TRUE,TP
80,16,ode,68,cl,BW,power,TRUE,FALSE,FN
80,16,ode,68,cl,BMI,power,FALSE,TRUE,FP
80,16,ode,69,cl,BW,power,TRUE,TRUE,TP
80,16,ode,69,cl,CrCL,power,TRUE,TRUE,TP
80,16,ode,69,vc,BW,power,TRUE,TRUE,TP
80,16,ode,69,vc,SEX,cat,TRUE,TRUE,TP
80,16,ode,70,cl,BW,power,TRUE,TRUE,TP
80,16,ode,70,cl,CrCL,power,TRUE,TRUE,TP
80,16,ode,70,vc,BW,power,TRUE,TRUE,TP
80,16,ode,70,vc,SEX,cat,TRUE,TRUE,TP
80,16,ode,71,cl,BW,power,TRUE,TRUE,TP
80,16,ode,71,cl,CrCL,power,TRUE,TRUE,TP
80,16,ode,71,vc,SEX,cat,TRUE,TRUE,TP
80,16,ode,71,vc,BW,power,TRUE,FALSE,FN
80,16,ode,71,vc,BMI,power,FALSE,TRUE,FP
80,16,ode,72,cl,BW,power,TRUE,TRUE,TP
80,16,ode,72,cl,CrCL,power,TRUE,TRUE,TP
80,16,ode,72,vc,BW,power,TRUE,TRUE,TP
80,16,ode,72,vc,SEX,cat,TRUE,TRUE,TP
80,16,ode,73,cl,BW,power,TRUE,TRUE,TP
80,16,ode,73,cl,CrCL,power,TRUE,TRUE,TP
80,16,ode,73,vc,BW,power,TRUE,TRUE,TP
80,16,ode,73,vc,SEX,cat,TRUE,TRUE,TP
80,16,ode,74,cl,BW,power,TRUE,TRUE,TP
80,16,ode,74,cl,CrCL,power,TRUE,TRUE,TP
80,16,ode,74,vc,BW,power,TRUE,TRUE,TP
80,16,ode,74,vc,SEX,cat,TRUE,TRUE,TP
80,16,ode,75,cl,BW,power,TRUE,TRUE,TP
80,16,ode,75,cl,CrCL,power,TRUE,TRUE,TP
80,16,ode,75,vc,SEX,cat,TRUE,TRUE,TP
80,16,ode,75,vc,BW,power,TRUE,FALSE,FN
80,16,ode,75,vc,BMI,power,FALSE,TRUE,FP
80,16,ode,75,cl,RACE,cat,FALSE,TRUE,FP
80,16,ode,76,cl,BW,power,TRUE,TRUE,TP
80,16,ode,76,cl,CrCL,power,TRUE,TRUE,TP
80,16,ode,76,vc,BW,power,TRUE,TRUE,TP
80,16,ode,76,vc,SEX,cat,TRUE,TRUE,TP
80,16,ode,77,cl,BW,power,TRUE,TRUE,TP
80,16,ode,77,cl,CrCL,power,TRUE,TRUE,TP
80,16,ode,77,vc,BW,power,TRUE,TRUE,TP
80,16,ode,77,vc,SEX,cat,TRUE,TRUE,TP
80,16,ode,78,cl,CrCL,power,TRUE,TRUE,TP
80,16,ode,78,vc,BW,power,TRUE,TRUE,TP
80,16,ode,78,vc,SEX,cat,TRUE,TRUE,TP
80,16,ode,78,cl,BW,power,TRUE,FALSE,FN
80,16,ode,78,cl,BMI,power,FALSE,TRUE,FP
80,16,ode,79,cl,BW,power,TRUE,TRUE,TP
80,16,ode,79,cl,CrCL,power,TRUE,TRUE,TP
80,16,ode,79,vc,SEX,cat,TRUE,TRUE,TP
80,16,ode,79,vc,BW,power,TRUE,FALSE,FN
80,16,ode,79,vc,BMI,power,FALSE,TRUE,FP
80,16,ode,79,vc,RACE,cat,FALSE,TRUE,FP
80,16,ode,80,cl,CrCL,power,TRUE,TRUE,TP
80,16,ode,80,vc,BW,power,TRUE,TRUE,TP
80,16,ode,80,vc,SEX,cat,TRUE,TRUE,TP
80,16,ode,80,cl,BW,power,TRUE,FALSE,FN
80,16,ode,80,cl,BMI,power,FALSE,TRUE,FP
80,16,ode,81,cl,BW,power,TRUE,TRUE,TP
80,16,ode,81,cl,CrCL,power,TRUE,TRUE,TP
80,16,ode,81,vc,BW,power,TRUE,TRUE,TP
80,16,ode,81,vc,SEX,cat,TRUE,TRUE,TP
80,16,ode,82,cl,BW,power,TRUE,TRUE,TP
80,16,ode,82,cl,CrCL,power,TRUE,TRUE,TP
80,16,ode,82,vc,BW,power,TRUE,TRUE,TP
80,16,ode,82,vc,SEX,cat,TRUE,TRUE,TP
80,16,ode,82,cl,SEX,cat,FALSE,TRUE,FP
80,16,ode,83,cl,CrCL,power,TRUE,TRUE,TP
80,16,ode,83,vc,BW,power,TRUE,TRUE,TP
80,16,ode,83,vc,SEX,cat,TRUE,TRUE,TP
80,16,ode,83,cl,BW,power,TRUE,FALSE,FN
80,16,ode,83,cl,BMI,power,FALSE,TRUE,FP
80,16,ode,84,cl,BW,power,TRUE,TRUE,TP
80,16,ode,84,cl,CrCL,power,TRUE,TRUE,TP
80,16,ode,84,vc,SEX,cat,TRUE,TRUE,TP
80,16,ode,84,vc,BW,power,TRUE,FALSE,FN
80,16,ode,84,vc,BMI,power,FALSE,TRUE,FP
80,16,ode,85,cl,BW,power,TRUE,TRUE,TP
80,16,ode,85,cl,CrCL,power,TRUE,TRUE,TP
80,16,ode,85,vc,BW,power,TRUE,TRUE,TP
80,16,ode,85,vc,SEX,cat,TRUE,TRUE,TP
80,16,ode,86,cl,BW,power,TRUE,TRUE,TP
80,16,ode,86,cl,CrCL,power,TRUE,TRUE,TP
80,16,ode,86,vc,BW,power,TRUE,TRUE,TP
80,16,ode,86,vc,SEX,cat,TRUE,TRUE,TP
80,16,ode,87,cl,BW,power,TRUE,TRUE,TP
80,16,ode,87,cl,CrCL,power,TRUE,TRUE,TP
80,16,ode,87,vc,BW,power,TRUE,TRUE,TP
80,16,ode,87,vc,SEX,cat,TRUE,TRUE,TP
80,16,ode,88,cl,BW,power,TRUE,TRUE,TP
80,16,ode,88,cl,CrCL,power,TRUE,TRUE,TP
80,16,ode,88,vc,BW,power,TRUE,TRUE,TP
80,16,ode,88,vc,SEX,cat,TRUE,TRUE,TP
80,16,ode,89,cl,BW,power,TRUE,TRUE,TP
80,16,ode,89,cl,CrCL,power,TRUE,TRUE,TP
80,16,ode,89,vc,BW,power,TRUE,TRUE,TP
80,16,ode,89,vc,SEX,cat,TRUE,TRUE,TP
80,16,ode,90,cl,BW,power,TRUE,TRUE,TP
80,16,ode,90,cl,CrCL,power,TRUE,TRUE,TP
80,16,ode,90,vc,BW,power,TRUE,TRUE,TP
80,16,ode,90,vc,SEX,cat,TRUE,TRUE,TP
80,16,ode,91,cl,BW,power,TRUE,TRUE,TP
80,16,ode,91,cl,CrCL,power,TRUE,TRUE,TP
80,16,ode,91,vc,BW,power,TRUE,TRUE,TP
80,16,ode,91,vc,SEX,cat,TRUE,TRUE,TP
80,16,ode,92,cl,BW,power,TRUE,TRUE,TP
80,16,ode,92,cl,CrCL,power,TRUE,TRUE,TP
80,16,ode,92,vc,BW,power,TRUE,TRUE,TP
80,16,ode,92,vc,SEX,cat,TRUE,TRUE,TP
80,16,ode,93,cl,BW,power,TRUE,TRUE,TP
80,16,ode,93,cl,CrCL,power,TRUE,TRUE,TP
80,16,ode,93,vc,BW,power,TRUE,TRUE,TP
80,16,ode,93,vc,SEX,cat,TRUE,TRUE,TP
80,16,ode,94,cl,BW,power,TRUE,TRUE,TP
80,16,ode,94,cl,CrCL,power,TRUE,TRUE,TP
80,16,ode,94,vc,BW,power,TRUE,TRUE,TP
80,16,ode,94,vc,SEX,cat,TRUE,TRUE,TP
80,16,ode,95,cl,BW,power,TRUE,TRUE,TP
80,16,ode,95,cl,CrCL,power,TRUE,TRUE,TP
80,16,ode,95,vc,BW,power,TRUE,TRUE,TP
80,16,ode,95,vc,SEX,cat,TRUE,TRUE,TP
80,16,ode,96,cl,BW,power,TRUE,TRUE,TP
80,16,ode,96,cl,CrCL,power,TRUE,TRUE,TP
80,16,ode,96,vc,BW,power,TRUE,TRUE,TP
80,16,ode,96,vc,SEX,cat,TRUE,FALSE,FN
80,16,ode,96,vc,BMI,power,FALSE,TRUE,FP
80,16,ode,97,cl,CrCL,power,TRUE,TRUE,TP
80,16,ode,97,vc,BW,power,TRUE,TRUE,TP
80,16,ode,97,vc,SEX,cat,TRUE,TRUE,TP
80,16,ode,97,cl,BW,power,TRUE,FALSE,FN
80,16,ode,97,cl,BMI,power,FALSE,TRUE,FP
80,16,ode,98,cl,BW,power,TRUE,TRUE,TP
80,16,ode,98,cl,CrCL,power,TRUE,TRUE,TP
80,16,ode,98,vc,BW,power,TRUE,TRUE,TP
80,16,ode,98,vc,SEX,cat,TRUE,TRUE,TP
80,16,ode,99,cl,BW,power,TRUE,TRUE,TP
80,16,ode,99,cl,CrCL,power,TRUE,TRUE,TP
80,16,ode,99,vc,BW,power,TRUE,TRUE,TP
80,16,ode,99,vc,SEX,cat,TRUE,TRUE,TP
80,16,ode,100,cl,BW,power,TRUE,TRUE,TP
80,16,ode,100,cl,CrCL,power,TRUE,TRUE,TP
80,16,ode,100,vc,BW,power,TRUE,TRUE,TP
80,16,ode,100,vc,SEX,cat,TRUE,TRUE,TP
