sample_N,scenario,structure,estimator,outer_opt,dataset_id,status,converged,cn_below_cutoff,cov_ok,cov_done,objf,cond_num_cor,cond_num_cor_source,convergence_code,min_suc,cov_step,est_bnd,phys_bnd,est_family,cov_source,n_selected,n_true,n_true_hit,n_false_pos,exact_match,wall_base_sec,wall_scm_sec,wall_refit_sec,wall_total_sec,cpu_total_sec,hog_factor,scm_workers,rx_threads,message
80,1,linCmt,focei,lbfgsb3c,1,ok,TRUE,TRUE,TRUE,TRUE,-4389.050579799839,3.032026877916586,native,8,TRUE,TRUE,NA,FALSE,focei,"r,s",0,0,0,0,TRUE,65.869,404.3810648918152,11.050379037857056,481.30044392967227,6.786,0.014099301352382652,3,1,
80,1,linCmt,focei,lbfgsb3c,2,ok,TRUE,TRUE,TRUE,TRUE,-4431.826357719221,4.083951978488984,native,8,TRUE,TRUE,NA,FALSE,focei,"r,s",0,0,0,0,TRUE,67.78500000000001,758.5307083129883,8.545845985412598,834.8615542984008,6.341999999999999,0.007596469099993082,3,1,
80,1,linCmt,focei,lbfgsb3c,3,ok,TRUE,TRUE,TRUE,TRUE,-4406.803515718331,3.105073283472765,native,8,TRUE,TRUE,NA,FALSE,focei,"r,s",0,0,0,0,TRUE,74.17,407.9871962070465,9.266265869140625,491.42346207618715,6.664999999999999,0.013562641009937577,3,1,
80,1,linCmt,focei,lbfgsb3c,4,ok,TRUE,TRUE,TRUE,TRUE,-4437.867641766037,2.17907774434054,native,8,TRUE,TRUE,NA,FALSE,focei,"r,s",0,0,0,0,TRUE,76.42099999999999,406.1619620323181,8.236464977264404,490.8194270095825,6.476999999999999,0.013196299175569401,3,1,
80,1,linCmt,focei,lbfgsb3c,5,ok,TRUE,TRUE,TRUE,TRUE,-4388.5329555495455,3.3114194409966804,native,8,TRUE,TRUE,NA,FALSE,focei,"r,s",0,0,0,0,TRUE,74.411,769.9240970611572,12.906795501708984,857.2418925628663,6.883000000000001,0.008029238957772042,3,1,
80,1,linCmt,focei,lbfgsb3c,6,ok,TRUE,TRUE,TRUE,TRUE,-4469.937659823904,2.5393488826754087,native,8,TRUE,TRUE,NA,FALSE,focei,"r,s",0,0,0,0,TRUE,66.77900000000001,756.1983850002289,12.252585411071777,835.2299704113007,6.838,0.00818696675435712,3,1,
80,1,linCmt,focei,lbfgsb3c,7,ok,TRUE,TRUE,TRUE,TRUE,-4387.85204734092,2.9260515233326716,native,8,TRUE,TRUE,NA,FALSE,focei,"r,s",0,0,0,0,TRUE,77.279,394.94170236587524,7.5907065868377686,479.811408952713,6.763,0.014095121278507398,3,1,
80,1,linCmt,focei,lbfgsb3c,8,ok,TRUE,TRUE,TRUE,TRUE,-4370.355721480802,3.1479303018521048,native,8,TRUE,TRUE,NA,FALSE,focei,"r,s",0,0,0,0,TRUE,72.459,416.79262375831604,8.584232568740845,497.8358563270569,6.523,0.013102712303861591,3,1,
80,1,linCmt,focei,lbfgsb3c,9,ok,TRUE,TRUE,TRUE,TRUE,-4514.550333480234,3.4747647450381223,native,8,TRUE,TRUE,NA,FALSE,focei,"r,s",1,0,0,1,FALSE,58.032999999999994,746.2936236858368,10.857832431793213,815.18445611763,8.183,0.010038218882352198,3,1,
80,1,linCmt,focei,lbfgsb3c,10,ok,TRUE,TRUE,TRUE,TRUE,-4414.664497033338,3.404172880592072,native,8,TRUE,TRUE,NA,FALSE,focei,"r,s",0,0,0,0,TRUE,78.912,409.94032311439514,9.250524759292603,498.1028478736878,6.627999999999998,0.01330648886729668,3,1,
80,1,linCmt,focei,lbfgsb3c,11,ok,TRUE,TRUE,TRUE,TRUE,-4441.498420611939,4.218589478485259,native,8,TRUE,TRUE,NA,FALSE,focei,"r,s",0,0,0,0,TRUE,84.057,416.37984824180603,7.191197872161865,507.6280461139679,6.491,0.012786921545589112,3,1,
80,1,linCmt,focei,lbfgsb3c,12,ok,TRUE,TRUE,TRUE,TRUE,-4451.036811579212,3.246222059542853,native,8,TRUE,TRUE,NA,FALSE,focei,"r,s",0,0,0,0,TRUE,74.941,424.43488478660583,10.037039279937744,509.4129240665436,6.4620000000000015,0.012685190529551393,3,1,
80,1,linCmt,focei,lbfgsb3c,13,ok,TRUE,TRUE,TRUE,TRUE,-4445.930310024789,3.7987330722170007,native,8,TRUE,TRUE,NA,FALSE,focei,"r,s",0,0,0,0,TRUE,78.128,425.0863540172577,15.842049837112427,519.0564038543702,6.638999999999999,0.012790517467274483,3,1,
80,1,linCmt,focei,lbfgsb3c,14,ok,TRUE,TRUE,TRUE,TRUE,-4377.4706709632665,3.056208581190247,native,8,TRUE,TRUE,NA,FALSE,focei,"r,s",1,0,0,1,FALSE,74.27600000000001,736.8753199577332,14.255860567092896,825.4071805248261,8.669,0.010502695160088032,3,1,
80,1,linCmt,focei,lbfgsb3c,15,ok,TRUE,TRUE,TRUE,TRUE,-4413.133855503408,2.917322913849868,native,8,TRUE,TRUE,NA,FALSE,focei,"r,s",0,0,0,0,TRUE,73.96600000000001,412.83500576019287,8.727234601974487,495.52824036216737,6.774,0.013670260235923342,3,1,
80,1,linCmt,focei,lbfgsb3c,16,ok,TRUE,TRUE,TRUE,TRUE,-4472.5203998962415,2.673291264335177,native,8,TRUE,TRUE,NA,FALSE,focei,"r,s",0,0,0,0,TRUE,76.578,753.7567055225372,10.153929948806763,840.488635471344,6.462999999999999,0.007689574525151746,3,1,
80,1,linCmt,focei,lbfgsb3c,17,ok,TRUE,TRUE,TRUE,TRUE,-4452.905628168759,2.9445945009188,native,8,TRUE,TRUE,NA,FALSE,focei,"r,s",0,0,0,0,TRUE,61.592999999999996,412.1896731853485,9.310399055480957,483.0930722408295,6.6960000000000015,0.013860683136979328,3,1,
80,1,linCmt,focei,lbfgsb3c,18,ok,TRUE,TRUE,TRUE,TRUE,-4408.336405815214,2.1242468091986053,native,8,TRUE,TRUE,NA,FALSE,focei,"r,s",0,0,0,0,TRUE,76.693,383.2724051475525,9.379408836364746,469.3448139839172,6.621000000000001,0.014106899240665476,3,1,
80,1,linCmt,focei,lbfgsb3c,19,ok,TRUE,TRUE,TRUE,TRUE,-4383.940026902199,2.3947132224028,native,8,TRUE,TRUE,NA,FALSE,focei,"r,s",0,0,0,0,TRUE,73.483,433.1928551197052,9.333280801773071,516.0091359214782,6.645000000000002,0.012877678973907122,3,1,
80,1,linCmt,focei,lbfgsb3c,20,ok,TRUE,TRUE,TRUE,TRUE,-4413.6794454161,3.929398120001289,native,8,TRUE,TRUE,NA,FALSE,focei,"r,s",0,0,0,0,TRUE,76.63499999999999,738.2372438907623,11.185999631881714,826.058243522644,6.565999999999999,0.007948592065372944,3,1,
80,1,linCmt,focei,lbfgsb3c,21,ok,TRUE,TRUE,TRUE,TRUE,-4413.4058469023485,3.644790250719427,native,8,TRUE,TRUE,NA,FALSE,focei,"r,s",0,0,0,0,TRUE,73.25800000000001,437.6415591239929,8.109103441238403,519.0086625652314,6.477,0.01247956049131635,3,1,
80,1,linCmt,focei,lbfgsb3c,22,ok,TRUE,TRUE,TRUE,TRUE,-4405.916711062973,2.3367256510793686,native,8,TRUE,TRUE,NA,FALSE,focei,"r,s",0,0,0,0,TRUE,68.095,418.60440707206726,7.665844440460205,494.3652515125275,6.188,0.012517060980858993,3,1,
80,1,linCmt,focei,lbfgsb3c,23,ok,TRUE,TRUE,TRUE,TRUE,-4450.807871768699,2.6506424929538377,native,8,TRUE,TRUE,NA,FALSE,focei,"r,s",0,0,0,0,TRUE,66.17,421.25545740127563,11.923116683959961,499.3485740852356,6.626000000000001,0.013269287916037957,3,1,
80,1,linCmt,focei,lbfgsb3c,24,ok,TRUE,TRUE,TRUE,TRUE,-4404.788864470907,2.2000824832485066,native,8,TRUE,TRUE,NA,FALSE,focei,"r,s",0,0,0,0,TRUE,66.221,441.3633511066437,9.691459655761719,517.2758107624054,6.3469999999999995,0.01227004988044047,3,1,
80,1,linCmt,focei,lbfgsb3c,25,ok,TRUE,TRUE,TRUE,TRUE,-4418.301898441255,3.3065488705361807,native,8,TRUE,TRUE,NA,FALSE,focei,"r,s",0,0,0,0,TRUE,66.42099999999999,412.95149517059326,9.399216651916504,488.77171182250976,7.039999999999999,0.014403452224658352,3,1,
80,1,linCmt,focei,lbfgsb3c,26,ok,TRUE,TRUE,TRUE,TRUE,-4435.584081456818,2.9282347018015114,native,8,TRUE,TRUE,NA,FALSE,focei,"r,s",0,0,0,0,TRUE,80.116,440.76302695274353,8.927805423736572,529.8068323764801,6.510999999999999,0.012289384738196978,3,1,
80,1,linCmt,focei,lbfgsb3c,27,ok,TRUE,TRUE,TRUE,TRUE,-4384.834844595802,3.066144947974767,native,8,TRUE,TRUE,NA,FALSE,focei,"r,s",0,0,0,0,TRUE,68.574,459.78036546707153,10.56632661819458,538.9206920852661,6.5920000000000005,0.012231855441462689,3,1,
80,1,linCmt,focei,lbfgsb3c,28,ok,TRUE,TRUE,TRUE,TRUE,-4377.453156466539,2.531430244127772,native,8,TRUE,TRUE,NA,FALSE,focei,"r,s",0,0,0,0,TRUE,70.50500000000001,400.36196398735046,11.129989862442017,481.9969538497925,6.8389999999999995,0.014188886351616399,3,1,
80,1,linCmt,focei,lbfgsb3c,29,ok,TRUE,TRUE,TRUE,TRUE,-4468.768998786307,2.631771710356635,native,8,TRUE,TRUE,NA,FALSE,focei,"r,s",0,0,0,0,TRUE,60.877,408.0316352844238,10.536605834960938,479.4452411193848,6.56,0.013682480161204729,3,1,
80,1,linCmt,focei,lbfgsb3c,30,ok,TRUE,TRUE,TRUE,TRUE,-4405.604703583601,2.407589136586712,native,8,TRUE,TRUE,NA,FALSE,focei,"r,s",0,0,0,0,TRUE,64.069,407.3139145374298,9.112440347671509,480.49535488510134,6.737,0.014020947198565507,3,1,
80,1,linCmt,focei,lbfgsb3c,31,ok,TRUE,TRUE,TRUE,TRUE,-4449.007482448771,2.6063698981874652,native,8,TRUE,TRUE,NA,FALSE,focei,"r,s",0,0,0,0,TRUE,79.97500000000001,402.758873462677,8.971100568771362,491.7049740314484,6.849000000000001,0.013929084230825686,3,1,
80,1,linCmt,focei,lbfgsb3c,32,ok,TRUE,TRUE,TRUE,TRUE,-4400.057808556118,1.9835160460793653,native,8,TRUE,TRUE,NA,FALSE,focei,"r,s",0,0,0,0,TRUE,71.00800000000001,410.2270495891571,9.431038856506348,490.6660884456635,6.560999999999999,0.01337161901851419,3,1,
80,1,linCmt,focei,lbfgsb3c,33,ok,TRUE,TRUE,TRUE,TRUE,-4481.77023021425,3.974497093477619,native,8,TRUE,TRUE,NA,FALSE,focei,"r,s",1,0,0,1,FALSE,78.725,1033.7657899856567,10.271718740463257,1122.76250872612,7.591999999999996,0.006761893045942402,3,1,
80,1,linCmt,focei,lbfgsb3c,34,ok,TRUE,TRUE,TRUE,TRUE,-4433.82859375652,2.7749032151764017,native,8,TRUE,TRUE,NA,FALSE,focei,"r,s",0,0,0,0,TRUE,65.275,766.7667446136475,11.896224975585938,843.9379695892334,6.601000000000002,0.007821664906501222,3,1,
80,1,linCmt,focei,lbfgsb3c,35,ok,TRUE,TRUE,TRUE,TRUE,-4455.088861586763,2.610274162641002,native,8,TRUE,TRUE,NA,FALSE,focei,"r,s",0,0,0,0,TRUE,74.343,419.47170972824097,7.9396607875823975,501.7543705158234,6.39,0.012735315077436847,3,1,
80,1,linCmt,focei,lbfgsb3c,36,ok,TRUE,TRUE,TRUE,TRUE,-4429.619949908306,2.4341485224500117,native,8,TRUE,TRUE,NA,FALSE,focei,"r,s",0,0,0,0,TRUE,54.511,331.46709990501404,7.021953105926514,393.0000530109406,6.379,0.016231549973410354,3,1,
80,1,linCmt,focei,lbfgsb3c,37,ok,TRUE,TRUE,TRUE,TRUE,-4417.1689671946815,3.048441106186329,native,8,TRUE,TRUE,NA,FALSE,focei,"r,s",0,0,0,0,TRUE,15.985,117.50866794586182,6.955678701400757,140.4493466472626,6.5470000000000015,0.04661467038677467,3,1,
80,1,linCmt,focei,lbfgsb3c,38,ok,TRUE,TRUE,TRUE,TRUE,-4403.078242752638,2.492225153380655,native,8,TRUE,TRUE,NA,FALSE,focei,"r,s",0,0,0,0,TRUE,76.01700000000001,749.3468196392059,8.16279673576355,833.5266163749695,6.48,0.007774196855502589,3,1,
80,1,linCmt,focei,lbfgsb3c,39,ok,TRUE,TRUE,TRUE,TRUE,-4361.15197738956,4.400470810266027,native,8,TRUE,TRUE,NA,FALSE,focei,"r,s",1,0,0,1,FALSE,57.298,783.2015731334686,10.098607778549194,850.5981809120178,8.116,0.00954152052300178,3,1,
80,1,linCmt,focei,lbfgsb3c,40,ok,TRUE,TRUE,TRUE,TRUE,-4420.925986714594,3.442879813834064,native,8,TRUE,TRUE,NA,FALSE,focei,"r,s",0,0,0,0,TRUE,77.005,422.7453203201294,9.390604972839355,509.14092529296875,6.623999999999999,0.01301015037474827,3,1,
80,1,linCmt,focei,lbfgsb3c,41,ok,TRUE,TRUE,TRUE,TRUE,-4414.4146364889,3.3787700887234,native,8,TRUE,TRUE,NA,FALSE,focei,"r,s",0,0,0,0,TRUE,74.70899999999999,757.6198048591614,10.42536735534668,842.754172214508,6.633000000000002,0.00787062255956615,3,1,
80,1,linCmt,focei,lbfgsb3c,42,ok,TRUE,TRUE,TRUE,TRUE,-4419.594527393249,2.179193836400634,native,8,TRUE,TRUE,NA,FALSE,focei,"r,s",0,0,0,0,TRUE,76.131,414.8912401199341,8.242569923400879,499.26481004333493,6.542000000000002,0.013103266780272722,3,1,
80,1,linCmt,focei,lbfgsb3c,43,ok,TRUE,TRUE,TRUE,TRUE,-4428.093448522699,2.6446917061747617,native,8,TRUE,TRUE,NA,FALSE,focei,"r,s",0,0,0,0,TRUE,63.452,1049.277395248413,8.058306694030762,1120.7877019424438,6.549000000000002,0.005843211866662965,3,1,
80,1,linCmt,focei,lbfgsb3c,44,ok,TRUE,TRUE,TRUE,TRUE,-4463.407425862654,12.753025571382674,native,8,TRUE,TRUE,NA,FALSE,focei,"r,s",1,0,0,1,FALSE,68.733,765.7364761829376,11.53877568244934,846.0082518653869,8.057000000000002,0.009523547769463124,3,1,
80,1,linCmt,focei,lbfgsb3c,45,ok,TRUE,TRUE,TRUE,TRUE,-4424.4856636430295,2.827759661184113,native,8,TRUE,TRUE,NA,FALSE,focei,"r,s",0,0,0,0,TRUE,63.899,430.6319317817688,8.144769668579102,502.6757014503479,6.358999999999998,0.01265030313112939,3,1,
80,1,linCmt,focei,lbfgsb3c,46,ok,TRUE,TRUE,TRUE,TRUE,-4364.354556309443,3.0156101505144814,native,8,TRUE,TRUE,NA,FALSE,focei,"r,s",0,0,0,0,TRUE,63.26299999999999,423.318252325058,8.293444871902466,494.8746971969604,6.852000000000001,0.01384592915905923,3,1,
80,1,linCmt,focei,lbfgsb3c,47,ok,TRUE,TRUE,TRUE,TRUE,-4449.983426952772,4.924721083446204,native,27,TRUE,TRUE,NA,FALSE,focei,"r,s",1,0,0,1,FALSE,73.4,763.4174628257751,10.7651686668396,847.5826314926147,8.736999999999998,0.010308139496221056,3,1,
80,1,linCmt,focei,lbfgsb3c,48,ok,TRUE,TRUE,TRUE,TRUE,-4421.084811107107,2.2555995252743166,native,8,TRUE,TRUE,NA,FALSE,focei,"r,s",0,0,0,0,TRUE,75.58,430.3363268375397,8.383009910583496,514.2993367481232,6.683999999999999,0.012996322418501332,3,1,
80,1,linCmt,focei,lbfgsb3c,49,ok,TRUE,TRUE,TRUE,TRUE,-4366.402938863496,3.0690456714267502,native,8,TRUE,TRUE,NA,FALSE,focei,"r,s",0,0,0,0,TRUE,74.301,418.7515995502472,10.531469106674194,503.5840686569214,6.722000000000001,0.013348317427768994,3,1,
80,1,linCmt,focei,lbfgsb3c,50,ok,TRUE,TRUE,TRUE,TRUE,-4393.8071739813,4.412708029405642,native,8,TRUE,TRUE,NA,FALSE,focei,"r,s",2,0,0,2,FALSE,73.129,1124.7729470729828,12.5396568775177,1210.4416039505004,9.701999999999998,0.008015256554579521,3,1,
80,1,linCmt,focei,lbfgsb3c,51,ok,TRUE,TRUE,TRUE,TRUE,-4471.0907983116485,4.675806998253944,native,8,TRUE,TRUE,NA,FALSE,focei,"r,s",0,0,0,0,TRUE,70.422,379.9565975666046,9.70154070854187,460.0801382751465,6.564,0.014267079697481883,3,1,
80,1,linCmt,focei,lbfgsb3c,52,ok,TRUE,TRUE,TRUE,TRUE,-4448.242893567579,2.3789504961449723,native,8,TRUE,TRUE,NA,FALSE,focei,"r,s",0,0,0,0,TRUE,67.259,408.91012835502625,8.419189691543579,484.58831804656984,6.714000000000001,0.0138550595422211,3,1,
80,1,linCmt,focei,lbfgsb3c,53,ok,TRUE,TRUE,TRUE,TRUE,-4373.346707160761,2.578531090742591,native,8,TRUE,TRUE,NA,FALSE,focei,"r,s",0,0,0,0,TRUE,63.693999999999996,763.3285496234894,8.200652360916138,835.2232019844055,6.495000000000001,0.0077763644311706626,3,1,
80,1,linCmt,focei,lbfgsb3c,54,ok,TRUE,TRUE,TRUE,TRUE,-4361.501385526603,2.783803204143049,native,8,TRUE,TRUE,NA,FALSE,focei,"r,s",0,0,0,0,TRUE,77.149,401.60854387283325,10.569367170333862,489.3269110431671,6.820999999999998,0.013939556247700971,3,1,
80,1,linCmt,focei,lbfgsb3c,55,ok,TRUE,TRUE,TRUE,TRUE,-4454.832742178256,3.188982999319917,native,8,TRUE,TRUE,NA,FALSE,focei,"r,s",0,0,0,0,TRUE,71.782,419.02124881744385,13.538891315460205,504.34214013290403,6.964999999999998,0.013810069486092485,3,1,
80,1,linCmt,focei,lbfgsb3c,56,ok,TRUE,TRUE,TRUE,TRUE,-4438.33620828567,1.85331274323867,native,8,TRUE,TRUE,NA,FALSE,focei,"r,s",0,0,0,0,TRUE,71.681,408.17259979248047,10.033076047897339,489.8866758403778,7.490000000000002,0.015289250288653505,3,1,
80,1,linCmt,focei,lbfgsb3c,57,ok,TRUE,TRUE,TRUE,TRUE,-4366.2388485343845,2.8927509124073443,native,8,TRUE,TRUE,NA,FALSE,focei,"r,s",0,0,0,0,TRUE,65.909,764.187974691391,9.861355543136597,839.9583302345276,7.234999999999997,0.00861352252793289,3,1,
80,1,linCmt,focei,lbfgsb3c,58,ok,TRUE,TRUE,TRUE,TRUE,-4411.576588096042,3.166463370825225,native,8,TRUE,TRUE,NA,FALSE,focei,"r,s",0,0,0,0,TRUE,69.066,421.0140380859375,9.47004771232605,499.5500857982636,6.769,0.013550192848397523,3,1,
80,1,linCmt,focei,lbfgsb3c,59,ok,TRUE,TRUE,TRUE,TRUE,-4359.863056563667,2.597278939208292,native,8,TRUE,TRUE,NA,FALSE,focei,"r,s",0,0,0,0,TRUE,80.965,757.32572889328,12.753098964691162,851.0438278579712,6.997999999999999,0.008222843255456733,3,1,
80,1,linCmt,focei,lbfgsb3c,60,ok,TRUE,TRUE,TRUE,TRUE,-4401.590859526251,3.603999410499682,native,8,TRUE,TRUE,NA,FALSE,focei,"r,s",1,0,0,1,FALSE,78.027,750.2495663166046,9.590610265731812,837.8671765823365,8.059,0.009618469639630343,3,1,
80,1,linCmt,focei,lbfgsb3c,61,ok,TRUE,TRUE,TRUE,TRUE,-4431.599654801367,2.3781167916269874,native,8,TRUE,TRUE,NA,FALSE,focei,"r,s",0,0,0,0,TRUE,20.612000000000002,121.30657434463501,7.60802698135376,149.52660132598876,6.873000000000001,0.04596506533988495,3,1,
80,1,linCmt,focei,lbfgsb3c,62,ok,TRUE,TRUE,TRUE,TRUE,-4415.641888630462,2.6353257808414106,native,8,TRUE,TRUE,NA,FALSE,focei,"r,s",0,0,0,0,TRUE,73.537,1433.9169428348541,8.932902336120605,1516.3868451709748,6.786000000000001,0.004475111361992111,3,1,
80,1,linCmt,focei,lbfgsb3c,63,ok,TRUE,TRUE,TRUE,TRUE,-4420.959813346117,4.388523180295017,native,8,TRUE,TRUE,NA,FALSE,focei,"r,s",0,0,0,0,TRUE,72.836,737.8968017101288,9.463420391082764,820.1962221012116,6.849000000000001,0.008350440803609116,3,1,
80,1,linCmt,focei,lbfgsb3c,64,ok,TRUE,TRUE,TRUE,TRUE,-4423.595027221483,2.2389884147582775,native,8,TRUE,TRUE,NA,FALSE,focei,"r,s",0,0,0,0,TRUE,76.019,406.5241656303406,8.627630233764648,491.17079586410523,6.586999999999999,0.013410813622197641,3,1,
80,1,linCmt,focei,lbfgsb3c,65,ok,TRUE,TRUE,TRUE,TRUE,-4412.2116553046135,2.5679875842016764,native,8,TRUE,TRUE,NA,FALSE,focei,"r,s",0,0,0,0,TRUE,70.22500000000001,745.8180763721466,10.03350043296814,826.0765768051148,6.633999999999998,0.008030732484459572,3,1,
80,1,linCmt,focei,lbfgsb3c,66,ok,TRUE,TRUE,TRUE,TRUE,-4416.024195267264,3.286150908209664,native,8,TRUE,TRUE,NA,FALSE,focei,"r,s",0,0,0,0,TRUE,70.455,408.07107853889465,8.442403554916382,486.968482093811,6.689999999999999,0.013738055430682303,3,1,
80,1,linCmt,focei,lbfgsb3c,67,ok,TRUE,TRUE,TRUE,TRUE,-4451.531178635501,2.3064014212322874,native,8,TRUE,TRUE,NA,FALSE,focei,"r,s",0,0,0,0,TRUE,72.187,780.4843862056732,14.084516048431396,866.7559022541046,6.76,0.007799196962397134,3,1,
80,1,linCmt,focei,lbfgsb3c,68,ok,TRUE,TRUE,TRUE,TRUE,-4434.830524823779,2.326784360123507,native,8,TRUE,TRUE,NA,FALSE,focei,"r,s",0,0,0,0,TRUE,80.81899999999999,757.5980770587921,10.617388486862183,849.0344655456543,6.844000000000003,0.008060921290870715,3,1,
80,1,linCmt,focei,lbfgsb3c,69,ok,TRUE,TRUE,TRUE,TRUE,-4443.203650235605,4.139638925886219,native,8,TRUE,TRUE,NA,FALSE,focei,"r,s",0,0,0,0,TRUE,71.77600000000001,419.0441837310791,7.674883604049683,498.4950673351288,6.565,0.013169638839347783,3,1,
80,1,linCmt,focei,lbfgsb3c,70,ok,TRUE,TRUE,TRUE,TRUE,-4416.513214928321,4.035342167168868,native,8,TRUE,TRUE,NA,FALSE,focei,"r,s",0,0,0,0,TRUE,79.276,406.6097204685211,9.061030149459839,494.94675061798097,6.416999999999998,0.012965031070489614,3,1,
80,1,linCmt,focei,lbfgsb3c,71,ok,TRUE,TRUE,TRUE,TRUE,-4400.307871675025,2.286005848529864,native,8,TRUE,TRUE,NA,FALSE,focei,"r,s",0,0,0,0,TRUE,74.98100000000001,388.39353013038635,8.317458629608154,471.6919887599945,6.783000000000001,0.014380146709363164,3,1,
80,1,linCmt,focei,lbfgsb3c,72,ok,TRUE,TRUE,TRUE,TRUE,-4407.540594735341,2.0531448991125165,native,8,TRUE,TRUE,NA,FALSE,focei,"r,s",0,0,0,0,TRUE,68.57600000000001,405.7156181335449,8.417281150817871,482.7088992843628,6.859,0.014209392058378807,3,1,
80,1,linCmt,focei,lbfgsb3c,73,ok,TRUE,TRUE,TRUE,TRUE,-4356.378956130695,2.4746122145008607,native,8,TRUE,TRUE,NA,FALSE,focei,"r,s",0,0,0,0,TRUE,64.366,388.69390988349915,7.820295572280884,460.88020545578,6.613999999999999,0.01435080075409008,3,1,
80,1,linCmt,focei,lbfgsb3c,74,ok,TRUE,TRUE,TRUE,TRUE,-4398.657412594712,3.561837155863856,native,8,TRUE,TRUE,NA,FALSE,focei,"r,s",1,0,0,1,FALSE,19.347,213.02811861038208,9.25375771522522,241.6288763256073,8.536000000000001,0.03532690351337521,3,1,
80,1,linCmt,focei,lbfgsb3c,75,ok,TRUE,TRUE,TRUE,TRUE,-4374.878275366999,2.903711187510086,native,8,TRUE,TRUE,NA,FALSE,focei,"r,s",0,0,0,0,TRUE,71.763,409.0775399208069,8.642194032669067,489.482733953476,7.726000000000001,0.015784009249107316,3,1,
80,1,linCmt,focei,lbfgsb3c,76,ok,TRUE,TRUE,TRUE,TRUE,-4446.760599653945,2.7658525720370957,native,8,TRUE,TRUE,NA,FALSE,focei,"r,s",0,0,0,0,TRUE,75.438,419.6353347301483,10.929961681365967,506.00329641151427,6.590000000000001,0.013023630570660534,3,1,
80,1,linCmt,focei,lbfgsb3c,77,ok,TRUE,TRUE,TRUE,TRUE,-4397.9527682563285,2.5003944076548636,native,8,TRUE,TRUE,NA,FALSE,focei,"r,s",0,0,0,0,TRUE,70.46000000000001,726.5489730834961,7.077960968017578,804.0869340515137,6.308999999999999,0.007846166543474533,3,1,
80,1,linCmt,focei,lbfgsb3c,78,ok,TRUE,TRUE,TRUE,TRUE,-4484.181815911436,3.6651275041019824,native,8,TRUE,TRUE,NA,FALSE,focei,"r,s",0,0,0,0,TRUE,64.879,408.0741608142853,8.67283010482788,481.6259909191132,6.428000000000001,0.013346455800138811,3,1,
80,1,linCmt,focei,lbfgsb3c,79,ok,TRUE,TRUE,TRUE,TRUE,-4416.836784185027,2.2487591981626878,native,8,TRUE,TRUE,NA,FALSE,focei,"r,s",0,0,0,0,TRUE,46.713,297.8669707775116,8.151363134384155,352.7313339118958,6.507999999999997,0.018450303033258585,3,1,
80,1,linCmt,focei,lbfgsb3c,80,ok,TRUE,TRUE,TRUE,TRUE,-4467.36753382013,3.1980903324791603,native,8,TRUE,TRUE,NA,FALSE,focei,"r,s",0,0,0,0,TRUE,67.55600000000001,402.0166685581207,10.48411250114441,480.0567810592652,6.675,0.013904605170395335,3,1,
80,1,linCmt,focei,lbfgsb3c,81,ok,TRUE,TRUE,TRUE,TRUE,-4407.304667741668,6.05739992114041,native,8,TRUE,TRUE,NA,FALSE,focei,"r,s",2,0,0,2,FALSE,69.628,1015.2595489025116,12.303484201431274,1097.1910331039428,10.016999999999998,0.00912967723739229,3,1,
80,1,linCmt,focei,lbfgsb3c,82,ok,TRUE,TRUE,TRUE,TRUE,-4429.172442100947,2.4972959154578045,native,8,TRUE,TRUE,NA,FALSE,focei,"r,s",0,0,0,0,TRUE,71.993,748.2230975627899,9.085435390472412,829.3015329532623,6.627000000000001,0.007991062040365824,3,1,
80,1,linCmt,focei,lbfgsb3c,83,ok,TRUE,TRUE,TRUE,TRUE,-4441.300485335802,2.0980551448247637,native,8,TRUE,TRUE,NA,FALSE,focei,"r,s",0,0,0,0,TRUE,69.41000000000001,443.8177556991577,7.740381479263306,520.968137178421,6.546000000000001,0.01256506786663256,3,1,
80,1,linCmt,focei,lbfgsb3c,84,ok,TRUE,TRUE,TRUE,TRUE,-4484.278811713181,2.8070975338103583,native,8,TRUE,TRUE,NA,FALSE,focei,"r,s",0,0,0,0,TRUE,68.252,397.9842519760132,11.029454231262207,477.2657062072754,6.400999999999999,0.01341181634621797,3,1,
80,1,linCmt,focei,lbfgsb3c,85,ok,TRUE,TRUE,TRUE,TRUE,-4403.871195749891,3.3389130134066374,native,8,TRUE,TRUE,NA,FALSE,focei,"r,s",0,0,0,0,TRUE,68.43700000000001,420.8719058036804,8.543231964111328,497.85213776779176,6.94,0.013939881891673138,3,1,
80,1,linCmt,focei,lbfgsb3c,86,ok,TRUE,TRUE,TRUE,TRUE,-4398.0619937927695,2.247021220527674,native,8,TRUE,TRUE,NA,FALSE,focei,"r,s",0,0,0,0,TRUE,68.087,453.45684480667114,9.762954473495483,531.3067992801666,6.725999999999998,0.012659352391335144,3,1,
80,1,linCmt,focei,lbfgsb3c,87,ok,TRUE,TRUE,TRUE,TRUE,-4468.32086200994,2.0824338684285864,native,8,TRUE,TRUE,NA,FALSE,focei,"r,s",0,0,0,0,TRUE,66.17,768.5670218467712,9.143420934677124,843.8804427814483,6.572,0.007787833046987728,3,1,
80,1,linCmt,focei,lbfgsb3c,88,ok,TRUE,TRUE,TRUE,TRUE,-4434.218821598062,2.45957664288022,native,8,TRUE,TRUE,NA,FALSE,focei,"r,s",0,0,0,0,TRUE,18.827,222.83461785316467,7.095345497131348,248.75696335029602,6.505999999999999,0.026154041729631275,3,1,
80,1,linCmt,focei,lbfgsb3c,89,ok,TRUE,TRUE,TRUE,TRUE,-4436.389031492133,2.924809145258621,native,8,TRUE,TRUE,NA,FALSE,focei,"r,s",0,0,0,0,TRUE,75.829,450.1170926094055,8.862464666366577,534.808557275772,6.840000000000001,0.012789623327722821,3,1,
80,1,linCmt,focei,lbfgsb3c,90,ok,TRUE,TRUE,TRUE,TRUE,-4423.423819409582,4.804171606012202,native,8,TRUE,TRUE,NA,FALSE,focei,"r,s",0,0,0,0,TRUE,54.163,359.5692563056946,7.072548866271973,420.80480517196656,6.718999999999999,0.015967022993604377,3,1,
80,1,linCmt,focei,lbfgsb3c,91,ok,TRUE,TRUE,TRUE,TRUE,-4414.438945892459,2.664598427527882,native,8,TRUE,TRUE,NA,FALSE,focei,"r,s",0,0,0,0,TRUE,71.967,433.8290808200836,11.219769716262817,517.0158505363464,6.869000000000001,0.013285859597678055,3,1,
80,1,linCmt,focei,lbfgsb3c,92,ok,TRUE,TRUE,TRUE,TRUE,-4414.347060227282,1.8162659133114292,native,27,TRUE,TRUE,NA,FALSE,focei,"r,s",0,0,0,0,TRUE,72.724,795.8681330680847,10.798067808151245,879.390200876236,8.628,0.009811344260378324,3,1,
80,1,linCmt,focei,lbfgsb3c,93,ok,TRUE,TRUE,TRUE,TRUE,-4417.262008160894,3.2928811214972304,native,8,TRUE,TRUE,NA,FALSE,focei,"r,s",0,0,0,0,TRUE,68.633,415.3811068534851,8.008265972137451,492.02237282562254,6.398999999999999,0.013005506158696296,3,1,
80,1,linCmt,focei,lbfgsb3c,94,ok,TRUE,TRUE,TRUE,TRUE,-4407.902275211402,2.66851871121616,native,27,TRUE,TRUE,NA,FALSE,focei,"r,s",0,0,0,0,TRUE,68.23700000000001,724.6905248165131,12.550493955612183,805.4780187721252,7.661000000000001,0.009511122366415993,3,1,
80,1,linCmt,focei,lbfgsb3c,95,ok,TRUE,TRUE,TRUE,TRUE,-4427.092343400667,1.8594881936995267,native,27,TRUE,TRUE,NA,FALSE,focei,"r,s",0,0,0,0,TRUE,53.70700000000001,380.7842562198639,9.167124509811401,443.6583807296753,7.240999999999998,0.01632111623382586,3,1,
80,1,linCmt,focei,lbfgsb3c,96,ok,TRUE,TRUE,TRUE,TRUE,-4456.916742072148,2.830721637779462,native,8,TRUE,TRUE,NA,FALSE,focei,"r,s",0,0,0,0,TRUE,54.317,350.5012230873108,10.080957412719727,414.8991805000305,6.692000000000002,0.016129219614111793,3,1,
80,1,linCmt,focei,lbfgsb3c,97,ok,TRUE,TRUE,TRUE,TRUE,-4394.540621991636,2.4908902418014605,native,27,TRUE,TRUE,NA,FALSE,focei,"r,s",0,0,0,0,TRUE,75.146,777.4226727485657,9.971402406692505,862.5400751552581,8.3160000000000025,0.009641291157982559,3,1,
80,1,linCmt,focei,lbfgsb3c,98,ok,TRUE,TRUE,TRUE,TRUE,-4425.228134192056,3.442774114889355,native,8,TRUE,TRUE,NA,FALSE,focei,"r,s",0,0,0,0,TRUE,67.163,370.8450839519501,9.581584930419922,447.58966888237,6.569,0.014676388792446376,3,1,
80,1,linCmt,focei,lbfgsb3c,99,ok,TRUE,TRUE,TRUE,TRUE,-4431.433374000139,3.0600140322194993,native,8,TRUE,TRUE,NA,FALSE,focei,"r,s",0,0,0,0,TRUE,70.12299999999999,409.93569803237915,11.231562614440918,491.29026064682006,6.304000000000001,0.012831518360857221,3,1,
80,1,linCmt,focei,lbfgsb3c,100,ok,TRUE,TRUE,TRUE,TRUE,-4473.275742696438,2.4034483284644383,native,8,TRUE,TRUE,NA,FALSE,focei,"r,s",0,0,0,0,TRUE,53.629000000000005,390.3684239387512,8.996177673339844,452.9936016120911,6.683999999999999,0.014755175296545719,3,1,
80,2,linCmt,focei,lbfgsb3c,1,ok,TRUE,TRUE,TRUE,TRUE,-4360.046248876656,7.229861456567482,native,8,TRUE,TRUE,NA,FALSE,focei,"r,s",1,1,1,0,TRUE,67.913,743.4383432865143,11.675140857696533,823.0264841442108,8.196,0.00995836726751541,3,1,
80,2,linCmt,focei,lbfgsb3c,2,ok,TRUE,TRUE,TRUE,TRUE,-4435.494270856627,4.241518483832192,native,8,TRUE,TRUE,NA,FALSE,focei,"r,s",1,1,1,0,TRUE,62.299,793.7125728130341,9.735498905181885,865.7470717182159,7.855999999999999,0.009074243802417361,3,1,
80,2,linCmt,focei,lbfgsb3c,3,ok,TRUE,TRUE,TRUE,TRUE,-4469.706735890757,9.803790220540849,native,8,TRUE,TRUE,NA,FALSE,focei,"r,s",1,1,1,0,TRUE,71.632,1075.5606908798218,10.61341142654419,1157.806102306366,8.217000000000002,0.007097043264525573,3,1,
80,2,linCmt,focei,lbfgsb3c,4,ok,TRUE,TRUE,TRUE,TRUE,-4431.481810610794,8.241177240742196,native,8,TRUE,TRUE,NA,FALSE,focei,"r,s",1,1,1,0,TRUE,65.987,787.9749231338501,11.759649991989136,865.7215731258392,8.139000000000001,0.009401406009339374,3,1,
80,2,linCmt,focei,lbfgsb3c,5,ok,TRUE,TRUE,TRUE,TRUE,-4466.855695226173,10.102834081687202,native,8,TRUE,TRUE,NA,FALSE,focei,"r,s",2,1,1,1,FALSE,74.062,1427.7910668849945,12.099485158920288,1513.9525520439147,9.623000000000001,0.006356209768270776,3,1,
80,2,linCmt,focei,lbfgsb3c,6,ok,TRUE,TRUE,TRUE,TRUE,-4380.05532687375,5.9553961757634735,native,8,TRUE,TRUE,NA,FALSE,focei,"r,s",1,1,1,0,TRUE,71.75500000000001,735.22452044487,9.984987258911133,816.9645077037811,8.089000000000002,0.009901286927060668,3,1,
80,2,linCmt,focei,lbfgsb3c,7,ok,TRUE,TRUE,TRUE,TRUE,-4501.430124421905,5.995440421876576,native,8,TRUE,TRUE,NA,FALSE,focei,"r,s",1,1,1,0,TRUE,76.43,731.2911536693573,9.065814971923828,816.7869686412812,7.929999999999999,0.009708773896321451,3,1,
80,2,linCmt,focei,lbfgsb3c,8,ok,TRUE,TRUE,TRUE,TRUE,-4412.187439099037,7.64188431067188,native,27,TRUE,TRUE,NA,FALSE,focei,"r,s",2,1,1,1,FALSE,77.098,1103.1281073093414,16.216787576675415,1196.4428948860168,11.267999999999999,0.00941791710090224,3,1,
80,2,linCmt,focei,lbfgsb3c,9,ok,TRUE,TRUE,TRUE,TRUE,-4432.048844020931,7.89341862360319,native,8,TRUE,TRUE,NA,FALSE,focei,"r,s",2,1,1,1,FALSE,74.548,1073.3670592308044,11.287596702575684,1159.2026559333801,9.804000000000002,0.008457537558094969,3,1,
80,2,linCmt,focei,lbfgsb3c,10,ok,TRUE,TRUE,TRUE,TRUE,-4454.468460331004,6.225354557503022,native,8,TRUE,TRUE,NA,FALSE,focei,"r,s",1,1,1,0,TRUE,67.167,771.74041056633,9.056183815002441,847.9635943813324,7.932999999999999,0.009355354466352831,3,1,
80,2,linCmt,focei,lbfgsb3c,11,ok,TRUE,TRUE,TRUE,TRUE,-4434.406732810895,8.666419939758075,native,8,TRUE,TRUE,NA,FALSE,focei,"r,s",1,1,1,0,TRUE,60.068000000000005,767.4296412467957,13.5722177028656,841.0698589496612,7.714999999999998,0.009172840897704489,3,1,
80,2,linCmt,focei,lbfgsb3c,12,ok,TRUE,TRUE,TRUE,TRUE,-4454.038555948586,7.322829885858258,native,8,TRUE,TRUE,NA,FALSE,focei,"r,s",1,1,1,0,TRUE,74.03,1071.0862238407135,11.91025710105896,1157.0264809417724,7.939999999999999,0.00686241856239726,3,1,
80,2,linCmt,focei,lbfgsb3c,13,ok,TRUE,TRUE,TRUE,TRUE,-4468.882585357527,10.561750877533443,native,8,TRUE,TRUE,NA,FALSE,focei,"r,s",1,1,1,0,TRUE,70.495,743.0893111228943,10.990090131759644,824.5744012546539,8.022,0.009728655155670495,3,1,
80,2,linCmt,focei,lbfgsb3c,14,ok,TRUE,TRUE,TRUE,TRUE,-4403.0690254383235,6.836281968723402,native,8,TRUE,TRUE,NA,FALSE,focei,"r,s",1,1,1,0,TRUE,58.742,649.511066198349,12.803529262542725,721.0565954608917,8.102999999999998,0.011237675448791432,3,1,
80,2,linCmt,focei,lbfgsb3c,15,ok,TRUE,TRUE,TRUE,TRUE,-4520.51117904717,10.945116310839863,native,8,TRUE,TRUE,NA,FALSE,focei,"r,s",1,1,1,0,TRUE,64.986,759.2097702026367,10.299742460250854,834.4955126628876,7.749,0.009285849812748334,3,1,
80,2,linCmt,focei,lbfgsb3c,16,ok,TRUE,TRUE,TRUE,TRUE,-4388.537347782171,11.094976901020031,native,8,TRUE,TRUE,NA,FALSE,focei,"r,s",1,1,1,0,TRUE,64.351,781.5220518112183,12.360543727874756,858.233595539093,8.206,0.009561499389738364,3,1,
80,2,linCmt,focei,lbfgsb3c,17,ok,TRUE,TRUE,TRUE,TRUE,-4381.794186262425,7.932868833625902,native,8,TRUE,TRUE,NA,FALSE,focei,"r,s",1,1,1,0,TRUE,60.489000000000004,986.2389521598816,11.292611122131348,1058.020563282013,8.292000000000003,0.007837276786263926,3,1,
80,2,linCmt,focei,lbfgsb3c,18,ok,TRUE,TRUE,TRUE,TRUE,-4446.085345636638,7.094982539193388,native,8,TRUE,TRUE,NA,FALSE,focei,"r,s",1,1,1,0,TRUE,19.043,212.3986852169037,8.859600305557251,240.30128552246094,8.369000000000002,0.03482711289623023,3,1,
80,2,linCmt,focei,lbfgsb3c,19,ok,TRUE,TRUE,TRUE,TRUE,-4376.295067410981,6.087044268276619,native,8,TRUE,TRUE,NA,FALSE,focei,"r,s",1,1,1,0,TRUE,60.57599999999999,1080.2105309963226,9.890874862670898,1150.6774058589936,7.9190000000000005,0.006882033104741792,3,1,
80,2,linCmt,focei,lbfgsb3c,20,ok,TRUE,TRUE,TRUE,TRUE,-4416.127493194777,7.570736155168488,native,8,TRUE,TRUE,NA,FALSE,focei,"r,s",1,1,1,0,TRUE,83.622,1124.328340768814,11.015899181365967,1218.9662399501801,8.103,0.006647435945667514,3,1,
80,2,linCmt,focei,lbfgsb3c,21,ok,TRUE,TRUE,TRUE,TRUE,-4400.328435990161,5.284848061383524,native,8,TRUE,TRUE,NA,FALSE,focei,"r,s",1,1,1,0,TRUE,73.305,761.1293132305145,13.362789392471313,847.7971026229859,8.268000000000002,0.00975233339960678,3,1,
80,2,linCmt,focei,lbfgsb3c,22,ok,TRUE,TRUE,TRUE,TRUE,-4451.857361386567,9.66370416767792,native,8,TRUE,TRUE,NA,FALSE,focei,"r,s",1,1,1,0,TRUE,70.313,1456.6326577663422,10.480151891708374,1537.4258096580506,8.235000000000003,0.005356356025941574,3,1,
80,2,linCmt,focei,lbfgsb3c,23,ok,TRUE,TRUE,TRUE,TRUE,-4471.3856556963565,6.208545718531724,native,8,TRUE,TRUE,NA,FALSE,focei,"r,s",1,1,1,0,TRUE,83.403,787.5664343833923,9.89462423324585,880.8640586166382,8.026000000000003,0.009111508094227973,3,1,
80,2,linCmt,focei,lbfgsb3c,24,ok,TRUE,TRUE,TRUE,TRUE,-4499.566678445733,7.58059484703029,native,8,TRUE,TRUE,NA,FALSE,focei,"r,s",1,1,1,0,TRUE,69.588,793.1878612041473,11.224306583404541,874.0001677875518,8.109,0.009278030255448532,3,1,
80,2,linCmt,focei,lbfgsb3c,25,ok,TRUE,TRUE,TRUE,TRUE,-4383.6715026189795,5.263786372157459,native,8,TRUE,TRUE,NA,FALSE,focei,"r,s",1,1,1,0,TRUE,70.918,733.191915512085,10.687427520751953,814.7973430328369,7.840999999999999,0.009623251802484094,3,1,
80,2,linCmt,focei,lbfgsb3c,26,ok,TRUE,TRUE,TRUE,TRUE,-4406.84934692195,6.432237433381716,native,8,TRUE,TRUE,NA,FALSE,focei,"r,s",1,1,1,0,TRUE,50.352999999999994,619.496214389801,12.84332537651062,682.6925397663116,8.115,0.011886756522603568,3,1,
80,2,linCmt,focei,lbfgsb3c,27,ok,TRUE,TRUE,TRUE,TRUE,-4463.043090504799,7.906710841076955,native,8,TRUE,TRUE,NA,FALSE,focei,"r,s",2,1,1,1,FALSE,80.451,1095.2445204257965,11.281935453414917,1186.9774558792114,9.847999999999997,0.00829670348937288,3,1,
80,2,linCmt,focei,lbfgsb3c,28,ok,TRUE,TRUE,TRUE,TRUE,-4384.875289421875,10.264488698816269,native,8,TRUE,TRUE,NA,FALSE,focei,"r,s",1,1,1,0,TRUE,58.013999999999996,636.3596000671387,9.237250089645386,703.6108501567841,7.805,0.011092779479254519,3,1,
80,2,linCmt,focei,lbfgsb3c,29,ok,TRUE,TRUE,TRUE,TRUE,-4410.534418774142,9.439831783840733,native,8,TRUE,TRUE,NA,FALSE,focei,"r,s",2,1,1,1,FALSE,57.844,1119.71275639534,11.856810092926025,1189.413566488266,9.820000000000002,0.00825616949114972,3,1,
80,2,linCmt,focei,lbfgsb3c,30,ok,TRUE,TRUE,TRUE,TRUE,-4475.703347068626,10.514490459156773,native,27,TRUE,TRUE,NA,FALSE,focei,"r,s",2,1,1,1,FALSE,53.45,1099.0242183208466,12.38411831855774,1164.8583366394043,11.553,0.009917944213997902,3,1,
80,2,linCmt,focei,lbfgsb3c,31,ok,TRUE,TRUE,TRUE,TRUE,-4412.022321237933,5.848276745559379,native,8,TRUE,TRUE,NA,FALSE,focei,"r,s",1,1,1,0,TRUE,60.521,1079.8739261627197,9.16260814666748,1149.5575343093872,8.045999999999998,0.006999214706407666,3,1,
80,2,linCmt,focei,lbfgsb3c,32,ok,TRUE,TRUE,TRUE,TRUE,-4437.924816946017,11.23088098297598,native,8,TRUE,TRUE,NA,FALSE,focei,"r,s",2,1,1,1,FALSE,54.066,930.4182677268982,10.366865873336792,994.851133600235,9.394000000000004,0.009442618782575397,3,1,
80,2,linCmt,focei,lbfgsb3c,33,ok,TRUE,TRUE,TRUE,TRUE,-4430.0994223873295,7.136875334092286,native,8,TRUE,TRUE,NA,FALSE,focei,"r,s",1,1,1,0,TRUE,75.786,786.4415295124054,10.59409236907959,872.821621881485,8.041,0.009212649868442235,3,1,
80,2,linCmt,focei,lbfgsb3c,34,ok,TRUE,TRUE,TRUE,TRUE,-4486.292960040626,5.299686770593451,native,8,TRUE,TRUE,NA,FALSE,focei,"r,s",1,1,1,0,TRUE,66.82300000000001,1110.1537880897522,10.629727602005005,1187.6065156917573,8.159999999999998,0.006870962639714855,3,1,
80,2,linCmt,focei,lbfgsb3c,35,ok,TRUE,TRUE,TRUE,TRUE,-4404.93653186705,11.78977667468518,native,27,TRUE,TRUE,NA,FALSE,focei,"r,s",2,1,1,1,FALSE,21.001,441.21005153656006,10.437814235687256,472.6488657722473,10.069,0.02130334108291692,3,1,
80,2,linCmt,focei,lbfgsb3c,36,ok,TRUE,TRUE,TRUE,TRUE,-4405.038746492898,11.248507335851233,native,8,TRUE,TRUE,NA,FALSE,focei,"r,s",1,1,1,0,TRUE,20.438,225.60154056549072,8.711486577987671,254.75102714347838,8.17,0.032070528200063245,3,1,
80,2,linCmt,focei,lbfgsb3c,37,ok,TRUE,TRUE,TRUE,TRUE,-4392.534038710564,16.492011754866237,native,8,TRUE,TRUE,NA,FALSE,focei,"r,s",1,1,1,0,TRUE,78.813,765.2618355751038,13.049427270889282,857.124262845993,8.22,0.00959020804370458,3,1,
80,2,linCmt,focei,lbfgsb3c,38,ok,TRUE,TRUE,TRUE,TRUE,-4451.93747980923,4.661759482438863,native,8,TRUE,TRUE,NA,FALSE,focei,"r,s",1,1,1,0,TRUE,66.513,780.072028875351,12.037200450897217,858.6222293262482,8.587,0.010000905761242785,3,1,
80,2,linCmt,focei,lbfgsb3c,39,ok,TRUE,TRUE,TRUE,TRUE,-4466.438947308989,7.494929443854111,native,8,TRUE,TRUE,NA,FALSE,focei,"r,s",2,1,1,1,FALSE,73.482,1065.108648777008,11.4217050075531,1150.0123537845611,9.544999999999996,0.008299910838860535,3,1,
80,2,linCmt,focei,lbfgsb3c,40,ok,TRUE,TRUE,TRUE,TRUE,-4441.08443669634,7.238084637004435,native,8,TRUE,TRUE,NA,FALSE,focei,"r,s",1,1,1,0,TRUE,68.684,778.3534014225006,12.420807600021362,859.4582090225219,7.872000000000002,0.009159258608924076,3,1,
80,2,linCmt,focei,lbfgsb3c,41,ok,TRUE,TRUE,TRUE,TRUE,-4428.592911672079,6.380578132884511,native,8,TRUE,TRUE,NA,FALSE,focei,"r,s",1,1,1,0,TRUE,64.60000000000001,755.8532176017761,13.232362985610962,833.6855805873871,7.801000000000003,0.009357244723488773,3,1,
80,2,linCmt,focei,lbfgsb3c,42,ok,TRUE,TRUE,TRUE,TRUE,-4494.654490189392,5.740251380093594,native,8,TRUE,TRUE,NA,FALSE,focei,"r,s",1,1,1,0,TRUE,20.234,218.56533694267273,8.3447744846344,247.14411142730714,8.002999999999998,0.03238191658211502,3,1,
80,2,linCmt,focei,lbfgsb3c,43,ok,TRUE,TRUE,TRUE,TRUE,-4453.705783631024,9.060490870189454,native,8,TRUE,TRUE,NA,FALSE,focei,"r,s",1,1,1,0,TRUE,69.42099999999999,736.34234619140625,10.268595457077026,816.0319416484833,8.130000000000003,0.009962845306736913,3,1,
80,2,linCmt,focei,lbfgsb3c,44,ok,TRUE,TRUE,TRUE,TRUE,-4462.370982887267,6.5987092626898844,native,8,TRUE,TRUE,NA,FALSE,focei,"r,s",1,1,1,0,TRUE,68.26,1082.2139658927917,12.192739248275757,1162.6667051410675,7.950000000000001,0.006837729131527353,3,1,
80,2,linCmt,focei,lbfgsb3c,45,ok,TRUE,TRUE,TRUE,TRUE,-4420.449362110357,5.7460505194046725,native,27,TRUE,TRUE,NA,FALSE,focei,"r,s",1,1,1,0,TRUE,63.735,778.7491855621338,10.967840909957886,853.4520264720917,8.790000000000001,0.010299348677318347,3,1,
80,2,linCmt,focei,lbfgsb3c,46,ok,TRUE,TRUE,TRUE,TRUE,-4452.218380217264,5.096210692600803,native,8,TRUE,TRUE,NA,FALSE,focei,"r,s",1,1,1,0,TRUE,67.217,735.0672452449799,10.114951848983765,812.3991970939636,7.745,0.009533490465899856,3,1,
80,2,linCmt,focei,lbfgsb3c,47,ok,TRUE,TRUE,TRUE,TRUE,-4361.492589676231,4.12475615001218,native,8,TRUE,TRUE,NA,FALSE,focei,"r,s",0,1,0,0,FALSE,50.735,384.1905755996704,7.58504056930542,442.51061616897584,6.702999999999999,0.015147659186193199,3,1,
80,2,linCmt,focei,lbfgsb3c,48,ok,TRUE,TRUE,TRUE,TRUE,-4411.8022571768925,7.77308791096385,native,8,TRUE,TRUE,NA,FALSE,focei,"r,s",1,1,1,0,TRUE,64.537,730.7699387073517,9.411665678024292,804.718604385376,8.163999999999996,0.010145161247061581,3,1,
80,2,linCmt,focei,lbfgsb3c,49,ok,TRUE,TRUE,TRUE,TRUE,-4384.754863235658,8.371127724025964,native,8,TRUE,TRUE,NA,FALSE,focei,"r,s",1,1,1,0,TRUE,64.713,944.8760633468628,9.525847673416138,1019.1149110202789,7.894000000000001,0.007745937101535473,3,1,
80,2,linCmt,focei,lbfgsb3c,50,ok,TRUE,TRUE,TRUE,TRUE,-4454.68004364874,5.2829310738661475,native,8,TRUE,TRUE,NA,FALSE,focei,"r,s",1,1,1,0,TRUE,71.248,1170.9814729690552,9.999329805374146,1252.2288027744294,8.009000000000004,0.006395796025658665,3,1,
80,2,linCmt,focei,lbfgsb3c,51,ok,TRUE,TRUE,TRUE,TRUE,-4450.656735385188,6.80816089726357,native,8,TRUE,TRUE,NA,FALSE,focei,"r,s",1,1,1,0,TRUE,76.026,758.7568416595459,10.08446478843689,844.8673064479827,8.177,0.00967844291948992,3,1,
80,2,linCmt,focei,lbfgsb3c,52,ok,TRUE,TRUE,TRUE,TRUE,-4452.865280440217,6.2043900712083655,native,8,TRUE,TRUE,NA,FALSE,focei,"r,s",1,1,1,0,TRUE,74.282,771.2063474655151,9.142173290252686,854.6305207557679,8.212000000000003,0.009608830717557288,3,1,
80,2,linCmt,focei,lbfgsb3c,53,ok,TRUE,TRUE,TRUE,TRUE,-4411.142353422326,8.246967206532108,native,8,TRUE,TRUE,NA,FALSE,focei,"r,s",1,1,1,0,TRUE,71.88600000000001,785.5764269828796,10.94843077659607,868.4108577594757,7.566000000000002,0.008712465916790231,3,1,
80,2,linCmt,focei,lbfgsb3c,54,ok,TRUE,TRUE,TRUE,TRUE,-4417.4298989823965,4.101700580866566,native,8,TRUE,TRUE,NA,FALSE,focei,"r,s",1,1,1,0,TRUE,65.576,769.4516735076904,9.72863483428955,844.75630834198,8.599,0.010179266985146792,3,1,
80,2,linCmt,focei,lbfgsb3c,55,ok,TRUE,TRUE,TRUE,TRUE,-4439.641019078449,6.625277322467205,native,8,TRUE,TRUE,NA,FALSE,focei,"r,s",1,1,1,0,TRUE,65.84400000000001,752.2763090133667,11.395395040512085,829.5157040538788,7.932000000000001,0.00956220594888798,3,1,
80,2,linCmt,focei,lbfgsb3c,56,ok,TRUE,TRUE,TRUE,TRUE,-4465.121027899691,8.623836382721262,native,8,TRUE,TRUE,NA,FALSE,focei,"r,s",1,1,1,0,TRUE,64.901,1408.2602937221527,9.651028394699097,1482.8123221168519,8.165000000000003,0.00550642847932617,3,1,
80,2,linCmt,focei,lbfgsb3c,57,ok,TRUE,TRUE,TRUE,TRUE,-4392.31401721077,9.967291514090109,native,8,TRUE,TRUE,NA,FALSE,focei,"r,s",1,1,1,0,TRUE,78.242,766.8191692829132,8.654773712158203,853.7159429950714,7.840000000000001,0.009183382440411168,3,1,
80,2,linCmt,focei,lbfgsb3c,58,ok,TRUE,TRUE,TRUE,TRUE,-4466.213212620195,9.048176910679814,native,8,TRUE,TRUE,NA,FALSE,focei,"r,s",1,1,1,0,TRUE,67.88900000000001,764.7596251964569,9.744872331619263,842.3934975280762,8.183000000000002,0.009713987612691977,3,1,
80,2,linCmt,focei,lbfgsb3c,59,ok,TRUE,TRUE,TRUE,TRUE,-4454.462413957876,8.532161659264256,native,8,TRUE,TRUE,NA,FALSE,focei,"r,s",2,1,1,1,FALSE,66.762,1168.843014717102,11.58277702331543,1247.1877917404174,9.925,0.007957903425393481,3,1,
80,2,linCmt,focei,lbfgsb3c,60,ok,TRUE,TRUE,TRUE,TRUE,-4444.45592423502,10.105820428033555,native,8,TRUE,TRUE,NA,FALSE,focei,"r,s",1,1,1,0,TRUE,18.106,210.85327792167664,8.612615823745728,237.57189374542236,8.123,0.034191755059647146,3,1,
80,2,linCmt,focei,lbfgsb3c,61,ok,TRUE,TRUE,TRUE,TRUE,-4431.0350976201025,8.153998577735527,native,8,TRUE,TRUE,NA,FALSE,focei,"r,s",1,1,1,0,TRUE,61.44500000000001,753.3793869018555,10.3011794090271,825.1255663108826,8.105,0.009822747386482361,3,1,
80,2,linCmt,focei,lbfgsb3c,62,ok,TRUE,TRUE,TRUE,TRUE,-4405.709528553018,7.406808454313657,native,8,TRUE,TRUE,NA,FALSE,focei,"r,s",1,1,1,0,TRUE,78.069,789.3398373126984,9.175909519195557,876.5847468318939,8.049,0.009182226851528353,3,1,
80,2,linCmt,focei,lbfgsb3c,63,ok,TRUE,TRUE,TRUE,TRUE,-4417.07082824134,10.328024405071407,native,8,TRUE,TRUE,NA,FALSE,focei,"r,s",1,1,1,0,TRUE,61.17300000000001,795.1299207210541,11.413934707641602,867.7168554286957,9.639000000000001,0.011108462328114913,3,1,
80,2,linCmt,focei,lbfgsb3c,64,ok,TRUE,TRUE,TRUE,TRUE,-4406.870297932151,8.527291858838524,native,8,TRUE,TRUE,NA,FALSE,focei,"r,s",1,1,1,0,TRUE,61.516,748.410263299942,11.899017095565796,821.8252803955078,7.993,0.009725911566207024,3,1,
80,2,linCmt,focei,lbfgsb3c,65,ok,TRUE,TRUE,TRUE,TRUE,-4439.15456264013,7.2217946666690755,native,8,TRUE,TRUE,NA,FALSE,focei,"r,s",1,1,1,0,TRUE,65.39,1143.8476133346558,10.967135667800903,1220.2047490024568,8.266999999999998,0.006775092464406851,3,1,
80,2,linCmt,focei,lbfgsb3c,66,ok,TRUE,TRUE,TRUE,TRUE,-4426.132876057178,3.8225697488531023,native,8,TRUE,TRUE,NA,FALSE,focei,"r,s",1,1,1,0,TRUE,71.789,797.0192773342133,10.328246355056763,879.13652368927,8.13,0.009247710430551446,3,1,
80,2,linCmt,focei,lbfgsb3c,67,ok,TRUE,TRUE,TRUE,TRUE,-4407.513706767023,4.6359531114156916,native,8,TRUE,TRUE,NA,FALSE,focei,"r,s",0,1,0,0,FALSE,77.32100000000001,739.5940539836884,10.206830739974976,827.1218847236634,6.732999999999999,0.008140275483400437,3,1,
80,2,linCmt,focei,lbfgsb3c,68,ok,TRUE,TRUE,TRUE,TRUE,-4484.38895501385,13.93241811805195,native,8,TRUE,TRUE,NA,FALSE,focei,"r,s",1,1,1,0,TRUE,64.16600000000001,602.4987056255341,9.998392581939697,676.6630982074738,8.106,0.011979373519072254,3,1,
80,2,linCmt,focei,lbfgsb3c,69,ok,TRUE,TRUE,TRUE,TRUE,-4386.708849372269,7.8031068538312125,native,8,TRUE,TRUE,NA,FALSE,focei,"r,s",1,1,1,0,TRUE,88.322,1143.4085836410522,9.690823078155518,1241.4214067192079,8.038999999999996,0.006475641515837261,3,1,
80,2,linCmt,focei,lbfgsb3c,70,ok,TRUE,TRUE,TRUE,TRUE,-4365.775182671553,5.206259308271178,native,8,TRUE,TRUE,NA,FALSE,focei,"r,s",1,1,1,0,TRUE,71.56800000000001,828.2797498703003,10.909060716629028,910.7568105869293,7.772,0.008533562318344238,3,1,
80,2,linCmt,focei,lbfgsb3c,71,ok,TRUE,TRUE,TRUE,TRUE,-4445.644399965338,6.137354284137942,native,8,TRUE,TRUE,NA,FALSE,focei,"r,s",1,1,1,0,TRUE,61.321,1156.4434633255005,9.136393547058105,1226.9008568725585,7.916999999999996,0.0064528441362253905,3,1,
80,2,linCmt,focei,lbfgsb3c,72,ok,TRUE,TRUE,TRUE,TRUE,-4462.813156344834,8.243190532067453,native,8,TRUE,TRUE,NA,FALSE,focei,"r,s",1,1,1,0,TRUE,67.854,1161.3338599205017,9.777395725250244,1238.965255645752,7.774999999999997,0.006275397929498552,3,1,
80,2,linCmt,focei,lbfgsb3c,73,ok,TRUE,TRUE,TRUE,TRUE,-4447.67266770876,9.889382570356053,native,8,TRUE,TRUE,NA,FALSE,focei,"r,s",1,1,1,0,TRUE,59.992000000000004,1534.8043706417084,11.69140338897705,1606.4877740306854,8.182999999999996,0.005093720682024744,3,1,
80,2,linCmt,focei,lbfgsb3c,74,ok,TRUE,TRUE,TRUE,TRUE,-4453.153585117584,6.4136897674746205,native,8,TRUE,TRUE,NA,FALSE,focei,"r,s",2,1,1,1,FALSE,20.085,448.9922618865967,9.802164793014526,478.8794266796112,9.591999999999999,0.020030094143963752,3,1,
80,2,linCmt,focei,lbfgsb3c,75,ok,TRUE,TRUE,TRUE,TRUE,-4399.599197610483,7.329339677438554,native,8,TRUE,TRUE,NA,FALSE,focei,"r,s",1,1,1,0,TRUE,72.024,773.8349149227142,11.247014284133911,857.1059292068481,7.9030000000000005,0.009220563912459814,3,1,
80,2,linCmt,focei,lbfgsb3c,76,ok,TRUE,TRUE,TRUE,TRUE,-4383.9442308816615,5.168887475870191,native,8,TRUE,TRUE,NA,FALSE,focei,"r,s",1,1,1,0,TRUE,61.976,782.4746687412262,12.377756357192993,856.8284250984192,7.8260000000000005,0.009133683910055937,3,1,
80,2,linCmt,focei,lbfgsb3c,77,ok,TRUE,TRUE,TRUE,TRUE,-4479.393553261937,9.097047891477313,native,8,TRUE,TRUE,NA,FALSE,focei,"r,s",1,1,1,0,TRUE,61.453,825.1506986618042,12.306336402893066,898.9100350646972,7.933,0.00882513231641589,3,1,
80,2,linCmt,focei,lbfgsb3c,78,ok,TRUE,TRUE,TRUE,TRUE,-4423.129555480631,5.093247726998486,native,8,TRUE,TRUE,NA,FALSE,focei,"r,s",1,1,1,0,TRUE,78.04599999999999,845.7707707881927,11.36424469947815,935.181015487671,8.308000000000002,0.008883841590462153,3,1,
80,2,linCmt,focei,lbfgsb3c,79,ok,TRUE,TRUE,TRUE,TRUE,-4417.243989718941,6.849262040611917,native,8,TRUE,TRUE,NA,FALSE,focei,"r,s",1,1,1,0,TRUE,80.423,804.2088527679443,12.124539136886597,896.7563919048309,7.8679999999999986,0.008773843232148377,3,1,
80,2,linCmt,focei,lbfgsb3c,80,ok,TRUE,TRUE,TRUE,TRUE,-4487.493292044882,9.03424481426206,native,8,TRUE,TRUE,NA,FALSE,focei,"r,s",1,1,1,0,TRUE,57.304,803.5178053379059,9.084614276885986,869.9064196147918,7.948000000000001,0.009136614951662847,3,1,
80,2,linCmt,focei,lbfgsb3c,81,ok,TRUE,TRUE,TRUE,TRUE,-4452.144287450554,6.143955790663842,native,8,TRUE,TRUE,NA,FALSE,focei,"r,s",1,1,1,0,TRUE,85.174,1100.5184321403503,11.814382791519165,1197.5068149318695,7.934000000000003,0.0066254320234924065,3,1,
80,2,linCmt,focei,lbfgsb3c,82,ok,TRUE,TRUE,TRUE,TRUE,-4443.0884920142125,9.977150403290548,native,8,TRUE,TRUE,NA,FALSE,focei,"r,s",1,1,1,0,TRUE,57.838,1173.611667394638,11.917403936386108,1243.3670713310241,7.965000000000003,0.006405992392474632,3,1,
80,2,linCmt,focei,lbfgsb3c,83,ok,TRUE,TRUE,TRUE,TRUE,-4383.4511035465075,5.300020047513491,native,8,TRUE,TRUE,NA,FALSE,focei,"r,s",1,1,1,0,TRUE,68.498,1176.9518427848816,15.890221118927002,1261.3400639038086,7.813999999999998,0.006194998655490185,3,1,
80,2,linCmt,focei,lbfgsb3c,84,ok,TRUE,TRUE,TRUE,TRUE,-4463.948351926653,6.32337556111696,native,8,TRUE,TRUE,NA,FALSE,focei,"r,s",1,1,1,0,TRUE,69.131,790.006334066391,14.639884948730469,873.7772190151214,7.834999999999999,0.008966816517408436,3,1,
80,2,linCmt,focei,lbfgsb3c,85,ok,TRUE,TRUE,TRUE,TRUE,-4402.5938551673735,6.723530602017545,native,8,TRUE,TRUE,NA,FALSE,focei,"r,s",1,1,1,0,TRUE,67.07900000000001,839.0806555747986,8.531549453735352,914.6912050285339,7.905999999999999,0.008643354124907509,3,1,
80,2,linCmt,focei,lbfgsb3c,86,ok,TRUE,TRUE,TRUE,TRUE,-4400.107427918591,5.029128637865404,native,8,TRUE,TRUE,NA,FALSE,focei,"r,s",1,1,1,0,TRUE,60.077999999999996,811.3079297542572,9.640685796737671,881.0266155509948,8.625000000000002,0.009789715597418041,3,1,
80,2,linCmt,focei,lbfgsb3c,87,ok,TRUE,TRUE,TRUE,TRUE,-4430.1247096443485,8.140792677124908,native,8,TRUE,TRUE,NA,FALSE,focei,"r,s",1,1,1,0,TRUE,69.603,771.2893853187561,8.99046516418457,849.8828504829406,7.593,0.008934172510582282,3,1,
80,2,linCmt,focei,lbfgsb3c,88,ok,TRUE,TRUE,TRUE,TRUE,-4375.613180563215,8.814394064412333,native,27,TRUE,TRUE,NA,FALSE,focei,"r,s",1,1,1,0,TRUE,76.375,810.7639517784119,15.598829507827759,902.7377812862396,10.329999999999998,0.011442968505518401,3,1,
80,2,linCmt,focei,lbfgsb3c,89,ok,TRUE,TRUE,TRUE,TRUE,-4443.93190423823,7.341131979926761,native,8,TRUE,TRUE,NA,FALSE,focei,"r,s",1,1,1,0,TRUE,53.928000000000004,822.6957287788391,9.602774381637573,886.2265031604767,7.984999999999999,0.009010111942628381,3,1,
80,2,linCmt,focei,lbfgsb3c,90,ok,TRUE,TRUE,TRUE,TRUE,-4452.743628263684,8.118568035949139,native,8,TRUE,TRUE,NA,FALSE,focei,"r,s",1,1,1,0,TRUE,59.378,1199.431735754013,11.119421482086182,1269.9291572360992,8.156000000000002,0.0064224054968159755,3,1,
80,2,linCmt,focei,lbfgsb3c,91,ok,TRUE,TRUE,TRUE,TRUE,-4387.7681820844455,6.709312887604241,native,8,TRUE,TRUE,NA,FALSE,focei,"r,s",0,1,0,0,FALSE,59.017,615.1894240379333,9.212414503097534,683.4188385410309,6.705999999999998,0.009812430711327815,3,1,
80,2,linCmt,focei,lbfgsb3c,92,ok,TRUE,TRUE,TRUE,TRUE,-4460.545578507251,6.436896918267212,native,8,TRUE,TRUE,NA,FALSE,focei,"r,s",1,1,1,0,TRUE,70.608,787.1140606403351,15.296772241592407,873.0188328819274,8.083000000000002,0.009258677700362046,3,1,
80,2,linCmt,focei,lbfgsb3c,93,ok,TRUE,TRUE,TRUE,TRUE,-4460.560335339177,10.699939562753471,native,8,TRUE,TRUE,NA,FALSE,focei,"r,s",1,1,1,0,TRUE,53.031,615.3325448036194,10.371434926986694,678.734979730606,7.963999999999998,0.011733592989654013,3,1,
80,2,linCmt,focei,lbfgsb3c,94,ok,TRUE,TRUE,TRUE,TRUE,-4398.925622858448,6.267349540559477,native,8,TRUE,TRUE,NA,FALSE,focei,"r,s",1,1,1,0,TRUE,95.598,1155.5099947452545,10.84658145904541,1261.9545762042999,8.117999999999999,0.006432878134502491,3,1,
80,2,linCmt,focei,lbfgsb3c,95,ok,TRUE,TRUE,TRUE,TRUE,-4451.085707073394,7.75337043487033,native,8,TRUE,TRUE,NA,FALSE,focei,"r,s",1,1,1,0,TRUE,70.458,805.4180769920349,10.461138010025024,886.3372150020599,7.951999999999999,0.00897175461596918,3,1,
80,2,linCmt,focei,lbfgsb3c,96,ok,TRUE,TRUE,TRUE,TRUE,-4437.407336023055,7.878422262285632,native,8,TRUE,TRUE,NA,FALSE,focei,"r,s",1,1,1,0,TRUE,83.08800000000001,804.0216028690338,10.572628736495972,897.6822316055298,7.808999999999998,0.008699069364482555,3,1,
80,2,linCmt,focei,lbfgsb3c,97,ok,TRUE,TRUE,TRUE,TRUE,-4419.53880894168,6.707606694528213,native,8,TRUE,TRUE,NA,FALSE,focei,"r,s",1,1,1,0,TRUE,81.682,1139.4453737735748,9.344957828521729,1230.4723316020966,7.7050000000000045,0.006261823043162587,3,1,
80,2,linCmt,focei,lbfgsb3c,98,ok,TRUE,TRUE,TRUE,TRUE,-4496.412784127766,6.867705769638611,native,8,TRUE,TRUE,NA,FALSE,focei,"r,s",1,1,1,0,TRUE,74.533,1520.6179797649384,10.174872875213623,1605.3258526401519,8.309999999999997,0.0051765191386740584,3,1,
80,2,linCmt,focei,lbfgsb3c,99,ok,TRUE,TRUE,TRUE,TRUE,-4393.123129475454,6.745817163594131,native,8,TRUE,TRUE,NA,FALSE,focei,"r,s",1,1,1,0,TRUE,64.128,784.3995246887207,11.320045709609985,859.8475703983307,7.745000000000002,0.009007410460451814,3,1,
80,2,linCmt,focei,lbfgsb3c,100,ok,TRUE,TRUE,TRUE,TRUE,-4405.463732225053,4.624228938969002,native,8,TRUE,TRUE,NA,FALSE,focei,"r,s",1,1,1,0,TRUE,75.909,1161.5043177604675,9.676027297973633,1247.0893450584413,8.368000000000002,0.006710024452664905,3,1,
80,3,linCmt,focei,lbfgsb3c,1,ok,TRUE,TRUE,TRUE,TRUE,-4369.519236048253,5.127764831490739,native,8,TRUE,TRUE,NA,FALSE,focei,"r,s",1,1,1,0,TRUE,56.074000000000005,710.473836183548,12.755228281021118,779.303064464569,8.344,0.010707002680315212,3,1,
80,3,linCmt,focei,lbfgsb3c,2,ok,TRUE,TRUE,TRUE,TRUE,-4472.921737145957,4.119797752774717,native,8,TRUE,TRUE,NA,FALSE,focei,"r,s",1,1,1,0,TRUE,80.384,1458.406714439392,11.415270328521729,1550.2059847679138,8.131,0.005245109411196937,3,1,
80,3,linCmt,focei,lbfgsb3c,3,ok,TRUE,TRUE,TRUE,TRUE,-4447.207270001617,7.152660470172029,native,8,TRUE,TRUE,NA,FALSE,focei,"r,s",2,1,1,1,FALSE,62.557,1486.7206287384033,14.084696769714355,1563.3623255081177,9.739000000000004,0.006229521999536911,3,1,
80,3,linCmt,focei,lbfgsb3c,4,ok,TRUE,TRUE,TRUE,TRUE,-4432.894076593776,6.446594270728893,native,8,TRUE,TRUE,NA,FALSE,focei,"r,s",1,1,1,0,TRUE,74.592,1094.8971407413483,10.856805801391602,1180.34594654274,8.235,0.006976768145068402,3,1,
80,3,linCmt,focei,lbfgsb3c,5,ok,TRUE,TRUE,TRUE,TRUE,-4430.370253346797,2.9608336521291427,native,8,TRUE,TRUE,NA,FALSE,focei,"r,s",1,1,0,1,FALSE,71.23899999999999,1146.4748990535736,11.92872142791748,1229.6426204814911,8.554999999999996,0.0069573060151819684,3,1,
80,3,linCmt,focei,lbfgsb3c,6,ok,TRUE,TRUE,TRUE,TRUE,-4370.560972234583,5.164059399349939,native,8,TRUE,TRUE,NA,FALSE,focei,"r,s",1,1,1,0,TRUE,55.99799999999999,704.3116507530212,13.286860227584839,773.5965109806061,8.187000000000001,0.010583036355247015,3,1,
80,3,linCmt,focei,lbfgsb3c,7,ok,TRUE,TRUE,TRUE,TRUE,-4481.192026056817,4.2642093525452225,native,8,TRUE,TRUE,NA,FALSE,focei,"r,s",1,1,1,0,TRUE,80.77199999999999,1031.4429907798767,10.29162311553955,1122.5066138954162,8.216,0.0073193332656527966,3,1,
80,3,linCmt,focei,lbfgsb3c,8,ok,TRUE,TRUE,TRUE,TRUE,-4419.419926049272,3.116553256735011,native,8,TRUE,TRUE,NA,FALSE,focei,"r,s",1,1,1,0,TRUE,82.528,775.3143448829651,12.763965368270874,870.606310251236,8.675999999999997,0.009965468774854517,3,1,
80,3,linCmt,focei,lbfgsb3c,9,ok,TRUE,TRUE,TRUE,TRUE,-4461.581601050608,5.580977127621968,native,8,TRUE,TRUE,NA,FALSE,focei,"r,s",1,1,1,0,TRUE,81.095,771.7274947166443,12.64850640296936,865.4710011196137,8.133000000000001,0.009397195272260737,3,1,
80,3,linCmt,focei,lbfgsb3c,10,ok,TRUE,TRUE,TRUE,TRUE,-4389.443926551595,3.472383890685738,native,8,TRUE,TRUE,NA,FALSE,focei,"r,s",1,1,1,0,TRUE,20.239,229.22878909111023,8.86840271949768,258.3361918106079,8.097,0.03134287899519744,3,1,
80,3,linCmt,focei,lbfgsb3c,11,ok,TRUE,TRUE,TRUE,TRUE,-4430.301536570004,7.085397654995121,native,8,TRUE,TRUE,NA,FALSE,focei,"r,s",1,1,1,0,TRUE,57.414,753.5701305866241,10.117910623550415,821.1020412101745,7.833000000000001,0.009539618228759239,3,1,
80,3,linCmt,focei,lbfgsb3c,12,ok,TRUE,TRUE,TRUE,TRUE,-4432.011126279506,4.451833270683259,native,8,TRUE,TRUE,NA,FALSE,focei,"r,s",1,1,1,0,TRUE,73.429,1139.7860691547394,10.45809817314148,1223.673167327881,8.357,0.00682943797668545,3,1,
80,3,linCmt,focei,lbfgsb3c,13,ok,TRUE,TRUE,TRUE,TRUE,-4389.759177832687,5.097606073471872,native,8,TRUE,TRUE,NA,FALSE,focei,"r,s",1,1,0,1,FALSE,68.729,756.3283140659332,9.77400279045105,834.8313168563843,8.27,0.00990619282364881,3,1,
80,3,linCmt,focei,lbfgsb3c,14,ok,TRUE,TRUE,TRUE,TRUE,-4418.64573040952,6.335090576887778,native,8,TRUE,TRUE,NA,FALSE,focei,"r,s",2,1,0,2,FALSE,79.33500000000001,1075.9885911941528,10.575528383255005,1165.8991195774079,9.611,0.008243423327640565,3,1,
80,3,linCmt,focei,lbfgsb3c,15,ok,TRUE,TRUE,TRUE,TRUE,-4388.066412253403,8.5401476322356,native,8,TRUE,TRUE,NA,FALSE,focei,"r,s",2,1,1,1,FALSE,63.486000000000004,1485.7779078483582,13.611052989959717,1562.874960838318,9.908,0.00633959865521513,3,1,
80,3,linCmt,focei,lbfgsb3c,16,ok,TRUE,TRUE,TRUE,TRUE,-4454.257827516089,3.1220475649106705,native,8,TRUE,TRUE,NA,FALSE,focei,"r,s",1,1,0,1,FALSE,59.56700000000001,1016.9770383834839,11.008412599563599,1087.5524509830475,8.091,0.0074396411802359315,3,1,
80,3,linCmt,focei,lbfgsb3c,17,ok,TRUE,TRUE,TRUE,TRUE,-4394.623707560474,5.358603273063577,native,8,TRUE,TRUE,NA,FALSE,focei,"r,s",1,1,1,0,TRUE,60.458999999999996,758.7120072841644,13.937909841537476,833.1089171257019,8.051,0.009663802456678354,3,1,
80,3,linCmt,focei,lbfgsb3c,18,ok,TRUE,TRUE,TRUE,TRUE,-4427.921282885296,3.3890523864815267,native,8,TRUE,TRUE,NA,FALSE,focei,"r,s",1,1,1,0,TRUE,70.726,643.9321248531342,10.647340297698975,725.3054651508331,8.222999999999999,0.011337292210103449,3,1,
80,3,linCmt,focei,lbfgsb3c,19,ok,TRUE,TRUE,TRUE,TRUE,-4467.696111436308,4.381056016108005,native,8,TRUE,TRUE,NA,FALSE,focei,"r,s",2,1,1,1,FALSE,57.516,1135.8581256866455,14.106566190719604,1207.4806918773652,10.072000000000001,0.008341334207456577,3,1,
80,3,linCmt,focei,lbfgsb3c,20,ok,TRUE,TRUE,TRUE,TRUE,-4393.018978220081,3.1815939868782896,native,8,TRUE,TRUE,NA,FALSE,focei,"r,s",1,1,0,1,FALSE,65.086,1083.2501618862152,9.24445366859436,1157.5806155548096,7.858,0.006788296118999702,3,1,
80,3,linCmt,focei,lbfgsb3c,21,ok,TRUE,TRUE,TRUE,TRUE,-4436.490913034842,5.6051685946442324,native,8,TRUE,TRUE,NA,FALSE,focei,"r,s",1,1,1,0,TRUE,68.26400000000001,741.123693227768,12.458173036575317,821.8458662643433,7.8599999999999985,0.009563837116717775,3,1,
80,3,linCmt,focei,lbfgsb3c,22,ok,TRUE,TRUE,TRUE,TRUE,-4432.970966743917,4.761976490821685,native,8,TRUE,TRUE,NA,FALSE,focei,"r,s",1,1,0,1,FALSE,71.752,1136.340130329132,10.263551473617554,1218.3556818027496,8.439,0.006926548729606749,3,1,
80,3,linCmt,focei,lbfgsb3c,23,ok,TRUE,TRUE,TRUE,TRUE,-4452.551409179836,4.032637199460267,native,27,TRUE,TRUE,NA,FALSE,focei,"r,s",1,1,1,0,TRUE,62.787000000000006,1032.6866879463196,10.297319889068604,1105.7710078353882,8.616000000000001,0.0077918483473954775,3,1,
80,3,linCmt,focei,lbfgsb3c,24,ok,TRUE,TRUE,TRUE,TRUE,-4423.371935514234,5.274083336964119,native,8,TRUE,TRUE,NA,FALSE,focei,"r,s",1,1,1,0,TRUE,70.236,749.6689007282257,15.198885679244995,835.1037864074707,8.402999999999999,0.010062222368969044,3,1,
80,3,linCmt,focei,lbfgsb3c,25,ok,TRUE,TRUE,TRUE,TRUE,-4389.3331588736955,5.870542137877677,native,8,TRUE,TRUE,NA,FALSE,focei,"r,s",1,1,1,0,TRUE,79.163,1510.962478876114,9.993285417556763,1600.1187642936707,8.407,0.005253985008863416,3,1,
80,3,linCmt,focei,lbfgsb3c,26,ok,TRUE,TRUE,TRUE,TRUE,-4385.1333561345455,4.71205010629573,native,8,TRUE,TRUE,NA,FALSE,focei,"r,s",1,1,1,0,TRUE,73.677,751.775171995163,12.175305843353271,837.6274778385163,8.312000000000001,0.009923265675869396,3,1,
80,3,linCmt,focei,lbfgsb3c,27,ok,TRUE,TRUE,TRUE,TRUE,-4450.754490313324,3.6778722906960644,native,8,TRUE,TRUE,NA,FALSE,focei,"r,s",1,1,1,0,TRUE,77.99100000000001,711.0584118366241,9.638112783432007,798.6875246200561,8.442,0.010569840819807403,3,1,
80,3,linCmt,focei,lbfgsb3c,28,ok,TRUE,TRUE,TRUE,TRUE,-4413.232991250452,4.658257722151386,native,8,TRUE,TRUE,NA,FALSE,focei,"r,s",1,1,1,0,TRUE,17.784000000000002,235.74988269805908,8.872843027114868,262.40672572517394,8.090999999999998,0.030833813339349894,3,1,
80,3,linCmt,focei,lbfgsb3c,29,ok,TRUE,TRUE,TRUE,TRUE,-4436.419847060322,5.532039252487769,native,8,TRUE,TRUE,NA,FALSE,focei,"r,s",1,1,1,0,TRUE,72.673,1484.6241881847382,12.469892024993896,1569.767080209732,7.9790000000000045,0.005082919689546524,3,1,
80,3,linCmt,focei,lbfgsb3c,30,ok,TRUE,TRUE,TRUE,TRUE,-4453.220770792138,4.476507221550426,native,8,TRUE,TRUE,NA,FALSE,focei,"r,s",1,1,1,0,TRUE,19.021,314.1848294734955,8.38487195968628,341.5907014331818,7.971,0.023334944325348387,3,1,
80,3,linCmt,focei,lbfgsb3c,31,ok,TRUE,TRUE,TRUE,TRUE,-4473.406686147373,4.332864714811102,native,8,TRUE,TRUE,NA,FALSE,focei,"r,s",1,1,1,0,TRUE,76.242,1165.0166692733765,8.815840482711792,1250.0745097560882,8.272,0.0066172055629020185,3,1,
80,3,linCmt,focei,lbfgsb3c,32,ok,TRUE,TRUE,TRUE,TRUE,-4462.959609089554,4.6064548130044525,native,8,TRUE,TRUE,NA,FALSE,focei,"r,s",1,1,1,0,TRUE,17.096,239.0249843597412,8.236879587173462,264.3578639469147,7.694999999999999,0.029108269695904417,3,1,
80,3,linCmt,focei,lbfgsb3c,33,ok,TRUE,TRUE,TRUE,TRUE,-4417.495286999306,3.099605954121654,native,8,TRUE,TRUE,NA,FALSE,focei,"r,s",1,1,1,0,TRUE,71.818,783.9431693553925,10.601157903671265,866.3623272590637,7.861,0.009073570898298498,3,1,
80,3,linCmt,focei,lbfgsb3c,34,ok,TRUE,TRUE,TRUE,TRUE,-4429.880057429554,3.9652788779983372,native,8,TRUE,TRUE,NA,FALSE,focei,"r,s",1,1,1,0,TRUE,68.247,1151.988615989685,10.107736110687256,1230.3433521003724,8.645,0.007026493852502024,3,1,
80,3,linCmt,focei,lbfgsb3c,35,ok,TRUE,TRUE,TRUE,TRUE,-4383.260168488231,5.601141682800217,native,8,TRUE,TRUE,NA,FALSE,focei,"r,s",1,1,1,0,TRUE,60.969,755.4622330665588,9.697299242019653,826.1285323085785,7.971000000000001,0.0096486196617921,3,1,
80,3,linCmt,focei,lbfgsb3c,36,ok,TRUE,TRUE,TRUE,TRUE,-4428.905041101446,3.829504017986076,native,8,TRUE,TRUE,NA,FALSE,focei,"r,s",2,1,0,2,FALSE,83.17699999999999,1469.5386157035828,13.098848342895508,1565.8144640464782,10.297999999999998,0.006576768982825236,3,1,
80,3,linCmt,focei,lbfgsb3c,37,ok,TRUE,TRUE,TRUE,TRUE,-4399.067192104172,7.9126055278206024,native,8,TRUE,TRUE,NA,FALSE,focei,"r,s",2,1,1,1,FALSE,70.592,2296.4981224536896,12.434983968734741,2379.5251064224244,10.458999999999998,0.00439541485474172,3,1,
80,3,linCmt,focei,lbfgsb3c,38,ok,TRUE,TRUE,TRUE,TRUE,-4415.717114330469,3.8052837310957432,native,8,TRUE,TRUE,NA,FALSE,focei,"r,s",1,1,1,0,TRUE,68.66900000000001,1117.4561059474945,11.756114721298218,1197.8812206687928,8.138999999999998,0.006794496699310377,3,1,
80,3,linCmt,focei,lbfgsb3c,39,ok,TRUE,TRUE,TRUE,TRUE,-4506.896417382804,5.839683002858676,native,8,TRUE,TRUE,NA,FALSE,focei,"r,s",1,1,1,0,TRUE,61.192,1127.4566719532013,9.15212893486023,1197.8008008880615,7.676000000000001,0.006408411143412943,3,1,
80,3,linCmt,focei,lbfgsb3c,40,ok,TRUE,TRUE,TRUE,TRUE,-4439.435192421077,5.185441797764373,native,8,TRUE,TRUE,NA,FALSE,focei,"r,s",1,1,1,0,TRUE,69.196,761.5319230556488,12.480467081069946,843.2083901367188,8.501,0.010081730802775381,3,1,
80,3,linCmt,focei,lbfgsb3c,41,ok,TRUE,TRUE,TRUE,TRUE,-4399.341609117837,3.7425395733603013,native,8,TRUE,TRUE,NA,FALSE,focei,"r,s",1,1,1,0,TRUE,54.226,1420.5054287910461,9.775501728057861,1484.5069305191041,8.149000000000004,0.005489364739543825,3,1,
80,3,linCmt,focei,lbfgsb3c,42,ok,TRUE,TRUE,TRUE,TRUE,-4391.074595763718,6.047029698801247,native,8,TRUE,TRUE,NA,FALSE,focei,"r,s",1,1,1,0,TRUE,57.057,813.4393398761749,10.291582584381104,880.787922460556,8.22,0.009332553036191425,3,1,
80,3,linCmt,focei,lbfgsb3c,43,ok,TRUE,TRUE,TRUE,TRUE,-4412.515621181142,4.78870234978324,native,8,TRUE,TRUE,NA,FALSE,focei,"r,s",3,1,0,3,FALSE,64.921,1402.2996990680695,13.620507717132568,1480.841206785202,11.559999999999997,0.007806373800939745,3,1,
80,3,linCmt,focei,lbfgsb3c,44,ok,TRUE,TRUE,TRUE,TRUE,-4427.990592567912,7.567488929702673,native,8,TRUE,TRUE,NA,FALSE,focei,"r,s",1,1,1,0,TRUE,70.654,1430.0934224128723,10.36264181137085,1511.1100642242432,7.9030000000000005,0.005229930093846046,3,1,
80,3,linCmt,focei,lbfgsb3c,45,ok,TRUE,TRUE,TRUE,TRUE,-4428.332057678252,4.516591696998475,native,8,TRUE,TRUE,NA,FALSE,focei,"r,s",1,1,1,0,TRUE,59.952000000000005,779.3723390102386,10.240069150924683,849.5644081611633,8.07,0.00949898550654574,3,1,
80,3,linCmt,focei,lbfgsb3c,46,ok,TRUE,TRUE,TRUE,TRUE,-4462.680336332686,5.650229683458126,native,8,TRUE,TRUE,NA,FALSE,focei,"r,s",1,1,1,0,TRUE,63.480000000000004,809.0224497318268,10.475444078445435,882.9778938102722,8.776,0.009939093675527194,3,1,
80,3,linCmt,focei,lbfgsb3c,47,ok,TRUE,TRUE,TRUE,TRUE,-4405.16557111871,3.580581387997279,native,8,TRUE,TRUE,NA,FALSE,focei,"r,s",1,1,1,0,TRUE,74.244,1146.0393688678741,10.304733753204346,1230.5881026210784,7.969999999999995,0.006476578136115875,3,1,
80,3,linCmt,focei,lbfgsb3c,48,ok,TRUE,TRUE,TRUE,TRUE,-4451.255469005109,5.816112033938706,native,27,TRUE,TRUE,NA,FALSE,focei,"r,s",1,1,1,0,TRUE,64.99000000000001,742.6812953948975,13.662960529327393,821.3342559242249,9.36,0.01139609109505295,3,1,
80,3,linCmt,focei,lbfgsb3c,49,ok,TRUE,TRUE,TRUE,TRUE,-4414.040424994509,4.806884028540074,native,8,TRUE,TRUE,NA,FALSE,focei,"r,s",1,1,1,0,TRUE,76.036,761.9725432395935,10.342006921768188,848.3505501613618,8.245,0.009718859731312424,3,1,
80,3,linCmt,focei,lbfgsb3c,50,ok,TRUE,TRUE,TRUE,TRUE,-4445.589892583909,4.489991860213254,native,8,TRUE,TRUE,NA,FALSE,focei,"r,s",1,1,1,0,TRUE,20.291,206.70362067222595,9.084689617156982,236.07931028938293,8.346,0.03535252619032808,3,1,
80,3,linCmt,focei,lbfgsb3c,51,ok,TRUE,TRUE,TRUE,TRUE,-4516.135998444908,4.161197496348369,native,8,TRUE,TRUE,NA,FALSE,focei,"r,s",2,1,0,2,FALSE,20.593000000000004,299.24536299705505,10.048513650894165,329.88687664794924,9.825999999999997,0.029785968147154184,3,1,
80,3,linCmt,focei,lbfgsb3c,52,ok,TRUE,TRUE,TRUE,TRUE,-4468.253874151655,2.898284605515001,native,8,TRUE,TRUE,NA,FALSE,focei,"r,s",1,1,1,0,TRUE,18.54,224.35474801063538,8.444307327270508,251.33905533790588,7.906,0.03145551728668271,3,1,
80,3,linCmt,focei,lbfgsb3c,53,ok,TRUE,TRUE,TRUE,TRUE,-4414.482417238931,5.836804205688352,native,8,TRUE,TRUE,NA,FALSE,focei,"r,s",1,1,1,0,TRUE,18.583,225.55390429496765,9.33657193183899,253.47347622680664,8.371999999999998,0.03302909686893148,3,1,
80,3,linCmt,focei,lbfgsb3c,54,ok,TRUE,TRUE,TRUE,TRUE,-4444.657132081512,4.267075037499671,native,8,TRUE,TRUE,NA,FALSE,focei,"r,s",1,1,1,0,TRUE,20.416000000000004,223.9031035900116,8.781901359558105,253.1010049495697,8.298,0.03278533011614622,3,1,
80,3,linCmt,focei,lbfgsb3c,55,ok,TRUE,TRUE,TRUE,TRUE,-4483.857461044564,8.7578024533388,native,8,TRUE,TRUE,NA,FALSE,focei,"r,s",1,1,1,0,TRUE,18.851,235.78716945648193,8.342971324920654,262.9811407814026,7.887,0.029990743733809788,3,1,
80,3,linCmt,focei,lbfgsb3c,56,ok,TRUE,TRUE,TRUE,TRUE,-4357.439212537888,5.454771653844432,native,8,TRUE,TRUE,NA,FALSE,focei,"r,s",1,1,1,0,TRUE,18.445999999999998,214.48769235610962,8.836124897003174,241.7698172531128,8.083999999999998,0.03343676266891796,3,1,
80,3,linCmt,focei,lbfgsb3c,57,ok,TRUE,TRUE,TRUE,TRUE,-4436.195919055175,5.9941390972616135,native,27,TRUE,TRUE,NA,FALSE,focei,"r,s",1,1,1,0,TRUE,20.038999999999998,227.90283823013306,8.46206021308899,256.40389844322203,7.972000000000001,0.03109157094881425,3,1,
80,3,linCmt,focei,lbfgsb3c,58,ok,TRUE,TRUE,TRUE,TRUE,-4425.526815919015,7.472483108908598,native,8,TRUE,TRUE,NA,FALSE,focei,"r,s",1,1,1,0,TRUE,19.841,326.2547447681427,8.567601203918457,354.66334597206117,7.975999999999999,0.022488932365252973,3,1,
80,3,linCmt,focei,lbfgsb3c,59,ok,TRUE,TRUE,TRUE,TRUE,-4480.637157692395,5.092086904213573,native,8,TRUE,TRUE,NA,FALSE,focei,"r,s",1,1,0,1,FALSE,22.106,224.30480408668518,8.67858076095581,255.08938484764099,8.056999999999999,0.031585006976328156,3,1,
80,3,linCmt,focei,lbfgsb3c,60,ok,TRUE,TRUE,TRUE,TRUE,-4482.0383648083,6.376794869504513,native,8,TRUE,TRUE,NA,FALSE,focei,"r,s",1,1,1,0,TRUE,20.62,318.9464011192322,8.870802402496338,348.4372035217285,8.396999999999998,0.024099033958285002,3,1,
80,3,linCmt,focei,lbfgsb3c,61,ok,TRUE,TRUE,TRUE,TRUE,-4384.429869976398,4.1388442166523145,native,8,TRUE,TRUE,NA,FALSE,focei,"r,s",2,1,1,1,FALSE,69.882,1398.7619717121124,12.175605058670044,1480.8195767707825,10.239,0.0069144142612756025,3,1,
80,3,linCmt,focei,lbfgsb3c,62,ok,TRUE,TRUE,TRUE,TRUE,-4431.067616032229,4.312008843737059,native,8,TRUE,TRUE,NA,FALSE,focei,"r,s",1,1,1,0,TRUE,66.40400000000001,777.9139041900635,10.486834049224854,854.8047382392883,8.02,0.009382259645073393,3,1,
80,3,linCmt,focei,lbfgsb3c,63,ok,TRUE,TRUE,TRUE,TRUE,-4430.189568551658,5.298073461321249,native,8,TRUE,TRUE,NA,FALSE,focei,"r,s",1,1,1,0,TRUE,60.88699999999999,626.5198149681091,11.171405553817749,698.5782205219268,8.183000000000003,0.011713792041621712,3,1,
80,3,linCmt,focei,lbfgsb3c,64,ok,TRUE,TRUE,TRUE,TRUE,-4433.721129877387,3.7394121238928464,native,8,TRUE,TRUE,NA,FALSE,focei,"r,s",1,1,1,0,TRUE,72.724,1103.874118566513,10.63913106918335,1187.2372496356963,8.257000000000001,0.006954802001481727,3,1,
80,3,linCmt,focei,lbfgsb3c,65,ok,TRUE,TRUE,TRUE,TRUE,-4437.899961359808,5.566113995061349,native,8,TRUE,TRUE,NA,FALSE,focei,"r,s",1,1,1,0,TRUE,19.908,231.84144711494446,8.886310338973999,260.6357574539185,8.340000000000002,0.03199867923523329,3,1,
80,3,linCmt,focei,lbfgsb3c,66,ok,TRUE,TRUE,TRUE,TRUE,-4450.527870691076,5.377691433018023,native,8,TRUE,TRUE,NA,FALSE,focei,"r,s",1,1,1,0,TRUE,58.982000000000006,809.4256889820099,14.655449151992798,883.0631381340027,8.123999999999999,0.009199795177915355,3,1,
80,3,linCmt,focei,lbfgsb3c,67,ok,TRUE,TRUE,TRUE,TRUE,-4489.187360611737,5.150168227203556,native,8,TRUE,TRUE,NA,FALSE,focei,"r,s",2,1,1,1,FALSE,72.17500000000001,1110.5786428451538,10.995431661605835,1193.7490745067596,9.618999999999996,0.008057807294195753,3,1,
80,3,linCmt,focei,lbfgsb3c,68,ok,TRUE,TRUE,TRUE,TRUE,-4493.170448358773,15.395551791248353,native,8,TRUE,TRUE,NA,FALSE,focei,"r,s",2,1,1,1,FALSE,74.779,1516.0533854961395,13.208351135253906,1604.0407366313934,9.392000000000003,0.005855212891739839,3,1,
80,3,linCmt,focei,lbfgsb3c,69,ok,TRUE,TRUE,TRUE,TRUE,-4417.230734119616,3.6087377601608592,native,8,TRUE,TRUE,NA,FALSE,focei,"r,s",1,1,1,0,TRUE,68.236,817.3165187835693,11.811082363128662,897.363601146698,8.145,0.009076588341216307,3,1,
80,3,linCmt,focei,lbfgsb3c,70,ok,TRUE,TRUE,TRUE,TRUE,-4457.221857367721,3.2569909107713104,native,8,TRUE,TRUE,NA,FALSE,focei,"r,s",1,1,1,0,TRUE,71.006,1070.3434417247772,9.905818462371826,1151.2552601871491,8.103000000000002,0.00703840432284563,3,1,
80,3,linCmt,focei,lbfgsb3c,71,ok,TRUE,TRUE,TRUE,TRUE,-4405.2282562275395,3.4422410958895857,native,27,TRUE,TRUE,NA,FALSE,focei,"r,s",1,1,0,1,FALSE,20.503,320.10588335990906,9.296836376190186,349.90571973609923,8.955,0.02559260822244892,3,1,
80,3,linCmt,focei,lbfgsb3c,72,ok,TRUE,TRUE,TRUE,TRUE,-4422.504078608218,3.7556530074418553,native,8,TRUE,TRUE,NA,FALSE,focei,"r,s",1,1,1,0,TRUE,74.807,748.7047505378723,12.016925811767578,835.5286763496399,8.843000000000002,0.01058371812998015,3,1,
80,3,linCmt,focei,lbfgsb3c,73,ok,TRUE,TRUE,TRUE,TRUE,-4417.80144105386,3.9864028140830112,native,27,TRUE,TRUE,NA,FALSE,focei,"r,s",1,1,1,0,TRUE,66.825,806.0297160148621,15.821228265762329,888.6759442806244,8.924999999999999,0.010043030935449377,3,1,
80,3,linCmt,focei,lbfgsb3c,74,ok,TRUE,TRUE,TRUE,TRUE,-4400.709214415431,4.248590485659545,native,8,TRUE,TRUE,NA,FALSE,focei,"r,s",1,1,1,0,TRUE,71.618,1137.5295026302338,12.041144371032715,1221.1886470012664,8.078,0.00661486660544726,3,1,
80,3,linCmt,focei,lbfgsb3c,75,ok,TRUE,TRUE,TRUE,TRUE,-4459.883104703157,3.7308949851515036,native,8,TRUE,TRUE,NA,FALSE,focei,"r,s",1,1,1,0,TRUE,82.59100000000001,804.7352683544159,9.406420469284058,896.7326888237,8.312999999999999,0.009270321137623161,3,1,
80,3,linCmt,focei,lbfgsb3c,76,ok,TRUE,TRUE,TRUE,TRUE,-4428.916486215571,4.8360192960989,native,8,TRUE,TRUE,NA,FALSE,focei,"r,s",1,1,0,1,FALSE,22.401999999999997,317.5934422016144,8.462489604949951,348.4579318065643,7.963000000000002,0.0228521129041781,3,1,
80,3,linCmt,focei,lbfgsb3c,77,ok,TRUE,TRUE,TRUE,TRUE,-4429.796732801141,4.800568678100442,native,8,TRUE,TRUE,NA,FALSE,focei,"r,s",1,1,1,0,TRUE,81.50800000000001,773.1152007579803,11.975094079971313,866.5982948379517,8.032000000000002,0.009268423498919917,3,1,
80,3,linCmt,focei,lbfgsb3c,78,ok,TRUE,TRUE,TRUE,TRUE,-4432.58307052959,3.7715616850311133,native,8,TRUE,TRUE,NA,FALSE,focei,"r,s",1,1,1,0,TRUE,20.853,219.78866958618164,8.3329496383667,248.97461922454835,8.017,0.032200069328229504,3,1,
80,3,linCmt,focei,lbfgsb3c,79,ok,TRUE,TRUE,TRUE,TRUE,-4476.208378622752,6.101574544853312,native,8,TRUE,TRUE,NA,FALSE,focei,"r,s",2,1,0,2,FALSE,82.122,1800.495045185089,11.820817947387695,1894.4378631324769,10.042000000000002,0.005300780878289366,3,1,
80,3,linCmt,focei,lbfgsb3c,80,ok,TRUE,TRUE,TRUE,TRUE,-4437.269168548213,3.7306123974223624,native,8,TRUE,TRUE,NA,FALSE,focei,"r,s",1,1,0,1,FALSE,67.548,808.0659048557281,11.893656969070435,887.5075618247986,8.379,0.009441046319393596,3,1,
80,3,linCmt,focei,lbfgsb3c,81,ok,TRUE,TRUE,TRUE,TRUE,-4408.273490281605,3.9108482242886167,native,8,TRUE,TRUE,NA,FALSE,focei,"r,s",1,1,1,0,TRUE,64.568,767.5130755901337,10.005830764770508,842.0869063549042,8.508,0.010103470242552657,3,1,
80,3,linCmt,focei,lbfgsb3c,82,ok,TRUE,TRUE,TRUE,TRUE,-4472.537229443923,5.542819061672326,native,8,TRUE,TRUE,NA,FALSE,focei,"r,s",1,1,0,1,FALSE,71.197,810.6065447330475,12.090114831924438,893.8936595649719,7.795999999999999,0.008721395343372332,3,1,
80,3,linCmt,focei,lbfgsb3c,83,ok,TRUE,TRUE,TRUE,TRUE,-4470.169966404996,4.609339104109557,native,8,TRUE,TRUE,NA,FALSE,focei,"r,s",2,1,1,1,FALSE,75.29899999999999,1074.7976422309875,14.788362741470337,1164.8850049724579,9.827,0.008436025837788465,3,1,
80,3,linCmt,focei,lbfgsb3c,84,ok,TRUE,TRUE,TRUE,TRUE,-4444.936643683276,3.4918254119716465,native,8,TRUE,TRUE,NA,FALSE,focei,"r,s",1,1,1,0,TRUE,19.926000000000002,221.51662158966064,9.005844354629517,250.44846594429015,8.408000000000001,0.033571776805653424,3,1,
80,3,linCmt,focei,lbfgsb3c,85,ok,TRUE,TRUE,TRUE,TRUE,-4396.853091533471,2.9650873045861026,native,8,TRUE,TRUE,NA,FALSE,focei,"r,s",1,1,1,0,TRUE,68.001,825.6409955024719,12.022472381591797,905.6644678840637,8.18,0.009032042539011414,3,1,
80,3,linCmt,focei,lbfgsb3c,86,ok,TRUE,TRUE,TRUE,TRUE,-4392.037371767643,4.067385379152718,native,8,TRUE,TRUE,NA,FALSE,focei,"r,s",1,1,1,0,TRUE,83.51599999999999,810.3526129722595,9.663110733032227,903.5317237052917,8.289,0.009173999963175231,3,1,
80,3,linCmt,focei,lbfgsb3c,87,ok,TRUE,TRUE,TRUE,TRUE,-4406.223070322504,3.204612494890454,native,8,TRUE,TRUE,NA,FALSE,focei,"r,s",1,1,0,1,FALSE,19.173000000000002,398.41168427467346,8.570846319198608,426.1555305938721,8.197,0.019234761516709664,3,1,
80,3,linCmt,focei,lbfgsb3c,88,ok,TRUE,TRUE,TRUE,TRUE,-4401.451442526747,3.9578480921859747,native,8,TRUE,TRUE,NA,FALSE,focei,"r,s",1,1,1,0,TRUE,59.468,1061.768253326416,11.511201620101929,1132.747454946518,8.461000000000002,0.00746944957859074,3,1,
80,3,linCmt,focei,lbfgsb3c,89,ok,TRUE,TRUE,TRUE,TRUE,-4450.052820460763,4.110642439570922,native,8,TRUE,TRUE,NA,FALSE,focei,"r,s",1,1,1,0,TRUE,76.404,1450.2541725635529,10.055925369262695,1536.7140979328155,8.018,0.005217626369658349,3,1,
80,3,linCmt,focei,lbfgsb3c,90,ok,TRUE,TRUE,TRUE,TRUE,-4402.577951787923,7.082368635289741,native,8,TRUE,TRUE,NA,FALSE,focei,"r,s",1,1,1,0,TRUE,63.635000000000005,796.9216346740723,10.009048223495483,870.5656828975677,8.151,0.009362877678419883,3,1,
80,3,linCmt,focei,lbfgsb3c,91,ok,TRUE,TRUE,TRUE,TRUE,-4350.706824062643,3.458904072121772,native,8,TRUE,TRUE,NA,FALSE,focei,"r,s",1,1,1,0,TRUE,87.685,763.3804659843445,10.498916387557983,861.5643823719024,8.825,0.01024299539368679,3,1,
80,3,linCmt,focei,lbfgsb3c,92,ok,TRUE,TRUE,TRUE,TRUE,-4480.191186606195,5.090057668722857,native,8,TRUE,TRUE,NA,FALSE,focei,"r,s",1,1,0,1,FALSE,83.664,1154.3885288238525,9.42250108718872,1247.4750299110412,7.854000000000002,0.006295917602903906,3,1,
80,3,linCmt,focei,lbfgsb3c,93,ok,TRUE,TRUE,TRUE,TRUE,-4376.493276215238,2.93733622955597,native,8,TRUE,TRUE,NA,FALSE,focei,"r,s",1,1,1,0,TRUE,74.01,1093.3042726516724,10.098234415054321,1177.4125070667267,8.36,0.007100315267439416,3,1,
80,3,linCmt,focei,lbfgsb3c,94,ok,TRUE,TRUE,TRUE,TRUE,-4398.903489353396,2.733768780080078,native,8,TRUE,TRUE,NA,FALSE,focei,"r,s",1,1,1,0,TRUE,80.981,750.2682287693024,10.60572075843811,841.8549495277405,8.339,0.0099055068865224,3,1,
80,3,linCmt,focei,lbfgsb3c,95,ok,TRUE,TRUE,TRUE,TRUE,-4435.99149641219,4.851592192249034,native,8,TRUE,TRUE,NA,FALSE,focei,"r,s",1,1,1,0,TRUE,21.952,225.17175769805908,8.46498441696167,255.58874211502075,8.130999999999998,0.0318128252939281,3,1,
80,3,linCmt,focei,lbfgsb3c,96,ok,TRUE,TRUE,TRUE,TRUE,-4396.484187285489,5.395205288829583,native,8,TRUE,TRUE,NA,FALSE,focei,"r,s",1,1,1,0,TRUE,70.995,1100.6548013687134,11.121828079223633,1182.771629447937,8.431999999999997,0.007129017800279556,3,1,
80,3,linCmt,focei,lbfgsb3c,97,ok,TRUE,TRUE,TRUE,TRUE,-4369.058424093055,5.470873468134052,native,8,TRUE,TRUE,NA,FALSE,focei,"r,s",1,1,1,0,TRUE,20.32,213.87402153015137,10.02950406074524,244.2235255908966,8.514,0.03486150639829007,3,1,
80,3,linCmt,focei,lbfgsb3c,98,ok,TRUE,TRUE,TRUE,TRUE,-4428.032230394975,4.329395438750585,native,8,TRUE,TRUE,NA,FALSE,focei,"r,s",1,1,1,0,TRUE,72.19800000000001,827.0093424320221,12.921107053756714,912.1284494857788,8.149000000000001,0.008934048712759785,3,1,
80,3,linCmt,focei,lbfgsb3c,99,ok,TRUE,TRUE,TRUE,TRUE,-4394.583548314944,6.252689380923827,native,8,TRUE,TRUE,NA,FALSE,focei,"r,s",2,1,1,1,FALSE,18.923000000000002,325.0488600730896,10.95581340789795,354.92767348098755,9.859999999999998,0.027780307754808442,3,1,
80,3,linCmt,focei,lbfgsb3c,100,ok,TRUE,TRUE,TRUE,TRUE,-4363.634201869651,4.231376381389545,native,8,TRUE,TRUE,NA,FALSE,focei,"r,s",1,1,1,0,TRUE,18.637999999999998,224.61855816841125,8.63766622543335,251.8942243938446,8.301,0.03295430857922778,3,1,
80,4,linCmt,focei,lbfgsb3c,1,ok,TRUE,TRUE,TRUE,TRUE,-4445.296732059985,7.251973191653206,native,8,TRUE,TRUE,NA,FALSE,focei,"r,s",2,2,2,0,TRUE,72.88,1162.0603349208832,13.383820295333862,1248.3241552162172,9.528000000000004,0.007632632886407376,3,1,
80,4,linCmt,focei,lbfgsb3c,2,ok,TRUE,TRUE,TRUE,TRUE,-4416.790376765531,8.591952022451801,native,8,TRUE,TRUE,NA,FALSE,focei,"r,s",2,2,2,0,TRUE,68.113,1461.6744787693024,14.750907897949219,1544.5383866672516,9.849,0.006376662493479241,3,1,
80,4,linCmt,focei,lbfgsb3c,3,ok,TRUE,TRUE,TRUE,TRUE,-4458.244168051317,6.4480892452295775,native,8,TRUE,TRUE,NA,FALSE,focei,"r,s",2,2,2,0,TRUE,66.945,1520.6445503234863,10.822914123535156,1598.4124644470214,9.165999999999997,0.005734439766878957,3,1,
80,4,linCmt,focei,lbfgsb3c,4,ok,TRUE,TRUE,TRUE,TRUE,-4421.4473048311165,13.040256744533758,native,8,TRUE,TRUE,NA,FALSE,focei,"r,s",2,2,2,0,TRUE,67.006,1454.4807496070862,11.624391794204712,1533.111141401291,9.999000000000002,0.006522032049718677,3,1,
80,4,linCmt,focei,lbfgsb3c,5,ok,TRUE,TRUE,TRUE,TRUE,-4496.05605975824,7.766688723809111,native,27,TRUE,TRUE,NA,FALSE,focei,"r,s",3,2,1,2,FALSE,68.928,1487.5650367736816,16.117044687271118,1572.6100814609526,12.573000000000006,0.007994988807600486,3,1,
80,4,linCmt,focei,lbfgsb3c,6,ok,TRUE,TRUE,TRUE,TRUE,-4494.151857685888,7.235467823406284,native,8,TRUE,TRUE,NA,FALSE,focei,"r,s",2,2,2,0,TRUE,66.995,1445.5893514156342,11.152241230010986,1523.736592645645,9.688999999999998,0.006358710584732435,3,1,
80,4,linCmt,focei,lbfgsb3c,7,ok,TRUE,TRUE,TRUE,TRUE,-4403.197021911435,7.476959998151467,native,8,TRUE,TRUE,NA,FALSE,focei,"r,s",2,2,2,0,TRUE,68.96100000000001,1793.4937756061554,14.679069757461548,1877.133845363617,9.527000000000001,0.00507529072768625,3,1,
80,4,linCmt,focei,lbfgsb3c,8,ok,TRUE,TRUE,TRUE,TRUE,-4450.565957047978,7.086464096955201,native,8,TRUE,TRUE,NA,FALSE,focei,"r,s",2,2,2,0,TRUE,61.40400000000001,1123.5713896751404,11.907047986984253,1196.8824376621246,9.386000000000001,0.007842040040568824,3,1,
80,4,linCmt,focei,lbfgsb3c,9,ok,TRUE,TRUE,TRUE,TRUE,-4424.453615237365,10.255916114431507,native,8,TRUE,TRUE,NA,FALSE,focei,"r,s",2,2,2,0,TRUE,68.504,1138.5870690345764,11.964919567108154,1219.0559886016845,9.797000000000002,0.008036546386386756,3,1,
80,4,linCmt,focei,lbfgsb3c,10,ok,TRUE,TRUE,TRUE,TRUE,-4439.534362751005,9.14543861166231,native,8,TRUE,TRUE,NA,FALSE,focei,"r,s",2,2,2,0,TRUE,65.10100000000001,1065.8847131729126,11.555999994277954,1142.5417131671907,9.965,0.008721782220428917,3,1,
80,4,linCmt,focei,lbfgsb3c,11,ok,TRUE,TRUE,TRUE,TRUE,-4427.439294508995,13.78244131089162,native,8,TRUE,TRUE,NA,FALSE,focei,"r,s",2,2,2,0,TRUE,67.64,1147.0602269172668,11.953659772872925,1226.6538866901399,9.548000000000002,0.007783776747133793,3,1,
80,4,linCmt,focei,lbfgsb3c,12,ok,TRUE,TRUE,TRUE,TRUE,-4377.235192452029,7.7485324233068305,native,8,TRUE,TRUE,NA,FALSE,focei,"r,s",2,2,2,0,TRUE,69.284,1123.1169514656067,13.12041425704956,1205.5213657226564,9.92,0.008228804799368614,3,1,
80,4,linCmt,focei,lbfgsb3c,13,ok,TRUE,TRUE,TRUE,TRUE,-4431.558470227328,7.5224159417111425,native,8,TRUE,TRUE,NA,FALSE,focei,"r,s",2,2,2,0,TRUE,61.37899999999999,1176.9813313484192,10.454843759536743,1248.8151751079558,9.517,0.007620823473079023,3,1,
80,4,linCmt,focei,lbfgsb3c,14,ok,TRUE,TRUE,TRUE,TRUE,-4386.620682136285,7.38699630232611,native,8,TRUE,TRUE,NA,FALSE,focei,"r,s",2,2,2,0,TRUE,68.641,1132.0849578380585,13.65963363647461,1214.3855914745332,10.622000000000002,0.008746809970877982,3,1,
80,4,linCmt,focei,lbfgsb3c,15,ok,TRUE,TRUE,TRUE,TRUE,-4453.142625847326,8.845427211681715,native,8,TRUE,TRUE,NA,FALSE,focei,"r,s",2,2,2,0,TRUE,58.827999999999996,1472.0671305656433,13.06891417503357,1543.9640447406769,9.484,0.006142630090581498,3,1,
80,4,linCmt,focei,lbfgsb3c,16,ok,TRUE,TRUE,TRUE,TRUE,-4413.858740832854,5.910072829400482,native,8,TRUE,TRUE,NA,FALSE,focei,"r,s",1,2,1,0,FALSE,73.873,760.0561187267303,10.6474130153656,844.576531742096,8.421000000000001,0.009970677237064738,3,1,
80,4,linCmt,focei,lbfgsb3c,17,ok,TRUE,TRUE,TRUE,TRUE,-4479.177526032811,37.90801930881692,native,8,TRUE,TRUE,NA,FALSE,focei,"r,s",2,2,1,1,FALSE,57.068999999999996,1087.8523271083832,10.89411735534668,1155.8154444637298,10.255999999999997,0.008873388955931915,3,1,
80,4,linCmt,focei,lbfgsb3c,18,ok,TRUE,TRUE,TRUE,TRUE,-4429.323086734877,7.839329311686903,native,8,TRUE,TRUE,NA,FALSE,focei,"r,s",2,2,2,0,TRUE,67.142,1138.3768837451935,12.854872941970825,1218.3737566871644,9.707,0.00796717751570253,3,1,
80,4,linCmt,focei,lbfgsb3c,19,ok,TRUE,TRUE,TRUE,TRUE,-4452.635243579987,9.738125485397267,native,8,TRUE,TRUE,NA,FALSE,focei,"r,s",2,2,2,0,TRUE,75.222,1157.650105714798,11.013119220733643,1243.8852249355316,9.966000000000001,0.008011993229131346,3,1,
80,4,linCmt,focei,lbfgsb3c,20,ok,TRUE,TRUE,TRUE,TRUE,-4372.415242407582,9.852798105130358,native,8,TRUE,TRUE,NA,FALSE,focei,"r,s",2,2,2,0,TRUE,78.216,1174.8386585712433,13.727934837341309,1266.7825934085845,9.583,0.007564833973771793,3,1,
80,4,linCmt,focei,lbfgsb3c,21,ok,TRUE,TRUE,TRUE,TRUE,-4477.924761117099,6.3750565388892655,native,8,TRUE,TRUE,NA,FALSE,focei,"r,s",2,2,2,0,TRUE,68.46499999999999,927.0361671447754,11.744077682495117,1007.2452448272705,9.461000000000002,0.00939294580797196,3,1,
80,4,linCmt,focei,lbfgsb3c,22,ok,TRUE,TRUE,TRUE,TRUE,-4389.677867028995,5.083359351283972,native,8,TRUE,TRUE,NA,FALSE,focei,"r,s",2,2,2,0,TRUE,62.922999999999995,1163.653361082077,13.288453578948975,1239.864814661026,10.004000000000003,0.008068621580115617,3,1,
80,4,linCmt,focei,lbfgsb3c,23,ok,TRUE,TRUE,TRUE,TRUE,-4495.631663680141,11.789231244575937,native,8,TRUE,TRUE,NA,FALSE,focei,"r,s",3,2,2,1,FALSE,60.175,1471.51509475708,14.301738500595093,1545.9918332576751,11.145000000000001,0.0072089643426612015,3,1,
80,4,linCmt,focei,lbfgsb3c,24,ok,TRUE,TRUE,TRUE,TRUE,-4459.1169692817075,12.847906312482738,native,8,TRUE,TRUE,NA,FALSE,focei,"r,s",2,2,2,0,TRUE,69.81700000000001,1155.3414125442505,10.199802875518799,1235.3582154197693,9.540000000000004,0.00772245643483931,3,1,
80,4,linCmt,focei,lbfgsb3c,25,ok,TRUE,TRUE,TRUE,TRUE,-4497.385872967148,10.470970238854427,native,8,TRUE,TRUE,NA,FALSE,focei,"r,s",2,2,2,0,TRUE,71.903,1131.6953704357147,12.341255187988281,1215.939625623703,9.597999999999995,0.007893484016590712,3,1,
80,4,linCmt,focei,lbfgsb3c,26,ok,TRUE,TRUE,TRUE,TRUE,-4454.6472595986625,6.984410261015142,native,8,TRUE,TRUE,NA,FALSE,focei,"r,s",2,2,2,0,TRUE,63.99600000000001,1533.2573969364166,10.816063642501831,1608.0694605789186,9.188000000000002,0.005713683534971334,3,1,
80,4,linCmt,focei,lbfgsb3c,27,ok,TRUE,TRUE,TRUE,TRUE,-4479.048297619517,10.938959308710007,native,8,TRUE,TRUE,NA,FALSE,focei,"r,s",2,2,2,0,TRUE,66.319,1553.2668800354004,10.398121118545532,1629.9840011539459,9.574000000000002,0.005873677283471553,3,1,
80,4,linCmt,focei,lbfgsb3c,28,ok,TRUE,TRUE,TRUE,TRUE,-4502.450110922841,12.178009835334732,native,8,TRUE,TRUE,NA,FALSE,focei,"r,s",2,2,2,0,TRUE,72.98599999999999,1869.2061350345612,12.733457803726196,1954.9255928382872,9.552000000000001,0.004886119469197695,3,1,
80,4,linCmt,focei,lbfgsb3c,29,ok,TRUE,TRUE,TRUE,TRUE,-4408.080737924916,12.696547174690926,native,8,TRUE,TRUE,NA,FALSE,focei,"r,s",2,2,2,0,TRUE,19.308,326.954820394516,10.18753695487976,356.45035734939574,9.844999999999999,0.027619554299814726,3,1,
80,4,linCmt,focei,lbfgsb3c,30,ok,TRUE,TRUE,TRUE,TRUE,-4434.359376841721,7.386313254355035,native,8,TRUE,TRUE,NA,FALSE,focei,"r,s",2,2,2,0,TRUE,72.702,1132.9218356609344,13.957120180130005,1219.5809558410645,9.604000000000003,0.007874835986904008,3,1,
80,4,linCmt,focei,lbfgsb3c,31,ok,TRUE,TRUE,TRUE,TRUE,-4465.115758677576,11.034073812095349,native,8,TRUE,TRUE,NA,FALSE,focei,"r,s",3,2,2,1,FALSE,65.37700000000001,1533.4589471817017,12.03994083404541,1610.875888015747,11.136999999999997,0.006913630083394189,3,1,
80,4,linCmt,focei,lbfgsb3c,32,ok,TRUE,TRUE,TRUE,TRUE,-4412.308445204755,5.810150605574502,native,8,TRUE,TRUE,NA,FALSE,focei,"r,s",2,2,1,1,FALSE,19.246000000000002,528.1177034378052,10.514748573303223,557.8784520111084,9.883000000000003,0.01771532842749627,3,1,
80,4,linCmt,focei,lbfgsb3c,33,ok,TRUE,TRUE,TRUE,TRUE,-4452.366783799799,9.725222625067177,native,8,TRUE,TRUE,NA,FALSE,focei,"r,s",2,2,1,1,FALSE,64.827,1178.4922306537628,11.71567177772522,1255.034902431488,9.302000000000003,0.007411746065371115,3,1,
80,4,linCmt,focei,lbfgsb3c,34,ok,TRUE,TRUE,TRUE,TRUE,-4466.176059263745,12.407643266088263,native,8,TRUE,TRUE,NA,FALSE,focei,"r,s",2,2,1,1,FALSE,68.674,1183.225965499878,10.259087324142456,1262.1590528240204,9.513000000000002,0.007537084948774975,3,1,
80,4,linCmt,focei,lbfgsb3c,35,ok,TRUE,TRUE,TRUE,TRUE,-4442.026895000144,10.508229010697004,native,8,TRUE,TRUE,NA,FALSE,focei,"r,s",2,2,2,0,TRUE,75.571,1164.6313478946686,13.692807674407959,1253.8951555690765,10.538000000000002,0.008404211431231955,3,1,
80,4,linCmt,focei,lbfgsb3c,36,ok,TRUE,TRUE,TRUE,TRUE,-4406.614564927393,11.187464419511736,native,8,TRUE,TRUE,NA,FALSE,focei,"r,s",2,2,1,1,FALSE,62.78000000000001,1185.774278640747,12.744690656661987,1261.298969297409,10.415000000000003,0.008257360271848592,3,1,
80,4,linCmt,focei,lbfgsb3c,37,ok,TRUE,TRUE,TRUE,TRUE,-4423.1691020829485,12.415690834925934,native,8,TRUE,TRUE,NA,FALSE,focei,"r,s",2,2,2,0,TRUE,82.63799999999999,1119.7570724487305,12.633190870285034,1215.0282633190154,9.437000000000001,0.007766897515800619,3,1,
80,4,linCmt,focei,lbfgsb3c,38,ok,TRUE,TRUE,TRUE,TRUE,-4410.591963245378,7.150031598119274,native,8,TRUE,TRUE,NA,FALSE,focei,"r,s",2,2,2,0,TRUE,74.07100000000001,1486.846069574356,15.266162395477295,1576.1832319698333,9.965999999999998,0.006322868939257145,3,1,
80,4,linCmt,focei,lbfgsb3c,39,ok,TRUE,TRUE,TRUE,TRUE,-4418.7513248055075,7.989466216449886,native,8,TRUE,TRUE,NA,FALSE,focei,"r,s",2,2,2,0,TRUE,70.906,1145.206377506256,13.083767890930176,1229.1961453971862,10.128000000000002,0.008239531207387064,3,1,
80,4,linCmt,focei,lbfgsb3c,40,ok,TRUE,TRUE,TRUE,TRUE,-4436.44908014929,8.354669453753997,native,8,TRUE,TRUE,NA,FALSE,focei,"r,s",2,2,2,0,TRUE,63.681000000000004,1820.3612093925476,12.979743480682373,1897.02195287323,9.806,0.005169154729679237,3,1,
80,4,linCmt,focei,lbfgsb3c,41,ok,TRUE,TRUE,TRUE,TRUE,-4465.924605561661,7.523092819657694,native,8,TRUE,TRUE,NA,FALSE,focei,"r,s",2,2,2,0,TRUE,64.31,1090.9224269390106,14.420170307159424,1169.65259724617,9.727,0.00831614448845858,3,1,
80,4,linCmt,focei,lbfgsb3c,42,ok,TRUE,TRUE,TRUE,TRUE,-4460.335760426174,8.92558874719225,native,8,TRUE,TRUE,NA,FALSE,focei,"r,s",2,2,1,1,FALSE,59.769999999999996,1179.5952460765839,13.145512104034424,1252.5107581806183,10.096,0.0080606094071921,3,1,
80,4,linCmt,focei,lbfgsb3c,43,ok,TRUE,TRUE,TRUE,TRUE,-4454.718779276049,11.430688244075597,native,8,TRUE,TRUE,NA,FALSE,focei,"r,s",2,2,2,0,TRUE,70.679,1478.0785269737244,12.250828742980957,1561.0083557167054,9.711000000000004,0.006220978872045432,3,1,
80,4,linCmt,focei,lbfgsb3c,44,ok,TRUE,TRUE,TRUE,TRUE,-4459.47429855452,9.264917046480656,native,8,TRUE,TRUE,NA,FALSE,focei,"r,s",2,2,2,0,TRUE,68.20100000000001,1111.3971915245056,11.060606241226196,1190.6587977657318,9.753999999999996,0.008192103412248204,3,1,
80,4,linCmt,focei,lbfgsb3c,45,ok,TRUE,TRUE,TRUE,TRUE,-4420.681008459469,8.707581159328692,native,8,TRUE,TRUE,NA,FALSE,focei,"r,s",2,2,2,0,TRUE,65.194,1171.3173644542694,11.607938528060913,1248.1193029823303,9.807999999999998,0.007858223149473115,3,1,
80,4,linCmt,focei,lbfgsb3c,46,ok,TRUE,TRUE,TRUE,TRUE,-4467.2493449701915,9.51796781262159,native,8,TRUE,TRUE,NA,FALSE,focei,"r,s",2,2,2,0,TRUE,69.183,1147.1388409137726,13.562462568283081,1229.8843034820557,9.738999999999997,0.007918631022793676,3,1,
80,4,linCmt,focei,lbfgsb3c,47,ok,TRUE,TRUE,TRUE,TRUE,-4419.483922957654,7.374175673024307,native,8,TRUE,TRUE,NA,FALSE,focei,"r,s",2,2,2,0,TRUE,74.653,1178.5155010223389,13.119444847106934,1266.2879458694458,9.603000000000003,0.0075835832057980215,3,1,
80,4,linCmt,focei,lbfgsb3c,48,ok,TRUE,TRUE,TRUE,TRUE,-4421.393220881064,8.686087860919809,native,8,TRUE,TRUE,NA,FALSE,focei,"r,s",2,2,1,1,FALSE,73.187,1135.5031616687775,16.30832552909851,1224.9984871978759,9.725999999999996,0.007939601641670386,3,1,
80,4,linCmt,focei,lbfgsb3c,49,ok,TRUE,TRUE,TRUE,TRUE,-4500.48577629909,9.293221296126449,native,8,TRUE,TRUE,NA,FALSE,focei,"r,s",2,2,1,1,FALSE,77.70100000000001,1158.0323944091797,12.891517639160156,1248.6249120483399,9.418,0.007542697497961971,3,1,
80,4,linCmt,focei,lbfgsb3c,50,ok,TRUE,TRUE,TRUE,TRUE,-4367.83101441561,10.861198719714967,native,8,TRUE,TRUE,NA,FALSE,focei,"r,s",2,2,2,0,TRUE,81.50300000000001,1109.1841838359833,11.357976198196411,1202.0451600341796,10.384999999999998,0.008639442464628121,3,1,
80,4,linCmt,focei,lbfgsb3c,51,ok,TRUE,TRUE,TRUE,TRUE,-4450.566876203916,11.798342882022657,native,8,TRUE,TRUE,NA,FALSE,focei,"r,s",2,2,1,1,FALSE,18.94,328.30301332473755,9.916271209716797,357.15928453445434,9.556999999999999,0.026758369203413658,3,1,
80,4,linCmt,focei,lbfgsb3c,52,ok,TRUE,TRUE,TRUE,TRUE,-4456.157347789799,6.890814039074823,native,8,TRUE,TRUE,NA,FALSE,focei,"r,s",2,2,2,0,TRUE,73.47500000000001,1534.221740245819,11.722975015640259,1619.4197152614593,10.131,0.006255944585906394,3,1,
80,4,linCmt,focei,lbfgsb3c,53,ok,TRUE,TRUE,TRUE,TRUE,-4430.849536177334,8.249795675242993,native,8,TRUE,TRUE,NA,FALSE,focei,"r,s",2,2,2,0,TRUE,19.682,337.2948398590088,10.125505685806274,367.1023455448151,9.474,0.025807516936291092,3,1,
80,4,linCmt,focei,lbfgsb3c,54,ok,TRUE,TRUE,TRUE,TRUE,-4395.101812996294,10.354496919397128,native,8,TRUE,TRUE,NA,FALSE,focei,"r,s",2,2,2,0,TRUE,71.467,1141.5416896343231,13.8935227394104,1226.9022123737336,9.678,0.007888159221162061,3,1,
80,4,linCmt,focei,lbfgsb3c,55,ok,TRUE,TRUE,TRUE,TRUE,-4420.234878587769,9.660251463838996,native,8,TRUE,TRUE,NA,FALSE,focei,"r,s",2,2,2,0,TRUE,56.421,1254.3425323963165,11.151667833328247,1321.9152002296448,9.488999999999994,0.007178221415678972,3,1,
80,4,linCmt,focei,lbfgsb3c,56,ok,TRUE,TRUE,TRUE,TRUE,-4418.109947833494,9.852300162437333,native,8,TRUE,TRUE,NA,FALSE,focei,"r,s",2,2,1,1,FALSE,75.232,1092.318349123001,13.26159930229187,1180.811948425293,10.472999999999999,0.008869320821123619,3,1,
80,4,linCmt,focei,lbfgsb3c,57,ok,TRUE,TRUE,TRUE,TRUE,-4404.149932521461,8.91353445984247,native,8,TRUE,TRUE,NA,FALSE,focei,"r,s",2,2,2,0,TRUE,78.019,1163.208592414856,12.462019205093384,1253.6896116199493,9.821000000000002,0.007833677418216651,3,1,
80,4,linCmt,focei,lbfgsb3c,58,ok,TRUE,TRUE,TRUE,TRUE,-4472.879887100481,10.003991636770918,native,8,TRUE,TRUE,NA,FALSE,focei,"r,s",2,2,2,0,TRUE,21.173000000000002,329.42341780662537,11.495445728302002,362.09186353492737,10.850999999999999,0.02996753336036592,3,1,
80,4,linCmt,focei,lbfgsb3c,59,ok,TRUE,TRUE,TRUE,TRUE,-4464.028499070611,12.752667050246748,native,8,TRUE,TRUE,NA,FALSE,focei,"r,s",2,2,2,0,TRUE,71.995,1483.39679813385,13.615887641906738,1569.0076857757567,9.607999999999997,0.006123615637516499,3,1,
80,4,linCmt,focei,lbfgsb3c,60,ok,TRUE,TRUE,TRUE,TRUE,-4376.94297151176,9.533430006187551,native,8,TRUE,TRUE,NA,FALSE,focei,"r,s",2,2,2,0,TRUE,76.334,1142.5865767002106,13.224629163742065,1232.1452058639527,9.857000000000003,0.007999868808553691,3,1,
80,4,linCmt,focei,lbfgsb3c,61,ok,TRUE,TRUE,TRUE,TRUE,-4398.094177914878,8.177041840158674,native,8,TRUE,TRUE,NA,FALSE,focei,"r,s",2,2,2,0,TRUE,75.58800000000001,1160.7120389938354,13.190044641494751,1249.4900836353302,10.743,0.008597907370936285,3,1,
80,4,linCmt,focei,lbfgsb3c,62,ok,TRUE,TRUE,TRUE,TRUE,-4469.93960665439,6.110302728126424,native,8,TRUE,TRUE,NA,FALSE,focei,"r,s",2,2,2,0,TRUE,83.317,1457.5592381954193,14.386507272720337,1555.2627454681397,9.526000000000002,0.006125010084474596,3,1,
80,4,linCmt,focei,lbfgsb3c,63,ok,TRUE,TRUE,TRUE,TRUE,-4430.665944749406,7.092193495175232,native,8,TRUE,TRUE,NA,FALSE,focei,"r,s",2,2,2,0,TRUE,77.57900000000001,1526.621640920639,12.576061964035034,1616.776702884674,9.810000000000004,0.006067628252248362,3,1,
80,4,linCmt,focei,lbfgsb3c,64,ok,TRUE,TRUE,TRUE,TRUE,-4402.381602123278,7.557056481503862,native,8,TRUE,TRUE,NA,FALSE,focei,"r,s",2,2,2,0,TRUE,67.28699999999999,1476.35684800148,12.582085609436035,1556.2259336109162,9.813000000000002,0.006305639681271001,3,1,
80,4,linCmt,focei,lbfgsb3c,65,ok,TRUE,TRUE,TRUE,TRUE,-4434.655068375439,7.413411507992353,native,8,TRUE,TRUE,NA,FALSE,focei,"r,s",2,2,2,0,TRUE,71.208,1146.0082614421844,11.353542804718018,1228.5698042469025,9.472999999999999,0.007710591589711767,3,1,
80,4,linCmt,focei,lbfgsb3c,66,ok,TRUE,TRUE,TRUE,TRUE,-4446.184302975359,8.713829265540099,native,8,TRUE,TRUE,NA,FALSE,focei,"r,s",2,2,2,0,TRUE,66.99,1505.3271989822388,10.834551572799683,1583.1517505550385,9.264,0.005851618454612532,3,1,
80,4,linCmt,focei,lbfgsb3c,67,ok,TRUE,TRUE,TRUE,TRUE,-4492.024591424474,14.17662281031404,native,8,TRUE,TRUE,NA,FALSE,focei,"r,s",2,2,2,0,TRUE,71.035,1545.716722726822,11.489747524261475,1628.2414702510835,9.655000000000006,0.005929710166705897,3,1,
80,4,linCmt,focei,lbfgsb3c,68,ok,TRUE,TRUE,TRUE,TRUE,-4388.351243835284,6.384055272767521,native,8,TRUE,TRUE,NA,FALSE,focei,"r,s",2,2,2,0,TRUE,80.46300000000001,1156.9944729804993,11.530686378479004,1248.9881593589782,9.789000000000003,0.007837544276659949,3,1,
80,4,linCmt,focei,lbfgsb3c,69,ok,TRUE,TRUE,TRUE,TRUE,-4396.669517430473,9.255158797260808,native,8,TRUE,TRUE,NA,FALSE,focei,"r,s",2,2,2,0,TRUE,66.12700000000001,1144.2834100723267,12.839843988418579,1223.2502540607452,9.734,0.007957488639537711,3,1,
80,4,linCmt,focei,lbfgsb3c,70,ok,TRUE,TRUE,TRUE,TRUE,-4436.327683161141,11.626550245783008,native,8,TRUE,TRUE,NA,FALSE,focei,"r,s",2,2,2,0,TRUE,77.76100000000001,1203.0376861095428,13.677906513214111,1294.476592622757,10.373999999999999,0.008014049894081974,3,1,
80,4,linCmt,focei,lbfgsb3c,71,ok,TRUE,TRUE,TRUE,TRUE,-4428.486837908251,9.656942247154214,native,8,TRUE,TRUE,NA,FALSE,focei,"r,s",2,2,2,0,TRUE,83.747,1142.7348868846893,12.434015989303589,1238.915902873993,9.697,0.007827004219983974,3,1,
80,4,linCmt,focei,lbfgsb3c,72,ok,TRUE,TRUE,TRUE,TRUE,-4407.429844136777,7.377386316952993,native,8,TRUE,TRUE,NA,FALSE,focei,"r,s",2,2,2,0,TRUE,73.002,1138.3082909584045,12.606828927993774,1223.9171198863983,9.728,0.0079482506143087,3,1,
80,4,linCmt,focei,lbfgsb3c,73,ok,TRUE,TRUE,TRUE,TRUE,-4450.716160427651,11.3378162177356,native,8,TRUE,TRUE,NA,FALSE,focei,"r,s",2,2,2,0,TRUE,65.755,1137.9334273338318,11.479958534240723,1215.1683858680726,9.95,0.008188165620266755,3,1,
80,4,linCmt,focei,lbfgsb3c,74,ok,TRUE,TRUE,TRUE,TRUE,-4462.283303489924,15.638633801955097,native,8,TRUE,TRUE,NA,FALSE,focei,"r,s",2,2,2,0,TRUE,70.27000000000001,1497.660026550293,13.799665689468384,1581.7296922397613,10.268999999999997,0.006492259739689709,3,1,
80,4,linCmt,focei,lbfgsb3c,75,ok,TRUE,TRUE,TRUE,TRUE,-4377.474621736505,8.30212997839266,native,8,TRUE,TRUE,NA,FALSE,focei,"r,s",2,2,2,0,TRUE,62.163,1119.976667881012,14.333223819732666,1196.4728917007446,9.220000000000002,0.0077059831977422345,3,1,
80,4,linCmt,focei,lbfgsb3c,76,ok,TRUE,TRUE,TRUE,TRUE,-4485.35422569718,9.93064828466672,native,8,TRUE,TRUE,NA,FALSE,focei,"r,s",2,2,1,1,FALSE,70.217,1163.0381484031677,13.260589599609375,1246.5157380027772,9.145000000000003,0.007336449690280307,3,1,
80,4,linCmt,focei,lbfgsb3c,77,ok,TRUE,TRUE,TRUE,TRUE,-4446.906163090922,10.781723379469856,native,8,TRUE,TRUE,NA,FALSE,focei,"r,s",2,2,2,0,TRUE,56.967999999999996,1443.02774643898,13.61759614944458,1513.6133425884248,9.8,0.006474572946906676,3,1,
80,4,linCmt,focei,lbfgsb3c,78,ok,TRUE,TRUE,TRUE,TRUE,-4456.660345073685,4.092921482899842,native,8,TRUE,TRUE,NA,FALSE,focei,"r,s",1,2,1,0,FALSE,81.87200000000001,1123.2379009723663,9.928327083587646,1215.038228055954,8.140999999999998,0.00670020071140107,3,1,
80,4,linCmt,focei,lbfgsb3c,79,ok,TRUE,TRUE,TRUE,TRUE,-4473.446128056957,16.915199563690603,native,27,TRUE,TRUE,NA,FALSE,focei,"r,s",2,2,2,0,TRUE,62.22400000000001,1513.7256789207458,11.635649681091309,1587.585328601837,10.185999999999996,0.006416033089050184,3,1,
80,4,linCmt,focei,lbfgsb3c,80,ok,TRUE,TRUE,TRUE,TRUE,-4443.610527617168,11.468736209971196,native,27,TRUE,TRUE,NA,FALSE,focei,"r,s",2,2,2,0,TRUE,73.99,1129.844545841217,16.380440711975098,1220.2149865531921,9.908999999999997,0.008120700130056991,3,1,
80,4,linCmt,focei,lbfgsb3c,81,ok,TRUE,TRUE,TRUE,TRUE,-4444.698308665835,7.969388797130227,native,8,TRUE,TRUE,NA,FALSE,focei,"r,s",2,2,2,0,TRUE,79.00200000000001,1113.4623296260834,11.76095724105835,1204.2252868671417,10.162999999999998,0.00843945074965134,3,1,
80,4,linCmt,focei,lbfgsb3c,82,ok,TRUE,TRUE,TRUE,TRUE,-4427.23175641838,9.389186117261229,native,8,TRUE,TRUE,NA,FALSE,focei,"r,s",2,2,2,0,TRUE,81.648,1140.9090819358826,11.867219924926758,1234.4243018608092,9.893999999999998,0.00801507227708129,3,1,
80,4,linCmt,focei,lbfgsb3c,83,ok,TRUE,TRUE,TRUE,TRUE,-4431.612623052765,8.463290307692175,native,8,TRUE,TRUE,NA,FALSE,focei,"r,s",2,2,2,0,TRUE,74.36800000000001,1198.3141210079193,14.36557388305664,1287.047694890976,11.435,0.00888467462813695,3,1,
80,4,linCmt,focei,lbfgsb3c,84,ok,TRUE,TRUE,TRUE,TRUE,-4500.756459132853,10.584542064672537,native,8,TRUE,TRUE,NA,FALSE,focei,"r,s",2,2,2,0,TRUE,66.883,1159.2773761749268,13.04878544807434,1239.2091616230011,9.099,0.007342586128142383,3,1,
80,4,linCmt,focei,lbfgsb3c,85,ok,TRUE,TRUE,TRUE,TRUE,-4462.372548776911,7.655632013285626,native,8,TRUE,TRUE,NA,FALSE,focei,"r,s",2,2,2,0,TRUE,68.885,1521.7972376346588,14.898015975952148,1605.580253610611,9.471999999999998,0.005899424820839363,3,1,
80,4,linCmt,focei,lbfgsb3c,86,ok,TRUE,TRUE,TRUE,TRUE,-4435.86808947866,10.060479022764905,native,8,TRUE,TRUE,NA,FALSE,focei,"r,s",3,2,1,2,FALSE,70.281,1909.3628334999084,12.648167133331299,1992.2920006332397,11.123000000000005,0.005583016945540421,3,1,
80,4,linCmt,focei,lbfgsb3c,87,ok,TRUE,TRUE,TRUE,TRUE,-4411.252710165095,7.496265801479046,native,8,TRUE,TRUE,NA,FALSE,focei,"r,s",1,2,0,1,FALSE,69.816,826.0239970684052,10.057271718978882,905.8972687873841,8.296000000000001,0.009157771290231242,3,1,
80,4,linCmt,focei,lbfgsb3c,88,ok,TRUE,TRUE,TRUE,TRUE,-4401.8021496720385,3.3840022223510515,native,8,TRUE,TRUE,NA,FALSE,focei,"r,s",0,2,0,0,FALSE,18.629,219.8974266052246,7.662945032119751,246.18937163734435,6.967,0.028299353272906193,3,1,
80,4,linCmt,focei,lbfgsb3c,89,ok,TRUE,TRUE,TRUE,TRUE,-4472.179228613918,10.838743266776113,native,8,TRUE,TRUE,NA,FALSE,focei,"r,s",2,2,1,1,FALSE,90.46400000000001,1842.2407684326172,12.341073513031006,1945.0458419456481,9.846999999999998,0.005062605614554539,3,1,
80,4,linCmt,focei,lbfgsb3c,90,ok,TRUE,TRUE,TRUE,TRUE,-4450.9216474828345,9.112173662550083,native,8,TRUE,TRUE,NA,FALSE,focei,"r,s",2,2,1,1,FALSE,75.305,1122.5661787986755,14.36725664138794,1212.2384354400635,9.745,0.008038847569176765,3,1,
80,4,linCmt,focei,lbfgsb3c,91,ok,TRUE,TRUE,TRUE,TRUE,-4441.7067033717885,12.925190158664018,native,8,TRUE,TRUE,NA,FALSE,focei,"r,s",2,2,2,0,TRUE,68.527,1166.2800250053406,12.81134843826294,1247.6183734436036,9.595000000000002,0.007690653010757161,3,1,
80,4,linCmt,focei,lbfgsb3c,92,ok,TRUE,TRUE,TRUE,TRUE,-4410.086215327778,7.514634093723816,native,8,TRUE,TRUE,NA,FALSE,focei,"r,s",2,2,2,0,TRUE,71.19800000000001,1155.9095392227173,10.861197471618652,1237.968736694336,9.878999999999996,0.007980007658658021,3,1,
80,4,linCmt,focei,lbfgsb3c,93,ok,TRUE,TRUE,TRUE,TRUE,-4368.890858118043,19.129887744291224,native,8,TRUE,TRUE,NA,FALSE,focei,"r,s",4,2,1,3,FALSE,71.35900000000001,1736.765867948532,17.247575759887695,1825.3724437084197,13.115000000000002,0.007184835097737981,3,1,
80,4,linCmt,focei,lbfgsb3c,94,ok,TRUE,TRUE,TRUE,TRUE,-4470.429194213875,7.862638304819803,native,8,TRUE,TRUE,NA,FALSE,focei,"r,s",2,2,1,1,FALSE,80.063,1162.9822330474854,12.591018438339233,1255.6362514858247,9.306000000000003,0.007411382069439289,3,1,
80,4,linCmt,focei,lbfgsb3c,95,ok,TRUE,TRUE,TRUE,TRUE,-4322.73480945626,5.237977852785918,native,8,TRUE,TRUE,NA,FALSE,focei,"r,s",1,2,1,0,FALSE,72.94200000000001,1520.9544594287872,9.286852359771729,1603.183311788559,8.128,0.005069913053755632,3,1,
80,4,linCmt,focei,lbfgsb3c,96,ok,TRUE,TRUE,TRUE,TRUE,-4463.771980657301,15.793715306701039,native,8,TRUE,TRUE,NA,FALSE,focei,"r,s",3,2,2,1,FALSE,73.472,1532.8789534568787,12.975493907928467,1619.326447364807,11.181000000000001,0.00690472265070164,3,1,
80,4,linCmt,focei,lbfgsb3c,97,ok,TRUE,TRUE,TRUE,TRUE,-4489.8741936781025,8.731380550369837,native,8,TRUE,TRUE,NA,FALSE,focei,"r,s",2,2,1,1,FALSE,80.531,1160.3340747356415,13.0382239818573,1253.9032987174987,9.539,0.00760744469669755,3,1,
80,4,linCmt,focei,lbfgsb3c,98,ok,TRUE,TRUE,TRUE,TRUE,-4410.473004165435,8.935984948814994,native,8,TRUE,TRUE,NA,FALSE,focei,"r,s",2,2,2,0,TRUE,61.72800000000001,1501.7788722515106,11.485879898071289,1574.992752149582,10.170000000000002,0.00645717257182281,3,1,
80,4,linCmt,focei,lbfgsb3c,99,ok,TRUE,TRUE,TRUE,TRUE,-4391.02620863089,4.401726753817396,native,8,TRUE,TRUE,NA,FALSE,focei,"r,s",2,2,2,0,TRUE,73.673,1537.8243353366852,12.34648084640503,1623.8438161830902,9.645000000000003,0.005939610634889112,3,1,
80,4,linCmt,focei,lbfgsb3c,100,ok,TRUE,TRUE,TRUE,TRUE,-4440.835657971926,10.832700596041166,native,8,TRUE,TRUE,NA,FALSE,focei,"r,s",2,2,2,0,TRUE,21.605,432.4721429347992,9.990606784820557,464.06774971961977,9.618999999999998,0.02072757696653474,3,1,
80,5,linCmt,focei,lbfgsb3c,1,ok,TRUE,TRUE,TRUE,TRUE,-4369.875222202871,1.9102734428466008,native,8,TRUE,TRUE,NA,FALSE,focei,"r,s",1,1,1,0,TRUE,67.162,826.3395228385925,10.505871057510376,904.0073938961029,8.910999999999998,0.009857220261877785,3,1,
80,5,linCmt,focei,lbfgsb3c,2,ok,TRUE,TRUE,TRUE,TRUE,-4451.870721051748,3.290171787876224,native,8,TRUE,TRUE,NA,FALSE,focei,"r,s",1,1,1,0,TRUE,62.47500000000001,622.0463285446167,12.995893716812134,697.5172222614289,8.018,0.011495056672586159,3,1,
80,5,linCmt,focei,lbfgsb3c,3,ok,TRUE,TRUE,TRUE,TRUE,-4403.698696094697,3.1569458883823582,native,8,TRUE,TRUE,NA,FALSE,focei,"r,s",1,1,1,0,TRUE,70.417,781.4087483882904,9.871516942977905,861.6972653312683,8.284,0.009613585110793318,3,1,
80,5,linCmt,focei,lbfgsb3c,4,ok,TRUE,TRUE,TRUE,TRUE,-4493.371366662666,4.124636383018701,native,8,TRUE,TRUE,NA,FALSE,focei,"r,s",2,1,1,1,FALSE,71.98599999999999,1441.8122990131378,10.989914417266846,1524.7882134304045,9.745999999999999,0.006391707329684728,3,1,
80,5,linCmt,focei,lbfgsb3c,5,ok,TRUE,TRUE,TRUE,TRUE,-4454.606723816779,5.215580193134629,native,8,TRUE,TRUE,NA,FALSE,focei,"r,s",2,1,1,1,FALSE,66.916,1097.3239362239838,14.296597719192505,1178.5365339431762,9.931000000000003,0.008426552519990723,3,1,
80,5,linCmt,focei,lbfgsb3c,6,ok,TRUE,TRUE,TRUE,TRUE,-4448.310993721375,3.958408747991703,native,8,TRUE,TRUE,NA,FALSE,focei,"r,s",1,1,1,0,TRUE,68.343,781.4117901325226,9.287006855010986,859.0417969875335,8.151000000000002,0.009488478940819558,3,1,
80,5,linCmt,focei,lbfgsb3c,7,ok,TRUE,TRUE,TRUE,TRUE,-4446.14720951829,2.663794972223923,native,8,TRUE,TRUE,NA,FALSE,focei,"r,s",1,1,1,0,TRUE,82.194,1162.0179586410522,10.67908787727356,1254.8910465183258,8.351000000000003,0.006654761003490871,3,1,
80,5,linCmt,focei,lbfgsb3c,8,ok,TRUE,TRUE,TRUE,TRUE,-4434.572075331042,2.4649370337434036,native,8,TRUE,TRUE,NA,FALSE,focei,"r,s",1,1,1,0,TRUE,68.346,799.3182120323181,9.30260705947876,876.9668190917969,7.890000000000001,0.008996919641921038,3,1,
80,5,linCmt,focei,lbfgsb3c,9,ok,TRUE,TRUE,TRUE,TRUE,-4480.400332840511,3.0902836724720797,native,8,TRUE,TRUE,NA,FALSE,focei,"r,s",1,1,0,1,FALSE,69.138,823.4758472442627,10.400148153305054,903.0139953975678,8.111000000000002,0.008982142072370641,3,1,
80,5,linCmt,focei,lbfgsb3c,10,ok,TRUE,TRUE,TRUE,TRUE,-4457.008002729517,3.9815734934378515,native,8,TRUE,TRUE,NA,FALSE,focei,"r,s",1,1,0,1,FALSE,61.861000000000004,818.427939414978,10.271450281143188,890.5603896961212,8.179,0.009184104856483516,3,1,
80,5,linCmt,focei,lbfgsb3c,11,ok,TRUE,TRUE,TRUE,TRUE,-4522.175982095215,4.473165805049575,native,8,TRUE,TRUE,NA,FALSE,focei,"r,s",1,1,0,1,FALSE,21.092,223.05855870246887,8.066588878631592,252.21714758110045,7.735000000000001,0.030668017913067593,3,1,
80,5,linCmt,focei,lbfgsb3c,12,ok,TRUE,TRUE,TRUE,TRUE,-4412.007164378062,2.8877341706665938,native,8,TRUE,TRUE,NA,FALSE,focei,"r,s",1,1,1,0,TRUE,55.443000000000005,1216.9957053661346,9.675965070724487,1282.1146704368591,8.511999999999997,0.006639031746746705,3,1,
80,5,linCmt,focei,lbfgsb3c,13,ok,TRUE,TRUE,TRUE,TRUE,-4411.372376017316,5.641214788290195,native,8,TRUE,TRUE,NA,FALSE,focei,"r,s",1,1,0,1,FALSE,77.64,777.3417134284973,11.07912564277649,866.0608390712738,8.438999999999997,0.00974411914184876,3,1,
80,5,linCmt,focei,lbfgsb3c,14,ok,TRUE,TRUE,TRUE,TRUE,-4425.114069846885,4.30499735493706,native,8,TRUE,TRUE,NA,FALSE,focei,"r,s",1,1,1,0,TRUE,78.792,1168.8200023174286,10.62618637084961,1258.2381886882781,8.493000000000002,0.0067499143455930334,3,1,
80,5,linCmt,focei,lbfgsb3c,15,ok,TRUE,TRUE,TRUE,TRUE,-4516.16435339347,3.9855119314505396,native,8,TRUE,TRUE,NA,FALSE,focei,"r,s",1,1,1,0,TRUE,18.607,227.50731253623962,8.70815634727478,254.8224688835144,8.406,0.03298767191460887,3,1,
80,5,linCmt,focei,lbfgsb3c,16,ok,TRUE,TRUE,TRUE,TRUE,-4445.211406140964,2.910414008948949,native,8,TRUE,TRUE,NA,FALSE,focei,"r,s",1,1,1,0,TRUE,70.956,816.2211258411407,13.346560955047607,900.5236867961884,8.637999999999996,0.00959219632604178,3,1,
80,5,linCmt,focei,lbfgsb3c,17,ok,TRUE,TRUE,TRUE,TRUE,-4460.856780569307,2.7683159337804084,native,8,TRUE,TRUE,NA,FALSE,focei,"r,s",1,1,1,0,TRUE,66.604,806.5274028778076,10.28885269165039,883.420255569458,8.437000000000001,0.009550380973052807,3,1,
80,5,linCmt,focei,lbfgsb3c,18,ok,TRUE,TRUE,TRUE,TRUE,-4416.401859325391,3.131268328904037,native,8,TRUE,TRUE,NA,FALSE,focei,"r,s",1,1,1,0,TRUE,73.829,802.4056434631348,10.753173828125,886.9878172912597,8.712000000000002,0.009822006379529841,3,1,
80,5,linCmt,focei,lbfgsb3c,19,ok,TRUE,TRUE,TRUE,TRUE,-4505.713806207507,3.1000067823270974,native,8,TRUE,TRUE,NA,FALSE,focei,"r,s",1,1,1,0,TRUE,60.289,770.0203018188477,9.174290895462036,839.4835927143097,8.167,0.009728599904607506,3,1,
80,5,linCmt,focei,lbfgsb3c,20,ok,TRUE,TRUE,TRUE,TRUE,-4451.354404758784,5.107857358199076,native,27,TRUE,TRUE,NA,FALSE,focei,"r,s",1,1,1,0,TRUE,70.928,857.6629798412323,10.969937324523926,939.5609171657562,9.174,0.009764135387489232,3,1,
80,5,linCmt,focei,lbfgsb3c,21,ok,TRUE,TRUE,TRUE,TRUE,-4448.606938182611,2.759553684293127,native,8,TRUE,TRUE,NA,FALSE,focei,"r,s",1,1,1,0,TRUE,86.982,1075.7164225578308,10.225786209106445,1172.9242087669372,8.544,0.007284358133405799,3,1,
80,5,linCmt,focei,lbfgsb3c,22,ok,TRUE,TRUE,TRUE,TRUE,-4414.480542005337,2.4653844077010576,native,8,TRUE,TRUE,NA,FALSE,focei,"r,s",1,1,1,0,TRUE,81.52000000000001,778.7605772018433,10.837334394454956,871.1179115962982,8.642999999999999,0.009921733768694933,3,1,
80,5,linCmt,focei,lbfgsb3c,23,ok,TRUE,TRUE,TRUE,TRUE,-4497.100152263888,4.128675104397482,native,8,TRUE,TRUE,NA,FALSE,focei,"r,s",2,1,1,1,FALSE,69.14699999999999,1082.6329555511475,11.547806739807129,1163.3277622909545,10.178999999999998,0.008749898635578316,3,1,
80,5,linCmt,focei,lbfgsb3c,24,ok,TRUE,TRUE,TRUE,TRUE,-4472.391653083856,2.8389161887832146,native,8,TRUE,TRUE,NA,FALSE,focei,"r,s",1,1,1,0,TRUE,72.39099999999999,1094.7611258029938,15.715151071548462,1182.8672768745423,8.823000000000002,0.007458994066783868,3,1,
80,5,linCmt,focei,lbfgsb3c,25,ok,TRUE,TRUE,TRUE,TRUE,-4494.536873893147,4.617864702355696,native,8,TRUE,TRUE,NA,FALSE,focei,"r,s",2,1,1,1,FALSE,21.248,322.1728301048279,10.628736972808838,354.0495670776367,10.292,0.029069376033845424,3,1,
80,5,linCmt,focei,lbfgsb3c,26,ok,TRUE,TRUE,TRUE,TRUE,-4436.243258422773,2.934751828003614,native,27,TRUE,TRUE,NA,FALSE,focei,"r,s",2,1,1,1,FALSE,76.624,1074.4861268997192,13.550615310668945,1164.6607422103882,10.656999999999998,0.009150304130432245,3,1,
80,5,linCmt,focei,lbfgsb3c,27,ok,TRUE,TRUE,TRUE,TRUE,-4379.442917449212,4.2798813286250565,native,27,TRUE,TRUE,NA,FALSE,focei,"r,s",1,1,1,0,TRUE,73.14099999999999,794.8949074745178,10.71094560623169,878.7468530807495,8.381,0.00953744525015085,3,1,
80,5,linCmt,focei,lbfgsb3c,28,ok,TRUE,TRUE,TRUE,TRUE,-4416.19827298427,4.434011294737854,native,27,TRUE,TRUE,NA,FALSE,focei,"r,s",2,1,1,1,FALSE,83.31200000000001,1071.3396441936493,15.382487058639526,1170.0341312522887,12.163999999999996,0.010396277916252626,3,1,
80,5,linCmt,focei,lbfgsb3c,29,ok,TRUE,TRUE,TRUE,TRUE,-4435.273873958532,2.4063349563591454,native,8,TRUE,TRUE,NA,FALSE,focei,"r,s",1,1,1,0,TRUE,68.202,786.4026432037354,10.608160257339478,865.2128034610748,8.358999999999998,0.009661207007757903,3,1,
80,5,linCmt,focei,lbfgsb3c,30,ok,TRUE,TRUE,TRUE,TRUE,-4445.178973987675,3.0659829664868825,native,8,TRUE,TRUE,NA,FALSE,focei,"r,s",1,1,1,0,TRUE,17.683,219.40506887435913,8.5970458984375,245.68511477279662,8.346,0.03397031198946737,3,1,
80,5,linCmt,focei,lbfgsb3c,31,ok,TRUE,TRUE,TRUE,TRUE,-4444.797356296485,2.8904944929875844,native,8,TRUE,TRUE,NA,FALSE,focei,"r,s",1,1,1,0,TRUE,72.56,781.6738035678864,12.953508138656616,867.1873117065429,8.068,0.009303641659750459,3,1,
80,5,linCmt,focei,lbfgsb3c,32,ok,TRUE,TRUE,TRUE,TRUE,-4398.509137939,2.4696200969849547,native,8,TRUE,TRUE,NA,FALSE,focei,"r,s",1,1,0,1,FALSE,76.184,1113.109506368637,12.025215148925781,1201.3187215175628,9.557,0.007955424175798363,3,1,
80,5,linCmt,focei,lbfgsb3c,33,ok,TRUE,TRUE,TRUE,TRUE,-4458.7202869818,2.1838183182227833,native,8,TRUE,TRUE,NA,FALSE,focei,"r,s",1,1,1,0,TRUE,68.191,735.4311034679413,9.985890865325928,813.6079943332672,8.163,0.010033087256829856,3,1,
80,5,linCmt,focei,lbfgsb3c,34,ok,TRUE,TRUE,TRUE,TRUE,-4440.096810054411,6.797430451291405,native,27,TRUE,TRUE,NA,FALSE,focei,"r,s",2,1,1,1,FALSE,66.306,1514.9978935718536,13.235677242279053,1594.5395708141327,10.943999999999997,0.006863423272971683,3,1,
80,5,linCmt,focei,lbfgsb3c,35,ok,TRUE,TRUE,TRUE,TRUE,-4432.71156478927,3.105532787807612,native,8,TRUE,TRUE,NA,FALSE,focei,"r,s",1,1,1,0,TRUE,65.53,1169.4117181301117,10.734407186508179,1245.6761253166198,8.421999999999999,0.0067609869281707044,3,1,
80,5,linCmt,focei,lbfgsb3c,36,ok,TRUE,TRUE,TRUE,TRUE,-4429.450815760305,3.425768154021744,native,8,TRUE,TRUE,NA,FALSE,focei,"r,s",1,1,1,0,TRUE,63.708,775.4198577404022,11.535712718963623,850.6635704593658,7.707999999999998,0.009061161506937003,3,1,
80,5,linCmt,focei,lbfgsb3c,37,ok,TRUE,TRUE,TRUE,TRUE,-4445.92768693505,3.7733107089549964,native,8,TRUE,TRUE,NA,FALSE,focei,"r,s",1,1,1,0,TRUE,79.47200000000001,1061.1872684955597,9.616528987884521,1150.2757974834442,8.580000000000002,0.007459080699403739,3,1,
80,5,linCmt,focei,lbfgsb3c,38,ok,TRUE,TRUE,TRUE,TRUE,-4422.526362427494,3.7213408750464287,native,8,TRUE,TRUE,NA,FALSE,focei,"r,s",1,1,1,0,TRUE,81.229,1057.8092551231384,11.379018783569336,1150.4172739067078,8.402000000000005,0.007303436927253023,3,1,
80,5,linCmt,focei,lbfgsb3c,39,ok,TRUE,TRUE,TRUE,TRUE,-4445.595142251502,3.4390481037955887,native,8,TRUE,TRUE,NA,FALSE,focei,"r,s",1,1,1,0,TRUE,80.382,741.9589836597443,11.459475755691528,833.8004594154359,8.454,0.010139116505077204,3,1,
80,5,linCmt,focei,lbfgsb3c,40,ok,TRUE,TRUE,TRUE,TRUE,-4400.744432831979,5.4703478754037755,native,8,TRUE,TRUE,NA,FALSE,focei,"r,s",1,1,1,0,TRUE,54.532000000000004,631.1855585575104,12.025321245193481,697.7428798027039,8.696000000000002,0.012463043696639243,3,1,
80,5,linCmt,focei,lbfgsb3c,41,ok,TRUE,TRUE,TRUE,TRUE,-4404.2134858594645,2.5647961121510843,native,8,TRUE,TRUE,NA,FALSE,focei,"r,s",1,1,1,0,TRUE,73.046,1529.9078879356384,9.84397029876709,1612.7978582344056,7.9459999999999935,0.004926841860206088,3,1,
80,5,linCmt,focei,lbfgsb3c,42,ok,TRUE,TRUE,TRUE,TRUE,-4514.4174277237835,3.671968897663528,native,27,TRUE,TRUE,NA,FALSE,focei,"r,s",1,1,1,0,TRUE,71.28999999999999,793.2406992912292,13.018501043319702,877.5492003345489,9.018999999999998,0.010277486432170043,3,1,
80,5,linCmt,focei,lbfgsb3c,43,ok,TRUE,TRUE,TRUE,TRUE,-4446.692085174119,6.9995857879538255,native,8,TRUE,TRUE,NA,FALSE,focei,"r,s",2,1,1,1,FALSE,68.644,1426.652583360672,11.767512798309326,1507.0640961589813,9.659999999999997,0.0064098136400569895,3,1,
80,5,linCmt,focei,lbfgsb3c,44,ok,TRUE,TRUE,TRUE,TRUE,-4373.174454881202,3.3789832168441842,native,8,TRUE,TRUE,NA,FALSE,focei,"r,s",1,1,1,0,TRUE,52.229,653.6791636943817,9.136049032211304,715.0442127265931,8.22,0.011495792642885189,3,1,
80,5,linCmt,focei,lbfgsb3c,45,ok,TRUE,TRUE,TRUE,TRUE,-4496.859226152318,4.387006440835665,native,8,TRUE,TRUE,NA,FALSE,focei,"r,s",1,1,0,1,FALSE,89.131,799.5727663040161,14.381689548492432,903.0854558525085,8.657000000000002,0.00958602526914558,3,1,
80,5,linCmt,focei,lbfgsb3c,46,ok,TRUE,TRUE,TRUE,TRUE,-4487.247316486682,3.111095585064077,native,8,TRUE,TRUE,NA,FALSE,focei,"r,s",1,1,1,0,TRUE,44.321000000000005,650.9756717681885,8.767844915390015,704.0645166835785,8.010000000000002,0.011376798304976737,3,1,
80,5,linCmt,focei,lbfgsb3c,47,ok,TRUE,TRUE,TRUE,TRUE,-4408.5901122716905,3.2240748865495963,native,8,TRUE,TRUE,NA,FALSE,focei,"r,s",1,1,1,0,TRUE,67.73599999999999,827.4274439811707,12.126826524734497,907.2902705059051,8.235,0.009076477801760359,3,1,
80,5,linCmt,focei,lbfgsb3c,48,ok,TRUE,TRUE,TRUE,TRUE,-4450.194963476039,2.5049883472153964,native,8,TRUE,TRUE,NA,FALSE,focei,"r,s",1,1,1,0,TRUE,66.758,836.8877930641174,10.63838791847229,914.2841809825898,8.188,0.008955640019058714,3,1,
80,5,linCmt,focei,lbfgsb3c,49,ok,TRUE,TRUE,TRUE,TRUE,-4450.958913567858,2.81722957392939,native,8,TRUE,TRUE,NA,FALSE,focei,"r,s",1,1,1,0,TRUE,63.762,1171.04501247406,11.938155174255371,1246.7451676483154,8.054,0.006460021028348506,3,1,
80,5,linCmt,focei,lbfgsb3c,50,ok,TRUE,TRUE,TRUE,TRUE,-4417.668043292967,3.8973643365478545,native,8,TRUE,TRUE,NA,FALSE,focei,"r,s",1,1,1,0,TRUE,75.43900000000001,784.3557598590851,10.43712854385376,870.2318884029388,8.64,0.009928388186114674,3,1,
80,5,linCmt,focei,lbfgsb3c,51,ok,TRUE,TRUE,TRUE,TRUE,-4485.973735959739,3.0252969218323953,native,8,TRUE,TRUE,NA,FALSE,focei,"r,s",1,1,1,0,TRUE,16.97,218.15253114700317,8.341409683227539,243.4639408302307,8.023,0.0329535452874087,3,1,
80,5,linCmt,focei,lbfgsb3c,52,ok,TRUE,TRUE,TRUE,TRUE,-4411.617781651037,3.8384275065713096,native,8,TRUE,TRUE,NA,FALSE,focei,"r,s",1,1,1,0,TRUE,67.155,779.6516110897064,9.860254287719727,856.6668653774261,8.477999999999998,0.009896495758902502,3,1,
80,5,linCmt,focei,lbfgsb3c,53,ok,TRUE,TRUE,TRUE,TRUE,-4477.182319900505,3.1459394983940734,native,8,TRUE,TRUE,NA,FALSE,focei,"r,s",1,1,1,0,TRUE,63.38399999999999,1163.5141117572784,9.42366886138916,1236.3217806186676,8.012000000000002,0.006480513508377017,3,1,
80,5,linCmt,focei,lbfgsb3c,54,ok,TRUE,TRUE,TRUE,TRUE,-4457.163413533606,4.7645372976155205,native,8,TRUE,TRUE,NA,FALSE,focei,"r,s",1,1,1,0,TRUE,19.14,232.88705039024353,9.039307594299316,261.06635798454283,8.502999999999998,0.032570263229793256,3,1,
80,5,linCmt,focei,lbfgsb3c,55,ok,TRUE,TRUE,TRUE,TRUE,-4427.629025428213,2.3429626514283606,native,8,TRUE,TRUE,NA,FALSE,focei,"r,s",1,1,1,0,TRUE,18.634,236.85273051261902,8.87441897392273,264.36114948654176,8.344,0.03156288288277692,3,1,
80,5,linCmt,focei,lbfgsb3c,56,ok,TRUE,TRUE,TRUE,TRUE,-4401.164546977328,3.761747235344644,native,8,TRUE,TRUE,NA,FALSE,focei,"r,s",1,1,1,0,TRUE,72.843,765.1101605892181,9.866359949111938,847.81952053833,8.782,0.010358336635636551,3,1,
80,5,linCmt,focei,lbfgsb3c,57,ok,TRUE,TRUE,TRUE,TRUE,-4539.477533769544,2.7401275083806693,native,8,TRUE,TRUE,NA,FALSE,focei,"r,s",1,1,1,0,TRUE,66.632,801.8688359260559,11.790247440338135,880.2910833663941,8.108,0.00921058971652141,3,1,
80,5,linCmt,focei,lbfgsb3c,58,ok,TRUE,TRUE,TRUE,TRUE,-4484.523531600118,3.907762764324878,native,8,TRUE,TRUE,NA,FALSE,focei,"r,s",1,1,0,1,FALSE,73.065,1079.812950849533,10.037662029266357,1162.9156128787995,8.712,0.00749151520842809,3,1,
80,5,linCmt,focei,lbfgsb3c,59,ok,TRUE,TRUE,TRUE,TRUE,-4464.259440584858,4.36238233208748,native,8,TRUE,TRUE,NA,FALSE,focei,"r,s",1,1,1,0,TRUE,74.664,795.681174993515,9.57325005531311,879.9184250488281,8.035999999999998,0.009132664768957494,3,1,
80,5,linCmt,focei,lbfgsb3c,60,ok,TRUE,TRUE,TRUE,TRUE,-4452.40439797921,4.659906151635686,native,8,TRUE,TRUE,NA,FALSE,focei,"r,s",1,1,1,0,TRUE,20.832,309.901673078537,8.727695941925049,339.46136902046203,8.349,0.02459484572306883,3,1,
80,5,linCmt,focei,lbfgsb3c,61,ok,TRUE,TRUE,TRUE,TRUE,-4447.645293074285,3.431674995120464,native,8,TRUE,TRUE,NA,FALSE,focei,"r,s",1,1,1,0,TRUE,69.94300000000001,1138.0692932605743,10.036988258361816,1218.0492815189361,8.522999999999998,0.006997253829805323,3,1,
80,5,linCmt,focei,lbfgsb3c,62,ok,TRUE,TRUE,TRUE,TRUE,-4472.643467127103,2.86929424987002,native,8,TRUE,TRUE,NA,FALSE,focei,"r,s",1,1,1,0,TRUE,70.673,759.9188611507416,9.352155447006226,839.9440165977478,8.5,0.010119722067227584,3,1,
80,5,linCmt,focei,lbfgsb3c,63,ok,TRUE,TRUE,TRUE,TRUE,-4448.47853805673,3.295865274829174,native,8,TRUE,TRUE,NA,FALSE,focei,"r,s",1,1,1,0,TRUE,17.084000000000003,236.99968218803406,8.719285249710083,262.80296743774414,8.167,0.03107651363158483,3,1,
80,5,linCmt,focei,lbfgsb3c,64,ok,TRUE,TRUE,TRUE,TRUE,-4466.810622753158,2.703250146593483,native,8,TRUE,TRUE,NA,FALSE,focei,"r,s",1,1,0,1,FALSE,70.411,824.314689874649,13.177873373031616,907.9035632476807,8.088000000000001,0.008908435132767017,3,1,
80,5,linCmt,focei,lbfgsb3c,65,ok,TRUE,TRUE,TRUE,TRUE,-4501.760567773673,3.1904553193710696,native,27,TRUE,TRUE,NA,FALSE,focei,"r,s",1,1,1,0,TRUE,71.001,1094.608740568161,11.413273811340332,1177.0230143795013,8.724,0.007411919642539094,3,1,
80,5,linCmt,focei,lbfgsb3c,66,ok,TRUE,TRUE,TRUE,TRUE,-4444.113954101278,3.9077171132195887,native,8,TRUE,TRUE,NA,FALSE,focei,"r,s",1,1,1,0,TRUE,68.928,794.3403792381287,9.943940162658691,873.2123194007874,8.313999999999998,0.009521166634141398,3,1,
80,5,linCmt,focei,lbfgsb3c,67,ok,TRUE,TRUE,TRUE,TRUE,-4453.358194054368,3.6877175209963786,native,8,TRUE,TRUE,NA,FALSE,focei,"r,s",1,1,1,0,TRUE,76.32,784.0615270137787,9.77074384689331,870.1522708606719,8.616999999999997,0.009902864462419756,3,1,
80,5,linCmt,focei,lbfgsb3c,68,ok,TRUE,TRUE,TRUE,TRUE,-4453.3821923034,3.3569610075913574,native,8,TRUE,TRUE,NA,FALSE,focei,"r,s",2,1,1,1,FALSE,65.614,1438.1803393363953,11.349644184112549,1515.1439835205078,9.862,0.006508952355198073,3,1,
80,5,linCmt,focei,lbfgsb3c,69,ok,TRUE,TRUE,TRUE,TRUE,-4455.343005701595,2.826882234896592,native,8,TRUE,TRUE,NA,FALSE,focei,"r,s",2,1,1,1,FALSE,65.242,1100.737491607666,12.353402137756348,1178.3328937454223,10.307,0.008747103687514317,3,1,
80,5,linCmt,focei,lbfgsb3c,70,ok,TRUE,TRUE,TRUE,TRUE,-4415.1909506333195,3.609087007617255,native,27,TRUE,TRUE,NA,FALSE,focei,"r,s",1,1,0,1,FALSE,81.12100000000001,813.2361149787903,10.8255455493927,905.182660528183,9.0660000000000025,0.010015658049293502,3,1,
80,5,linCmt,focei,lbfgsb3c,71,ok,TRUE,TRUE,TRUE,TRUE,-4503.201965341956,3.8182581651808696,native,8,TRUE,TRUE,NA,FALSE,focei,"r,s",2,1,1,1,FALSE,83.742,1092.0230436325073,13.350363492965698,1189.115407125473,10.133999999999999,0.008522301485015305,3,1,
80,5,linCmt,focei,lbfgsb3c,72,ok,TRUE,TRUE,TRUE,TRUE,-4480.501802084167,3.30945798381318,native,8,TRUE,TRUE,NA,FALSE,focei,"r,s",1,1,1,0,TRUE,81.178,805.2492568492889,10.32157588005066,896.7488327293396,8.149000000000001,0.009087271376978269,3,1,
80,5,linCmt,focei,lbfgsb3c,73,ok,TRUE,TRUE,TRUE,TRUE,-4467.644390393874,3.022296783776616,native,8,TRUE,TRUE,NA,FALSE,focei,"r,s",1,1,1,0,TRUE,18.814,227.06298089027405,8.723110914230347,254.6000918045044,8.475000000000001,0.03328749781640912,3,1,
80,5,linCmt,focei,lbfgsb3c,74,ok,TRUE,TRUE,TRUE,TRUE,-4486.67793110565,2.5450191344047184,native,8,TRUE,TRUE,NA,FALSE,focei,"r,s",1,1,1,0,TRUE,63.604,945.5717494487762,10.502377033233643,1019.6781264820099,7.4849999999999985,0.0073405516952923045,3,1,
80,5,linCmt,focei,lbfgsb3c,75,ok,TRUE,TRUE,TRUE,TRUE,-4413.436325290541,4.042218663834961,native,8,TRUE,TRUE,NA,FALSE,focei,"r,s",1,1,1,0,TRUE,18.573,221.8516001701355,8.64101767539978,249.0656178455353,8.107000000000001,0.032549655268065844,3,1,
80,5,linCmt,focei,lbfgsb3c,76,ok,TRUE,TRUE,TRUE,TRUE,-4419.326798396716,2.1776499803265588,native,27,TRUE,TRUE,NA,FALSE,focei,"r,s",1,1,1,0,TRUE,60.637,624.0622289180756,10.660401344299316,695.3596302623748,9.232,0.013276583221428254,3,1,
80,5,linCmt,focei,lbfgsb3c,77,ok,TRUE,TRUE,TRUE,TRUE,-4450.517623669922,2.495546832035597,native,8,TRUE,TRUE,NA,FALSE,focei,"r,s",1,1,1,0,TRUE,64.97200000000001,777.9464862346649,9.55459976196289,852.4730859966278,7.92,0.00929061589169201,3,1,
80,5,linCmt,focei,lbfgsb3c,78,ok,TRUE,TRUE,TRUE,TRUE,-4497.898038322325,3.4092482939411437,native,8,TRUE,TRUE,NA,FALSE,focei,"r,s",1,1,0,1,FALSE,69.94300000000001,783.803352355957,9.260165452957153,863.0065178089142,8.023000000000001,0.00929656941684471,3,1,
80,5,linCmt,focei,lbfgsb3c,79,ok,TRUE,TRUE,TRUE,TRUE,-4470.216788906571,3.6591008618304026,native,8,TRUE,TRUE,NA,FALSE,focei,"r,s",1,1,1,0,TRUE,70.425,713.8674488067627,10.451596736907959,794.7440455436706,8.134,0.010234741670113014,3,1,
80,5,linCmt,focei,lbfgsb3c,80,ok,TRUE,TRUE,TRUE,TRUE,-4440.361577135248,2.734006237479945,native,8,TRUE,TRUE,NA,FALSE,focei,"r,s",1,1,1,0,TRUE,58.277,1274.9421632289886,8.765133142471313,1341.98429637146,8.196000000000003,0.006107373999949816,3,1,
80,5,linCmt,focei,lbfgsb3c,81,ok,TRUE,TRUE,TRUE,TRUE,-4404.043090379786,3.009393404349867,native,8,TRUE,TRUE,NA,FALSE,focei,"r,s",1,1,1,0,TRUE,80.82300000000001,764.2390134334564,11.559622049331665,856.6216354827881,8.731,0.010192364561372826,3,1,
80,5,linCmt,focei,lbfgsb3c,82,ok,TRUE,TRUE,TRUE,TRUE,-4503.846597841933,2.6943876590746245,native,8,TRUE,TRUE,NA,FALSE,focei,"r,s",1,1,1,0,TRUE,61.065000000000005,633.1477689743042,11.891021251678467,706.1037902259827,8.337000000000003,0.011807046096342033,3,1,
80,5,linCmt,focei,lbfgsb3c,83,ok,TRUE,TRUE,TRUE,TRUE,-4441.172590355232,1.6298912950076918,native,8,TRUE,TRUE,NA,FALSE,focei,"r,s",1,1,1,0,TRUE,69.654,744.303906917572,9.82057809829712,823.7784850158691,8.148999999999997,0.009892222421714518,3,1,
80,5,linCmt,focei,lbfgsb3c,84,ok,TRUE,TRUE,TRUE,TRUE,-4411.068248432065,3.354756980201974,native,8,TRUE,TRUE,NA,FALSE,focei,"r,s",1,1,1,0,TRUE,71.427,811.5310294628143,9.947516679763794,892.9055461425781,8.031,0.008994232407553687,3,1,
80,5,linCmt,focei,lbfgsb3c,85,ok,TRUE,TRUE,TRUE,TRUE,-4403.530273377182,2.5782208170424874,native,8,TRUE,TRUE,NA,FALSE,focei,"r,s",1,1,1,0,TRUE,67.523,817.4405329227448,16.451963186264038,901.4154961090088,8.700999999999999,0.00965259643034557,3,1,
80,5,linCmt,focei,lbfgsb3c,86,ok,TRUE,TRUE,TRUE,TRUE,-4455.954698599866,2.346268194441224,native,8,TRUE,TRUE,NA,FALSE,focei,"r,s",1,1,1,0,TRUE,68.23,774.8372242450714,14.199416637420654,857.2666408824921,8.013999999999998,0.009348316635475494,3,1,
80,5,linCmt,focei,lbfgsb3c,87,ok,TRUE,TRUE,TRUE,TRUE,-4425.655895411241,2.311067872831514,native,8,TRUE,TRUE,NA,FALSE,focei,"r,s",1,1,1,0,TRUE,66.55600000000001,796.6251509189606,12.916072130203247,876.0972230491639,8.516000000000002,0.009720382368478424,3,1,
80,5,linCmt,focei,lbfgsb3c,88,ok,TRUE,TRUE,TRUE,TRUE,-4435.992749766605,2.8424133786469508,native,8,TRUE,TRUE,NA,FALSE,focei,"r,s",1,1,1,0,TRUE,79.013,1154.2808351516724,10.937184572219849,1244.2310197238921,8.290999999999997,0.006663553527093269,3,1,
80,5,linCmt,focei,lbfgsb3c,89,ok,TRUE,TRUE,TRUE,TRUE,-4485.901078826257,2.3513043607688333,native,8,TRUE,TRUE,NA,FALSE,focei,"r,s",1,1,1,0,TRUE,76.733,809.9909360408783,14.945749282836914,901.6696853237152,7.795999999999998,0.008646181774649658,3,1,
80,5,linCmt,focei,lbfgsb3c,90,ok,TRUE,TRUE,TRUE,TRUE,-4470.179390832189,2.7701471359256153,native,8,TRUE,TRUE,NA,FALSE,focei,"r,s",1,1,1,0,TRUE,18.118000000000002,336.72604298591614,8.957903861999512,363.80194684791564,8.656000000000002,0.023793165690832795,3,1,
80,5,linCmt,focei,lbfgsb3c,91,ok,TRUE,TRUE,TRUE,TRUE,-4427.6630426955235,2.950996780755589,native,27,TRUE,TRUE,NA,FALSE,focei,"r,s",1,1,1,0,TRUE,19.991,305.04229497909546,10.209437131881714,335.24273211097716,9.491999999999999,0.028313812920656583,3,1,
80,5,linCmt,focei,lbfgsb3c,92,ok,TRUE,TRUE,TRUE,TRUE,-4433.797285260035,4.786497277024527,native,8,TRUE,TRUE,NA,FALSE,focei,"r,s",1,1,1,0,TRUE,69.458,804.2165901660919,11.382999181747437,885.0575893478393,8.443999999999999,0.009540622103723237,3,1,
80,5,linCmt,focei,lbfgsb3c,93,ok,TRUE,TRUE,TRUE,TRUE,-4484.6410494117945,2.0212090510844476,native,8,TRUE,TRUE,NA,FALSE,focei,"r,s",1,1,1,0,TRUE,75.797,1753.657445192337,14.255281925201416,1843.7097271175385,9.989,0.005417881054203057,3,1,
80,5,linCmt,focei,lbfgsb3c,94,ok,TRUE,TRUE,TRUE,TRUE,-4357.325517487726,4.899882555357619,native,8,TRUE,TRUE,NA,FALSE,focei,"r,s",1,1,1,0,TRUE,77.107,1065.674646139145,12.587586641311646,1155.3692327804565,8.290999999999999,0.007176060920410069,3,1,
80,5,linCmt,focei,lbfgsb3c,95,ok,TRUE,TRUE,TRUE,TRUE,-4477.631171814214,2.4126055343509436,native,8,TRUE,TRUE,NA,FALSE,focei,"r,s",1,1,1,0,TRUE,71.76700000000001,767.2837383747101,10.267066240310669,849.3178046150208,8.502999999999998,0.010011564521309243,3,1,
80,5,linCmt,focei,lbfgsb3c,96,ok,TRUE,TRUE,TRUE,TRUE,-4422.41187736846,4.478225216982845,native,27,TRUE,TRUE,NA,FALSE,focei,"r,s",1,1,1,0,TRUE,74.9,805.999434709549,12.707650661468506,893.6070853710174,9.455,0.010580712882412264,3,1,
80,5,linCmt,focei,lbfgsb3c,97,ok,TRUE,TRUE,TRUE,TRUE,-4523.156552667526,3.357862295561503,native,8,TRUE,TRUE,NA,FALSE,focei,"r,s",1,1,1,0,TRUE,83.062,791.1910488605499,8.76207160949707,883.015120470047,8.551,0.00968386588380064,3,1,
80,5,linCmt,focei,lbfgsb3c,98,ok,TRUE,TRUE,TRUE,TRUE,-4421.827541068318,3.765038897499478,native,8,TRUE,TRUE,NA,FALSE,focei,"r,s",1,1,1,0,TRUE,66.536,791.8860375881195,12.38555908203125,870.8075966701508,7.928000000000001,0.009104192510854968,3,1,
80,5,linCmt,focei,lbfgsb3c,99,ok,TRUE,TRUE,TRUE,TRUE,-4457.489484906475,3.300719869248369,native,8,TRUE,TRUE,NA,FALSE,focei,"r,s",1,1,1,0,TRUE,57.867000000000004,785.1800537109375,12.559909582138062,855.6069632930755,8.192,0.009574489633032535,3,1,
80,5,linCmt,focei,lbfgsb3c,100,ok,TRUE,TRUE,TRUE,TRUE,-4434.592465162086,3.1660916298367643,native,8,TRUE,TRUE,NA,FALSE,focei,"r,s",1,1,0,1,FALSE,67.40100000000001,793.2088093757629,9.317972421646118,869.9277817974091,8.568000000000001,0.009849093429683497,3,1,
80,6,linCmt,focei,lbfgsb3c,1,ok,TRUE,TRUE,TRUE,TRUE,-4459.977647409525,7.062738915433389,native,8,TRUE,TRUE,NA,FALSE,focei,"r,s",2,2,2,0,TRUE,64.732,1211.0427825450897,12.591962337493896,1288.3667448825836,10.168999999999999,0.007892938901435833,3,1,
80,6,linCmt,focei,lbfgsb3c,2,ok,TRUE,TRUE,TRUE,TRUE,-4412.198460584665,9.302244798578984,native,8,TRUE,TRUE,NA,FALSE,focei,"r,s",2,2,2,0,TRUE,72.821,1389.064546585083,11.309028148651123,1473.194574733734,10.264000000000003,0.006967172005676931,3,1,
80,6,linCmt,focei,lbfgsb3c,3,ok,TRUE,TRUE,TRUE,TRUE,-4432.888421781031,8.33410562105727,native,8,TRUE,TRUE,NA,FALSE,focei,"r,s",2,2,2,0,TRUE,17.617,332.0958847999573,10.418664693832397,360.1315494937897,9.995000000000001,0.027753747246108358,3,1,
80,6,linCmt,focei,lbfgsb3c,4,ok,TRUE,TRUE,TRUE,TRUE,-4407.471011890116,7.787281881967685,native,8,TRUE,TRUE,NA,FALSE,focei,"r,s",2,2,2,0,TRUE,51.97,1225.2019810676575,12.814655780792236,1289.9866368484497,9.768000000000002,0.007572171463623903,3,1,
80,6,linCmt,focei,lbfgsb3c,5,ok,TRUE,TRUE,TRUE,TRUE,-4455.535457055777,9.930853546751583,native,8,TRUE,TRUE,NA,FALSE,focei,"r,s",2,2,1,1,FALSE,17.727,336.3890416622162,10.63033413887024,364.7463758010864,9.892999999999999,0.027122956268646036,3,1,
80,6,linCmt,focei,lbfgsb3c,6,ok,TRUE,TRUE,TRUE,TRUE,-4465.7806536152775,7.071756767498105,native,8,TRUE,TRUE,NA,FALSE,focei,"r,s",3,2,2,1,FALSE,73.853,1476.628687620163,12.69768476486206,1563.179372385025,11.344999999999995,0.007257644388366212,3,1,
80,6,linCmt,focei,lbfgsb3c,7,ok,TRUE,TRUE,TRUE,TRUE,-4499.348447388604,9.19049776004462,native,8,TRUE,TRUE,NA,FALSE,focei,"r,s",2,2,1,1,FALSE,69.941,1544.869168996811,13.573672533035278,1628.3838415298462,9.854000000000003,0.006051398784909517,3,1,
80,6,linCmt,focei,lbfgsb3c,8,ok,TRUE,TRUE,TRUE,TRUE,-4444.8751411557305,5.040606713003657,native,8,TRUE,TRUE,NA,FALSE,focei,"r,s",2,2,2,0,TRUE,19.137,330.783154964447,10.765807151794434,360.68596211624146,9.866999999999999,0.027356207439035496,3,1,
80,6,linCmt,focei,lbfgsb3c,9,ok,TRUE,TRUE,TRUE,TRUE,-4388.088607058722,7.491042765506787,native,8,TRUE,TRUE,NA,FALSE,focei,"r,s",2,2,2,0,TRUE,73.24700000000001,1514.276945590973,11.585930585861206,1599.1098761768342,9.904999999999996,0.00619407093131146,3,1,
80,6,linCmt,focei,lbfgsb3c,10,ok,TRUE,TRUE,TRUE,TRUE,-4450.530457630223,6.492564477587468,native,27,TRUE,TRUE,NA,FALSE,focei,"r,s",2,2,2,0,TRUE,68.73400000000001,1144.3136401176453,14.440617561340332,1227.4882576789855,10.738999999999997,0.0087487598621155,3,1,
80,6,linCmt,focei,lbfgsb3c,11,ok,TRUE,TRUE,TRUE,TRUE,-4414.339713396274,10.849524741625107,native,8,TRUE,TRUE,NA,FALSE,focei,"r,s",3,2,1,2,FALSE,72.614,1549.6196115016937,14.784217357635498,1637.0178288593293,11.847000000000007,0.007236940118272855,3,1,
80,6,linCmt,focei,lbfgsb3c,12,ok,TRUE,TRUE,TRUE,TRUE,-4392.257729756291,7.88941442877022,native,27,TRUE,TRUE,NA,FALSE,focei,"r,s",2,2,2,0,TRUE,69.947,1453.989825963974,13.678788423538208,1537.6156143875123,10.479999999999999,0.006815747643259047,3,1,
80,6,linCmt,focei,lbfgsb3c,13,ok,TRUE,TRUE,TRUE,TRUE,-4427.787644627907,6.688499159082505,native,8,TRUE,TRUE,NA,FALSE,focei,"r,s",2,2,2,0,TRUE,21.115000000000002,335.5112557411194,10.49463438987732,367.1208901309967,9.836999999999998,0.02679498842054437,3,1,
80,6,linCmt,focei,lbfgsb3c,14,ok,TRUE,TRUE,TRUE,TRUE,-4366.141365298141,4.599922400463981,native,8,TRUE,TRUE,NA,FALSE,focei,"r,s",1,2,1,0,FALSE,72.078,783.7402474880219,13.177919626235962,868.9961671142578,8.553999999999998,0.009843541690645106,3,1,
80,6,linCmt,focei,lbfgsb3c,15,ok,TRUE,TRUE,TRUE,TRUE,-4459.6694033001295,14.133046175038745,native,8,TRUE,TRUE,NA,FALSE,focei,"r,s",3,2,2,1,FALSE,70.098,1853.788682460785,14.974843978881836,1938.8615264396667,11.385999999999994,0.0058725184056378265,3,1,
80,6,linCmt,focei,lbfgsb3c,16,ok,TRUE,TRUE,TRUE,TRUE,-4451.871871365314,6.460246260698416,native,8,TRUE,TRUE,NA,FALSE,focei,"r,s",2,2,2,0,TRUE,63.83,1099.4446589946747,11.279521942138672,1174.5541809368133,10.111,0.008608372575827505,3,1,
80,6,linCmt,focei,lbfgsb3c,17,ok,TRUE,TRUE,TRUE,TRUE,-4431.863902228606,6.685940958331512,native,8,TRUE,TRUE,NA,FALSE,focei,"r,s",2,2,2,0,TRUE,76.867,1148.5248329639435,12.01774787902832,1237.4095808429718,9.811999999999996,0.007929468263301855,3,1,
80,6,linCmt,focei,lbfgsb3c,18,ok,TRUE,TRUE,TRUE,TRUE,-4442.686912976317,4.50785280586964,native,8,TRUE,TRUE,NA,FALSE,focei,"r,s",2,2,2,0,TRUE,65.637,1186.307774066925,11.834256410598755,1263.7790304775237,9.781000000000002,0.0077394859102102795,3,1,
80,6,linCmt,focei,lbfgsb3c,19,ok,TRUE,TRUE,TRUE,TRUE,-4429.590017959891,3.310721609445001,native,8,TRUE,TRUE,NA,FALSE,focei,"r,s",1,2,1,0,FALSE,69.77000000000001,811.5000703334808,9.216692924499512,890.4867632579803,8.158999999999997,0.009162404582128839,3,1,
80,6,linCmt,focei,lbfgsb3c,20,ok,TRUE,TRUE,TRUE,TRUE,-4407.556410744811,6.306333229805088,native,8,TRUE,TRUE,NA,FALSE,focei,"r,s",2,2,2,0,TRUE,63.382000000000005,1133.8370687961578,12.724810600280762,1209.9438793964387,9.804999999999996,0.00810368163926005,3,1,
80,6,linCmt,focei,lbfgsb3c,21,ok,TRUE,TRUE,TRUE,TRUE,-4403.365004136659,12.659464039801488,native,8,TRUE,TRUE,NA,FALSE,focei,"r,s",2,2,2,0,TRUE,74.084,1508.1566059589386,12.237600326538086,1594.4782062854767,9.807000000000004,0.006150601470337156,3,1,
80,6,linCmt,focei,lbfgsb3c,22,ok,TRUE,TRUE,TRUE,TRUE,-4442.762772191409,13.325668847406876,native,8,TRUE,TRUE,NA,FALSE,focei,"r,s",2,2,2,0,TRUE,54.534,995.4604403972626,11.410131454467773,1061.4045718517305,9.583999999999996,0.009029544675203078,3,1,
80,6,linCmt,focei,lbfgsb3c,23,ok,TRUE,TRUE,TRUE,TRUE,-4486.823954569147,8.481744299443642,native,8,TRUE,TRUE,NA,FALSE,focei,"r,s",2,2,2,0,TRUE,52.236000000000004,983.8783822059631,10.674221754074097,1046.7886039600373,9.809000000000001,0.009370564374595039,3,1,
80,6,linCmt,focei,lbfgsb3c,24,ok,TRUE,TRUE,TRUE,TRUE,-4485.136504467832,9.113179889183334,native,8,TRUE,TRUE,NA,FALSE,focei,"r,s",2,2,2,0,TRUE,50.934,999.7776598930359,12.427406072616577,1063.1390659656524,9.902999999999999,0.009314867938753689,3,1,
80,6,linCmt,focei,lbfgsb3c,25,ok,TRUE,TRUE,TRUE,TRUE,-4440.7722715078435,9.39983581887263,native,8,TRUE,TRUE,NA,FALSE,focei,"r,s",2,2,2,0,TRUE,49.993,993.73575091362,14.289891719818115,1058.018642633438,10.379000000000001,0.009809846047860157,3,1,
80,6,linCmt,focei,lbfgsb3c,26,ok,TRUE,TRUE,TRUE,TRUE,-4435.924387538318,6.062204139902484,native,8,TRUE,TRUE,NA,FALSE,focei,"r,s",2,2,2,0,TRUE,72.30799999999999,1128.427949666977,12.531348943710327,1213.2672986106872,10.336,0.008519144966517895,3,1,
80,6,linCmt,focei,lbfgsb3c,27,ok,TRUE,TRUE,TRUE,TRUE,-4428.311667880733,8.557677260036867,native,8,TRUE,TRUE,NA,FALSE,focei,"r,s",2,2,2,0,TRUE,60.286,1146.9481132030487,12.020553350448608,1219.2546665534974,9.74,0.007988486956160145,3,1,
80,6,linCmt,focei,lbfgsb3c,28,ok,TRUE,TRUE,TRUE,TRUE,-4470.341565746237,3.0598570688221285,native,8,TRUE,TRUE,NA,FALSE,focei,"r,s",2,2,1,1,FALSE,59.325,1498.0131087303162,11.125239610671997,1568.4633483409882,9.931999999999999,0.0063323124576072365,3,1,
80,6,linCmt,focei,lbfgsb3c,29,ok,TRUE,TRUE,TRUE,TRUE,-4436.258135682406,5.335964958032888,native,8,TRUE,TRUE,NA,FALSE,focei,"r,s",2,2,2,0,TRUE,71.321,1117.2447426319122,13.387251377105713,1201.9529940090179,9.546,0.007942074313705132,3,1,
80,6,linCmt,focei,lbfgsb3c,30,ok,TRUE,TRUE,TRUE,TRUE,-4482.525770418667,10.359172734574688,native,8,TRUE,TRUE,NA,FALSE,focei,"r,s",2,2,1,1,FALSE,75.39399999999999,1515.5101046562195,17.079193830490112,1607.9832984867096,9.737999999999998,0.0060560330503211905,3,1,
80,6,linCmt,focei,lbfgsb3c,31,ok,TRUE,TRUE,TRUE,TRUE,-4489.798580104468,7.70147396017585,native,8,TRUE,TRUE,NA,FALSE,focei,"r,s",2,2,1,1,FALSE,62.10600000000001,1136.114206314087,12.598450422286987,1210.818656736374,10.105999999999996,0.008346419130375466,3,1,
80,6,linCmt,focei,lbfgsb3c,32,ok,TRUE,TRUE,TRUE,TRUE,-4462.134822953352,7.170371450409643,native,8,TRUE,TRUE,NA,FALSE,focei,"r,s",2,2,2,0,TRUE,61.90400000000001,1665.7045657634735,14.691996812820435,1742.300562576294,10.470000000000002,0.006009296113937018,3,1,
80,6,linCmt,focei,lbfgsb3c,33,ok,TRUE,TRUE,TRUE,TRUE,-4432.752437875917,9.044993760412448,native,8,TRUE,TRUE,NA,FALSE,focei,"r,s",2,2,2,0,TRUE,72.647,1127.5279364585876,14.989251852035522,1215.164188310623,10.063999999999998,0.008282008387682517,3,1,
80,6,linCmt,focei,lbfgsb3c,34,ok,TRUE,TRUE,TRUE,TRUE,-4479.244197528634,5.389142339377192,native,27,TRUE,TRUE,NA,FALSE,focei,"r,s",2,2,2,0,TRUE,59.81,1495.750163078308,14.496924877166748,1570.0570879554748,11.655,0.007423296954875136,3,1,
80,6,linCmt,focei,lbfgsb3c,35,ok,TRUE,TRUE,TRUE,TRUE,-4453.709881028767,9.894019323794767,native,8,TRUE,TRUE,NA,FALSE,focei,"r,s",2,2,2,0,TRUE,21.361,318.6868939399719,10.57006549835205,350.61795943832396,10.203,0.029100049570606138,3,1,
80,6,linCmt,focei,lbfgsb3c,36,ok,TRUE,TRUE,TRUE,TRUE,-4408.395341188233,7.135007391399562,native,8,TRUE,TRUE,NA,FALSE,focei,"r,s",2,2,2,0,TRUE,56.127,1170.6696133613586,12.439258575439453,1239.235871936798,9.817999999999998,0.007922624112434282,3,1,
80,6,linCmt,focei,lbfgsb3c,37,ok,TRUE,TRUE,TRUE,TRUE,-4379.480123572327,7.334777003322641,native,8,TRUE,TRUE,NA,FALSE,focei,"r,s",2,2,2,0,TRUE,86.749,1157.0758321285248,12.262499570846558,1256.0873316993714,9.984000000000002,0.007948491914565018,3,1,
80,6,linCmt,focei,lbfgsb3c,38,ok,TRUE,TRUE,TRUE,TRUE,-4414.720584435275,9.613499345903195,native,8,TRUE,TRUE,NA,FALSE,focei,"r,s",2,2,2,0,TRUE,62.096000000000004,1141.6642243862152,10.48996090888977,1214.250185295105,9.848999999999997,0.008111178502811055,3,1,
80,6,linCmt,focei,lbfgsb3c,40,ok,TRUE,TRUE,TRUE,TRUE,-4378.859915985921,11.440332966540577,native,8,TRUE,TRUE,NA,FALSE,focei,"r,s",2,2,2,0,TRUE,80.57600000000001,1164.5167865753174,12.330670356750488,1257.423456932068,9.882999999999996,0.007859722948157092,3,1,
80,6,linCmt,focei,lbfgsb3c,41,ok,TRUE,TRUE,TRUE,TRUE,-4386.9715368561865,11.498841525322305,native,8,TRUE,TRUE,NA,FALSE,focei,"r,s",2,2,1,1,FALSE,70.412,1129.5626666545868,11.41463041305542,1211.3892970676422,9.852999999999996,0.008133636332969697,3,1,
80,6,linCmt,focei,lbfgsb3c,42,ok,TRUE,TRUE,TRUE,TRUE,-4465.55358077028,9.662976446182265,native,27,TRUE,TRUE,NA,FALSE,focei,"r,s",2,2,2,0,TRUE,51.886,1113.8231053352356,11.660200119018555,1177.3693054542541,10.681,0.00907191987299095,3,1,
80,6,linCmt,focei,lbfgsb3c,43,ok,TRUE,TRUE,TRUE,TRUE,-4378.923075101612,11.217552300890594,native,8,TRUE,TRUE,NA,FALSE,focei,"r,s",2,2,1,1,FALSE,53.703,1112.4014687538147,10.037961483001709,1176.1424302368164,9.405000000000003,0.007996480492678345,3,1,
80,6,linCmt,focei,lbfgsb3c,44,ok,TRUE,TRUE,TRUE,TRUE,-4510.066662166223,6.426644696244447,native,8,TRUE,TRUE,NA,FALSE,focei,"r,s",2,2,2,0,TRUE,68.315,1157.9163463115692,12.03881573677063,1238.27016204834,9.803000000000004,0.007916689185003,3,1,
80,6,linCmt,focei,lbfgsb3c,45,ok,TRUE,TRUE,TRUE,TRUE,-4468.261508707591,7.866335056937817,native,8,TRUE,TRUE,NA,FALSE,focei,"r,s",2,2,2,0,TRUE,66.675,1161.5660088062286,13.862900972366333,1242.103909778595,9.835999999999997,0.007918822187552138,3,1,
80,6,linCmt,focei,lbfgsb3c,46,ok,TRUE,TRUE,TRUE,TRUE,-4417.301934744681,13.110054437520239,native,8,TRUE,TRUE,NA,FALSE,focei,"r,s",2,2,1,1,FALSE,56.278999999999996,1123.2432959079742,10.690442085266113,1190.2127379932404,10.245,0.008607704885828725,3,1,
80,6,linCmt,focei,lbfgsb3c,47,ok,TRUE,TRUE,TRUE,TRUE,-4436.901189912018,8.304507332288582,native,8,TRUE,TRUE,NA,FALSE,focei,"r,s",2,2,1,1,FALSE,56.897000000000006,1100.7594919204712,13.133633613586426,1170.7901255340576,9.870000000000001,0.008430204342129882,3,1,
80,6,linCmt,focei,lbfgsb3c,48,ok,TRUE,TRUE,TRUE,TRUE,-4473.802707589359,9.931272289905577,native,8,TRUE,TRUE,NA,FALSE,focei,"r,s",2,2,2,0,TRUE,75.92599999999999,1137.711748123169,14.164116144180298,1227.8018642673492,9.849999999999998,0.0080224670499891,3,1,
80,6,linCmt,focei,lbfgsb3c,49,ok,TRUE,TRUE,TRUE,TRUE,-4483.675992959195,5.946367591545758,native,8,TRUE,TRUE,NA,FALSE,focei,"r,s",2,2,2,0,TRUE,80.391,1131.6180300712585,11.736274719238281,1223.745304790497,9.479000000000003,0.007745892844608537,3,1,
80,6,linCmt,focei,lbfgsb3c,50,ok,TRUE,TRUE,TRUE,TRUE,-4451.191771411464,5.449928693761314,native,8,TRUE,TRUE,NA,FALSE,focei,"r,s",2,2,2,0,TRUE,65.835,1168.8151214122772,13.466794967651367,1248.1169163799286,10.054000000000002,0.008055335095658258,3,1,
80,6,linCmt,focei,lbfgsb3c,51,ok,TRUE,TRUE,TRUE,TRUE,-4471.864423940837,7.937813681971637,native,27,TRUE,TRUE,NA,FALSE,focei,"r,s",3,2,2,1,FALSE,75.34,1506.963497877121,19.124491930007935,1601.4279898071288,13.719,0.008566729248720246,3,1,
80,6,linCmt,focei,lbfgsb3c,52,ok,TRUE,TRUE,TRUE,TRUE,-4457.490651889189,6.067876065502362,native,8,TRUE,TRUE,NA,FALSE,focei,"r,s",2,2,2,0,TRUE,20.407,543.7744991779327,9.97421383857727,574.15571301651,9.612000000000002,0.01674110312253151,3,1,
80,6,linCmt,focei,lbfgsb3c,53,ok,TRUE,TRUE,TRUE,TRUE,-4481.621277522407,9.193269186338885,native,8,TRUE,TRUE,NA,FALSE,focei,"r,s",2,2,2,0,TRUE,20.77,323.73401379585266,11.168686151504517,355.67269994735716,10.29,0.028931093113199337,3,1,
80,6,linCmt,focei,lbfgsb3c,54,ok,TRUE,TRUE,TRUE,TRUE,-4544.537129469853,8.160203932454037,native,8,TRUE,TRUE,NA,FALSE,focei,"r,s",2,2,2,0,TRUE,19.975,341.90523982048035,10.589996337890625,372.470236158371,9.989,0.026818250239336622,3,1,
80,6,linCmt,focei,lbfgsb3c,55,ok,TRUE,TRUE,TRUE,TRUE,-4450.758397485631,6.12583132142269,native,8,TRUE,TRUE,NA,FALSE,focei,"r,s",2,2,2,0,TRUE,19.364,343.63965034484863,10.673202753067017,373.6768530979156,9.888999999999998,0.026464042174452678,3,1,
80,6,linCmt,focei,lbfgsb3c,56,ok,TRUE,TRUE,TRUE,TRUE,-4359.987527045968,9.770256473500702,native,8,TRUE,TRUE,NA,FALSE,focei,"r,s",2,2,2,0,TRUE,21.286,429.6684401035309,10.16278886795044,461.1172289714813,9.542,0.020693219425531685,3,1,
80,6,linCmt,focei,lbfgsb3c,57,ok,TRUE,TRUE,TRUE,TRUE,-4540.285455231878,6.243187435095207,native,8,TRUE,TRUE,NA,FALSE,focei,"r,s",2,2,1,1,FALSE,21.073999999999998,327.99924755096436,9.930118560791016,359.0033661117554,9.591,0.02671562694210055,3,1,
80,6,linCmt,focei,lbfgsb3c,58,ok,TRUE,TRUE,TRUE,TRUE,-4461.467051791859,8.09169369359594,native,8,TRUE,TRUE,NA,FALSE,focei,"r,s",2,2,2,0,TRUE,18.529000000000003,326.38408279418945,10.398477554321289,355.31156034851074,9.854000000000001,0.027733406676480245,3,1,
80,6,linCmt,focei,lbfgsb3c,59,ok,TRUE,TRUE,TRUE,TRUE,-4386.995296088708,3.6289541889372567,native,27,TRUE,TRUE,NA,FALSE,focei,"r,s",1,2,1,0,FALSE,19.66,313.6106014251709,9.448819398880005,342.71942082405093,9.176999999999998,0.026777006035824818,3,1,
80,6,linCmt,focei,lbfgsb3c,60,ok,TRUE,TRUE,TRUE,TRUE,-4430.085834734085,9.054853595149973,native,8,TRUE,TRUE,NA,FALSE,focei,"r,s",3,2,1,2,FALSE,21.342,425.57907700538635,12.190142154693604,459.11121916007994,11.156999999999998,0.024301301154023524,3,1,
80,6,linCmt,focei,lbfgsb3c,61,ok,TRUE,TRUE,TRUE,TRUE,-4446.012372882387,9.393005621659167,native,8,TRUE,TRUE,NA,FALSE,focei,"r,s",2,2,2,0,TRUE,78.449,1192.0891726016998,12.405433177947998,1282.943605779648,9.848,0.007676097340237608,3,1,
80,6,linCmt,focei,lbfgsb3c,62,ok,TRUE,TRUE,TRUE,TRUE,-4491.18459708926,7.291539196992805,native,8,TRUE,TRUE,NA,FALSE,focei,"r,s",2,2,2,0,TRUE,21.893,318.8806734085083,11.272561073303223,352.04623448181155,10.124,0.028757586386066163,3,1,
80,6,linCmt,focei,lbfgsb3c,63,ok,TRUE,TRUE,TRUE,TRUE,-4416.652593391637,9.046341889371456,native,8,TRUE,TRUE,NA,FALSE,focei,"r,s",2,2,2,0,TRUE,85.062,1127.0417666435242,12.410290956497192,1224.5140576000213,10.45,0.008533997576541842,3,1,
80,6,linCmt,focei,lbfgsb3c,64,ok,TRUE,TRUE,TRUE,TRUE,-4405.749528322932,8.597390668268535,native,8,TRUE,TRUE,NA,FALSE,focei,"r,s",3,2,2,1,FALSE,71.31099999999999,1914.675823688507,14.808305263519287,2000.7951289520263,11.588999999999999,0.005792197228144028,3,1,
80,6,linCmt,focei,lbfgsb3c,65,ok,TRUE,TRUE,TRUE,TRUE,-4440.40132994476,8.576281872246875,native,8,TRUE,TRUE,NA,FALSE,focei,"r,s",2,2,2,0,TRUE,18.789,327.10580110549927,10.414188146591187,356.30898925209044,9.942999999999998,0.027905554728975063,3,1,
80,6,linCmt,focei,lbfgsb3c,66,ok,TRUE,TRUE,TRUE,TRUE,-4533.071535395614,9.521389613649566,native,8,TRUE,TRUE,NA,FALSE,focei,"r,s",2,2,2,0,TRUE,47.244,947.990362405777,12.157302856445312,1007.3916652622223,9.589999999999998,0.00951963405167119,3,1,
80,6,linCmt,focei,lbfgsb3c,67,ok,TRUE,TRUE,TRUE,TRUE,-4441.620522140013,10.257109552929291,native,8,TRUE,TRUE,NA,FALSE,focei,"r,s",2,2,2,0,TRUE,18.568,323.08360838890076,10.292170286178589,351.94377867507933,9.731000000000002,0.027649302501192474,3,1,
80,6,linCmt,focei,lbfgsb3c,68,ok,TRUE,TRUE,TRUE,TRUE,-4476.905739538498,8.572966825807507,native,8,TRUE,TRUE,NA,FALSE,focei,"r,s",2,2,1,1,FALSE,50.04,936.731714963913,11.701049089431763,998.4727640533447,9.998000000000001,0.01001329266049549,3,1,
80,6,linCmt,focei,lbfgsb3c,69,ok,TRUE,TRUE,TRUE,TRUE,-4438.396149719392,16.413176772443368,native,8,TRUE,TRUE,NA,FALSE,focei,"r,s",2,2,2,0,TRUE,51.763999999999996,948.3299105167389,10.311444520950317,1010.4053550376892,9.942,0.009839615309272735,3,1,
80,6,linCmt,focei,lbfgsb3c,70,ok,TRUE,TRUE,TRUE,TRUE,-4431.764186292567,8.794010332369067,native,8,TRUE,TRUE,NA,FALSE,focei,"r,s",2,2,2,0,TRUE,54.818,1253.8806774616241,10.861980676651001,1319.5606581382751,9.691999999999998,0.007344868869972316,3,1,
80,6,linCmt,focei,lbfgsb3c,71,ok,TRUE,TRUE,TRUE,TRUE,-4447.935061219596,7.242547445583592,native,8,TRUE,TRUE,NA,FALSE,focei,"r,s",2,2,2,0,TRUE,64.45400000000001,1441.6033806800842,13.234829902648926,1519.292210582733,9.536999999999999,0.006277265119619108,3,1,
80,6,linCmt,focei,lbfgsb3c,72,ok,TRUE,TRUE,TRUE,TRUE,-4473.6463822124615,5.841832829410478,native,27,TRUE,TRUE,NA,FALSE,focei,"r,s",2,2,2,0,TRUE,68.603,1180.7061717510223,13.161077976226807,1262.4702497272492,10.505999999999997,0.008321780257609847,3,1,
80,6,linCmt,focei,lbfgsb3c,73,ok,TRUE,TRUE,TRUE,TRUE,-4484.5224668692135,9.614632372672565,native,8,TRUE,TRUE,NA,FALSE,focei,"r,s",2,2,2,0,TRUE,74.61600000000001,1156.8684735298157,12.50251579284668,1243.9869893226623,9.647000000000004,0.0077549042576825445,3,1,
80,6,linCmt,focei,lbfgsb3c,74,ok,TRUE,TRUE,TRUE,TRUE,-4505.7921410125355,7.14499614955046,native,8,TRUE,TRUE,NA,FALSE,focei,"r,s",2,2,2,0,TRUE,62.384,1257.6187300682068,10.999030828475952,1331.0017608966828,9.645000000000003,0.0072464216677686905,3,1,
80,6,linCmt,focei,lbfgsb3c,75,ok,TRUE,TRUE,TRUE,TRUE,-4422.799923516162,8.623458192250661,native,8,TRUE,TRUE,NA,FALSE,focei,"r,s",2,2,2,0,TRUE,59.881,1221.9684653282166,11.913208484649658,1293.7626738128663,9.776000000000003,0.007556254479957298,3,1,
80,6,linCmt,focei,lbfgsb3c,76,ok,TRUE,TRUE,TRUE,TRUE,-4399.086670724156,7.272082468732293,native,8,TRUE,TRUE,NA,FALSE,focei,"r,s",2,2,2,0,TRUE,80.822,1215.5556120872498,12.752067565917969,1309.1296796531678,10.161999999999999,0.007762408994265757,3,1,
80,6,linCmt,focei,lbfgsb3c,77,ok,TRUE,TRUE,TRUE,TRUE,-4461.900643225685,7.6409927956518,native,8,TRUE,TRUE,NA,FALSE,focei,"r,s",2,2,2,0,TRUE,76.616,1235.1945583820343,11.941704034805298,1323.7522624168396,10.099,0.007629071002728078,3,1,
80,6,linCmt,focei,lbfgsb3c,78,ok,TRUE,TRUE,TRUE,TRUE,-4422.013702356384,7.106694988011463,native,8,TRUE,TRUE,NA,FALSE,focei,"r,s",2,2,2,0,TRUE,20.538999999999998,447.9370515346527,11.526109218597412,480.0021607532501,9.770000000000001,0.020354075041387924,3,1,
80,6,linCmt,focei,lbfgsb3c,79,ok,TRUE,TRUE,TRUE,TRUE,-4491.651256050093,7.649396013436892,native,8,TRUE,TRUE,NA,FALSE,focei,"r,s",2,2,2,0,TRUE,70.63,1519.5128602981567,14.571274042129517,1604.7141343402864,10.598999999999995,0.006604914715453259,3,1,
80,6,linCmt,focei,lbfgsb3c,80,ok,TRUE,TRUE,TRUE,TRUE,-4474.505648963253,16.057924867186923,native,8,TRUE,TRUE,NA,FALSE,focei,"r,s",2,2,2,0,TRUE,74.87400000000001,1177.3019392490387,11.896077871322632,1264.0720171203614,9.994000000000003,0.007906195109648094,3,1,
80,6,linCmt,focei,lbfgsb3c,81,ok,TRUE,TRUE,TRUE,TRUE,-4469.511921588423,7.257900474130784,native,8,TRUE,TRUE,NA,FALSE,focei,"r,s",2,2,2,0,TRUE,61.533,1591.8794345855713,11.399814128875732,1664.812248714447,9.631000000000002,0.005785036725574895,3,1,
80,6,linCmt,focei,lbfgsb3c,82,ok,TRUE,TRUE,TRUE,TRUE,-4401.417032367753,5.524323085905851,native,8,TRUE,TRUE,NA,FALSE,focei,"r,s",2,2,2,0,TRUE,79.539,1146.751950263977,11.072847127914429,1237.3637973918915,10.315,0.008336271047966571,3,1,
80,6,linCmt,focei,lbfgsb3c,83,ok,TRUE,TRUE,TRUE,TRUE,-4465.41593730923,6.271427144918035,native,8,TRUE,TRUE,NA,FALSE,focei,"r,s",2,2,2,0,TRUE,67.263,1146.1575124263763,13.462369441986084,1226.8828818683623,9.681000000000003,0.00789072872649202,3,1,
80,6,linCmt,focei,lbfgsb3c,84,ok,TRUE,TRUE,TRUE,TRUE,-4437.825556689074,13.278510689897189,native,8,TRUE,TRUE,NA,FALSE,focei,"r,s",2,2,2,0,TRUE,52.133,1166.2428619861603,14.038954734802246,1232.4148167209626,9.699000000000002,0.007869915119817975,3,1,
80,6,linCmt,focei,lbfgsb3c,85,ok,TRUE,TRUE,TRUE,TRUE,-4451.227898782186,5.218156252328395,native,8,TRUE,TRUE,NA,FALSE,focei,"r,s",2,2,2,0,TRUE,51.327000000000005,1142.4867634773254,11.261143445968628,1205.074906923294,9.466,0.00785511335902585,3,1,
80,6,linCmt,focei,lbfgsb3c,86,ok,TRUE,TRUE,TRUE,TRUE,-4494.958820936976,8.662111410954228,native,8,TRUE,TRUE,NA,FALSE,focei,"r,s",2,2,2,0,TRUE,20.57,341.8785824775696,10.785704851150513,373.2342873287201,10.431000000000001,0.027947593118134578,3,1,
80,6,linCmt,focei,lbfgsb3c,87,ok,TRUE,TRUE,TRUE,TRUE,-4428.170888246601,11.791676855970845,native,8,TRUE,TRUE,NA,FALSE,focei,"r,s",2,2,2,0,TRUE,54.163000000000004,1841.2296710014343,13.57840347290039,1908.9710744743347,9.867999999999997,0.005169276859114958,3,1,
80,6,linCmt,focei,lbfgsb3c,88,ok,TRUE,TRUE,TRUE,TRUE,-4419.54962708637,6.316723392928378,native,8,TRUE,TRUE,NA,FALSE,focei,"r,s",2,2,2,0,TRUE,68.80199999999999,1195.377527475357,11.752523422241211,1275.9320508975982,9.802,0.007682227273078097,3,1,
80,6,linCmt,focei,lbfgsb3c,89,ok,TRUE,TRUE,TRUE,TRUE,-4446.132730792974,8.089607858333666,native,8,TRUE,TRUE,NA,FALSE,focei,"r,s",2,2,2,0,TRUE,73.286,1197.9039237499237,11.916590690612793,1283.1065144405366,9.668000000000001,0.007534838215840146,3,1,
80,6,linCmt,focei,lbfgsb3c,90,ok,TRUE,TRUE,TRUE,TRUE,-4450.8927931697235,5.419727835656782,native,8,TRUE,TRUE,NA,FALSE,focei,"r,s",2,2,2,0,TRUE,57.318000000000005,1457.3912856578827,12.428180932998657,1527.1374665908813,9.869000000000003,0.006462417572683323,3,1,
80,6,linCmt,focei,lbfgsb3c,91,ok,TRUE,TRUE,TRUE,TRUE,-4387.897775513684,6.089619968931259,native,8,TRUE,TRUE,NA,FALSE,focei,"r,s",2,2,2,0,TRUE,86.327,1555.7915205955505,11.87554383277893,1653.9940644283295,10.032000000000002,0.006065318017611729,3,1,
80,6,linCmt,focei,lbfgsb3c,92,ok,TRUE,TRUE,TRUE,TRUE,-4407.29750762441,7.369531789563609,native,8,TRUE,TRUE,NA,FALSE,focei,"r,s",2,2,2,0,TRUE,79.286,1162.8325469493866,10.59602689743042,1252.714573846817,9.648000000000003,0.007701674588468361,3,1,
80,6,linCmt,focei,lbfgsb3c,93,ok,TRUE,TRUE,TRUE,TRUE,-4435.069407358057,13.234630428046865,native,8,TRUE,TRUE,NA,FALSE,focei,"r,s",3,2,1,2,FALSE,73.81400000000001,1845.9680998325348,18.57465147972107,1938.356751312256,13.371,0.0068981109854767,3,1,
80,6,linCmt,focei,lbfgsb3c,94,ok,TRUE,TRUE,TRUE,TRUE,-4529.161245615671,7.063166079842999,native,8,TRUE,TRUE,NA,FALSE,focei,"r,s",2,2,2,0,TRUE,62.343,1205.692073583603,14.046010494232178,1282.0810840778352,10.243000000000002,0.007989354282820188,3,1,
80,6,linCmt,focei,lbfgsb3c,95,ok,TRUE,TRUE,TRUE,TRUE,-4487.88002256952,6.714700821127288,native,8,TRUE,TRUE,NA,FALSE,focei,"r,s",3,2,2,1,FALSE,69.864,1549.0825893878937,13.69680905342102,1632.6433984413147,11.635000000000002,0.0071264796777471065,3,1,
80,6,linCmt,focei,lbfgsb3c,96,ok,TRUE,TRUE,TRUE,TRUE,-4388.667049092687,11.163890236720173,native,8,TRUE,TRUE,NA,FALSE,focei,"r,s",2,2,2,0,TRUE,76.784,1478.549786567688,10.97562026977539,1566.3094068374635,10.135000000000003,0.006470624485658673,3,1,
80,6,linCmt,focei,lbfgsb3c,97,ok,TRUE,TRUE,TRUE,TRUE,-4404.449479106939,8.98512815967117,native,8,TRUE,TRUE,NA,FALSE,focei,"r,s",2,2,2,0,TRUE,59.393,1530.7350676059723,13.350224018096924,1603.4782916240692,9.645999999999997,0.006015672335813246,3,1,
80,6,linCmt,focei,lbfgsb3c,98,ok,TRUE,TRUE,TRUE,TRUE,-4421.390049931404,12.222258817910118,native,8,TRUE,TRUE,NA,FALSE,focei,"r,s",2,2,2,0,TRUE,66.43400000000001,1183.6154160499573,16.618679523468018,1266.6680955734253,11.122000000000002,0.008780516410626915,3,1,
80,6,linCmt,focei,lbfgsb3c,99,ok,TRUE,TRUE,TRUE,TRUE,-4411.896569209338,8.139342326407151,native,8,TRUE,TRUE,NA,FALSE,focei,"r,s",2,2,2,0,TRUE,64.10600000000001,1204.2922232151031,13.72143030166626,1282.1196535167694,9.764999999999999,0.007616293825007088,3,1,
80,6,linCmt,focei,lbfgsb3c,100,ok,TRUE,TRUE,TRUE,TRUE,-4487.752592665531,6.760185156735693,native,8,TRUE,TRUE,NA,FALSE,focei,"r,s",2,2,2,0,TRUE,19.374000000000002,331.3053243160248,10.135070562362671,360.8143948783875,9.732000000000001,0.02697231634364303,3,1,
80,7,linCmt,focei,lbfgsb3c,1,ok,TRUE,TRUE,TRUE,TRUE,-4432.164098736633,4.094133750504883,native,8,TRUE,TRUE,NA,FALSE,focei,"r,s",2,2,2,0,TRUE,71.697,1084.3570487499237,12.951164960861206,1169.005213710785,10.277999999999999,0.008792090813157658,3,1,
80,7,linCmt,focei,lbfgsb3c,2,ok,TRUE,TRUE,TRUE,TRUE,-4435.591479597163,5.004252697578644,native,8,TRUE,TRUE,NA,FALSE,focei,"r,s",2,2,2,0,TRUE,79.381,1493.7001519203186,10.389231443405151,1583.4703833637238,9.803,0.006190832555501132,3,1,
80,7,linCmt,focei,lbfgsb3c,3,ok,TRUE,TRUE,TRUE,TRUE,-4516.482913475866,7.010389442796267,native,8,TRUE,TRUE,NA,FALSE,focei,"r,s",2,2,2,0,TRUE,76.21,1036.2806913852692,13.097275257110596,1125.5879666423798,10.745,0.00954612195442374,3,1,
80,7,linCmt,focei,lbfgsb3c,4,ok,TRUE,TRUE,TRUE,TRUE,-4453.589941863364,5.9638877115105995,native,8,TRUE,TRUE,NA,FALSE,focei,"r,s",2,2,2,0,TRUE,16.86,323.4235303401947,10.25977087020874,350.54330121040346,9.575000000000001,0.027314742478142192,3,1,
80,7,linCmt,focei,lbfgsb3c,5,ok,TRUE,TRUE,TRUE,TRUE,-4549.843195990466,7.380685113039095,native,8,TRUE,TRUE,NA,FALSE,focei,"r,s",2,2,2,0,TRUE,74.114,1089.5207724571228,12.58568787574768,1176.2204603328705,9.837999999999997,0.008364078275951637,3,1,
80,7,linCmt,focei,lbfgsb3c,6,ok,TRUE,TRUE,TRUE,TRUE,-4412.2603301077415,5.666073210822164,native,8,TRUE,TRUE,NA,FALSE,focei,"r,s",2,2,2,0,TRUE,74.402,1067.1753804683685,12.893342733383179,1154.4707232017518,10.34,0.008956485246610288,3,1,
80,7,linCmt,focei,lbfgsb3c,7,ok,FALSE,FALSE,FALSE,FALSE,-4465.589148502505,NA,NA,8,FALSE,FALSE,NA,FALSE,focei,failed,3,2,1,2,FALSE,75.155,1437.095939397812,11.007543325424194,1523.258482723236,6.439999999999998,0.004227778852402488,3,1,
80,7,linCmt,focei,lbfgsb3c,8,ok,TRUE,TRUE,TRUE,TRUE,-4425.836575352906,5.077863846126556,native,8,TRUE,TRUE,NA,FALSE,focei,"r,s",2,2,2,0,TRUE,81.873,1444.670742034912,11.897970914840698,1538.4417129497529,9.897000000000002,0.006433132901098898,3,1,
80,7,linCmt,focei,lbfgsb3c,9,ok,TRUE,TRUE,TRUE,TRUE,-4460.250805011411,6.427884308737027,native,8,TRUE,TRUE,NA,FALSE,focei,"r,s",2,2,2,0,TRUE,78.03099999999999,1100.4845740795135,13.497070074081421,1192.012644153595,10.093000000000004,0.008467192063358253,3,1,
80,7,linCmt,focei,lbfgsb3c,10,ok,TRUE,TRUE,TRUE,TRUE,-4455.5173202311835,4.0547303439609,native,8,TRUE,TRUE,NA,FALSE,focei,"r,s",2,2,2,0,TRUE,74.573,1414.3019001483917,13.02557897567749,1501.9004791240693,10.319999999999999,0.00687129416592155,3,1,
80,7,linCmt,focei,lbfgsb3c,11,ok,TRUE,TRUE,TRUE,TRUE,-4508.840382020666,5.205479015224052,native,8,TRUE,TRUE,NA,FALSE,focei,"r,s",2,2,2,0,TRUE,78.889,1458.0645008087158,12.602527141571045,1549.5560279502868,10.504999999999999,0.006779361191538034,3,1,
80,7,linCmt,focei,lbfgsb3c,12,ok,TRUE,TRUE,TRUE,TRUE,-4378.6086013727745,5.634218694880266,native,8,TRUE,TRUE,NA,FALSE,focei,"r,s",2,2,2,0,TRUE,82.06,1437.790986776352,14.786775827407837,1534.6377626037597,10.013999999999998,0.006525318380677428,3,1,
80,7,linCmt,focei,lbfgsb3c,13,ok,TRUE,TRUE,TRUE,TRUE,-4440.925486458863,6.00134529781044,native,8,TRUE,TRUE,NA,FALSE,focei,"r,s",3,2,2,1,FALSE,70.569,1426.1531827449799,14.81833815574646,1511.5405209007263,11.783000000000001,0.007795358336128837,3,1,
80,7,linCmt,focei,lbfgsb3c,14,ok,TRUE,TRUE,TRUE,TRUE,-4429.3616672683975,6.1114652736302535,native,8,TRUE,TRUE,NA,FALSE,focei,"r,s",2,2,0,2,FALSE,77.061,1733.996045589447,12.019917011260986,1823.076962600708,10.165999999999995,0.005576286798938923,3,1,
80,7,linCmt,focei,lbfgsb3c,15,ok,TRUE,TRUE,TRUE,TRUE,-4409.58645949114,3.5481347766025633,native,8,TRUE,TRUE,NA,FALSE,focei,"r,s",2,2,1,1,FALSE,78.51400000000001,1453.0582025051117,11.368148565292358,1542.9403510704042,10.088000000000001,0.0065381659070627846,3,1,
80,7,linCmt,focei,lbfgsb3c,16,ok,TRUE,TRUE,TRUE,TRUE,-4429.807099599265,4.146848618600913,native,8,TRUE,TRUE,NA,FALSE,focei,"r,s",2,2,2,0,TRUE,67.61800000000001,1444.9984858036041,12.816151142120361,1525.4326369457244,10.281000000000002,0.006739727308172052,3,1,
80,7,linCmt,focei,lbfgsb3c,17,ok,TRUE,TRUE,TRUE,TRUE,-4389.342220952862,5.043183819335148,native,8,TRUE,TRUE,NA,FALSE,focei,"r,s",2,2,2,0,TRUE,74.00200000000001,1516.6958181858063,13.244812488555908,1603.9426306743621,10.543000000000005,0.006573177742378044,3,1,
80,7,linCmt,focei,lbfgsb3c,18,ok,TRUE,TRUE,TRUE,TRUE,-4429.601615128573,7.447890903896081,native,8,TRUE,TRUE,NA,FALSE,focei,"r,s",2,2,2,0,TRUE,66.36699999999999,1080.025437116623,13.657997369766235,1160.0504344863891,9.988999999999997,0.008610832514728219,3,1,
80,7,linCmt,focei,lbfgsb3c,19,ok,TRUE,TRUE,TRUE,TRUE,-4501.693772762276,3.4301953695132124,native,8,TRUE,TRUE,NA,FALSE,focei,"r,s",2,2,2,0,TRUE,49.396,1059.5799493789673,14.031906604766846,1123.007855983734,10.117999999999999,0.009009732163571392,3,1,
80,7,linCmt,focei,lbfgsb3c,20,ok,TRUE,TRUE,TRUE,TRUE,-4395.650416047314,3.5072419588925277,native,8,TRUE,TRUE,NA,FALSE,focei,"r,s",2,2,2,0,TRUE,65.805,1098.128011226654,14.003358364105225,1177.9363695907593,9.976999999999997,0.008469897235167485,3,1,
80,7,linCmt,focei,lbfgsb3c,21,ok,TRUE,TRUE,TRUE,TRUE,-4373.088265169662,4.146398082660339,native,8,TRUE,TRUE,NA,FALSE,focei,"r,s",2,2,1,1,FALSE,81.16499999999999,1110.7942023277283,11.510066270828247,1203.4692685985565,9.868999999999998,0.008200458671863286,3,1,
80,7,linCmt,focei,lbfgsb3c,22,ok,TRUE,TRUE,TRUE,TRUE,-4417.297278055775,4.634776560208966,native,8,TRUE,TRUE,NA,FALSE,focei,"r,s",2,2,2,0,TRUE,60.266,1438.040120124817,12.030662775039673,1510.3367828998566,9.687999999999999,0.0064144633896811905,3,1,
80,7,linCmt,focei,lbfgsb3c,23,ok,TRUE,TRUE,TRUE,TRUE,-4481.1515165686915,6.514068258015924,native,8,TRUE,TRUE,NA,FALSE,focei,"r,s",3,2,2,1,FALSE,61.42000000000001,1424.8404092788696,15.821717977523804,1502.0821272563935,11.635,0.007745914679946123,3,1,
80,7,linCmt,focei,lbfgsb3c,24,ok,TRUE,TRUE,TRUE,TRUE,-4493.283826446464,5.81570267701323,native,8,TRUE,TRUE,NA,FALSE,focei,"r,s",2,2,2,0,TRUE,63.861999999999995,1069.251648902893,11.8551664352417,1144.9688153381348,9.907999999999998,0.008653510791972045,3,1,
80,7,linCmt,focei,lbfgsb3c,25,ok,TRUE,TRUE,TRUE,TRUE,-4480.745424509917,3.717918650726349,native,8,TRUE,TRUE,NA,FALSE,focei,"r,s",2,2,1,1,FALSE,68.49,1052.6036372184753,14.167311906814575,1135.26094912529,9.808,0.008639423392090595,3,1,
80,7,linCmt,focei,lbfgsb3c,26,ok,TRUE,TRUE,TRUE,TRUE,-4492.125460748047,5.60351536072837,native,8,TRUE,TRUE,NA,FALSE,focei,"r,s",2,2,2,0,TRUE,64.53999999999999,1061.8404867649078,14.127359390258789,1140.5078461551666,9.954,0.008727690943605973,3,1,
80,7,linCmt,focei,lbfgsb3c,27,ok,TRUE,TRUE,TRUE,TRUE,-4443.302727103244,3.9037510519234964,native,8,TRUE,TRUE,NA,FALSE,focei,"r,s",2,2,2,0,TRUE,70.77799999999999,1107.9708285331726,12.706848859786987,1191.4556773929596,9.763000000000005,0.00819417808420919,3,1,
80,7,linCmt,focei,lbfgsb3c,28,ok,TRUE,TRUE,TRUE,TRUE,-4413.647172826468,3.829824375232933,native,8,TRUE,TRUE,NA,FALSE,focei,"r,s",2,2,1,1,FALSE,67.355,1079.6631953716278,11.51651120185852,1158.5347065734863,10.03,0.008657487724010444,3,1,
80,7,linCmt,focei,lbfgsb3c,29,ok,TRUE,TRUE,TRUE,TRUE,-4458.3580933669655,3.4236669130096034,native,8,TRUE,TRUE,NA,FALSE,focei,"r,s",2,2,2,0,TRUE,64.835,1110.6557445526123,11.911784887313843,1187.4025294399262,9.984000000000002,0.008408269102062006,3,1,
80,7,linCmt,focei,lbfgsb3c,30,ok,TRUE,TRUE,TRUE,TRUE,-4425.456664588566,7.6019659856794535,native,8,TRUE,TRUE,NA,FALSE,focei,"r,s",2,2,2,0,TRUE,70.301,1471.7899651527405,12.549896955490112,1554.6408621082305,9.850000000000003,0.0063358684568746845,3,1,
80,7,linCmt,focei,lbfgsb3c,31,ok,TRUE,TRUE,TRUE,TRUE,-4509.6141860583375,6.80525473038454,native,8,TRUE,TRUE,NA,FALSE,focei,"r,s",2,2,2,0,TRUE,82.76400000000001,1046.9886469841003,11.992045164108276,1141.7446921482087,9.752,0.008541314067027957,3,1,
80,7,linCmt,focei,lbfgsb3c,32,ok,TRUE,TRUE,TRUE,TRUE,-4394.826818456623,4.8126515332206665,native,8,TRUE,TRUE,NA,FALSE,focei,"r,s",2,2,2,0,TRUE,83.495,1053.5019052028656,13.182794570922852,1150.1796997737883,10.643999999999998,0.009254206105440227,3,1,
80,7,linCmt,focei,lbfgsb3c,33,ok,FALSE,FALSE,FALSE,FALSE,-4448.5755234823,NA,NA,8,FALSE,FALSE,NA,FALSE,focei,failed,2,2,0,2,FALSE,75.292,1099.373737335205,6.730615139007568,1181.3963524742126,5.451000000000004,0.004614031513288415,3,1,
80,7,linCmt,focei,lbfgsb3c,34,ok,TRUE,TRUE,TRUE,TRUE,-4423.4114686018065,3.3562550992046547,native,8,TRUE,TRUE,NA,FALSE,focei,"r,s",2,2,2,0,TRUE,76.36699999999999,1421.0325322151184,13.964294910430908,1511.3638271255493,10.247999999999996,0.006780630723106947,3,1,
80,7,linCmt,focei,lbfgsb3c,35,ok,TRUE,TRUE,TRUE,TRUE,-4471.662024415335,8.245495281573458,native,8,TRUE,TRUE,NA,FALSE,focei,"r,s",2,2,1,1,FALSE,80.62700000000001,1107.6000819206238,11.081888198852539,1199.3089701194763,10.025999999999998,0.008359814067763705,3,1,
80,7,linCmt,focei,lbfgsb3c,36,ok,FALSE,FALSE,FALSE,FALSE,-4446.189149695736,NA,NA,8,FALSE,FALSE,NA,FALSE,focei,failed,2,2,1,1,FALSE,71.89,1089.8992912769318,11.153480768203735,1172.9427720451356,7.222999999999998,0.006158015695348905,3,1,
80,7,linCmt,focei,lbfgsb3c,37,ok,TRUE,TRUE,TRUE,TRUE,-4464.704059380936,4.389788499846878,native,8,TRUE,TRUE,NA,FALSE,focei,"r,s",2,2,2,0,TRUE,66.922,1455.7249777317047,12.23314642906189,1534.8801241607666,9.665,0.006296908695253693,3,1,
80,7,linCmt,focei,lbfgsb3c,38,ok,TRUE,TRUE,TRUE,TRUE,-4425.223228675349,5.199664858819068,native,8,TRUE,TRUE,NA,FALSE,focei,"r,s",2,2,1,1,FALSE,78.617,1453.405626296997,14.560447931289673,1546.5830742282867,9.671999999999999,0.0062537862732179,3,1,
80,7,linCmt,focei,lbfgsb3c,39,ok,TRUE,TRUE,TRUE,TRUE,-4476.875290537591,7.608871820959984,native,8,TRUE,TRUE,NA,FALSE,focei,"r,s",2,2,1,1,FALSE,78.70100000000001,1087.3296365737915,13.066727876663208,1179.0973644504547,10.814999999999998,0.009172270523257912,3,1,
80,7,linCmt,focei,lbfgsb3c,40,ok,TRUE,TRUE,TRUE,TRUE,-4401.014263402652,4.089889826137379,native,8,TRUE,TRUE,NA,FALSE,focei,"r,s",2,2,1,1,FALSE,81.11399999999999,1074.361310005188,17.476799964904785,1172.9521099700928,10.365000000000002,0.008836677910289348,3,1,
80,7,linCmt,focei,lbfgsb3c,41,ok,TRUE,TRUE,TRUE,TRUE,-4435.850395656026,4.455054678245327,native,8,TRUE,TRUE,NA,FALSE,focei,"r,s",2,2,2,0,TRUE,82.413,1422.3357100486755,12.43297529220581,1517.1816853408814,9.694999999999995,0.006390137775636091,3,1,
80,7,linCmt,focei,lbfgsb3c,42,ok,TRUE,TRUE,TRUE,TRUE,-4434.598826631972,9.145476732257535,native,8,TRUE,TRUE,NA,FALSE,focei,"r,s",2,2,2,0,TRUE,71.749,1030.5853781700134,12.160620212554932,1114.4949983825684,9.777,0.008772583110905884,3,1,
80,7,linCmt,focei,lbfgsb3c,43,ok,TRUE,TRUE,TRUE,TRUE,-4368.1902789856995,2.9883133406012092,native,8,TRUE,TRUE,NA,FALSE,focei,"r,s",2,2,2,0,TRUE,72.03699999999999,1065.8670363426208,13.816112041473389,1151.7201483840943,9.963,0.00865053894731151,3,1,
80,7,linCmt,focei,lbfgsb3c,44,ok,TRUE,TRUE,TRUE,TRUE,-4447.2965062830845,4.101218224945949,native,8,TRUE,TRUE,NA,FALSE,focei,"r,s",2,2,2,0,TRUE,76.82,1099.417053937912,14.053408145904541,1190.2904620838165,9.870000000000005,0.008292093664869668,3,1,
80,7,linCmt,focei,lbfgsb3c,45,ok,TRUE,TRUE,TRUE,TRUE,-4478.260070029539,7.251243884948385,native,8,TRUE,TRUE,NA,FALSE,focei,"r,s",2,2,2,0,TRUE,70,1095.060683965683,14.265868186950684,1179.3265521526337,10.086000000000002,0.00855233860510471,3,1,
80,7,linCmt,focei,lbfgsb3c,46,ok,TRUE,TRUE,TRUE,TRUE,-4414.198181398665,4.203533915463775,native,8,TRUE,TRUE,NA,FALSE,focei,"r,s",2,2,1,1,FALSE,21.105,311.0707383155823,10.605916261672974,342.78165457725527,10.192000000000002,0.029733213151589343,3,1,
80,7,linCmt,focei,lbfgsb3c,47,ok,TRUE,TRUE,TRUE,TRUE,-4441.502015658711,3.9377767649353483,native,8,TRUE,TRUE,NA,FALSE,focei,"r,s",2,2,2,0,TRUE,70.377,1109.4595711231232,12.68869662284851,1192.5252677459716,9.582,0.008035049872034352,3,1,
80,7,linCmt,focei,lbfgsb3c,48,ok,TRUE,TRUE,TRUE,TRUE,-4482.434187806997,7.7842147953351715,native,8,TRUE,TRUE,NA,FALSE,focei,"r,s",2,2,2,0,TRUE,76.572,1029.447308063507,10.998136758804321,1117.0174448223115,9.78,0.008755458605712056,3,1,
80,7,linCmt,focei,lbfgsb3c,49,ok,TRUE,TRUE,TRUE,TRUE,-4412.982246486244,5.540604276561535,native,8,TRUE,TRUE,NA,FALSE,focei,"r,s",2,2,2,0,TRUE,80.685,1451.4013452529907,16.280030250549316,1548.36637550354,10.004000000000005,0.006461003130958996,3,1,
80,7,linCmt,focei,lbfgsb3c,50,ok,TRUE,TRUE,TRUE,TRUE,-4461.999150757123,6.540992617671953,native,8,TRUE,TRUE,NA,FALSE,focei,"r,s",2,2,2,0,TRUE,63.696,1039.5292761325836,11.914618015289307,1115.1398941478728,10.129000000000001,0.00908316530791862,3,1,
80,7,linCmt,focei,lbfgsb3c,51,ok,TRUE,TRUE,TRUE,TRUE,-4460.596022758148,6.904060247592748,native,8,TRUE,TRUE,NA,FALSE,focei,"r,s",2,2,2,0,TRUE,68.842,1109.8540329933167,15.395830154418945,1194.0918631477357,10.047000000000002,0.008413925519528445,3,1,
80,7,linCmt,focei,lbfgsb3c,52,ok,TRUE,TRUE,TRUE,TRUE,-4404.872519223877,3.565901275476967,native,8,TRUE,TRUE,NA,FALSE,focei,"r,s",1,2,1,0,FALSE,21.25,217.24398112297058,8.846515417098999,247.34049654006958,8.402999999999997,0.03397340960152353,3,1,
80,7,linCmt,focei,lbfgsb3c,53,ok,TRUE,TRUE,TRUE,TRUE,-4436.238735915506,3.299452477353073,native,8,TRUE,TRUE,NA,FALSE,focei,"r,s",2,2,1,1,FALSE,20.603,423.126451253891,9.908514499664307,453.6379657535553,9.583,0.021124775092581403,3,1,
80,7,linCmt,focei,lbfgsb3c,54,ok,TRUE,TRUE,TRUE,TRUE,-4398.6497603339085,3.5555408280765795,native,8,TRUE,TRUE,NA,FALSE,focei,"r,s",2,2,2,0,TRUE,51.642,1080.8178761005402,10.360841274261475,1142.8207173748017,9.698999999999998,0.008486895496854293,3,1,
80,7,linCmt,focei,lbfgsb3c,55,ok,TRUE,TRUE,TRUE,TRUE,-4401.620512643269,5.926450090564513,native,8,TRUE,TRUE,NA,FALSE,focei,"r,s",2,2,2,0,TRUE,82.28200000000001,1114.5195677280426,11.138729333877563,1207.94029706192,10.200999999999999,0.00844495379847162,3,1,
80,7,linCmt,focei,lbfgsb3c,56,ok,TRUE,TRUE,TRUE,TRUE,-4416.359745598661,6.613319443073523,native,8,TRUE,TRUE,NA,FALSE,focei,"r,s",2,2,2,0,TRUE,72.742,1085.8800749778748,11.256402254104614,1169.8784772319793,9.918000000000003,0.008477803629199794,3,1,
80,7,linCmt,focei,lbfgsb3c,57,ok,TRUE,TRUE,TRUE,TRUE,-4422.222151865661,8.468934787282976,native,8,TRUE,TRUE,NA,FALSE,focei,"r,s",2,2,1,1,FALSE,81.795,1500.312608718872,13.101808786392212,1595.2094175052644,10.492999999999999,0.006577819742570176,3,1,
80,7,linCmt,focei,lbfgsb3c,58,ok,TRUE,TRUE,TRUE,TRUE,-4415.364555957247,5.151698520868962,native,8,TRUE,TRUE,NA,FALSE,focei,"r,s",2,2,2,0,TRUE,78.869,1107.6899240016937,12.249691486358643,1198.8086154880523,9.873000000000003,0.008235676547903822,3,1,
80,7,linCmt,focei,lbfgsb3c,59,ok,TRUE,TRUE,TRUE,TRUE,-4446.373192563183,4.1468363645852095,native,8,TRUE,TRUE,NA,FALSE,focei,"r,s",2,2,2,0,TRUE,81.05799999999999,1898.8759474754333,12.718725204467773,1992.6526726799011,9.900999999999994,0.004968753529276242,3,1,
80,7,linCmt,focei,lbfgsb3c,60,ok,TRUE,TRUE,TRUE,TRUE,-4462.374568717464,5.787783598876164,native,8,TRUE,TRUE,NA,FALSE,focei,"r,s",2,2,1,1,FALSE,70.60600000000001,1501.4822528362274,13.160314559936523,1585.248567396164,10.220000000000002,0.006446938486616502,3,1,
80,7,linCmt,focei,lbfgsb3c,61,ok,TRUE,TRUE,TRUE,TRUE,-4366.988739063296,5.625890357709811,native,8,TRUE,TRUE,NA,FALSE,focei,"r,s",2,2,2,0,TRUE,66.649,1105.4228205680847,15.67780613899231,1187.749626707077,9.619000000000003,0.008098508123018962,3,1,
80,7,linCmt,focei,lbfgsb3c,62,ok,TRUE,TRUE,TRUE,TRUE,-4435.8390351742655,3.9692013138239752,native,8,TRUE,TRUE,NA,FALSE,focei,"r,s",2,2,2,0,TRUE,89.567,1137.4753835201263,11.578057765960693,1238.620441286087,9.865999999999998,0.00796531340121911,3,1,
80,7,linCmt,focei,lbfgsb3c,63,ok,TRUE,TRUE,TRUE,TRUE,-4437.418476401244,4.681321875007369,native,8,TRUE,TRUE,NA,FALSE,focei,"r,s",2,2,1,1,FALSE,70.96499999999999,1523.436639547348,12.569793462753296,1606.9714330101012,10.340000000000003,0.006434464102844452,3,1,
80,7,linCmt,focei,lbfgsb3c,64,ok,TRUE,TRUE,TRUE,TRUE,-4402.483124111278,2.7659012084849492,native,8,TRUE,TRUE,NA,FALSE,focei,"r,s",2,2,2,0,TRUE,76.11900000000001,1136.8824594020844,15.288500547409058,1228.2899599494933,10.348,0.00842472082115326,3,1,
80,7,linCmt,focei,lbfgsb3c,65,ok,TRUE,TRUE,TRUE,TRUE,-4412.527817696894,6.654530667773455,native,8,TRUE,TRUE,NA,FALSE,focei,"r,s",2,2,2,0,TRUE,76.30199999999999,1130.6057682037354,13.370199203491211,1220.2779674072265,10.232999999999999,0.008385794280742825,3,1,
80,7,linCmt,focei,lbfgsb3c,66,ok,TRUE,TRUE,TRUE,TRUE,-4464.393776851894,5.2076278145204995,native,8,TRUE,TRUE,NA,FALSE,focei,"r,s",2,2,2,0,TRUE,80.464,1508.842354774475,11.78780722618103,1601.094162000656,10.646999999999995,0.006649827507144226,3,1,
80,7,linCmt,focei,lbfgsb3c,67,ok,TRUE,TRUE,TRUE,TRUE,-4457.385465809374,4.227061610936667,native,8,TRUE,TRUE,NA,FALSE,focei,"r,s",2,2,1,1,FALSE,88.613,1093.483656167984,12.956055879592896,1195.052712047577,9.799,0.008199638309853804,3,1,
80,7,linCmt,focei,lbfgsb3c,68,ok,TRUE,TRUE,TRUE,TRUE,-4449.404560813288,5.773242587749547,native,8,TRUE,TRUE,NA,FALSE,focei,"r,s",2,2,2,0,TRUE,79.33800000000001,1523.4476697444916,12.597001791000366,1615.382671535492,9.835999999999999,0.006088959708011756,3,1,
80,7,linCmt,focei,lbfgsb3c,69,ok,TRUE,TRUE,TRUE,TRUE,-4434.074948574437,4.71117495161807,native,8,TRUE,TRUE,NA,FALSE,focei,"r,s",2,2,2,0,TRUE,70,1486.5738468170166,11.402076482772827,1567.9759232997894,10.060999999999998,0.006416552608044341,3,1,
80,7,linCmt,focei,lbfgsb3c,70,ok,TRUE,TRUE,TRUE,TRUE,-4405.306336610858,3.4012000253857577,native,8,TRUE,TRUE,NA,FALSE,focei,"r,s",2,2,2,0,TRUE,58.77000000000001,1107.818153142929,13.001984596252441,1179.5901377391815,10.111999999999998,0.008572469094545666,3,1,
80,7,linCmt,focei,lbfgsb3c,71,ok,TRUE,TRUE,TRUE,TRUE,-4447.469288536641,4.995211645032526,native,8,TRUE,TRUE,NA,FALSE,focei,"r,s",2,2,2,0,TRUE,64.926,1142.67383146286,13.06406283378601,1220.663894296646,9.885,0.008098052253520447,3,1,
80,7,linCmt,focei,lbfgsb3c,72,ok,TRUE,TRUE,TRUE,TRUE,-4455.565557852487,5.959164912506265,native,8,TRUE,TRUE,NA,FALSE,focei,"r,s",2,2,2,0,TRUE,21.013,317.77085399627686,9.98832392692566,348.7721779232025,9.509,0.027264216018095984,3,1,
80,7,linCmt,focei,lbfgsb3c,73,ok,TRUE,TRUE,TRUE,TRUE,-4452.532238402472,3.550201624732062,native,8,TRUE,TRUE,NA,FALSE,focei,"r,s",2,2,2,0,TRUE,81.59700000000001,1514.2335674762726,12.75545358657837,1608.586021062851,10.237000000000004,0.006363974239460348,3,1,
80,7,linCmt,focei,lbfgsb3c,74,ok,TRUE,TRUE,TRUE,TRUE,-4424.617607450544,6.236049430741364,native,8,TRUE,TRUE,NA,FALSE,focei,"r,s",2,2,2,0,TRUE,75.995,1089.1264085769653,12.405644416809082,1177.5270529937743,9.612,0.008162869783383923,3,1,
80,7,linCmt,focei,lbfgsb3c,75,ok,TRUE,TRUE,TRUE,TRUE,-4491.654095371846,4.020319345052077,native,8,TRUE,TRUE,NA,FALSE,focei,"r,s",2,2,2,0,TRUE,79.14,1104.5064370632172,10.794106006622314,1194.4405430698396,9.762000000000002,0.0081728639040589,3,1,
80,7,linCmt,focei,lbfgsb3c,76,ok,TRUE,TRUE,TRUE,TRUE,-4397.49615651939,6.32093755100253,native,8,TRUE,TRUE,NA,FALSE,focei,"r,s",2,2,2,0,TRUE,76.17200000000001,1777.5716350078583,13.151067972183228,1866.8947029800415,10.116999999999994,0.005419159411535463,3,1,
80,7,linCmt,focei,lbfgsb3c,77,ok,TRUE,TRUE,TRUE,TRUE,-4470.229403303705,4.967725225437364,native,8,TRUE,TRUE,NA,FALSE,focei,"r,s",2,2,2,0,TRUE,78.87400000000001,1106.5397307872772,11.426401376724243,1196.8401321640015,9.886999999999997,0.008260919511550264,3,1,
80,7,linCmt,focei,lbfgsb3c,78,ok,TRUE,TRUE,TRUE,TRUE,-4379.774688572495,3.689426655358473,native,8,TRUE,TRUE,NA,FALSE,focei,"r,s",2,2,2,0,TRUE,71.789,1485.8941009044647,11.765378713607788,1569.4484796180725,10.014000000000001,0.006380585364890042,3,1,
80,7,linCmt,focei,lbfgsb3c,79,ok,TRUE,TRUE,TRUE,TRUE,-4397.533795469771,5.780914811521095,native,8,TRUE,TRUE,NA,FALSE,focei,"r,s",2,2,2,0,TRUE,60.663,1068.2897107601166,12.054063081741333,1141.006773841858,10.147000000000002,0.008893023453168704,3,1,
80,7,linCmt,focei,lbfgsb3c,80,ok,TRUE,TRUE,TRUE,TRUE,-4487.074333745016,5.304050940019562,native,8,TRUE,TRUE,NA,FALSE,focei,"r,s",2,2,1,1,FALSE,65.38600000000001,1145.14777302742,12.768006563186646,1223.3017795906067,10.230000000000002,0.008362613519146191,3,1,
80,7,linCmt,focei,lbfgsb3c,81,ok,TRUE,TRUE,TRUE,TRUE,-4458.592246393926,3.8306176236107086,native,8,TRUE,TRUE,NA,FALSE,focei,"r,s",2,2,2,0,TRUE,67.89999999999999,1120.5898668766022,13.014986515045166,1201.5048533916474,9.902000000000001,0.008241331670070504,3,1,
80,7,linCmt,focei,lbfgsb3c,82,ok,TRUE,TRUE,TRUE,TRUE,-4485.501049126723,3.3548044513884214,native,8,TRUE,TRUE,NA,FALSE,focei,"r,s",2,2,2,0,TRUE,73.947,1075.489660024643,12.676328420639038,1162.112988445282,10.270999999999999,0.008838211174062277,3,1,
80,7,linCmt,focei,lbfgsb3c,83,ok,TRUE,TRUE,TRUE,TRUE,-4399.180636979206,3.8978109931235285,native,8,TRUE,TRUE,NA,FALSE,focei,"r,s",2,2,2,0,TRUE,78.59100000000001,1095.6112768650055,10.160975933074951,1184.3632527980803,9.661999999999999,0.008157970096736236,3,1,
80,7,linCmt,focei,lbfgsb3c,84,ok,TRUE,TRUE,TRUE,TRUE,-4400.643947254541,2.722675487979503,native,8,TRUE,TRUE,NA,FALSE,focei,"r,s",1,2,1,0,FALSE,70.81800000000001,1117.2963321208954,10.427879095077515,1198.5422112159729,8.355999999999998,0.0069718028466619255,3,1,
80,7,linCmt,focei,lbfgsb3c,85,ok,TRUE,TRUE,TRUE,TRUE,-4480.109851690835,6.3816863379960544,native,8,TRUE,TRUE,NA,FALSE,focei,"r,s",2,2,2,0,TRUE,76.207,1131.45654129982,13.14755368232727,1220.811094982147,9.452000000000002,0.007742393592956514,3,1,
80,7,linCmt,focei,lbfgsb3c,86,ok,TRUE,TRUE,TRUE,TRUE,-4463.1942223610995,3.9795919396869137,native,8,TRUE,TRUE,NA,FALSE,focei,"r,s",2,2,2,0,TRUE,74.19900000000001,1111.934119462967,12.64218020439148,1198.7752996673585,9.937000000000001,0.00828929325016737,3,1,
80,7,linCmt,focei,lbfgsb3c,87,ok,TRUE,TRUE,TRUE,TRUE,-4417.022537942182,5.226169247556594,native,8,TRUE,TRUE,NA,FALSE,focei,"r,s",2,2,2,0,TRUE,81.938,1086.5632078647614,12.84060001373291,1181.3418078784944,10.184000000000001,0.0086207056518967,3,1,
80,7,linCmt,focei,lbfgsb3c,88,ok,TRUE,TRUE,TRUE,TRUE,-4432.258878597597,5.28000207010481,native,8,TRUE,TRUE,NA,FALSE,focei,"r,s",2,2,2,0,TRUE,77.572,1448.776962518692,10.86960768699646,1537.2185702056886,9.916999999999998,0.006451262164152133,3,1,
80,7,linCmt,focei,lbfgsb3c,89,ok,TRUE,TRUE,TRUE,TRUE,-4446.246713930421,4.0990692642837665,native,8,TRUE,TRUE,NA,FALSE,focei,"r,s",2,2,1,1,FALSE,69.108,1110.2823753356934,12.900207281112671,1192.290582616806,10.231000000000002,0.008580961847023307,3,1,
80,7,linCmt,focei,lbfgsb3c,90,ok,TRUE,TRUE,TRUE,TRUE,-4407.6734416390955,19.02972771568619,native,8,TRUE,TRUE,NA,FALSE,focei,"r,s",3,2,2,1,FALSE,71.00999999999999,1469.1811051368713,13.17934799194336,1553.3704531288147,11.934,0.00768264902680646,3,1,
80,7,linCmt,focei,lbfgsb3c,91,ok,TRUE,TRUE,TRUE,TRUE,-4440.987991438618,4.008769046504726,native,8,TRUE,TRUE,NA,FALSE,focei,"r,s",2,2,2,0,TRUE,69.269,1128.9935858249664,11.769011497497559,1210.031597322464,9.632000000000001,0.00796012271193043,3,1,
80,7,linCmt,focei,lbfgsb3c,92,ok,TRUE,TRUE,TRUE,TRUE,-4449.58093751228,3.6441343875499994,native,8,TRUE,TRUE,NA,FALSE,focei,"r,s",2,2,2,0,TRUE,77.171,1117.063904285431,13.489569187164307,1207.7244734725953,10.065,0.008333854468527822,3,1,
80,7,linCmt,focei,lbfgsb3c,93,ok,TRUE,TRUE,TRUE,TRUE,-4374.213099560003,3.319980684451581,native,8,TRUE,TRUE,NA,FALSE,focei,"r,s",2,2,2,0,TRUE,81.074,1841.33962225914,11.721461772918701,1934.1350840320588,10.024999999999995,0.005183195363532234,3,1,
80,7,linCmt,focei,lbfgsb3c,94,ok,TRUE,TRUE,TRUE,TRUE,-4484.134636958673,6.4691458404069975,native,8,TRUE,TRUE,NA,FALSE,focei,"r,s",2,2,2,0,TRUE,78.623,1759.3118193149567,12.190582752227783,1850.1254020671845,10.142,0.005481790579529434,3,1,
80,7,linCmt,focei,lbfgsb3c,95,ok,TRUE,TRUE,TRUE,TRUE,-4420.898541255894,4.653630808257012,native,8,TRUE,TRUE,NA,FALSE,focei,"r,s",2,2,2,0,TRUE,77.378,1135.452305316925,12.69327998161316,1225.5235852985381,10.060000000000002,0.008208736348023347,3,1,
80,7,linCmt,focei,lbfgsb3c,96,ok,TRUE,TRUE,TRUE,TRUE,-4436.874136834055,3.772014879900466,native,8,TRUE,TRUE,NA,FALSE,focei,"r,s",2,2,2,0,TRUE,81.305,1507.6733620166779,14.20445966720581,1603.1828216838837,9.775000000000004,0.006097245970820066,3,1,
80,7,linCmt,focei,lbfgsb3c,97,ok,TRUE,TRUE,TRUE,TRUE,-4472.890309989938,3.8353760926488003,native,8,TRUE,TRUE,NA,FALSE,focei,"r,s",2,2,2,0,TRUE,77.52600000000001,1087.358631849289,14.189369201660156,1179.0740010509492,9.704999999999998,0.008231035534113718,3,1,
80,7,linCmt,focei,lbfgsb3c,98,ok,TRUE,TRUE,TRUE,TRUE,-4461.989800169222,5.321192475904784,native,8,TRUE,TRUE,NA,FALSE,focei,"r,s",2,2,2,0,TRUE,66.89399999999999,1495.2306368350983,11.606177806854248,1573.7308146419525,9.650999999999996,0.0061325608612396295,3,1,
80,7,linCmt,focei,lbfgsb3c,99,ok,TRUE,TRUE,TRUE,TRUE,-4432.868418471087,3.720554426534884,native,8,TRUE,TRUE,NA,FALSE,focei,"r,s",2,2,2,0,TRUE,17.000999999999998,433.0023500919342,10.48490047454834,460.4882505664825,10.105000000000002,0.021944099523862018,3,1,
80,7,linCmt,focei,lbfgsb3c,100,ok,TRUE,TRUE,TRUE,TRUE,-4433.454119333015,7.128865662890092,native,8,TRUE,TRUE,NA,FALSE,focei,"r,s",2,2,1,1,FALSE,70.849,1136.8950192928314,13.57459306716919,1221.3186123600005,10.165,0.008322971497468447,3,1,
80,8,linCmt,focei,lbfgsb3c,1,ok,TRUE,TRUE,TRUE,TRUE,-4380.15259923617,8.83680852633282,native,8,TRUE,TRUE,NA,FALSE,focei,"r,s",3,3,3,0,TRUE,78.869,1512.4598503112793,14.01833963394165,1605.3471899452209,11.616999999999999,0.007236440860120984,3,1,
80,8,linCmt,focei,lbfgsb3c,2,ok,TRUE,TRUE,TRUE,TRUE,-4378.754964832245,8.862622974845847,native,8,TRUE,TRUE,NA,FALSE,focei,"r,s",3,3,3,0,TRUE,69.292,1488.5509026050568,15.335925340652466,1573.1788279457091,11.956000000000005,0.007599898872026143,3,1,
80,8,linCmt,focei,lbfgsb3c,3,ok,TRUE,TRUE,TRUE,TRUE,-4414.915583753522,8.677706930544733,native,8,TRUE,TRUE,NA,FALSE,focei,"r,s",3,3,1,2,FALSE,75.128,1994.2240250110626,18.978825569152832,2088.3308505802156,11.738,0.0056207568818603375,3,1,
80,8,linCmt,focei,lbfgsb3c,4,ok,TRUE,TRUE,TRUE,TRUE,-4435.29146783332,9.021469842557359,native,8,TRUE,TRUE,NA,FALSE,focei,"r,s",3,3,3,0,TRUE,84.217,1822.6534972190857,12.859221935272217,1919.729719154358,10.86,0.005657046349620423,3,1,
80,8,linCmt,focei,lbfgsb3c,5,ok,TRUE,TRUE,TRUE,TRUE,-4486.103682338783,11.08593545706877,native,8,TRUE,TRUE,NA,FALSE,focei,"r,s",3,3,3,0,TRUE,74.09,1811.6180021762848,14.774951934814453,1900.4829541110992,11.415999999999999,0.006006894181978881,3,1,
80,8,linCmt,focei,lbfgsb3c,6,ok,TRUE,TRUE,TRUE,TRUE,-4447.282388872141,7.594285782515844,native,8,TRUE,TRUE,NA,FALSE,focei,"r,s",3,3,3,0,TRUE,79.093,1432.3900909423828,12.85098147392273,1524.3340724163056,11.455,0.007514756907481606,3,1,
80,8,linCmt,focei,lbfgsb3c,7,ok,TRUE,TRUE,TRUE,TRUE,-4506.25295498488,10.667029152628865,native,8,TRUE,TRUE,NA,FALSE,focei,"r,s",3,3,3,0,TRUE,61.369,1284.0890629291534,15.420683860778809,1360.8787467899322,11.872000000000003,0.00872377500787922,3,1,
80,8,linCmt,focei,lbfgsb3c,8,ok,TRUE,TRUE,TRUE,TRUE,-4422.994584179772,12.864762165935558,native,8,TRUE,TRUE,NA,FALSE,focei,"r,s",3,3,3,0,TRUE,67.581,2284.6073212623596,12.681227684020996,2364.8695489463807,11.589999999999998,0.004900904578505688,3,1,
80,8,linCmt,focei,lbfgsb3c,9,ok,TRUE,TRUE,TRUE,TRUE,-4464.694261341112,11.163027200449289,native,8,TRUE,TRUE,NA,FALSE,focei,"r,s",3,3,2,1,FALSE,66.04,1450.8762056827545,15.906542539596558,1532.822748222351,12.985999999999997,0.008471951512371638,3,1,
80,8,linCmt,focei,lbfgsb3c,10,ok,TRUE,TRUE,TRUE,TRUE,-4400.567493954656,7.576232228393633,native,8,TRUE,TRUE,NA,FALSE,focei,"r,s",4,3,2,2,FALSE,74.347,2000.6420829296112,17.937334299087524,2092.926417228699,13.706000000000001,0.006548725214213929,3,1,
80,8,linCmt,focei,lbfgsb3c,11,ok,TRUE,TRUE,TRUE,TRUE,-4391.297732216235,11.9569929886334,native,27,TRUE,TRUE,NA,FALSE,focei,"r,s",3,3,3,0,TRUE,68.80300000000001,1584.9443671703339,15.406214475631714,1669.1535816459657,12.617999999999999,0.0075595200697812885,3,1,
80,8,linCmt,focei,lbfgsb3c,12,ok,TRUE,TRUE,TRUE,TRUE,-4361.616399315087,4.14630553379619,native,8,TRUE,TRUE,NA,FALSE,focei,"r,s",2,3,2,0,FALSE,69.831,1452.8987891674042,12.44694447517395,1535.176733642578,10.339999999999998,0.006735380867495202,3,1,
80,8,linCmt,focei,lbfgsb3c,13,ok,TRUE,TRUE,TRUE,TRUE,-4467.787004399164,8.283752439141411,native,8,TRUE,TRUE,NA,FALSE,focei,"r,s",3,3,3,0,TRUE,78.125,1502.8467118740082,15.372653484344482,1596.3443653583527,11.938000000000004,0.007478336290753983,3,1,
80,8,linCmt,focei,lbfgsb3c,14,ok,TRUE,TRUE,TRUE,TRUE,-4412.844458027667,7.247517451207665,native,8,TRUE,TRUE,NA,FALSE,focei,"r,s",3,3,3,0,TRUE,73.053,1441.815913438797,17.670087337493896,1532.5390007762908,11.650000000000002,0.007601764127437424,3,1,
80,8,linCmt,focei,lbfgsb3c,15,ok,TRUE,TRUE,TRUE,TRUE,-4491.4952121589795,9.195237735327522,native,8,TRUE,TRUE,NA,FALSE,focei,"r,s",3,3,2,1,FALSE,65.6,1839.1521713733673,13.292507410049438,1918.0446787834167,11.407000000000004,0.00594720244328994,3,1,
80,8,linCmt,focei,lbfgsb3c,16,ok,TRUE,TRUE,TRUE,TRUE,-4459.159966874495,10.50017601046199,native,8,TRUE,TRUE,NA,FALSE,focei,"r,s",4,3,3,1,FALSE,71.468,1791.716140985489,16.48757004737854,1879.6717110328675,13.216000000000003,0.007031015002475031,3,1,
80,8,linCmt,focei,lbfgsb3c,17,ok,TRUE,TRUE,TRUE,TRUE,-4397.958268888443,13.259865426181948,native,8,TRUE,TRUE,NA,FALSE,focei,"r,s",4,3,3,1,FALSE,67.271,1742.912764787674,15.250132083892822,1825.4338968715667,13.438000000000002,0.0073615374531118775,3,1,
80,8,linCmt,focei,lbfgsb3c,18,ok,TRUE,TRUE,TRUE,TRUE,-4360.136579799402,3.0487141272188207,native,8,TRUE,TRUE,NA,FALSE,focei,"r,s",1,3,1,0,FALSE,67.386,799.4396946430206,10.769340515136719,877.5950351581573,8.581999999999997,0.009778997893320325,3,1,
80,8,linCmt,focei,lbfgsb3c,19,ok,TRUE,TRUE,TRUE,TRUE,-4465.932341136704,9.958038095873551,native,8,TRUE,TRUE,NA,FALSE,focei,"r,s",3,3,2,1,FALSE,73.105,2087.980736017227,12.986055612564087,2174.0717916297913,11.696,0.005379767147078479,3,1,
80,8,linCmt,focei,lbfgsb3c,20,ok,TRUE,TRUE,TRUE,TRUE,-4425.270402758352,5.262723232069311,native,8,TRUE,TRUE,NA,FALSE,focei,"r,s",3,3,2,1,FALSE,83.559,2150.461251974106,17.3704833984375,2251.3907353725435,11.236000000000002,0.0049906930074227,3,1,
80,8,linCmt,focei,lbfgsb3c,21,ok,TRUE,TRUE,TRUE,TRUE,-4416.320707399942,14.613819406456892,native,8,TRUE,TRUE,NA,FALSE,focei,"r,s",4,3,1,3,FALSE,61.12200000000001,1845.067543745041,16.507299184799194,1922.6968429298402,13.616999999999999,0.007082239745736602,3,1,
80,8,linCmt,focei,lbfgsb3c,22,ok,TRUE,TRUE,TRUE,TRUE,-4414.6136646986015,9.244044255190193,native,8,TRUE,TRUE,NA,FALSE,focei,"r,s",3,3,3,0,TRUE,69.19200000000001,1444.9795551300049,15.812728881835938,1529.9842840118408,11.578999999999997,0.0075680515943851254,3,1,
80,8,linCmt,focei,lbfgsb3c,23,ok,TRUE,TRUE,TRUE,TRUE,-4445.516699784036,9.720194693126082,native,8,TRUE,TRUE,NA,FALSE,focei,"r,s",3,3,2,1,FALSE,81.35100000000001,1533.2203221321106,12.652740001678467,1627.2240621337892,11.758999999999999,0.0072264172302002145,3,1,
80,8,linCmt,focei,lbfgsb3c,24,ok,TRUE,TRUE,TRUE,TRUE,-4505.844836340772,12.681076893935895,native,8,TRUE,TRUE,NA,FALSE,focei,"r,s",3,3,3,0,TRUE,76.431,1445.9544656276703,15.208727598190308,1537.5941932258606,11.333999999999996,0.007371255725297292,3,1,
80,8,linCmt,focei,lbfgsb3c,25,ok,TRUE,TRUE,TRUE,TRUE,-4495.783604130133,8.079191428725155,native,8,TRUE,TRUE,NA,FALSE,focei,"r,s",3,3,2,1,FALSE,58.407,1463.1848282814026,14.332613229751587,1535.924441511154,11.948999999999996,0.007779679570854216,3,1,
80,8,linCmt,focei,lbfgsb3c,26,ok,TRUE,TRUE,TRUE,TRUE,-4467.256964491478,11.877071005724945,native,8,TRUE,TRUE,NA,FALSE,focei,"r,s",4,3,3,1,FALSE,74.608,1759.4330191612244,14.188773393630981,1848.2297925548553,13.320999999999998,0.00720743711288521,3,1,
80,8,linCmt,focei,lbfgsb3c,27,ok,TRUE,TRUE,TRUE,TRUE,-4441.017769193438,11.716767732135136,native,8,TRUE,TRUE,NA,FALSE,focei,"r,s",3,3,3,0,TRUE,74.78500000000001,1375.4560294151306,17.722716808319092,1467.9637462234498,11.430000000000005,0.007786295832853735,3,1,
80,8,linCmt,focei,lbfgsb3c,28,ok,TRUE,TRUE,TRUE,TRUE,-4429.176456799777,8.619942200854338,native,8,TRUE,TRUE,NA,FALSE,focei,"r,s",3,3,2,1,FALSE,83.801,1507.7169473171234,15.400556802749634,1606.918504119873,11.314,0.007040805100565322,3,1,
80,8,linCmt,focei,lbfgsb3c,29,ok,TRUE,TRUE,TRUE,TRUE,-4423.912925812527,12.470502948722471,native,8,TRUE,TRUE,NA,FALSE,focei,"r,s",3,3,2,1,FALSE,59.961,1853.688388824463,16.17201590538025,1929.8214047298432,11.459,0.005937855167278628,3,1,
80,8,linCmt,focei,lbfgsb3c,30,ok,TRUE,TRUE,TRUE,TRUE,-4426.139885451229,8.791625512108254,native,8,TRUE,TRUE,NA,FALSE,focei,"r,s",3,3,2,1,FALSE,71.006,1538.9182877540588,15.369348764419556,1625.2936365184785,11.623999999999999,0.007151938418278451,3,1,
80,8,linCmt,focei,lbfgsb3c,31,ok,TRUE,TRUE,TRUE,TRUE,-4467.319900051429,9.187870856390175,native,8,TRUE,TRUE,NA,FALSE,focei,"r,s",3,3,3,0,TRUE,67.222,1853.1484220027924,15.470279693603516,1935.8407016963959,11.554000000000002,0.005968466305040038,3,1,
80,8,linCmt,focei,lbfgsb3c,32,ok,TRUE,TRUE,TRUE,TRUE,-4387.214603305995,12.845411383958607,native,8,TRUE,TRUE,NA,FALSE,focei,"r,s",3,3,3,0,TRUE,67.509,1596.4048533439636,13.461956024169922,1677.3758093681336,12.007,0.007158205056339181,3,1,
80,8,linCmt,focei,lbfgsb3c,33,ok,TRUE,TRUE,TRUE,TRUE,-4504.1863068522725,8.657749257208916,native,8,TRUE,TRUE,NA,FALSE,focei,"r,s",3,3,3,0,TRUE,20.968,425.7792491912842,11.814539432525635,458.56178862380983,11.268,0.024572479171926655,3,1,
80,8,linCmt,focei,lbfgsb3c,34,ok,TRUE,TRUE,TRUE,TRUE,-4473.644141778908,8.089080933603451,native,8,TRUE,TRUE,NA,FALSE,focei,"r,s",3,3,3,0,TRUE,79.312,1473.3443608283997,15.163851499557495,1567.820212327957,11.798,0.0075250975253609576,3,1,
80,8,linCmt,focei,lbfgsb3c,35,ok,TRUE,TRUE,TRUE,TRUE,-4459.563831346064,9.110542548299408,native,8,TRUE,TRUE,NA,FALSE,focei,"r,s",3,3,3,0,TRUE,79.821,1965.9566588401794,15.081899881362915,2060.8595587215423,11.310000000000002,0.005488001330384774,3,1,
80,8,linCmt,focei,lbfgsb3c,36,ok,TRUE,TRUE,TRUE,TRUE,-4398.744636136303,9.193893507998915,native,8,TRUE,TRUE,NA,FALSE,focei,"r,s",3,3,3,0,TRUE,66.191,1591.9316608905792,14.200270414352417,1672.3229313049317,11.739999999999998,0.0070201752186936466,3,1,
80,8,linCmt,focei,lbfgsb3c,37,ok,TRUE,TRUE,TRUE,TRUE,-4452.496407617238,10.494688659521312,native,27,TRUE,TRUE,NA,FALSE,focei,"r,s",3,3,3,0,TRUE,66.099,1499.6575832366943,13.970638036727905,1579.7272212734222,12.604,0.007978592652116156,3,1,
80,8,linCmt,focei,lbfgsb3c,38,ok,TRUE,TRUE,TRUE,TRUE,-4463.530311238579,13.158448897917475,native,8,TRUE,TRUE,NA,FALSE,focei,"r,s",3,3,3,0,TRUE,61.57899999999999,1521.696959733963,13.330276012420654,1596.6062357463836,11.180999999999997,0.007002979037453833,3,1,
80,8,linCmt,focei,lbfgsb3c,39,ok,TRUE,TRUE,TRUE,TRUE,-4465.811757655022,10.419657256188277,native,8,TRUE,TRUE,NA,FALSE,focei,"r,s",3,3,3,0,TRUE,81.982,1486.806367635727,16.580963373184204,1585.369331008911,11.773000000000005,0.0074260298655505095,3,1,
80,8,linCmt,focei,lbfgsb3c,40,ok,TRUE,TRUE,TRUE,TRUE,-4492.359586737135,9.441000313128598,native,8,TRUE,TRUE,NA,FALSE,focei,"r,s",3,3,3,0,TRUE,75.306,1544.550166130066,12.986339807510376,1632.8425059375763,11.368000000000002,0.006962092154425212,3,1,
80,8,linCmt,focei,lbfgsb3c,41,ok,TRUE,TRUE,TRUE,TRUE,-4449.141251557679,10.091265444337962,native,8,TRUE,TRUE,NA,FALSE,focei,"r,s",3,3,3,0,TRUE,70.00600000000001,1543.9152097702026,13.967839479446411,1627.8890492496491,12.007000000000001,0.007375809798299489,3,1,
80,8,linCmt,focei,lbfgsb3c,42,ok,TRUE,TRUE,TRUE,TRUE,-4460.850519207067,13.993507137978304,native,8,TRUE,TRUE,NA,FALSE,focei,"r,s",3,3,2,1,FALSE,77.465,1921.227979183197,13.513797521591187,2012.2067767047881,11.698000000000004,0.0058135178429111435,3,1,
80,8,linCmt,focei,lbfgsb3c,43,ok,TRUE,TRUE,TRUE,TRUE,-4413.938806629875,7.509536704306226,native,27,TRUE,TRUE,NA,FALSE,focei,"r,s",3,3,3,0,TRUE,73.004,1472.0669250488281,14.065105676651001,1559.136030725479,12.396000000000003,0.00795055707501804,3,1,
80,8,linCmt,focei,lbfgsb3c,44,ok,TRUE,TRUE,TRUE,TRUE,-4464.653927403838,6.375366133464049,native,8,TRUE,TRUE,NA,FALSE,focei,"r,s",3,3,3,0,TRUE,72.149,1436.208869934082,13.049154043197632,1521.4070239772796,11.701,0.007690907045644573,3,1,
80,8,linCmt,focei,lbfgsb3c,45,ok,TRUE,TRUE,TRUE,TRUE,-4449.916231377328,14.463816245951552,native,8,TRUE,TRUE,NA,FALSE,focei,"r,s",3,3,2,1,FALSE,80.47399999999999,2181.255563020706,18.710323572158813,2280.439886592865,12.056000000000001,0.005286699320986048,3,1,
80,8,linCmt,focei,lbfgsb3c,46,ok,TRUE,TRUE,TRUE,TRUE,-4412.6440532044135,8.235978790654015,native,8,TRUE,TRUE,NA,FALSE,focei,"r,s",3,3,2,1,FALSE,91.96799999999999,1486.1360733509064,14.906476259231567,1593.010549610138,11.584999999999997,0.0072723937721788645,3,1,
80,8,linCmt,focei,lbfgsb3c,47,ok,TRUE,TRUE,TRUE,TRUE,-4493.165503251611,7.510977939135508,native,8,TRUE,TRUE,NA,FALSE,focei,"r,s",3,3,3,0,TRUE,70.929,1589.154242515564,13.436803817749023,1673.520046333313,11.488000000000001,0.006864572686278984,3,1,
80,8,linCmt,focei,lbfgsb3c,48,ok,TRUE,TRUE,TRUE,TRUE,-4457.702371350134,8.39243193942772,native,8,TRUE,TRUE,NA,FALSE,focei,"r,s",3,3,3,0,TRUE,17.984,429.42432856559753,12.687658309936523,460.09598687553404,11.186,0.024312318122926935,3,1,
80,8,linCmt,focei,lbfgsb3c,49,ok,TRUE,TRUE,TRUE,TRUE,-4399.276904623321,9.516863997529581,native,8,TRUE,TRUE,NA,FALSE,focei,"r,s",3,3,3,0,TRUE,77.35900000000001,1583.9835286140442,14.59401249885559,1675.9365411128997,11.929000000000002,0.00711781126991753,3,1,
80,8,linCmt,focei,lbfgsb3c,50,ok,TRUE,TRUE,TRUE,TRUE,-4416.041247700039,8.016022197439666,native,8,TRUE,TRUE,NA,FALSE,focei,"r,s",3,3,3,0,TRUE,50.048,1244.1170420646667,12.041662216186523,1306.2067042808533,11.757999999999996,0.009001638072646008,3,1,
80,8,linCmt,focei,lbfgsb3c,51,ok,TRUE,TRUE,TRUE,TRUE,-4512.056404755499,9.868534782434557,native,8,TRUE,TRUE,NA,FALSE,focei,"r,s",3,3,3,0,TRUE,17.433,520.8698806762695,12.05749249458313,550.3603731708527,11.517,0.020926288594590888,3,1,
80,8,linCmt,focei,lbfgsb3c,52,ok,TRUE,TRUE,TRUE,TRUE,-4383.143015424236,10.37043973035025,native,8,TRUE,TRUE,NA,FALSE,focei,"r,s",3,3,3,0,TRUE,22.179000000000002,545.1178805828094,12.386933326721191,579.6838139095306,11.828000000000001,0.020404226780508242,3,1,
80,8,linCmt,focei,lbfgsb3c,53,ok,TRUE,TRUE,TRUE,TRUE,-4461.438031951822,9.27304745110945,native,8,TRUE,TRUE,NA,FALSE,focei,"r,s",3,3,3,0,TRUE,69.267,1868.1918458938599,13.74825143814087,1951.2070973320008,11.651000000000007,0.0059711754923047885,3,1,
80,8,linCmt,focei,lbfgsb3c,54,ok,TRUE,TRUE,TRUE,TRUE,-4458.844712784647,15.301792204678046,native,8,TRUE,TRUE,NA,FALSE,focei,"r,s",3,3,3,0,TRUE,93.533,1475.897335767746,16.590793132781982,1586.0211289005279,11.856999999999998,0.007475940757623819,3,1,
80,8,linCmt,focei,lbfgsb3c,55,ok,TRUE,TRUE,TRUE,TRUE,-4474.518949802528,7.513850580059751,native,8,TRUE,TRUE,NA,FALSE,focei,"r,s",3,3,3,0,TRUE,53.455,1221.3950457572937,14.268097162246704,1289.1181429195403,11.861000000000004,0.00920086344695895,3,1,
80,8,linCmt,focei,lbfgsb3c,56,ok,TRUE,TRUE,TRUE,TRUE,-4442.8420721808725,11.956064061964625,native,8,TRUE,TRUE,NA,FALSE,focei,"r,s",3,3,3,0,TRUE,19.051000000000002,632.4787719249725,12.288021087646484,663.8177930126191,11.617000000000003,0.01750028414766997,3,1,
80,8,linCmt,focei,lbfgsb3c,57,ok,TRUE,TRUE,TRUE,TRUE,-4491.432000336439,7.032088794673494,native,8,TRUE,TRUE,NA,FALSE,focei,"r,s",3,3,2,1,FALSE,85.588,1457.5765404701233,15.518269300460815,1558.682809770584,11.831000000000007,0.007590383319709134,3,1,
80,8,linCmt,focei,lbfgsb3c,58,ok,TRUE,TRUE,TRUE,TRUE,-4443.869568692121,9.246290955676697,native,8,TRUE,TRUE,NA,FALSE,focei,"r,s",2,3,2,0,FALSE,84.095,1167.2036426067352,12.26944899559021,1263.5680916023255,10.161999999999999,0.008042305015089143,3,1,
80,8,linCmt,focei,lbfgsb3c,59,ok,TRUE,TRUE,TRUE,TRUE,-4370.345164629469,6.942073978341061,native,8,TRUE,TRUE,NA,FALSE,focei,"r,s",3,3,3,0,TRUE,68.914,1509.7292807102203,14.365929126739502,1593.0092098369598,11.607000000000003,0.007286210229247795,3,1,
80,8,linCmt,focei,lbfgsb3c,60,ok,TRUE,TRUE,TRUE,TRUE,-4463.451643241694,9.097625936019252,native,8,TRUE,TRUE,NA,FALSE,focei,"r,s",3,3,3,0,TRUE,93.381,1729.5101211071014,14.220283031463623,1837.1114041385651,12.287,0.006688217150206775,3,1,
80,8,linCmt,focei,lbfgsb3c,61,ok,TRUE,TRUE,TRUE,TRUE,-4462.622012524,6.979010434200263,native,8,TRUE,TRUE,NA,FALSE,focei,"r,s",3,3,1,2,FALSE,78.667,1557.4577310085297,15.312472105026245,1651.4372031135558,11.42,0.006915188769193992,3,1,
80,8,linCmt,focei,lbfgsb3c,62,ok,TRUE,TRUE,TRUE,TRUE,-4486.72612128309,10.128839651159636,native,8,TRUE,TRUE,NA,FALSE,focei,"r,s",3,3,3,0,TRUE,19.478,534.1634356975555,12.292392492294312,565.9338281898498,11.527000000000001,0.02036810564385121,3,1,
80,8,linCmt,focei,lbfgsb3c,63,ok,TRUE,TRUE,TRUE,TRUE,-4458.410166280993,7.773676335479408,native,8,TRUE,TRUE,NA,FALSE,focei,"r,s",3,3,1,2,FALSE,88.33399999999999,1544.1808400154114,15.125575542449951,1647.6404155578614,11.915000000000003,0.007231553612968275,3,1,
80,8,linCmt,focei,lbfgsb3c,64,ok,TRUE,TRUE,TRUE,TRUE,-4437.461222207074,7.015260677114512,native,8,TRUE,TRUE,NA,FALSE,focei,"r,s",3,3,3,0,TRUE,84.42,1441.68239736557,15.067583560943604,1541.1699809265137,11.604000000000003,0.007529344682034335,3,1,
80,8,linCmt,focei,lbfgsb3c,65,ok,TRUE,TRUE,TRUE,TRUE,-4407.586094124175,11.617524051100995,native,8,TRUE,TRUE,NA,FALSE,focei,"r,s",3,3,3,0,TRUE,57.798,1474.1359796524048,13.29806637763977,1545.2320460300446,11.744,0.007600153019200106,3,1,
80,8,linCmt,focei,lbfgsb3c,66,ok,TRUE,TRUE,TRUE,TRUE,-4463.5209496499065,9.74052307211264,native,8,TRUE,TRUE,NA,FALSE,focei,"r,s",3,3,3,0,TRUE,80.115,1517.304562330246,15.344314575195312,1612.7638769054413,11.324000000000003,0.00702148663059617,3,1,
80,8,linCmt,focei,lbfgsb3c,67,ok,TRUE,TRUE,TRUE,TRUE,-4456.035861450248,7.412805465144029,native,8,TRUE,TRUE,NA,FALSE,focei,"r,s",3,3,3,0,TRUE,77.638,1475.217248916626,13.69304370880127,1566.5482926254272,11.647000000000002,0.007434817078304322,3,1,
80,8,linCmt,focei,lbfgsb3c,68,ok,TRUE,TRUE,TRUE,TRUE,-4410.509287163031,10.068932158737619,native,8,TRUE,TRUE,NA,FALSE,focei,"r,s",3,3,1,2,FALSE,75.661,1446.0882096290588,15.483876466751099,1537.23308609581,11.458000000000002,0.007453651696438876,3,1,
80,8,linCmt,focei,lbfgsb3c,69,ok,TRUE,TRUE,TRUE,TRUE,-4478.701754035239,8.638130865902205,native,8,TRUE,TRUE,NA,FALSE,focei,"r,s",4,3,3,1,FALSE,79.797,1783.797283411026,16.496867656707764,1880.0911510677338,13.706999999999999,0.007290603964714995,3,1,
80,8,linCmt,focei,lbfgsb3c,70,ok,TRUE,TRUE,TRUE,TRUE,-4390.044735854877,8.382936814047175,native,8,TRUE,TRUE,NA,FALSE,focei,"r,s",3,3,3,0,TRUE,78.304,2193.5940914154053,18.381793975830078,2290.2798853912354,11.162,0.004873640148174842,3,1,
80,8,linCmt,focei,lbfgsb3c,71,ok,TRUE,TRUE,TRUE,TRUE,-4424.558736477284,11.095992058771621,native,8,TRUE,TRUE,NA,FALSE,focei,"r,s",3,3,2,1,FALSE,71.62100000000001,1866.237778186798,12.143858432769775,1950.002636619568,11.472000000000003,0.005883068968505252,3,1,
80,8,linCmt,focei,lbfgsb3c,72,ok,TRUE,TRUE,TRUE,TRUE,-4469.51184961848,9.657350193494603,native,8,TRUE,TRUE,NA,FALSE,focei,"r,s",3,3,2,1,FALSE,60.446,1456.3733024597168,17.34855580329895,1534.1678582630157,11.277999999999995,0.007351216452135129,3,1,
80,8,linCmt,focei,lbfgsb3c,73,ok,TRUE,TRUE,TRUE,TRUE,-4422.001718700376,7.874826633668442,native,8,TRUE,TRUE,NA,FALSE,focei,"r,s",3,3,3,0,TRUE,79.06099999999999,1471.5722208023071,13.811631679534912,1564.444852481842,11.646,0.007444174194778893,3,1,
80,8,linCmt,focei,lbfgsb3c,74,ok,TRUE,TRUE,TRUE,TRUE,-4389.335910912416,7.995962157577887,native,8,TRUE,TRUE,NA,FALSE,focei,"r,s",3,3,3,0,TRUE,65.53800000000001,1514.440659046173,14.283515453338623,1594.2621744995117,11.553999999999993,0.007247239622697034,3,1,
80,8,linCmt,focei,lbfgsb3c,75,ok,TRUE,TRUE,TRUE,TRUE,-4410.825871147734,15.878085605799704,native,27,TRUE,TRUE,NA,FALSE,focei,"r,s",4,3,3,1,FALSE,56.026,1813.897509098053,17.38629674911499,1887.309805847168,14.555,0.0077120353822708035,3,1,
80,8,linCmt,focei,lbfgsb3c,76,ok,TRUE,TRUE,TRUE,TRUE,-4439.53216959681,11.991220342684318,native,8,TRUE,TRUE,NA,FALSE,focei,"r,s",3,3,3,0,TRUE,70.85300000000001,1869.2318933010101,15.405569553375244,1955.4904628543854,11.619000000000002,0.005941731867635912,3,1,
80,8,linCmt,focei,lbfgsb3c,77,ok,TRUE,TRUE,TRUE,TRUE,-4495.92386343773,7.943730523282827,native,8,TRUE,TRUE,NA,FALSE,focei,"r,s",3,3,3,0,TRUE,77.15299999999999,1572.2520532608032,15.390068531036377,1664.7951217918396,11.428000000000003,0.006864508341242558,3,1,
80,8,linCmt,focei,lbfgsb3c,78,ok,TRUE,TRUE,TRUE,TRUE,-4433.487843229188,7.536088305289289,native,8,TRUE,TRUE,NA,FALSE,focei,"r,s",3,3,3,0,TRUE,68.621,1829.545324087143,13.387393951416016,1911.553718038559,11.475000000000001,0.006002970197340032,3,1,
80,8,linCmt,focei,lbfgsb3c,79,ok,TRUE,TRUE,TRUE,TRUE,-4427.214289906412,7.852678561718835,native,8,TRUE,TRUE,NA,FALSE,focei,"r,s",3,3,3,0,TRUE,61.67700000000001,1506.3512561321259,13.932560205459595,1581.9608163375854,11.812999999999999,0.007467315168619918,3,1,
80,8,linCmt,focei,lbfgsb3c,80,ok,TRUE,TRUE,TRUE,TRUE,-4462.386666664828,16.779150614657325,native,8,TRUE,TRUE,NA,FALSE,focei,"r,s",3,3,3,0,TRUE,78.439,1526.7597007751465,13.895105600357056,1619.0938063755036,11.839999999999998,0.007312732562732094,3,1,
80,8,linCmt,focei,lbfgsb3c,81,ok,TRUE,TRUE,TRUE,TRUE,-4432.213047524189,10.360225725565808,native,8,TRUE,TRUE,NA,FALSE,focei,"r,s",3,3,3,0,TRUE,67.36,1488.0664763450623,14.568732023239136,1569.9952083683013,11.829999999999997,0.007535054844081299,3,1,
80,8,linCmt,focei,lbfgsb3c,82,ok,TRUE,TRUE,TRUE,TRUE,-4452.507891763782,7.69566652189896,native,8,TRUE,TRUE,NA,FALSE,focei,"r,s",3,3,3,0,TRUE,86.58800000000001,1938.0491182804108,16.41844367980957,2041.0555619602203,12.071000000000002,0.005914096717880168,3,1,
80,8,linCmt,focei,lbfgsb3c,83,ok,TRUE,TRUE,TRUE,TRUE,-4447.2117512746245,7.261717388999401,native,8,TRUE,TRUE,NA,FALSE,focei,"r,s",3,3,3,0,TRUE,76.503,1448.2282483577728,16.797234296798706,1541.5284826545715,12.457999999999997,0.008081589240924593,3,1,
80,8,linCmt,focei,lbfgsb3c,84,ok,TRUE,TRUE,TRUE,TRUE,-4456.822110327781,10.286635938066038,native,8,TRUE,TRUE,NA,FALSE,focei,"r,s",3,3,3,0,TRUE,58.42700000000001,1584.797218799591,12.376645565032959,1655.600864364624,11.376999999999997,0.006871825356509578,3,1,
80,8,linCmt,focei,lbfgsb3c,85,ok,TRUE,TRUE,TRUE,TRUE,-4450.879777394196,8.65811171754318,native,8,TRUE,TRUE,NA,FALSE,focei,"r,s",3,3,2,1,FALSE,62.211999999999996,1784.325773715973,16.629550218582153,1863.167323934555,11.584999999999997,0.006217906385098737,3,1,
80,8,linCmt,focei,lbfgsb3c,86,ok,TRUE,TRUE,TRUE,TRUE,-4498.66337714334,11.149436253367089,native,8,TRUE,TRUE,NA,FALSE,focei,"r,s",3,3,2,1,FALSE,63.318,2074.2287752628326,14.904813766479492,2152.4515890293123,11.619000000000002,0.00539803081250241,3,1,
80,8,linCmt,focei,lbfgsb3c,87,ok,TRUE,TRUE,TRUE,TRUE,-4455.90592378166,8.140955039660684,native,8,TRUE,TRUE,NA,FALSE,focei,"r,s",3,3,3,0,TRUE,87.074,1495.7746541500092,13.55673098564148,1596.4053851356507,11.523000000000003,0.007218091411675402,3,1,
80,8,linCmt,focei,lbfgsb3c,88,ok,TRUE,TRUE,TRUE,TRUE,-4454.541772306762,10.362824226356036,native,8,TRUE,TRUE,NA,FALSE,focei,"r,s",3,3,3,0,TRUE,69.815,1559.4956622123718,16.901683807373047,1646.212346019745,11.451999999999995,0.006956575211994332,3,1,
80,8,linCmt,focei,lbfgsb3c,89,ok,TRUE,TRUE,TRUE,TRUE,-4458.097340154647,14.635711663852726,native,8,TRUE,TRUE,NA,FALSE,focei,"r,s",3,3,3,0,TRUE,70.07000000000001,1570.211143732071,11.233158111572266,1651.5143018436431,10.817000000000002,0.006549746488979603,3,1,
80,8,linCmt,focei,lbfgsb3c,90,ok,TRUE,TRUE,TRUE,TRUE,-4433.7659894992385,8.489165109110942,native,8,TRUE,TRUE,NA,FALSE,focei,"r,s",3,3,3,0,TRUE,82.21700000000001,1469.9983191490173,13.701024055480957,1565.9163432044984,11.317999999999996,0.007227716888654977,3,1,
80,8,linCmt,focei,lbfgsb3c,91,ok,TRUE,TRUE,TRUE,TRUE,-4414.938093623727,26.831904263021706,native,8,TRUE,TRUE,NA,FALSE,focei,"r,s",3,3,1,2,FALSE,77.7,1514.5309233665466,14.39090871810913,1606.6218320846558,11.506,0.007161610635572222,3,1,
80,8,linCmt,focei,lbfgsb3c,92,ok,TRUE,TRUE,TRUE,TRUE,-4387.122757041622,10.810384471775516,native,8,TRUE,TRUE,NA,FALSE,focei,"r,s",2,3,2,0,FALSE,77.864,1551.5297520160675,12.345766067504883,1641.7395180835724,10.004000000000003,0.00609353669678234,3,1,
80,8,linCmt,focei,lbfgsb3c,93,ok,TRUE,TRUE,TRUE,TRUE,-4408.069875784657,8.646128326436752,native,8,TRUE,TRUE,NA,FALSE,focei,"r,s",3,3,3,0,TRUE,18.919,525.6521430015564,12.328892707824707,556.9000357093811,11.866000000000001,0.021307235121443387,3,1,
80,8,linCmt,focei,lbfgsb3c,94,ok,TRUE,TRUE,TRUE,TRUE,-4413.670745983969,15.593975327947177,native,8,TRUE,TRUE,NA,FALSE,focei,"r,s",3,3,3,0,TRUE,77.212,1824.7283084392548,12.420127630233765,1914.3604360694885,11.248000000000001,0.005875591549047096,3,1,
80,8,linCmt,focei,lbfgsb3c,95,ok,TRUE,TRUE,TRUE,TRUE,-4413.544160090224,17.418698111813598,native,27,TRUE,TRUE,NA,FALSE,focei,"r,s",3,3,3,0,TRUE,74.27199999999999,1529.4372155666351,14.101154565811157,1617.8103701324462,12.644000000000002,0.007815501886642541,3,1,
80,8,linCmt,focei,lbfgsb3c,96,ok,TRUE,TRUE,TRUE,TRUE,-4387.759616456287,7.556784161358949,native,8,TRUE,TRUE,NA,FALSE,focei,"r,s",3,3,3,0,TRUE,80.4,1444.189501285553,13.636850118637085,1538.2263514041902,11.945000000000002,0.00776543711469762,3,1,
80,8,linCmt,focei,lbfgsb3c,97,ok,TRUE,TRUE,TRUE,TRUE,-4459.560832258506,12.435133169616874,native,8,TRUE,TRUE,NA,FALSE,focei,"r,s",3,3,3,0,TRUE,21.147000000000002,445.66907715797424,12.373591899871826,479.18966905784606,11.898,0.02482941675974178,3,1,
80,8,linCmt,focei,lbfgsb3c,98,ok,TRUE,TRUE,TRUE,TRUE,-4393.742266921938,8.752136284681765,native,8,TRUE,TRUE,NA,FALSE,focei,"r,s",3,3,2,1,FALSE,80.1,1467.7729291915894,14.021902084350586,1561.8948312759399,12.000999999999998,0.007683615925789425,3,1,
80,8,linCmt,focei,lbfgsb3c,99,ok,TRUE,TRUE,TRUE,TRUE,-4392.783613933776,9.043786808246281,native,8,TRUE,TRUE,NA,FALSE,focei,"r,s",3,3,2,1,FALSE,67.97200000000001,1437.1106233596802,13.99304986000061,1519.0756732196808,12.228999999999997,0.008050290196590822,3,1,
80,8,linCmt,focei,lbfgsb3c,100,ok,TRUE,TRUE,TRUE,TRUE,-4468.823420855055,12.727956117521474,native,8,TRUE,TRUE,NA,FALSE,focei,"r,s",3,3,2,1,FALSE,67.35,1416.9974699020386,16.361785411834717,1500.7092553138732,11.983000000000002,0.007984891115696996,3,1,
80,9,linCmt,focei,lbfgsb3c,1,ok,TRUE,TRUE,TRUE,TRUE,-4476.737063093694,6.660275677173183,native,8,TRUE,TRUE,NA,FALSE,focei,"r,s",3,1,0,3,FALSE,82.029,1458.4455144405365,15.79254698753357,1556.26706142807,11.957,0.007683128619986311,3,1,
80,9,linCmt,focei,lbfgsb3c,2,ok,TRUE,TRUE,TRUE,TRUE,-4499.115159263306,3.15590221897935,native,8,TRUE,TRUE,NA,FALSE,focei,"r,s",1,1,1,0,TRUE,64.088,766.386173248291,11.142149925231934,841.6163231735229,8.351999999999999,0.009923761897234493,3,1,
80,9,linCmt,focei,lbfgsb3c,3,ok,TRUE,TRUE,TRUE,TRUE,-4509.52566895356,3.100656705266858,native,8,TRUE,TRUE,NA,FALSE,focei,"r,s",1,1,0,1,FALSE,19.825,221.7835898399353,10.5718994140625,252.1804892539978,10.070999999999998,0.03993568269215476,3,1,
80,9,linCmt,focei,lbfgsb3c,4,ok,TRUE,TRUE,TRUE,TRUE,-4462.729711026695,2.8631426699199176,native,8,TRUE,TRUE,NA,FALSE,focei,"r,s",1,1,1,0,TRUE,67.39699999999999,1190.973440170288,10.932258367538452,1269.3026985378265,8.312000000000001,0.00654847737232026,3,1,
80,9,linCmt,focei,lbfgsb3c,5,ok,TRUE,TRUE,TRUE,TRUE,-4525.880905985593,3.9732829606839233,native,8,TRUE,TRUE,NA,FALSE,focei,"r,s",1,1,1,0,TRUE,55.587,1178.0170545578003,11.02961015701294,1244.6336647148132,8.214,0.006599532242189592,3,1,
80,9,linCmt,focei,lbfgsb3c,6,ok,TRUE,TRUE,TRUE,TRUE,-4525.506625787575,5.042687302541951,native,8,TRUE,TRUE,NA,FALSE,focei,"r,s",1,1,1,0,TRUE,64.776,1153.18239736557,9.928551435470581,1227.8869488010407,8.318999999999997,0.006775053687249474,3,1,
80,9,linCmt,focei,lbfgsb3c,7,ok,TRUE,TRUE,TRUE,TRUE,-4430.71654471,3.571298547002517,native,8,TRUE,TRUE,NA,FALSE,focei,"r,s",1,1,1,0,TRUE,73.26500000000001,787.9481608867645,10.183502435684204,871.3966633224487,8.582,0.009848557334702975,3,1,
80,9,linCmt,focei,lbfgsb3c,8,ok,TRUE,TRUE,TRUE,TRUE,-4469.328074365683,4.932207957039955,native,8,TRUE,TRUE,NA,FALSE,focei,"r,s",1,1,1,0,TRUE,20.3,315.7589375972748,8.710786581039429,344.7697241783142,8.324,0.02414365130186096,3,1,
80,9,linCmt,focei,lbfgsb3c,9,ok,TRUE,TRUE,TRUE,TRUE,-4446.980979948884,3.7112037621760448,native,8,TRUE,TRUE,NA,FALSE,focei,"r,s",1,1,1,0,TRUE,57.624,1527.8073663711548,12.378872156143188,1597.810238527298,9.020000000000003,0.00564522606158397,3,1,
80,9,linCmt,focei,lbfgsb3c,10,ok,TRUE,TRUE,TRUE,TRUE,-4472.894026391357,3.1646149639031944,native,27,TRUE,TRUE,NA,FALSE,focei,"r,s",1,1,1,0,TRUE,70.667,782.367440700531,11.790284633636475,864.8247253341675,9.436000000000002,0.010910881388542562,3,1,
80,9,linCmt,focei,lbfgsb3c,11,ok,TRUE,TRUE,TRUE,TRUE,-4487.772830526903,5.1698590894106395,native,27,TRUE,TRUE,NA,FALSE,focei,"r,s",1,1,1,0,TRUE,67.75399999999999,764.917475938797,12.437424182891846,845.1089001216889,9.014999999999999,0.010667264300141569,3,1,
80,9,linCmt,focei,lbfgsb3c,12,ok,TRUE,TRUE,TRUE,TRUE,-4462.921222867444,5.671577857095578,native,8,TRUE,TRUE,NA,FALSE,focei,"r,s",1,1,1,0,TRUE,62.723,813.158073425293,15.03111720085144,890.9121906261444,8.426,0.009457722196031576,3,1,
80,9,linCmt,focei,lbfgsb3c,13,ok,TRUE,TRUE,TRUE,TRUE,-4483.000866320886,5.3593363741425835,native,8,TRUE,TRUE,NA,FALSE,focei,"r,s",2,1,1,1,FALSE,67.57600000000001,1154.0955772399902,13.60787296295166,1235.279450202942,9.923000000000002,0.008033000142898653,3,1,
80,9,linCmt,focei,lbfgsb3c,14,ok,TRUE,TRUE,TRUE,TRUE,-4470.014924372774,3.3816090662309204,native,27,TRUE,TRUE,NA,FALSE,focei,"r,s",1,1,1,0,TRUE,75.39500000000001,1171.9863708019257,11.170907020568848,1258.5522778224945,9.118000000000004,0.007244832146166916,3,1,
80,9,linCmt,focei,lbfgsb3c,15,ok,TRUE,TRUE,TRUE,TRUE,-4439.189697174965,3.176767688513399,native,27,TRUE,TRUE,NA,FALSE,focei,"r,s",1,1,1,0,TRUE,82.291,732.668261051178,15.408425569534302,830.3676866207122,8.980000000000002,0.01081448633501776,3,1,
80,9,linCmt,focei,lbfgsb3c,16,ok,TRUE,TRUE,TRUE,TRUE,-4529.093129185772,5.86570537192286,native,8,TRUE,TRUE,NA,FALSE,focei,"r,s",1,1,1,0,TRUE,69.435,818.5379068851471,11.723188161849976,899.696095046997,8.581,0.009537665048498135,3,1,
80,9,linCmt,focei,lbfgsb3c,17,ok,TRUE,TRUE,TRUE,TRUE,-4485.66912999218,4.925505996671888,native,8,TRUE,TRUE,NA,FALSE,focei,"r,s",1,1,1,0,TRUE,76.78800000000001,1105.0726602077484,10.664452314376831,1192.5251125221253,8.224000000000004,0.006896290831651079,3,1,
80,9,linCmt,focei,lbfgsb3c,18,ok,TRUE,TRUE,TRUE,TRUE,-4410.4050693689715,4.5708411656881625,native,8,TRUE,TRUE,NA,FALSE,focei,"r,s",1,1,1,0,TRUE,76.465,1095.2684769630432,15.020493030548096,1186.7539699935912,8.479000000000003,0.007144699082022697,3,1,
80,9,linCmt,focei,lbfgsb3c,19,ok,TRUE,TRUE,TRUE,TRUE,-4496.262574747875,4.981364538787922,native,8,TRUE,TRUE,NA,FALSE,focei,"r,s",1,1,1,0,TRUE,70.277,677.8827216625214,9.866207599639893,758.0259292621613,8.23,0.010857148393341669,3,1,
80,9,linCmt,focei,lbfgsb3c,20,ok,TRUE,TRUE,TRUE,TRUE,-4509.790693707844,3.4730688331961597,native,8,TRUE,TRUE,NA,FALSE,focei,"r,s",1,1,1,0,TRUE,74.97800000000001,780.5623922348022,9.653893232345581,865.1942854671479,7.880999999999998,0.009108936723668692,3,1,
80,9,linCmt,focei,lbfgsb3c,21,ok,TRUE,TRUE,TRUE,TRUE,-4467.023831027571,5.313272967495521,native,8,TRUE,TRUE,NA,FALSE,focei,"r,s",1,1,1,0,TRUE,66.12299999999999,1103.6809549331665,13.422550678253174,1183.2265056114197,8.822000000000001,0.007455884362091201,3,1,
80,9,linCmt,focei,lbfgsb3c,22,ok,TRUE,TRUE,TRUE,TRUE,-4490.452898375088,4.086054425877792,native,8,TRUE,TRUE,NA,FALSE,focei,"r,s",1,1,1,0,TRUE,59.909,1214.39053273201,9.892960786819458,1284.1924935188295,8.915999999999997,0.006942884376756611,3,1,
80,9,linCmt,focei,lbfgsb3c,23,ok,TRUE,TRUE,TRUE,TRUE,-4527.897793233666,3.658378959123607,native,8,TRUE,TRUE,NA,FALSE,focei,"r,s",1,1,1,0,TRUE,64.159,1130.0185203552246,9.723651885986328,1203.901172241211,7.957999999999999,0.0066101771337137225,3,1,
80,9,linCmt,focei,lbfgsb3c,24,ok,TRUE,TRUE,TRUE,TRUE,-4477.091051970674,3.6125871809010017,native,8,TRUE,TRUE,NA,FALSE,focei,"r,s",1,1,1,0,TRUE,69.93199999999999,800.7152502536774,12.117909669876099,882.7651599235535,8.173000000000002,0.009258407978751422,3,1,
80,9,linCmt,focei,lbfgsb3c,25,ok,TRUE,TRUE,TRUE,TRUE,-4523.627380503778,3.8244221910177623,native,8,TRUE,TRUE,NA,FALSE,focei,"r,s",1,1,1,0,TRUE,62.785000000000004,821.9842355251312,14.335875749588013,899.1051112747192,8.380999999999998,0.009321490774440949,3,1,
80,9,linCmt,focei,lbfgsb3c,26,ok,TRUE,TRUE,TRUE,TRUE,-4519.28212568777,4.620946396365831,native,8,TRUE,TRUE,NA,FALSE,focei,"r,s",2,1,1,1,FALSE,62.946,1151.3007638454437,16.897393703460693,1231.1441575489043,9.667,0.007852045547002485,3,1,
80,9,linCmt,focei,lbfgsb3c,27,ok,TRUE,TRUE,TRUE,TRUE,-4483.045895528899,2.7690032454956723,native,8,TRUE,TRUE,NA,FALSE,focei,"r,s",1,1,0,1,FALSE,71.36800000000001,1484.395090341568,9.910650491714478,1565.6737408332824,8.208999999999996,0.00524311022527018,3,1,
80,9,linCmt,focei,lbfgsb3c,28,ok,TRUE,TRUE,TRUE,TRUE,-4449.162685498765,4.1540335873047685,native,8,TRUE,TRUE,NA,FALSE,focei,"r,s",1,1,0,1,FALSE,71.481,831.7823565006256,10.644123554229736,913.9074800548553,8.701,0.009520657385885213,3,1,
80,9,linCmt,focei,lbfgsb3c,29,ok,TRUE,TRUE,TRUE,TRUE,-4614.89448436757,3.6580519491910897,native,8,TRUE,TRUE,NA,FALSE,focei,"r,s",1,1,1,0,TRUE,66.438,820.1058323383331,12.470171928405762,899.0140042667389,8.028,0.008929783031075098,3,1,
80,9,linCmt,focei,lbfgsb3c,30,ok,TRUE,TRUE,TRUE,TRUE,-4498.447241126422,2.9773381444805334,native,8,TRUE,TRUE,NA,FALSE,focei,"r,s",1,1,1,0,TRUE,62.297,1117.9925723075867,10.174421548843384,1190.46399385643,8.680000000000001,0.007291274700280275,3,1,
80,9,linCmt,focei,lbfgsb3c,31,ok,TRUE,TRUE,TRUE,TRUE,-4490.3771195232885,4.499504610231545,native,8,TRUE,TRUE,NA,FALSE,focei,"r,s",1,1,0,1,FALSE,71.03200000000001,1122.4553220272064,10.74815559387207,1204.2354776210784,8.889999999999997,0.007382277108761034,3,1,
80,9,linCmt,focei,lbfgsb3c,32,ok,TRUE,TRUE,TRUE,TRUE,-4470.899117271093,3.777080642546247,native,8,TRUE,TRUE,NA,FALSE,focei,"r,s",1,1,1,0,TRUE,52.748999999999995,827.6077034473419,10.484218835830688,890.8409222831726,8.596,0.009649309753271055,3,1,
80,9,linCmt,focei,lbfgsb3c,33,ok,TRUE,TRUE,TRUE,TRUE,-4495.530588215347,4.890211497427894,native,8,TRUE,TRUE,NA,FALSE,focei,"r,s",1,1,0,1,FALSE,62.59700000000001,1828.9905812740326,11.288833141326904,1902.8764144153595,8.673999999999996,0.004558362242702451,3,1,
80,9,linCmt,focei,lbfgsb3c,34,ok,TRUE,TRUE,TRUE,TRUE,-4498.072807899366,7.030355532515376,native,8,TRUE,TRUE,NA,FALSE,focei,"r,s",1,1,1,0,TRUE,66.55,814.7849266529083,10.2256760597229,891.5606027126312,8.226,0.009226518057181823,3,1,
80,9,linCmt,focei,lbfgsb3c,35,ok,TRUE,TRUE,TRUE,TRUE,-4517.9174844302925,5.308727315762642,native,8,TRUE,TRUE,NA,FALSE,focei,"r,s",2,1,1,1,FALSE,70.834,1092.123217344284,14.1231849193573,1177.0804022636414,9.959000000000001,0.008460764431085475,3,1,
80,9,linCmt,focei,lbfgsb3c,36,ok,TRUE,TRUE,TRUE,TRUE,-4439.977729581785,3.846874374466948,native,8,TRUE,TRUE,NA,FALSE,focei,"r,s",1,1,1,0,TRUE,63.93,868.0179986953735,10.867550373077393,942.8155490684509,8.884,0.009422839927468145,3,1,
80,9,linCmt,focei,lbfgsb3c,37,ok,TRUE,TRUE,TRUE,TRUE,-4509.979910618809,3.658445228858509,native,8,TRUE,TRUE,NA,FALSE,focei,"r,s",1,1,1,0,TRUE,72.64699999999999,1113.1775386333466,10.43092966079712,1196.2554682941436,8.407,0.007027763068024554,3,1,
80,9,linCmt,focei,lbfgsb3c,38,ok,TRUE,TRUE,TRUE,TRUE,-4465.7831728406745,3.082309324208755,native,8,TRUE,TRUE,NA,FALSE,focei,"r,s",1,1,1,0,TRUE,73.76,804.8053040504456,12.54019045829773,891.1054945087433,8.63,0.009684599694627207,3,1,
80,9,linCmt,focei,lbfgsb3c,39,ok,TRUE,TRUE,TRUE,TRUE,-4463.818298123269,4.946006720156908,native,8,TRUE,TRUE,NA,FALSE,focei,"r,s",1,1,1,0,TRUE,79.657,839.0227656364441,9.74019193649292,928.419957572937,8.106000000000002,0.008730962678991303,3,1,
80,9,linCmt,focei,lbfgsb3c,40,ok,TRUE,TRUE,TRUE,TRUE,-4480.39305437329,3.84406686917943,native,8,TRUE,TRUE,NA,FALSE,focei,"r,s",1,1,1,0,TRUE,55.073,787.8839960098267,11.424293041229248,854.3812890510559,8.879999999999999,0.010393486039310196,3,1,
80,9,linCmt,focei,lbfgsb3c,41,ok,TRUE,TRUE,TRUE,TRUE,-4533.998516019249,5.359582742909415,native,8,TRUE,TRUE,NA,FALSE,focei,"r,s",1,1,1,0,TRUE,72.755,960.7904305458069,9.354537725448608,1042.8999682712556,8.505,0.008155144557246618,3,1,
80,9,linCmt,focei,lbfgsb3c,42,ok,TRUE,TRUE,TRUE,TRUE,-4531.088382918202,5.261486987145368,native,8,TRUE,TRUE,NA,FALSE,focei,"r,s",1,1,1,0,TRUE,67.78,1501.510805606842,14.413182973861694,1583.7039885807037,8.384000000000004,0.005293918598710888,3,1,
80,9,linCmt,focei,lbfgsb3c,43,ok,TRUE,TRUE,TRUE,TRUE,-4471.185018321127,3.8727248774818874,native,8,TRUE,TRUE,NA,FALSE,focei,"r,s",1,1,0,1,FALSE,67.879,1070.2294707298279,9.993512868881226,1148.101983598709,8.463000000000001,0.0073712963838568155,3,1,
80,9,linCmt,focei,lbfgsb3c,44,ok,TRUE,TRUE,TRUE,TRUE,-4448.960894089916,5.053663494659414,native,8,TRUE,TRUE,NA,FALSE,focei,"r,s",2,1,1,1,FALSE,77.62899999999999,1146.9337956905365,12.550262689590454,1237.1130583801269,9.776,0.007902268861991217,3,1,
80,9,linCmt,focei,lbfgsb3c,45,ok,TRUE,TRUE,TRUE,TRUE,-4511.7153088898895,4.218659207608982,native,8,TRUE,TRUE,NA,FALSE,focei,"r,s",1,1,1,0,TRUE,66.968,790.7618811130524,11.530235767364502,869.2601168804168,8.377000000000002,0.009636931267551089,3,1,
80,9,linCmt,focei,lbfgsb3c,46,ok,TRUE,TRUE,TRUE,TRUE,-4467.609800790552,5.614956015732918,native,8,TRUE,TRUE,NA,FALSE,focei,"r,s",2,1,1,1,FALSE,76.457,1201.7486109733582,10.999988317489624,1289.2055992908477,9.961999999999996,0.007727239166103363,3,1,
80,9,linCmt,focei,lbfgsb3c,47,ok,TRUE,TRUE,TRUE,TRUE,-4496.260441506144,4.457938931219999,native,8,TRUE,TRUE,NA,FALSE,focei,"r,s",1,1,1,0,TRUE,18.976000000000003,231.08241438865662,9.00085997581482,259.05927436447143,8.399,0.03242115157083091,3,1,
80,9,linCmt,focei,lbfgsb3c,48,ok,TRUE,TRUE,TRUE,TRUE,-4442.789108238133,4.467816383819491,native,8,TRUE,TRUE,NA,FALSE,focei,"r,s",1,1,1,0,TRUE,71.626,1181.8449745178223,13.911452293395996,1267.3824268112182,8.624999999999998,0.006805364992870244,3,1,
80,9,linCmt,focei,lbfgsb3c,49,ok,TRUE,TRUE,TRUE,TRUE,-4489.276557916052,5.590231143219208,native,8,TRUE,TRUE,NA,FALSE,focei,"r,s",1,1,1,0,TRUE,68.624,1201.2250542640686,11.095177412033081,1280.9442316761017,8.568000000000001,0.006688815787701285,3,1,
80,9,linCmt,focei,lbfgsb3c,50,ok,TRUE,TRUE,TRUE,TRUE,-4536.51005425074,3.725490401957716,native,8,TRUE,TRUE,NA,FALSE,focei,"r,s",1,1,1,0,TRUE,74.369,1148.381578207016,10.350420236587524,1233.1009984436034,8.643,0.007009158220542381,3,1,
80,9,linCmt,focei,lbfgsb3c,51,ok,TRUE,TRUE,TRUE,TRUE,-4535.947947114567,4.211084323330411,native,8,TRUE,TRUE,NA,FALSE,focei,"r,s",1,1,1,0,TRUE,64.02199999999999,807.4492695331573,9.492236375808716,880.963505908966,8.265000000000002,0.00938177341576969,3,1,
80,9,linCmt,focei,lbfgsb3c,52,ok,TRUE,TRUE,TRUE,TRUE,-4518.306044903454,5.01376534612358,native,8,TRUE,TRUE,NA,FALSE,focei,"r,s",1,1,1,0,TRUE,21.687,222.5090672969818,9.034454107284546,253.23052140426637,8.556,0.03378739637131217,3,1,
80,9,linCmt,focei,lbfgsb3c,53,ok,TRUE,TRUE,TRUE,TRUE,-4416.930681984388,3.0198127746444348,native,8,TRUE,TRUE,NA,FALSE,focei,"r,s",1,1,1,0,TRUE,72.85600000000001,1184.9959754943848,9.772509336471558,1267.6244848308563,8.634,0.00681116537532964,3,1,
80,9,linCmt,focei,lbfgsb3c,54,ok,TRUE,TRUE,TRUE,TRUE,-4467.808789113719,4.807629908112537,native,8,TRUE,TRUE,NA,FALSE,focei,"r,s",1,1,1,0,TRUE,21.478,232.64157938957214,10.885756254196167,265.0053356437683,10.431,0.039361471627204526,3,1,
80,9,linCmt,focei,lbfgsb3c,55,ok,TRUE,TRUE,TRUE,TRUE,-4547.185264691597,4.077034993663391,native,8,TRUE,TRUE,NA,FALSE,focei,"r,s",1,1,1,0,TRUE,64.206,838.598258972168,10.846711874008179,913.6509708461762,8.019000000000002,0.008776874600782419,3,1,
80,9,linCmt,focei,lbfgsb3c,56,ok,TRUE,TRUE,TRUE,TRUE,-4575.617497211216,4.528401594100241,native,8,TRUE,TRUE,NA,FALSE,focei,"r,s",1,1,1,0,TRUE,59.266999999999996,641.8165843486786,12.172235012054443,713.2558193607331,8.473999999999998,0.011880730265327462,3,1,
80,9,linCmt,focei,lbfgsb3c,57,ok,TRUE,TRUE,TRUE,TRUE,-4562.298451662233,3.9428652061447402,native,8,TRUE,TRUE,NA,FALSE,focei,"r,s",1,1,1,0,TRUE,65.808,842.7554523944855,12.027320861816406,920.5907732563019,8.876000000000001,0.009641634760908941,3,1,
80,9,linCmt,focei,lbfgsb3c,58,ok,TRUE,TRUE,TRUE,TRUE,-4522.087653000449,1.7772319115486819,native,8,TRUE,TRUE,NA,FALSE,focei,"r,s",1,1,0,1,FALSE,18.458,227.40490698814392,8.663623332977295,254.52653032112121,8.260000000000002,0.03245241268004103,3,1,
80,9,linCmt,focei,lbfgsb3c,59,ok,TRUE,TRUE,TRUE,TRUE,-4560.077712253741,4.508679541285116,native,8,TRUE,TRUE,NA,FALSE,focei,"r,s",1,1,0,1,FALSE,79.51100000000001,1178.4679853916168,11.935093641281128,1269.914079032898,8.427999999999997,0.0066366694717002695,3,1,
80,9,linCmt,focei,lbfgsb3c,60,ok,TRUE,TRUE,TRUE,TRUE,-4474.798843364838,5.094360268132893,native,27,TRUE,TRUE,NA,FALSE,focei,"r,s",1,1,1,0,TRUE,88.771,1543.577896118164,11.783588171005249,1644.1324842891693,9.887,0.006013505659961816,3,1,
80,9,linCmt,focei,lbfgsb3c,61,ok,TRUE,TRUE,TRUE,TRUE,-4430.054136916566,2.503442117482204,native,8,TRUE,TRUE,NA,FALSE,focei,"r,s",1,1,0,1,FALSE,75.48400000000001,1123.4792456626892,10.569152116775513,1209.5323977794646,8.501000000000001,0.007028335921887392,3,1,
80,9,linCmt,focei,lbfgsb3c,62,ok,TRUE,TRUE,TRUE,TRUE,-4514.470494930823,4.828404345948222,native,8,TRUE,TRUE,NA,FALSE,focei,"r,s",2,1,0,2,FALSE,65.67,1488.1695425510406,13.39366626739502,1567.2332088184357,10.093999999999998,0.006440649638613796,3,1,
80,9,linCmt,focei,lbfgsb3c,63,ok,TRUE,TRUE,TRUE,TRUE,-4506.188669604603,41.66937022642396,native,8,TRUE,TRUE,NA,FALSE,focei,"r,s",1,1,1,0,TRUE,80.578,1190.5100634098053,11.992648124694824,1283.0807115345,9.187999999999997,0.007160890127489806,3,1,
80,9,linCmt,focei,lbfgsb3c,64,ok,TRUE,TRUE,TRUE,TRUE,-4536.8923947941785,4.318192597057462,native,8,TRUE,TRUE,NA,FALSE,focei,"r,s",2,1,0,2,FALSE,65.344,1161.5337252616882,11.222567796707153,1238.1002930583954,9.921,0.008013082668361884,3,1,
80,9,linCmt,focei,lbfgsb3c,65,ok,TRUE,TRUE,TRUE,TRUE,-4533.472157992981,6.884385222723438,native,8,TRUE,TRUE,NA,FALSE,focei,"r,s",3,1,0,3,FALSE,74.85900000000001,1547.4786758422852,12.575651168823242,1634.9133270111083,11.433000000000002,0.006993031258055382,3,1,
80,9,linCmt,focei,lbfgsb3c,66,ok,TRUE,TRUE,TRUE,TRUE,-4494.601083512957,3.8094417660190416,native,8,TRUE,TRUE,NA,FALSE,focei,"r,s",1,1,1,0,TRUE,74.994,793.4761772155762,14.307090282440186,882.7772674980164,8.389999999999999,0.009504096116769173,3,1,
80,9,linCmt,focei,lbfgsb3c,67,ok,TRUE,TRUE,TRUE,TRUE,-4512.222703173758,4.108097632432239,native,8,TRUE,TRUE,NA,FALSE,focei,"r,s",1,1,1,0,TRUE,79.163,790.8211531639099,9.706949710845947,879.6911028747559,8.219000000000001,0.009343052320457722,3,1,
80,9,linCmt,focei,lbfgsb3c,68,ok,TRUE,TRUE,TRUE,TRUE,-4477.684578586125,4.758429353416067,native,8,TRUE,TRUE,NA,FALSE,focei,"r,s",1,1,1,0,TRUE,74.35799999999999,1174.8703417778015,9.832636594772339,1259.0609783725738,8.265,0.006564415975057144,3,1,
80,9,linCmt,focei,lbfgsb3c,69,ok,TRUE,TRUE,TRUE,TRUE,-4449.899032637454,30.30763601888592,native,8,TRUE,TRUE,NA,FALSE,focei,"r,s",2,1,0,2,FALSE,74.234,1022.3612339496613,14.30626130104065,1110.9014952507018,11.200000000000001,0.010081901993904914,3,1,
80,9,linCmt,focei,lbfgsb3c,70,ok,TRUE,TRUE,TRUE,TRUE,-4458.332801427858,3.7728635400730313,native,8,TRUE,TRUE,NA,FALSE,focei,"r,s",1,1,1,0,TRUE,93.463,803.8900518417358,12.755898714065552,910.1089505558014,8.341000000000001,0.009164836797733032,3,1,
80,9,linCmt,focei,lbfgsb3c,71,ok,TRUE,TRUE,TRUE,TRUE,-4503.704023903736,9.81347676721044,native,8,TRUE,TRUE,NA,FALSE,focei,"r,s",3,1,1,2,FALSE,73.382,1475.8831419944763,15.608649969100952,1564.8737919635773,12.586,0.008042821130135549,3,1,
80,9,linCmt,focei,lbfgsb3c,72,ok,TRUE,TRUE,TRUE,TRUE,-4517.142128531475,2.51396048374096,native,8,TRUE,TRUE,NA,FALSE,focei,"r,s",1,1,0,1,FALSE,84.296,807.7890455722809,9.781623125076294,901.8666686973572,8.219000000000001,0.009113320499882097,3,1,
80,9,linCmt,focei,lbfgsb3c,73,ok,TRUE,TRUE,TRUE,TRUE,-4489.9319298177,3.1477208550125315,native,8,TRUE,TRUE,NA,FALSE,focei,"r,s",1,1,1,0,TRUE,83.86500000000001,1094.8129749298096,11.800251245498657,1190.4782261753082,8.793000000000001,0.0073861073698505055,3,1,
80,9,linCmt,focei,lbfgsb3c,74,ok,TRUE,TRUE,TRUE,TRUE,-4462.009096148608,3.640549065990492,native,8,TRUE,TRUE,NA,FALSE,focei,"r,s",1,1,1,0,TRUE,79.061,1514.4264523983002,9.486613035202026,1602.9740654335021,8.532999999999998,0.005323230228114992,3,1,
80,9,linCmt,focei,lbfgsb3c,75,ok,TRUE,TRUE,TRUE,TRUE,-4446.745986734253,4.06268804100478,native,8,TRUE,TRUE,NA,FALSE,focei,"r,s",1,1,1,0,TRUE,77.649,1090.234709262848,10.180377960205078,1178.0640872230529,7.875999999999996,0.006685544602726495,3,1,
80,9,linCmt,focei,lbfgsb3c,76,ok,TRUE,TRUE,TRUE,TRUE,-4500.96906393134,4.713753974299435,native,8,TRUE,TRUE,NA,FALSE,focei,"r,s",1,1,1,0,TRUE,19.391,412.75393295288086,8.438213586807251,440.58314653968813,8.068,0.01831209401304965,3,1,
80,9,linCmt,focei,lbfgsb3c,77,ok,TRUE,TRUE,TRUE,TRUE,-4480.055041442068,3.0432442477998873,native,8,TRUE,TRUE,NA,FALSE,focei,"r,s",1,1,1,0,TRUE,75.214,791.0827248096466,9.851348161697388,876.1480729713439,7.873,0.00898592400403248,3,1,
80,9,linCmt,focei,lbfgsb3c,78,ok,TRUE,TRUE,TRUE,TRUE,-4356.493910987091,3.3618514074158137,native,8,TRUE,TRUE,NA,FALSE,focei,"r,s",1,1,1,0,TRUE,79.372,1091.557546377182,11.107093811035156,1182.0366401882172,8.754000000000001,0.007405861800194358,3,1,
80,9,linCmt,focei,lbfgsb3c,79,ok,TRUE,TRUE,TRUE,TRUE,-4494.032459483296,7.364533878450371,native,8,TRUE,TRUE,NA,FALSE,focei,"r,s",2,1,1,1,FALSE,67.227,1204.6548261642456,13.021940469741821,1284.9037666339875,10.988999999999995,0.008552391459468947,3,1,
80,9,linCmt,focei,lbfgsb3c,80,ok,TRUE,TRUE,TRUE,TRUE,-4578.977918523202,3.8109961775700425,native,8,TRUE,TRUE,NA,FALSE,focei,"r,s",1,1,0,1,FALSE,58.93000000000001,682.7797167301178,10.316611289978027,752.0263280200959,8.374999999999998,0.011136578186098025,3,1,
80,9,linCmt,focei,lbfgsb3c,81,ok,TRUE,TRUE,TRUE,TRUE,-4467.567313556703,8.813601566303138,native,8,TRUE,TRUE,NA,FALSE,focei,"r,s",1,1,1,0,TRUE,79.17800000000001,794.7860872745514,12.262552499771118,886.2266397743225,8.317000000000002,0.00938473255793566,3,1,
80,9,linCmt,focei,lbfgsb3c,82,ok,TRUE,TRUE,TRUE,TRUE,-4526.814728744204,3.965639435738034,native,8,TRUE,TRUE,NA,FALSE,focei,"r,s",1,1,1,0,TRUE,80.94000000000001,1162.2887287139893,9.835865020751953,1253.0645937347413,8.462000000000003,0.0067530437315917865,3,1,
80,9,linCmt,focei,lbfgsb3c,83,ok,TRUE,TRUE,TRUE,TRUE,-4452.502605125808,2.9994173198523284,native,8,TRUE,TRUE,NA,FALSE,focei,"r,s",1,1,1,0,TRUE,70.548,1197.1437270641327,9.632687091827393,1277.32441415596,8.358,0.006543365105506781,3,1,
80,9,linCmt,focei,lbfgsb3c,84,ok,TRUE,TRUE,TRUE,TRUE,-4455.448622363244,4.571015240940055,native,8,TRUE,TRUE,NA,FALSE,focei,"r,s",1,1,0,1,FALSE,78.831,1479.55610871315,12.995412111282349,1571.3825208244323,8.790999999999997,0.005594436671847261,3,1,
80,9,linCmt,focei,lbfgsb3c,85,ok,TRUE,TRUE,TRUE,TRUE,-4498.733814662809,3.6536871397676665,native,8,TRUE,TRUE,NA,FALSE,focei,"r,s",1,1,1,0,TRUE,69.32400000000001,780.6821823120117,12.230178594589233,862.236360906601,8.708000000000002,0.010099318927867933,3,1,
80,9,linCmt,focei,lbfgsb3c,86,ok,TRUE,TRUE,TRUE,TRUE,-4433.28488727332,5.44081617744146,native,8,TRUE,TRUE,NA,FALSE,focei,"r,s",2,1,1,1,FALSE,73.807,1141.1615207195282,14.925938606262207,1229.8944593257904,10.568000000000001,0.008592607211022984,3,1,
80,9,linCmt,focei,lbfgsb3c,87,ok,TRUE,TRUE,TRUE,TRUE,-4509.617141896867,5.499567020187444,native,8,TRUE,TRUE,NA,FALSE,focei,"r,s",1,1,1,0,TRUE,66.15599999999999,774.4271221160889,10.853404998779297,851.4365271148681,8.562,0.010055946306429595,3,1,
80,9,linCmt,focei,lbfgsb3c,88,ok,TRUE,TRUE,TRUE,TRUE,-4475.581678281098,3.9286775958284545,native,8,TRUE,TRUE,NA,FALSE,focei,"r,s",1,1,1,0,TRUE,72.58600000000001,767.5593583583832,10.478492975234985,850.6238513336182,8.666999999999998,0.010188992451142503,3,1,
80,9,linCmt,focei,lbfgsb3c,89,ok,TRUE,TRUE,TRUE,TRUE,-4517.698268235697,3.4347422708679747,native,8,TRUE,TRUE,NA,FALSE,focei,"r,s",1,1,0,1,FALSE,78.072,1084.827799797058,9.724672555923462,1172.6244723529817,8.383999999999999,0.007149774030535719,3,1,
80,9,linCmt,focei,lbfgsb3c,90,ok,TRUE,TRUE,TRUE,TRUE,-4482.306484993797,5.594337336434494,native,8,TRUE,TRUE,NA,FALSE,focei,"r,s",2,1,0,2,FALSE,88.09100000000001,1553.0441772937775,11.65873098373413,1652.7939082775115,10.567000000000005,0.006393416594215665,3,1,
80,9,linCmt,focei,lbfgsb3c,91,ok,TRUE,TRUE,TRUE,TRUE,-4571.91339240069,24.080983358643866,native,8,TRUE,TRUE,NA,FALSE,focei,"r,s",4,1,1,3,FALSE,79.799,1683.4648690223694,19.823484182357788,1783.0873532047272,13.184000000000001,0.007393917059814548,3,1,
80,9,linCmt,focei,lbfgsb3c,92,ok,TRUE,TRUE,TRUE,TRUE,-4453.167214183597,3.3151299549575812,native,8,TRUE,TRUE,NA,FALSE,focei,"r,s",0,1,0,0,FALSE,84.81800000000001,792.9719676971436,10.988889932632446,888.778857629776,6.587999999999999,0.007412417547340279,3,1,
80,9,linCmt,focei,lbfgsb3c,93,ok,TRUE,TRUE,TRUE,TRUE,-4483.100032806723,3.5647555464343355,native,8,TRUE,TRUE,NA,FALSE,focei,"r,s",1,1,1,0,TRUE,74.489,827.834794998169,10.348675966262817,912.6724709644318,8.619,0.009443694506192568,3,1,
80,9,linCmt,focei,lbfgsb3c,94,ok,TRUE,TRUE,TRUE,TRUE,-4455.815311108717,4.190554100844297,native,8,TRUE,TRUE,NA,FALSE,focei,"r,s",1,1,1,0,TRUE,71.88400000000001,805.3500316143036,12.273113250732422,889.507144865036,8.888,0.009992050149691116,3,1,
80,9,linCmt,focei,lbfgsb3c,95,ok,TRUE,TRUE,TRUE,TRUE,-4446.130416816863,3.558461276881373,native,8,TRUE,TRUE,NA,FALSE,focei,"r,s",1,1,1,0,TRUE,73.003,797.2894475460052,10.177489995956421,880.4699375419617,8.125999999999998,0.009229162352420155,3,1,
80,9,linCmt,focei,lbfgsb3c,96,ok,TRUE,TRUE,TRUE,TRUE,-4483.877249426607,2.9753705645423643,native,8,TRUE,TRUE,NA,FALSE,focei,"r,s",1,1,0,1,FALSE,71.56200000000001,810.468163728714,11.881479740142822,893.9116434688568,8.437,0.009438292991978393,3,1,
80,9,linCmt,focei,lbfgsb3c,97,ok,TRUE,TRUE,TRUE,TRUE,-4543.002725351862,3.2420883054984024,native,8,TRUE,TRUE,NA,FALSE,focei,"r,s",1,1,1,0,TRUE,76.099,1167.2843091487885,14.227500677108765,1257.6108098258971,10.765999999999998,0.008560677051981158,3,1,
80,9,linCmt,focei,lbfgsb3c,98,ok,TRUE,TRUE,TRUE,TRUE,-4480.8541478742845,3.128679906790896,native,8,TRUE,TRUE,NA,FALSE,focei,"r,s",1,1,1,0,TRUE,73.887,803.4547290802002,9.930617570877075,887.2723466510772,8.102,0.009131356376179432,3,1,
80,9,linCmt,focei,lbfgsb3c,99,ok,TRUE,TRUE,TRUE,TRUE,-4491.448585894474,4.207494199942811,native,8,TRUE,TRUE,NA,FALSE,focei,"r,s",1,1,1,0,TRUE,74.66900000000001,807.8665058612823,12.018751859664917,894.5542577209472,8.532999999999998,0.009538828893106486,3,1,
80,9,linCmt,focei,lbfgsb3c,100,ok,TRUE,TRUE,TRUE,TRUE,-4473.558614823222,5.131497839611682,native,8,TRUE,TRUE,NA,FALSE,focei,"r,s",1,1,1,0,TRUE,82.008,798.6143584251404,10.41515326499939,891.0375116901398,8.393999999999998,0.009420478812477907,3,1,
80,10,linCmt,focei,lbfgsb3c,1,ok,TRUE,TRUE,TRUE,TRUE,-4521.030850132833,7.1064219082678894,native,8,TRUE,TRUE,NA,FALSE,focei,"r,s",2,2,1,1,FALSE,62.936,1191.1872675418854,15.815070390701294,1269.9383379325866,10.259999999999996,0.00807913242205358,3,1,
80,10,linCmt,focei,lbfgsb3c,2,ok,TRUE,TRUE,TRUE,TRUE,-4470.746431926253,6.981736972239265,native,8,TRUE,TRUE,NA,FALSE,focei,"r,s",2,2,1,1,FALSE,76.101,1211.6558737754822,10.488255262374878,1298.2451290378572,9.99,0.007695002874691078,3,1,
80,10,linCmt,focei,lbfgsb3c,3,ok,TRUE,TRUE,TRUE,TRUE,-4504.642966174713,4.252817298788911,native,8,TRUE,TRUE,NA,FALSE,focei,"r,s",2,2,1,1,FALSE,69.29700000000001,1145.3730289936066,11.767353534698486,1226.437382528305,10.129999999999997,0.008259696046704778,3,1,
80,10,linCmt,focei,lbfgsb3c,4,ok,TRUE,TRUE,TRUE,TRUE,-4491.809413701358,8.286797387981965,native,8,TRUE,TRUE,NA,FALSE,focei,"r,s",2,2,2,0,TRUE,73.735,1505.6041417121887,11.539433240890503,1590.8785749530791,9.699000000000007,0.006096631227990525,3,1,
80,10,linCmt,focei,lbfgsb3c,5,ok,TRUE,TRUE,TRUE,TRUE,-4525.1712326176485,5.880019703247016,native,8,TRUE,TRUE,NA,FALSE,focei,"r,s",2,2,2,0,TRUE,57.96,1143.7887904644012,12.078389883041382,1213.8271803474427,9.823000000000002,0.008092585302949215,3,1,
80,10,linCmt,focei,lbfgsb3c,6,ok,TRUE,TRUE,TRUE,TRUE,-4455.757301358384,6.361065746336716,native,8,TRUE,TRUE,NA,FALSE,focei,"r,s",2,2,1,1,FALSE,56.876000000000005,1133.9096267223358,12.583531856536865,1203.3691585788727,10.079999999999997,0.008376481920065197,3,1,
80,10,linCmt,focei,lbfgsb3c,7,ok,TRUE,TRUE,TRUE,TRUE,-4468.743141523741,8.879651098699487,native,8,TRUE,TRUE,NA,FALSE,focei,"r,s",2,2,2,0,TRUE,69.22,1198.3988392353058,12.272145986557007,1279.8909852218628,10.501,0.008204605018121681,3,1,
80,10,linCmt,focei,lbfgsb3c,8,ok,TRUE,TRUE,TRUE,TRUE,-4506.681700345457,9.6886791823402,native,8,TRUE,TRUE,NA,FALSE,focei,"r,s",2,2,1,1,FALSE,60.812000000000005,1193.5102624893188,14.873085498809814,1269.1953479881286,11.186,0.008813458084077873,3,1,
80,10,linCmt,focei,lbfgsb3c,9,ok,TRUE,TRUE,TRUE,TRUE,-4510.04548992796,6.192560850798804,native,8,TRUE,TRUE,NA,FALSE,focei,"r,s",2,2,2,0,TRUE,81.01700000000001,1495.600655078888,12.666100263595581,1589.2837553424836,10.261999999999997,0.00645699672289709,3,1,
80,10,linCmt,focei,lbfgsb3c,10,ok,TRUE,TRUE,TRUE,TRUE,-4471.781887090864,7.089345401011176,native,8,TRUE,TRUE,NA,FALSE,focei,"r,s",2,2,2,0,TRUE,68.357,1166.4041032791138,12.331007957458496,1247.0921112365722,9.760000000000002,0.00782620618963128,3,1,
80,10,linCmt,focei,lbfgsb3c,11,ok,TRUE,TRUE,TRUE,TRUE,-4509.01127527178,9.239174964398867,native,8,TRUE,TRUE,NA,FALSE,focei,"r,s",2,2,2,0,TRUE,19.177999999999997,344.2870056629181,10.188363313674927,373.653368976593,9.908,0.026516554707206916,3,1,
80,10,linCmt,focei,lbfgsb3c,12,ok,TRUE,TRUE,TRUE,TRUE,-4522.261675890291,8.84057553332827,native,8,TRUE,TRUE,NA,FALSE,focei,"r,s",2,2,1,1,FALSE,66.431,1189.4638922214508,13.899693012237549,1269.7945852336884,9.593,0.007554765244360008,3,1,
80,10,linCmt,focei,lbfgsb3c,13,ok,TRUE,TRUE,TRUE,TRUE,-4439.5539909135305,7.172530483810798,native,8,TRUE,TRUE,NA,FALSE,focei,"r,s",2,2,2,0,TRUE,70.45100000000001,1127.048240661621,10.919918775558472,1208.4191594371796,9.793999999999999,0.008104803638301752,3,1,
80,10,linCmt,focei,lbfgsb3c,14,ok,TRUE,TRUE,TRUE,TRUE,-4521.033974280832,6.6989465072512955,native,8,TRUE,TRUE,NA,FALSE,focei,"r,s",2,2,1,1,FALSE,70.251,1147.0535943508148,13.34454345703125,1230.649137807846,9.712,0.007891770043653526,3,1,
80,10,linCmt,focei,lbfgsb3c,15,ok,TRUE,TRUE,TRUE,TRUE,-4474.107343080116,9.210407371948216,native,8,TRUE,TRUE,NA,FALSE,focei,"r,s",2,2,2,0,TRUE,72.93400000000001,1188.6754500865936,10.806774854660034,1272.4162249412536,9.558,0.007511692960722255,3,1,
80,10,linCmt,focei,lbfgsb3c,16,ok,TRUE,TRUE,TRUE,TRUE,-4542.885239497677,6.692189304561245,native,8,TRUE,TRUE,NA,FALSE,focei,"r,s",2,2,2,0,TRUE,77.116,1877.536562204361,12.400251150131226,1967.0528133544922,9.504000000000001,0.004831593709877295,3,1,
80,10,linCmt,focei,lbfgsb3c,17,ok,TRUE,TRUE,TRUE,TRUE,-4512.924195084065,13.751092115374083,native,8,TRUE,TRUE,NA,FALSE,focei,"r,s",2,2,2,0,TRUE,81.015,1175.8639650344849,15.005306959152222,1271.8842719936372,9.872000000000002,0.007761712458733343,3,1,
80,10,linCmt,focei,lbfgsb3c,18,ok,TRUE,TRUE,TRUE,TRUE,-4439.12259110985,6.924971389701054,native,8,TRUE,TRUE,NA,FALSE,focei,"r,s",2,2,2,0,TRUE,66.596,1940.2406380176544,12.825926065444946,2019.6625640830994,10.005000000000003,0.004953797816489282,3,1,
80,10,linCmt,focei,lbfgsb3c,19,ok,TRUE,TRUE,TRUE,TRUE,-4518.784127690434,6.750438467870637,native,8,TRUE,TRUE,NA,FALSE,focei,"r,s",2,2,2,0,TRUE,79.513,1179.3312075138092,12.34756350517273,1271.1917710189819,10.459999999999997,0.00822849882957888,3,1,
80,10,linCmt,focei,lbfgsb3c,20,ok,TRUE,TRUE,TRUE,TRUE,-4457.284597694206,6.873753937073369,native,8,TRUE,TRUE,NA,FALSE,focei,"r,s",2,2,2,0,TRUE,71.751,1494.1788456439972,13.173470735549927,1579.103316379547,9.848999999999997,0.006237083981674527,3,1,
80,10,linCmt,focei,lbfgsb3c,21,ok,TRUE,TRUE,TRUE,TRUE,-4471.928455675839,7.097238609676573,native,8,TRUE,TRUE,NA,FALSE,focei,"r,s",2,2,2,0,TRUE,78.322,1189.8583235740662,14.24438738822937,1282.4247109622956,10.173999999999998,0.007933409199800675,3,1,
80,10,linCmt,focei,lbfgsb3c,22,ok,TRUE,TRUE,TRUE,TRUE,-4458.686206786288,12.053011317435564,native,8,TRUE,TRUE,NA,FALSE,focei,"r,s",3,2,2,1,FALSE,75.65599999999999,1525.5264346599579,15.02356767654419,1616.206002336502,11.990000000000002,0.007418608755731885,3,1,
80,10,linCmt,focei,lbfgsb3c,23,ok,TRUE,TRUE,TRUE,TRUE,-4484.047093491272,10.413124233167848,native,8,TRUE,TRUE,NA,FALSE,focei,"r,s",2,2,2,0,TRUE,73.381,1179.460904121399,14.85703420639038,1267.6989383277894,9.970999999999998,0.007865432161008715,3,1,
80,10,linCmt,focei,lbfgsb3c,24,ok,TRUE,TRUE,TRUE,TRUE,-4493.437166212954,10.72716093854098,native,8,TRUE,TRUE,NA,FALSE,focei,"r,s",2,2,2,0,TRUE,76.79899999999999,1177.3658821582794,14.746660947799683,1268.911543106079,10.000000000000004,0.007880769983005836,3,1,
80,10,linCmt,focei,lbfgsb3c,25,ok,TRUE,TRUE,TRUE,TRUE,-4565.336581822578,10.070486351388206,native,8,TRUE,TRUE,NA,FALSE,focei,"r,s",2,2,2,0,TRUE,77.17699999999999,1544.3851730823517,12.580955028533936,1634.1431281108855,9.793999999999999,0.005993355068795065,3,1,
80,10,linCmt,focei,lbfgsb3c,26,ok,TRUE,TRUE,TRUE,TRUE,-4465.775232615466,7.910451680718056,native,8,TRUE,TRUE,NA,FALSE,focei,"r,s",2,2,2,0,TRUE,78.635,1114.6780450344086,11.46799349784851,1204.781038532257,9.990999999999998,0.008292793196821628,3,1,
80,10,linCmt,focei,lbfgsb3c,27,ok,TRUE,TRUE,TRUE,TRUE,-4447.623892026688,10.25680519015046,native,8,TRUE,TRUE,NA,FALSE,focei,"r,s",2,2,2,0,TRUE,72.237,1593.9975008964539,11.55962610244751,1677.7941269989014,9.478999999999997,0.005649680045641383,3,1,
80,10,linCmt,focei,lbfgsb3c,28,ok,TRUE,TRUE,TRUE,TRUE,-4532.769570038538,7.57761607434369,native,8,TRUE,TRUE,NA,FALSE,focei,"r,s",2,2,2,0,TRUE,72.22500000000001,1124.0987112522125,11.8292555809021,1208.1529668331145,10.522000000000006,0.00870916207537935,3,1,
80,10,linCmt,focei,lbfgsb3c,29,ok,TRUE,TRUE,TRUE,TRUE,-4528.573225048629,5.864275829037974,native,8,TRUE,TRUE,NA,FALSE,focei,"r,s",2,2,2,0,TRUE,69.074,1205.5128717422485,18.15248203277588,1292.7393537750245,9.852000000000002,0.007621025824912379,3,1,
80,10,linCmt,focei,lbfgsb3c,30,ok,TRUE,TRUE,TRUE,TRUE,-4465.787762269861,4.347023501677479,native,8,TRUE,TRUE,NA,FALSE,focei,"r,s",1,2,1,0,FALSE,67.396,1191.585988521576,9.262545824050903,1268.2445343456268,8.225999999999999,0.006486130850344527,3,1,
80,10,linCmt,focei,lbfgsb3c,31,ok,TRUE,TRUE,TRUE,TRUE,-4494.691022969745,5.080976252691826,native,27,TRUE,TRUE,NA,FALSE,focei,"r,s",2,2,1,1,FALSE,78.108,1912.5770437717438,12.785993337631226,2003.471037109375,10.574000000000003,0.0052778402103862004,3,1,
80,10,linCmt,focei,lbfgsb3c,32,ok,TRUE,TRUE,TRUE,TRUE,-4502.8790096271605,10.367405171118298,native,8,TRUE,TRUE,NA,FALSE,focei,"r,s",2,2,2,0,TRUE,73.166,1199.0660564899445,14.342010021209717,1286.5740665111541,10.605,0.0082428212071442835,3,1,
80,10,linCmt,focei,lbfgsb3c,33,ok,TRUE,TRUE,TRUE,TRUE,-4560.557032958402,10.065616276475822,native,8,TRUE,TRUE,NA,FALSE,focei,"r,s",2,2,2,0,TRUE,70.354,929.6123521327972,13.834513187408447,1013.8008653202057,9.810999999999998,0.00967744291370399,3,1,
80,10,linCmt,focei,lbfgsb3c,34,ok,TRUE,TRUE,TRUE,TRUE,-4454.564639229639,5.823439296858976,native,8,TRUE,TRUE,NA,FALSE,focei,"r,s",2,2,2,0,TRUE,70.643,1536.391581773758,11.913691520690918,1618.9482732944489,9.813,0.006061342515923142,3,1,
80,10,linCmt,focei,lbfgsb3c,35,ok,TRUE,TRUE,TRUE,TRUE,-4529.58845527708,7.779832532471722,native,8,TRUE,TRUE,NA,FALSE,focei,"r,s",2,2,2,0,TRUE,68.294,1201.068677186966,11.483247995376587,1280.8459251823426,10.160000000000002,0.007932257737052653,3,1,
80,10,linCmt,focei,lbfgsb3c,36,ok,TRUE,TRUE,TRUE,TRUE,-4474.613633381758,6.510252224142787,native,8,TRUE,TRUE,NA,FALSE,focei,"r,s",2,2,2,0,TRUE,75.328,1166.5337812900543,16.294429302215576,1258.1562105922699,10.116999999999999,0.008041131868067066,3,1,
80,10,linCmt,focei,lbfgsb3c,37,ok,TRUE,TRUE,TRUE,TRUE,-4510.352118084966,8.477217365621629,native,8,TRUE,TRUE,NA,FALSE,focei,"r,s",2,2,2,0,TRUE,71.974,1200.6063163280487,12.942563772201538,1285.5228801002502,9.833,0.007649027607531329,3,1,
80,10,linCmt,focei,lbfgsb3c,38,ok,TRUE,TRUE,TRUE,TRUE,-4464.140565607603,5.957401686317781,native,8,TRUE,TRUE,NA,FALSE,focei,"r,s",2,2,2,0,TRUE,75.28500000000001,1563.3425316810608,12.649919033050537,1651.2774507141114,9.731000000000005,0.005893013312688148,3,1,
80,10,linCmt,focei,lbfgsb3c,39,ok,TRUE,TRUE,TRUE,TRUE,-4501.478809277571,6.921563357928075,native,8,TRUE,TRUE,NA,FALSE,focei,"r,s",2,2,2,0,TRUE,71.90100000000001,1221.908020734787,12.313203573226929,1306.122224308014,9.867999999999997,0.007555188799599579,3,1,
80,10,linCmt,focei,lbfgsb3c,40,ok,TRUE,TRUE,TRUE,TRUE,-4537.463982875064,15.34434967449061,native,8,TRUE,TRUE,NA,FALSE,focei,"r,s",2,2,2,0,TRUE,64.86999999999999,1501.6938037872314,12.171744346618652,1578.73554813385,9.708000000000002,0.0061492249360416175,3,1,
80,10,linCmt,focei,lbfgsb3c,41,ok,TRUE,TRUE,TRUE,TRUE,-4483.334198366408,7.2012174480073705,native,8,TRUE,TRUE,NA,FALSE,focei,"r,s",2,2,2,0,TRUE,87.049,1174.5020551681519,11.50749135017395,1273.0585465183258,9.800000000000004,0.007697996315096363,3,1,
80,10,linCmt,focei,lbfgsb3c,42,ok,TRUE,TRUE,TRUE,TRUE,-4531.046473911252,9.770572777554321,native,8,TRUE,TRUE,NA,FALSE,focei,"r,s",2,2,2,0,TRUE,84.077,1190.5567619800568,11.923418045043945,1286.5571800251007,10.005999999999998,0.007777345737408097,3,1,
80,10,linCmt,focei,lbfgsb3c,43,ok,TRUE,TRUE,TRUE,TRUE,-4421.002141115077,7.48797217189327,native,8,TRUE,TRUE,NA,FALSE,focei,"r,s",2,2,1,1,FALSE,68.021000000000015,1171.7812111377716,11.924407958984375,1251.726619096756,9.918999999999997,0.00792425426500679,3,1,
80,10,linCmt,focei,lbfgsb3c,44,ok,TRUE,TRUE,TRUE,TRUE,-4477.091497070966,3.934888184832821,native,8,TRUE,TRUE,NA,FALSE,focei,"r,s",1,2,1,0,FALSE,56.821,795.652724981308,14.117266654968262,866.5909916362763,8.4,0.009693154072764271,3,1,
80,10,linCmt,focei,lbfgsb3c,45,ok,TRUE,TRUE,TRUE,TRUE,-4596.523646467138,8.87969585461109,native,8,TRUE,TRUE,NA,FALSE,focei,"r,s",3,2,1,2,FALSE,80.199,1535.882954120636,12.986749410629272,1629.0687035312653,11.288999999999996,0.006929726153064812,3,1,
80,10,linCmt,focei,lbfgsb3c,46,ok,TRUE,TRUE,TRUE,TRUE,-4472.42418185064,7.249313945790137,native,8,TRUE,TRUE,NA,FALSE,focei,"r,s",2,2,2,0,TRUE,80.40400000000001,1508.5648348331451,12.040323495864868,1601.00915832901,9.989999999999998,0.006239814399579492,3,1,
80,10,linCmt,focei,lbfgsb3c,47,ok,TRUE,TRUE,TRUE,TRUE,-4477.151078447834,10.2773705903609,native,8,TRUE,TRUE,NA,FALSE,focei,"r,s",2,2,2,0,TRUE,80.183,1188.2734117507935,13.474167346954346,1281.9305790977478,10.362000000000004,0.008083121012132355,3,1,
80,10,linCmt,focei,lbfgsb3c,48,ok,TRUE,TRUE,TRUE,TRUE,-4496.385839202809,7.85632064732787,native,8,TRUE,TRUE,NA,FALSE,focei,"r,s",2,2,2,0,TRUE,69.914,1177.9431264400482,11.106103897094727,1258.963230337143,10.105000000000004,0.008026445694759445,3,1,
80,10,linCmt,focei,lbfgsb3c,49,ok,TRUE,TRUE,TRUE,TRUE,-4503.2861728786065,190.16673837210502,native,27,TRUE,TRUE,NA,FALSE,focei,"r,s",2,2,2,0,TRUE,69.375,1195.073358297348,11.498005867004395,1275.9463641643524,10.368000000000004,0.008125733409484068,3,1,
80,10,linCmt,focei,lbfgsb3c,50,ok,TRUE,TRUE,TRUE,TRUE,-4494.979008224491,4.753667112610809,native,8,TRUE,TRUE,NA,FALSE,focei,"r,s",2,2,2,0,TRUE,78.62,1548.1021797657013,11.741900444030762,1638.464080209732,10.062000000000001,0.0061411172338376886,3,1,
80,10,linCmt,focei,lbfgsb3c,51,ok,TRUE,TRUE,TRUE,TRUE,-4491.778954229039,12.580324938839626,native,8,TRUE,TRUE,NA,FALSE,focei,"r,s",2,2,2,0,TRUE,19.332,327.9717483520508,11.365549325942993,358.66929767799377,10.065999999999999,0.028064849891436917,3,1,
80,10,linCmt,focei,lbfgsb3c,52,ok,TRUE,TRUE,TRUE,TRUE,-4459.925356622991,6.2890868405187055,native,8,TRUE,TRUE,NA,FALSE,focei,"r,s",2,2,1,1,FALSE,19.17,560.7597317695618,10.459651708602905,590.3893834781646,10.026000000000002,0.01698201268615937,3,1,
80,10,linCmt,focei,lbfgsb3c,53,ok,TRUE,TRUE,TRUE,TRUE,-4457.92133199845,11.279061642216446,native,8,TRUE,TRUE,NA,FALSE,focei,"r,s",2,2,2,0,TRUE,72.541,1871.3186609745026,12.477216482162476,1956.336877456665,9.631,0.004922976257811374,3,1,
80,10,linCmt,focei,lbfgsb3c,54,ok,TRUE,TRUE,TRUE,TRUE,-4489.542020503671,6.516098896690432,native,8,TRUE,TRUE,NA,FALSE,focei,"r,s",2,2,1,1,FALSE,64.076,1279.618482351303,13.391664028167725,1357.0861463794708,10.052000000000005,0.007407046359449938,3,1,
80,10,linCmt,focei,lbfgsb3c,55,ok,TRUE,TRUE,TRUE,TRUE,-4437.30618086986,7.232519266415313,native,8,TRUE,TRUE,NA,FALSE,focei,"r,s",2,2,2,0,TRUE,56.291000000000004,1544.7097253799438,14.678260803222656,1615.6789861831664,9.809000000000006,0.006071131755679082,3,1,
80,10,linCmt,focei,lbfgsb3c,56,ok,TRUE,TRUE,TRUE,TRUE,-4435.139184524605,9.746909554919021,native,8,TRUE,TRUE,NA,FALSE,focei,"r,s",4,2,2,2,FALSE,64.471,2168.31356716156,14.579060077667236,2247.3636272392273,13.389999999999995,0.005958092334371778,3,1,
80,10,linCmt,focei,lbfgsb3c,57,ok,TRUE,TRUE,TRUE,TRUE,-4493.932388639905,12.277782328554615,native,8,TRUE,TRUE,NA,FALSE,focei,"r,s",2,2,1,1,FALSE,72.748,1528.971951007843,11.908119678497314,1613.6280706863404,9.535999999999996,0.005909664174312458,3,1,
80,10,linCmt,focei,lbfgsb3c,58,ok,TRUE,TRUE,TRUE,TRUE,-4497.683902378252,11.68298349122959,native,8,TRUE,TRUE,NA,FALSE,focei,"r,s",2,2,1,1,FALSE,68.70500000000001,1142.185286283493,13.417595863342285,1224.3078821468353,9.516000000000002,0.00777255471337292,3,1,
80,10,linCmt,focei,lbfgsb3c,59,ok,TRUE,TRUE,TRUE,TRUE,-4562.344153781801,8.079909767133115,native,8,TRUE,TRUE,NA,FALSE,focei,"r,s",2,2,2,0,TRUE,71.86800000000001,1136.2674896717072,11.482759952545166,1219.6182496242523,9.754000000000001,0.00799758449252877,3,1,
80,10,linCmt,focei,lbfgsb3c,60,ok,TRUE,TRUE,TRUE,TRUE,-4482.653005407383,9.144421862916902,native,8,TRUE,TRUE,NA,FALSE,focei,"r,s",2,2,2,0,TRUE,69.185,1188.4144504070282,11.403595209121704,1269.0030456161498,10.004000000000003,0.007883353814287085,3,1,
80,10,linCmt,focei,lbfgsb3c,61,ok,TRUE,TRUE,TRUE,TRUE,-4508.077811842608,6.47150514087213,native,8,TRUE,TRUE,NA,FALSE,focei,"r,s",2,2,2,0,TRUE,72.833,1198.0786139965057,13.501626968383789,1284.4132409648896,9.988000000000001,0.0077763134803069435,3,1,
80,10,linCmt,focei,lbfgsb3c,62,ok,TRUE,TRUE,TRUE,TRUE,-4484.133628808794,5.785700765506787,native,8,TRUE,TRUE,NA,FALSE,focei,"r,s",2,2,1,1,FALSE,78.25099999999999,1196.138028383255,12.2612943649292,1286.6503227481842,9.930000000000001,0.007717714614791609,3,1,
80,10,linCmt,focei,lbfgsb3c,63,ok,TRUE,TRUE,TRUE,TRUE,-4513.201242806434,9.719066384812846,native,8,TRUE,TRUE,NA,FALSE,focei,"r,s",2,2,2,0,TRUE,71.735,1230.2277963161469,13.275147676467896,1315.2379439926146,9.837000000000003,0.00747925502372462,3,1,
80,10,linCmt,focei,lbfgsb3c,64,ok,TRUE,TRUE,TRUE,TRUE,-4474.493324791898,9.358857420323355,native,27,TRUE,TRUE,NA,FALSE,focei,"r,s",2,2,2,0,TRUE,70.915,1182.291293144226,13.664982557296753,1266.8712757015228,11.459,0.009045117858288043,3,1,
80,10,linCmt,focei,lbfgsb3c,65,ok,TRUE,TRUE,TRUE,TRUE,-4463.559002843833,7.563325560939847,native,8,TRUE,TRUE,NA,FALSE,focei,"r,s",2,2,2,0,TRUE,66.765,1167.1078214645386,12.206315755844116,1246.0791372203828,9.903000000000002,0.007947328307005069,3,1,
80,10,linCmt,focei,lbfgsb3c,66,ok,TRUE,TRUE,TRUE,TRUE,-4506.848121907681,10.065202637670142,native,27,TRUE,TRUE,NA,FALSE,focei,"r,s",2,2,2,0,TRUE,67.721,1198.1609020233154,15.044533252716064,1280.9264352760315,10.894000000000002,0.008504781929691703,3,1,
80,10,linCmt,focei,lbfgsb3c,67,ok,TRUE,TRUE,TRUE,TRUE,-4525.77039955446,7.382059587728214,native,8,TRUE,TRUE,NA,FALSE,focei,"r,s",2,2,2,0,TRUE,73.633,1189.802194595337,14.323434829711914,1277.7586294250489,9.969000000000003,0.007801943004279094,3,1,
80,10,linCmt,focei,lbfgsb3c,68,ok,TRUE,TRUE,TRUE,TRUE,-4479.923779110248,6.5487541355961385,native,8,TRUE,TRUE,NA,FALSE,focei,"r,s",2,2,2,0,TRUE,84.42099999999999,1199.5663776397705,11.240313529968262,1295.2276911697388,10.046000000000003,0.00775616524298312,3,1,
80,10,linCmt,focei,lbfgsb3c,69,ok,TRUE,TRUE,TRUE,TRUE,-4568.641374284967,7.026568213699281,native,8,TRUE,TRUE,NA,FALSE,focei,"r,s",2,2,2,0,TRUE,79.232,1136.661747455597,11.617743253707886,1227.5114907093048,10.035000000000004,0.008175076222057508,3,1,
80,10,linCmt,focei,lbfgsb3c,70,ok,TRUE,TRUE,TRUE,TRUE,-4462.857508980648,7.13628267825023,native,8,TRUE,TRUE,NA,FALSE,focei,"r,s",4,2,2,2,FALSE,77.44200000000001,2114.72288274765,18.831385135650635,2210.996267883301,12.924000000000001,0.005845328727023499,3,1,
80,10,linCmt,focei,lbfgsb3c,71,ok,TRUE,TRUE,TRUE,TRUE,-4533.172001602192,7.216141027197124,native,8,TRUE,TRUE,NA,FALSE,focei,"r,s",2,2,2,0,TRUE,73.559,1229.7968583106995,14.396618127822876,1317.7524764385223,10.033,0.007613721225640264,3,1,
80,10,linCmt,focei,lbfgsb3c,72,ok,TRUE,TRUE,TRUE,TRUE,-4502.220514449241,8.369232430956284,native,8,TRUE,TRUE,NA,FALSE,focei,"r,s",2,2,2,0,TRUE,75.58300000000001,1135.9061079025269,14.806386470794678,1226.2954943733216,10.188999999999998,0.008308764116602191,3,1,
80,10,linCmt,focei,lbfgsb3c,73,ok,TRUE,TRUE,TRUE,TRUE,-4489.807410364403,9.175446845163465,native,8,TRUE,TRUE,NA,FALSE,focei,"r,s",2,2,2,0,TRUE,76.89399999999999,1121.1670229434967,12.912682294845581,1210.9737052383423,10.050999999999998,0.00829993248946869,3,1,
80,10,linCmt,focei,lbfgsb3c,74,ok,TRUE,TRUE,TRUE,TRUE,-4501.875536487883,9.693387724526549,native,8,TRUE,TRUE,NA,FALSE,focei,"r,s",2,2,2,0,TRUE,17.974999999999998,337.48061442375183,10.392433643341064,365.8480480670929,9.576000000000002,0.026174801397994225,3,1,
80,10,linCmt,focei,lbfgsb3c,75,ok,TRUE,TRUE,TRUE,TRUE,-4495.116873523233,9.067465186434768,native,8,TRUE,TRUE,NA,FALSE,focei,"r,s",3,2,2,1,FALSE,77.27499999999999,1470.3679225444794,16.291604042053223,1563.9345265865327,11.888,0.007601341231302649,3,1,
80,10,linCmt,focei,lbfgsb3c,76,ok,TRUE,TRUE,TRUE,TRUE,-4504.515611796716,14.08489169971902,native,8,TRUE,TRUE,NA,FALSE,focei,"r,s",2,2,2,0,TRUE,77.995,1171.0458295345306,11.197251081466675,1260.2380806159972,10.166999999999996,0.00806752323737942,3,1,
80,10,linCmt,focei,lbfgsb3c,77,ok,TRUE,TRUE,TRUE,TRUE,-4489.552494441273,3.3053136710249897,native,8,TRUE,TRUE,NA,FALSE,focei,"r,s",1,2,1,0,FALSE,70.149,817.88143658638,10.677158117294312,898.7075947036743,8.314000000000002,0.00925106235776424,3,1,
80,10,linCmt,focei,lbfgsb3c,78,ok,TRUE,TRUE,TRUE,TRUE,-4525.1716035040145,6.958764122215151,native,8,TRUE,TRUE,NA,FALSE,focei,"r,s",2,2,2,0,TRUE,77.906,1190.3580389022827,13.678473949432373,1281.942512851715,10.082000000000004,0.007864627234783195,3,1,
80,10,linCmt,focei,lbfgsb3c,79,ok,TRUE,TRUE,TRUE,TRUE,-4458.739856769066,7.407961058756333,native,8,TRUE,TRUE,NA,FALSE,focei,"r,s",2,2,2,0,TRUE,66.187,1195.3182566165924,13.11889910697937,1274.6241557235717,9.41,0.007382568389077942,3,1,
80,10,linCmt,focei,lbfgsb3c,80,ok,TRUE,TRUE,TRUE,TRUE,-4521.287341192481,7.45086776102714,native,8,TRUE,TRUE,NA,FALSE,focei,"r,s",2,2,2,0,TRUE,55.998,1213.2812871932983,12.243969678878784,1281.5232568721772,10.258000000000003,0.008004536745620032,3,1,
80,10,linCmt,focei,lbfgsb3c,81,ok,TRUE,TRUE,TRUE,TRUE,-4473.742350418908,7.362435165478033,native,8,TRUE,TRUE,NA,FALSE,focei,"r,s",3,2,2,1,FALSE,73.352,1547.1739428043365,13.3002028465271,1633.8261456508637,11.508000000000003,0.007043589081147668,3,1,
80,10,linCmt,focei,lbfgsb3c,82,ok,TRUE,TRUE,TRUE,TRUE,-4422.133833690411,6.284689624363856,native,8,TRUE,TRUE,NA,FALSE,focei,"r,s",2,2,2,0,TRUE,75.941,1192.3353142738342,15.411940097808838,1283.688254371643,9.794,0.007629578261424616,3,1,
80,10,linCmt,focei,lbfgsb3c,83,ok,TRUE,TRUE,TRUE,TRUE,-4394.834719496646,7.621880591962416,native,8,TRUE,TRUE,NA,FALSE,focei,"r,s",2,2,2,0,TRUE,70.07,1177.9071922302246,14.131362438201904,1262.1085546684265,9.788000000000002,0.0077552758546759444,3,1,
80,10,linCmt,focei,lbfgsb3c,84,ok,TRUE,TRUE,TRUE,TRUE,-4509.406354893129,9.686875693490844,native,8,TRUE,TRUE,NA,FALSE,focei,"r,s",2,2,2,0,TRUE,84.069,1508.6392481327057,16.571434497833252,1609.279682630539,9.657999999999998,0.0060014428220537585,3,1,
80,10,linCmt,focei,lbfgsb3c,85,ok,TRUE,TRUE,TRUE,TRUE,-4519.803970679602,4.3522408502519605,native,8,TRUE,TRUE,NA,FALSE,focei,"r,s",2,2,1,1,FALSE,71.509,1531.790335893631,12.704832792282104,1616.004168685913,9.953999999999999,0.006159637575746044,3,1,
80,10,linCmt,focei,lbfgsb3c,86,ok,TRUE,TRUE,TRUE,TRUE,-4495.131063183322,5.383701309207149,native,8,TRUE,TRUE,NA,FALSE,focei,"r,s",1,2,0,1,FALSE,67.389,798.130558013916,11.562457799911499,877.0820158138275,8.539000000000001,0.009735691584186489,3,1,
80,10,linCmt,focei,lbfgsb3c,87,ok,TRUE,TRUE,TRUE,TRUE,-4498.177409035544,10.465302422059056,native,8,TRUE,TRUE,NA,FALSE,focei,"r,s",2,2,2,0,TRUE,70.919,1186.3113265037537,11.019646644592285,1268.249973148346,9.842,0.007760299789770854,3,1,
80,10,linCmt,focei,lbfgsb3c,88,ok,TRUE,TRUE,TRUE,TRUE,-4444.691060771066,8.052228288577549,native,8,TRUE,TRUE,NA,FALSE,focei,"r,s",2,2,2,0,TRUE,82.88199999999999,1179.7672469615936,12.902206182479858,1275.5514531440735,9.946,0.007797411837432636,3,1,
80,10,linCmt,focei,lbfgsb3c,89,ok,TRUE,TRUE,TRUE,TRUE,-4463.932474223967,6.787528676381013,native,8,TRUE,TRUE,NA,FALSE,focei,"r,s",2,2,2,0,TRUE,64.173,1172.1362283229828,14.662944793701172,1250.972173116684,10.265999999999998,0.008206417553176413,3,1,
80,10,linCmt,focei,lbfgsb3c,90,ok,TRUE,TRUE,TRUE,TRUE,-4497.660164991906,13.07461885134707,native,8,TRUE,TRUE,NA,FALSE,focei,"r,s",2,2,2,0,TRUE,62.358999999999995,1501.2840218544006,13.380824089050293,1577.0238459434509,9.906000000000006,0.006281452259254688,3,1,
80,10,linCmt,focei,lbfgsb3c,91,ok,TRUE,TRUE,TRUE,TRUE,-4549.670579033954,10.631756303700449,native,8,TRUE,TRUE,NA,FALSE,focei,"r,s",2,2,2,0,TRUE,65.851,1153.9798619747162,12.11732029914856,1231.9481822738649,9.893,0.008030370223640433,3,1,
80,10,linCmt,focei,lbfgsb3c,92,ok,TRUE,TRUE,TRUE,TRUE,-4521.245367925552,7.390792094002581,native,8,TRUE,TRUE,NA,FALSE,focei,"r,s",3,2,2,1,FALSE,70.06400000000001,1818.3917939662933,15.263948917388916,1903.7197428836823,11.046999999999999,0.005802849942222285,3,1,
80,10,linCmt,focei,lbfgsb3c,93,ok,TRUE,TRUE,TRUE,TRUE,-4480.918071651859,17.1936501766762,native,8,TRUE,TRUE,NA,FALSE,focei,"r,s",2,2,2,0,TRUE,77.223,1183.8929953575134,11.019801378250122,1272.1357967357635,9.589000000000004,0.0075377172976382675,3,1,
80,10,linCmt,focei,lbfgsb3c,94,ok,TRUE,TRUE,TRUE,TRUE,-4407.617840182125,9.378222068171093,native,8,TRUE,TRUE,NA,FALSE,focei,"r,s",3,2,2,1,FALSE,23.395,495.16899609565735,11.843504667282104,530.4075007629394,11.548,0.02177193946803039,3,1,
80,10,linCmt,focei,lbfgsb3c,95,ok,TRUE,TRUE,TRUE,TRUE,-4495.948987518238,6.634796803531739,native,8,TRUE,TRUE,NA,FALSE,focei,"r,s",2,2,1,1,FALSE,77.11200000000001,1506.6917898654938,13.065707921981812,1596.8694977874757,9.922999999999998,0.006214033152833527,3,1,
80,10,linCmt,focei,lbfgsb3c,96,ok,TRUE,TRUE,TRUE,TRUE,-4496.904487640592,6.849065290217655,native,8,TRUE,TRUE,NA,FALSE,focei,"r,s",2,2,2,0,TRUE,73.834,1167.065707206726,12.69970989227295,1253.599417098999,10.062000000000001,0.008026487459036035,3,1,
80,10,linCmt,focei,lbfgsb3c,97,ok,TRUE,TRUE,TRUE,TRUE,-4473.270259776119,8.977026887129156,native,8,TRUE,TRUE,NA,FALSE,focei,"r,s",2,2,2,0,TRUE,83.92399999999999,1200.4875473976135,12.649654388427734,1297.0612017860412,10.017999999999995,0.0077236139560764765,3,1,
80,10,linCmt,focei,lbfgsb3c,98,ok,TRUE,TRUE,TRUE,TRUE,-4518.18739476114,6.845556758125339,native,8,TRUE,TRUE,NA,FALSE,focei,"r,s",2,2,2,0,TRUE,89.613,1162.3148710727692,12.143903017044067,1264.0717740898133,10.120999999999999,0.008006665608278105,3,1,
80,10,linCmt,focei,lbfgsb3c,99,ok,TRUE,TRUE,TRUE,TRUE,-4519.969768195826,7.154905291312729,native,8,TRUE,TRUE,NA,FALSE,focei,"r,s",2,2,2,0,TRUE,73.95700000000001,1185.6282844543457,12.702201128005981,1272.2874855823518,9.869999999999996,0.007757680643602571,3,1,
80,10,linCmt,focei,lbfgsb3c,100,ok,TRUE,TRUE,TRUE,TRUE,-4484.51795120853,3.5881121336635116,native,8,TRUE,TRUE,NA,FALSE,focei,"r,s",1,2,0,1,FALSE,72.33500000000001,1523.3509559631348,10.395243167877197,1606.081199131012,8.906999999999996,0.0055457968157645,3,1,
80,11,linCmt,focei,lbfgsb3c,1,ok,TRUE,TRUE,TRUE,TRUE,-4468.805730449276,6.702252468968759,native,8,TRUE,TRUE,NA,FALSE,focei,"r,s",2,2,2,0,TRUE,53.078,1430.659049987793,14.638148546218872,1498.3751985340118,10.747999999999998,0.007173103245779616,3,1,
80,11,linCmt,focei,lbfgsb3c,2,ok,TRUE,TRUE,TRUE,TRUE,-4521.343569162204,6.384836897441614,native,8,TRUE,TRUE,NA,FALSE,focei,"r,s",2,2,2,0,TRUE,74.263,1367.3964631557465,13.02069616317749,1454.6801593189239,10.120999999999999,0.00695754316518527,3,1,
80,11,linCmt,focei,lbfgsb3c,3,ok,TRUE,TRUE,TRUE,TRUE,-4489.079900584749,10.987661450604612,native,8,TRUE,TRUE,NA,FALSE,focei,"r,s",2,2,1,1,FALSE,20.823,316.1525866985321,10.390082120895386,347.36566881942747,9.806999999999997,0.0282324964160405,3,1,
80,11,linCmt,focei,lbfgsb3c,4,ok,TRUE,TRUE,TRUE,TRUE,-4566.986663310507,8.6185724650609,native,8,TRUE,TRUE,NA,FALSE,focei,"r,s",2,2,1,1,FALSE,66.716,1114.1011986732483,13.750328540802002,1194.5675272140502,9.198000000000002,0.007699857722946328,3,1,
80,11,linCmt,focei,lbfgsb3c,5,ok,TRUE,TRUE,TRUE,TRUE,-4515.195604330036,5.945164642174872,native,8,TRUE,TRUE,NA,FALSE,focei,"r,s",2,2,2,0,TRUE,73.219,1096.2267351150513,14.128438949584961,1183.5741740646363,10.094999999999999,0.008529249979603476,3,1,
80,11,linCmt,focei,lbfgsb3c,6,ok,TRUE,TRUE,TRUE,TRUE,-4555.6886266953925,4.743378580232983,native,27,TRUE,TRUE,NA,FALSE,focei,"r,s",4,2,0,4,FALSE,76.851,2189.228254556656,18.50675892829895,2284.586013484955,17.437,0.0076324550255830546,3,1,
80,11,linCmt,focei,lbfgsb3c,7,ok,TRUE,TRUE,TRUE,TRUE,-4498.388694400738,5.3795793334645445,native,8,TRUE,TRUE,NA,FALSE,focei,"r,s",2,2,2,0,TRUE,80.012,1136.8229558467865,11.888347864151001,1228.7233037109374,9.987,0.008127948717044505,3,1,
80,11,linCmt,focei,lbfgsb3c,8,ok,TRUE,TRUE,TRUE,TRUE,-4504.032560732364,4.609940480503312,native,8,TRUE,TRUE,NA,FALSE,focei,"r,s",2,2,2,0,TRUE,81.331,1770.5673580169678,11.307769060134888,1863.2061270771026,9.830999999999996,0.005276388831665308,3,1,
80,11,linCmt,focei,lbfgsb3c,9,ok,TRUE,TRUE,TRUE,TRUE,-4535.761539801254,11.848531904764132,native,8,TRUE,TRUE,NA,FALSE,focei,"r,s",2,2,1,1,FALSE,65.274,1489.377767086029,14.915698289871216,1569.5674653759002,10.008,0.006376278956319444,3,1,
80,11,linCmt,focei,lbfgsb3c,10,ok,TRUE,TRUE,TRUE,TRUE,-4433.8003981920765,2.1662984626714232,native,8,TRUE,TRUE,NA,FALSE,focei,"r,s",0,2,0,0,FALSE,57.477000000000004,809.9995574951172,10.535526275634766,878.0120837707519,7.5249999999999995,0.008570497079815555,3,1,
80,11,linCmt,focei,lbfgsb3c,11,ok,TRUE,TRUE,TRUE,TRUE,-4473.943431398878,5.197841599722539,native,8,TRUE,TRUE,NA,FALSE,focei,"r,s",3,2,2,1,FALSE,80.15800000000002,1517.886484861374,14.032164335250854,1612.0766491966247,12.299000000000001,0.007629289839369105,3,1,
80,11,linCmt,focei,lbfgsb3c,12,ok,TRUE,TRUE,TRUE,TRUE,-4565.523915061595,3.8730627290915205,native,8,TRUE,TRUE,NA,FALSE,focei,"r,s",2,2,2,0,TRUE,73.538,1123.6409475803375,11.141569137573242,1208.3205167179108,10.051000000000005,0.00831815719499735,3,1,
80,11,linCmt,focei,lbfgsb3c,13,ok,TRUE,TRUE,TRUE,TRUE,-4494.274243471192,4.51709633302877,native,8,TRUE,TRUE,NA,FALSE,focei,"r,s",2,2,2,0,TRUE,65.222,1115.2727286815643,11.527925491333008,1192.0226541728973,10.373999999999999,0.008702854734919576,3,1,
80,11,linCmt,focei,lbfgsb3c,14,ok,TRUE,TRUE,TRUE,TRUE,-4479.126114289879,4.925435087881987,native,8,TRUE,TRUE,NA,FALSE,focei,"r,s",2,2,2,0,TRUE,60.97500000000001,1447.9446082115173,11.995950937271118,1520.9155591487884,9.860000000000001,0.006482937162874678,3,1,
80,11,linCmt,focei,lbfgsb3c,15,ok,TRUE,TRUE,TRUE,TRUE,-4411.202867151293,5.199664551143613,native,8,TRUE,TRUE,NA,FALSE,focei,"r,s",2,2,2,0,TRUE,63.6,1127.8492913246155,12.069609642028809,1203.5189009666442,10.132000000000001,0.008418646347691064,3,1,
80,11,linCmt,focei,lbfgsb3c,16,ok,TRUE,TRUE,TRUE,TRUE,-4548.348553584958,4.521464805081131,native,8,TRUE,TRUE,NA,FALSE,focei,"r,s",2,2,2,0,TRUE,76.149,1505.7080070972443,17.654857635498047,1599.5118647327422,10.228000000000002,0.006394450848108569,3,1,
80,11,linCmt,focei,lbfgsb3c,17,ok,TRUE,TRUE,TRUE,TRUE,-4547.549299526216,4.1403118376260934,native,27,TRUE,TRUE,NA,FALSE,focei,"r,s",2,2,2,0,TRUE,69.61,2087.2283322811127,13.342747211456299,2170.181079492569,11.261000000000001,0.0051889679190425175,3,1,
80,11,linCmt,focei,lbfgsb3c,18,ok,TRUE,TRUE,TRUE,TRUE,-4455.7280861482905,5.627266210842416,native,8,TRUE,TRUE,NA,FALSE,focei,"r,s",3,2,1,2,FALSE,66.364,1811.031175851822,16.257184505462646,1893.6523603572846,11.993999999999996,0.006333791909797546,3,1,
80,11,linCmt,focei,lbfgsb3c,19,ok,TRUE,TRUE,TRUE,TRUE,-4469.440762698085,5.1179358963630825,native,8,TRUE,TRUE,NA,FALSE,focei,"r,s",2,2,2,0,TRUE,62.07000000000001,1079.5446541309357,11.098440170288086,1152.7130943012237,9.962000000000002,0.008642219863077881,3,1,
80,11,linCmt,focei,lbfgsb3c,20,ok,TRUE,TRUE,TRUE,TRUE,-4458.68917216435,3.351676395551035,native,8,TRUE,TRUE,NA,FALSE,focei,"r,s",2,2,2,0,TRUE,67.019,1146.1098084449768,12.02609634399414,1225.154904788971,9.728000000000003,0.007940220425984109,3,1,
80,11,linCmt,focei,lbfgsb3c,21,ok,TRUE,TRUE,TRUE,TRUE,-4506.858650931944,6.023430602025909,native,8,TRUE,TRUE,NA,FALSE,focei,"r,s",2,2,2,0,TRUE,72.22,1115.6360414028168,13.361024379730225,1201.217065782547,10.174999999999997,0.008470575626871712,3,1,
80,11,linCmt,focei,lbfgsb3c,22,ok,TRUE,TRUE,TRUE,TRUE,-4541.284927458138,4.4951635132348775,native,8,TRUE,TRUE,NA,FALSE,focei,"r,s",2,2,1,1,FALSE,21.915999999999997,308.5463218688965,10.379449844360352,340.84177171325683,10.091,0.029606112975170632,3,1,
80,11,linCmt,focei,lbfgsb3c,23,ok,TRUE,TRUE,TRUE,TRUE,-4430.374999666562,6.095721581567999,native,8,TRUE,TRUE,NA,FALSE,focei,"r,s",2,2,2,0,TRUE,81.16600000000001,1104.6619868278503,11.321900129318237,1197.1498869571685,10.222999999999999,0.008539448661674356,3,1,
80,11,linCmt,focei,lbfgsb3c,24,ok,TRUE,TRUE,TRUE,TRUE,-4505.710733242896,7.3819052798133535,native,8,TRUE,TRUE,NA,FALSE,focei,"r,s",2,2,2,0,TRUE,74.018,1482.4893946647644,11.66633677482605,1568.1737314395905,9.761000000000003,0.006224437895053478,3,1,
80,11,linCmt,focei,lbfgsb3c,25,ok,TRUE,TRUE,TRUE,TRUE,-4551.588448246716,9.606295127182975,native,8,TRUE,TRUE,NA,FALSE,focei,"r,s",2,2,2,0,TRUE,59.40500000000001,1133.4482746124268,11.94536805152893,1204.7986426639557,10.054,0.00834496292074947,3,1,
80,11,linCmt,focei,lbfgsb3c,26,ok,TRUE,TRUE,TRUE,TRUE,-4434.041587090366,6.8416303920978745,native,8,TRUE,TRUE,NA,FALSE,focei,"r,s",2,2,1,1,FALSE,68.64200000000001,1455.7219369411469,12.057365655899048,1536.421302597046,10.564000000000002,0.006875718256537738,3,1,
80,11,linCmt,focei,lbfgsb3c,27,ok,TRUE,TRUE,TRUE,TRUE,-4481.130335797254,5.553664065254409,native,8,TRUE,TRUE,NA,FALSE,focei,"r,s",2,2,2,0,TRUE,64.76400000000001,1481.9975521564484,11.269397735595703,1558.0309498920442,9.579,0.006148144875211708,3,1,
80,11,linCmt,focei,lbfgsb3c,28,ok,TRUE,TRUE,TRUE,TRUE,-4478.117069364585,4.163147366205572,native,8,TRUE,TRUE,NA,FALSE,focei,"r,s",2,2,2,0,TRUE,70.78,1099.9267551898956,11.821275472640991,1182.5280306625366,9.568,0.008091140126834307,3,1,
80,11,linCmt,focei,lbfgsb3c,29,ok,TRUE,TRUE,TRUE,TRUE,-4472.035584295723,4.569475353851771,native,8,TRUE,TRUE,NA,FALSE,focei,"r,s",2,2,2,0,TRUE,20.329,305.313289642334,10.399856090545654,336.04214573287965,9.989,0.029725438094126058,3,1,
80,11,linCmt,focei,lbfgsb3c,30,ok,TRUE,TRUE,TRUE,TRUE,-4436.735181024468,4.889155948308124,native,8,TRUE,TRUE,NA,FALSE,focei,"r,s",2,2,2,0,TRUE,65.87,1131.130026102066,11.637803792953491,1208.6378298950194,9.981999999999998,0.008258884301897964,3,1,
80,11,linCmt,focei,lbfgsb3c,31,ok,TRUE,TRUE,TRUE,TRUE,-4441.671819113093,4.236882391024483,native,8,TRUE,TRUE,NA,FALSE,focei,"r,s",2,2,2,0,TRUE,69.281,1125.2589943408966,11.090933084487915,1205.6309274253845,9.742,0.00808041646775267,3,1,
80,11,linCmt,focei,lbfgsb3c,32,ok,TRUE,TRUE,TRUE,TRUE,-4518.264901436798,6.826355182708728,native,8,TRUE,TRUE,NA,FALSE,focei,"r,s",2,2,2,0,TRUE,19.543,422.90062284469604,9.933958768844604,452.37758161354066,9.572,0.021159315556395573,3,1,
80,11,linCmt,focei,lbfgsb3c,33,ok,TRUE,TRUE,TRUE,TRUE,-4436.647159813772,4.037058759562363,native,8,TRUE,TRUE,NA,FALSE,focei,"r,s",2,2,2,0,TRUE,72.004,1159.9281759262085,12.93411898612976,1244.8662949123382,9.908000000000001,0.007959087687162187,3,1,
80,11,linCmt,focei,lbfgsb3c,34,ok,TRUE,TRUE,TRUE,TRUE,-4469.507665785688,9.422631693785469,native,8,TRUE,TRUE,NA,FALSE,focei,"r,s",2,2,2,0,TRUE,67.86900000000001,1198.4748702049255,13.207294464111328,1279.5511646690368,9.997999999999998,0.007813677386309158,3,1,
80,11,linCmt,focei,lbfgsb3c,35,ok,TRUE,TRUE,TRUE,TRUE,-4477.655561334805,4.676103662394579,native,8,TRUE,TRUE,NA,FALSE,focei,"r,s",2,2,1,1,FALSE,65.163,1152.2660892009735,17.78746795654297,1235.2165571575165,9.954000000000002,0.008058505969921722,3,1,
80,11,linCmt,focei,lbfgsb3c,36,ok,TRUE,TRUE,TRUE,TRUE,-4456.908239902079,4.919200885923684,native,8,TRUE,TRUE,NA,FALSE,focei,"r,s",2,2,2,0,TRUE,87.157,1128.3352763652802,14.391156435012817,1229.883432800293,10.352,0.008417057847856176,3,1,
80,11,linCmt,focei,lbfgsb3c,37,ok,TRUE,TRUE,TRUE,TRUE,-4509.068576986349,5.101719861695904,native,8,TRUE,TRUE,NA,FALSE,focei,"r,s",2,2,2,0,TRUE,66.56,1144.9536685943604,13.786492824554443,1225.3001614189147,10.416999999999996,0.008501590327007681,3,1,
80,11,linCmt,focei,lbfgsb3c,38,ok,TRUE,TRUE,TRUE,TRUE,-4506.0387615823865,3.1557964213811798,native,8,TRUE,TRUE,NA,FALSE,focei,"r,s",2,2,2,0,TRUE,83.426,1111.0008561611176,14.04537034034729,1208.4722265014648,10.104000000000003,0.008360969973841394,3,1,
80,11,linCmt,focei,lbfgsb3c,39,ok,TRUE,TRUE,TRUE,TRUE,-4459.655859795594,6.0669534119959,native,8,TRUE,TRUE,NA,FALSE,focei,"r,s",2,2,2,0,TRUE,76.469,1148.8711957931519,10.976783514022827,1236.3169793071747,9.977,0.008069936890772993,3,1,
80,11,linCmt,focei,lbfgsb3c,40,ok,TRUE,TRUE,TRUE,TRUE,-4456.53557659647,4.784975315516006,native,8,TRUE,TRUE,NA,FALSE,focei,"r,s",2,2,2,0,TRUE,92.60300000000001,1092.408620595932,11.943080425262451,1196.9547010211945,10.166000000000002,0.008493220329329733,3,1,
80,11,linCmt,focei,lbfgsb3c,41,ok,TRUE,TRUE,TRUE,TRUE,-4430.141944904941,6.133514607484809,native,8,TRUE,TRUE,NA,FALSE,focei,"r,s",2,2,2,0,TRUE,69.17399999999999,1505.2372646331787,11.836594581604004,1586.2478592147827,10.029000000000002,0.006322467161572412,3,1,
80,11,linCmt,focei,lbfgsb3c,42,ok,TRUE,TRUE,TRUE,TRUE,-4538.2798158878895,5.836645794942746,native,8,TRUE,TRUE,NA,FALSE,focei,"r,s",2,2,1,1,FALSE,54.824,1197.362759590149,13.390052080154419,1265.5768116703034,10.030000000000005,0.007925240022976123,3,1,
80,11,linCmt,focei,lbfgsb3c,43,ok,TRUE,TRUE,TRUE,TRUE,-4391.450853927835,3.2281771541386544,native,8,TRUE,TRUE,NA,FALSE,focei,"r,s",2,2,2,0,TRUE,58.73700000000001,1487.088628768921,13.959797143936157,1559.7854259128571,10.315000000000003,0.006613089100998105,3,1,
80,11,linCmt,focei,lbfgsb3c,44,ok,TRUE,TRUE,TRUE,TRUE,-4522.756496682639,4.506221106448175,native,8,TRUE,TRUE,NA,FALSE,focei,"r,s",2,2,1,1,FALSE,74.60900000000001,1371.8479824066162,13.687817811965942,1460.144800218582,9.987000000000004,0.006839732606317511,3,1,
80,11,linCmt,focei,lbfgsb3c,45,ok,TRUE,TRUE,TRUE,TRUE,-4466.004301011398,4.954172771865745,native,8,TRUE,TRUE,NA,FALSE,focei,"r,s",2,2,1,1,FALSE,83.176,1474.055005788803,13.642306327819824,1570.8733121166229,10.119000000000002,0.006441639769387564,3,1,
80,11,linCmt,focei,lbfgsb3c,46,ok,TRUE,TRUE,TRUE,TRUE,-4471.632032461692,2.884413968761074,native,8,TRUE,TRUE,NA,FALSE,focei,"r,s",2,2,1,1,FALSE,20.678,314.01982402801514,10.759567975997925,345.45739200401306,10.129999999999999,0.029323442585018768,3,1,
80,11,linCmt,focei,lbfgsb3c,47,ok,TRUE,TRUE,TRUE,TRUE,-4516.861386157012,21.39832345980399,native,8,TRUE,TRUE,NA,FALSE,focei,"r,s",4,2,1,3,FALSE,21.836,503.57480549812317,13.923404216766357,539.3342097148895,13.538000000000004,0.025101318915328314,3,1,
80,11,linCmt,focei,lbfgsb3c,48,ok,TRUE,TRUE,TRUE,TRUE,-4488.757419293808,12.933393188323144,native,8,TRUE,TRUE,NA,FALSE,focei,"r,s",2,2,1,1,FALSE,59.097,1141.6021411418915,13.656419038772583,1214.355560180664,10.768000000000004,0.00886725466007502,3,1,
80,11,linCmt,focei,lbfgsb3c,49,ok,TRUE,TRUE,TRUE,TRUE,-4487.065700564864,8.562447222646231,native,8,TRUE,TRUE,NA,FALSE,focei,"r,s",3,2,1,2,FALSE,84.78800000000001,1742.3833963871002,13.6090407371521,1840.7804371242523,11.691,0.006351110520418281,3,1,
80,11,linCmt,focei,lbfgsb3c,50,ok,TRUE,TRUE,TRUE,TRUE,-4429.793393771891,14.562528956624394,native,8,TRUE,TRUE,NA,FALSE,focei,"r,s",2,2,2,0,TRUE,75.777,1113.2621777057648,12.80395245552063,1201.8431301612854,10.138999999999998,0.008436209140405337,3,1,
80,11,linCmt,focei,lbfgsb3c,51,ok,TRUE,TRUE,TRUE,TRUE,-4496.98489078378,16.62857437322769,native,8,TRUE,TRUE,NA,FALSE,focei,"r,s",2,2,1,1,FALSE,78.827,1822.882789850235,14.13193416595459,1915.8417240161896,12.314000000000005,0.006427462063090524,3,1,
80,11,linCmt,focei,lbfgsb3c,52,ok,TRUE,TRUE,TRUE,TRUE,-4519.390485483448,3.1376999925125757,native,8,TRUE,TRUE,NA,FALSE,focei,"r,s",2,2,0,2,FALSE,23.241999999999997,307.6641092300415,10.807464122772217,341.71357335281374,10.105,0.029571549941233243,3,1,
80,11,linCmt,focei,lbfgsb3c,53,ok,TRUE,TRUE,TRUE,TRUE,-4519.753953547237,4.867366303179904,native,8,TRUE,TRUE,NA,FALSE,focei,"r,s",2,2,2,0,TRUE,56.658,950.5904915332794,11.458592414855957,1018.7070839481354,9.940999999999999,0.009758447896005912,3,1,
80,11,linCmt,focei,lbfgsb3c,54,ok,TRUE,TRUE,TRUE,TRUE,-4469.94444877973,7.82495525046505,native,8,TRUE,TRUE,NA,FALSE,focei,"r,s",2,2,2,0,TRUE,78.406,1086.0615129470825,11.156008243560791,1175.6235211906433,9.680000000000001,0.008233928486048264,3,1,
80,11,linCmt,focei,lbfgsb3c,55,ok,TRUE,TRUE,TRUE,TRUE,-4506.779441738846,7.139863680177522,native,8,TRUE,TRUE,NA,FALSE,focei,"r,s",2,2,2,0,TRUE,22.199,425.88072681427,10.201769828796387,458.2814966430664,9.673,0.02110711445008184,3,1,
80,11,linCmt,focei,lbfgsb3c,56,ok,TRUE,TRUE,TRUE,TRUE,-4487.209994785054,3.522914055525023,native,8,TRUE,TRUE,NA,FALSE,focei,"r,s",2,2,2,0,TRUE,19.727,408.5751142501831,9.884071111679077,438.18618536186216,9.573,0.021846877696736246,3,1,
80,11,linCmt,focei,lbfgsb3c,57,ok,TRUE,TRUE,TRUE,TRUE,-4513.043716282324,9.755580871713212,native,8,TRUE,TRUE,NA,FALSE,focei,"r,s",2,2,2,0,TRUE,20.071,306.5221538543701,11.244372367858887,337.83752622222903,10.285,0.030443628080660708,3,1,
80,11,linCmt,focei,lbfgsb3c,58,ok,TRUE,TRUE,TRUE,TRUE,-4528.1570707988685,6.347511922246308,native,8,TRUE,TRUE,NA,FALSE,focei,"r,s",2,2,0,2,FALSE,67.688,1116.1725990772247,12.714839458465576,1196.5754385356904,10.255,0.00857029124093468,3,1,
80,11,linCmt,focei,lbfgsb3c,59,ok,TRUE,TRUE,TRUE,TRUE,-4482.036716426442,9.3323545944108,native,8,TRUE,TRUE,NA,FALSE,focei,"r,s",3,2,1,2,FALSE,16.796,426.2611131668091,12.940547466278076,455.99766063308715,11.810000000000002,0.025899255675135516,3,1,
80,11,linCmt,focei,lbfgsb3c,60,ok,TRUE,TRUE,TRUE,TRUE,-4524.7364799125735,5.83325763156225,native,8,TRUE,TRUE,NA,FALSE,focei,"r,s",2,2,1,1,FALSE,82.615,1092.238662481308,12.355185985565186,1187.2088484668732,10.154,0.008552833827942388,3,1,
80,11,linCmt,focei,lbfgsb3c,61,ok,TRUE,TRUE,TRUE,TRUE,-4371.997703896717,5.667449757855899,native,8,TRUE,TRUE,NA,FALSE,focei,"r,s",3,2,1,2,FALSE,75.069,1503.7079815864563,12.782887697219849,1591.559869283676,11.831999999999995,0.007434216097271479,3,1,
80,11,linCmt,focei,lbfgsb3c,62,ok,TRUE,TRUE,TRUE,TRUE,-4518.186954577655,6.832333248598748,native,8,TRUE,TRUE,NA,FALSE,focei,"r,s",2,2,2,0,TRUE,23.791000000000004,432.49777269363403,10.64608907699585,466.9348617706299,9.800000000000002,0.020987938152311293,3,1,
80,11,linCmt,focei,lbfgsb3c,63,ok,TRUE,TRUE,TRUE,TRUE,-4523.087322708135,4.425973940333359,native,8,TRUE,TRUE,NA,FALSE,focei,"r,s",2,2,2,0,TRUE,87.797,1070.093813419342,11.159672498703003,1169.050485918045,9.708999999999998,0.00830503054996432,3,1,
80,11,linCmt,focei,lbfgsb3c,64,ok,TRUE,TRUE,TRUE,TRUE,-4544.465626619011,8.69195203533152,native,8,TRUE,TRUE,NA,FALSE,focei,"r,s",3,2,2,1,FALSE,81.65599999999999,1474.8885054588318,14.708038806915283,1571.252544265747,12.252000000000002,0.00779760073879493,3,1,
80,11,linCmt,focei,lbfgsb3c,65,ok,TRUE,TRUE,TRUE,TRUE,-4541.452443916505,7.331713527004969,native,8,TRUE,TRUE,NA,FALSE,focei,"r,s",2,2,2,0,TRUE,19.624,317.6150004863739,11.067082405090332,348.30608289146426,9.892,0.028400307907003874,3,1,
80,11,linCmt,focei,lbfgsb3c,66,ok,TRUE,TRUE,TRUE,TRUE,-4524.189064172949,6.606509628416944,native,8,TRUE,TRUE,NA,FALSE,focei,"r,s",2,2,2,0,TRUE,81.809,1778.499088525772,14.04714322090149,1874.3552317466736,10.03,0.005351173475613396,3,1,
80,11,linCmt,focei,lbfgsb3c,67,ok,TRUE,TRUE,TRUE,TRUE,-4468.746770477714,5.700836992362573,native,8,TRUE,TRUE,NA,FALSE,focei,"r,s",2,2,2,0,TRUE,62.160000000000004,1083.9214069843292,18.022687435150146,1164.1040944194795,9.653999999999998,0.008293072798454761,3,1,
80,11,linCmt,focei,lbfgsb3c,68,ok,TRUE,TRUE,TRUE,TRUE,-4492.326746130652,9.736042289793316,native,8,TRUE,TRUE,NA,FALSE,focei,"r,s",2,2,2,0,TRUE,73.59400000000001,1135.5404784679413,11.13669729232788,1220.2711757602692,10.207999999999997,0.008365353703974919,3,1,
80,11,linCmt,focei,lbfgsb3c,69,ok,TRUE,TRUE,TRUE,TRUE,-4509.020527319478,4.637813580609505,native,8,TRUE,TRUE,NA,FALSE,focei,"r,s",2,2,2,0,TRUE,74.438,1781.3762667179108,12.95290994644165,1868.7671766643525,10.291000000000002,0.00550683901585262,3,1,
80,11,linCmt,focei,lbfgsb3c,70,ok,TRUE,TRUE,TRUE,TRUE,-4509.531632455062,4.575516719451146,native,8,TRUE,TRUE,NA,FALSE,focei,"r,s",2,2,2,0,TRUE,62.931,1104.0881259441376,11.202096700668335,1178.221222644806,9.704999999999998,0.008236993031083543,3,1,
80,11,linCmt,focei,lbfgsb3c,71,ok,TRUE,TRUE,TRUE,TRUE,-4494.988588023272,8.59362409544584,native,8,TRUE,TRUE,NA,FALSE,focei,"r,s",2,2,2,0,TRUE,85.562,1130.3142445087433,12.834639549255371,1228.7108840579986,9.934,0.008084896234654894,3,1,
80,11,linCmt,focei,lbfgsb3c,72,ok,TRUE,TRUE,TRUE,TRUE,-4537.5907840689715,8.033179809001417,native,8,TRUE,TRUE,NA,FALSE,focei,"r,s",2,2,2,0,TRUE,74.14099999999999,1447.7881002426147,18.678715467453003,1540.6078157100678,10.688000000000002,0.00693752160089743,3,1,
80,11,linCmt,focei,lbfgsb3c,73,ok,TRUE,TRUE,TRUE,TRUE,-4441.289775887665,5.102440308568788,native,8,TRUE,TRUE,NA,FALSE,focei,"r,s",2,2,2,0,TRUE,81.31700000000001,1103.178326368332,12.099142789840698,1196.5944691581726,9.953,0.008317772024303378,3,1,
80,11,linCmt,focei,lbfgsb3c,74,ok,TRUE,TRUE,TRUE,TRUE,-4514.8426383613305,5.633917551041885,native,8,TRUE,TRUE,NA,FALSE,focei,"r,s",2,2,1,1,FALSE,67.67399999999999,1462.2106428146362,12.55648159980774,1542.441124414444,9.610999999999997,0.006231031997184732,3,1,
80,11,linCmt,focei,lbfgsb3c,75,ok,TRUE,TRUE,TRUE,TRUE,-4503.298551778451,5.809259865700261,native,8,TRUE,TRUE,NA,FALSE,focei,"r,s",3,2,2,1,FALSE,65.678,1951.695540189743,11.888296842575073,2029.261837032318,11.421,0.005628154923911925,3,1,
80,11,linCmt,focei,lbfgsb3c,76,ok,TRUE,TRUE,TRUE,TRUE,-4473.693087297375,13.602832968717074,native,27,TRUE,TRUE,NA,FALSE,focei,"r,s",3,2,2,1,FALSE,68.31800000000001,1451.0320403575897,14.271271228790283,1533.62131158638,12.720000000000004,0.008294094444242183,3,1,
80,11,linCmt,focei,lbfgsb3c,77,ok,TRUE,TRUE,TRUE,TRUE,-4590.178192097845,7.242555776887335,native,8,TRUE,TRUE,NA,FALSE,focei,"r,s",2,2,1,1,FALSE,78.92,1125.7322330474854,12.95743441581726,1217.6096674633027,9.830999999999998,0.00807401605186113,3,1,
80,11,linCmt,focei,lbfgsb3c,78,ok,TRUE,TRUE,TRUE,TRUE,-4433.191313360956,4.112429653835412,native,8,TRUE,TRUE,NA,FALSE,focei,"r,s",2,2,2,0,TRUE,60.702000000000005,1471.0488066673279,11.08115291595459,1542.8319595832825,9.926999999999998,0.006434271690016891,3,1,
80,11,linCmt,focei,lbfgsb3c,79,ok,TRUE,TRUE,TRUE,TRUE,-4502.035406733817,3.2075103455101326,native,8,TRUE,TRUE,NA,FALSE,focei,"r,s",2,2,2,0,TRUE,78.435,1594.3461170196533,9.986972570419312,1682.7680895900726,9.722,0.005777385523377918,3,1,
80,11,linCmt,focei,lbfgsb3c,80,ok,TRUE,TRUE,TRUE,TRUE,-4507.8918698930065,8.702789042917496,native,8,TRUE,TRUE,NA,FALSE,focei,"r,s",3,2,0,3,FALSE,67.706,1733.8280696868896,13.856009483337402,1815.390079170227,11.706999999999997,0.006448751777552402,3,1,
80,11,linCmt,focei,lbfgsb3c,81,ok,TRUE,TRUE,TRUE,TRUE,-4487.603558599846,9.422497755520673,native,8,TRUE,TRUE,NA,FALSE,focei,"r,s",2,2,2,0,TRUE,42.869,902.110552072525,11.199886798858643,956.1794388713837,9.831000000000003,0.010281542982773109,3,1,
80,11,linCmt,focei,lbfgsb3c,82,ok,TRUE,TRUE,TRUE,TRUE,-4454.071716558385,5.731755957008193,native,8,TRUE,TRUE,NA,FALSE,focei,"r,s",2,2,1,1,FALSE,84.04599999999999,1090.3622980117798,13.163597822189331,1187.5718958339692,9.697000000000003,0.008165400371983635,3,1,
80,11,linCmt,focei,lbfgsb3c,83,ok,TRUE,TRUE,TRUE,TRUE,-4476.174179821238,7.3275674644433355,native,8,TRUE,TRUE,NA,FALSE,focei,"r,s",2,2,2,0,TRUE,76.881,1467.8532230854034,12.834964275360107,1557.5691873607636,9.64,0.006189131165553282,3,1,
80,11,linCmt,focei,lbfgsb3c,84,ok,TRUE,TRUE,TRUE,TRUE,-4499.760654089467,5.207661474835314,native,8,TRUE,TRUE,NA,FALSE,focei,"r,s",2,2,2,0,TRUE,47.557,1180.5022876262665,14.544279098510742,1242.6035667247772,10.313,0.008299509414078653,3,1,
80,11,linCmt,focei,lbfgsb3c,85,ok,TRUE,TRUE,TRUE,TRUE,-4501.53104146729,6.6532085500522316,native,8,TRUE,TRUE,NA,FALSE,focei,"r,s",2,2,2,0,TRUE,79.53800000000001,1117.6308929920197,12.916319370269775,1210.0852123622894,10.293999999999997,0.008506838935668325,3,1,
80,11,linCmt,focei,lbfgsb3c,86,ok,TRUE,TRUE,TRUE,TRUE,-4431.223596880213,6.104092544896775,native,8,TRUE,TRUE,NA,FALSE,focei,"r,s",2,2,1,1,FALSE,64.599,1449.5935366153717,12.579441547393799,1526.7719781627654,10.219000000000001,0.006693206415994739,3,1,
80,11,linCmt,focei,lbfgsb3c,87,ok,TRUE,TRUE,TRUE,TRUE,-4515.463805981264,7.856079893665207,native,8,TRUE,TRUE,NA,FALSE,focei,"r,s",2,2,2,0,TRUE,79.075,1111.114981174469,11.850162744522095,1202.0401439189911,9.548999999999998,0.007943994257020031,3,1,
80,11,linCmt,focei,lbfgsb3c,88,ok,TRUE,TRUE,TRUE,TRUE,-4463.602861203138,3.698814664934645,native,8,TRUE,TRUE,NA,FALSE,focei,"r,s",2,2,2,0,TRUE,70.718,1104.6189959049225,10.913315057754517,1186.250310962677,9.900000000000004,0.0083456247880482,3,1,
80,11,linCmt,focei,lbfgsb3c,89,ok,TRUE,TRUE,TRUE,TRUE,-4488.602635981283,6.718930700010467,native,8,TRUE,TRUE,NA,FALSE,focei,"r,s",2,2,2,0,TRUE,80.01700000000001,1081.2955930233002,12.436492681503296,1173.7490857048035,9.728000000000003,0.008287972377127443,3,1,
80,11,linCmt,focei,lbfgsb3c,90,ok,TRUE,TRUE,TRUE,TRUE,-4519.72240598636,5.36094175066764,native,8,TRUE,TRUE,NA,FALSE,focei,"r,s",2,2,1,1,FALSE,23.215,385.08472990989685,10.83571195602417,419.135441865921,10.389999999999999,0.024789122947335242,3,1,
80,11,linCmt,focei,lbfgsb3c,91,ok,TRUE,TRUE,TRUE,TRUE,-4495.978480585447,6.996769117202486,native,8,TRUE,TRUE,NA,FALSE,focei,"r,s",2,2,2,0,TRUE,67.074,854.9481925964355,11.500792264938354,933.5229848613739,9.758999999999997,0.010453947206719487,3,1,
80,11,linCmt,focei,lbfgsb3c,92,ok,TRUE,TRUE,TRUE,TRUE,-4493.445833602037,5.354583743455494,native,8,TRUE,TRUE,NA,FALSE,focei,"r,s",2,2,2,0,TRUE,70.05600000000001,1478.1258347034454,11.66728138923645,1559.849116092682,10.488999999999999,0.006724368332671973,3,1,
80,11,linCmt,focei,lbfgsb3c,93,ok,TRUE,TRUE,TRUE,TRUE,-4438.992989822847,3.9883201694108377,native,8,TRUE,TRUE,NA,FALSE,focei,"r,s",2,2,2,0,TRUE,20.396,276.89630246162415,10.592064380645752,307.8843668422699,10.03,0.03257716558612539,3,1,
80,11,linCmt,focei,lbfgsb3c,94,ok,TRUE,TRUE,TRUE,TRUE,-4477.604317077438,3.0816949141989767,native,8,TRUE,TRUE,NA,FALSE,focei,"r,s",2,2,2,0,TRUE,67.602,1117.1640441417694,11.286600589752197,1196.0526447315217,10.125000000000004,0.008465346441563002,3,1,
80,11,linCmt,focei,lbfgsb3c,95,ok,TRUE,TRUE,TRUE,TRUE,-4522.126899227218,5.3512970769109955,native,8,TRUE,TRUE,NA,FALSE,focei,"r,s",2,2,2,0,TRUE,74.96700000000001,1108.8345272541046,12.02867865562439,1195.830205909729,10.414,0.008708594203871559,3,1,
80,11,linCmt,focei,lbfgsb3c,96,ok,TRUE,TRUE,TRUE,TRUE,-4446.775417677601,3.830632601731866,native,8,TRUE,TRUE,NA,FALSE,focei,"r,s",2,2,1,1,FALSE,70.554,1091.0612545013428,12.152026176452637,1173.7672806777955,9.999000000000002,0.008518724422294384,3,1,
80,11,linCmt,focei,lbfgsb3c,97,ok,TRUE,TRUE,TRUE,TRUE,-4525.5423031674445,10.624818939987005,native,8,TRUE,TRUE,NA,FALSE,focei,"r,s",3,2,2,1,FALSE,74.269,1415.267718553543,14.208903074264526,1503.7456216278076,11.976999999999999,0.007964777970249299,3,1,
80,11,linCmt,focei,lbfgsb3c,98,ok,TRUE,TRUE,TRUE,TRUE,-4561.556682998024,11.654827380412868,native,8,TRUE,TRUE,NA,FALSE,focei,"r,s",2,2,2,0,TRUE,78.636,1424.144006729126,12.02506971359253,1514.8050764427185,9.966000000000001,0.006579064300077199,3,1,
80,11,linCmt,focei,lbfgsb3c,99,ok,TRUE,TRUE,TRUE,TRUE,-4516.03214295652,7.86893247315045,native,8,TRUE,TRUE,NA,FALSE,focei,"r,s",2,2,1,1,FALSE,60.077,894.9721868038177,13.34647274017334,968.3956595439911,10.825999999999997,0.01117931487332137,3,1,
80,11,linCmt,focei,lbfgsb3c,100,ok,TRUE,TRUE,TRUE,TRUE,-4437.569552524489,7.3263065382064525,native,8,TRUE,TRUE,NA,FALSE,focei,"r,s",2,2,2,0,TRUE,77.52199999999999,1030.6235461235046,11.257067680358887,1119.4026138038635,9.859000000000005,0.008807376254463038,3,1,
80,12,linCmt,focei,lbfgsb3c,1,ok,TRUE,TRUE,TRUE,TRUE,-4500.423893636845,9.931704811576274,native,8,TRUE,TRUE,NA,FALSE,focei,"r,s",3,3,1,2,FALSE,93.599,1561.5374817848206,13.343682289123535,1668.480164073944,11.556999999999995,0.006926663108646828,3,1,
80,12,linCmt,focei,lbfgsb3c,2,ok,TRUE,TRUE,TRUE,TRUE,-4444.863451012256,9.072604029128351,native,8,TRUE,TRUE,NA,FALSE,focei,"r,s",3,3,3,0,TRUE,78.35600000000001,1853.6736006736755,14.259033441543579,1946.288634115219,11.658,0.005989861830180042,3,1,
80,12,linCmt,focei,lbfgsb3c,3,ok,TRUE,TRUE,TRUE,TRUE,-4427.9894645268005,10.47171126915744,native,8,TRUE,TRUE,NA,FALSE,focei,"r,s",3,3,3,0,TRUE,82.708,1880.181407213211,14.714842319488525,1977.6042495326997,11.864,0.005999178047277871,3,1,
80,12,linCmt,focei,lbfgsb3c,4,ok,TRUE,TRUE,TRUE,TRUE,-4547.370434481317,17.277197554055288,native,8,TRUE,TRUE,NA,FALSE,focei,"r,s",4,3,3,1,FALSE,16.449,523.9326627254486,14.278037309646606,554.6597000350952,13.706000000000003,0.02471064690499919,3,1,
80,12,linCmt,focei,lbfgsb3c,5,ok,TRUE,TRUE,TRUE,TRUE,-4425.2975014935,8.501870202768087,native,8,TRUE,TRUE,NA,FALSE,focei,"r,s",3,3,2,1,FALSE,55.953,1271.6165499687195,12.641090393066406,1340.2106403617859,11.924,0.008897108887884335,3,1,
80,12,linCmt,focei,lbfgsb3c,6,ok,TRUE,TRUE,TRUE,TRUE,-4505.059429111836,12.004836364490439,native,8,TRUE,TRUE,NA,FALSE,focei,"r,s",3,3,3,0,TRUE,82.34400000000001,1813.9895331859589,13.647096872329712,1909.9806300582886,12.020999999999999,0.006293781104802693,3,1,
80,12,linCmt,focei,lbfgsb3c,7,ok,TRUE,TRUE,TRUE,TRUE,-4508.534818904255,9.450204634202501,native,8,TRUE,TRUE,NA,FALSE,focei,"r,s",3,3,2,1,FALSE,80.203,1548.486732006073,12.497317552566528,1641.1870495586395,11.611000000000006,0.007074757263727205,3,1,
80,12,linCmt,focei,lbfgsb3c,8,ok,TRUE,TRUE,TRUE,TRUE,-4545.0148893749965,4.704165528396345,native,8,TRUE,TRUE,NA,FALSE,focei,"r,s",2,3,2,0,FALSE,64.607,1218.4114933013916,11.90951418876648,1294.928007490158,10.173,0.007856035193583778,3,1,
80,12,linCmt,focei,lbfgsb3c,9,ok,TRUE,TRUE,TRUE,TRUE,-4515.244894077496,16.46343044255793,native,8,TRUE,TRUE,NA,FALSE,focei,"r,s",4,3,3,1,FALSE,62.545,1440.1098947525024,15.774469375610352,1518.4293641281129,13.155000000000001,0.008663557430314611,3,1,
80,12,linCmt,focei,lbfgsb3c,10,ok,TRUE,TRUE,TRUE,TRUE,-4457.592260779531,5.540442596624421,native,8,TRUE,TRUE,NA,FALSE,focei,"r,s",2,3,2,0,FALSE,73.818,1160.819724559784,12.237841367721558,1246.8755659275055,10.125000000000004,0.008120297066266099,3,1,
80,12,linCmt,focei,lbfgsb3c,11,ok,TRUE,TRUE,TRUE,TRUE,-4503.241942400791,7.648048427412633,native,8,TRUE,TRUE,NA,FALSE,focei,"r,s",3,3,3,0,TRUE,74.432,1529.678949356079,15.134875297546387,1619.2458246536255,11.71,0.007231761738527193,3,1,
80,12,linCmt,focei,lbfgsb3c,12,ok,TRUE,TRUE,TRUE,TRUE,-4542.217299003487,11.315754387881002,native,8,TRUE,TRUE,NA,FALSE,focei,"r,s",3,3,2,1,FALSE,77.431,1501.5180282592773,13.030484437942505,1591.97951269722,11.575999999999997,0.007271450359550982,3,1,
80,12,linCmt,focei,lbfgsb3c,13,ok,TRUE,TRUE,TRUE,TRUE,-4446.689321084213,18.297960580732514,native,8,TRUE,TRUE,NA,FALSE,focei,"r,s",3,3,2,1,FALSE,70.18100000000001,1839.1960084438324,12.677821397781372,1922.0548298416138,11.581999999999997,0.006025842665973482,3,1,
80,12,linCmt,focei,lbfgsb3c,14,ok,TRUE,TRUE,TRUE,TRUE,-4502.716782945526,9.547700541627867,native,8,TRUE,TRUE,NA,FALSE,focei,"r,s",3,3,3,0,TRUE,69.947,1554.7965824604034,13.774291753768921,1638.5178742141725,11.729000000000001,0.007158298474848918,3,1,
80,12,linCmt,focei,lbfgsb3c,15,ok,TRUE,TRUE,TRUE,TRUE,-4421.153548290543,10.836353994143495,native,8,TRUE,TRUE,NA,FALSE,focei,"r,s",3,3,2,1,FALSE,70.51500000000001,1446.8586535453796,17.25296401977539,1534.6266175651551,11.506000000000002,0.0074975892300470255,3,1,
80,12,linCmt,focei,lbfgsb3c,16,ok,TRUE,TRUE,TRUE,TRUE,-4522.201274204184,14.902419283677887,native,8,TRUE,TRUE,NA,FALSE,focei,"r,s",3,3,2,1,FALSE,80.922,1434.4851875305176,13.591714859008789,1528.9989023895264,11.608,0.007591895574194962,3,1,
80,12,linCmt,focei,lbfgsb3c,17,ok,TRUE,TRUE,TRUE,TRUE,-4385.044540438613,10.898343658847093,native,8,TRUE,TRUE,NA,FALSE,focei,"r,s",3,3,3,0,TRUE,62.738,1574.6963019371033,12.66904067993164,1650.103342617035,11.456000000000001,0.006942595475160353,3,1,
80,12,linCmt,focei,lbfgsb3c,18,ok,TRUE,TRUE,TRUE,TRUE,-4478.677515708279,12.424009212898248,native,8,TRUE,TRUE,NA,FALSE,focei,"r,s",3,3,2,1,FALSE,21.306,414.9370698928833,11.79073452949524,448.0338044223785,11.176000000000002,0.024944546348257154,3,1,
80,12,linCmt,focei,lbfgsb3c,19,ok,TRUE,TRUE,TRUE,TRUE,-4497.609645483984,13.263748250649273,native,8,TRUE,TRUE,NA,FALSE,focei,"r,s",3,3,3,0,TRUE,55.474,1526.5105168819427,15.39169430732727,1597.37621118927,11.316000000000003,0.007084117016851701,3,1,
80,12,linCmt,focei,lbfgsb3c,20,ok,TRUE,TRUE,TRUE,TRUE,-4478.898520042592,10.232126194645303,native,8,TRUE,TRUE,NA,FALSE,focei,"r,s",3,3,2,1,FALSE,71.558,1865.8542177677155,12.311395645141602,1949.723613412857,11.414999999999996,0.005854675976365093,3,1,
80,12,linCmt,focei,lbfgsb3c,21,ok,TRUE,TRUE,TRUE,TRUE,-4470.742938917298,8.848223485267727,native,8,TRUE,TRUE,NA,FALSE,focei,"r,s",3,3,3,0,TRUE,56.291999999999994,1748.4341232776642,14.253308296203613,1818.9794315738677,11.658000000000005,0.006409088413887642,3,1,
80,12,linCmt,focei,lbfgsb3c,22,ok,TRUE,TRUE,TRUE,TRUE,-4453.767070764487,9.34762542858011,native,8,TRUE,TRUE,NA,FALSE,focei,"r,s",3,3,2,1,FALSE,75.757,1542.8784153461456,16.9110848903656,1635.5465002365113,11.889000000000003,0.007269129919742894,3,1,
80,12,linCmt,focei,lbfgsb3c,23,ok,TRUE,TRUE,TRUE,TRUE,-4465.956442915957,10.110103060174971,native,8,TRUE,TRUE,NA,FALSE,focei,"r,s",3,3,3,0,TRUE,60.998000000000005,1476.0970678329468,14.452988624572754,1551.5480564575196,12.114999999999998,0.007808330492618357,3,1,
80,12,linCmt,focei,lbfgsb3c,24,ok,TRUE,TRUE,TRUE,TRUE,-4473.886775905072,6.195622329003409,native,8,TRUE,TRUE,NA,FALSE,focei,"r,s",3,3,2,1,FALSE,82.921,1421.473834514618,15.421330451965332,1519.8161649665833,12.061000000000002,0.007935828212660964,3,1,
80,12,linCmt,focei,lbfgsb3c,25,ok,TRUE,TRUE,TRUE,TRUE,-4505.8286382564065,17.817797363447042,native,8,TRUE,TRUE,NA,FALSE,focei,"r,s",3,3,3,0,TRUE,79.51299999999999,1555.768880367279,12.57839560508728,1647.8602759723663,11.565000000000003,0.00701819211776056,3,1,
80,12,linCmt,focei,lbfgsb3c,26,ok,TRUE,TRUE,TRUE,TRUE,-4554.3862847146875,8.99930348140454,native,8,TRUE,TRUE,NA,FALSE,focei,"r,s",3,3,2,1,FALSE,73.572,1551.084664106369,13.966034173965454,1638.6226982803346,11.626999999999997,0.007095593154056784,3,1,
80,12,linCmt,focei,lbfgsb3c,27,ok,TRUE,TRUE,TRUE,TRUE,-4545.515437863115,7.179139260128116,native,8,TRUE,TRUE,NA,FALSE,focei,"r,s",3,3,2,1,FALSE,61.12200000000001,1452.1783075332642,16.31132459640503,1529.6116321296693,11.923,0.007794789049426668,3,1,
80,12,linCmt,focei,lbfgsb3c,28,ok,TRUE,TRUE,TRUE,TRUE,-4477.951783572102,9.293991329315602,native,8,TRUE,TRUE,NA,FALSE,focei,"r,s",3,3,3,0,TRUE,65.651,1526.1632602214813,14.517849683761597,1606.332109905243,11.056000000000001,0.006882761000558092,3,1,
80,12,linCmt,focei,lbfgsb3c,29,ok,TRUE,TRUE,TRUE,TRUE,-4496.7491725033005,8.37759153320658,native,8,TRUE,TRUE,NA,FALSE,focei,"r,s",3,3,3,0,TRUE,61.626000000000005,1276.4304447174072,15.14214301109314,1353.1985877285003,11.892000000000001,0.008788067108436827,3,1,
80,12,linCmt,focei,lbfgsb3c,30,ok,TRUE,TRUE,TRUE,TRUE,-4486.575428152321,10.017931043834887,native,8,TRUE,TRUE,NA,FALSE,focei,"r,s",3,3,2,1,FALSE,56.562,1564.6228682994843,16.089732885360718,1637.2746011848449,11.642999999999997,0.007111207852106372,3,1,
80,12,linCmt,focei,lbfgsb3c,31,ok,TRUE,TRUE,TRUE,TRUE,-4452.481313222959,9.864258631014804,native,8,TRUE,TRUE,NA,FALSE,focei,"r,s",4,3,2,2,FALSE,68.21,2184.8248958587646,15.86766242980957,2268.9025582885743,13.258999999999999,0.005843794371672453,3,1,
80,12,linCmt,focei,lbfgsb3c,32,ok,TRUE,TRUE,TRUE,TRUE,-4441.343373639428,13.024331497109852,native,8,TRUE,TRUE,NA,FALSE,focei,"r,s",3,3,2,1,FALSE,77.55000000000001,1571.3555104732513,15.19307827949524,1664.0985887527465,11.477999999999994,0.006897427879319839,3,1,
80,12,linCmt,focei,lbfgsb3c,33,ok,TRUE,TRUE,TRUE,TRUE,-4459.196475965299,13.667853485636192,native,8,TRUE,TRUE,NA,FALSE,focei,"r,s",4,3,2,2,FALSE,77.856,1751.8807570934296,13.890649795532227,1843.6274068889618,12.762000000000002,0.006922222978630646,3,1,
80,12,linCmt,focei,lbfgsb3c,34,ok,TRUE,TRUE,TRUE,TRUE,-4505.787254051767,17.885374530190408,native,8,TRUE,TRUE,NA,FALSE,focei,"r,s",3,3,3,0,TRUE,69.917,1522.2015964984894,12.946733236312866,1605.0653297348022,11.564000000000004,0.007204691164758179,3,1,
80,12,linCmt,focei,lbfgsb3c,35,ok,TRUE,TRUE,TRUE,TRUE,-4487.566923594968,8.85588658055556,native,8,TRUE,TRUE,NA,FALSE,focei,"r,s",4,3,3,1,FALSE,73.794,1948.532872915268,16.47572159767151,2038.8025945129395,13.659999999999997,0.006700011093159957,3,1,
80,12,linCmt,focei,lbfgsb3c,36,ok,TRUE,TRUE,TRUE,TRUE,-4474.192668063978,7.901679198061724,native,8,TRUE,TRUE,NA,FALSE,focei,"r,s",3,3,3,0,TRUE,72.491,1846.135523557663,17.229552268981934,1935.8560758266449,11.890000000000002,0.0061419855269575045,3,1,
80,12,linCmt,focei,lbfgsb3c,37,ok,TRUE,TRUE,TRUE,TRUE,-4493.722179539056,7.362512274609147,native,8,TRUE,TRUE,NA,FALSE,focei,"r,s",4,3,2,2,FALSE,82.256,1881.096467256546,14.513058185577393,1977.8655254421235,13.175000000000004,0.006661221316881451,3,1,
80,12,linCmt,focei,lbfgsb3c,38,ok,TRUE,TRUE,TRUE,TRUE,-4439.960464631502,13.615134843698893,native,8,TRUE,TRUE,NA,FALSE,focei,"r,s",3,3,3,0,TRUE,20.42,431.3805274963379,12.174987077713013,463.9755145740509,11.819,0.02547332699409869,3,1,
80,12,linCmt,focei,lbfgsb3c,39,ok,TRUE,TRUE,TRUE,TRUE,-4523.056670756558,21.001187910335616,native,8,TRUE,TRUE,NA,FALSE,focei,"r,s",3,3,3,0,TRUE,75.346,1514.303947210312,14.313429594039917,1603.9633768043518,11.493,0.007165375572912407,3,1,
80,12,linCmt,focei,lbfgsb3c,40,ok,TRUE,TRUE,TRUE,TRUE,-4491.6502012617275,7.074764959032266,native,8,TRUE,TRUE,NA,FALSE,focei,"r,s",3,3,2,1,FALSE,78.39800000000001,1566.038990497589,13.848697185516357,1658.2856876831054,11.232999999999997,0.006773862961872585,3,1,
80,12,linCmt,focei,lbfgsb3c,41,ok,TRUE,TRUE,TRUE,TRUE,-4485.414705015622,9.393462444366271,native,8,TRUE,TRUE,NA,FALSE,focei,"r,s",3,3,2,1,FALSE,78.988,1531.9950411319733,13.063623666763306,1624.0466647987366,10.988,0.006765815440014903,3,1,
80,12,linCmt,focei,lbfgsb3c,42,ok,TRUE,TRUE,TRUE,TRUE,-4532.951093547746,10.31166337980561,native,8,TRUE,TRUE,NA,FALSE,focei,"r,s",3,3,3,0,TRUE,68.351,1270.551518201828,13.315942287445068,1352.2184604892732,11.287999999999998,0.008347763567667655,3,1,
80,12,linCmt,focei,lbfgsb3c,43,ok,TRUE,TRUE,TRUE,TRUE,-4437.7358485073955,8.69344323241591,native,8,TRUE,TRUE,NA,FALSE,focei,"r,s",3,3,1,2,FALSE,22.172,452.5265111923218,12.366158723831177,487.064669916153,11.894,0.024419755187842968,3,1,
80,12,linCmt,focei,lbfgsb3c,44,ok,TRUE,TRUE,TRUE,TRUE,-4406.1745645414985,7.988715242923989,native,8,TRUE,TRUE,NA,FALSE,focei,"r,s",3,3,3,0,TRUE,69.33800000000001,1821.5147433280945,14.444030046463013,1905.2967733745575,13.419000000000002,0.0070429972839522546,3,1,
80,12,linCmt,focei,lbfgsb3c,45,ok,TRUE,TRUE,TRUE,TRUE,-4455.491843028473,32.63751480392065,native,8,TRUE,TRUE,NA,FALSE,focei,"r,s",3,3,1,2,FALSE,68.043,1444.8593175411224,18.505775213241577,1531.4080927543641,12.515999999999995,0.008172870483849235,3,1,
80,12,linCmt,focei,lbfgsb3c,46,ok,TRUE,TRUE,TRUE,TRUE,-4482.534217901523,9.63695607542997,native,27,TRUE,TRUE,NA,FALSE,focei,"r,s",3,3,3,0,TRUE,67.87700000000001,1485.5037434101105,18.345687866210938,1571.7264312763214,12.405000000000001,0.00789259489001945,3,1,
80,12,linCmt,focei,lbfgsb3c,47,ok,TRUE,TRUE,TRUE,TRUE,-4497.561568935447,9.065676623677687,native,8,TRUE,TRUE,NA,FALSE,focei,"r,s",3,3,3,0,TRUE,69.854,1526.5740630626678,15.095473527908325,1611.5235365905762,11.607000000000001,0.007202501072095031,3,1,
80,12,linCmt,focei,lbfgsb3c,48,ok,TRUE,TRUE,TRUE,TRUE,-4526.24542341401,11.09605955697051,native,8,TRUE,TRUE,NA,FALSE,focei,"r,s",3,3,3,0,TRUE,69.595,1536.2013347148895,13.579384326934814,1619.3757190418244,11.625000000000002,0.007178692296855266,3,1,
80,12,linCmt,focei,lbfgsb3c,49,ok,TRUE,TRUE,TRUE,TRUE,-4450.626600960479,6.005174687506198,native,8,TRUE,TRUE,NA,FALSE,focei,"r,s",3,3,3,0,TRUE,75.402,1806.5501968860626,13.6070396900177,1895.5592365760804,11.706000000000007,0.0061754862491896455,3,1,
80,12,linCmt,focei,lbfgsb3c,50,ok,TRUE,TRUE,TRUE,TRUE,-4439.140873643527,8.90621364345068,native,8,TRUE,TRUE,NA,FALSE,focei,"r,s",3,3,3,0,TRUE,70.44300000000001,1540.2346286773682,13.741080522537231,1624.4187091999054,11.665999999999997,0.0071816459228950845,3,1,
80,12,linCmt,focei,lbfgsb3c,51,ok,TRUE,TRUE,TRUE,TRUE,-4533.740103924068,10.156622993071183,native,27,TRUE,TRUE,NA,FALSE,focei,"r,s",3,3,2,1,FALSE,75.65299999999999,1927.5474591255188,14.279973268508911,2017.4804323940277,12.581000000000003,0.006235996046351168,3,1,
80,12,linCmt,focei,lbfgsb3c,52,ok,TRUE,TRUE,TRUE,TRUE,-4478.4768029130955,9.538470982629184,native,8,TRUE,TRUE,NA,FALSE,focei,"r,s",3,3,2,1,FALSE,22.065,441.74396204948425,12.909146547317505,476.71810859680176,11.904999999999998,0.024972829404449996,3,1,
80,12,linCmt,focei,lbfgsb3c,53,ok,TRUE,TRUE,TRUE,TRUE,-4451.236653705313,11.976224558137673,native,8,TRUE,TRUE,NA,FALSE,focei,"r,s",3,3,3,0,TRUE,21.7,480.68328189849854,12.928611516952515,515.3118934154511,12.526,0.024307608964696217,3,1,
80,12,linCmt,focei,lbfgsb3c,54,ok,TRUE,TRUE,TRUE,TRUE,-4533.669325674371,10.622983366616912,native,8,TRUE,TRUE,NA,FALSE,focei,"r,s",4,3,3,1,FALSE,21.173,612.5897707939148,13.72098708152771,647.4837578754425,13.475,0.02081133284982294,3,1,
80,12,linCmt,focei,lbfgsb3c,55,ok,TRUE,TRUE,TRUE,TRUE,-4457.762830862626,11.69492491543211,native,8,TRUE,TRUE,NA,FALSE,focei,"r,s",3,3,3,0,TRUE,68.55,1490.351155757904,12.201313018798828,1571.1024687767028,11.115999999999996,0.00707528644433687,3,1,
80,12,linCmt,focei,lbfgsb3c,56,ok,TRUE,TRUE,TRUE,TRUE,-4505.818488016631,9.519136940592764,native,8,TRUE,TRUE,NA,FALSE,focei,"r,s",3,3,3,0,TRUE,77.819,1490.9712688922882,15.226131916046143,1584.0164008083343,11.331999999999997,0.007153966331546315,3,1,
80,12,linCmt,focei,lbfgsb3c,57,ok,TRUE,TRUE,TRUE,TRUE,-4429.567548074431,12.226485505937815,native,8,TRUE,TRUE,NA,FALSE,focei,"r,s",3,3,3,0,TRUE,67.604,1239.9839284420013,16.941263675689697,1324.529192117691,11.916,0.008996404209822206,3,1,
80,12,linCmt,focei,lbfgsb3c,58,ok,TRUE,TRUE,TRUE,TRUE,-4517.625492090492,14.15162694632652,native,8,TRUE,TRUE,NA,FALSE,focei,"r,s",3,3,2,1,FALSE,55.867,1236.6857993602753,12.634876251220703,1305.187675611496,11.663999999999996,0.00893664583105665,3,1,
80,12,linCmt,focei,lbfgsb3c,59,ok,TRUE,TRUE,TRUE,TRUE,-4540.527533789257,7.208456130024948,native,8,TRUE,TRUE,NA,FALSE,focei,"r,s",3,3,2,1,FALSE,17.059,499.8873944282532,12.632911920547485,529.5793063488006,11.314999999999998,0.02136601612704919,3,1,
80,12,linCmt,focei,lbfgsb3c,60,ok,TRUE,TRUE,TRUE,TRUE,-4443.979760432318,7.455462641053525,native,8,TRUE,TRUE,NA,FALSE,focei,"r,s",3,3,3,0,TRUE,73.599,1289.8320896625519,14.72525930404663,1378.1563489665984,12.338999999999997,0.008953265722900247,3,1,
80,12,linCmt,focei,lbfgsb3c,61,ok,TRUE,TRUE,TRUE,TRUE,-4503.871654288706,10.732450336000564,native,8,TRUE,TRUE,NA,FALSE,focei,"r,s",3,3,2,1,FALSE,78.951,1645.5559692382812,12.95819091796875,1737.46516015625,11.579000000000002,0.006664306292598526,3,1,
80,12,linCmt,focei,lbfgsb3c,62,ok,TRUE,TRUE,TRUE,TRUE,-4453.136483625867,9.751688955641994,native,8,TRUE,TRUE,NA,FALSE,focei,"r,s",3,3,3,0,TRUE,71.68900000000001,1430.675398349762,13.072700023651123,1515.4370983734132,11.434000000000003,0.007545017877860209,3,1,
80,12,linCmt,focei,lbfgsb3c,63,ok,TRUE,TRUE,TRUE,TRUE,-4422.784480767861,13.085070424315054,native,8,TRUE,TRUE,NA,FALSE,focei,"r,s",3,3,3,0,TRUE,84.4,1565.3216743469238,12.635309219360352,1662.3569835662843,11.531999999999998,0.006937138120152864,3,1,
80,12,linCmt,focei,lbfgsb3c,64,ok,TRUE,TRUE,TRUE,TRUE,-4529.194542515976,7.749285420468001,native,8,TRUE,TRUE,NA,FALSE,focei,"r,s",3,3,2,1,FALSE,81.05600000000001,1876.9745302200317,12.890155553817749,1970.9206857738495,11.802999999999997,0.005988571780282342,3,1,
80,12,linCmt,focei,lbfgsb3c,65,ok,TRUE,TRUE,TRUE,TRUE,-4497.151794706365,11.782385707977882,native,8,TRUE,TRUE,NA,FALSE,focei,"r,s",3,3,3,0,TRUE,60.236000000000004,1301.7615513801575,13.57433009147644,1375.571881471634,12.117999999999997,0.008809426946875174,3,1,
80,12,linCmt,focei,lbfgsb3c,66,ok,TRUE,TRUE,TRUE,TRUE,-4600.854409619617,7.20348559359174,native,8,TRUE,TRUE,NA,FALSE,focei,"r,s",3,3,2,1,FALSE,77.82300000000001,1242.450220823288,12.741378784179688,1333.0145996074677,11.642,0.008733587766726798,3,1,
80,12,linCmt,focei,lbfgsb3c,67,ok,TRUE,TRUE,TRUE,TRUE,-4482.433147530741,10.719911013936336,native,8,TRUE,TRUE,NA,FALSE,focei,"r,s",3,3,3,0,TRUE,78.273,1310.2040882110596,12.735868692398071,1401.2129569034576,11.581999999999999,0.008265695762330856,3,1,
80,12,linCmt,focei,lbfgsb3c,68,ok,TRUE,TRUE,TRUE,TRUE,-4574.2807275820505,13.017274305895672,native,8,TRUE,TRUE,NA,FALSE,focei,"r,s",3,3,3,0,TRUE,66.16,1788.2830007076263,12.102265357971191,1866.5452660655976,11.416000000000002,0.006116112053399727,3,1,
80,12,linCmt,focei,lbfgsb3c,69,ok,TRUE,TRUE,TRUE,TRUE,-4482.440950763531,8.396838564002955,native,27,TRUE,TRUE,NA,FALSE,focei,"r,s",1,3,1,0,FALSE,50.598,660.034970998764,12.665984153747559,723.2989551525116,9.469000000000003,0.013091405611118866,3,1,
80,12,linCmt,focei,lbfgsb3c,70,ok,TRUE,TRUE,TRUE,TRUE,-4414.2054434044585,14.11955241499566,native,8,TRUE,TRUE,NA,FALSE,focei,"r,s",4,3,3,1,FALSE,75.72800000000001,1777.8789196014404,14.060826778411865,1867.6677463798524,13.581000000000001,0.007271635988962382,3,1,
80,12,linCmt,focei,lbfgsb3c,71,ok,TRUE,TRUE,TRUE,TRUE,-4521.8699437653395,12.285072563860068,native,8,TRUE,TRUE,NA,FALSE,focei,"r,s",3,3,3,0,TRUE,64.259,1374.0482337474823,12.654773712158203,1450.9620074596405,11.788000000000004,0.008124265100943998,3,1,
80,12,linCmt,focei,lbfgsb3c,72,ok,TRUE,TRUE,TRUE,TRUE,-4408.80276504178,10.705266450765105,native,8,TRUE,TRUE,NA,FALSE,focei,"r,s",3,3,2,1,FALSE,82.015,1496.6034624576569,13.442222356796265,1592.0606848144532,11.933999999999997,0.007495945420818457,3,1,
80,12,linCmt,focei,lbfgsb3c,73,ok,TRUE,TRUE,TRUE,TRUE,-4469.737373284656,11.151451914802397,native,8,TRUE,TRUE,NA,FALSE,focei,"r,s",3,3,3,0,TRUE,60.955000000000005,1101.4338502883911,13.89522647857666,1176.2840767669677,11.763999999999998,0.010000985503717356,3,1,
80,12,linCmt,focei,lbfgsb3c,74,ok,TRUE,TRUE,TRUE,TRUE,-4518.393566952617,11.53043664816751,native,8,TRUE,TRUE,NA,FALSE,focei,"r,s",3,3,3,0,TRUE,70.907,1251.9629399776459,12.162047147750854,1335.0319871253967,11.606999999999998,0.008694173706648257,3,1,
80,12,linCmt,focei,lbfgsb3c,75,ok,TRUE,TRUE,TRUE,TRUE,-4444.9276986403665,8.68586807755868,native,8,TRUE,TRUE,NA,FALSE,focei,"r,s",2,3,1,1,FALSE,38.349999999999994,1341.3823750019073,10.58728814125061,1390.3196631431579,10.043,0.007223518638365036,3,1,
80,12,linCmt,focei,lbfgsb3c,76,ok,TRUE,TRUE,TRUE,TRUE,-4423.2096279786865,7.627815712278592,native,8,TRUE,TRUE,NA,FALSE,focei,"r,s",3,3,2,1,FALSE,59.748000000000005,1108.7907361984253,12.831740617752075,1181.3704768161774,11.995,0.01015346179322749,3,1,
80,12,linCmt,focei,lbfgsb3c,77,ok,TRUE,TRUE,TRUE,TRUE,-4448.356984800693,8.13449527604147,native,8,TRUE,TRUE,NA,FALSE,focei,"r,s",3,3,1,2,FALSE,54.33800000000001,1136.3143918514252,13.278072357177734,1203.9304642086029,11.498000000000001,0.009550385459809881,3,1,
80,12,linCmt,focei,lbfgsb3c,78,ok,TRUE,TRUE,TRUE,TRUE,-4495.776086169134,12.297206052140528,native,8,TRUE,TRUE,NA,FALSE,focei,"r,s",3,3,2,1,FALSE,54.119,1073.2664997577667,12.643087148666382,1140.028586906433,11.300999999999997,0.009912909316306047,3,1,
80,12,linCmt,focei,lbfgsb3c,79,ok,TRUE,TRUE,TRUE,TRUE,-4527.20042449903,11.622364190529956,native,8,TRUE,TRUE,NA,FALSE,focei,"r,s",3,3,2,1,FALSE,71.729,970.135603427887,12.622968196868896,1054.487571624756,11.514999999999999,0.010919995939124887,3,1,
80,12,linCmt,focei,lbfgsb3c,80,ok,TRUE,TRUE,TRUE,TRUE,-4482.823280656687,10.25620433963849,native,8,TRUE,TRUE,NA,FALSE,focei,"r,s",3,3,3,0,TRUE,64.82300000000001,1302.6774833202362,12.799149513244629,1380.299632833481,12.258999999999997,0.008881404956136013,3,1,
80,12,linCmt,focei,lbfgsb3c,81,ok,TRUE,TRUE,TRUE,TRUE,-4451.222718015448,11.476798590269468,native,8,TRUE,TRUE,NA,FALSE,focei,"r,s",3,3,3,0,TRUE,86.615,1156.6382749080658,12.367653369903564,1255.6209282779694,11.870999999999999,0.009454286506900271,3,1,
80,12,linCmt,focei,lbfgsb3c,82,ok,TRUE,TRUE,TRUE,TRUE,-4474.72345707935,11.280382096155348,native,8,TRUE,TRUE,NA,FALSE,focei,"r,s",3,3,3,0,TRUE,62.577,1303.9538309574127,13.4874267578125,1380.0182577152252,11.662000000000003,0.008450612834143043,3,1,
80,12,linCmt,focei,lbfgsb3c,83,ok,TRUE,TRUE,TRUE,TRUE,-4481.287575133434,8.001930381191196,native,8,TRUE,TRUE,NA,FALSE,focei,"r,s",3,3,2,1,FALSE,78.977,1487.654244184494,12.974454164505005,1579.605698348999,11.665000000000004,0.007384754316974319,3,1,
80,12,linCmt,focei,lbfgsb3c,84,ok,TRUE,TRUE,TRUE,TRUE,-4447.0626183875165,6.136903534981543,native,8,TRUE,TRUE,NA,FALSE,focei,"r,s",2,3,2,0,FALSE,81.24199999999999,972.2245488166809,14.667735576629639,1068.1342843933105,9.627000000000002,0.009012911710317435,3,1,
80,12,linCmt,focei,lbfgsb3c,85,ok,TRUE,TRUE,TRUE,TRUE,-4478.902786869748,8.905125968640457,native,8,TRUE,TRUE,NA,FALSE,focei,"r,s",3,3,3,0,TRUE,77.114,982.1718266010284,12.01561951637268,1071.3014461174012,11.579999999999997,0.010809282524510822,3,1,
80,12,linCmt,focei,lbfgsb3c,86,ok,TRUE,TRUE,TRUE,TRUE,-4480.81500047845,10.02809533445053,native,8,TRUE,TRUE,NA,FALSE,focei,"r,s",3,3,3,0,TRUE,75.947,1323.0079622268677,14.026810884475708,1412.9817731113435,11.522000000000002,0.008154386857113453,3,1,
80,12,linCmt,focei,lbfgsb3c,87,ok,TRUE,TRUE,TRUE,TRUE,-4463.833532565796,9.512375035034463,native,8,TRUE,TRUE,NA,FALSE,focei,"r,s",3,3,3,0,TRUE,71.45,1241.782469034195,13.79486870765686,1327.0273377418519,12.619999999999996,0.009509977406701307,3,1,
80,12,linCmt,focei,lbfgsb3c,88,ok,TRUE,TRUE,TRUE,TRUE,-4494.048869160983,8.55923739196983,native,8,TRUE,TRUE,NA,FALSE,focei,"r,s",3,3,2,1,FALSE,71.96100000000001,1244.8077619075775,12.929338455200195,1329.6981003627777,11.889,0.008941127310595057,3,1,
80,12,linCmt,focei,lbfgsb3c,89,ok,TRUE,TRUE,TRUE,TRUE,-4491.7152716195715,6.450222227456159,native,8,TRUE,TRUE,NA,FALSE,focei,"r,s",3,3,3,0,TRUE,72.131,1070.8992507457733,12.541680097579956,1155.5719308433534,10.974,0.009496596193705582,3,1,
80,12,linCmt,focei,lbfgsb3c,90,ok,TRUE,TRUE,TRUE,TRUE,-4417.784861571802,8.37896468042903,native,8,TRUE,TRUE,NA,FALSE,focei,"r,s",2,3,2,0,FALSE,83.041,1269.1809041500092,10.8453049659729,1363.067209115982,9.964000000000002,0.007309984374477147,3,1,
80,12,linCmt,focei,lbfgsb3c,91,ok,TRUE,TRUE,TRUE,TRUE,-4526.1021806561275,7.3761254101721585,native,8,TRUE,TRUE,NA,FALSE,focei,"r,s",3,3,3,0,TRUE,73.612,1256.7391514778137,13.615351438522339,1343.9665029163361,11.803,0.008782212930447385,3,1,
80,12,linCmt,focei,lbfgsb3c,92,ok,TRUE,TRUE,TRUE,TRUE,-4451.632509195227,10.841796955788833,native,8,TRUE,TRUE,NA,FALSE,focei,"r,s",3,3,3,0,TRUE,75.253,957.5237481594086,12.42991328239441,1045.206661441803,11.954999999999998,0.011437929398104637,3,1,
80,12,linCmt,focei,lbfgsb3c,93,ok,TRUE,TRUE,TRUE,TRUE,-4379.846243673264,6.149021468479995,native,27,TRUE,TRUE,NA,FALSE,focei,"r,s",3,3,3,0,TRUE,78.953,1074.874041557312,12.415678262710571,1166.2427198200226,12.12,0.01039234783122195,3,1,
80,12,linCmt,focei,lbfgsb3c,94,ok,TRUE,TRUE,TRUE,TRUE,-4482.820808697746,7.992304443365302,native,8,TRUE,TRUE,NA,FALSE,focei,"r,s",3,3,2,1,FALSE,68.662,1166.7030487060547,12.424753904342651,1247.7898026103974,11.533,0.009242742628504231,3,1,
80,12,linCmt,focei,lbfgsb3c,95,ok,TRUE,TRUE,TRUE,TRUE,-4512.6279959775175,9.153476661418177,native,8,TRUE,TRUE,NA,FALSE,focei,"r,s",3,3,3,0,TRUE,78.506,1155.344203710556,13.114354133605957,1246.964557844162,11.679,0.009365943824571451,3,1,
80,12,linCmt,focei,lbfgsb3c,96,ok,TRUE,TRUE,TRUE,TRUE,-4498.691197383648,10.221871863060498,native,8,TRUE,TRUE,NA,FALSE,focei,"r,s",3,3,3,0,TRUE,70.518,1388.0851438045502,12.172155141830444,1470.7752989463806,11.806999999999997,0.008027738845259489,3,1,
80,12,linCmt,focei,lbfgsb3c,97,ok,TRUE,TRUE,TRUE,TRUE,-4455.110099042215,17.69237986135297,native,8,TRUE,TRUE,NA,FALSE,focei,"r,s",3,3,3,0,TRUE,74.021,991.3369138240814,12.831343412399292,1078.1892572364807,11.845,0.010986011890305842,3,1,
80,12,linCmt,focei,lbfgsb3c,98,ok,TRUE,TRUE,TRUE,TRUE,-4477.038018929793,8.479688923369908,native,8,TRUE,TRUE,NA,FALSE,focei,"r,s",3,3,3,0,TRUE,69.223,988.1496832370758,13.242063522338867,1070.6147467594146,11.65,0.010881598665871874,3,1,
80,12,linCmt,focei,lbfgsb3c,99,ok,TRUE,TRUE,TRUE,TRUE,-4489.377234697668,6.856300684991432,native,27,TRUE,TRUE,NA,FALSE,focei,"r,s",3,3,2,1,FALSE,70.581,1122.06587433815,14.54486608505249,1207.1917404232024,13.016999999999998,0.010782876956594035,3,1,
80,12,linCmt,focei,lbfgsb3c,100,ok,TRUE,TRUE,TRUE,TRUE,-4510.859471463799,7.490731714574529,native,27,TRUE,TRUE,NA,FALSE,focei,"r,s",3,3,1,2,FALSE,70.379,1064.2231349945068,14.281778573989868,1148.8839135684966,12.306,0.010711264954330231,3,1,
80,13,linCmt,focei,lbfgsb3c,1,ok,TRUE,TRUE,TRUE,TRUE,-4539.0626759335255,4.7085749988506365,native,8,TRUE,TRUE,NA,FALSE,focei,"r,s",2,2,2,0,TRUE,76.378,1435.0570223331451,13.032131910324097,1524.4671542434692,10.139999999999997,0.006651504410425993,3,1,
80,13,linCmt,focei,lbfgsb3c,2,ok,TRUE,TRUE,TRUE,TRUE,-4527.813719525882,9.144071351852578,native,8,TRUE,TRUE,NA,FALSE,focei,"r,s",2,2,2,0,TRUE,83.779,1505.5384163856506,14.388402223587036,1603.7058186092377,10.266,0.006401423428707679,3,1,
80,13,linCmt,focei,lbfgsb3c,3,ok,TRUE,TRUE,TRUE,TRUE,-4532.037900628606,6.818037079728439,native,8,TRUE,TRUE,NA,FALSE,focei,"r,s",2,2,2,0,TRUE,77.54400000000001,1140.552565574646,13.677740097045898,1231.774305671692,10.28,0.008345684718917943,3,1,
80,13,linCmt,focei,lbfgsb3c,4,ok,TRUE,TRUE,TRUE,TRUE,-4563.879873071186,10.1544111233759,native,27,TRUE,TRUE,NA,FALSE,focei,"r,s",2,2,2,0,TRUE,78.458,1107.7629868984222,12.933732032775879,1199.1547189311982,11.165,0.0093107251497549191,3,1,
80,13,linCmt,focei,lbfgsb3c,5,ok,TRUE,TRUE,TRUE,TRUE,-4497.031511777784,4.930175260888449,native,8,TRUE,TRUE,NA,FALSE,focei,"r,s",2,2,2,0,TRUE,68.615,1090.1276278495789,12.368263959884644,1171.1108918094635,10.311000000000003,0.008804460851754741,3,1,
80,13,linCmt,focei,lbfgsb3c,6,ok,TRUE,FALSE,TRUE,TRUE,-4524.452698079568,18634.326229240763,native,8,TRUE,TRUE,NA,FALSE,focei,"r,s",2,2,2,0,TRUE,70.18599999999999,1059.329046010971,13.117936849594116,1142.632982860565,10.099999999999998,0.008839233727276798,3,1,
80,13,linCmt,focei,lbfgsb3c,7,ok,TRUE,TRUE,TRUE,TRUE,-4499.065399322537,4.529708535467811,native,27,TRUE,TRUE,NA,FALSE,focei,"r,s",2,2,2,0,TRUE,67.66300000000001,1391.442622423172,13.469280242919922,1472.574902666092,10.540999999999997,0.007158209732432321,3,1,
80,13,linCmt,focei,lbfgsb3c,8,ok,TRUE,TRUE,TRUE,TRUE,-4539.527198957262,5.491597510917123,native,8,TRUE,TRUE,NA,FALSE,focei,"r,s",2,2,0,2,FALSE,79.513,1128.8313620090485,12.505354642868042,1220.8497166519164,10.390000000000004,0.008510465996170074,3,1,
80,13,linCmt,focei,lbfgsb3c,9,ok,TRUE,TRUE,TRUE,TRUE,-4578.272697611806,8.863394153333415,native,8,TRUE,TRUE,NA,FALSE,focei,"r,s",2,2,2,0,TRUE,72.747,1488.0415143966675,12.39210319519043,1573.180617591858,10.592000000000002,0.006732856915192407,3,1,
80,13,linCmt,focei,lbfgsb3c,10,ok,TRUE,TRUE,TRUE,TRUE,-4487.720298651634,4.854485231645687,native,8,TRUE,TRUE,NA,FALSE,focei,"r,s",2,2,2,0,TRUE,92.078,1102.0002932548523,11.119081020355225,1205.1973742752075,10.294999999999998,0.008542169290894198,3,1,
80,13,linCmt,focei,lbfgsb3c,11,ok,TRUE,TRUE,TRUE,TRUE,-4514.7207934346925,5.871982741905886,native,27,TRUE,TRUE,NA,FALSE,focei,"r,s",2,2,1,1,FALSE,85.209,1500.9085147380829,14.655225276947021,1600.77274001503,10.594000000000001,0.006618053728164144,3,1,
80,13,linCmt,focei,lbfgsb3c,12,ok,TRUE,TRUE,TRUE,TRUE,-4483.539135839014,7.455305154784505,native,8,TRUE,TRUE,NA,FALSE,focei,"r,s",2,2,1,1,FALSE,82.5,1093.0927152633667,13.653504371643066,1189.2462196350098,11.452999999999998,0.009630469965685512,3,1,
80,13,linCmt,focei,lbfgsb3c,13,ok,TRUE,TRUE,TRUE,TRUE,-4519.695070140446,23.760566388189137,native,8,TRUE,TRUE,NA,FALSE,focei,"r,s",2,2,2,0,TRUE,82.50800000000001,1133.2055339813232,13.070709228515625,1228.784243209839,10.022,0.00815602906318237,3,1,
80,13,linCmt,focei,lbfgsb3c,14,ok,TRUE,TRUE,TRUE,TRUE,-4454.3780002474,8.44263205727658,native,8,TRUE,TRUE,NA,FALSE,focei,"r,s",2,2,2,0,TRUE,81.48700000000001,1501.7752630710602,15.208646535873413,1598.4709096069337,11.041000000000002,0.006907226108177972,3,1,
80,13,linCmt,focei,lbfgsb3c,15,ok,TRUE,TRUE,TRUE,TRUE,-4546.651790233039,11.339448459265377,native,8,TRUE,TRUE,NA,FALSE,focei,"r,s",2,2,1,1,FALSE,76.73400000000001,1443.1719019412994,15.297551393508911,1535.2034533348083,10.39,0.006767832613606083,3,1,
80,13,linCmt,focei,lbfgsb3c,16,ok,TRUE,TRUE,TRUE,TRUE,-4555.7697603820125,11.34333607455808,native,8,TRUE,TRUE,NA,FALSE,focei,"r,s",2,2,1,1,FALSE,66.007,1076.1836414337158,12.183873653411865,1154.3745150871277,10.608,0.009189392057221005,3,1,
80,13,linCmt,focei,lbfgsb3c,17,ok,TRUE,TRUE,TRUE,TRUE,-4487.478287832892,24.064491022733705,native,8,TRUE,TRUE,NA,FALSE,focei,"r,s",2,2,2,0,TRUE,66.49300000000001,1479.4258680343628,14.032031536102295,1559.950899570465,12.338000000000001,0.007909223298885425,3,1,
80,13,linCmt,focei,lbfgsb3c,18,ok,TRUE,TRUE,TRUE,TRUE,-4488.535250592413,4.71828490923612,native,27,TRUE,TRUE,NA,FALSE,focei,"r,s",2,2,2,0,TRUE,68.801,1099.5183668136597,11.603670597076416,1179.923037410736,10.803,0.009155681902530253,3,1,
80,13,linCmt,focei,lbfgsb3c,19,ok,TRUE,TRUE,TRUE,TRUE,-4511.4713356508555,2.887053713039477,native,27,TRUE,TRUE,NA,FALSE,focei,"r,s",1,2,1,0,FALSE,65.571,795.5352909564972,10.96485424041748,872.0711451969147,9.052999999999997,0.010381033760675363,3,1,
80,13,linCmt,focei,lbfgsb3c,20,ok,TRUE,TRUE,TRUE,TRUE,-4508.81277962984,4.369170995462421,native,8,TRUE,TRUE,NA,FALSE,focei,"r,s",2,2,2,0,TRUE,68.109,1181.566710472107,11.473930597305298,1261.1496410694122,9.790000000000003,0.007762758423892041,3,1,
80,13,linCmt,focei,lbfgsb3c,21,ok,TRUE,TRUE,TRUE,TRUE,-4429.103570195365,6.461670773833157,native,8,TRUE,TRUE,NA,FALSE,focei,"r,s",2,2,2,0,TRUE,69.89,1058.9375355243683,12.90342092514038,1141.7309564495088,10.069000000000004,0.008819065422656156,3,1,
80,13,linCmt,focei,lbfgsb3c,22,ok,TRUE,TRUE,TRUE,TRUE,-4516.902332588811,6.127749215582257,native,8,TRUE,TRUE,NA,FALSE,focei,"r,s",2,2,2,0,TRUE,71.37,1167.812647819519,13.787000894546509,1252.9696487140654,11.056,0.008823837042937852,3,1,
80,13,linCmt,focei,lbfgsb3c,23,ok,TRUE,TRUE,TRUE,TRUE,-4508.65266865834,7.8969233247558845,native,8,TRUE,TRUE,NA,FALSE,focei,"r,s",3,2,2,1,FALSE,66.315,1463.7920169830322,14.84820294380188,1544.9552199268342,11.761,0.007612518374841295,3,1,
80,13,linCmt,focei,lbfgsb3c,24,ok,TRUE,TRUE,TRUE,TRUE,-4506.490008886492,3.663127644218946,native,8,TRUE,TRUE,NA,FALSE,focei,"r,s",1,2,1,0,FALSE,89.788,1099.4749519824982,9.849217653274536,1199.1121696357727,8.552000000000003,0.007131943296512161,3,1,
80,13,linCmt,focei,lbfgsb3c,25,ok,TRUE,TRUE,TRUE,TRUE,-4562.3099352925965,11.608851144202962,native,8,TRUE,TRUE,NA,FALSE,focei,"r,s",2,2,2,0,TRUE,67.672,1112.7392041683197,14.377150297164917,1194.7883544654846,10.553999999999995,0.008833363633445827,3,1,
80,13,linCmt,focei,lbfgsb3c,26,ok,TRUE,TRUE,TRUE,TRUE,-4583.12951377116,4.287236206657712,native,8,TRUE,TRUE,NA,FALSE,focei,"r,s",1,2,1,0,FALSE,87.59700000000001,1471.066207408905,11.999417781829834,1570.6626251907348,8.038,0.005117585324234667,3,1,
80,13,linCmt,focei,lbfgsb3c,27,ok,TRUE,TRUE,TRUE,TRUE,-4513.242366598426,5.180695177500749,native,8,TRUE,TRUE,NA,FALSE,focei,"r,s",2,2,1,1,FALSE,80.065,1533.8793654441833,13.690677165985107,1627.6350426101685,10.679999999999998,0.006561667523988019,3,1,
80,13,linCmt,focei,lbfgsb3c,28,ok,TRUE,TRUE,TRUE,TRUE,-4456.891436798629,2.4089475173486243,native,8,TRUE,TRUE,NA,FALSE,focei,"r,s",1,2,1,0,FALSE,73.38300000000001,1049.4023554325104,11.788354635238647,1134.573710067749,8.849000000000002,0.007799405117073971,3,1,
80,13,linCmt,focei,lbfgsb3c,29,ok,TRUE,TRUE,TRUE,TRUE,-4492.123176300796,3.8952616021666846,native,8,TRUE,TRUE,NA,FALSE,focei,"r,s",2,2,2,0,TRUE,65.048,1467.3659048080444,11.19886064529419,1543.6127654533386,10.021,0.006491913143162538,3,1,
80,13,linCmt,focei,lbfgsb3c,30,ok,TRUE,TRUE,TRUE,TRUE,-4466.72555096249,4.974766388031886,native,8,TRUE,TRUE,NA,FALSE,focei,"r,s",2,2,2,0,TRUE,52.646,1111.7167508602142,15.287797927856445,1179.6505487880706,10.043999999999999,0.00851438590039977,3,1,
80,13,linCmt,focei,lbfgsb3c,31,ok,TRUE,TRUE,TRUE,TRUE,-4560.754660478989,2.6006346295179865,native,8,TRUE,TRUE,NA,FALSE,focei,"r,s",2,2,1,1,FALSE,67.273,1408.5724585056305,16.406578540802002,1492.2520370464324,10.543,0.007065160400697075,3,1,
80,13,linCmt,focei,lbfgsb3c,32,ok,TRUE,TRUE,TRUE,TRUE,-4546.489366573739,12.392113267326064,native,8,TRUE,TRUE,NA,FALSE,focei,"r,s",2,2,1,1,FALSE,61.66499999999999,1480.3832957744598,13.731679201126099,1555.779974975586,11.097000000000001,0.007132756674139697,3,1,
80,13,linCmt,focei,lbfgsb3c,33,ok,TRUE,TRUE,TRUE,TRUE,-4591.200756498866,6.364641426595765,native,8,TRUE,TRUE,NA,FALSE,focei,"r,s",2,2,0,2,FALSE,68.869,1750.0698297023773,13.129587888717651,1832.0684175910949,10.758999999999999,0.005872597276769024,3,1,
80,13,linCmt,focei,lbfgsb3c,34,ok,TRUE,TRUE,TRUE,TRUE,-4541.768592532691,4.223526482414862,native,8,TRUE,TRUE,NA,FALSE,focei,"r,s",3,2,2,1,FALSE,66.504,1446.5803399085999,14.035056352615356,1527.1193962612151,12.040999999999997,0.007884779690101176,3,1,
80,13,linCmt,focei,lbfgsb3c,35,ok,TRUE,TRUE,TRUE,TRUE,-4585.898920893334,7.286540067782129,native,8,TRUE,TRUE,NA,FALSE,focei,"r,s",2,2,2,0,TRUE,65.08800000000001,1470.600800037384,13.533746719360352,1549.2225467567444,11.801,0.007617369127957165,3,1,
80,13,linCmt,focei,lbfgsb3c,36,ok,TRUE,TRUE,TRUE,TRUE,-4373.717354918974,2.554293269085665,native,8,TRUE,TRUE,NA,FALSE,focei,"r,s",1,2,0,1,FALSE,68.57600000000001,783.786906003952,13.3226478099823,865.6855538139343,8.733999999999998,0.010089113722090868,3,1,
80,13,linCmt,focei,lbfgsb3c,37,ok,TRUE,TRUE,TRUE,TRUE,-4433.895010929948,6.437270682398855,native,8,TRUE,TRUE,NA,FALSE,focei,"r,s",2,2,2,0,TRUE,66.858,1133.4945118427277,11.679826736450195,1212.0323385791778,10.245000000000003,0.008452744760927625,3,1,
80,13,linCmt,focei,lbfgsb3c,38,ok,TRUE,TRUE,TRUE,TRUE,-4554.512684396469,3.420906995615172,native,27,TRUE,TRUE,NA,FALSE,focei,"r,s",2,2,2,0,TRUE,71.206,1450.7029256820679,11.795333862304688,1533.7042595443725,10.948999999999998,0.007138925207948949,3,1,
80,13,linCmt,focei,lbfgsb3c,39,ok,TRUE,TRUE,TRUE,TRUE,-4494.518159226811,4.001424739746283,native,8,TRUE,TRUE,NA,FALSE,focei,"r,s",1,2,1,0,FALSE,76.61,1087.4433453083038,12.192819833755493,1176.2461651420592,8.734999999999998,0.0074261666127898,3,1,
80,13,linCmt,focei,lbfgsb3c,40,ok,TRUE,TRUE,TRUE,TRUE,-4516.828789798497,7.67496014679097,native,8,TRUE,TRUE,NA,FALSE,focei,"r,s",2,2,2,0,TRUE,67.262,1090.4236001968384,12.68169116973877,1170.367291366577,10.523000000000001,0.008991194540060019,3,1,
80,13,linCmt,focei,lbfgsb3c,41,ok,TRUE,TRUE,TRUE,TRUE,-4492.562365622474,4.872179060434833,native,8,TRUE,TRUE,NA,FALSE,focei,"r,s",2,2,2,0,TRUE,67.92099999999999,878.1451103687286,11.089508771896362,957.155619140625,9.740000000000002,0.01017598372221331,3,1,
80,13,linCmt,focei,lbfgsb3c,42,ok,TRUE,TRUE,TRUE,TRUE,-4592.70515756662,7.920907182974446,native,8,TRUE,TRUE,NA,FALSE,focei,"r,s",2,2,2,0,TRUE,62.5,1481.1041049957275,12.21437954902649,1555.818484544754,10.183000000000003,0.0065451079937385095,3,1,
80,13,linCmt,focei,lbfgsb3c,43,ok,TRUE,TRUE,TRUE,TRUE,-4548.156802629795,7.322779634223462,native,8,TRUE,TRUE,NA,FALSE,focei,"r,s",3,2,2,1,FALSE,75.771,1446.697253227234,12.922983646392822,1535.3912368736267,11.741,0.007646910909760758,3,1,
80,13,linCmt,focei,lbfgsb3c,44,ok,TRUE,TRUE,TRUE,TRUE,-4553.325657786345,7.629796893699629,native,27,TRUE,TRUE,NA,FALSE,focei,"r,s",2,2,2,0,TRUE,66.167,1104.825645685196,14.291170835494995,1185.2838165206908,10.713999999999995,0.00903918525729147,3,1,
80,13,linCmt,focei,lbfgsb3c,45,ok,TRUE,TRUE,TRUE,TRUE,-4564.168692165708,6.448206559195451,native,27,TRUE,TRUE,NA,FALSE,focei,"r,s",2,2,0,2,FALSE,81.48700000000001,1077.4536311626434,18.239466190338135,1177.1800973529816,11.975999999999999,0.01017346455901637,3,1,
80,13,linCmt,focei,lbfgsb3c,46,ok,TRUE,TRUE,TRUE,TRUE,-4455.983601114462,5.037848208140137,native,8,TRUE,TRUE,NA,FALSE,focei,"r,s",2,2,2,0,TRUE,76.913,1121.9585750102997,11.54078984260559,1210.4123648529053,10.068,0.00831782646339994,3,1,
80,13,linCmt,focei,lbfgsb3c,47,ok,TRUE,TRUE,TRUE,TRUE,-4523.229791788645,5.454786893749707,native,8,TRUE,TRUE,NA,FALSE,focei,"r,s",2,2,2,0,TRUE,63.684999999999995,1467.0232598781586,14.033064365386963,1544.7413242435455,10.495,0.006794017765491814,3,1,
80,13,linCmt,focei,lbfgsb3c,48,ok,TRUE,TRUE,TRUE,TRUE,-4528.781127941207,10.220425365040382,native,27,TRUE,TRUE,NA,FALSE,focei,"r,s",3,2,2,1,FALSE,65.974,1457.1465492248535,19.306227207183838,1542.4267764320373,13.796000000000001,0.00894434679869413,3,1,
80,13,linCmt,focei,lbfgsb3c,49,ok,TRUE,TRUE,TRUE,TRUE,-4511.849971962241,37.481677480959675,native,27,TRUE,TRUE,NA,FALSE,focei,"r,s",3,2,1,2,FALSE,78.011,1347.0020179748535,17.992488384246826,1443.0055063591003,15.41,0.01067909992864929,3,1,
80,13,linCmt,focei,lbfgsb3c,50,ok,TRUE,TRUE,TRUE,TRUE,-4525.1238832823365,5.021754663044698,native,8,TRUE,TRUE,NA,FALSE,focei,"r,s",2,2,2,0,TRUE,62.940000000000005,1130.0195474624634,11.857785940170288,1204.8173334026337,10.010999999999996,0.008309143404940086,3,1,
80,13,linCmt,focei,lbfgsb3c,51,ok,TRUE,TRUE,TRUE,TRUE,-4594.138823018799,4.576214578974271,native,8,TRUE,TRUE,NA,FALSE,focei,"r,s",2,2,1,1,FALSE,75.241,1015.8657598495483,11.515544176101685,1102.62230402565,9.947,0.009021221467844174,3,1,
80,13,linCmt,focei,lbfgsb3c,52,ok,TRUE,TRUE,TRUE,TRUE,-4495.922753411985,7.1454742362785595,native,27,TRUE,TRUE,NA,FALSE,focei,"r,s",2,2,2,0,TRUE,67.955,1362.8449425697327,13.17590618133545,1443.975848751068,12.011999999999997,0.008318698689032428,3,1,
80,13,linCmt,focei,lbfgsb3c,53,ok,TRUE,TRUE,TRUE,TRUE,-4513.849109125239,7.190440893023419,native,8,TRUE,TRUE,NA,FALSE,focei,"r,s",3,2,2,1,FALSE,66.17999999999999,1146.9170310497284,15.42006516456604,1228.5170962142945,13.986999999999998,0.011385270944215006,3,1,
80,13,linCmt,focei,lbfgsb3c,54,ok,TRUE,TRUE,TRUE,TRUE,-4526.583596796801,7.591398562560949,native,8,TRUE,TRUE,NA,FALSE,focei,"r,s",2,2,2,0,TRUE,72.94,1053.0240614414215,16.053534984588623,1142.0175964260102,12.806000000000004,0.011213487462957571,3,1,
80,13,linCmt,focei,lbfgsb3c,55,ok,TRUE,TRUE,TRUE,TRUE,-4577.82094244724,11.585544872582417,native,8,TRUE,TRUE,NA,FALSE,focei,"r,s",2,2,0,2,FALSE,48.616,1037.2947325706482,12.39935040473938,1098.3100829753876,10.430999999999997,0.009497317890173416,3,1,
80,13,linCmt,focei,lbfgsb3c,56,ok,TRUE,TRUE,TRUE,TRUE,-4485.51360554991,5.206729171786748,native,8,TRUE,TRUE,NA,FALSE,focei,"r,s",2,2,2,0,TRUE,53.181,1039.7628185749054,11.423563718795776,1104.3673822937012,10.760999999999997,0.009744040047298464,3,1,
80,13,linCmt,focei,lbfgsb3c,57,ok,TRUE,TRUE,TRUE,TRUE,-4592.297143518176,8.908250349257623,native,8,TRUE,TRUE,NA,FALSE,focei,"r,s",2,2,2,0,TRUE,62.797999999999995,860.6585991382599,11.549450874328613,935.0060500125885,10.430000000000001,0.011155008034289806,3,1,
80,13,linCmt,focei,lbfgsb3c,58,ok,TRUE,TRUE,TRUE,TRUE,-4531.642526024865,5.707181268545001,native,8,TRUE,TRUE,NA,FALSE,focei,"r,s",2,2,2,0,TRUE,84.30499999999999,1002.0444715023041,12.79897665977478,1099.148448162079,11.366000000000003,0.010340732427003334,3,1,
80,13,linCmt,focei,lbfgsb3c,59,ok,TRUE,TRUE,TRUE,TRUE,-4536.561736286359,7.787216754667227,native,8,TRUE,TRUE,NA,FALSE,focei,"r,s",2,2,2,0,TRUE,50.067,1075.0295503139496,11.317551851272583,1136.4141021652222,10.524000000000001,0.009260708732801281,3,1,
80,13,linCmt,focei,lbfgsb3c,60,ok,FALSE,FALSE,FALSE,FALSE,-103475.79045331692,NA,NA,27,FALSE,FALSE,NA,FALSE,focei,"Boundary issue; Get SEs with `getVarCov()`: ""cov_BW_power_cl"" ",4,2,1,3,FALSE,72.813,1093.5708091259003,14.946520566940308,1181.3303296928407,13.884,0.011752851553053749,3,1,
80,13,linCmt,focei,lbfgsb3c,61,ok,TRUE,TRUE,TRUE,TRUE,-4536.103174983507,3.9014188984248284,native,27,TRUE,TRUE,NA,FALSE,focei,"r,s",2,2,1,1,FALSE,77.736,1092.427505016327,13.467416286468506,1183.6309213027955,12.742999999999999,0.010766024924369219,3,1,
80,13,linCmt,focei,lbfgsb3c,62,ok,TRUE,TRUE,TRUE,TRUE,-4518.151565922862,5.882915765462631,native,8,TRUE,TRUE,NA,FALSE,focei,"r,s",2,2,2,0,TRUE,75.036,1003.5283184051514,15.917356729507446,1094.4816751346589,13.117999999999999,0.011985582123507033,3,1,
80,13,linCmt,focei,lbfgsb3c,63,ok,TRUE,TRUE,TRUE,TRUE,-4512.2712398236745,7.367411796180079,native,8,TRUE,TRUE,NA,FALSE,focei,"r,s",2,2,2,0,TRUE,63.092,1283.8776941299438,12.49907922744751,1359.4687733573915,10.242000000000004,0.007533825123990163,3,1,
80,13,linCmt,focei,lbfgsb3c,64,ok,TRUE,TRUE,TRUE,TRUE,-4537.946456041943,2.7192287369148196,native,27,TRUE,TRUE,NA,FALSE,focei,"r,s",2,2,2,0,TRUE,86.672,1223.9522113800049,12.479447841644287,1323.1036592216492,11.158999999999997,0.008433957477348809,3,1,
80,13,linCmt,focei,lbfgsb3c,65,ok,TRUE,TRUE,TRUE,TRUE,-4568.550845899422,5.918977411517975,native,8,TRUE,TRUE,NA,FALSE,focei,"r,s",2,2,2,0,TRUE,20.698999999999998,495.54870772361755,10.629546403884888,526.8772541275024,10.229,0.019414389062854892,3,1,
80,13,linCmt,focei,lbfgsb3c,66,ok,TRUE,TRUE,TRUE,TRUE,-4611.792102570867,7.523889966997899,native,8,TRUE,TRUE,NA,FALSE,focei,"r,s",2,2,2,0,TRUE,65.78099999999999,1045.5779457092285,13.277667999267578,1124.636613708496,10.286999999999997,0.009146954558129273,3,1,
80,13,linCmt,focei,lbfgsb3c,67,ok,TRUE,TRUE,TRUE,TRUE,-4545.438059890723,5.83668110392307,native,8,TRUE,TRUE,NA,FALSE,focei,"r,s",2,2,2,0,TRUE,70.203,1285.6741046905518,12.012746334075928,1367.8898510246277,10.062000000000003,0.0073558554385523,3,1,
80,13,linCmt,focei,lbfgsb3c,68,ok,TRUE,TRUE,TRUE,TRUE,-4520.435903715761,5.152275309954689,native,8,TRUE,TRUE,NA,FALSE,focei,"r,s",2,2,2,0,TRUE,76.23100000000001,1242.8838896751404,11.943372964859009,1331.0582626399994,10.536000000000003,0.007915506252223002,3,1,
80,13,linCmt,focei,lbfgsb3c,69,ok,TRUE,TRUE,TRUE,TRUE,-4541.785649775484,2.5879726794941376,native,8,TRUE,TRUE,NA,FALSE,focei,"r,s",1,2,1,0,FALSE,57.773,596.0993111133575,9.055704832077026,662.9280159454346,8.526999999999997,0.012862633340120977,3,1,
80,13,linCmt,focei,lbfgsb3c,70,ok,TRUE,TRUE,TRUE,TRUE,-4501.6442595040935,5.679053152956137,native,8,TRUE,TRUE,NA,FALSE,focei,"r,s",2,2,1,1,FALSE,58.870999999999995,815.8796486854553,10.627966403961182,885.3786150894165,10.177999999999995,0.011495646976940024,3,1,
80,13,linCmt,focei,lbfgsb3c,71,ok,TRUE,TRUE,TRUE,TRUE,-4566.175368542513,11.069810896208864,native,8,TRUE,TRUE,NA,FALSE,focei,"r,s",2,2,1,1,FALSE,76.88900000000001,779.125568151474,12.424395322799683,868.4389634742737,10.647999999999996,0.012261080453370777,3,1,
80,13,linCmt,focei,lbfgsb3c,72,ok,TRUE,TRUE,TRUE,TRUE,-4535.514371216105,5.277687017325732,native,8,TRUE,TRUE,NA,FALSE,focei,"r,s",2,2,2,0,TRUE,72.64500000000001,974.5038583278656,11.397529602050781,1058.5463879299164,10.232,0.009666085602549364,3,1,
80,13,linCmt,focei,lbfgsb3c,73,ok,TRUE,TRUE,TRUE,TRUE,-4573.661373625365,4.952812864096297,native,8,TRUE,TRUE,NA,FALSE,focei,"r,s",2,2,2,0,TRUE,72.607,975.3499193191528,12.829550743103027,1060.7864700622558,10.004000000000003,0.009430738685244435,3,1,
80,13,linCmt,focei,lbfgsb3c,74,ok,TRUE,TRUE,TRUE,TRUE,-4518.296271256744,10.560806242405468,native,8,TRUE,TRUE,NA,FALSE,focei,"r,s",2,2,2,0,TRUE,87.937,1154.1493334770203,11.769134759902954,1253.8554682369231,11.190000000000001,0.008924473580463412,3,1,
80,13,linCmt,focei,lbfgsb3c,75,ok,TRUE,TRUE,TRUE,TRUE,-4437.299532823167,5.355257004400397,native,8,TRUE,TRUE,NA,FALSE,focei,"r,s",2,2,2,0,TRUE,78.87,761.7979276180267,10.718242168426514,851.3861697864533,10.355999999999998,0.012163693007366463,3,1,
80,13,linCmt,focei,lbfgsb3c,76,ok,TRUE,TRUE,TRUE,TRUE,-4562.096583346434,9.385663037268223,native,8,TRUE,TRUE,NA,FALSE,focei,"r,s",2,2,0,2,FALSE,68.379,1144.152878522873,14.473392009735107,1227.005270532608,10.756,0.008766058515242666,3,1,
80,13,linCmt,focei,lbfgsb3c,77,ok,TRUE,TRUE,TRUE,TRUE,-4500.501720624519,3.8053060489247894,native,8,TRUE,TRUE,NA,FALSE,focei,"r,s",1,2,1,0,FALSE,65.701,805.0493440628052,10.2617027759552,881.0120468387604,9.012000000000002,0.01022914502966989,3,1,
80,13,linCmt,focei,lbfgsb3c,78,ok,TRUE,TRUE,TRUE,TRUE,-4572.702977351005,9.632351631809264,native,8,TRUE,TRUE,NA,FALSE,focei,"r,s",2,2,2,0,TRUE,77.108,1165.5961515903473,11.293875694274902,1253.9980272846221,9.970000000000002,0.007950570721063099,3,1,
80,13,linCmt,focei,lbfgsb3c,79,ok,TRUE,TRUE,TRUE,TRUE,-4580.80656156755,7.015470002206054,native,8,TRUE,TRUE,NA,FALSE,focei,"r,s",2,2,2,0,TRUE,63.427,1233.046668767929,10.339361190795898,1306.8130299587249,9.936000000000003,0.0076032299741561555,3,1,
80,13,linCmt,focei,lbfgsb3c,80,ok,TRUE,TRUE,TRUE,TRUE,-4581.836606395075,4.83783705774254,native,8,TRUE,TRUE,NA,FALSE,focei,"r,s",2,2,0,2,FALSE,61.917,1096.5104134082794,12.136216640472412,1170.5636300487517,10.588999999999999,0.009046069541353329,3,1,
80,13,linCmt,focei,lbfgsb3c,81,ok,TRUE,TRUE,TRUE,TRUE,-4565.591483050295,7.386038374169574,native,8,TRUE,TRUE,NA,FALSE,focei,"r,s",3,2,2,1,FALSE,68.194,921.280668258667,13.150399923324585,1002.6250681819915,11.937000000000003,0.011905746603408542,3,1,
80,13,linCmt,focei,lbfgsb3c,82,ok,FALSE,FALSE,FALSE,FALSE,-4571.406292321286,NA,NA,27,FALSE,FALSE,NA,FALSE,focei,failed,2,2,0,2,FALSE,76.086,944.3157799243927,9.710314512252808,1030.1120944366455,7.549999999999995,0.007329299443017402,3,1,
80,13,linCmt,focei,lbfgsb3c,83,ok,TRUE,TRUE,TRUE,TRUE,-4506.7250379632005,5.4455107541051095,native,8,TRUE,TRUE,NA,FALSE,focei,"r,s",2,2,2,0,TRUE,79.959,774.9884879589081,13.367655038833618,868.3151429977418,10.343000000000002,0.011911573906556758,3,1,
80,13,linCmt,focei,lbfgsb3c,84,ok,TRUE,TRUE,TRUE,TRUE,-4483.767530586828,2.991955936042591,native,8,TRUE,TRUE,NA,FALSE,focei,"r,s",1,2,1,0,FALSE,70.146,699.378479719162,10.350534677505493,779.8750143966674,8.668000000000003,0.011114601493812189,3,1,
80,13,linCmt,focei,lbfgsb3c,85,ok,TRUE,TRUE,TRUE,TRUE,-4484.372044261554,7.882519049965378,native,27,TRUE,TRUE,NA,FALSE,focei,"r,s",2,2,2,0,TRUE,67.076,898.3732752799988,13.241173267364502,978.6904485473633,10.928,0.011165941198486259,3,1,
80,13,linCmt,focei,lbfgsb3c,86,ok,TRUE,TRUE,TRUE,TRUE,-4528.994797757654,9.558771031078305,native,8,TRUE,TRUE,NA,FALSE,focei,"r,s",2,2,1,1,FALSE,75.403,1148.3524832725525,10.742847204208374,1234.4983304767609,10.048,0.00813933867056708,3,1,
80,13,linCmt,focei,lbfgsb3c,87,ok,TRUE,TRUE,TRUE,TRUE,-4524.7069823874735,7.4795410893248295,native,8,TRUE,TRUE,NA,FALSE,focei,"r,s",2,2,0,2,FALSE,61.588,720.0942423343658,11.527902364730835,793.2101446990966,10.573000000000004,0.013329380707820951,3,1,
80,13,linCmt,focei,lbfgsb3c,88,ok,TRUE,TRUE,TRUE,TRUE,-4463.55066062359,4.819679534563582,native,8,TRUE,TRUE,NA,FALSE,focei,"r,s",2,2,0,2,FALSE,64.667,710.5358095169067,11.152055978775024,786.3548654956818,10.288999999999998,0.013084423396444922,3,1,
80,13,linCmt,focei,lbfgsb3c,89,ok,TRUE,TRUE,TRUE,TRUE,-4505.771433285516,9.640285539591712,native,8,TRUE,TRUE,NA,FALSE,focei,"r,s",2,2,2,0,TRUE,59.882,742.3668336868286,10.740709066390991,812.9895427532196,10.25,0.01260778824446867,3,1,
80,13,linCmt,focei,lbfgsb3c,90,ok,TRUE,TRUE,TRUE,TRUE,-4538.5796581136165,6.208378390653887,native,8,TRUE,TRUE,NA,FALSE,focei,"r,s",2,2,2,0,TRUE,66.42500000000001,607.9906239509583,10.555033922195435,684.9706578731536,10.107000000000003,0.014755376575373931,3,1,
80,13,linCmt,focei,lbfgsb3c,91,ok,TRUE,TRUE,TRUE,TRUE,-4528.65735085728,5.214892598299831,native,8,TRUE,TRUE,NA,FALSE,focei,"r,s",2,2,2,0,TRUE,70.554,888.7930202484131,11.244415044784546,970.5914352931976,10.521999999999997,0.010840812743027653,3,1,
80,13,linCmt,focei,lbfgsb3c,92,ok,TRUE,TRUE,TRUE,TRUE,-4478.597742024762,17.60981159312453,native,8,TRUE,TRUE,NA,FALSE,focei,"r,s",3,2,1,2,FALSE,68.93900000000001,1213.9877936840057,14.24011778831482,1297.1669114723206,13.602999999999994,0.01048669980685848,3,1,
80,13,linCmt,focei,lbfgsb3c,93,ok,TRUE,TRUE,TRUE,TRUE,-4527.611018369838,6.691164569079983,native,8,TRUE,TRUE,NA,FALSE,focei,"r,s",2,2,2,0,TRUE,66.837,889.7588121891022,10.7426118850708,967.338424074173,10.072,0.010412074770667546,3,1,
80,13,linCmt,focei,lbfgsb3c,94,ok,TRUE,TRUE,TRUE,TRUE,-4576.080941502098,8.08105249191018,native,8,TRUE,TRUE,NA,FALSE,focei,"r,s",2,2,2,0,TRUE,72.909,818.4917659759521,12.160418272018433,903.5611842479706,10.469999999999997,0.011587483152802901,3,1,
80,13,linCmt,focei,lbfgsb3c,95,ok,TRUE,TRUE,TRUE,TRUE,-4512.942054321116,6.526136905415439,native,8,TRUE,TRUE,NA,FALSE,focei,"r,s",2,2,2,0,TRUE,49.706,631.7573521137238,12.374305486679077,693.8376576004028,10.379999999999999,0.01496027188247266,3,1,
80,13,linCmt,focei,lbfgsb3c,96,ok,TRUE,TRUE,TRUE,TRUE,-4504.171468579185,11.95151666716237,native,8,TRUE,TRUE,NA,FALSE,focei,"r,s",2,2,2,0,TRUE,63.95399999999999,883.8294446468353,10.081474304199219,957.8649189510345,9.804000000000002,0.010235263664041941,3,1,
80,13,linCmt,focei,lbfgsb3c,97,ok,TRUE,TRUE,TRUE,TRUE,-4600.285753816148,20.360177036801776,native,8,TRUE,TRUE,NA,FALSE,focei,"r,s",2,2,2,0,TRUE,69.19500000000001,1035.2671852111816,10.478712320327759,1114.9408975315093,10.067999999999998,0.009030075067019834,3,1,
80,13,linCmt,focei,lbfgsb3c,98,ok,TRUE,TRUE,TRUE,TRUE,-4472.895288588205,6.898416643307607,native,8,TRUE,TRUE,NA,FALSE,focei,"r,s",2,2,1,1,FALSE,84.25200000000001,788.2348747253418,13.91589641571045,886.4027711410522,12.622,0.014239576421621403,3,1,
80,13,linCmt,focei,lbfgsb3c,99,ok,TRUE,TRUE,TRUE,TRUE,-4526.037635752357,7.316093899876189,native,8,TRUE,TRUE,NA,FALSE,focei,"r,s",2,2,2,0,TRUE,65.886,772.8059139251709,10.655849695205688,849.3477636203766,10.126000000000003,0.01192208943582491,3,1,
80,13,linCmt,focei,lbfgsb3c,100,ok,TRUE,TRUE,TRUE,TRUE,-4541.701815777359,8.295146888458405,native,8,TRUE,TRUE,NA,FALSE,focei,"r,s",2,2,2,0,TRUE,60.568,759.3003392219543,11.207128286361694,831.075467508316,10.783000000000003,0.012974754305200453,3,1,
80,14,linCmt,focei,lbfgsb3c,1,ok,TRUE,TRUE,TRUE,TRUE,-4534.50865849129,6.07593414873196,native,8,TRUE,TRUE,NA,FALSE,focei,"r,s",3,3,3,0,TRUE,85.43,1436.3299343585968,15.035978078842163,1536.795912437439,11.719,0.007625605914979986,3,1,
80,14,linCmt,focei,lbfgsb3c,2,ok,TRUE,TRUE,TRUE,TRUE,-4492.150082790801,7.214569741239634,native,8,TRUE,TRUE,NA,FALSE,focei,"r,s",3,3,3,0,TRUE,70.07900000000001,1376.026209115982,14.809678316116333,1460.9148874320983,12.093999999999998,0.008278374122984022,3,1,
80,14,linCmt,focei,lbfgsb3c,3,ok,TRUE,TRUE,TRUE,TRUE,-4511.738756404222,12.057654047196287,native,8,TRUE,TRUE,NA,FALSE,focei,"r,s",3,3,3,0,TRUE,67.10799999999999,1832.9430141448975,15.669655561447144,1915.7206697063446,13.819999999999997,0.0072139953483502505,3,1,
80,14,linCmt,focei,lbfgsb3c,4,ok,TRUE,TRUE,TRUE,TRUE,-4458.801093287746,13.032307151368725,native,8,TRUE,TRUE,NA,FALSE,focei,"r,s",4,3,3,1,FALSE,73.967,1707.7914350032806,19.00226616859436,1800.760701171875,16.128,0.008956214998197392,3,1,
80,14,linCmt,focei,lbfgsb3c,5,ok,TRUE,TRUE,TRUE,TRUE,-4509.964889043062,11.580713253735542,native,8,TRUE,TRUE,NA,FALSE,focei,"r,s",3,3,3,0,TRUE,81.923,1764.5317895412445,14.928457021713257,1861.3832465629578,12.316999999999997,0.0066171219832043314,3,1,
80,14,linCmt,focei,lbfgsb3c,6,ok,TRUE,TRUE,TRUE,TRUE,-4533.357394043438,7.957534365454971,native,27,TRUE,TRUE,NA,FALSE,focei,"r,s",3,3,3,0,TRUE,67.442,1394.5477848052979,15.325960159301758,1477.3157449645996,13.546999999999999,0.009170009895430053,3,1,
80,14,linCmt,focei,lbfgsb3c,7,ok,TRUE,TRUE,TRUE,TRUE,-4523.335445698584,12.646928042368765,native,27,TRUE,TRUE,NA,FALSE,focei,"r,s",2,3,2,0,FALSE,66.989,1504.3793988227844,16.015181303024292,1587.3835801258087,11.896999999999998,0.00749472285649893,3,1,
80,14,linCmt,focei,lbfgsb3c,8,ok,TRUE,TRUE,TRUE,TRUE,-4535.712656444403,8.894500600482525,native,8,TRUE,TRUE,NA,FALSE,focei,"r,s",3,3,2,1,FALSE,71.34,1504.5335881710052,15.261427640914917,1591.13501581192,12.586,0.007910076690492322,3,1,
80,14,linCmt,focei,lbfgsb3c,9,ok,TRUE,TRUE,TRUE,TRUE,-4583.922178698631,4.091119947783514,native,8,TRUE,TRUE,NA,FALSE,focei,"r,s",3,3,3,0,TRUE,18.594,417.77742290496826,12.987537145614624,449.3589600505829,12.658999999999999,0.028171241981188082,3,1,
80,14,linCmt,focei,lbfgsb3c,10,ok,TRUE,TRUE,TRUE,TRUE,-4559.964015810442,9.20272385936621,native,27,TRUE,TRUE,NA,FALSE,focei,"r,s",3,3,2,1,FALSE,77.801,1845.6942954063416,14.634388446807861,1938.1296838531493,13.958999999999996,0.007202304425908405,3,1,
80,14,linCmt,focei,lbfgsb3c,11,ok,TRUE,TRUE,TRUE,TRUE,-4531.811334428209,8.252937811759873,native,8,TRUE,TRUE,NA,FALSE,focei,"r,s",3,3,3,0,TRUE,73.239,1555.0465216636658,17.640632390975952,1645.9261540546418,14.915999999999999,0.009062374981559965,3,1,
80,14,linCmt,focei,lbfgsb3c,12,ok,TRUE,TRUE,TRUE,TRUE,-4515.982057503927,11.691361291729208,native,8,TRUE,TRUE,NA,FALSE,focei,"r,s",3,3,3,0,TRUE,83.825,1440.6057455539703,14.926395654678345,1539.3571412086487,12.222000000000003,0.007939677981682484,3,1,
80,14,linCmt,focei,lbfgsb3c,13,ok,TRUE,TRUE,TRUE,TRUE,-4487.625575947521,8.917838022579932,native,8,TRUE,TRUE,NA,FALSE,focei,"r,s",2,3,1,1,FALSE,85.287,1081.2607109546661,17.001469612121582,1183.5491805667878,10.320999999999996,0.008720381180152895,3,1,
80,14,linCmt,focei,lbfgsb3c,14,ok,TRUE,TRUE,TRUE,TRUE,-4527.248590763478,8.689672934708954,native,8,TRUE,TRUE,NA,FALSE,focei,"r,s",3,3,3,0,TRUE,20.649,520.3646311759949,11.70477294921875,552.7184041252136,11.119,0.020116934621704916,3,1,
80,14,linCmt,focei,lbfgsb3c,15,ok,TRUE,TRUE,TRUE,TRUE,-4501.752739746727,7.8734177570635975,native,8,TRUE,TRUE,NA,FALSE,focei,"r,s",3,3,2,1,FALSE,66.959,1489.2483322620392,13.417176246643066,1569.6245085086823,11.732999999999999,0.007475036186296334,3,1,
80,14,linCmt,focei,lbfgsb3c,16,ok,TRUE,TRUE,TRUE,TRUE,-4524.067512700486,6.745829448318994,native,8,TRUE,TRUE,NA,FALSE,focei,"r,s",3,3,3,0,TRUE,65.572,1459.0222434997559,15.684423446655273,1540.2786669464112,12.388000000000002,0.00804270049689067,3,1,
80,14,linCmt,focei,lbfgsb3c,17,ok,TRUE,TRUE,TRUE,TRUE,-4506.7968762326855,10.20697717444813,native,27,TRUE,TRUE,NA,FALSE,focei,"r,s",3,3,3,0,TRUE,79.51899999999999,1478.385898590088,15.297536849975586,1573.2024354400635,13.049,0.00829454602029641,3,1,
80,14,linCmt,focei,lbfgsb3c,18,ok,TRUE,TRUE,TRUE,TRUE,-4548.036741110936,9.993346960362748,native,8,TRUE,TRUE,NA,FALSE,focei,"r,s",3,3,3,0,TRUE,86.132,1402.3330290317535,13.344114303588867,1501.8091433353425,12.006999999999998,0.007995023903858952,3,1,
80,14,linCmt,focei,lbfgsb3c,19,ok,TRUE,TRUE,TRUE,TRUE,-4572.98582384059,13.515037382325545,native,8,TRUE,TRUE,NA,FALSE,focei,"r,s",3,3,3,0,TRUE,77.065,1345.7881619930267,13.925423622131348,1436.7785856151581,11.961999999999998,0.008325569520427154,3,1,
80,14,linCmt,focei,lbfgsb3c,20,ok,TRUE,TRUE,TRUE,TRUE,-4380.576470112163,9.114831307766538,native,8,TRUE,TRUE,NA,FALSE,focei,"r,s",3,3,3,0,TRUE,72.41499999999999,1482.3496918678284,13.81313967704773,1568.577831544876,12.113,0.007722281774229865,3,1,
80,14,linCmt,focei,lbfgsb3c,21,ok,TRUE,TRUE,TRUE,TRUE,-4476.257330040695,6.186786612546633,native,8,TRUE,TRUE,NA,FALSE,focei,"r,s",3,3,2,1,FALSE,80.159,1480.2729988098145,12.352424383163452,1572.784423192978,11.723000000000003,0.007453659781421685,3,1,
80,14,linCmt,focei,lbfgsb3c,22,ok,TRUE,TRUE,TRUE,TRUE,-4467.057620241839,8.624914504644632,native,8,TRUE,TRUE,NA,FALSE,focei,"r,s",3,3,2,1,FALSE,67.917,1471.4044058322906,15.4107506275177,1554.7321564598083,11.549000000000003,0.007428289144219909,3,1,
80,14,linCmt,focei,lbfgsb3c,23,ok,TRUE,TRUE,TRUE,TRUE,-4537.8002113684925,8.170439711320268,native,27,TRUE,TRUE,NA,FALSE,focei,"r,s",3,3,2,1,FALSE,81.066,1500.818775177002,17.898602962493896,1599.7833781394959,16.973999999999997,0.010610186498962311,3,1,
80,14,linCmt,focei,lbfgsb3c,24,ok,TRUE,TRUE,TRUE,TRUE,-4513.520522432741,7.447395878002716,native,8,TRUE,TRUE,NA,FALSE,focei,"r,s",3,3,3,0,TRUE,80.62700000000001,1489.5932757854462,15.604863166809082,1585.8251389522552,11.977000000000004,0.007552535084614142,3,1,
80,14,linCmt,focei,lbfgsb3c,25,ok,TRUE,TRUE,TRUE,TRUE,-4563.8440556158175,8.072702856391157,native,8,TRUE,TRUE,NA,FALSE,focei,"r,s",3,3,3,0,TRUE,72.486,1423.0432074069977,14.019238710403442,1509.5484461174012,12.309000000000001,0.008154094048229506,3,1,
80,14,linCmt,focei,lbfgsb3c,26,ok,TRUE,TRUE,TRUE,TRUE,-4523.502044895941,7.964819927325529,native,8,TRUE,TRUE,NA,FALSE,focei,"r,s",3,3,3,0,TRUE,70.76500000000001,1768.2924027442932,14.136101484298706,1853.193504228592,11.951999999999998,0.006449407454066769,3,1,
80,14,linCmt,focei,lbfgsb3c,27,ok,TRUE,TRUE,TRUE,TRUE,-4489.251164756182,3.6226479444823383,native,8,TRUE,TRUE,NA,FALSE,focei,"r,s",1,3,1,0,FALSE,73.273,813.0516726970673,14.788548231124878,901.1132209281922,10.454,0.011601205883131814,3,1,
80,14,linCmt,focei,lbfgsb3c,28,ok,TRUE,TRUE,TRUE,TRUE,-4465.176345056097,7.88615247263646,native,8,TRUE,TRUE,NA,FALSE,focei,"r,s",3,3,3,0,TRUE,81.30699999999999,1468.6160111427307,12.579503059387207,1562.502514202118,12.155000000000003,0.007779187482592229,3,1,
80,14,linCmt,focei,lbfgsb3c,29,ok,TRUE,TRUE,TRUE,TRUE,-4406.634328975768,8.21991644398482,native,8,TRUE,TRUE,NA,FALSE,focei,"r,s",3,3,2,1,FALSE,78.112,1727.7748348712921,14.873038530349731,1820.759873401642,11.873999999999995,0.006521453033681123,3,1,
80,14,linCmt,focei,lbfgsb3c,30,ok,TRUE,TRUE,TRUE,TRUE,-4515.657714836072,6.302997267047347,native,8,TRUE,TRUE,NA,FALSE,focei,"r,s",3,3,3,0,TRUE,75.8,1271.9323585033417,13.013910293579102,1360.7462687969207,12.25,0.00900241307354869,3,1,
80,14,linCmt,focei,lbfgsb3c,31,ok,TRUE,TRUE,TRUE,TRUE,-4543.395885960091,6.477735480108682,native,27,TRUE,TRUE,NA,FALSE,focei,"r,s",2,3,0,2,FALSE,73.052,1071.4394750595093,17.118404626846313,1161.6098796863555,13.257,0.011412609544591255,3,1,
80,14,linCmt,focei,lbfgsb3c,32,ok,TRUE,TRUE,TRUE,TRUE,-4486.315507610395,9.532936052756167,native,8,TRUE,TRUE,NA,FALSE,focei,"r,s",3,3,2,1,FALSE,80.435,1464.615543603897,13.431064367294312,1558.4816079711914,11.657000000000005,0.007479716116236314,3,1,
80,14,linCmt,focei,lbfgsb3c,33,ok,TRUE,TRUE,TRUE,TRUE,-4538.338662836345,6.57824068360828,native,8,TRUE,TRUE,NA,FALSE,focei,"r,s",2,3,2,0,FALSE,71.367,1377.3784642219543,11.696641206741333,1460.4421054286956,9.979000000000003,0.0068328624345370985,3,1,
80,14,linCmt,focei,lbfgsb3c,34,ok,TRUE,TRUE,TRUE,TRUE,-4501.4421320076945,7.309330282614487,native,8,TRUE,TRUE,NA,FALSE,focei,"r,s",3,3,3,0,TRUE,75.788,1400.6064722537994,14.480843305587769,1490.8753155593872,11.589999999999998,0.007773956600556731,3,1,
80,14,linCmt,focei,lbfgsb3c,35,ok,TRUE,TRUE,TRUE,TRUE,-4565.784454629392,9.2185482381474,native,27,TRUE,TRUE,NA,FALSE,focei,"r,s",3,3,3,0,TRUE,66.79599999999999,1424.033016204834,13.402783393859863,1504.231799598694,12.219999999999995,0.008123747951120369,3,1,
80,14,linCmt,focei,lbfgsb3c,36,ok,TRUE,TRUE,TRUE,TRUE,-4486.863377624779,5.282336580683856,native,8,TRUE,TRUE,NA,FALSE,focei,"r,s",2,3,1,1,FALSE,73.897,1268.644113779068,12.34991192817688,1354.8910257072448,11.084999999999996,0.008181469793272632,3,1,
80,14,linCmt,focei,lbfgsb3c,37,ok,TRUE,TRUE,TRUE,TRUE,-4517.724336965849,8.71188115321066,native,8,TRUE,TRUE,NA,FALSE,focei,"r,s",3,3,3,0,TRUE,20.32,392.0738730430603,12.497670888900757,424.89154393196105,11.966,0.028162480922228342,3,1,
80,14,linCmt,focei,lbfgsb3c,38,ok,TRUE,TRUE,TRUE,TRUE,-4493.893406924221,10.708542482049182,native,8,TRUE,TRUE,NA,FALSE,focei,"r,s",3,3,3,0,TRUE,70.5,1299.1653091907501,11.816194772720337,1381.4815039634705,11.460999999999997,0.008296166084828778,3,1,
80,14,linCmt,focei,lbfgsb3c,39,ok,TRUE,TRUE,TRUE,TRUE,-4559.533855493988,10.012321836644277,native,27,TRUE,TRUE,NA,FALSE,focei,"r,s",3,3,3,0,TRUE,75.094,1454.8108427524567,17.189188957214355,1547.094031709671,14.636999999999995,0.00946096339330122,3,1,
80,14,linCmt,focei,lbfgsb3c,40,ok,TRUE,TRUE,TRUE,TRUE,-4539.338366611363,4.859215920584354,native,27,TRUE,TRUE,NA,FALSE,focei,"r,s",3,3,3,0,TRUE,70.924,1361.276884317398,16.25638484954834,1448.4572691669464,14.758999999999997,0.010189461790949735,3,1,
80,14,linCmt,focei,lbfgsb3c,41,ok,TRUE,TRUE,TRUE,TRUE,-4472.927624539317,12.332755952149082,native,27,TRUE,TRUE,NA,FALSE,focei,r,3,3,2,1,FALSE,73.61600000000001,1411.950911283493,17.695162057876587,1503.2620733413696,15.978,0.010628885197964828,3,1,
80,14,linCmt,focei,lbfgsb3c,42,ok,TRUE,TRUE,TRUE,TRUE,-4601.870320466306,8.071211792547034,native,8,TRUE,TRUE,NA,FALSE,focei,"r,s",3,3,2,1,FALSE,69.49600000000001,1391.9659333229065,13.632734298706055,1475.0946676216126,12.333000000000002,0.008360819322793207,3,1,
80,14,linCmt,focei,lbfgsb3c,43,ok,TRUE,TRUE,TRUE,TRUE,-4427.457172826189,14.383278174645644,native,8,TRUE,TRUE,NA,FALSE,focei,r,4,3,1,3,FALSE,64.04599999999999,1627.7480013370514,17.00224733352661,1708.796248670578,13.665999999999995,0.007997442650422466,3,1,
80,14,linCmt,focei,lbfgsb3c,44,ok,TRUE,TRUE,TRUE,TRUE,-4487.165172539805,14.207393925759876,native,8,TRUE,TRUE,NA,FALSE,focei,"r,s",3,3,2,1,FALSE,83.509,1391.4862022399902,14.012357234954834,1489.007559474945,11.545000000000005,0.007753486492755626,3,1,
80,14,linCmt,focei,lbfgsb3c,45,ok,TRUE,TRUE,TRUE,TRUE,-4558.759023369239,12.534618305565523,native,27,TRUE,TRUE,NA,FALSE,focei,"r,s",3,3,3,0,TRUE,17.899,407.0950870513916,13.50196385383606,438.49605090522766,13.212000000000002,0.030130259948123267,3,1,
80,14,linCmt,focei,lbfgsb3c,46,ok,TRUE,TRUE,TRUE,TRUE,-4493.667373419743,6.792483655205724,native,8,TRUE,TRUE,NA,FALSE,focei,"r,s",3,3,2,1,FALSE,74.191,1389.2095954418182,13.121977090835571,1476.5225725326538,11.663000000000002,0.007898964917274957,3,1,
80,14,linCmt,focei,lbfgsb3c,47,ok,TRUE,TRUE,TRUE,TRUE,-4506.573935665475,8.196080762963586,native,8,TRUE,TRUE,NA,FALSE,focei,"r,s",3,3,3,0,TRUE,73.30499999999999,1474.7456188201904,13.417825698852539,1561.468444519043,12.354,0.007911783323809164,3,1,
80,14,linCmt,focei,lbfgsb3c,48,ok,TRUE,TRUE,TRUE,TRUE,-4499.200859111499,10.549996347413222,native,8,TRUE,TRUE,NA,FALSE,focei,"r,s",3,3,3,0,TRUE,78.864,1438.3371951580048,16.134076356887817,1533.3352715148926,12.319,0.00803412027940189,3,1,
80,14,linCmt,focei,lbfgsb3c,49,ok,TRUE,TRUE,TRUE,TRUE,-4514.775972531209,10.193068128802189,native,8,TRUE,TRUE,NA,FALSE,focei,"r,s",3,3,3,0,TRUE,67.224,1316.7540361881256,13.49089789390564,1397.4689340820312,12.421000000000001,0.008888211892995749,3,1,
80,14,linCmt,focei,lbfgsb3c,50,ok,TRUE,TRUE,TRUE,TRUE,-4528.27152885565,5.640704663404954,native,27,TRUE,TRUE,NA,FALSE,focei,"r,s",2,3,1,1,FALSE,68.933,894.473797082901,14.089885234832764,977.4966823177338,11.779000000000002,0.012050168776093356,3,1,
80,14,linCmt,focei,lbfgsb3c,51,ok,TRUE,TRUE,TRUE,TRUE,-4555.285940783477,8.945384822494333,native,8,TRUE,TRUE,NA,FALSE,focei,"r,s",3,3,3,0,TRUE,17.524,443.84567046165466,12.813740968704224,474.1834114303589,11.724000000000002,0.024724610176967043,3,1,
80,14,linCmt,focei,lbfgsb3c,52,ok,TRUE,TRUE,TRUE,TRUE,-4457.603988897825,8.622137944046772,native,8,TRUE,TRUE,NA,FALSE,focei,"r,s",3,3,3,0,TRUE,21.884,414.3512444496155,12.050197839736938,448.28544228935243,11.8,0.026322514377755585,3,1,
80,14,linCmt,focei,lbfgsb3c,53,ok,TRUE,TRUE,TRUE,TRUE,-4496.610419568457,8.731720963306639,native,8,TRUE,TRUE,NA,FALSE,focei,"r,s",3,3,3,0,TRUE,20.451999999999998,403.22306656837463,12.445379972457886,436.1204465408325,12.145,0.027847811530805868,3,1,
80,14,linCmt,focei,lbfgsb3c,54,ok,TRUE,TRUE,TRUE,TRUE,-4502.251566758005,7.197464826549424,native,8,TRUE,TRUE,NA,FALSE,focei,"r,s",2,3,2,0,FALSE,19.453,441.4520390033722,11.384244441986084,472.28928344535825,10.592,0.022426932753441244,3,1,
80,14,linCmt,focei,lbfgsb3c,55,ok,TRUE,TRUE,TRUE,TRUE,-4586.042410884576,7.066063958934492,native,8,TRUE,TRUE,NA,FALSE,focei,"r,s",3,3,3,0,TRUE,19.604,523.1679046154022,11.565603733062744,554.337508348465,11.328999999999997,0.020437007832561124,3,1,
80,14,linCmt,focei,lbfgsb3c,56,ok,TRUE,TRUE,TRUE,TRUE,-4464.294859955868,8.854877459315704,native,8,TRUE,TRUE,NA,FALSE,focei,"r,s",3,3,3,0,TRUE,21.596,412.3338840007782,12.006469488143921,445.9363534889221,11.592000000000002,0.02599474097437084,3,1,
80,14,linCmt,focei,lbfgsb3c,57,ok,TRUE,TRUE,TRUE,TRUE,-4502.389133000243,15.174210816127163,native,8,TRUE,TRUE,NA,FALSE,focei,"r,s",2,3,2,0,FALSE,68.909,980.9642705917358,12.603833675384521,1062.4771042671205,11.797999999999998,0.01110423928442022,3,1,
80,14,linCmt,focei,lbfgsb3c,58,ok,TRUE,TRUE,TRUE,TRUE,-4596.878391273557,11.501531235572674,native,8,TRUE,TRUE,NA,FALSE,focei,"r,s",3,3,2,1,FALSE,18.842,405.0368278026581,12.281918287277222,436.1607460899353,11.959999999999999,0.027421082954434135,3,1,
80,14,linCmt,focei,lbfgsb3c,59,ok,TRUE,TRUE,TRUE,TRUE,-4464.460087784979,63.25181354431328,native,8,TRUE,TRUE,NA,FALSE,focei,"r,s",5,3,2,3,FALSE,57.813,1034.8305423259735,16.23500084877014,1108.8785431747438,16.026,0.014452439447621746,3,1,
80,14,linCmt,focei,lbfgsb3c,60,ok,TRUE,TRUE,TRUE,TRUE,-4503.763223002076,8.550228735044268,native,8,TRUE,TRUE,NA,FALSE,focei,"r,s",3,3,3,0,TRUE,79.408,1111.5147099494934,13.934813737869263,1204.8575236873626,13.655,0.011333290228549222,3,1,
80,14,linCmt,focei,lbfgsb3c,61,ok,TRUE,TRUE,TRUE,TRUE,-4511.585470668215,12.003046777206261,native,8,TRUE,TRUE,NA,FALSE,focei,"r,s",4,3,2,2,FALSE,54.882999999999996,1039.8240077495575,14.789280891418457,1109.496288640976,14.300999999999998,0.01288963302213234,3,1,
80,14,linCmt,focei,lbfgsb3c,62,ok,TRUE,TRUE,TRUE,TRUE,-4537.203927967858,7.445259086032629,native,8,TRUE,TRUE,NA,FALSE,focei,"r,s",3,3,3,0,TRUE,59.89,1205.5124061107635,12.756397008895874,1278.1588031196595,12.319,0.009638082505814195,3,1,
80,14,linCmt,focei,lbfgsb3c,63,ok,TRUE,TRUE,TRUE,TRUE,-4556.022244348069,12.003950388778087,native,8,TRUE,TRUE,NA,FALSE,focei,"r,s",3,3,3,0,TRUE,64.864,799.8934459686279,11.80265474319458,876.5601007118225,11.549999999999997,0.013176506654387602,3,1,
80,14,linCmt,focei,lbfgsb3c,64,ok,TRUE,TRUE,TRUE,TRUE,-4492.702848474453,9.687348226639552,native,8,TRUE,TRUE,NA,FALSE,focei,"r,s",3,3,3,0,TRUE,52.852,674.2202672958374,12.325788736343384,739.3980560321808,11.952000000000002,0.016164500166713742,3,1,
80,14,linCmt,focei,lbfgsb3c,65,ok,TRUE,TRUE,TRUE,TRUE,-4533.152629490208,8.54068292096302,native,8,TRUE,TRUE,NA,FALSE,focei,"r,s",3,3,3,0,TRUE,72.06299999999999,965.9807116985321,12.51996397972107,1050.5636756782533,11.935999999999996,0.011361519797735257,3,1,
80,14,linCmt,focei,lbfgsb3c,66,ok,TRUE,TRUE,TRUE,TRUE,-4623.505034923713,11.113410448673932,native,8,TRUE,TRUE,NA,FALSE,focei,"r,s",3,3,3,0,TRUE,73.66,1141.2142443656921,12.225720882415771,1227.099965248108,12.039,0.009810936631854462,3,1,
80,14,linCmt,focei,lbfgsb3c,67,ok,TRUE,TRUE,TRUE,TRUE,-4537.86245503434,11.483683212553434,native,8,TRUE,TRUE,NA,FALSE,focei,"r,s",3,3,3,0,TRUE,64.225,1046.8234360218048,11.991963386535645,1123.0403994083404,11.682999999999995,0.010403009549928066,3,1,
80,14,linCmt,focei,lbfgsb3c,68,ok,TRUE,TRUE,TRUE,TRUE,-4438.297472105934,7.638568874355659,native,8,TRUE,TRUE,NA,FALSE,focei,"r,s",3,3,3,0,TRUE,69.216,868.3058497905731,12.630716562271118,950.1525663528442,12.065000000000003,0.012697960756251434,3,1,
80,14,linCmt,focei,lbfgsb3c,69,ok,TRUE,TRUE,TRUE,TRUE,-4492.177316094992,13.026702072279353,native,8,TRUE,TRUE,NA,FALSE,focei,"r,s",3,3,3,0,TRUE,56.75900000000001,739.7026925086975,12.959722995758057,809.4214155044556,11.775999999999998,0.014548663742311344,3,1,
80,14,linCmt,focei,lbfgsb3c,70,ok,TRUE,TRUE,TRUE,TRUE,-4537.715894828172,12.270930660948721,native,8,TRUE,TRUE,NA,FALSE,focei,"r,s",3,3,2,1,FALSE,69.688,865.4483306407928,12.233248710632324,947.3695793514252,11.996000000000004,0.012662428962741803,3,1,
80,14,linCmt,focei,lbfgsb3c,71,ok,TRUE,TRUE,TRUE,TRUE,-4544.399797077987,6.35661735531279,native,8,TRUE,TRUE,NA,FALSE,focei,"r,s",2,3,1,1,FALSE,73.389,980.5111594200134,11.295450210571289,1065.1956096305846,10.457000000000004,0.00981697624873477,3,1,
80,14,linCmt,focei,lbfgsb3c,72,ok,TRUE,TRUE,TRUE,TRUE,-4561.873791893263,13.012404164529253,native,8,TRUE,TRUE,NA,FALSE,focei,"r,s",3,3,3,0,TRUE,62.666,936.0761661529541,13.412017583847046,1012.1541837368011,12.696999999999997,0.01254453145974616,3,1,
80,14,linCmt,focei,lbfgsb3c,73,ok,TRUE,TRUE,TRUE,TRUE,-4516.329689635395,9.796601434654646,native,8,TRUE,TRUE,NA,FALSE,focei,"r,s",3,3,3,0,TRUE,64.832,995.9128818511963,12.660643577575684,1073.4055254287719,12.035,0.011211978804741684,3,1,
80,14,linCmt,focei,lbfgsb3c,74,ok,TRUE,TRUE,TRUE,TRUE,-4508.942244575391,8.984679262416442,native,8,TRUE,TRUE,NA,FALSE,focei,"r,s",3,3,3,0,TRUE,64.364,924.0071043968201,13.879819631576538,1002.2509240283966,12.565000000000001,0.012536780659175524,3,1,
80,14,linCmt,focei,lbfgsb3c,75,ok,TRUE,TRUE,TRUE,TRUE,-4483.7545490598395,10.451130000180568,native,8,TRUE,TRUE,NA,FALSE,focei,"r,s",3,3,3,0,TRUE,55.766,917.7483015060425,12.98276662826538,986.4970681343078,11.696,0.011856092002503179,3,1,
80,14,linCmt,focei,lbfgsb3c,76,ok,TRUE,TRUE,TRUE,TRUE,-4471.825836556547,9.923036650099952,native,8,TRUE,TRUE,NA,FALSE,focei,"r,s",3,3,2,1,FALSE,50.486,656.7583796977997,14.647003173828125,721.8913828716278,14.228999999999997,0.01971072149856969,3,1,
80,14,linCmt,focei,lbfgsb3c,77,ok,TRUE,TRUE,TRUE,TRUE,-4458.521668967711,10.618845718189126,native,8,TRUE,TRUE,NA,FALSE,focei,"r,s",3,3,2,1,FALSE,66.803,902.978102684021,12.135029077529907,981.9161317615509,11.734000000000002,0.011950104108127121,3,1,
80,14,linCmt,focei,lbfgsb3c,78,ok,TRUE,TRUE,TRUE,TRUE,-4561.103887470668,11.533210582597713,native,8,TRUE,TRUE,NA,FALSE,focei,"r,s",3,3,3,0,TRUE,46.072,453.3023500442505,12.765905857086182,512.1402559013367,12.354000000000003,0.024122298252570853,3,1,
80,14,linCmt,focei,lbfgsb3c,79,ok,TRUE,TRUE,TRUE,TRUE,-4451.246250423199,13.517794180867316,native,8,TRUE,TRUE,NA,FALSE,focei,"r,s",3,3,3,0,TRUE,57.967999999999996,880.3558118343353,12.488512754440308,950.8123245887756,11.856000000000002,0.01246933773721086,3,1,
80,14,linCmt,focei,lbfgsb3c,80,ok,TRUE,TRUE,TRUE,TRUE,-4586.580780043694,85.42415441369316,native,27,TRUE,TRUE,NA,FALSE,focei,"r,s",3,3,2,1,FALSE,59.049,884.6003651618958,14.369380712509155,958.0187458744049,13.71,0.014310784688755313,3,1,
80,14,linCmt,focei,lbfgsb3c,81,ok,TRUE,TRUE,TRUE,TRUE,-4454.665777541468,11.448139489045131,native,8,TRUE,TRUE,NA,FALSE,focei,"r,s",3,3,3,0,TRUE,57.687,816.0190608501434,13.469738960266113,887.1757998104096,12.318999999999997,0.013885635747314773,3,1,
80,14,linCmt,focei,lbfgsb3c,82,ok,TRUE,TRUE,TRUE,TRUE,-4595.123734059929,11.831581325937602,native,8,TRUE,TRUE,NA,FALSE,focei,"r,s",3,3,3,0,TRUE,65.837,779.7104489803314,12.953959226608276,858.5014082069397,11.910000000000004,0.013873011606207089,3,1,
80,14,linCmt,focei,lbfgsb3c,83,ok,TRUE,TRUE,TRUE,TRUE,-4505.61066345703,7.91621106009253,native,8,TRUE,TRUE,NA,FALSE,focei,"r,s",3,3,3,0,TRUE,55.66,921.2589976787567,12.469818830490112,989.3888165092468,12.223000000000003,0.01235409153210877,3,1,
80,14,linCmt,focei,lbfgsb3c,84,ok,TRUE,TRUE,TRUE,TRUE,-4459.352634821666,9.605106406838852,native,8,TRUE,TRUE,NA,FALSE,focei,"r,s",3,3,3,0,TRUE,40.662000000000006,458.61873388290405,12.142347574234009,511.4230814571381,11.891,0.023250808246902666,3,1,
80,14,linCmt,focei,lbfgsb3c,85,ok,TRUE,TRUE,TRUE,TRUE,-4481.055723710521,8.049253010951503,native,8,TRUE,TRUE,NA,FALSE,focei,"r,s",2,3,1,1,FALSE,72.472,798.9548959732056,10.319814920425415,881.746710893631,10.000999999999998,0.01134225949066961,3,1,
80,14,linCmt,focei,lbfgsb3c,86,ok,TRUE,TRUE,TRUE,TRUE,-4540.197127468869,379.55527193658475,native,8,TRUE,TRUE,NA,FALSE,focei,"r,s",3,3,2,1,FALSE,64.708,1001.8647904396057,13.410502195358276,1079.983292634964,13.249,0.012267782372516925,3,1,
80,14,linCmt,focei,lbfgsb3c,87,ok,TRUE,TRUE,TRUE,TRUE,-4460.201074020892,2.2506024824661774,native,8,TRUE,TRUE,NA,FALSE,focei,"r,s",2,3,2,0,FALSE,67.846,844.8877565860748,11.467278242111206,924.201034828186,10.911999999999999,0.011806954968437791,3,1,
80,14,linCmt,focei,lbfgsb3c,88,ok,TRUE,TRUE,TRUE,TRUE,-4461.351356707705,9.16756331050713,native,8,TRUE,TRUE,NA,FALSE,focei,"r,s",2,3,2,0,FALSE,45.993,479.97543120384216,12.4619619846344,538.4303931884766,11.344999999999999,0.02107050445799909,3,1,
80,14,linCmt,focei,lbfgsb3c,89,ok,TRUE,TRUE,TRUE,TRUE,-4487.752328308117,15.769709792094764,native,8,TRUE,TRUE,NA,FALSE,focei,"r,s",4,3,2,2,FALSE,46.625,702.1047234535217,14.674376964569092,763.4041004180908,14.412999999999997,0.01887990907057806,3,1,
80,14,linCmt,focei,lbfgsb3c,90,ok,TRUE,TRUE,TRUE,TRUE,-4494.239297455655,11.521670634747313,native,8,TRUE,TRUE,NA,FALSE,focei,"r,s",3,3,3,0,TRUE,45.363,643.4103474617004,12.026688575744629,700.8000360374451,11.733000000000002,0.016742293659604043,3,1,
80,14,linCmt,focei,lbfgsb3c,91,ok,TRUE,TRUE,TRUE,TRUE,-4486.707549218721,13.773309799522863,native,8,TRUE,TRUE,NA,FALSE,focei,"r,s",3,3,3,0,TRUE,64.297,614.0614943504333,11.531637191772461,689.8901315422058,11.213999999999999,0.01625476215311532,3,1,
80,14,linCmt,focei,lbfgsb3c,92,ok,TRUE,TRUE,TRUE,TRUE,-4519.370903424925,11.363650818101128,native,8,TRUE,TRUE,NA,FALSE,focei,"r,s",3,3,3,0,TRUE,64.872,803.6353688240051,12.319936037063599,880.8273048610687,11.509999999999996,0.013067260672414609,3,1,
80,14,linCmt,focei,lbfgsb3c,93,ok,TRUE,TRUE,TRUE,TRUE,-4497.221639837846,8.291222741978173,native,8,TRUE,TRUE,NA,FALSE,focei,"r,s",3,3,3,0,TRUE,57.336,727.7707402706146,12.689739465713501,797.7964797363281,11.961999999999996,0.014993798924699993,3,1,
80,14,linCmt,focei,lbfgsb3c,94,ok,TRUE,TRUE,TRUE,TRUE,-4518.176721588964,10.076611997184427,native,27,TRUE,TRUE,NA,FALSE,focei,"r,s",3,3,3,0,TRUE,64.223,770.7105574607849,14.279346466064453,849.2129039268493,13.396,0.015774607213403725,3,1,
80,14,linCmt,focei,lbfgsb3c,95,ok,TRUE,TRUE,TRUE,TRUE,-4516.380159573487,9.314716520268362,native,8,TRUE,TRUE,NA,FALSE,focei,"r,s",3,3,3,0,TRUE,61.16400000000001,811.0276262760162,13.131919622421265,885.3235458984375,12.419999999999998,0.014028769547065447,3,1,
80,14,linCmt,focei,lbfgsb3c,96,ok,TRUE,TRUE,TRUE,TRUE,-4471.444752479187,18.16686092622048,native,8,TRUE,TRUE,NA,FALSE,focei,"r,s",3,3,3,0,TRUE,63.367000000000004,909.6129062175751,12.462951421737671,985.4428576393127,12.276999999999997,0.012458358092330472,3,1,
80,14,linCmt,focei,lbfgsb3c,97,ok,TRUE,TRUE,TRUE,TRUE,-4550.966827060341,7.9882207011810165,native,8,TRUE,TRUE,NA,FALSE,focei,"r,s",3,3,3,0,TRUE,65.861,790.9475915431976,12.766217470169067,869.5748090133667,12.254999999999999,0.014093094548017916,3,1,
80,14,linCmt,focei,lbfgsb3c,98,ok,TRUE,TRUE,TRUE,TRUE,-4547.561649308536,7.8594285035245885,native,8,TRUE,TRUE,NA,FALSE,focei,"r,s",3,3,1,2,FALSE,66.648,819.8093376159668,12.389041423797607,898.8463790397644,11.973000000000003,0.013320407445809295,3,1,
80,14,linCmt,focei,lbfgsb3c,99,ok,TRUE,TRUE,TRUE,TRUE,-4514.838699650112,8.09681233293226,native,8,TRUE,TRUE,NA,FALSE,focei,"r,s",2,3,1,1,FALSE,45.655,464.13293862342834,10.404919147491455,520.1928577709198,10.204,0.0196158018080548,3,1,
80,14,linCmt,focei,lbfgsb3c,100,ok,TRUE,TRUE,TRUE,TRUE,-4545.847460035306,15.216826645971564,native,8,TRUE,TRUE,NA,FALSE,focei,"r,s",3,3,2,1,FALSE,60.015,838.4071290493011,12.189698457717896,910.611827507019,11.982999999999997,0.013159284382244235,3,1,
80,15,linCmt,focei,lbfgsb3c,1,ok,TRUE,TRUE,TRUE,TRUE,-4459.445417298121,11.070284950852978,native,8,TRUE,TRUE,NA,FALSE,focei,"r,s",3,3,2,1,FALSE,62.485,1283.1777591705322,13.499783992767334,1359.1625431632995,12.023999999999996,0.008846624018945868,3,1,
80,15,linCmt,focei,lbfgsb3c,2,ok,TRUE,TRUE,TRUE,TRUE,-4561.386699114296,5.994965118343924,native,27,TRUE,TRUE,NA,FALSE,focei,"r,s",3,3,2,1,FALSE,18.822000000000003,408.7769775390625,13.58494234085083,441.18391987991333,12.757,0.0289153784287341,3,1,
80,15,linCmt,focei,lbfgsb3c,3,ok,TRUE,TRUE,TRUE,TRUE,-4508.99786925614,5.699093055516827,native,8,TRUE,TRUE,NA,FALSE,focei,"r,s",3,3,3,0,TRUE,70.191,1276.7046267986298,13.697081327438354,1360.5927081260681,12.688000000000002,0.009325347640202385,3,1,
80,15,linCmt,focei,lbfgsb3c,4,ok,TRUE,TRUE,TRUE,TRUE,-4518.7765542264715,9.25860495223301,native,8,TRUE,TRUE,NA,FALSE,focei,"r,s",3,3,3,0,TRUE,79.27900000000001,1678.4500546455383,13.706676483154297,1771.4357311286926,12.409999999999998,0.00700561684622496,3,1,
80,15,linCmt,focei,lbfgsb3c,5,ok,TRUE,TRUE,TRUE,TRUE,-4511.777331305113,11.937883847438163,native,8,TRUE,TRUE,NA,FALSE,focei,"r,s",3,3,3,0,TRUE,80.394,1375.8673822879791,14.159525632858276,1470.4209079208374,11.788000000000002,0.008016752167015997,3,1,
80,15,linCmt,focei,lbfgsb3c,6,ok,TRUE,TRUE,TRUE,TRUE,-4446.735605666393,10.54411092749726,native,8,TRUE,TRUE,NA,FALSE,focei,"r,s",3,3,3,0,TRUE,23.287,526.8874793052673,11.773839950561523,561.9483192558289,11.399000000000001,0.020284783510155082,3,1,
80,15,linCmt,focei,lbfgsb3c,7,ok,TRUE,TRUE,TRUE,TRUE,-4461.369184955908,13.326423552627997,native,8,TRUE,TRUE,NA,FALSE,focei,"r,s",2,3,2,0,FALSE,65.025,1077.7442419528961,14.268725156784058,1157.0379671096803,12.331000000000003,0.010657385799364264,3,1,
80,15,linCmt,focei,lbfgsb3c,8,ok,TRUE,TRUE,TRUE,TRUE,-4531.636727618509,7.1746022171785695,native,8,TRUE,TRUE,NA,FALSE,focei,"r,s",3,3,2,1,FALSE,74.989,1335.6228086948395,15.615620613098145,1426.2274293079377,12.355,0.008662713776298034,3,1,
80,15,linCmt,focei,lbfgsb3c,9,ok,TRUE,TRUE,TRUE,TRUE,-4557.864036146293,7.049397548032338,native,8,TRUE,TRUE,NA,FALSE,focei,"r,s",4,3,1,3,FALSE,80.003,1570.8313500881195,15.101526737213135,1665.9358768253326,13.911,0.008350261371709758,3,1,
80,15,linCmt,focei,lbfgsb3c,10,ok,TRUE,TRUE,TRUE,TRUE,-4400.41222052088,6.676443259082997,native,8,TRUE,TRUE,NA,FALSE,focei,"r,s",4,3,3,1,FALSE,85.33500000000001,1567.1504690647125,14.442079782485962,1666.9275488471985,13.519999999999998,0.008110730432975362,3,1,
80,15,linCmt,focei,lbfgsb3c,11,ok,TRUE,TRUE,TRUE,TRUE,-4463.559868365826,6.922350703858369,native,27,TRUE,TRUE,NA,FALSE,focei,"r,s",3,3,3,0,TRUE,78.517,1228.947321176529,14.267639398574829,1321.7319605751038,13.267999999999997,0.010038343927332216,3,1,
80,15,linCmt,focei,lbfgsb3c,12,ok,TRUE,TRUE,TRUE,TRUE,-4514.273838140633,8.77974610914006,native,8,TRUE,TRUE,NA,FALSE,focei,"r,s",3,3,2,1,FALSE,75.66300000000001,1134.067637681961,13.135215282440186,1222.8658529644013,11.637000000000006,0.009516170536441309,3,1,
80,15,linCmt,focei,lbfgsb3c,13,ok,TRUE,TRUE,TRUE,TRUE,-4594.025298861147,9.887836953050913,native,8,TRUE,TRUE,NA,FALSE,focei,"r,s",3,3,3,0,TRUE,74.727,1242.314747095108,13.566590070724487,1330.6083371658326,12.352999999999998,0.00928372358338865,3,1,
80,15,linCmt,focei,lbfgsb3c,14,ok,TRUE,TRUE,TRUE,TRUE,-4510.146432778898,31.467828837731794,native,8,TRUE,TRUE,NA,FALSE,focei,"|r|,|s|",3,3,1,2,FALSE,72.872,1589.498127937317,13.447442054748535,1675.8175699920655,12.761,0.007614790672030261,3,1,
80,15,linCmt,focei,lbfgsb3c,15,ok,TRUE,TRUE,TRUE,TRUE,-4509.317933660503,4.7855743515529845,native,8,TRUE,TRUE,NA,FALSE,focei,"r,s",3,3,2,1,FALSE,18.916,422.47284746170044,12.727802991867065,454.1166504535675,12.327,0.027145007758882893,3,1,
80,15,linCmt,focei,lbfgsb3c,16,ok,TRUE,TRUE,TRUE,TRUE,-4599.905350413119,4.48162714767859,native,8,TRUE,TRUE,NA,FALSE,focei,"r,s",3,3,2,1,FALSE,69.601,1374.5611245632172,12.011317491531372,1456.1734420547486,11.393999999999997,0.007824617364207916,3,1,
80,15,linCmt,focei,lbfgsb3c,17,ok,TRUE,TRUE,TRUE,TRUE,-4473.398889571471,6.507034601841806,native,8,TRUE,TRUE,NA,FALSE,focei,"r,s",3,3,3,0,TRUE,80.408,1187.8658072948456,13.202452659606934,1281.4762599544524,12.249999999999998,0.009559287505205443,3,1,
80,15,linCmt,focei,lbfgsb3c,18,ok,TRUE,TRUE,TRUE,TRUE,-4493.358278510088,6.415011928693933,native,8,TRUE,TRUE,NA,FALSE,focei,"r,s",3,3,3,0,TRUE,83.674,1332.9880676269531,14.43035888671875,1431.0924265136719,12.343000000000005,0.008624879687239465,3,1,
80,15,linCmt,focei,lbfgsb3c,19,ok,TRUE,TRUE,TRUE,TRUE,-4427.19804857539,6.920041875707619,native,8,TRUE,TRUE,NA,FALSE,focei,"r,s",2,3,2,0,FALSE,69.748,1333.386744260788,11.223651647567749,1414.3583959083558,10.092999999999998,0.007136097914926211,3,1,
80,15,linCmt,focei,lbfgsb3c,20,ok,TRUE,TRUE,TRUE,TRUE,-4504.836567119852,6.550474527770626,native,8,TRUE,TRUE,NA,FALSE,focei,"r,s",3,3,3,0,TRUE,70.92099999999999,1555.0449650287628,12.634318590164185,1638.600283618927,12.221000000000004,0.007458194730083496,3,1,
80,15,linCmt,focei,lbfgsb3c,21,ok,TRUE,TRUE,TRUE,TRUE,-4506.483972893966,5.762649615370934,native,8,TRUE,TRUE,NA,FALSE,focei,"r,s",4,3,3,1,FALSE,76.257,1547.526521205902,15.74379825592041,1639.5273194618226,13.739,0.008379854264648575,3,1,
80,15,linCmt,focei,lbfgsb3c,22,ok,TRUE,TRUE,TRUE,TRUE,-4508.933582798557,7.721829102756086,native,8,TRUE,TRUE,NA,FALSE,focei,"r,s",3,3,3,0,TRUE,52.927,1103.9629218578339,13.415120363235474,1170.3050422210692,12.396000000000003,0.01059211022151472,3,1,
80,15,linCmt,focei,lbfgsb3c,23,ok,TRUE,TRUE,TRUE,TRUE,-4485.166204568017,7.952726843487615,native,8,TRUE,TRUE,NA,FALSE,focei,"r,s",4,3,3,1,FALSE,82.63900000000001,1513.2065706253052,17.441004991531372,1613.2865756168367,15.725999999999997,0.009747803172531325,3,1,
80,15,linCmt,focei,lbfgsb3c,24,ok,TRUE,TRUE,TRUE,TRUE,-4549.53281013648,8.831259146513423,native,8,TRUE,TRUE,NA,FALSE,focei,"r,s",3,3,2,1,FALSE,70.742,1302.2871906757355,13.083528757095337,1386.1127194328308,11.952999999999994,0.008623396807794188,3,1,
80,15,linCmt,focei,lbfgsb3c,25,ok,TRUE,TRUE,TRUE,TRUE,-4607.036955633123,11.505225284906706,native,8,TRUE,TRUE,NA,FALSE,focei,"r,s",3,3,2,1,FALSE,55.192,1292.0680770874023,15.30271291732788,1362.5627900047302,12.13,0.008902342034423156,3,1,
80,15,linCmt,focei,lbfgsb3c,26,ok,TRUE,TRUE,TRUE,TRUE,-4523.47753635692,8.375404963932416,native,8,TRUE,TRUE,NA,FALSE,focei,"r,s",3,3,2,1,FALSE,69.683,1524.4453237056732,12.287843227386475,1606.4161669330597,11.23,0.0069907164974815405,3,1,
80,15,linCmt,focei,lbfgsb3c,27,ok,TRUE,TRUE,TRUE,TRUE,-4416.354932737204,7.45423729603582,native,8,TRUE,TRUE,NA,FALSE,focei,"r,s",3,3,3,0,TRUE,68.58200000000001,1493.2375435829163,13.828837633132935,1575.6483812160493,12.120999999999997,0.007692706154811829,3,1,
80,15,linCmt,focei,lbfgsb3c,28,ok,TRUE,TRUE,TRUE,TRUE,-4527.325973126942,10.674563653729642,native,8,TRUE,TRUE,NA,FALSE,focei,"r,s",3,3,3,0,TRUE,70.59299999999999,1647.709468126297,12.297608375549316,1730.6000765018464,11.777000000000005,0.006805153980927517,3,1,
80,15,linCmt,focei,lbfgsb3c,29,ok,TRUE,TRUE,TRUE,TRUE,-4446.673722691515,6.7314230605871,native,8,TRUE,TRUE,NA,FALSE,focei,"r,s",3,3,2,1,FALSE,76.479,1504.6788580417633,13.745763540267944,1594.9036215820313,12.462999999999997,0.007814265283088132,3,1,
80,15,linCmt,focei,lbfgsb3c,30,ok,TRUE,TRUE,TRUE,TRUE,-4477.645198375197,9.018156762350438,native,8,TRUE,TRUE,NA,FALSE,focei,"r,s",3,3,3,0,TRUE,73.876,1526.0817980766296,14.220790147781372,1614.178588224411,13.747,0.008516405867532686,3,1,
80,15,linCmt,focei,lbfgsb3c,31,ok,TRUE,TRUE,TRUE,TRUE,-4558.0843702450375,9.004627084031945,native,8,TRUE,TRUE,NA,FALSE,focei,"r,s",3,3,3,0,TRUE,69.572,1568.3653402328491,14.161774158477783,1652.099114391327,12.333999999999996,0.007465653781034885,3,1,
80,15,linCmt,focei,lbfgsb3c,32,ok,TRUE,TRUE,TRUE,TRUE,-4503.840591485006,8.79603287600011,native,8,TRUE,TRUE,NA,FALSE,focei,"r,s",3,3,3,0,TRUE,81.377,1408.5263211727142,12.73032832145691,1502.633649494171,12.078000000000001,0.00803788734803443,3,1,
80,15,linCmt,focei,lbfgsb3c,33,ok,TRUE,TRUE,TRUE,TRUE,-4586.986825143431,10.13716794968022,native,8,TRUE,TRUE,NA,FALSE,focei,"r,s",4,3,3,1,FALSE,76.018,1540.30508685112,16.82536768913269,1633.1484545402527,13.774000000000001,0.008434015880006154,3,1,
80,15,linCmt,focei,lbfgsb3c,34,ok,TRUE,TRUE,TRUE,TRUE,-4506.942980943356,6.567096596783189,native,8,TRUE,TRUE,NA,FALSE,focei,"r,s",2,3,2,0,FALSE,80.556,1041.746102809906,14.02763819694519,1136.3297410068512,9.976999999999997,0.008780021889737586,3,1,
80,15,linCmt,focei,lbfgsb3c,35,ok,TRUE,TRUE,TRUE,TRUE,-4553.967425896706,7.73138777402307,native,8,TRUE,TRUE,NA,FALSE,focei,"r,s",3,3,1,2,FALSE,76.912,1269.5912396907806,13.60769271850586,1360.1109324092865,12.651000000000003,0.009301447182392801,3,1,
80,15,linCmt,focei,lbfgsb3c,36,ok,TRUE,TRUE,TRUE,TRUE,-4366.229143030121,7.473292577257969,native,8,TRUE,TRUE,NA,FALSE,focei,"r,s",3,3,2,1,FALSE,70.412,1320.5299038887024,14.047709465026855,1404.9896133537293,12.540000000000001,0.008925332885605361,3,1,
80,15,linCmt,focei,lbfgsb3c,37,ok,TRUE,TRUE,TRUE,TRUE,-4538.196422753405,7.206966117124307,native,8,TRUE,TRUE,NA,FALSE,focei,"r,s",3,3,3,0,TRUE,76.72200000000001,1567.2976162433624,13.478914737701416,1657.4985309810638,12.362000000000004,0.007458226821282917,3,1,
80,15,linCmt,focei,lbfgsb3c,38,ok,TRUE,TRUE,TRUE,TRUE,-4457.557044255288,6.530034378881665,native,8,TRUE,TRUE,NA,FALSE,focei,"r,s",3,3,3,0,TRUE,67.458,1507.156700372696,14.772141456604004,1589.3868418293,13.301000000000002,0.008368636036203279,3,1,
80,15,linCmt,focei,lbfgsb3c,39,ok,TRUE,TRUE,TRUE,TRUE,-4603.504778535991,603.3904847928297,native,8,TRUE,TRUE,NA,FALSE,focei,"r,s",3,3,2,1,FALSE,79.262,1086.7195446491241,12.960994958877563,1178.9425396080017,12.055000000000005,0.010225265095623992,3,1,
80,15,linCmt,focei,lbfgsb3c,40,ok,TRUE,TRUE,TRUE,TRUE,-4446.308310655185,4.488431387215933,native,8,TRUE,TRUE,NA,FALSE,focei,"r,s",3,3,3,0,TRUE,74.167,1297.627521276474,12.323257684707642,1384.1177789611816,11.885999999999996,0.008587419496136207,3,1,
80,15,linCmt,focei,lbfgsb3c,41,ok,TRUE,TRUE,TRUE,TRUE,-4543.7279349339005,9.749965391133475,native,8,TRUE,TRUE,NA,FALSE,focei,"r,s",3,3,3,0,TRUE,67.748,1495.5492706298828,13.316640615463257,1576.6139112453461,11.763000000000005,0.007460926176091247,3,1,
80,15,linCmt,focei,lbfgsb3c,42,ok,TRUE,TRUE,TRUE,TRUE,-4560.3421403632265,4.810118742446251,native,8,TRUE,TRUE,NA,FALSE,focei,"r,s",3,3,0,3,FALSE,74.86399999999999,1314.1832883358002,12.663156032562256,1401.7104443683625,12.164000000000001,0.008677969154664702,3,1,
80,15,linCmt,focei,lbfgsb3c,43,ok,TRUE,TRUE,TRUE,TRUE,-4421.399156837739,28.856910720328752,native,8,TRUE,TRUE,NA,FALSE,focei,"r,s",4,3,1,3,FALSE,59.2,1447.5148758888245,16.443536043167114,1523.1584119319916,15.602,0.010243189334594715,3,1,
80,15,linCmt,focei,lbfgsb3c,44,ok,TRUE,TRUE,TRUE,TRUE,-4497.881430590841,7.949100009450957,native,8,TRUE,TRUE,NA,FALSE,focei,"r,s",3,3,3,0,TRUE,81.031,1087.0452666282654,12.664745092391968,1180.7410117206573,11.601999999999999,0.009826032876670188,3,1,
80,15,linCmt,focei,lbfgsb3c,45,ok,TRUE,TRUE,TRUE,TRUE,-4606.821769691869,13.879142010352615,native,8,TRUE,TRUE,NA,FALSE,focei,"r,s",3,3,1,2,FALSE,74.881,1336.2535185813904,14.987818956375122,1426.1223375377656,12.482000000000001,0.008752404805292142,3,1,
80,15,linCmt,focei,lbfgsb3c,46,ok,TRUE,TRUE,TRUE,TRUE,-4493.137998599104,4.525491484212477,native,8,TRUE,TRUE,NA,FALSE,focei,"r,s",3,3,3,0,TRUE,57.407999999999994,1129.3668594360352,12.906487464904785,1199.6813469009398,12.042999999999994,0.010038498999013285,3,1,
80,15,linCmt,focei,lbfgsb3c,47,ok,TRUE,TRUE,TRUE,TRUE,-4494.874790494685,6.820735734828947,native,8,TRUE,TRUE,NA,FALSE,focei,"r,s",2,3,2,0,FALSE,58.84100000000001,1097.5920720100403,10.83591341972351,1167.2689854297637,10.603,0.009083596096829558,3,1,
80,15,linCmt,focei,lbfgsb3c,48,ok,TRUE,TRUE,TRUE,TRUE,-4545.9396496998925,9.268036172323859,native,8,TRUE,TRUE,NA,FALSE,focei,"r,s",3,3,3,0,TRUE,63.174,1309.4328184127808,12.490416526794434,1385.0972349395752,11.858999999999998,0.008561853782429468,3,1,
80,15,linCmt,focei,lbfgsb3c,49,ok,TRUE,TRUE,TRUE,TRUE,-4527.228582705783,10.83573069390284,native,8,TRUE,TRUE,NA,FALSE,focei,"r,s",3,3,3,0,TRUE,75.912,1323.887102842331,20.80135464668274,1420.6004574890137,19.367,0.013632967593317684,3,1,
80,15,linCmt,focei,lbfgsb3c,50,ok,TRUE,TRUE,TRUE,TRUE,-4561.468702147344,5.467574342984869,native,8,TRUE,TRUE,NA,FALSE,focei,"r,s",3,3,3,0,TRUE,17.593,425.7950077056885,13.639657735824585,457.0276654415131,12.719999999999999,0.02783201316207368,3,1,
80,15,linCmt,focei,lbfgsb3c,51,ok,TRUE,TRUE,TRUE,TRUE,-4588.29652090107,10.487822265997105,native,27,TRUE,TRUE,NA,FALSE,focei,"r,s",3,3,3,0,TRUE,23.168,519.792937040329,14.341899871826172,557.3028369121552,13.223999999999998,0.02372857111811981,3,1,
80,15,linCmt,focei,lbfgsb3c,52,ok,TRUE,TRUE,TRUE,TRUE,-4433.924213316608,6.754310947523532,native,8,TRUE,TRUE,NA,FALSE,focei,"r,s",3,3,3,0,TRUE,70.766,1068.3131864070892,12.128636360168457,1151.2078227672578,11.848,0.01029179941769327,3,1,
80,15,linCmt,focei,lbfgsb3c,53,ok,TRUE,TRUE,TRUE,TRUE,-4478.355941853034,10.624327463951156,native,8,TRUE,TRUE,NA,FALSE,focei,"r,s",2,3,2,0,FALSE,20.551000000000002,413.86717081069946,11.05923843383789,445.47740924453734,10.278999999999998,0.023074121799872265,3,1,
80,15,linCmt,focei,lbfgsb3c,54,ok,TRUE,TRUE,TRUE,TRUE,-4567.315883964073,7.601758312805083,native,8,TRUE,TRUE,NA,FALSE,focei,"r,s",3,3,2,1,FALSE,70.261,1045.334055185318,12.813217163085938,1128.408272348404,11.798,0.010455435580462746,3,1,
80,15,linCmt,focei,lbfgsb3c,55,ok,TRUE,TRUE,TRUE,TRUE,-4514.069530202229,8.364572760915465,native,8,TRUE,TRUE,NA,FALSE,focei,"r,s",3,3,2,1,FALSE,49.174,640.9833946228027,13.077471733093262,703.234866355896,12.288000000000006,0.017473536350203156,3,1,
80,15,linCmt,focei,lbfgsb3c,56,ok,TRUE,TRUE,TRUE,TRUE,-4527.190009931252,5.823786792044484,native,8,TRUE,TRUE,NA,FALSE,focei,"r,s",3,3,3,0,TRUE,44.55,747.741014957428,13.78566598892212,806.07668094635,12.315999999999997,0.015278943419552552,3,1,
80,15,linCmt,focei,lbfgsb3c,57,ok,TRUE,TRUE,TRUE,TRUE,-4512.439402867196,8.147035987844257,native,8,TRUE,TRUE,NA,FALSE,focei,"r,s",3,3,1,2,FALSE,56.955999999999996,729.5469114780426,12.668635845184326,799.171547323227,12.399999999999997,0.015516067909991276,3,1,
80,15,linCmt,focei,lbfgsb3c,58,ok,TRUE,TRUE,TRUE,TRUE,-4572.512996363322,11.483557241682778,native,8,TRUE,TRUE,NA,FALSE,focei,"r,s",4,3,2,2,FALSE,54.228,952.9683499336243,14.741152048110962,1021.9375019817352,14.508,0.014196562873821707,3,1,
80,15,linCmt,focei,lbfgsb3c,59,ok,TRUE,TRUE,TRUE,TRUE,-4446.585044895631,12.639878232181283,native,8,TRUE,TRUE,NA,FALSE,focei,"r,s",3,3,2,1,FALSE,60.815,756.4687285423279,12.458503007888794,829.7422315502167,11.936999999999998,0.014386395613126702,3,1,
80,15,linCmt,focei,lbfgsb3c,60,ok,TRUE,TRUE,TRUE,TRUE,-4489.980138350217,5.743983751364723,native,8,TRUE,TRUE,NA,FALSE,focei,"r,s",3,3,1,2,FALSE,42.45100000000001,650.2645018100739,12.66306447982788,705.3785662899018,12.345,0.0175012405961402,3,1,
80,15,linCmt,focei,lbfgsb3c,61,ok,TRUE,TRUE,TRUE,TRUE,-4540.1342709625915,10.385825229686356,native,8,TRUE,TRUE,NA,FALSE,focei,"r,s",3,3,1,2,FALSE,50.019,557.5077257156372,13.163333415985107,620.6900591316223,12.662999999999998,0.02040148672223975,3,1,
80,15,linCmt,focei,lbfgsb3c,62,ok,TRUE,TRUE,TRUE,TRUE,-4451.620195655395,4.537005482860892,native,8,TRUE,TRUE,NA,FALSE,focei,"r,s",2,3,2,0,FALSE,25.854000000000003,456.9141843318939,10.266550302505493,493.0347346343994,9.869999999999997,0.020018873532954853,3,1,
80,15,linCmt,focei,lbfgsb3c,63,ok,TRUE,TRUE,TRUE,TRUE,-4498.171127591971,10.319897405307362,native,8,TRUE,TRUE,NA,FALSE,focei,"r,s",3,3,2,1,FALSE,70.681,653.6246681213379,12.304324388504028,736.609992509842,11.86,0.016100786197034297,3,1,
80,15,linCmt,focei,lbfgsb3c,64,ok,TRUE,TRUE,TRUE,TRUE,-4517.945664124143,4.723007908621069,native,8,TRUE,TRUE,NA,FALSE,focei,"r,s",3,3,2,1,FALSE,46.800000000000004,565.1311504840851,13.279724597930908,625.210875082016,12.941,0.020698616284149544,3,1,
80,15,linCmt,focei,lbfgsb3c,65,ok,TRUE,TRUE,TRUE,TRUE,-4509.123693501573,7.419189275216393,native,8,TRUE,TRUE,NA,FALSE,focei,"r,s",3,3,2,1,FALSE,34.656,492.7320485115051,12.173554182052612,539.5616026935577,11.926000000000002,0.02210312954158329,3,1,
80,15,linCmt,focei,lbfgsb3c,66,ok,TRUE,TRUE,TRUE,TRUE,-4562.8826977532,8.907275331025993,native,8,TRUE,TRUE,NA,FALSE,focei,"r,s",3,3,3,0,TRUE,30.503,389.1057822704315,12.726229667663574,432.3350119380951,12.331000000000001,0.028521863044868652,3,1,
80,15,linCmt,focei,lbfgsb3c,67,ok,TRUE,TRUE,TRUE,TRUE,-4517.135120284318,6.429698013089373,native,8,TRUE,TRUE,NA,FALSE,focei,"r,s",3,3,3,0,TRUE,57.696,557.6747241020203,12.242844581604004,627.6135686836243,11.840999999999998,0.018866704913400246,3,1,
80,15,linCmt,focei,lbfgsb3c,68,ok,TRUE,TRUE,TRUE,TRUE,-4575.355454867052,9.192036763926511,native,8,TRUE,TRUE,NA,FALSE,focei,"r,s",3,3,3,0,TRUE,62.476000000000006,706.9053440093994,11.836284160614014,781.2176281700134,11.613,0.014865255955889294,3,1,
80,15,linCmt,focei,lbfgsb3c,69,ok,TRUE,TRUE,TRUE,TRUE,-4481.868894928646,7.6641177705377475,native,8,TRUE,TRUE,NA,FALSE,focei,"r,s",3,3,3,0,TRUE,51.96,752.6006383895874,12.4026780128479,816.9633164024353,12.135000000000002,0.01485378811552698,3,1,
80,15,linCmt,focei,lbfgsb3c,70,ok,TRUE,TRUE,TRUE,TRUE,-4487.212718014012,6.628883192214782,native,8,TRUE,TRUE,NA,FALSE,focei,"r,s",3,3,3,0,TRUE,47.506,674.9118809700012,12.094627857208252,734.5125088272094,11.795999999999998,0.016059631195164507,3,1,
80,15,linCmt,focei,lbfgsb3c,71,ok,TRUE,TRUE,TRUE,TRUE,-4520.7935470123375,7.365403206448458,native,8,TRUE,TRUE,NA,FALSE,focei,"r,s",2,3,1,1,FALSE,59.257000000000005,668.6245152950287,10.692782402038574,738.5742976970673,10.482,0.01419220792367633,3,1,
80,15,linCmt,focei,lbfgsb3c,72,ok,TRUE,TRUE,TRUE,TRUE,-4492.713079629085,9.258723982435276,native,8,TRUE,TRUE,NA,FALSE,focei,"r,s",3,3,3,0,TRUE,53.368,736.1154103279114,12.597219944000244,802.0806302719117,12.454000000000002,0.01552711726223584,3,1,
80,15,linCmt,focei,lbfgsb3c,73,ok,TRUE,TRUE,TRUE,TRUE,-4493.357100535053,8.412089834702208,native,8,TRUE,TRUE,NA,FALSE,focei,"r,s",3,3,3,0,TRUE,31.516,433.95050740242004,12.689340829849243,478.1558482322693,12.401,0.025935058717458333,3,1,
80,15,linCmt,focei,lbfgsb3c,74,ok,TRUE,TRUE,TRUE,TRUE,-4474.330961113831,10.877498600916775,native,27,TRUE,TRUE,NA,FALSE,focei,"r,s",3,3,3,0,TRUE,24.377000000000002,343.84221363067627,13.90150260925293,382.1207162399292,13.589,0.035562060423511885,3,1,
80,15,linCmt,focei,lbfgsb3c,75,ok,TRUE,TRUE,TRUE,TRUE,-4467.314424270748,6.072772517160399,native,8,TRUE,TRUE,NA,FALSE,focei,"r,s",3,3,3,0,TRUE,58.349000000000004,720.1815748214722,12.3599534034729,790.8905282249451,11.699999999999998,0.014793450651456383,3,1,
80,15,linCmt,focei,lbfgsb3c,76,ok,TRUE,TRUE,TRUE,TRUE,-4486.517005680724,8.412846643411683,native,8,TRUE,TRUE,NA,FALSE,focei,"r,s",2,3,1,1,FALSE,61.352999999999994,676.6957626342773,9.719961643218994,747.7687242774963,9.567,0.012794062775551035,3,1,
80,15,linCmt,focei,lbfgsb3c,77,ok,TRUE,TRUE,TRUE,TRUE,-4541.683197119937,7.965722944706748,native,8,TRUE,TRUE,NA,FALSE,focei,"r,s",3,3,2,1,FALSE,48.222,652.8585352897644,11.69058895111084,712.7711242408752,11.491000000000003,0.01612158462821891,3,1,
80,15,linCmt,focei,lbfgsb3c,78,ok,TRUE,TRUE,TRUE,TRUE,-4445.240085755973,8.996866484547189,native,27,TRUE,TRUE,NA,FALSE,focei,"r,s",3,3,3,0,TRUE,48.501000000000005,567.3674635887146,12.550629138946533,628.4190927276611,12.296,0.019566560186179343,3,1,
80,15,linCmt,focei,lbfgsb3c,79,ok,TRUE,TRUE,TRUE,TRUE,-4510.118608788314,4.309189590113712,native,27,TRUE,TRUE,NA,FALSE,focei,"r,s",2,3,2,0,FALSE,57.196999999999996,597.2235596179962,11.069761037826538,665.4903206558228,10.887,0.01635936641313003,3,1,
80,15,linCmt,focei,lbfgsb3c,80,ok,TRUE,TRUE,TRUE,TRUE,-4599.460490773449,9.171870722142371,native,8,TRUE,TRUE,NA,FALSE,focei,"r,s",3,3,3,0,TRUE,43.357,531.0859441757202,12.373035669326782,586.815979845047,11.894000000000004,0.020268705025961804,3,1,
80,15,linCmt,focei,lbfgsb3c,81,ok,TRUE,TRUE,TRUE,TRUE,-4589.343688116311,11.518426552264351,native,27,TRUE,TRUE,NA,FALSE,focei,"r,s",3,3,3,0,TRUE,34.856,433.70596051216125,14.522706985473633,483.0846674976349,14.250000000000002,0.02949793474881868,3,1,
80,15,linCmt,focei,lbfgsb3c,82,ok,TRUE,TRUE,TRUE,TRUE,-4532.692208090699,11.211360309769308,native,8,TRUE,TRUE,NA,FALSE,focei,"r,s",3,3,3,0,TRUE,52.299,545.6268045902252,12.029991626739502,609.9557962169647,11.799999999999999,0.019345664182856086,3,1,
80,15,linCmt,focei,lbfgsb3c,83,ok,TRUE,TRUE,TRUE,TRUE,-4544.389381268265,3.883417438801101,native,8,TRUE,TRUE,NA,FALSE,focei,"r,s",3,3,3,0,TRUE,56.652,523.4549684524536,12.601109027862549,592.7080774803162,12.407,0.02093273311331249,3,1,
80,15,linCmt,focei,lbfgsb3c,84,ok,TRUE,TRUE,TRUE,TRUE,-4442.405237759052,7.932943664101547,native,8,TRUE,TRUE,NA,FALSE,focei,"r,s",3,3,3,0,TRUE,29.874000000000002,377.4045875072479,12.629527807235718,419.90811531448367,12.377999999999997,0.029477877536921823,3,1,
80,15,linCmt,focei,lbfgsb3c,85,ok,TRUE,TRUE,TRUE,TRUE,-4515.629932314973,8.54731352515992,native,8,TRUE,TRUE,NA,FALSE,focei,"r,s",3,3,3,0,TRUE,48.622,536.5529701709747,12.036402225494385,597.2113723964691,11.820999999999998,0.019793661920008487,3,1,
80,15,linCmt,focei,lbfgsb3c,86,ok,TRUE,TRUE,TRUE,TRUE,-4585.4171870690925,4.870303813820467,native,8,TRUE,TRUE,NA,FALSE,focei,"r,s",3,3,2,1,FALSE,36.758,458.5167200565338,11.85738730430603,507.1321073608398,11.672999999999998,0.023017670998484632,3,1,
80,15,linCmt,focei,lbfgsb3c,87,ok,TRUE,TRUE,TRUE,TRUE,-4485.13273762343,15.073077968936134,native,27,TRUE,TRUE,NA,FALSE,focei,"r,s",3,3,2,1,FALSE,51.381,535.8797354698181,13.094983577728271,600.3557190475464,12.938999999999998,0.02155222243993526,3,1,
80,15,linCmt,focei,lbfgsb3c,88,ok,TRUE,TRUE,TRUE,TRUE,-4452.29522527546,7.059500884313632,native,8,TRUE,TRUE,NA,FALSE,focei,"r,s",3,3,3,0,TRUE,29.202999999999996,451.12475299835205,12.776053190231323,493.10380618858335,12.430000000000001,0.025207674011030152,3,1,
80,15,linCmt,focei,lbfgsb3c,89,ok,TRUE,TRUE,TRUE,TRUE,-4546.261210902043,7.957526702935239,native,8,TRUE,TRUE,NA,FALSE,focei,"r,s",3,3,2,1,FALSE,18.205000000000002,307.9958472251892,12.726789951324463,338.92763717651366,12.24,0.03611390355170536,3,1,
80,15,linCmt,focei,lbfgsb3c,90,ok,TRUE,TRUE,TRUE,TRUE,-4453.988377767983,9.90384049886256,native,27,TRUE,TRUE,NA,FALSE,focei,"r,s",3,3,3,0,TRUE,37.565,569.4413189888,12.83610463142395,619.842423620224,12.695,0.020481011812412176,3,1,
80,15,linCmt,focei,lbfgsb3c,91,ok,TRUE,TRUE,TRUE,TRUE,-4509.110675520383,65.51669746251274,native,8,TRUE,TRUE,NA,FALSE,focei,"r,s",5,3,2,3,FALSE,55.794,675.0783269405365,16.443795680999756,747.3161226215362,16.269000000000002,0.021769903669319232,3,1,
80,15,linCmt,focei,lbfgsb3c,92,ok,TRUE,TRUE,TRUE,TRUE,-4421.933213199751,37.782982623804486,native,27,TRUE,TRUE,NA,FALSE,focei,"r,s",3,3,2,1,FALSE,46.088,479.45490884780884,13.363101959228516,538.9060108070373,13.196,0.0244866446752716,3,1,
80,15,linCmt,focei,lbfgsb3c,93,ok,TRUE,TRUE,TRUE,TRUE,-4517.629941531789,3.7833011279184334,native,8,TRUE,TRUE,NA,FALSE,focei,"r,s",2,3,2,0,FALSE,40.103,423.08184695243835,10.28562879562378,473.47047574806214,10.128999999999998,0.021393097392179802,3,1,
80,15,linCmt,focei,lbfgsb3c,94,ok,TRUE,TRUE,TRUE,TRUE,-4471.535965805569,4.299949995033648,native,8,TRUE,TRUE,NA,FALSE,focei,"r,s",3,3,1,2,FALSE,27.873,386.51294326782227,12.709351301193237,427.0952945690155,12.486000000000004,0.02923469342503458,3,1,
80,15,linCmt,focei,lbfgsb3c,95,ok,TRUE,TRUE,TRUE,TRUE,-4483.355030750425,14.17452331423591,native,8,TRUE,TRUE,NA,FALSE,focei,"r,s",3,3,3,0,TRUE,32.708999999999996,455.8809928894043,12.366665840148926,500.9566587295532,12.093,0.024139812874567526,3,1,
80,15,linCmt,focei,lbfgsb3c,96,ok,TRUE,TRUE,TRUE,TRUE,-4523.1828484959515,7.203196932151099,native,8,TRUE,TRUE,NA,FALSE,focei,"r,s",3,3,3,0,TRUE,44.574,449.4786710739136,12.291910886764526,506.3445819606781,12.035,0.02376839889033239,3,1,
80,15,linCmt,focei,lbfgsb3c,97,ok,TRUE,TRUE,TRUE,TRUE,-4532.877564676518,7.061373246597946,native,27,TRUE,TRUE,NA,FALSE,focei,"r,s",4,3,0,4,FALSE,44.653999999999996,552.4388735294342,17.211493253707886,614.3043667831421,17.076999999999998,0.027798923340599357,3,1,
80,15,linCmt,focei,lbfgsb3c,98,ok,TRUE,TRUE,TRUE,TRUE,-4515.140928708173,6.874457998146632,native,8,TRUE,TRUE,NA,FALSE,focei,"r,s",3,3,0,3,FALSE,42.323,488.9041152000427,12.669456243515015,543.8965714435577,12.047000000000002,0.022149431771606904,3,1,
80,15,linCmt,focei,lbfgsb3c,99,ok,TRUE,TRUE,TRUE,TRUE,-4540.752015581187,11.194777746235673,native,8,TRUE,TRUE,NA,FALSE,focei,"r,s",3,3,2,1,FALSE,36.147999999999996,410.4268910884857,12.054071187973022,458.62896227645876,11.847000000000001,0.025831338564394242,3,1,
80,15,linCmt,focei,lbfgsb3c,100,ok,TRUE,TRUE,TRUE,TRUE,-4526.925359275081,1.0025652262330627,native,27,TRUE,TRUE,NA,FALSE,focei,r,5,3,1,4,FALSE,36.164,512.15491938591,18.524216651916504,566.8431360378265,18.390999999999995,0.03244460209671257,3,1,
80,16,linCmt,focei,lbfgsb3c,1,ok,TRUE,TRUE,TRUE,TRUE,-4473.6668037949385,10.571360307713963,native,27,TRUE,TRUE,NA,FALSE,focei,"r,s",4,4,4,0,TRUE,73.92,1474.4085721969604,16.182000637054443,1564.510572834015,14.932999999999996,0.009544838021100607,3,1,
80,16,linCmt,focei,lbfgsb3c,2,ok,TRUE,TRUE,TRUE,TRUE,-4537.861733397582,9.816403920110156,native,8,TRUE,TRUE,NA,FALSE,focei,"r,s",4,4,4,0,TRUE,46.909000000000006,1420.2992179393768,16.132697582244873,1483.3409155216218,14.230000000000006,0.009593209390436034,3,1,
80,16,linCmt,focei,lbfgsb3c,3,ok,TRUE,TRUE,TRUE,TRUE,-4556.998186627226,13.506642328296111,native,27,TRUE,TRUE,NA,FALSE,focei,"r,s",4,4,4,0,TRUE,80.82600000000001,1505.7031917572021,15.918256521224976,1602.4474482784271,14.069999999999999,0.008780319139398897,3,1,
80,16,linCmt,focei,lbfgsb3c,4,ok,TRUE,TRUE,TRUE,TRUE,-4571.602852612388,9.848869219547092,native,8,TRUE,TRUE,NA,FALSE,focei,"r,s",4,4,4,0,TRUE,70.413,1630.752786397934,14.598590612411499,1715.7643770103455,13.901,0.008101928322012354,3,1,
80,16,linCmt,focei,lbfgsb3c,5,ok,TRUE,TRUE,TRUE,TRUE,-4506.129174345906,13.937153162717426,native,8,TRUE,TRUE,NA,FALSE,focei,"r,s",4,4,4,0,TRUE,72.213,1131.6929314136505,15.54434609413147,1219.450277507782,14.322,0.011744636303884561,3,1,
80,16,linCmt,focei,lbfgsb3c,6,ok,TRUE,TRUE,TRUE,TRUE,-4539.930216492143,21.33708248441988,native,8,TRUE,TRUE,NA,FALSE,focei,"r,s",4,4,3,1,FALSE,70.548,1482.7356345653534,15.267141342163086,1568.5507759075165,13.473000000000004,0.00858945735575881,3,1,
80,16,linCmt,focei,lbfgsb3c,7,ok,TRUE,TRUE,TRUE,TRUE,-4559.655604806284,9.962168743955393,native,8,TRUE,TRUE,NA,FALSE,focei,"r,s",4,4,2,2,FALSE,67.546,1477.3365004062653,14.730490446090698,1559.612990852356,13.567999999999998,0.008699594116989784,3,1,
80,16,linCmt,focei,lbfgsb3c,8,ok,TRUE,TRUE,TRUE,TRUE,-4479.322783267451,17.458623476065828,native,8,TRUE,TRUE,NA,FALSE,focei,"r,s",4,4,3,1,FALSE,75.807,1430.7105512619019,16.204999685287476,1522.7225509471893,14.549999999999997,0.009555253510200767,3,1,
80,16,linCmt,focei,lbfgsb3c,9,ok,FALSE,FALSE,FALSE,FALSE,-133067.54724979284,NA,NA,27,FALSE,FALSE,NA,FALSE,focei,NA,4,4,2,2,FALSE,74.218,1583.1707706451416,10.702389478683472,1668.0911601238251,10.108,0.006059620865834255,3,1,
80,16,linCmt,focei,lbfgsb3c,10,ok,TRUE,TRUE,TRUE,TRUE,-4522.861966121572,13.658497867377568,native,8,TRUE,TRUE,NA,FALSE,focei,"r,s",4,4,4,0,TRUE,69.881,1453.061757326126,14.870302677154541,1537.8130600032807,13.573999999999996,0.008826820601959927,3,1,
80,16,linCmt,focei,lbfgsb3c,11,ok,TRUE,TRUE,TRUE,TRUE,-4567.713585773101,63.292939801195956,native,27,TRUE,TRUE,NA,FALSE,focei,"r,s",4,4,4,0,TRUE,64.25800000000001,1405.1167395114899,19.072709321975708,1488.4474488334656,17.978,0.012078357226578487,3,1,
80,16,linCmt,focei,lbfgsb3c,12,ok,TRUE,TRUE,TRUE,TRUE,-4471.050669312577,24.173257824172293,native,8,TRUE,TRUE,NA,FALSE,focei,r,4,4,2,2,FALSE,82.681,1376.350623369217,14.645413398742676,1473.6770367679596,13.747999999999998,0.009329045412929721,3,1,
80,16,linCmt,focei,lbfgsb3c,13,ok,TRUE,TRUE,TRUE,TRUE,-4529.008384679005,16.09370962923585,native,8,TRUE,TRUE,NA,FALSE,focei,"r,s",5,4,3,2,FALSE,63.31300000000001,1499.612280368805,17.985574960708618,1580.9108553295137,16.661,0.010538861153260474,3,1,
80,16,linCmt,focei,lbfgsb3c,14,ok,TRUE,TRUE,TRUE,TRUE,-4473.640675426028,8.43258423383162,native,8,TRUE,TRUE,NA,FALSE,focei,"r,s",3,4,3,0,FALSE,69.898,1328.413954257965,13.157875537872314,1411.4698297958373,11.607999999999997,0.00822405109550166,3,1,
80,16,linCmt,focei,lbfgsb3c,15,ok,TRUE,TRUE,TRUE,TRUE,-4506.043264940179,18.546590606006895,native,8,TRUE,TRUE,NA,FALSE,focei,"r,s",5,4,3,2,FALSE,80.20700000000001,1365.1768143177032,16.52224087715149,1461.9060551948548,15.997000000000002,0.010942563609443283,3,1,
80,16,linCmt,focei,lbfgsb3c,16,ok,TRUE,TRUE,TRUE,TRUE,-4550.259752753013,14.297483243649324,native,8,TRUE,TRUE,NA,FALSE,focei,"r,s",4,4,3,1,FALSE,73.252,1157.4093613624573,14.446776151657104,1245.1081375141143,13.913000000000004,0.011174129845282044,3,1,
80,16,linCmt,focei,lbfgsb3c,17,ok,TRUE,TRUE,TRUE,TRUE,-4476.197903125708,6.922097937662908,native,27,TRUE,TRUE,NA,FALSE,focei,"r,s",3,4,2,1,FALSE,72.758,1392.2221434116364,16.621717929840088,1481.6018613414765,15.823000000000002,0.010679657209443225,3,1,
80,16,linCmt,focei,lbfgsb3c,18,ok,TRUE,TRUE,TRUE,TRUE,-4525.707047463192,16.52700868765069,native,8,TRUE,TRUE,NA,FALSE,focei,"r,s",4,4,4,0,TRUE,67.659,1377.9672055244446,14.950381994247437,1460.5765875186921,14.143999999999998,0.009683846859430086,3,1,
80,16,linCmt,focei,lbfgsb3c,19,ok,TRUE,TRUE,TRUE,TRUE,-4542.36846846116,9.182040460040675,native,8,TRUE,TRUE,NA,FALSE,focei,"r,s",3,4,3,0,FALSE,69.876,1495.8455517292023,12.762321710586548,1578.4838734397888,11.574999999999998,0.0073329859080385,3,1,
80,16,linCmt,focei,lbfgsb3c,20,ok,TRUE,TRUE,TRUE,TRUE,-4542.085829304527,12.03010905658387,native,8,TRUE,TRUE,NA,FALSE,focei,"r,s",4,4,4,0,TRUE,61.369,1174.712247133255,15.509687900543213,1251.5909350337981,14.346000000000002,0.011462211492936868,3,1,
80,16,linCmt,focei,lbfgsb3c,21,ok,TRUE,TRUE,TRUE,TRUE,-4468.70326308922,12.54166863938702,native,27,TRUE,TRUE,NA,FALSE,focei,"r,s",4,4,3,1,FALSE,71.172,1043.1386229991913,16.96065878868103,1131.2712817878723,16.547000000000004,0.014626907149847348,3,1,
80,16,linCmt,focei,lbfgsb3c,22,ok,TRUE,TRUE,TRUE,TRUE,-4526.0701579395745,9.804831452641524,native,8,TRUE,TRUE,NA,FALSE,focei,"r,s",4,4,4,0,TRUE,80.139,1427.3613312244415,14.220389604568481,1521.72072082901,13.771,0.009049623765718176,3,1,
80,16,linCmt,focei,lbfgsb3c,23,ok,TRUE,TRUE,TRUE,TRUE,-4483.10734253287,9.22956693533775,native,8,TRUE,TRUE,NA,FALSE,focei,"r,s",3,4,3,0,FALSE,89.301,962.8899071216583,13.74601149559021,1065.9369186172485,12.233,0.011476288874456902,3,1,
80,16,linCmt,focei,lbfgsb3c,24,ok,TRUE,TRUE,TRUE,TRUE,-4512.213450951081,9.815424935662689,native,27,TRUE,TRUE,NA,FALSE,focei,"r,s",4,4,4,0,TRUE,80.963,1505.2131757736206,17.599388599395752,1603.7755643730163,16.268,0.010143563950832392,3,1,
80,16,linCmt,focei,lbfgsb3c,25,ok,TRUE,TRUE,TRUE,TRUE,-4503.638163070952,10.718045634507176,native,8,TRUE,TRUE,NA,FALSE,focei,"r,s",4,4,4,0,TRUE,68.048,1423.4153525829315,15.489543676376343,1506.9528962593079,14.038,0.00931548692387557,3,1,
80,16,linCmt,focei,lbfgsb3c,26,ok,TRUE,TRUE,TRUE,TRUE,-4476.520890452113,12.203802980194855,native,8,TRUE,TRUE,NA,FALSE,focei,"r,s",4,4,3,1,FALSE,67.47300000000001,1352.1083807945251,15.225027084350586,1434.8064078788757,14.308999999999997,0.009972773972450744,3,1,
80,16,linCmt,focei,lbfgsb3c,27,ok,TRUE,TRUE,TRUE,TRUE,-4522.7984517441655,16.73961157112412,native,8,TRUE,TRUE,NA,FALSE,focei,"r,s",4,4,4,0,TRUE,59.29100000000001,1129.769819021225,17.65080714225769,1206.7116261634826,14.156,0.011731054622392588,3,1,
80,16,linCmt,focei,lbfgsb3c,28,ok,TRUE,TRUE,TRUE,TRUE,-4472.662041316945,12.773143620137171,native,8,TRUE,TRUE,NA,FALSE,focei,"r,s",4,4,3,1,FALSE,75.614,1356.4241869449615,15.898925065994263,1447.9371120109558,14.102999999999994,0.00974006390402768,3,1,
80,16,linCmt,focei,lbfgsb3c,29,ok,TRUE,TRUE,TRUE,TRUE,-4475.929812361724,9.467514044807622,native,8,TRUE,TRUE,NA,FALSE,focei,"r,s",4,4,3,1,FALSE,61.459,1260.1526877880096,15.229302167892456,1336.8409899559022,14.294,0.010692371125208773,3,1,
80,16,linCmt,focei,lbfgsb3c,30,ok,TRUE,TRUE,TRUE,TRUE,-4411.046754596386,6.331877801120166,native,8,TRUE,TRUE,NA,FALSE,focei,"r,s",3,4,3,0,FALSE,70.772,1410.81596326828,13.007654666900635,1494.5956179351806,12.032,0.00805033806844857,3,1,
80,16,linCmt,focei,lbfgsb3c,31,ok,TRUE,TRUE,TRUE,TRUE,-4544.947502123629,15.674966505608012,native,8,TRUE,TRUE,NA,FALSE,focei,"r,s",4,4,4,0,TRUE,20.701,472.2808303833008,14.764512777328491,507.7463431606293,14.451999999999998,0.02846303118608183,3,1,
80,16,linCmt,focei,lbfgsb3c,32,ok,TRUE,TRUE,TRUE,TRUE,-4537.85328193997,9.060144901329378,native,8,TRUE,TRUE,NA,FALSE,focei,"r,s",4,4,4,0,TRUE,76.755,1402.1268422603607,15.05651307106018,1493.938355331421,13.631999999999998,0.009124874497901102,3,1,
80,16,linCmt,focei,lbfgsb3c,33,ok,TRUE,TRUE,TRUE,TRUE,-4484.998163596866,17.895820580116055,native,8,TRUE,TRUE,NA,FALSE,focei,"r,s",4,4,3,1,FALSE,58.93600000000001,1097.0205659866333,14.172724962234497,1170.1292909488677,13.831,0.011820061344489825,3,1,
80,16,linCmt,focei,lbfgsb3c,34,ok,TRUE,TRUE,TRUE,TRUE,-4493.551641321668,6.104613229410144,native,8,TRUE,TRUE,NA,FALSE,focei,"r,s",4,4,2,2,FALSE,74.434,1332.5655031204224,15.616413354873657,1422.615916475296,14.210999999999999,0.009989344161992424,3,1,
80,16,linCmt,focei,lbfgsb3c,35,ok,TRUE,TRUE,TRUE,TRUE,-4505.493573851496,12.527346807072245,native,8,TRUE,TRUE,NA,FALSE,focei,"r,s",4,4,4,0,TRUE,72.203,1387.5055747032166,14.612478017807007,1474.3210527210235,13.988,0.00948775707583066,3,1,
80,16,linCmt,focei,lbfgsb3c,36,ok,TRUE,TRUE,TRUE,TRUE,-4423.979549699726,11.136761507202445,native,8,TRUE,TRUE,NA,FALSE,focei,"r,s",4,4,3,1,FALSE,69.99600000000001,1093.942008972168,15.015127182006836,1178.953136154175,14.038999999999996,0.011908022099840343,3,1,
80,16,linCmt,focei,lbfgsb3c,37,ok,TRUE,TRUE,TRUE,TRUE,-4461.824970457532,8.95509859485913,native,27,TRUE,TRUE,NA,FALSE,focei,"r,s",4,4,3,1,FALSE,65.383,1241.931753873825,15.474467515945435,1322.7892213897705,15.207000000000004,0.011496162619183558,3,1,
80,16,linCmt,focei,lbfgsb3c,38,ok,TRUE,TRUE,TRUE,TRUE,-4438.699750855198,9.588101594868464,native,8,TRUE,TRUE,NA,FALSE,focei,"r,s",4,4,4,0,TRUE,72.264,956.9677529335022,14.648668766021729,1043.8804216995238,13.977000000000002,0.01338946464504458,3,1,
80,16,linCmt,focei,lbfgsb3c,39,ok,TRUE,TRUE,TRUE,TRUE,-4516.625755017228,13.547442981728288,native,8,TRUE,TRUE,NA,FALSE,focei,"r,s",4,4,3,1,FALSE,69.40299999999999,1083.4199249744415,16.22727131843567,1169.0501962928772,14.238000000000001,0.012179117753155071,3,1,
80,16,linCmt,focei,lbfgsb3c,40,ok,TRUE,TRUE,TRUE,TRUE,-4490.5598157704935,9.406237361579086,native,8,TRUE,TRUE,NA,FALSE,focei,"r,s",4,4,4,0,TRUE,64.377,1080.7337272167206,14.228152751922607,1159.3388799686431,13.837,0.01193525054587512,3,1,
80,16,linCmt,focei,lbfgsb3c,41,ok,TRUE,TRUE,TRUE,TRUE,-4519.108124010454,9.014849590244829,native,8,TRUE,TRUE,NA,FALSE,focei,"r,s",4,4,2,2,FALSE,69.928,1222.4228284358978,14.217926740646362,1306.568755176544,13.806000000000001,0.010566608106386662,3,1,
80,16,linCmt,focei,lbfgsb3c,42,ok,TRUE,TRUE,TRUE,TRUE,-4550.1209743727495,18.443798003340195,native,8,TRUE,TRUE,NA,FALSE,focei,"r,s",4,4,4,0,TRUE,68.85300000000001,1295.0001542568207,14.439863204956055,1378.2930174617768,13.850000000000001,0.010048661514302486,3,1,
80,16,linCmt,focei,lbfgsb3c,43,ok,TRUE,TRUE,TRUE,TRUE,-4493.2366155638865,14.364926377523341,native,8,TRUE,TRUE,NA,FALSE,focei,"r,s",4,4,2,2,FALSE,71.248,1276.6917850971222,14.863142013549805,1362.802927110672,13.543,0.009937607067452522,3,1,
80,16,linCmt,focei,lbfgsb3c,44,ok,TRUE,TRUE,TRUE,TRUE,-4486.044884400371,10.308543401431276,native,27,TRUE,TRUE,NA,FALSE,focei,"r,s",4,4,4,0,TRUE,71.77,1145.6536679267883,15.250832319259644,1232.674500246048,14.881,0.01207212447165061,3,1,
80,16,linCmt,focei,lbfgsb3c,45,ok,TRUE,TRUE,TRUE,TRUE,-4580.195042151935,12.541890424167129,native,8,TRUE,TRUE,NA,FALSE,focei,"r,s",4,4,4,0,TRUE,77.33200000000001,1439.3677253723145,15.567322492599487,1532.267047864914,14.184,0.009256872044441741,3,1,
80,16,linCmt,focei,lbfgsb3c,46,ok,TRUE,TRUE,TRUE,TRUE,-4482.6990486717095,7.889832356769659,native,8,TRUE,TRUE,NA,FALSE,focei,"r,s",4,4,4,0,TRUE,72.54599999999999,1262.27987074852,13.82970142364502,1348.655572172165,13.517999999999997,0.010023315277026367,3,1,
80,16,linCmt,focei,lbfgsb3c,47,ok,TRUE,TRUE,TRUE,TRUE,-4485.173239994972,17.2861539274578,native,8,TRUE,TRUE,NA,FALSE,focei,"r,s",4,4,4,0,TRUE,77.57900000000001,1457.6412539482117,14.128557205200195,1549.3488111534118,13.538000000000004,0.008737864516074756,3,1,
80,16,linCmt,focei,lbfgsb3c,48,ok,TRUE,TRUE,TRUE,TRUE,-4453.538556054244,8.340594125655723,native,8,TRUE,TRUE,NA,FALSE,focei,"r,s",4,4,4,0,TRUE,76.119,1422.217051267624,14.364679098129272,1512.700730365753,13.639,0.009016324066097496,3,1,
80,16,linCmt,focei,lbfgsb3c,49,ok,TRUE,TRUE,TRUE,TRUE,-4523.509840605482,21.150607105628705,native,8,TRUE,TRUE,NA,FALSE,focei,"r,s",4,4,3,1,FALSE,71.54599999999999,1177.1371195316315,13.610015153884888,1262.2931346855164,13.25,0.010496769439612821,3,1,
80,16,linCmt,focei,lbfgsb3c,50,ok,TRUE,TRUE,TRUE,TRUE,-4527.910269247316,10.95317260828344,native,8,TRUE,TRUE,NA,FALSE,focei,"r,s",4,4,4,0,TRUE,66.432,1200.1110572814941,14.027623653411865,1280.570680934906,13.714999999999996,0.010710068724974313,3,1,
80,16,linCmt,focei,lbfgsb3c,51,ok,FALSE,FALSE,FALSE,FALSE,-81488.87936331761,NA,NA,27,FALSE,FALSE,NA,FALSE,focei,NA,3,4,0,3,FALSE,53.382000000000005,746.9746358394623,5.882251501083374,806.2388873405457,5.711999999999998,0.00708474881290031,3,1,
80,16,linCmt,focei,lbfgsb3c,52,ok,TRUE,TRUE,TRUE,TRUE,-4487.631822038083,9.394433908720687,native,8,TRUE,TRUE,NA,FALSE,focei,"r,s",4,4,4,0,TRUE,58.196,703.8149900436401,14.177237749099731,776.1882277927399,13.380999999999997,0.017239375090822726,3,1,
80,16,linCmt,focei,lbfgsb3c,53,ok,TRUE,TRUE,TRUE,TRUE,-4480.330359607965,11.898073582684065,native,8,TRUE,TRUE,NA,FALSE,focei,"r,s",4,4,4,0,TRUE,52.516,543.9942436218262,14.118746519088745,610.6289901409149,13.806000000000001,0.02260947354761848,3,1,
80,16,linCmt,focei,lbfgsb3c,54,ok,TRUE,TRUE,TRUE,TRUE,-4545.827505124614,12.54196799969633,native,8,TRUE,TRUE,NA,FALSE,focei,"r,s",4,4,4,0,TRUE,52.92,584.3577718734741,13.386210680007935,650.663982553482,13.098000000000003,0.020130205991421075,3,1,
80,16,linCmt,focei,lbfgsb3c,55,ok,TRUE,TRUE,TRUE,TRUE,-4477.416966928923,15.589762391722754,native,8,TRUE,TRUE,NA,FALSE,focei,"r,s",3,4,3,0,FALSE,33.029,470.9390161037445,12.873592615127563,516.8416087188721,12.573,0.02432660178263412,3,1,
80,16,linCmt,focei,lbfgsb3c,56,ok,TRUE,TRUE,TRUE,TRUE,-4538.721242485227,10.170142669466902,native,8,TRUE,TRUE,NA,FALSE,focei,"r,s",4,4,3,1,FALSE,37.405,434.9620351791382,13.669300317764282,486.03633549690244,13.392000000000001,0.027553495535078878,3,1,
80,16,linCmt,focei,lbfgsb3c,57,ok,TRUE,TRUE,TRUE,TRUE,-4584.026850616417,33.635891300493576,native,8,TRUE,TRUE,NA,FALSE,focei,"r,s",6,4,4,2,FALSE,42.367000000000004,542.6266143321991,17.891764163970947,602.88537849617,17.678000000000004,0.029322323331336702,3,1,
80,16,linCmt,focei,lbfgsb3c,58,ok,TRUE,TRUE,TRUE,TRUE,-4523.388673924379,15.080004838861386,native,8,TRUE,TRUE,NA,FALSE,focei,"r,s",4,4,4,0,TRUE,39.974000000000004,626.9523601531982,13.53730320930481,680.4636633625031,13.399,0.019690985311087737,3,1,
80,16,linCmt,focei,lbfgsb3c,59,ok,TRUE,TRUE,TRUE,TRUE,-4504.007367061736,10.811628398435387,native,8,TRUE,TRUE,NA,FALSE,focei,"r,s",3,4,3,0,FALSE,41.378,512.6118357181549,11.836949825286865,565.8267855434418,11.677999999999995,0.020638824987374883,3,1,
80,16,linCmt,focei,lbfgsb3c,60,ok,TRUE,TRUE,TRUE,TRUE,-4503.9457957130235,16.902667852496975,native,8,TRUE,TRUE,NA,FALSE,focei,"r,s",4,4,3,1,FALSE,43.209,601.3687648773193,13.740352392196655,658.318117269516,13.644,0.020725542320771544,3,1,
80,16,linCmt,focei,lbfgsb3c,61,ok,TRUE,TRUE,TRUE,TRUE,-4486.477181917678,7.921806682361728,native,8,TRUE,TRUE,NA,FALSE,focei,"r,s",3,4,1,2,FALSE,26.130000000000003,453.89159893989563,13.128057479858398,493.149656419754,12.896999999999998,0.026152304543070517,3,1,
80,16,linCmt,focei,lbfgsb3c,62,ok,TRUE,TRUE,TRUE,TRUE,-4528.600349679164,10.490864001414943,native,8,TRUE,TRUE,NA,FALSE,focei,"r,s",4,4,4,0,TRUE,32.005,398.648188829422,14.025175094604492,444.6783639240265,13.812000000000003,0.03106065219390748,3,1,
80,16,linCmt,focei,lbfgsb3c,63,ok,TRUE,TRUE,TRUE,TRUE,-4508.416897832129,16.428477771268387,native,8,TRUE,TRUE,NA,FALSE,focei,"r,s",4,4,3,1,FALSE,45.864000000000004,535.7019727230072,13.749567031860352,595.3155397548676,13.621999999999998,0.022881982898697913,3,1,
80,16,linCmt,focei,lbfgsb3c,64,ok,TRUE,TRUE,TRUE,TRUE,-4516.051373505879,10.219858405168829,native,8,TRUE,TRUE,NA,FALSE,focei,"r,s",4,4,4,0,TRUE,33.108000000000004,482.13597202301025,14.337271213531494,529.5812432365417,14.155000000000003,0.02672866567836044,3,1,
80,16,linCmt,focei,lbfgsb3c,65,ok,TRUE,TRUE,TRUE,TRUE,-4523.709372983773,17.371593910149574,native,27,TRUE,TRUE,NA,FALSE,focei,"r,s",4,4,4,0,TRUE,43.416,477.2076232433319,15.321247577667236,535.9448708209991,15.103999999999997,0.02818200307964996,3,1,
80,16,linCmt,focei,lbfgsb3c,66,ok,TRUE,TRUE,TRUE,TRUE,-4546.959756967843,13.80787126644496,native,8,TRUE,TRUE,NA,FALSE,focei,"r,s",4,4,4,0,TRUE,34.135,456.2830502986908,13.955344676971436,504.3733949756622,13.820000000000004,0.027400335024940933,3,1,
80,16,linCmt,focei,lbfgsb3c,67,ok,TRUE,TRUE,TRUE,TRUE,-4501.848586841913,12.169196767586266,native,8,TRUE,TRUE,NA,FALSE,focei,"r,s",4,4,3,1,FALSE,15.654,334.0256493091583,14.561203718185425,364.24085302734375,14.265999999999998,0.03916639191191726,3,1,
80,16,linCmt,focei,lbfgsb3c,68,ok,TRUE,TRUE,TRUE,TRUE,-4474.392039857387,9.437857370150125,native,8,TRUE,TRUE,NA,FALSE,focei,"r,s",4,4,3,1,FALSE,45.428000000000004,455.52897548675537,14.285029888153076,515.2420053749084,14.107000000000001,0.027379367079621634,3,1,
80,16,linCmt,focei,lbfgsb3c,69,ok,TRUE,TRUE,TRUE,TRUE,-4525.2309268514155,15.899449694894935,native,8,TRUE,TRUE,NA,FALSE,focei,"r,s",4,4,4,0,TRUE,34.52,445.89660000801086,14.10672640800476,494.5233264160156,13.953,0.02821504922957284,3,1,
80,16,linCmt,focei,lbfgsb3c,70,ok,TRUE,TRUE,TRUE,TRUE,-4478.748165566038,18.94746181010133,native,8,TRUE,TRUE,NA,FALSE,focei,"r,s",4,4,4,0,TRUE,42.281,429.5699143409729,14.293429613113403,486.1443439540863,14.057999999999998,0.028917337360460375,3,1,
80,16,linCmt,focei,lbfgsb3c,71,ok,TRUE,TRUE,TRUE,TRUE,-4549.317118748676,11.906605611644228,native,27,TRUE,TRUE,NA,FALSE,focei,"r,s",4,4,4,0,TRUE,33.052,451.5567934513092,15.337671041488647,499.9464644927979,15.125,0.03025323924501498,3,1,
80,16,linCmt,focei,lbfgsb3c,72,ok,TRUE,TRUE,TRUE,TRUE,-4590.982639731536,15.8846000185345,native,8,TRUE,TRUE,NA,FALSE,focei,"r,s",4,4,4,0,TRUE,31.877000000000002,456.14899730682373,13.848691940307617,501.87468924713136,13.687000000000001,0.02727174789494175,3,1,
80,16,linCmt,focei,lbfgsb3c,73,ok,TRUE,TRUE,TRUE,TRUE,-4501.384851842,8.545720880133809,native,8,TRUE,TRUE,NA,FALSE,focei,"r,s",3,4,3,0,FALSE,38.156000000000006,425.74372386932373,12.133130073547363,476.0328539428711,11.975999999999999,0.02515792744304418,3,1,
80,16,linCmt,focei,lbfgsb3c,74,ok,TRUE,TRUE,TRUE,TRUE,-4524.81337564098,13.41686824201496,native,8,TRUE,TRUE,NA,FALSE,focei,"r,s",4,4,3,1,FALSE,38.821999999999996,500.2237033843994,13.913819789886475,552.9595231742859,13.756000000000004,0.024877046914814207,3,1,
80,16,linCmt,focei,lbfgsb3c,75,ok,TRUE,TRUE,TRUE,TRUE,-4420.749439922931,8.85832916750181,native,8,TRUE,TRUE,NA,FALSE,focei,"r,s",4,4,4,0,TRUE,37.558,477.5420198440552,13.866676330566406,528.9666961746216,13.758,0.026009198876781898,3,1,
80,16,linCmt,focei,lbfgsb3c,76,ok,TRUE,TRUE,TRUE,TRUE,-4554.21792210507,18.37243461392754,native,8,TRUE,TRUE,NA,FALSE,focei,"r,s",4,4,3,1,FALSE,30.509,413.89112544059753,13.653005838394165,458.0531312789917,13.491,0.029452915128709994,3,1,
80,16,linCmt,focei,lbfgsb3c,77,ok,TRUE,TRUE,TRUE,TRUE,-4482.381118897355,21.954766870286885,native,8,TRUE,TRUE,NA,FALSE,focei,"r,s",4,4,4,0,TRUE,35.125,424.18264985084534,13.452037811279297,472.75968766212463,13.314000000000002,0.02816229967880711,3,1,
80,16,linCmt,focei,lbfgsb3c,78,ok,TRUE,TRUE,TRUE,TRUE,-4454.288173333373,8.417258332697212,native,8,TRUE,TRUE,NA,FALSE,focei,"r,s",4,4,3,1,FALSE,47.879000000000005,455.3320655822754,14.341871500015259,517.5529370822907,14.225000000000001,0.02748511114668495,3,1,
80,16,linCmt,focei,lbfgsb3c,79,ok,TRUE,TRUE,TRUE,TRUE,-4503.373174950851,14.416402534308796,native,8,TRUE,TRUE,NA,FALSE,focei,"r,s",5,4,3,2,FALSE,30.308999999999997,447.46825218200684,15.647830486297607,493.4250826683044,15.514999999999999,0.031443476517446646,3,1,
80,16,linCmt,focei,lbfgsb3c,80,ok,TRUE,TRUE,TRUE,TRUE,-4568.318499311367,92.75451819841928,native,8,TRUE,TRUE,NA,FALSE,focei,"r,s",4,4,2,2,FALSE,35.643,477.39476919174194,15.832462072372437,528.8702312641144,15.657000000000002,0.02960461579124312,3,1,
80,16,linCmt,focei,lbfgsb3c,81,ok,TRUE,TRUE,TRUE,TRUE,-4571.635008587905,11.325499790764152,native,8,TRUE,TRUE,NA,FALSE,focei,"r,s",4,4,4,0,TRUE,41.37800000000001,374.73937940597534,13.653936862945557,429.7713162689209,13.504000000000001,0.03142136175405001,3,1,
80,16,linCmt,focei,lbfgsb3c,82,ok,TRUE,TRUE,TRUE,TRUE,-4550.792741121175,13.179562450219997,native,8,TRUE,TRUE,NA,FALSE,focei,"r,s",4,4,3,1,FALSE,34.943,389.3233208656311,14.235934257507324,438.5022551231384,14.11,0.032177713649471855,3,1,
80,16,linCmt,focei,lbfgsb3c,83,ok,TRUE,TRUE,TRUE,TRUE,-4446.17082729636,6.488305073395574,native,8,TRUE,TRUE,NA,FALSE,focei,"r,s",4,4,1,3,FALSE,39.623000000000005,401.29317927360535,14.431434631347656,455.347613904953,14.293,0.03138920588037483,3,1,
80,16,linCmt,focei,lbfgsb3c,84,ok,TRUE,TRUE,TRUE,TRUE,-4495.146427982226,7.31176919103789,native,8,TRUE,TRUE,NA,FALSE,focei,"r,s",2,4,1,1,FALSE,31.782000000000004,388.4165060520172,9.996696710586548,430.19520276260374,9.879000000000001,0.02296399387199017,3,1,
80,16,linCmt,focei,lbfgsb3c,85,ok,TRUE,TRUE,TRUE,TRUE,-4584.581715635081,9.470380565963733,native,8,TRUE,TRUE,NA,FALSE,focei,"r,s",4,4,3,1,FALSE,30.081999999999997,383.526428937912,13.595503330230713,427.2039322681427,13.463000000000003,0.03151422302814782,3,1,
80,16,linCmt,focei,lbfgsb3c,86,ok,TRUE,TRUE,TRUE,TRUE,-4558.707401174618,13.328303176987054,native,8,TRUE,TRUE,NA,FALSE,focei,"r,s",4,4,2,2,FALSE,29.555999999999997,376.88081526756287,14.250657796859741,420.6874730644226,14.095000000000004,0.03350468198477007,3,1,
80,16,linCmt,focei,lbfgsb3c,87,ok,TRUE,TRUE,TRUE,TRUE,-4496.705220462221,9.420826327208285,native,8,TRUE,TRUE,NA,FALSE,focei,"r,s",4,4,3,1,FALSE,30.892000000000003,365.5185389518738,14.258633613586426,410.6691725654602,14.125999999999998,0.034397517378172156,3,1,
80,16,linCmt,focei,lbfgsb3c,88,ok,TRUE,TRUE,TRUE,TRUE,-4527.866859565881,7.744416750393932,native,8,TRUE,TRUE,NA,FALSE,focei,"r,s",3,4,3,0,FALSE,25.653000000000002,351.64599347114563,12.196899175643921,389.49589264678957,12.052,0.030942559928171656,3,1,
80,16,linCmt,focei,lbfgsb3c,89,ok,TRUE,TRUE,TRUE,TRUE,-4520.266019642442,15.346693959987583,native,27,TRUE,TRUE,NA,FALSE,focei,"r,s",4,4,3,1,FALSE,24.876,341.5932366847992,15.147934436798096,381.61717112159727,15.020000000000001,0.03935881594597869,3,1,
80,16,linCmt,focei,lbfgsb3c,90,ok,TRUE,TRUE,TRUE,TRUE,-4426.335764079047,20.297631913667963,native,27,TRUE,TRUE,NA,FALSE,focei,"r,s",4,4,4,0,TRUE,22.1,339.28940987586975,16.396524906158447,377.7859347820282,16.173000000000005,0.042809957997328216,3,1,
80,16,linCmt,focei,lbfgsb3c,91,ok,TRUE,TRUE,TRUE,TRUE,-4511.129454783936,10.493764556968529,native,8,TRUE,TRUE,NA,FALSE,focei,"r,s",4,4,3,1,FALSE,35.915,351.6503164768219,13.74288296699524,401.30819944381716,13.62,0.033939002539385664,3,1,
80,16,linCmt,focei,lbfgsb3c,92,ok,TRUE,TRUE,TRUE,TRUE,-4479.659735223289,19.076137698831538,native,27,TRUE,TRUE,NA,FALSE,focei,"r,s",4,4,4,0,TRUE,35.208,342.18610429763794,15.463162183761597,392.8572664813995,15.357,0.03909053315353937,3,1,
80,16,linCmt,focei,lbfgsb3c,93,ok,TRUE,TRUE,TRUE,TRUE,-4487.044241266445,7.9452611630004135,native,8,TRUE,TRUE,NA,FALSE,focei,"r,s",4,4,4,0,TRUE,29.86,343.14845061302185,13.921087265014648,386.9295378780365,13.809,0.035688668473671074,3,1,
80,16,linCmt,focei,lbfgsb3c,94,ok,TRUE,TRUE,TRUE,TRUE,-4569.571016848061,17.521287352436996,native,8,TRUE,TRUE,NA,FALSE,focei,"r,s",4,4,3,1,FALSE,31.053,349.42193508148193,14.164703607559204,394.63963868904113,14.061000000000002,0.035629973833113754,3,1,
80,16,linCmt,focei,lbfgsb3c,95,ok,TRUE,TRUE,TRUE,TRUE,-4556.521450262508,10.941178494331865,native,8,TRUE,TRUE,NA,FALSE,focei,"r,s",4,4,4,0,TRUE,26.401000000000003,327.5317416191101,13.665480136871338,367.59822175598146,13.535,0.0368200910639464,3,1,
80,16,linCmt,focei,lbfgsb3c,96,ok,TRUE,TRUE,TRUE,TRUE,-4505.3136645019795,28.350076907525015,native,8,TRUE,TRUE,NA,FALSE,focei,"r,s",4,4,3,1,FALSE,27.500000000000004,321.5107445716858,14.090257406234741,363.10100197792053,13.975000000000003,0.03848791362148264,3,1,
80,16,linCmt,focei,lbfgsb3c,97,ok,TRUE,TRUE,TRUE,TRUE,-4545.55182750124,11.97480081488416,native,8,TRUE,TRUE,NA,FALSE,focei,"r,s",4,4,3,1,FALSE,33.711,372.99913716316223,13.695360898971558,420.4054980621338,13.597999999999997,0.032344962334413335,3,1,
80,16,linCmt,focei,lbfgsb3c,98,ok,TRUE,TRUE,TRUE,TRUE,-4512.208201846375,11.808470225822886,native,8,TRUE,TRUE,NA,FALSE,focei,"r,s",4,4,4,0,TRUE,21.963,293.37736558914185,14.431674003601074,329.77203959274294,14.279,0.04329960786740462,3,1,
80,16,linCmt,focei,lbfgsb3c,99,ok,TRUE,TRUE,TRUE,TRUE,-4539.459889984014,9.250081900897266,native,8,TRUE,TRUE,NA,FALSE,focei,"r,s",4,4,4,0,TRUE,22.837,273.775262594223,14.2459876537323,310.8582502479553,14.092000000000002,0.04533255909649994,3,1,
80,16,linCmt,focei,lbfgsb3c,100,ok,TRUE,TRUE,TRUE,TRUE,-4528.176892950491,19.0227836298333,native,8,TRUE,TRUE,NA,FALSE,focei,"r,s",4,4,4,0,TRUE,18.272000000000002,274.8850221633911,13.421855211257935,306.57887737464904,13.294,0.043362413333369716,3,1,
