sample_N,scenario,structure,estimator,outer_opt,parameter,param_class,true_value,n_used,MedRE_pct,MeanRE_pct,MARE_pct,RMRSE_pct,P90AbsRE_pct
40,1,advan4,nonmem_scm,focei,TVCL,structural_intercept,0.6,100,1.184500000000005,0.8121250000000034,3.8244166666666732,5.305583032340137,8.790183333333344
40,1,advan4,nonmem_scm,focei,TVVc,structural_intercept,20,100,1.0794999999999977,1.6262499999999995,4.38275,7.092171844364742,11.381849999999998
40,1,advan4,nonmem_scm,focei,ResErr,structural_other,0.1,100,1.0098770707646296,1.9030097126605396,4.662063135642241,7.656471606940831,12.599169980749428
40,1,advan4,nonmem_scm,focei,TVKA,structural_other,0.7,100,0,0,0,0,0
40,1,advan4,nonmem_scm,focei,TVQ,structural_other,1.8,100,2.4297222222222206,2.391438888888886,2.561944444444439,3.096682399892255,4.736333333333334
40,1,advan4,nonmem_scm,focei,TVVp,structural_other,80,100,0.7827499999999966,0.8175037499999994,1.2797500000000017,1.927248770632959,2.852637500000002
40,1,advan4,nonmem_scm,focei,cov_VcCL,structural_other,0.02,100,-12.86825,-7.837183250000002,44.00000000000001,64.23922454785341,103.32901799999999
40,1,advan4,nonmem_scm,focei,var_CL,structural_other,0.1,100,-5.263300000000005,-4.145123000000005,15.008150000000004,23.42292329299441,37.95293000000001
40,1,advan4,nonmem_scm,focei,var_Vc,structural_other,0.1,100,-17.157750000000004,-15.294537000000005,26.209549999999997,38.1574411216279,66.96267000000003
40,2,advan4,nonmem_scm,focei,VcSEX,covariate_beta,0.4054651081081644,83,11.771489881724966,12.600827552173383,17.796321653122067,26.697677654179746,45.332654364395175
40,2,advan4,nonmem_scm,focei,TVCL,structural_intercept,0.6,100,1.6112499999999994,1.1269533333333361,3.6047499999999997,5.260174765421561,8.395983333333334
40,2,advan4,nonmem_scm,focei,TVVc,structural_intercept,20,100,2.1194999999999986,3.1913249999999995,6.844999999999998,11.91259515985077,20.43780000000001
40,2,advan4,nonmem_scm,focei,ResErr,structural_other,0.1,100,-1.4033025731623807,-1.6405049863682715,5.142836552785232,7.044905767549571,11.421759178904018
40,2,advan4,nonmem_scm,focei,TVKA,structural_other,0.7,100,0,0,0,0,0
40,2,advan4,nonmem_scm,focei,TVQ,structural_other,1.8,100,1.3891666666666636,1.4860444444444418,1.711666666666667,3.002096241908145,5.011388888888889
40,2,advan4,nonmem_scm,focei,TVVp,structural_other,80,100,0.032999999999994145,0.11218874999999925,0.9328749999999975,1.634611087776309,2.805262499999999
40,2,advan4,nonmem_scm,focei,cov_VcCL,structural_other,0.02,100,-9.262250000000002,-8.714865000000001,40.6825,62.716752147490865,113.13208000000006
40,2,advan4,nonmem_scm,focei,var_CL,structural_other,0.1,100,-8.71725000000001,-6.494870000000005,18.560899999999997,23.337585609908324,36.16533
40,2,advan4,nonmem_scm,focei,var_Vc,structural_other,0.1,100,-15.43855000000001,-9.276096000000004,28.915800000000004,37.73981073396897,54.850100000000005
40,3,advan4,nonmem_scm,focei,VcBW,covariate_beta,1,80,-12.629249999999997,-26.858426975,40.82155,68.89148995251159,99.0134981
40,3,advan4,nonmem_scm,focei,TVCL,structural_intercept,0.6,100,-0.500083333333327,-0.07866333333332919,3.297749999999998,6.269168592671067,10.468383333333337
40,3,advan4,nonmem_scm,focei,TVVc,structural_intercept,20,100,1.7295000000000016,0.7321249999999999,6.564750000000004,9.550331087323622,14.543450000000007
40,3,advan4,nonmem_scm,focei,ResErr,structural_other,0.1,100,-0.6117994739211208,-0.09089716909741793,4.767472291865943,6.841281591886306,11.351237728712043
40,3,advan4,nonmem_scm,focei,TVKA,structural_other,0.7,100,0,0,0,0,0
40,3,advan4,nonmem_scm,focei,TVQ,structural_other,1.8,100,1.363055555555554,1.788633333333331,1.5061111111111092,3.0784133860332386,5.076222222222226
40,3,advan4,nonmem_scm,focei,TVVp,structural_other,80,100,0.36956250000000246,0.44408374999999967,1.1869375000000026,1.8826870364836923,3.3784999999999994
40,3,advan4,nonmem_scm,focei,cov_VcCL,structural_other,0.02,100,-7.983750000000005,-9.336686000000002,41.780499999999996,63.29211197711173,92.96548500000009
40,3,advan4,nonmem_scm,focei,var_CL,structural_other,0.1,100,-6.149000000000002,-4.5471870000000045,14.540300000000006,21.862134615130792,35.24893000000004
40,3,advan4,nonmem_scm,focei,var_Vc,structural_other,0.1,100,-13.943450000000002,-14.945148800000005,22.591600000000003,33.9793649296779,53.66179000000001
40,4,advan4,nonmem_scm,focei,VcBW,covariate_beta,1,75,-0.7516999999999996,1.4509566533333336,20.324999999999992,68.80417939592908,98.751744
40,4,advan4,nonmem_scm,focei,VcSEX,covariate_beta,0.4054651081081644,76,20.419248388455696,19.60303480430281,23.29158825259796,34.500093711405945,57.205470095857414
40,4,advan4,nonmem_scm,focei,TVCL,structural_intercept,0.6,100,0.9091666666666647,1.390555000000004,3.3124166666666697,5.6215272712977615,9.072833333333339
40,4,advan4,nonmem_scm,focei,TVVc,structural_intercept,20,100,1.787000000000001,3.2453299999999996,9.11975,12.494747416214544,19.113850000000003
40,4,advan4,nonmem_scm,focei,ResErr,structural_other,0.1,100,-1.378454834982952,-1.49633076935304,4.364685381268996,6.834907012579378,11.415599329344964
40,4,advan4,nonmem_scm,focei,TVKA,structural_other,0.7,100,0,0,0,0,0
40,4,advan4,nonmem_scm,focei,TVQ,structural_other,1.8,100,1.5719444444444421,1.5722055555555534,1.9577777777777743,2.856759589979224,4.850944444444444
40,4,advan4,nonmem_scm,focei,TVVp,structural_other,80,100,-0.0509999999999966,0.3101675000000002,1.3686250000000033,1.8505159533897568,3.0549500000000003
40,4,advan4,nonmem_scm,focei,cov_VcCL,structural_other,0.02,100,-6.9155,-13.686243150000003,39.41975,64.14674424682862,105.12459999999999
40,4,advan4,nonmem_scm,focei,var_CL,structural_other,0.1,100,-8.24740000000001,-5.699519000000004,19.796100000000006,23.65105988131822,37.4133
40,4,advan4,nonmem_scm,focei,var_Vc,structural_other,0.1,100,-8.974000000000009,-8.814781000000005,26.940099999999994,33.998239336649476,53.28836000000003
40,5,advan4,nonmem_scm,focei,CLcrCL,covariate_beta,0.5,90,-11.287999999999998,-24.76957131111111,19.299199999999995,52.90904496075895,99.0690484
40,5,advan4,nonmem_scm,focei,TVCL,structural_intercept,0.6,100,0.06950000000000937,0.13185666666666984,3.3470000000000075,5.228330848899634,9.120266666666673
40,5,advan4,nonmem_scm,focei,TVVc,structural_intercept,20,100,2.8554999999999975,2.6281099999999995,4.222999999999999,6.939292709275204,10.986400000000005
40,5,advan4,nonmem_scm,focei,ResErr,structural_other,0.1,100,0.2978916651239366,0.32419865806370063,4.341488123394361,6.6252070448597085,11.080628385588815
40,5,advan4,nonmem_scm,focei,TVKA,structural_other,0.7,100,0,0,0,0,0
40,5,advan4,nonmem_scm,focei,TVQ,structural_other,1.8,100,1.5569444444444425,1.8121166666666646,1.6461111111111073,2.6559215409122072,4.727555555555554
40,5,advan4,nonmem_scm,focei,TVVp,structural_other,80,100,0.4566249999999971,0.35000625,0.942437499999995,1.4391491594971133,2.2243500000000007
40,5,advan4,nonmem_scm,focei,cov_VcCL,structural_other,0.02,100,9.653249999999995,2.4482544999999987,57.121100000000006,65.75487446109769,103.3077
40,5,advan4,nonmem_scm,focei,var_CL,structural_other,0.1,100,-9.62735,-8.098630000000004,19.2743,25.16630991333851,39.65845000000001
40,5,advan4,nonmem_scm,focei,var_Vc,structural_other,0.1,100,-9.643450000000005,-9.369680800000005,27.795,39.23789960401428,66.50718000000002
40,6,advan4,nonmem_scm,focei,CLcrCL,covariate_beta,0.5,91,-2.964599999999995,-17.812778505494506,19.142799999999994,52.39184409349297,99.090542
40,6,advan4,nonmem_scm,focei,VcSEX,covariate_beta,0.4054651081081644,79,10.526839806953593,13.371417464760471,17.200759696755455,29.418759851231023,51.53086885291492
40,6,advan4,nonmem_scm,focei,TVCL,structural_intercept,0.6,100,-0.1707499999999973,0.17788666666666966,4.098333333333334,6.232254543189898,9.145083333333337
40,6,advan4,nonmem_scm,focei,TVVc,structural_intercept,20,100,1.3082500000000064,3.8514799999999996,7.03925,13.672698067499333,22.85405
40,6,advan4,nonmem_scm,focei,ResErr,structural_other,0.1,100,0.262157659836601,0.18799105354450507,4.210491305543497,6.225559355680233,10.412760474430044
40,6,advan4,nonmem_scm,focei,TVKA,structural_other,0.7,100,0,0,0,0,0
40,6,advan4,nonmem_scm,focei,TVQ,structural_other,1.8,100,1.3677777777777702,1.5185888888888863,1.8947222222222189,2.8846411324396932,4.692388888888887
40,6,advan4,nonmem_scm,focei,TVVp,structural_other,80,100,0.580937499999994,0.53907375,1.2848749999999942,1.8234696123136378,2.849287500000005
40,6,advan4,nonmem_scm,focei,cov_VcCL,structural_other,0.02,100,-10.04375000000001,-6.707540650000002,42.22575,67.81554407083043,103.31747500000003
40,6,advan4,nonmem_scm,focei,var_CL,structural_other,0.1,100,-10.721350000000005,-11.217218000000004,15.874000000000004,23.45752939283675,36.65057000000001
40,6,advan4,nonmem_scm,focei,var_Vc,structural_other,0.1,100,-11.02130000000001,-8.357584000000005,21.676950000000005,32.35921563346367,56.66580000000001
40,7,advan4,nonmem_scm,focei,CLcrCL,covariate_beta,0.5,88,-11.0228,-29.324049886363635,26.6918,58.63703280113056,99.13491020000001
40,7,advan4,nonmem_scm,focei,VcBW,covariate_beta,1,74,-16.9178,-35.035651337837834,32.7453,64.56091902505315,98.832194
40,7,advan4,nonmem_scm,focei,TVCL,structural_intercept,0.6,100,-1.205249999999991,-0.8747449999999974,4.488083333333328,6.360062600430037,10.121766666666668
40,7,advan4,nonmem_scm,focei,TVVc,structural_intercept,20,100,1.3104999999999922,3.5145149999999994,5.451249999999996,11.635786562905835,20.001300000000004
40,7,advan4,nonmem_scm,focei,ResErr,structural_other,0.1,100,-1.311729348918815,-1.7711728395534816,4.9174880015265545,7.273779479108181,12.14189078506739
40,7,advan4,nonmem_scm,focei,TVKA,structural_other,0.7,100,0,0,0,0,0
40,7,advan4,nonmem_scm,focei,TVQ,structural_other,1.8,100,1.3374999999999977,1.5806222222222197,1.5936111111111089,2.852609262576679,4.671499999999997
40,7,advan4,nonmem_scm,focei,TVVp,structural_other,80,100,-0.12962499999999544,0.13321750000000013,1.2251874999999932,1.7466110127901977,2.828324999999997
40,7,advan4,nonmem_scm,focei,cov_VcCL,structural_other,0.02,100,-9.2495,-8.282125,46.29850000000001,61.28972693225635,96.63070000000005
40,7,advan4,nonmem_scm,focei,var_CL,structural_other,0.1,100,-11.642650000000005,-8.510309000000005,16.2601,23.85338807543071,38.26066000000001
40,7,advan4,nonmem_scm,focei,var_Vc,structural_other,0.1,100,-8.533850000000003,-8.024304780000005,21.532999999999998,34.99634159335307,52.13067000000002
40,8,advan4,nonmem_scm,focei,CLcrCL,covariate_beta,0.5,83,-10.976600000000003,-28.59427072289157,28.0852,60.55811460446148,99.10406359999999
40,8,advan4,nonmem_scm,focei,VcBW,covariate_beta,1,69,4.963999999999991,1.6579062318840578,23.116000000000003,78.61661960677986,99.1965094
40,8,advan4,nonmem_scm,focei,VcSEX,covariate_beta,0.4054651081081644,79,22.261574799720364,25.296319147816547,25.200506476398836,41.275281226575096,71.14557966882525
40,8,advan4,nonmem_scm,focei,TVCL,structural_intercept,0.6,100,-0.7497499999999935,-0.4258149999999965,3.929500000000012,6.1884889787186514,10.419183333333335
40,8,advan4,nonmem_scm,focei,TVVc,structural_intercept,20,100,2.4637499999999957,3.2698800000000006,6.986250000000008,12.435657959472831,19.645850000000003
40,8,advan4,nonmem_scm,focei,ResErr,structural_other,0.1,100,-0.18246863947148778,-1.0927056454544002,4.653947848187914,6.410485870109922,9.828708500808078
40,8,advan4,nonmem_scm,focei,TVKA,structural_other,0.7,100,0,0,0,0,0
40,8,advan4,nonmem_scm,focei,TVQ,structural_other,1.8,100,1.116111111111114,1.3655388888888869,1.9141666666666675,3.113053157251983,5.189555555555557
40,8,advan4,nonmem_scm,focei,TVVp,structural_other,80,100,0.17487499999999656,0.19051749999999962,1.1470000000000002,1.5553417156689386,2.3736
40,8,advan4,nonmem_scm,focei,cov_VcCL,structural_other,0.02,100,-8.696000000000009,2.992377549999997,53.465875,71.61206971845495,106.07667000000004
40,8,advan4,nonmem_scm,focei,var_CL,structural_other,0.1,100,-4.56585000000001,-4.202374000000006,15.421499999999991,23.24424870555725,36.78415000000002
40,8,advan4,nonmem_scm,focei,var_Vc,structural_other,0.1,100,-15.052650000000007,-10.738707000000005,21.397799999999993,30.615289792698352,51.22709000000002
40,9,advan4,nonmem_scm,focei,CLBW,covariate_beta,0.75,71,-5.447199999999993,-28.41286692957746,46.386666666666684,65.88959683475291,98.879312
40,9,advan4,nonmem_scm,focei,TVCL,structural_intercept,0.6,100,1.1444166666666664,2.682811666666671,5.695499999999992,9.431270064127101,17.343300000000013
40,9,advan4,nonmem_scm,focei,TVVc,structural_intercept,20,100,1.117000000000008,1.4919700000000011,4.5407500000000045,7.1023028670284125,11.1395
40,9,advan4,nonmem_scm,focei,ResErr,structural_other,0.1,100,-0.2413638994881312,-0.4744217137906806,5.164157382472993,6.615915866917818,10.097425860192738
40,9,advan4,nonmem_scm,focei,TVKA,structural_other,0.7,100,0,0,0,0,0
40,9,advan4,nonmem_scm,focei,TVQ,structural_other,1.8,100,1.8822222222222171,2.102516666666664,2.055833333333331,3.055194213482795,4.80322222222222
40,9,advan4,nonmem_scm,focei,TVVp,structural_other,80,100,0.43456250000000196,0.41857375000000036,1.042999999999994,1.5316073167284923,2.4893125000000107
40,9,advan4,nonmem_scm,focei,cov_VcCL,structural_other,0.02,100,-18.193749999999998,-21.2116212,42.61175,66.23209280631059,108.87981500000006
40,9,advan4,nonmem_scm,focei,var_CL,structural_other,0.1,100,-6.319150000000002,-6.771712000000004,15.210399999999998,24.820849293402514,41.22083000000002
40,9,advan4,nonmem_scm,focei,var_Vc,structural_other,0.1,100,-8.095000000000004,-10.844429700000005,21.016199999999998,34.09644503542516,58.702500000000015
40,10,advan4,nonmem_scm,focei,CLBW,covariate_beta,0.75,64,-14.602133333333335,-35.677661354166666,40.30999999999999,66.8544084164728,98.93379266666668
40,10,advan4,nonmem_scm,focei,VcSEX,covariate_beta,0.4054651081081644,71,4.672348544920359,8.10852610024028,14.907625843575348,27.55235760437607,45.569123988104444
40,10,advan4,nonmem_scm,focei,TVCL,structural_intercept,0.6,100,3.1893333333333405,3.0061883333333377,5.8505833333333355,8.37750126375202,12.222483333333338
40,10,advan4,nonmem_scm,focei,TVVc,structural_intercept,20,100,5.024249999999997,5.712,9.660250000000001,13.746460336392055,23.910450000000004
40,10,advan4,nonmem_scm,focei,ResErr,structural_other,0.1,100,-2.1282735340997228,-2.1229551162030407,5.139740916952511,6.901747839540875,12.141152624689873
40,10,advan4,nonmem_scm,focei,TVKA,structural_other,0.7,100,0,0,0,0,0
40,10,advan4,nonmem_scm,focei,TVQ,structural_other,1.8,100,1.261666666666667,1.4496166666666639,2.0166666666666666,2.8976710939163732,4.688944444444444
40,10,advan4,nonmem_scm,focei,TVVp,structural_other,80,100,0.08787500000000392,0.08048499999999985,1.172500000000003,1.4668813101696405,2.3408374999999957
40,10,advan4,nonmem_scm,focei,cov_VcCL,structural_other,0.02,100,5.896499999999997,4.669614609999999,58.044700000000006,80.0951117819777,121.097125
40,10,advan4,nonmem_scm,focei,var_CL,structural_other,0.1,100,-6.794800000000004,-6.046485000000004,14.048700000000004,18.94172220483396,30.988479999999996
40,10,advan4,nonmem_scm,focei,var_Vc,structural_other,0.1,100,-8.255250000000006,-4.028248000000005,22.2511,32.920773008199546,53.87989999999999
40,11,advan4,nonmem_scm,focei,CLBW,covariate_beta,0.75,76,-0.6526666666666643,-18.15517136842105,38.662,67.0069015876784,98.89654333333333
40,11,advan4,nonmem_scm,focei,VcBW,covariate_beta,1,74,-13.954600000000001,-28.784907216216215,22.411499999999997,62.40752392016401,98.936492
40,11,advan4,nonmem_scm,focei,TVCL,structural_intercept,0.6,100,1.7224166666666707,1.956103333333337,4.718833333333339,7.919994817478665,12.884383333333343
40,11,advan4,nonmem_scm,focei,TVVc,structural_intercept,20,100,4.643749999999995,4.398975000000001,7.15325,10.222497218757265,15.424200000000004
40,11,advan4,nonmem_scm,focei,ResErr,structural_other,0.1,100,-1.019122261945657,-0.5520114612839615,4.403302561386255,6.410428398850673,11.083411111780157
40,11,advan4,nonmem_scm,focei,TVKA,structural_other,0.7,100,0,0,0,0,0
40,11,advan4,nonmem_scm,focei,TVQ,structural_other,1.8,100,1.458888888888886,1.892394444444442,1.7372222222222171,2.9958151052863258,5.180111111111105
40,11,advan4,nonmem_scm,focei,TVVp,structural_other,80,100,0.6252500000000083,0.7378224999999998,1.1283125000000016,1.7397280359477174,2.806037500000008
40,11,advan4,nonmem_scm,focei,cov_VcCL,structural_other,0.02,100,-19.034000000000002,-14.937950650000001,46.329,74.4797820042016,107.14247000000006
40,11,advan4,nonmem_scm,focei,var_CL,structural_other,0.1,100,-10.698550000000008,-10.312489000000005,16.484200000000005,23.634608638632038,38.53982000000001
40,11,advan4,nonmem_scm,focei,var_Vc,structural_other,0.1,100,-19.912050000000008,-16.135092000000004,29.645149999999997,37.17922285145562,60.11569
40,12,advan4,nonmem_scm,focei,CLBW,covariate_beta,0.75,72,-12.900666666666663,-32.68173105555556,33.353,63.60058552381359,98.81373226666665
40,12,advan4,nonmem_scm,focei,VcBW,covariate_beta,1,68,-3.522049999999999,-16.21781430882353,48.6465,79.7895270503063,99.2034036
40,12,advan4,nonmem_scm,focei,VcSEX,covariate_beta,0.4054651081081644,74,20.005429522658215,21.05358530570919,27.35643709109885,37.35337438558534,60.955123509065544
40,12,advan4,nonmem_scm,focei,TVCL,structural_intercept,0.6,100,1.5709999999999984,2.0271700000000035,5.641833333333337,8.064619586571403,13.550500000000012
40,12,advan4,nonmem_scm,focei,TVVc,structural_intercept,20,100,3.776500000000001,5.29434,8.304749999999999,13.845112200701012,21.365900000000018
40,12,advan4,nonmem_scm,focei,ResErr,structural_other,0.1,100,0.7069903909629333,0.0263456385891507,4.747682026710276,7.127985148845974,10.614683258700234
40,12,advan4,nonmem_scm,focei,TVKA,structural_other,0.7,100,0,0,0,0,0
40,12,advan4,nonmem_scm,focei,TVQ,structural_other,1.8,100,1.9391666666666585,1.6569333333333307,2.1155555555555496,2.709425941430907,4.0814444444444415
40,12,advan4,nonmem_scm,focei,TVVp,structural_other,80,100,0.22624999999999673,0.07614750000000024,1.1378124999999972,1.691134463625675,2.4779625000000025
40,12,advan4,nonmem_scm,focei,cov_VcCL,structural_other,0.02,100,14.947500000000002,4.702709294999999,56.016,79.08585997274365,143.35390500000003
40,12,advan4,nonmem_scm,focei,var_CL,structural_other,0.1,100,-9.331600000000002,-6.873725000000004,20.330049999999993,25.369392752825203,40.50383000000001
40,12,advan4,nonmem_scm,focei,var_Vc,structural_other,0.1,100,-8.389750000000001,-4.344679000000005,22.869700000000005,35.055646173777774,54.64596000000007
40,13,advan4,nonmem_scm,focei,CLBW,covariate_beta,0.75,63,-7.3714666666666595,-22.431085904761904,82.72266666666667,75.78121695481175,98.76145360000001
40,13,advan4,nonmem_scm,focei,CLcrCL,covariate_beta,0.5,79,-2.049400000000001,-9.624688911392406,36.4192,60.440400735305886,98.8250772
40,13,advan4,nonmem_scm,focei,TVCL,structural_intercept,0.6,100,0.8077500000000053,1.416910000000003,6.608583333333335,8.884631914966677,14.508800000000013
40,13,advan4,nonmem_scm,focei,TVVc,structural_intercept,20,100,1.5800000000000036,1.5663550000000002,4.440749999999998,6.6669292573492935,10.878600000000002
40,13,advan4,nonmem_scm,focei,ResErr,structural_other,0.1,100,-0.2118620505785762,0.37937132975746357,5.218003562102079,7.661934093197751,12.506580392771408
40,13,advan4,nonmem_scm,focei,TVKA,structural_other,0.7,100,0,0,0,0,0
40,13,advan4,nonmem_scm,focei,TVQ,structural_other,1.8,100,1.8125000000000009,1.8287833333333308,1.9436111111111074,2.813293184174633,4.659499999999998
40,13,advan4,nonmem_scm,focei,TVVp,structural_other,80,100,0.5073125000000012,0.4938250000000007,1.0365625000000023,1.6385104150759926,2.775387500000006
40,13,advan4,nonmem_scm,focei,cov_VcCL,structural_other,0.02,100,-7.675249999999998,-9.612370375000003,51.78359999999999,78.35034930160217,115.91335000000005
40,13,advan4,nonmem_scm,focei,var_CL,structural_other,0.1,100,-9.531300000000007,-6.023714000000005,21.23185,27.50708996325856,42.43861000000002
40,13,advan4,nonmem_scm,focei,var_Vc,structural_other,0.1,100,-3.06445000000001,-4.201723800000005,22.62399999999999,38.480396331783325,63.94898000000002
40,14,advan4,nonmem_scm,focei,CLBW,covariate_beta,0.75,58,-1.6907999999999996,-13.460698436781609,31.282733333333333,65.00109459701993,98.73556466666666
40,14,advan4,nonmem_scm,focei,CLcrCL,covariate_beta,0.5,83,-4.4449999999999985,-19.31881795180723,34.8174,62.536993784145935,98.982378
40,14,advan4,nonmem_scm,focei,VcSEX,covariate_beta,0.4054651081081644,78,9.77038620334117,12.968522289655784,13.46531001970459,25.414867223530702,45.266702758406794
40,14,advan4,nonmem_scm,focei,TVCL,structural_intercept,0.6,100,1.6775000000000078,1.1604466666666706,5.884333333333334,8.94384327736125,13.72518333333334
40,14,advan4,nonmem_scm,focei,TVVc,structural_intercept,20,100,1.8800000000000059,4.370235,6.214750000000002,12.025314292254485,22.724399999999996
40,14,advan4,nonmem_scm,focei,ResErr,structural_other,0.1,100,-0.009775721124316572,-0.3748174164569763,4.336246939224742,7.1163251254698885,11.949024386049608
40,14,advan4,nonmem_scm,focei,TVKA,structural_other,0.7,100,0,0,0,0,0
40,14,advan4,nonmem_scm,focei,TVQ,structural_other,1.8,100,1.7444444444444436,1.8658611111111085,2.2119444444444407,3.211330464922329,4.841388888888884
40,14,advan4,nonmem_scm,focei,TVVp,structural_other,80,100,0.36081250000000503,0.5122625000000002,1.1092499999999994,1.7599665389219759,3.0052249999999963
40,14,advan4,nonmem_scm,focei,cov_VcCL,structural_other,0.02,100,-3.59425,-4.774521150000003,49.814,69.14999778999409,114.95138999999999
40,14,advan4,nonmem_scm,focei,var_CL,structural_other,0.1,100,-12.271200000000002,-11.375160000000005,20.15800000000001,27.21274096861983,45.45531000000001
40,14,advan4,nonmem_scm,focei,var_Vc,structural_other,0.1,100,-12.117650000000001,-5.245825000000005,26.25005,39.011009450188546,61.15350000000003
40,15,advan4,nonmem_scm,focei,CLBW,covariate_beta,0.75,61,-0.68320000000000225,-12.458456087431692,58.37866666666667,68.00670254674209,98.88269466666667
40,15,advan4,nonmem_scm,focei,CLcrCL,covariate_beta,0.5,82,-2.0885000000000042,-15.594061170731708,43.6876,63.03531741568689,98.9919778
40,15,advan4,nonmem_scm,focei,VcBW,covariate_beta,1,71,-18.643500000000003,-32.77379184507042,31.1801,64.98373055527121,98.87346000000001
40,15,advan4,nonmem_scm,focei,TVCL,structural_intercept,0.6,100,-0.509749999999994,0.47063833333333727,5.250000000000004,8.293910910069306,14.52468333333333
40,15,advan4,nonmem_scm,focei,TVVc,structural_intercept,20,100,3.651749999999998,3.4871450000000013,6.764,9.986340565617617,15.57120000000001
40,15,advan4,nonmem_scm,focei,ResErr,structural_other,0.1,100,-0.4386664104781973,-0.5335738926550593,4.207333527149366,6.847260658906647,11.53460474268138
40,15,advan4,nonmem_scm,focei,TVKA,structural_other,0.7,100,0,0,0,0,0
40,15,advan4,nonmem_scm,focei,TVQ,structural_other,1.8,100,1.6502777777777768,1.7781444444444423,1.9258333333333364,2.8915652677279926,4.744722222222216
40,15,advan4,nonmem_scm,focei,TVVp,structural_other,80,100,0.2553124999999934,0.2969387499999995,1.1404999999999978,1.5710930990177667,2.392662500000008
40,15,advan4,nonmem_scm,focei,cov_VcCL,structural_other,0.02,100,1.4417499999999985,4.004048399999998,43.12350000000001,70.26554110909134,122.78364500000008
40,15,advan4,nonmem_scm,focei,var_CL,structural_other,0.1,100,-10.439300000000005,-8.552954000000005,15.334999999999994,24.269951709164978,37.22812000000002
40,15,advan4,nonmem_scm,focei,var_Vc,structural_other,0.1,100,-14.891850000000007,-11.586340900000005,22.930649999999996,33.64844784396839,53.49431
40,16,advan4,nonmem_scm,focei,CLBW,covariate_beta,0.75,60,-3.6378666666666635,-14.303386755555556,60.29666666666667,72.6976700234508,98.82928773333333
40,16,advan4,nonmem_scm,focei,CLcrCL,covariate_beta,0.5,75,-1.9950000000000023,-15.005991733333332,31.7434,59.74658905769266,98.927876
40,16,advan4,nonmem_scm,focei,VcBW,covariate_beta,1,71,-2.5449999999999973,-11.432994183098591,35.492999999999995,80.41741101521967,99.339082
40,16,advan4,nonmem_scm,focei,VcSEX,covariate_beta,0.4054651081081644,74,22.95481946647701,25.60635739234389,25.394914402343012,41.67421434923282,73.11858070910456
40,16,advan4,nonmem_scm,focei,TVCL,structural_intercept,0.6,100,2.070916666666663,1.6735950000000035,5.18858333333333,7.932957307317509,12.768983333333326
40,16,advan4,nonmem_scm,focei,TVVc,structural_intercept,20,100,4.459249999999999,4.977695,7.777500000000001,13.349481798650464,21.712500000000016
40,16,advan4,nonmem_scm,focei,ResErr,structural_other,0.1,100,-1.754219681546057,-1.672750583022244,5.055553911285829,6.412481314159736,10.131446959009825
40,16,advan4,nonmem_scm,focei,TVKA,structural_other,0.7,100,0,0,0,0,0
40,16,advan4,nonmem_scm,focei,TVQ,structural_other,1.8,100,1.6949999999999958,1.652161111111108,2.095555555555554,2.996508371895446,4.975277777777776
40,16,advan4,nonmem_scm,focei,TVVp,structural_other,80,100,0.3670000000000062,0.4485949999999999,1.2851874999999957,1.9155835873990206,3.0634999999999986
40,16,advan4,nonmem_scm,focei,cov_VcCL,structural_other,0.02,100,-8.430000000000009,-6.831447740000003,44.2915,76.54364852598435,140.01610000000016
40,16,advan4,nonmem_scm,focei,var_CL,structural_other,0.1,100,-9.326350000000003,-8.972753000000006,17.1348,24.704955880367404,41.29896
40,16,advan4,nonmem_scm,focei,var_Vc,structural_other,0.1,100,-7.670800000000005,-7.190735000000005,23.284350000000003,33.88631829300581,56.290380000000006
80,1,advan4,nonmem_scm,focei,TVCL,structural_intercept,0.6,100,-0.26233333333333664,0.46080500000000396,2.7402499999999907,3.8168784346272058,6.261333333333344
80,1,advan4,nonmem_scm,focei,TVVc,structural_intercept,20,100,2.7817500000000006,2.53557,4.246749999999996,5.964283420495709,8.888550000000002
80,1,advan4,nonmem_scm,focei,ResErr,structural_other,0.1,100,1.4393851518822234,1.325159106206179,3.1148972877219765,4.336701368409286,6.519953458948372
80,1,advan4,nonmem_scm,focei,TVKA,structural_other,0.7,100,0,0,0,0,0
80,1,advan4,nonmem_scm,focei,TVQ,structural_other,1.8,100,1.9855555555555553,2.2090999999999976,2.0136111111111097,2.6602666173353056,4.2183888888888825
80,1,advan4,nonmem_scm,focei,TVVp,structural_other,80,100,0.5598749999999963,0.49579749999999956,0.8796249999999972,1.2290594512420874,1.9152250000000044
80,1,advan4,nonmem_scm,focei,cov_VcCL,structural_other,0.02,100,-5.463500000000002,-3.751696500000002,33.599250000000005,48.958327022595704,79.977685
80,1,advan4,nonmem_scm,focei,var_CL,structural_other,0.1,100,-1.7743000000000064,-1.7134190000000056,10.775350000000003,15.100914372133234,24.614069999999995
80,1,advan4,nonmem_scm,focei,var_Vc,structural_other,0.1,100,-7.649700000000002,-8.666491000000006,19.902150000000002,27.155752522312838,44.327990000000014
80,2,advan4,nonmem_scm,focei,VcSEX,covariate_beta,0.4054651081081644,97,-1.0667603026328545,0.41094045446725047,12.431649444321963,20.27120573975775,31.66914128539008
80,2,advan4,nonmem_scm,focei,TVCL,structural_intercept,0.6,100,0.839833333333336,1.1723500000000033,2.5676666666666623,3.9433968105626347,7.14615
80,2,advan4,nonmem_scm,focei,TVVc,structural_intercept,20,100,1.670999999999996,2.3412949999999997,4.63425,7.765430685898882,12.246650000000002
80,2,advan4,nonmem_scm,focei,ResErr,structural_other,0.1,100,-1.5623550299894775,-1.1013485080140333,3.4501095898793395,4.87702794771626,8.01609226829746
80,2,advan4,nonmem_scm,focei,TVKA,structural_other,0.7,100,0,0,0,0,0
80,2,advan4,nonmem_scm,focei,TVQ,structural_other,1.8,100,1.6355555555555505,1.6200388888888861,1.7383333333333355,2.3370199625924344,3.933111111111107
80,2,advan4,nonmem_scm,focei,TVVp,structural_other,80,100,0.2833124999999992,0.31478999999999907,0.8853750000000015,1.1841757593628155,1.8511249999999984
80,2,advan4,nonmem_scm,focei,cov_VcCL,structural_other,0.02,100,-3.8352500000000087,-4.404406145000002,30.041000000000007,41.23063983496265,62.887400000000014
80,2,advan4,nonmem_scm,focei,var_CL,structural_other,0.1,100,-4.0870500000000085,-1.5748510000000053,12.323650000000006,16.376069076408417,24.5971
80,2,advan4,nonmem_scm,focei,var_Vc,structural_other,0.1,100,-3.530700000000005,-2.075080000000005,18.393500000000003,25.29188263486528,41.224430000000005
80,3,advan4,nonmem_scm,focei,VcBW,covariate_beta,1,98,-4.702100000000003,-25.051176173469386,22.086000000000006,57.167065986336986,98.86898500000001
80,3,advan4,nonmem_scm,focei,TVCL,structural_intercept,0.6,100,0.9400000000000057,0.8791100000000042,2.586999999999997,3.9177809968002166,6.2912666666666714
80,3,advan4,nonmem_scm,focei,TVVc,structural_intercept,20,100,-0.4732499999999984,0.5279850000000005,3.158000000000003,6.57005873851216,10.223249999999998
80,3,advan4,nonmem_scm,focei,ResErr,structural_other,0.1,100,0.4162832032816727,0.4907260105742006,2.9541861438998547,4.8502575070978065,7.980194488807278
80,3,advan4,nonmem_scm,focei,TVKA,structural_other,0.7,100,0,0,0,0,0
80,3,advan4,nonmem_scm,focei,TVQ,structural_other,1.8,100,1.9705555555555556,1.9436499999999979,1.993611111111114,2.5050014347843383,3.9314444444444407
80,3,advan4,nonmem_scm,focei,TVVp,structural_other,80,100,0.720874999999994,0.6398837500000004,1.015687500000002,1.4476434873290622,2.3251499999999994
80,3,advan4,nonmem_scm,focei,cov_VcCL,structural_other,0.02,100,-3.2569999999999997,-2.507184950000002,29.71375,45.851417890485244,80.00877000000001
80,3,advan4,nonmem_scm,focei,var_CL,structural_other,0.1,100,-4.639400000000009,-1.5528650000000057,13.233650000000008,16.46410150193748,24.467079999999996
80,3,advan4,nonmem_scm,focei,var_Vc,structural_other,0.1,100,-14.16110000000001,-11.533008000000006,20.377450000000007,26.03212185775873,40.383910000000014
80,4,advan4,nonmem_scm,focei,VcBW,covariate_beta,1,75,0.22100000000000453,-10.42813744,14.058499999999995,45.28301757306472,98.783942
80,4,advan4,nonmem_scm,focei,VcSEX,covariate_beta,0.4054651081081644,97,5.006246484694075,9.590206814374326,19.554250017299385,27.237135780466602,46.64960353444973
80,4,advan4,nonmem_scm,focei,TVCL,structural_intercept,0.6,100,1.2639166666666701,0.9254300000000045,2.577583333333337,3.76091858652171,5.662216666666661
80,4,advan4,nonmem_scm,focei,TVVc,structural_intercept,20,100,2.1632500000000032,3.0170099999999995,3.9820000000000007,6.899075117361746,11.73715
80,4,advan4,nonmem_scm,focei,ResErr,structural_other,0.1,100,-1.1265202436731987,-0.9123636537688927,3.037410722339942,4.671084537211623,7.830472532385417
80,4,advan4,nonmem_scm,focei,TVKA,structural_other,0.7,100,0,0,0,0,0
80,4,advan4,nonmem_scm,focei,TVQ,structural_other,1.8,100,1.4555555555555495,1.677111111111108,1.7100000000000017,2.4646189974251853,4.206444444444441
80,4,advan4,nonmem_scm,focei,TVVp,structural_other,80,100,0.089750000000004,0.1934974999999998,1.0077499999999961,1.4293099389434396,2.0251124999999957
80,4,advan4,nonmem_scm,focei,cov_VcCL,structural_other,0.02,100,-10.370750000000001,-7.1436027000000015,29.988500000000002,41.19627332656607,64.66672000000003
80,4,advan4,nonmem_scm,focei,var_CL,structural_other,0.1,100,-3.7975500000000038,-2.948825000000005,10.57495,16.47322962543472,26.61332000000001
80,4,advan4,nonmem_scm,focei,var_Vc,structural_other,0.1,100,-8.527700000000006,-9.291574000000006,13.946399999999997,22.998689544580582,41.03110000000001
80,5,advan4,nonmem_scm,focei,CLcrCL,covariate_beta,0.5,100,-0.625500000000001,-15.15743906,14.214199999999998,45.29025799109846,98.9531262
80,5,advan4,nonmem_scm,focei,TVCL,structural_intercept,0.6,100,0.5274166666666691,0.483925000000003,2.196666666666662,3.673573402280735,5.582900000000003
80,5,advan4,nonmem_scm,focei,TVVc,structural_intercept,20,100,2.3320000000000007,2.0031350000000003,3.289999999999997,5.3096418389096645,8.591899999999994
80,5,advan4,nonmem_scm,focei,ResErr,structural_other,0.1,100,-0.26805941517809434,0.09146052047556405,3.654865877656413,5.37843805438773,8.504872857867985
80,5,advan4,nonmem_scm,focei,TVKA,structural_other,0.7,100,0,0,0,0,0
80,5,advan4,nonmem_scm,focei,TVQ,structural_other,1.8,100,1.987499999999994,1.9781611111111086,2.0016666666666607,2.590706447698801,4.15716666666667
80,5,advan4,nonmem_scm,focei,TVVp,structural_other,80,100,0.47512499999999847,0.5038125000000002,0.9915625000000006,1.2749671419785698,2.0572500000000002
80,5,advan4,nonmem_scm,focei,cov_VcCL,structural_other,0.02,100,-16.601499999999998,-15.235988550000002,39.42025,49.90152037045635,80.61356500000001
80,5,advan4,nonmem_scm,focei,var_CL,structural_other,0.1,100,-8.634950000000002,-6.262142000000005,13.246800000000004,18.41954559572521,29.258860000000002
80,5,advan4,nonmem_scm,focei,var_Vc,structural_other,0.1,100,-4.243900000000002,-7.846567000000004,19.22030000000001,27.5683638822673,44.33060000000004
80,6,advan4,nonmem_scm,focei,CLcrCL,covariate_beta,0.5,99,-1.9113999999999964,-13.910144808080807,14.580199999999998,42.996967816898675,98.938096
80,6,advan4,nonmem_scm,focei,VcSEX,covariate_beta,0.4054651081081644,97,1.229588282594613,0.7602880002519905,12.652040624734592,20.73095741209236,34.933852225537656
80,6,advan4,nonmem_scm,focei,TVCL,structural_intercept,0.6,100,0.8295000000000016,0.8841133333333372,2.957500000000002,4.1997467729878935,6.55440000000002
80,6,advan4,nonmem_scm,focei,TVVc,structural_intercept,20,100,1.2147500000000022,1.8319300000000003,3.765749999999999,6.913967348418707,9.307850000000006
80,6,advan4,nonmem_scm,focei,ResErr,structural_other,0.1,100,-0.3611777943454478,-0.41099820669821885,3.2676067497942745,4.862616717328505,7.840279434283076
80,6,advan4,nonmem_scm,focei,TVKA,structural_other,0.7,100,0,0,0,0,0
80,6,advan4,nonmem_scm,focei,TVQ,structural_other,1.8,100,1.7961111111111094,1.8491555555555528,1.8280555555555535,2.498590804067931,3.874611111111105
80,6,advan4,nonmem_scm,focei,TVVp,structural_other,80,100,0.2513749999999959,0.3538700000000001,0.8800000000000008,1.2228448270068861,2.075387499999993
80,6,advan4,nonmem_scm,focei,cov_VcCL,structural_other,0.02,100,-3.648499999999999,-2.2302040000000027,31.674249999999994,45.87792339649322,67.93345500000005
80,6,advan4,nonmem_scm,focei,var_CL,structural_other,0.1,100,-3.968500000000007,-3.2356840000000062,11.587150000000005,15.345437595578693,24.608500000000006
80,6,advan4,nonmem_scm,focei,var_Vc,structural_other,0.1,100,-5.647950000000006,-4.427955000000006,14.60625000000001,23.050531304169546,38.34349000000002
80,7,advan4,nonmem_scm,focei,CLcrCL,covariate_beta,0.5,98,-2.5561,-16.170437102040815,13.124199999999997,43.608908763514165,98.956873
80,7,advan4,nonmem_scm,focei,VcBW,covariate_beta,1,92,-3.1531499999999992,-23.29893064130435,16.031699999999997,52.56586422174717,98.872518
80,7,advan4,nonmem_scm,focei,TVCL,structural_intercept,0.6,100,0.10924999999999593,-0.466149999999997,2.419333333333338,3.8930265903707033,5.494483333333336
80,7,advan4,nonmem_scm,focei,TVVc,structural_intercept,20,100,0.7304999999999939,1.2662199999999997,4.152749999999994,6.091494631040891,9.941999999999998
80,7,advan4,nonmem_scm,focei,ResErr,structural_other,0.1,100,-0.3903374802907769,-0.9286741288628364,2.493769439315188,4.209397317023692,7.756651865824378
80,7,advan4,nonmem_scm,focei,TVKA,structural_other,0.7,100,0,0,0,0,0
80,7,advan4,nonmem_scm,focei,TVQ,structural_other,1.8,100,1.8438888888888858,1.7798999999999967,1.8438888888888858,2.362726214919252,3.538944444444439
80,7,advan4,nonmem_scm,focei,TVVp,structural_other,80,100,0.34181249999999613,0.2826749999999995,0.9416874999999969,1.2681779873109291,2.0872374999999956
80,7,advan4,nonmem_scm,focei,cov_VcCL,structural_other,0.02,100,-0.6902500000000034,-0.6074915000000016,34.25849999999999,47.64746312901795,78.33447
80,7,advan4,nonmem_scm,focei,var_CL,structural_other,0.1,100,-3.681250000000011,-3.465856000000006,12.015600000000001,16.63891818856022,26.869860000000003
80,7,advan4,nonmem_scm,focei,var_Vc,structural_other,0.1,100,-6.467700000000007,-4.305978000000006,15.932200000000002,23.344160823507877,35.68760000000001
80,8,advan4,nonmem_scm,focei,CLcrCL,covariate_beta,0.5,98,-4.533799999999999,-20.540049836734696,16.336899999999993,46.50304956188677,98.9715124
80,8,advan4,nonmem_scm,focei,VcBW,covariate_beta,1,80,0.8549999999999947,-10.882047125,15.098600000000006,50.222694728879134,98.80181
80,8,advan4,nonmem_scm,focei,VcSEX,covariate_beta,0.4054651081081644,96,2.5504761608445685,8.831077925069554,16.593434586109872,29.79704806000291,50.97193309268544
80,8,advan4,nonmem_scm,focei,TVCL,structural_intercept,0.6,100,0.4191666666666742,0.5101633333333365,2.7133333333333365,4.1416650908112365,6.468850000000001
80,8,advan4,nonmem_scm,focei,TVVc,structural_intercept,20,100,1.945749999999995,1.8953950000000004,4.917750000000005,6.718377567352106,9.858900000000013
80,8,advan4,nonmem_scm,focei,ResErr,structural_other,0.1,100,-0.13351647532203192,-0.2443067483717165,2.8782998900668337,4.387442270200519,7.707625828895173
80,8,advan4,nonmem_scm,focei,TVKA,structural_other,0.7,100,0,0,0,0,0
80,8,advan4,nonmem_scm,focei,TVQ,structural_other,1.8,100,1.742222222222219,1.708905555555553,1.9299999999999935,2.6381259230375,3.948333333333333
80,8,advan4,nonmem_scm,focei,TVVp,structural_other,80,100,0.2480625000000014,0.30824375000000065,0.7610625000000049,1.3432306662134579,2.261387500000006
80,8,advan4,nonmem_scm,focei,cov_VcCL,structural_other,0.02,100,3.8057500000000024,1.588922499999997,33.44425,43.543060304214094,64.6717
80,8,advan4,nonmem_scm,focei,var_CL,structural_other,0.1,100,-3.566050000000008,-2.2916760000000056,8.623,15.133298569789735,24.979370000000014
80,8,advan4,nonmem_scm,focei,var_Vc,structural_other,0.1,100,-3.691700000000006,-4.620187000000005,14.975999999999996,23.126444201405022,38.04875000000002
80,9,advan4,nonmem_scm,focei,CLBW,covariate_beta,0.75,86,-20.036333333333335,-36.88183640310078,28.183466666666668,64.16624770002426,98.953886
80,9,advan4,nonmem_scm,focei,TVCL,structural_intercept,0.6,100,0.4706666666666748,0.4825366666666709,3.400500000000001,5.591810381710024,8.927233333333337
80,9,advan4,nonmem_scm,focei,TVVc,structural_intercept,20,100,1.0457500000000053,1.3701900000000002,2.8957500000000014,4.64170700497134,6.705800000000008
80,9,advan4,nonmem_scm,focei,ResErr,structural_other,0.1,100,0.4003773602483385,0.26534689996018446,3.2559066943416357,5.356707944994007,8.538748727127823
80,9,advan4,nonmem_scm,focei,TVKA,structural_other,0.7,100,0,0,0,0,0
80,9,advan4,nonmem_scm,focei,TVQ,structural_other,1.8,100,2.409444444444439,2.206799999999998,2.453055555555552,2.677563831932689,3.993888888888887
80,9,advan4,nonmem_scm,focei,TVVp,structural_other,80,100,0.6069375000000043,0.48031875000000035,0.9291249999999973,1.2741992049543314,2.0318500000000026
80,9,advan4,nonmem_scm,focei,cov_VcCL,structural_other,0.02,100,-7.460999999999995,-11.441932500000002,39.49725,46.696056041184306,69.36327000000003
80,9,advan4,nonmem_scm,focei,var_CL,structural_other,0.1,100,-8.258200000000008,-7.106946000000006,12.120550000000001,17.5031427851629,26.33080000000001
80,9,advan4,nonmem_scm,focei,var_Vc,structural_other,0.1,100,-3.4291000000000045,-1.6319070000000053,17.380400000000005,27.78088434682561,52.09560000000001
80,10,advan4,nonmem_scm,focei,CLBW,covariate_beta,0.75,84,-15.891933333333332,-31.273901857142857,24.613333333333337,59.58589629817808,98.89894546666666
80,10,advan4,nonmem_scm,focei,VcSEX,covariate_beta,0.4054651081081644,100,-0.8116819787369624,-1.4062155051307197,14.729717540344275,20.405610922962364,33.69839793854618
80,10,advan4,nonmem_scm,focei,TVCL,structural_intercept,0.6,100,1.0899999999999985,1.4491450000000037,3.313583333333333,5.080105405375191,8.692016666666673
80,10,advan4,nonmem_scm,focei,TVVc,structural_intercept,20,100,1.2075000000000014,1.6623250000000005,4.261500000000007,6.464228634377036,10.961200000000003
80,10,advan4,nonmem_scm,focei,ResErr,structural_other,0.1,100,-0.4265350058738279,-0.9839147655098338,2.408983886627261,4.24533309670345,6.682304884943854
80,10,advan4,nonmem_scm,focei,TVKA,structural_other,0.7,100,0,0,0,0,0
80,10,advan4,nonmem_scm,focei,TVQ,structural_other,1.8,100,1.7083333333333302,1.889944444444442,1.7083333333333302,2.465178278430271,4.3067222222222155
80,10,advan4,nonmem_scm,focei,TVVp,structural_other,80,100,0.5518750000000061,0.3707437499999999,0.8811249999999937,1.120194470212092,1.792200000000005
80,10,advan4,nonmem_scm,focei,cov_VcCL,structural_other,0.02,100,-7.587750000000006,-6.675305500000002,29.285500000000003,44.77347295487279,70.99361000000002
80,10,advan4,nonmem_scm,focei,var_CL,structural_other,0.1,100,-4.8255000000000035,-3.7742780000000047,9.965999999999989,15.933188667677292,27.683580000000003
80,10,advan4,nonmem_scm,focei,var_Vc,structural_other,0.1,100,-7.231750000000002,-5.188646000000006,15.12655000000001,21.18717917480758,34.22966000000001
80,11,advan4,nonmem_scm,focei,CLBW,covariate_beta,0.75,82,-11.081,-27.14022466666667,22.973066666666668,56.89500547651938,98.86921773333334
80,11,advan4,nonmem_scm,focei,VcBW,covariate_beta,1,90,-4.970000000000002,-20.92562938888889,15.515449999999998,52.030162161195904,98.898292
80,11,advan4,nonmem_scm,focei,TVCL,structural_intercept,0.6,100,0.5450833333333442,1.5461050000000025,3.2395833333333233,5.876540525518018,9.136616666666663
80,11,advan4,nonmem_scm,focei,TVVc,structural_intercept,20,100,1.6354999999999988,2.092704999999999,4.213750000000002,6.748934357919032,11.36515000000001
80,11,advan4,nonmem_scm,focei,ResErr,structural_other,0.1,100,-0.6858269394091967,-0.6481023811833891,3.169549598898383,4.724116450372148,7.793142641223992
80,11,advan4,nonmem_scm,focei,TVKA,structural_other,0.7,100,0,0,0,0,0
80,11,advan4,nonmem_scm,focei,TVQ,structural_other,1.8,100,1.7777777777777732,1.7853388888888864,1.7961111111111032,2.4105410443597926,3.9229444444444455
80,11,advan4,nonmem_scm,focei,TVVp,structural_other,80,100,0.3370000000000051,0.4487300000000003,0.7041250000000066,1.2048765905425758,2.0280374999999955
80,11,advan4,nonmem_scm,focei,cov_VcCL,structural_other,0.02,100,-5.842,-7.457165000000002,30.907249999999998,41.650520659500764,71.34024500000002
80,11,advan4,nonmem_scm,focei,var_CL,structural_other,0.1,100,-6.889200000000005,-5.551687000000005,12.816800000000002,16.196650798282345,26.09522000000002
80,11,advan4,nonmem_scm,focei,var_Vc,structural_other,0.1,100,-11.463200000000008,-10.251989000000005,14.458600000000002,22.403403936980204,39.86303
80,12,advan4,nonmem_scm,focei,CLBW,covariate_beta,0.75,86,-24.214666666666673,-43.71163275968992,28.2938,66.52011344348008,98.94553133333332
80,12,advan4,nonmem_scm,focei,VcBW,covariate_beta,1,75,-8.565999999999995,-31.685808026666667,17.837999999999997,57.2933715574275,98.945404
80,12,advan4,nonmem_scm,focei,VcSEX,covariate_beta,0.4054651081081644,98,8.406861946391277,12.051995180585823,19.515459879703734,26.601913718647275,42.7524172854347
80,12,advan4,nonmem_scm,focei,TVCL,structural_intercept,0.6,100,1.2872500000000084,1.6894300000000047,3.4309166666666635,5.251971143083118,8.461283333333336
80,12,advan4,nonmem_scm,focei,TVVc,structural_intercept,20,100,0.8887499999999983,1.35121,3.6472499999999997,6.8711675652686575,10.96930000000001
80,12,advan4,nonmem_scm,focei,ResErr,structural_other,0.1,100,0.45894683406309117,0.6060380657905149,3.7874704424915446,5.263638175434933,8.448035785026939
80,12,advan4,nonmem_scm,focei,TVKA,structural_other,0.7,100,0,0,0,0,0
80,12,advan4,nonmem_scm,focei,TVQ,structural_other,1.8,100,1.87194444444444,2.0078333333333314,1.8991666666666678,2.7404123000151026,4.578277777777775
80,12,advan4,nonmem_scm,focei,TVVp,structural_other,80,100,0.09325000000000472,0.2193587500000005,0.8143749999999983,1.2899172684832352,2.0463250000000004
80,12,advan4,nonmem_scm,focei,cov_VcCL,structural_other,0.02,100,-10.01475,-3.8930440000000024,29.055500000000002,42.98577329638027,68.59015000000002
80,12,advan4,nonmem_scm,focei,var_CL,structural_other,0.1,100,-5.625200000000004,-5.218411000000005,12.520599999999998,16.486748212036844,26.183460000000007
80,12,advan4,nonmem_scm,focei,var_Vc,structural_other,0.1,100,-6.5731000000000055,-7.2919380000000045,14.925899999999997,23.103871809391602,36.58190000000001
80,13,advan4,nonmem_scm,focei,CLBW,covariate_beta,0.75,89,-7.434666666666671,-27.692340239700375,26.078533333333336,59.34041766925281,98.86798186666665
80,13,advan4,nonmem_scm,focei,CLcrCL,covariate_beta,0.5,99,-5.947999999999998,-15.664829414141412,20.214599999999994,48.68523935864839,99.0279668
80,13,advan4,nonmem_scm,focei,TVCL,structural_intercept,0.6,100,0.7929166666666709,0.9350100000000038,3.1376666666666595,5.327644900370562,7.434066666666675
80,13,advan4,nonmem_scm,focei,TVVc,structural_intercept,20,100,1.5787499999999974,1.8019049999999999,3.175000000000008,4.893505323640713,7.828249999999995
80,13,advan4,nonmem_scm,focei,ResErr,structural_other,0.1,100,0.46217800378214186,-0.12362303826314812,3.1554646204553576,4.77429656102642,7.859938241717288
80,13,advan4,nonmem_scm,focei,TVKA,structural_other,0.7,100,0,0,0,0,0
80,13,advan4,nonmem_scm,focei,TVQ,structural_other,1.8,100,2.287499999999998,2.236377777777775,2.287499999999998,2.5801712906101555,3.81377777777777
80,13,advan4,nonmem_scm,focei,TVVp,structural_other,80,100,0.6364375000000067,0.69138,0.9071874999999974,1.3814166129149814,2.328487499999996
80,13,advan4,nonmem_scm,focei,cov_VcCL,structural_other,0.02,100,-10.375500000000008,-3.8116934550000017,36.136250000000004,52.39001069106607,85.65174
80,13,advan4,nonmem_scm,focei,var_CL,structural_other,0.1,100,-4.2602000000000055,-2.930040000000006,12.14685,15.293972887193178,24.788620000000012
80,13,advan4,nonmem_scm,focei,var_Vc,structural_other,0.1,100,-9.195550000000004,-7.325144000000005,16.718049999999998,25.173371912888427,42.40605
80,14,advan4,nonmem_scm,focei,CLBW,covariate_beta,0.75,89,-7.506666666666669,-26.41282545318352,23.107599999999998,54.61449496798397,98.73294400000002
80,14,advan4,nonmem_scm,focei,CLcrCL,covariate_beta,0.5,97,-5.4396,-17.331164536082476,18.323,50.98837675352181,99.0043992
80,14,advan4,nonmem_scm,focei,VcSEX,covariate_beta,0.4054651081081644,99,-0.9409610876163534,-0.7634137458435465,14.36693164318214,19.74982108802308,29.73576280763729
80,14,advan4,nonmem_scm,focei,TVCL,structural_intercept,0.6,100,0.4343333333333421,0.8109883333333364,3.8783333333333356,5.531527384080579,9.041350000000001
80,14,advan4,nonmem_scm,focei,TVVc,structural_intercept,20,100,1.9819999999999993,2.1793350000000005,4.834750000000003,6.5548873504813185,9.329750000000004
80,14,advan4,nonmem_scm,focei,ResErr,structural_other,0.1,100,-0.6932802306520367,0.19163032356725965,3.203693761609644,5.252907317528738,8.264705514180077
80,14,advan4,nonmem_scm,focei,TVKA,structural_other,0.7,100,0,0,0,0,0
80,14,advan4,nonmem_scm,focei,TVQ,structural_other,1.8,100,1.929166666666661,1.8097777777777757,1.9374999999999933,2.5099715494428096,4.171555555555557
80,14,advan4,nonmem_scm,focei,TVVp,structural_other,80,100,0.501624999999999,0.4538687499999993,0.827,1.2544926001799492,2.0432375000000036
80,14,advan4,nonmem_scm,focei,cov_VcCL,structural_other,0.02,100,2.484249999999992,3.2563704999999965,22.023999999999994,36.05187871567687,59.547250000000005
80,14,advan4,nonmem_scm,focei,var_CL,structural_other,0.1,100,-7.8646000000000065,-5.218889000000006,12.350900000000005,16.380941100226813,24.828379999999992
80,14,advan4,nonmem_scm,focei,var_Vc,structural_other,0.1,100,-2.382000000000009,-1.3902360000000062,14.500400000000003,22.520919608954692,36.66499999999999
80,15,advan4,nonmem_scm,focei,CLBW,covariate_beta,0.75,84,-10.396200000000002,-26.733326269841267,26.636133333333333,59.67089044056122,98.90161760000001
80,15,advan4,nonmem_scm,focei,CLcrCL,covariate_beta,0.5,95,-0.47519999999999785,-13.150869431578949,24.656999999999996,49.205872311779665,99.0154672
80,15,advan4,nonmem_scm,focei,VcBW,covariate_beta,1,90,-12.75635,-30.386842077777775,23.341999999999995,59.03831161273371,98.91727900000001
80,15,advan4,nonmem_scm,focei,TVCL,structural_intercept,0.6,100,0.1803333333333379,0.95604166666667,4.244499999999994,6.246852408546778,10.641466666666675
80,15,advan4,nonmem_scm,focei,TVVc,structural_intercept,20,100,1.926749999999995,2.0195850000000006,3.9269999999999956,6.864783862766548,11.822799999999994
80,15,advan4,nonmem_scm,focei,ResErr,structural_other,0.1,100,-0.08695246318685124,0.210515621377434,2.7119684572305403,4.816884441681375,9.140267456694156
80,15,advan4,nonmem_scm,focei,TVKA,structural_other,0.7,100,0,0,0,0,0
80,15,advan4,nonmem_scm,focei,TVQ,structural_other,1.8,100,2.0766666666666587,2.0208777777777756,2.110277777777774,2.6516850221680017,4.1477777777777805
80,15,advan4,nonmem_scm,focei,TVVp,structural_other,80,100,0.5899374999999996,0.49180375000000026,0.8176875000000018,1.2502682495293764,2.0728250000000017
80,15,advan4,nonmem_scm,focei,cov_VcCL,structural_other,0.02,100,3.174999999999992,0.474036499999998,26.913999999999994,42.921133431795866,70.47039000000002
80,15,advan4,nonmem_scm,focei,var_CL,structural_other,0.1,100,-3.2684000000000046,-3.2207600000000056,11.395600000000005,16.569368877413527,26.248870000000014
80,15,advan4,nonmem_scm,focei,var_Vc,structural_other,0.1,100,-9.7275,-6.912545000000005,19.134850000000004,24.521193468787363,38.257850000000005
80,16,advan4,nonmem_scm,focei,CLBW,covariate_beta,0.75,80,-22.296466666666664,-30.676344283333336,33.51,62.98975749063311,98.93260773333333
80,16,advan4,nonmem_scm,focei,CLcrCL,covariate_beta,0.5,98,-12.093699999999997,-21.444108183673467,20.5257,49.372570671905954,98.9661756
80,16,advan4,nonmem_scm,focei,VcBW,covariate_beta,1,83,-4.613,-23.379668240963856,19.900000000000006,57.481509654181075,98.8181
80,16,advan4,nonmem_scm,focei,VcSEX,covariate_beta,0.4054651081081644,96,1.792079039397739,4.6402845352997115,16.19871537115756,25.379282850853357,41.83915599961952
80,16,advan4,nonmem_scm,focei,TVCL,structural_intercept,0.6,100,1.0364166666666694,1.333953333333337,2.5889166666666723,4.94487078002157,7.789866666666658
80,16,advan4,nonmem_scm,focei,TVVc,structural_intercept,20,100,1.1885000000000012,2.05269,3.9860000000000007,6.942243866719176,11.025050000000006
80,16,advan4,nonmem_scm,focei,ResErr,structural_other,0.1,100,-0.7628365534591702,-0.4758999190326148,3.2891085961981177,4.847812270140185,7.977673180696665
80,16,advan4,nonmem_scm,focei,TVKA,structural_other,0.7,100,0,0,0,0,0
80,16,advan4,nonmem_scm,focei,TVQ,structural_other,1.8,100,1.9705555555555556,1.9382166666666645,1.9705555555555556,2.5468310126096143,4.183944444444445
80,16,advan4,nonmem_scm,focei,TVVp,structural_other,80,100,0.541937500000005,0.4554987500000003,0.9294374999999987,1.4127071648412317,2.5468874999999955
80,16,advan4,nonmem_scm,focei,cov_VcCL,structural_other,0.02,100,-3.221750000000001,5.047157699999998,27.67975,46.17136088465207,68.139505
80,16,advan4,nonmem_scm,focei,var_CL,structural_other,0.1,100,-4.2977500000000095,-5.2405270000000055,12.20050000000001,17.587154711012808,28.029120000000013
80,16,advan4,nonmem_scm,focei,var_Vc,structural_other,0.1,100,-10.234150000000005,-8.037712000000004,14.10465000000001,21.65857254444069,36.62942000000001
300,1,advan4,nonmem_scm,focei,TVCL,structural_intercept,0.6,100,0.9490000000000054,0.8174883333333376,1.262416666666664,1.936378252262027,3.428616666666664
300,1,advan4,nonmem_scm,focei,TVVc,structural_intercept,20,100,2.0487499999999947,1.92772,2.3634999999999984,3.2956884576670777,5.081950000000004
300,1,advan4,nonmem_scm,focei,ResErr,structural_other,0.1,100,0.7477028292612459,0.9166424076173758,1.4696165330311193,2.543308568877138,3.8902738973742252
300,1,advan4,nonmem_scm,focei,TVKA,structural_other,0.7,100,0,0,0,0,0
300,1,advan4,nonmem_scm,focei,TVQ,structural_other,1.8,100,2.142499999999998,2.1350111111111088,2.142499999999998,2.257891562640236,3.131555555555552
300,1,advan4,nonmem_scm,focei,TVVp,structural_other,80,100,0.5319374999999926,0.5212287499999994,0.5864374999999988,0.7771382053124455,1.2955249999999998
300,1,advan4,nonmem_scm,focei,cov_VcCL,structural_other,0.02,100,-5.37450000000001,-3.536912500000003,18.752999999999997,26.076142351409555,42.03670000000001
300,1,advan4,nonmem_scm,focei,var_CL,structural_other,0.1,100,-1.6444500000000057,-1.999644000000006,5.219400000000006,8.748344199367102,15.48332
300,1,advan4,nonmem_scm,focei,var_Vc,structural_other,0.1,100,-5.554700000000003,-4.211913000000006,8.60960000000001,13.240083745184547,21.07026000000001
300,2,advan4,nonmem_scm,focei,VcSEX,covariate_beta,0.4054651081081644,100,0.31784771542991636,-0.6857060861197019,7.756793857816435,11.99912796978781,19.40836356353089
300,2,advan4,nonmem_scm,focei,TVCL,structural_intercept,0.6,100,0.6096666666666658,0.8236716666666708,1.3821666666666752,2.340015912754538,3.8363166666666713
300,2,advan4,nonmem_scm,focei,TVVc,structural_intercept,20,100,0.9085000000000055,1.3214849999999998,2.1255000000000024,3.731572563611754,6.265199999999998
300,2,advan4,nonmem_scm,focei,ResErr,structural_other,0.1,100,-0.024818950406679807,0.23336438584357508,1.9050825494728167,2.708177031008834,4.782472648181406
300,2,advan4,nonmem_scm,focei,TVKA,structural_other,0.7,100,0,0,0,0,0
300,2,advan4,nonmem_scm,focei,TVQ,structural_other,1.8,100,1.8558333333333281,1.7989277777777744,1.8558333333333281,2.0332668788472583,2.9973888888888833
300,2,advan4,nonmem_scm,focei,TVVp,structural_other,80,100,0.2600625000000001,0.29587375,0.48487500000000233,0.6953693610458044,1.1664875000000063
300,2,advan4,nonmem_scm,focei,cov_VcCL,structural_other,0.02,100,-1.15525,-1.0559690000000028,16.950999999999997,24.554938774952177,38.893550000000054
300,2,advan4,nonmem_scm,focei,var_CL,structural_other,0.1,100,0.2829999999999916,-0.0654290000000056,5.416700000000003,7.574437035536041,11.618940000000006
300,2,advan4,nonmem_scm,focei,var_Vc,structural_other,0.1,100,-3.2515000000000045,-2.7976280000000053,8.505499999999993,12.300832751183965,20.27174000000001
300,3,advan4,nonmem_scm,focei,VcBW,covariate_beta,1,100,0.38849999999999163,-8.219376290000001,6.214500000000001,31.761472110720945,39.99677000000016
300,3,advan4,nonmem_scm,focei,TVCL,structural_intercept,0.6,100,1.0198333333333403,0.8186283333333368,1.6013333333333344,2.0972551669450676,3.4917999999999916
300,3,advan4,nonmem_scm,focei,TVVc,structural_intercept,20,100,1.1947499999999955,1.1534699999999998,2.043499999999998,3.0684712121836837,5.064700000000006
300,3,advan4,nonmem_scm,focei,ResErr,structural_other,0.1,100,0.8907702385530445,0.8063637763137128,1.7889545569915246,2.5167329491339085,4.087550206673154
300,3,advan4,nonmem_scm,focei,TVKA,structural_other,0.7,100,0,0,0,0,0
300,3,advan4,nonmem_scm,focei,TVQ,structural_other,1.8,100,2.085277777777777,2.0889388888888876,2.085277777777777,2.2774278775966352,3.290222222222224
300,3,advan4,nonmem_scm,focei,TVVp,structural_other,80,100,0.46275000000000516,0.4662324999999994,0.5525625000000023,0.8162860891715593,1.2576249999999973
300,3,advan4,nonmem_scm,focei,cov_VcCL,structural_other,0.02,100,1.7572499999999984,0.8921134999999975,17.13024999999999,25.640880379615965,44.498850000000004
300,3,advan4,nonmem_scm,focei,var_CL,structural_other,0.1,100,-0.7908500000000096,-0.8749790000000054,6.310599999999999,8.399442129409548,12.872770000000012
300,3,advan4,nonmem_scm,focei,var_Vc,structural_other,0.1,100,-4.954100000000003,-4.040345000000006,8.891999999999998,12.917332971929618,19.150570000000002
300,4,advan4,nonmem_scm,focei,VcBW,covariate_beta,1,90,1.8105000000000038,-1.0323811111111116,6.802050000000004,19.08405892364678,17.767280000000003
300,4,advan4,nonmem_scm,focei,VcSEX,covariate_beta,0.4054651081081644,100,0.899687924740077,3.2097343917296226,10.58009497947807,17.524990688680397,31.05745618895341
300,4,advan4,nonmem_scm,focei,TVCL,structural_intercept,0.6,100,0.5435000000000023,0.6442450000000037,1.2454166666666655,2.104838276777789,3.4553499999999966
300,4,advan4,nonmem_scm,focei,TVVc,structural_intercept,20,100,1.8392500000000034,2.11241,2.6860000000000017,4.3536329387076265,6.762150000000007
300,4,advan4,nonmem_scm,focei,ResErr,structural_other,0.1,100,0.36981333168221303,0.08486774246152282,1.5532414382855506,2.32283264737134,3.5480019128609293
300,4,advan4,nonmem_scm,focei,TVKA,structural_other,0.7,100,0,0,0,0,0
300,4,advan4,nonmem_scm,focei,TVQ,structural_other,1.8,100,1.9224999999999937,1.8772999999999973,1.9224999999999937,2.0996292970867922,3.0053888888888824
300,4,advan4,nonmem_scm,focei,TVVp,structural_other,80,100,0.30393749999999997,0.2935412500000011,0.501750000000003,0.7123949219665663,1.1424624999999955
300,4,advan4,nonmem_scm,focei,cov_VcCL,structural_other,0.02,100,1.6720000000000017,0.8966184999999975,15.689999999999998,24.731473231425678,37.4722
300,4,advan4,nonmem_scm,focei,var_CL,structural_other,0.1,100,-0.6094000000000099,0.05473799999999446,5.425399999999997,8.408641164076393,13.757799999999998
300,4,advan4,nonmem_scm,focei,var_Vc,structural_other,0.1,100,-2.254200000000005,-3.361495000000006,8.6233,12.545618868031184,21.739410000000007
300,5,advan4,nonmem_scm,focei,CLcrCL,covariate_beta,0.5,100,-0.5086999999999953,-3.152082300000001,6.396899999999994,21.82544198173178,17.140140000000002
300,5,advan4,nonmem_scm,focei,TVCL,structural_intercept,0.6,100,0.8834166666666736,0.9463050000000041,1.244833333333334,2.173243913357277,3.7396333333333387
300,5,advan4,nonmem_scm,focei,TVVc,structural_intercept,20,100,1.6735000000000075,1.646055,2.068000000000003,2.8715177741919,4.771050000000007
300,5,advan4,nonmem_scm,focei,ResErr,structural_other,0.1,100,0.4853207146304009,0.8497771231824489,1.7540079205635093,2.817884909557,4.955711431294906
300,5,advan4,nonmem_scm,focei,TVKA,structural_other,0.7,100,0,0,0,0,0
300,5,advan4,nonmem_scm,focei,TVQ,structural_other,1.8,100,2.16194444444444,2.0147499999999976,2.16194444444444,2.17683864742281,3.1313333333333278
300,5,advan4,nonmem_scm,focei,TVVp,structural_other,80,100,0.41506249999999406,0.4676950000000002,0.46549999999999875,0.7432866121574504,1.1455499999999972
300,5,advan4,nonmem_scm,focei,cov_VcCL,structural_other,0.02,100,-2.787750000000002,-2.767231000000003,18.2475,28.235874323602054,44.05385000000005
300,5,advan4,nonmem_scm,focei,var_CL,structural_other,0.1,100,-3.9326500000000095,-2.6795650000000055,6.405600000000004,8.872342268730396,13.330890000000009
300,5,advan4,nonmem_scm,focei,var_Vc,structural_other,0.1,100,-2.0834500000000076,-3.1720240000000044,8.497999999999992,13.02768934202071,21.894630000000003
300,6,advan4,nonmem_scm,focei,CLcrCL,covariate_beta,0.5,100,0.8892999999999929,-5.289892640000001,6.868399999999997,25.791682312390314,17.848160000000014
300,6,advan4,nonmem_scm,focei,VcSEX,covariate_beta,0.4054651081081644,100,-1.8316866874409408,0.0934061551682021,7.752372538401646,10.618198756314378,17.869029031980112
300,6,advan4,nonmem_scm,focei,TVCL,structural_intercept,0.6,100,0.8272500000000016,0.6742150000000036,1.3315833333333305,2.0309918278324566,2.982750000000003
300,6,advan4,nonmem_scm,focei,TVVc,structural_intercept,20,100,1.3127499999999959,1.2902700000000005,2.674499999999993,3.56086642827276,5.7413499999999935
300,6,advan4,nonmem_scm,focei,ResErr,structural_other,0.1,100,-0.18544698122224812,0.0843297590882644,1.7094102317576216,2.4752874948873997,4.283515384310235
300,6,advan4,nonmem_scm,focei,TVKA,structural_other,0.7,100,0,0,0,0,0
300,6,advan4,nonmem_scm,focei,TVQ,structural_other,1.8,100,2.144166666666663,2.0977388888888866,2.144166666666663,2.2860985385100454,3.2261111111111047
300,6,advan4,nonmem_scm,focei,TVVp,structural_other,80,100,0.40474999999999817,0.4280675000000007,0.5630000000000024,0.7554975610069828,1.1355875000000069
300,6,advan4,nonmem_scm,focei,cov_VcCL,structural_other,0.02,100,-2.0695,-0.5277055000000028,17.104,26.790552287756686,40.693700000000035
300,6,advan4,nonmem_scm,focei,var_CL,structural_other,0.1,100,-1.2239500000000083,-0.7255800000000051,5.469299999999996,9.077353465410502,15.26032
300,6,advan4,nonmem_scm,focei,var_Vc,structural_other,0.1,100,-1.4357500000000065,-2.735524000000006,8.972400000000006,11.912791039307288,19.96011000000001
300,7,advan4,nonmem_scm,focei,CLcrCL,covariate_beta,0.5,98,-1.0982999999999965,-10.097305959183672,6.639400000000001,31.372698090010793,23.433339999999998
300,7,advan4,nonmem_scm,focei,VcBW,covariate_beta,1,100,-2.0207499999999987,-14.728376399999998,9.608650000000003,39.614451857375485,98.74318500000001
300,7,advan4,nonmem_scm,focei,TVCL,structural_intercept,0.6,100,0.6133333333333362,0.6216566666666705,1.5325000000000109,2.369432074124282,4.104566666666673
300,7,advan4,nonmem_scm,focei,TVVc,structural_intercept,20,100,0.697000000000001,1.2177650000000007,1.6370000000000038,3.122495155720822,4.801199999999997
300,7,advan4,nonmem_scm,focei,ResErr,structural_other,0.1,100,0.20004709673307475,0.007657770519102214,1.7221444472822478,2.350222520566626,3.538004835375874
300,7,advan4,nonmem_scm,focei,TVKA,structural_other,0.7,100,0,0,0,0,0
300,7,advan4,nonmem_scm,focei,TVQ,structural_other,1.8,100,1.963611111111109,1.973233333333331,1.963611111111109,2.1297727708738194,2.8719444444444417
300,7,advan4,nonmem_scm,focei,TVVp,structural_other,80,100,0.4496250000000046,0.4483549999999998,0.5396875000000013,0.7040234098114214,1.069925000000007
300,7,advan4,nonmem_scm,focei,cov_VcCL,structural_other,0.02,100,-5.137000000000006,-2.3756635000000026,19.437500000000004,26.936133484207136,38.98675
300,7,advan4,nonmem_scm,focei,var_CL,structural_other,0.1,100,-2.907700000000006,-2.371640000000006,6.083049999999999,9.902108194652289,16.091290000000008
300,7,advan4,nonmem_scm,focei,var_Vc,structural_other,0.1,100,-2.4880500000000056,-3.0458520000000058,9.196450000000002,12.69985843382516,20.32218000000001
300,8,advan4,nonmem_scm,focei,CLcrCL,covariate_beta,0.5,97,-0.7045999999999997,-4.811033381443299,8.78540000000001,25.058989049504575,21.089360000000006
300,8,advan4,nonmem_scm,focei,VcBW,covariate_beta,1,93,-1.695599999999997,-6.413752354838708,6.745500000000004,27.447696595490505,21.184999999999995
300,8,advan4,nonmem_scm,focei,VcSEX,covariate_beta,0.4054651081081644,100,2.0209924690038137,2.712480933087939,8.797999450321608,14.661508247034877,22.06008095176766
300,8,advan4,nonmem_scm,focei,TVCL,structural_intercept,0.6,100,0.7646666666666728,0.8305450000000038,1.2581666666666622,2.114470055553717,3.4364833333333387
300,8,advan4,nonmem_scm,focei,TVVc,structural_intercept,20,100,1.7799999999999996,1.8360349999999994,2.5694999999999983,3.739541718914231,6.3558500000000056
300,8,advan4,nonmem_scm,focei,ResErr,structural_other,0.1,100,0.3418898131093348,0.3129670793720088,1.7593523400045996,2.2788339398905832,3.6958191133247165
300,8,advan4,nonmem_scm,focei,TVKA,structural_other,0.7,100,0,0,0,0,0
300,8,advan4,nonmem_scm,focei,TVQ,structural_other,1.8,100,2.0011111111111077,1.9110999999999971,2.0011111111111077,2.0989682724238503,2.921444444444441
300,8,advan4,nonmem_scm,focei,TVVp,structural_other,80,100,0.41168749999999754,0.3274712499999996,0.5705000000000027,0.6866969356319059,1.018362500000004
300,8,advan4,nonmem_scm,focei,cov_VcCL,structural_other,0.02,100,-0.8737500000000065,1.1592519999999975,18.475999999999996,25.24067756230803,40.68200000000001
300,8,advan4,nonmem_scm,focei,var_CL,structural_other,0.1,100,-2.6477500000000043,-1.9455250000000055,5.285899999999996,8.653490963137363,14.302969999999995
300,8,advan4,nonmem_scm,focei,var_Vc,structural_other,0.1,100,-4.118100000000006,-2.9478680000000055,8.188950000000007,10.430409667525051,17.05890000000001
300,9,advan4,nonmem_scm,focei,CLBW,covariate_beta,0.75,99,-4.368133333333338,-22.913645225589224,10.047333333333325,49.08471950324014,98.82904373333332
300,9,advan4,nonmem_scm,focei,TVCL,structural_intercept,0.6,100,0.9505000000000116,0.8007533333333375,1.8361666666666665,2.478726564297797,3.687583333333343
300,9,advan4,nonmem_scm,focei,TVVc,structural_intercept,20,100,1.6042500000000004,1.6775849999999992,2.1017499999999956,3.029697121413294,5.020599999999999
300,9,advan4,nonmem_scm,focei,ResErr,structural_other,0.1,100,0.7151924467554138,0.6145349245570938,1.615603418863909,2.3266317045420513,3.8096108617342557
300,9,advan4,nonmem_scm,focei,TVKA,structural_other,0.7,100,0,0,0,0,0
300,9,advan4,nonmem_scm,focei,TVQ,structural_other,1.8,100,2.4138888888888883,2.4145499999999975,2.4138888888888883,2.5245400748465374,3.3847222222222193
300,9,advan4,nonmem_scm,focei,TVVp,structural_other,80,100,0.6766875000000017,0.6470562499999998,0.6766875000000017,0.8418940644649128,1.343737500000005
300,9,advan4,nonmem_scm,focei,cov_VcCL,structural_other,0.02,100,3.046499999999992,3.265852499999998,14.673749999999997,25.88568425090353,41.19455000000002
300,9,advan4,nonmem_scm,focei,var_CL,structural_other,0.1,100,-2.6748500000000064,-2.792598000000005,5.499499999999998,8.596134428869759,14.339610000000011
300,9,advan4,nonmem_scm,focei,var_Vc,structural_other,0.1,100,0.9719999999999938,-0.870989000000006,8.365200000000003,12.497422560804287,19.248499999999993
300,10,advan4,nonmem_scm,focei,CLBW,covariate_beta,0.75,98,-2.3821333333333325,-17.311059006802722,11.284066666666666,43.46218335397039,98.7385448
300,10,advan4,nonmem_scm,focei,VcSEX,covariate_beta,0.4054651081081644,100,-1.2155618131292216,-0.1979017500726302,6.59035041337733,9.471090357625677,15.188470934076062
300,10,advan4,nonmem_scm,focei,TVCL,structural_intercept,0.6,100,0.7367500000000082,0.7203883333333371,1.691499999999994,2.5066930215259053,4.121833333333332
300,10,advan4,nonmem_scm,focei,TVVc,structural_intercept,20,100,1.1125000000000007,1.4475950000000002,2.2580000000000044,3.3683659358062625,5.775900000000004
300,10,advan4,nonmem_scm,focei,ResErr,structural_other,0.1,100,-0.11824601955486014,0.2050282694550884,1.3521624775189798,2.1027710548181724,3.506038217612928
300,10,advan4,nonmem_scm,focei,TVKA,structural_other,0.7,100,0,0,0,0,0
300,10,advan4,nonmem_scm,focei,TVQ,structural_other,1.8,100,1.9805555555555532,2.0736388888888864,1.9805555555555532,2.253144512552276,3.08366666666667
300,10,advan4,nonmem_scm,focei,TVVp,structural_other,80,100,0.4520625000000056,0.5054124999999997,0.5472499999999946,0.8097918019466487,1.3261250000000047
300,10,advan4,nonmem_scm,focei,cov_VcCL,structural_other,0.02,100,-2.331249999999998,1.2031724999999978,20.367499999999993,28.748170346133765,45.1465
300,10,advan4,nonmem_scm,focei,var_CL,structural_other,0.1,100,-1.1323000000000096,-0.22458800000000567,6.1764999999999946,7.958457302178608,11.832260000000016
300,10,advan4,nonmem_scm,focei,var_Vc,structural_other,0.1,100,-5.212850000000005,-3.124529000000006,10.198899999999997,13.334145416962423,21.321460000000005
300,11,advan4,nonmem_scm,focei,CLBW,covariate_beta,0.75,99,-2.392666666666665,-19.278079407407407,8.41453333333333,46.96840535551208,98.81973093333333
300,11,advan4,nonmem_scm,focei,VcBW,covariate_beta,1,100,-2.0735,-10.1451637,6.852750000000002,33.70492866988564,98.317876
300,11,advan4,nonmem_scm,focei,TVCL,structural_intercept,0.6,100,0.2582499999999969,0.5631400000000044,1.8165833333333345,2.8401818513765806,4.411483333333335
300,11,advan4,nonmem_scm,focei,TVVc,structural_intercept,20,100,1.292749999999998,1.153420000000001,1.8402500000000008,3.0097136068071335,5.0278
300,11,advan4,nonmem_scm,focei,ResErr,structural_other,0.1,100,0.46192865089469265,0.4485971190782992,1.5608270701471318,2.5826684232280397,4.321659777298762
300,11,advan4,nonmem_scm,focei,TVKA,structural_other,0.7,100,0,0,0,0,0
300,11,advan4,nonmem_scm,focei,TVQ,structural_other,1.8,100,1.8949999999999987,1.8747222222222197,1.8949999999999987,2.0455238485079574,2.784777777777774
300,11,advan4,nonmem_scm,focei,TVVp,structural_other,80,100,0.424124999999993,0.456255,0.4860625000000063,0.7240269919001644,1.221725000000003
300,11,advan4,nonmem_scm,focei,cov_VcCL,structural_other,0.02,100,-1.9135000000000073,-0.02633150000000164,20.2145,26.833804457610462,41.86450000000001
300,11,advan4,nonmem_scm,focei,var_CL,structural_other,0.1,100,-1.6699500000000034,-1.2446910000000053,5.161250000000006,8.49061376561789,13.324200000000008
300,11,advan4,nonmem_scm,focei,var_Vc,structural_other,0.1,100,-4.064750000000005,-3.6183130000000054,8.129250000000004,12.17186846648862,20.01281000000001
300,12,advan4,nonmem_scm,focei,CLBW,covariate_beta,0.75,99,-4.2809333333333335,-19.83784742087542,11.8396,45.35722309501248,98.82072720000001
300,12,advan4,nonmem_scm,focei,VcBW,covariate_beta,1,96,-0.3054500000000071,-12.505719,7.200000000000006,41.860712018077066,98.79166000000001
300,12,advan4,nonmem_scm,focei,VcSEX,covariate_beta,0.4054651081081644,100,-0.35494415653892747,-0.42081140710007725,7.628582289918732,14.024429006014236,22.23580517628271
300,12,advan4,nonmem_scm,focei,TVCL,structural_intercept,0.6,100,0.4277500000000045,0.5686916666666708,1.3656666666666633,2.4810607303127443,3.6304666666666714
300,12,advan4,nonmem_scm,focei,TVVc,structural_intercept,20,100,1.0065000000000082,1.55357,2.2604999999999986,3.811012120159159,6.500650000000002
300,12,advan4,nonmem_scm,focei,ResErr,structural_other,0.1,100,0.6928466733421151,0.6192757655087139,1.5870691658672262,2.524529044843053,3.717835160018452
300,12,advan4,nonmem_scm,focei,TVKA,structural_other,0.7,100,0,0,0,0,0
300,12,advan4,nonmem_scm,focei,TVQ,structural_other,1.8,100,2.0813888888888874,2.0317388888888863,2.0813888888888874,2.2300296771816965,3.26044444444444
300,12,advan4,nonmem_scm,focei,TVVp,structural_other,80,100,0.32862500000000233,0.3191875000000007,0.5378125000000011,0.7181751642618257,1.1321999999999923
300,12,advan4,nonmem_scm,focei,cov_VcCL,structural_other,0.02,100,0.44299999999999723,0.8177254999999977,12.925500000000001,20.69077660319991,34.13080000000001
300,12,advan4,nonmem_scm,focei,var_CL,structural_other,0.1,100,-1.6630500000000061,-1.7959130000000059,4.799150000000009,8.664208361812406,14.55351
300,12,advan4,nonmem_scm,focei,var_Vc,structural_other,0.1,100,-4.944900000000009,-4.880717000000006,7.956649999999995,11.354286234488722,17.634570000000007
300,13,advan4,nonmem_scm,focei,CLBW,covariate_beta,0.75,98,-1.0887333333333322,-8.27131412244898,9.505133333333337,36.07960159672827,98.68325613333333
300,13,advan4,nonmem_scm,focei,CLcrCL,covariate_beta,0.5,99,-2.520599999999995,-8.100441616161616,7.068000000000008,29.051794796558326,31.83392000000001
300,13,advan4,nonmem_scm,focei,TVCL,structural_intercept,0.6,100,0.4220000000000057,0.3167366666666714,1.65783333333334,2.955548995439671,4.7773833333333435
300,13,advan4,nonmem_scm,focei,TVVc,structural_intercept,20,100,0.9060000000000022,1.2648699999999988,1.5942500000000062,2.7739071947345306,4.661300000000001
300,13,advan4,nonmem_scm,focei,ResErr,structural_other,0.1,100,-0.1377200221183289,0.037088762951117266,1.867235713376457,2.5207434240270317,3.957106598609307
300,13,advan4,nonmem_scm,focei,TVKA,structural_other,0.7,100,0,0,0,0,0
300,13,advan4,nonmem_scm,focei,TVQ,structural_other,1.8,100,2.160277777777775,2.1334888888888868,2.160277777777775,2.257385627306589,2.8783888888888867
300,13,advan4,nonmem_scm,focei,TVVp,structural_other,80,100,0.7004374999999997,0.6509512500000003,0.743937499999996,0.8709526358569968,1.3308624999999936
300,13,advan4,nonmem_scm,focei,cov_VcCL,structural_other,0.02,100,-4.213500000000001,-4.9364040000000005,20.742999999999995,27.645256811446878,43.10440000000001
300,13,advan4,nonmem_scm,focei,var_CL,structural_other,0.1,100,-2.7031500000000084,-1.9850090000000054,6.2768500000000005,8.110122456319635,13.257220000000004
300,13,advan4,nonmem_scm,focei,var_Vc,structural_other,0.1,100,-1.7971500000000042,-1.4913240000000054,8.913499999999997,12.590341114521083,21.297130000000003
300,14,advan4,nonmem_scm,focei,CLBW,covariate_beta,0.75,100,-1.179000000000004,-18.319039280000002,10.9634,45.64507201389483,98.7874068
300,14,advan4,nonmem_scm,focei,CLcrCL,covariate_beta,0.5,100,-1.7628000000000033,-6.36242242,8.148800000000001,24.589102044303825,19.28718000000001
300,14,advan4,nonmem_scm,focei,VcSEX,covariate_beta,0.4054651081081644,100,-0.569268136328504,-0.9324217872013538,8.577876433592163,11.988739874071744,16.68728731111959
300,14,advan4,nonmem_scm,focei,TVCL,structural_intercept,0.6,100,-0.07050000000000112,0.1527900000000032,1.62083333333334,2.5594239149985816,4.182833333333334
300,14,advan4,nonmem_scm,focei,TVVc,structural_intercept,20,100,1.8267499999999972,1.7901949999999995,2.431000000000001,3.695940022849397,6.544799999999998
300,14,advan4,nonmem_scm,focei,ResErr,structural_other,0.1,100,0.533576401963276,0.6948678844525807,1.303668919611721,2.572474122218283,4.425989321252992
300,14,advan4,nonmem_scm,focei,TVKA,structural_other,0.7,100,0,0,0,0,0
300,14,advan4,nonmem_scm,focei,TVQ,structural_other,1.8,100,1.707222222222218,1.7389944444444416,1.707222222222218,1.9393277957536488,2.9308888888888887
300,14,advan4,nonmem_scm,focei,TVVp,structural_other,80,100,0.637812499999999,0.5528412499999993,0.645125000000002,0.8270732193441216,1.3293375000000012
300,14,advan4,nonmem_scm,focei,cov_VcCL,structural_other,0.02,100,-4.4807500000000005,-2.7864030000000017,18.305500000000002,28.969875082741552,47.03885000000002
300,14,advan4,nonmem_scm,focei,var_CL,structural_other,0.1,100,-2.8555000000000037,-2.3668530000000056,5.843850000000004,8.395618581480463,14.091840000000012
300,14,advan4,nonmem_scm,focei,var_Vc,structural_other,0.1,100,-3.3034000000000048,-3.877398000000006,9.686650000000006,12.272330138844865,18.005080000000014
300,15,advan4,nonmem_scm,focei,CLBW,covariate_beta,0.75,99,-3.0326666666666684,-19.967591717171718,11.760266666666668,46.64990874800441,98.79336613333332
300,15,advan4,nonmem_scm,focei,CLcrCL,covariate_beta,0.5,100,-0.014199999999997548,-5.92804722,7.773700000000005,27.879752738921994,21.8261
300,15,advan4,nonmem_scm,focei,VcBW,covariate_beta,1,100,-0.7286000000000015,-18.323524560000003,7.574000000000003,44.836565341642896,98.838243
300,15,advan4,nonmem_scm,focei,TVCL,structural_intercept,0.6,100,0.23525000000001092,0.043876666666671976,1.5285833333333332,2.464229841372576,3.905649999999994
300,15,advan4,nonmem_scm,focei,TVVc,structural_intercept,20,100,0.8694999999999986,0.8209750000000003,1.9392500000000015,2.8161516609550707,4.700800000000001
300,15,advan4,nonmem_scm,focei,ResErr,structural_other,0.1,100,0.15387666384485826,0.4226045392416148,2.0322734895677903,2.5151326310307898,3.6107118065476778
300,15,advan4,nonmem_scm,focei,TVKA,structural_other,0.7,100,0,0,0,0,0
300,15,advan4,nonmem_scm,focei,TVQ,structural_other,1.8,100,1.9719444444444414,2.0463055555555525,1.9719444444444414,2.2710225840269582,3.2509444444444417
300,15,advan4,nonmem_scm,focei,TVVp,structural_other,80,100,0.6348124999999972,0.5745362499999999,0.6669999999999999,0.8511754808608796,1.3153749999999995
300,15,advan4,nonmem_scm,focei,cov_VcCL,structural_other,0.02,100,-3.029249999999999,-0.7686875000000022,19.86575,29.90904040416166,48.52875000000001
300,15,advan4,nonmem_scm,focei,var_CL,structural_other,0.1,100,-1.6978500000000076,-1.4272440000000055,5.3529500000000025,8.32329271941099,13.551570000000002
300,15,advan4,nonmem_scm,focei,var_Vc,structural_other,0.1,100,-3.8412500000000045,-4.027370000000006,7.987399999999998,12.510682995056666,20.668799999999994
300,16,advan4,nonmem_scm,focei,CLBW,covariate_beta,0.75,98,-5.687666666666669,-19.193059551020408,9.589733333333335,43.48169573799959,98.77514746666667
300,16,advan4,nonmem_scm,focei,CLcrCL,covariate_beta,0.5,100,0.1326999999999967,-4.815263859999999,7.630399999999993,28.66036929211131,24.876940000000022
300,16,advan4,nonmem_scm,focei,VcBW,covariate_beta,1,89,0.30200000000000227,-6.372172719101124,8.631999999999994,37.85081636940289,98.80393199999999
300,16,advan4,nonmem_scm,focei,VcSEX,covariate_beta,0.4054651081081644,100,-1.1504194540151378,0.8440527132730972,7.700490515236762,17.054252787431416,30.44229640222747
300,16,advan4,nonmem_scm,focei,TVCL,structural_intercept,0.6,100,0.9901666666666716,0.8459366666666702,1.675666666666668,2.7339292150269334,4.161383333333331
300,16,advan4,nonmem_scm,focei,TVVc,structural_intercept,20,100,1.1157500000000022,1.70749,2.4325000000000063,3.8620337627990766,6.644199999999999
300,16,advan4,nonmem_scm,focei,ResErr,structural_other,0.1,100,-0.3147131549979809,-0.02441910761693089,1.7659181942387692,2.468262855407658,3.4440392928953614
300,16,advan4,nonmem_scm,focei,TVKA,structural_other,0.7,100,0,0,0,0,0
300,16,advan4,nonmem_scm,focei,TVQ,structural_other,1.8,100,1.9288888888888813,1.8485388888888863,1.9288888888888813,2.0617067745133073,2.8326111111111123
300,16,advan4,nonmem_scm,focei,TVVp,structural_other,80,100,0.36606249999999285,0.3981587499999998,0.5296874999999979,0.793733351498631,1.3205750000000036
300,16,advan4,nonmem_scm,focei,cov_VcCL,structural_other,0.02,100,3.2904999999999913,2.7502449999999974,14.406999999999998,22.717469681998036,36.34725
300,16,advan4,nonmem_scm,focei,var_CL,structural_other,0.1,100,-2.874150000000006,-2.667330000000005,5.5832999999999995,8.263755311394453,13.327250000000014
300,16,advan4,nonmem_scm,focei,var_Vc,structural_other,0.1,100,-3.2688500000000036,-2.1865330000000056,7.8265,11.589488569289847,19.86111000000001
40,1,ode,nonmem_scm,focei,TVCL,structural_intercept,0.6,100,0.8122500000000051,0.4199750000000041,3.774916666666665,5.3825376289390165,9.10321666666667
40,1,ode,nonmem_scm,focei,TVVc,structural_intercept,20,100,1.1404999999999976,1.4278699999999998,4.6665000000000045,7.028973270684702,11.128250000000005
40,1,ode,nonmem_scm,focei,ResErr,structural_other,0.1,100,0.9739919978772673,2.004854995602748,4.610225014474147,8.001474919003956,12.490724995899278
40,1,ode,nonmem_scm,focei,TVKA,structural_other,0.7,100,0,0,0,0,0
40,1,ode,nonmem_scm,focei,TVQ,structural_other,1.8,100,2.403333333333331,2.3864888888888864,2.4572222222222218,3.144459985238391,4.6892222222222255
40,1,ode,nonmem_scm,focei,TVVp,structural_other,80,100,0.713499999999998,0.8098562500000002,1.2692499999999995,1.9441231813387627,3.0005625000000062
40,1,ode,nonmem_scm,focei,cov_VcCL,structural_other,0.02,100,-10.991250000000003,-7.9766460000000015,43.6155,64.35204171900497,108.99230000000001
40,1,ode,nonmem_scm,focei,var_CL,structural_other,0.1,100,-4.975600000000011,-3.7957460000000047,14.54835000000001,23.471241459692756,37.37405000000002
40,1,ode,nonmem_scm,focei,var_Vc,structural_other,0.1,100,-17.1161,-15.250764700000005,26.197250000000004,38.85402600352902,68.62591000000002
40,2,ode,nonmem_scm,focei,VcSEX,covariate_beta,0.4054651081081644,83,12.282614428375176,13.510372424734976,17.905207039836366,27.239462007708326,46.41666474493385
40,2,ode,nonmem_scm,focei,TVCL,structural_intercept,0.6,100,0.6195000000000044,0.632235000000004,3.4538333333333324,5.214261810143621,8.582716666666679
40,2,ode,nonmem_scm,focei,TVVc,structural_intercept,20,100,1.6235,2.96473,7.158749999999997,12.110173303673239,20.594800000000017
40,2,ode,nonmem_scm,focei,ResErr,structural_other,0.1,100,-1.6216528299931032,-1.6806130977598464,5.136870757149012,7.070418626359269,11.651902357144877
40,2,ode,nonmem_scm,focei,TVKA,structural_other,0.7,100,0,0,0,0,0
40,2,ode,nonmem_scm,focei,TVQ,structural_other,1.8,100,1.2638888888888853,1.447638888888887,1.699444444444451,2.989517903142557,5.028444444444444
40,2,ode,nonmem_scm,focei,TVVp,structural_other,80,100,0.04524999999999224,0.10092749999999916,0.9817500000000035,1.6521135414220183,2.7711125000000005
40,2,ode,nonmem_scm,focei,cov_VcCL,structural_other,0.02,100,-7.211500000000001,-8.109081000000002,41.2085,62.766614400088514,113.81626500000004
40,2,ode,nonmem_scm,focei,var_CL,structural_other,0.1,100,-8.440250000000002,-6.316667000000005,17.899900000000002,23.415928548291653,35.64393000000001
40,2,ode,nonmem_scm,focei,var_Vc,structural_other,0.1,100,-15.184200000000004,-9.137748000000006,28.40975,37.63806342627633,54.86063000000001
40,3,ode,nonmem_scm,focei,VcBW,covariate_beta,1,79,-13.031300000000002,-26.008996025316456,41.15200000000001,68.59917675435338,98.95829439999999
40,3,ode,nonmem_scm,focei,TVCL,structural_intercept,0.6,100,-0.9663333333333284,-0.5820816666666631,3.409833333333334,6.2067831953570485,10.495150000000018
40,3,ode,nonmem_scm,focei,TVVc,structural_intercept,20,100,1.5062500000000068,0.6591350000000008,6.600500000000001,9.571559238311174,14.792850000000005
40,3,ode,nonmem_scm,focei,ResErr,structural_other,0.1,100,-0.7196647279683679,-0.07231987854740787,4.658573532919055,6.835998515906828,11.358473348449019
40,3,ode,nonmem_scm,focei,TVKA,structural_other,0.7,100,0,0,0,0,0
40,3,ode,nonmem_scm,focei,TVQ,structural_other,1.8,100,1.358055555555552,1.7756944444444416,1.4974999999999972,3.059378198241684,5.022277777777771
40,3,ode,nonmem_scm,focei,TVVp,structural_other,80,100,0.3890625000000014,0.4496675000000003,1.1708125000000003,1.8945088146403544,3.336012499999995
40,3,ode,nonmem_scm,focei,cov_VcCL,structural_other,0.02,100,-10.351750000000001,-9.035272765000004,40.9385,64.08416268963053,99.01682965000002
40,3,ode,nonmem_scm,focei,var_CL,structural_other,0.1,100,-6.185300000000005,-4.010433000000006,14.655750000000008,21.953587606131713,35.34312000000001
40,3,ode,nonmem_scm,focei,var_Vc,structural_other,0.1,100,-14.530050000000012,-14.627202900000006,22.584999999999994,34.00170954905005,53.559630000000006
40,4,ode,nonmem_scm,focei,VcBW,covariate_beta,1,70,1.5695000000000014,2.033086428571428,21.495299999999993,59.862700006049394,98.68974
40,4,ode,nonmem_scm,focei,VcSEX,covariate_beta,0.4054651081081644,75,22.817547128914228,23.943555777384198,23.715257336772936,37.085300043111616,63.23748805431488
40,4,ode,nonmem_scm,focei,TVCL,structural_intercept,0.6,100,0.5413333333333381,0.9665550000000045,2.9637499999999966,5.562131042769889,9.555433333333337
40,4,ode,nonmem_scm,focei,TVVc,structural_intercept,20,100,2.103250000000001,3.151065,9.305750000000002,12.509938183000745,18.90845000000001
40,4,ode,nonmem_scm,focei,ResErr,structural_other,0.1,100,-1.4699928566845322,-1.5864099840698795,4.488474259765521,6.874743399864092,11.759388055628065
40,4,ode,nonmem_scm,focei,TVKA,structural_other,0.7,100,0,0,0,0,0
40,4,ode,nonmem_scm,focei,TVQ,structural_other,1.8,100,1.4886111111111118,1.5453944444444423,1.9466666666666645,2.8476271771640764,4.649055555555557
40,4,ode,nonmem_scm,focei,TVVp,structural_other,80,100,-0.045999999999999375,0.3041662499999999,1.3628750000000078,1.83694620170781,3.0200249999999986
40,4,ode,nonmem_scm,focei,cov_VcCL,structural_other,0.02,100,-7.613500000000009,-13.992222100000001,36.550999999999995,64.6890303392311,105.34803200000005
40,4,ode,nonmem_scm,focei,var_CL,structural_other,0.1,100,-8.152950000000006,-5.726321000000005,19.680950000000003,23.646479313916906,37.20669999999999
40,4,ode,nonmem_scm,focei,var_Vc,structural_other,0.1,100,-7.5590500000000045,-7.1474000000000055,25.492699999999992,35.00509348620569,57.29496999999998
40,5,ode,nonmem_scm,focei,CLcrCL,covariate_beta,0.5,86,-9.799299999999999,-25.271613930232554,19.671,53.65182921749017,99.044391
40,5,ode,nonmem_scm,focei,TVCL,structural_intercept,0.6,100,-0.2828333333333248,-0.26465333333332913,3.104166666666658,5.378582925465696,9.765733333333333
40,5,ode,nonmem_scm,focei,TVVc,structural_intercept,20,100,1.9847499999999927,2.166025,4.330500000000007,6.650506041460304,10.669300000000003
40,5,ode,nonmem_scm,focei,ResErr,structural_other,0.1,100,0.03494492349317979,0.18018480769595654,4.451713892582733,6.557105951622827,11.007077141263858
40,5,ode,nonmem_scm,focei,TVKA,structural_other,0.7,100,0,0,0,0,0
40,5,ode,nonmem_scm,focei,TVQ,structural_other,1.8,100,1.576944444444444,1.8056666666666648,1.6461111111111073,2.6640219570518395,4.702388888888891
40,5,ode,nonmem_scm,focei,TVVp,structural_other,80,100,0.45162499999999994,0.34538874999999986,0.8891250000000017,1.4420493747506533,2.2755875000000003
40,5,ode,nonmem_scm,focei,cov_VcCL,structural_other,0.02,100,0.6610000000000036,2.2680003545000003,52.12674999999999,66.22000399616412,104.32620650000001
40,5,ode,nonmem_scm,focei,var_CL,structural_other,0.1,100,-9.724300000000005,-7.5689890000000055,18.576400000000007,24.886286161713645,39.27862000000001
40,5,ode,nonmem_scm,focei,var_Vc,structural_other,0.1,100,-9.212950000000005,-8.564795300000005,24.783250000000002,38.965472707269555,64.05042
40,6,ode,nonmem_scm,focei,CLcrCL,covariate_beta,0.5,89,-3.311799999999998,-17.466313573033705,20.1994,52.20278188593659,99.053594
40,6,ode,nonmem_scm,focei,VcSEX,covariate_beta,0.4054651081081644,79,12.358941616028273,14.995192114970052,17.81337341724796,29.393320078694785,43.451469256164636
40,6,ode,nonmem_scm,focei,TVCL,structural_intercept,0.6,100,-0.5407499999999973,-0.15438499999999689,4.0185833333333445,6.24608536296046,9.682483333333336
40,6,ode,nonmem_scm,focei,TVVc,structural_intercept,20,100,0.9877499999999984,3.42186,6.737750000000001,13.502984666546874,22.685750000000002
40,6,ode,nonmem_scm,focei,ResErr,structural_other,0.1,100,-0.43512894049813067,0.03788114273860249,4.148477045756861,6.184526776745199,9.93510001001187
40,6,ode,nonmem_scm,focei,TVKA,structural_other,0.7,100,0,0,0,0,0
40,6,ode,nonmem_scm,focei,TVQ,structural_other,1.8,100,1.4077777777777793,1.5085222222222199,1.8883333333333314,2.872556339904566,4.6102222222222204
40,6,ode,nonmem_scm,focei,TVVp,structural_other,80,100,0.628687499999998,0.5469412499999995,1.3376250000000045,1.8229627408510716,2.8662375000000027
40,6,ode,nonmem_scm,focei,cov_VcCL,structural_other,0.02,100,-5.469749999999999,-5.849080701050002,42.0805,65.26459629933892,107.13619500000004
40,6,ode,nonmem_scm,focei,var_CL,structural_other,0.1,100,-9.602200000000005,-10.405526000000005,15.754700000000005,23.164285718959697,36.09956000000001
40,6,ode,nonmem_scm,focei,var_Vc,structural_other,0.1,100,-8.817950000000005,-6.469584000000005,20.300499999999992,32.00644449707902,58.82612
40,7,ode,nonmem_scm,focei,CLcrCL,covariate_beta,0.5,89,-13.019199999999998,-30.3554302247191,25.383200000000006,58.32315111063286,99.1320504
40,7,ode,nonmem_scm,focei,VcBW,covariate_beta,1,68,-14.791200000000003,-31.435447705882353,33.1589,66.28808696274027,98.842673
40,7,ode,nonmem_scm,focei,TVCL,structural_intercept,0.6,100,-1.42133333333333,-1.2060999999999966,4.1740833333333285,6.314134629763432,10.021016666666664
40,7,ode,nonmem_scm,focei,TVVc,structural_intercept,20,100,1.949500000000004,4.00985,5.93,11.492259714477393,18.417400000000015
40,7,ode,nonmem_scm,focei,ResErr,structural_other,0.1,100,-1.3607999320751698,-1.7844450708434572,4.921807751809351,7.231231856930761,12.211050142737042
40,7,ode,nonmem_scm,focei,TVKA,structural_other,0.7,100,0,0,0,0,0
40,7,ode,nonmem_scm,focei,TVQ,structural_other,1.8,100,1.3080555555555515,1.5506722222222198,1.5791666666666686,2.846836855763485,4.801166666666659
40,7,ode,nonmem_scm,focei,TVVp,structural_other,80,100,-0.1330000000000009,0.11897374999999945,1.1910625000000064,1.7514633185121957,2.904762499999996
40,7,ode,nonmem_scm,focei,cov_VcCL,structural_other,0.02,100,-14.611500000000005,-6.291974250000003,45.82775,60.726581157982054,94.78909999999998
40,7,ode,nonmem_scm,focei,var_CL,structural_other,0.1,100,-10.763550000000004,-7.860027000000006,16.692200000000003,24.54690589455828,40.08051
40,7,ode,nonmem_scm,focei,var_Vc,structural_other,0.1,100,-8.56755,-8.427432800000005,21.126400000000004,34.85389010178152,54.46084
40,8,ode,nonmem_scm,focei,CLcrCL,covariate_beta,0.5,79,-8.760599999999997,-23.510502379746836,21.314,55.7265944221986,99.0615696
40,8,ode,nonmem_scm,focei,VcBW,covariate_beta,1,66,3.342999999999996,-0.682106272727274,21.228149999999996,74.3671960412389,99.1938785
40,8,ode,nonmem_scm,focei,VcSEX,covariate_beta,0.4054651081081644,82,22.457770677111675,25.43571961605417,24.553771326758334,41.22500377439082,70.00089517955479
40,8,ode,nonmem_scm,focei,TVCL,structural_intercept,0.6,100,-0.5069166666666625,-0.5731366666666632,3.918916666666661,5.960903917099226,10.390300000000007
40,8,ode,nonmem_scm,focei,TVVc,structural_intercept,20,100,1.4772499999999944,2.6290350000000005,6.433,11.694463447610584,18.844350000000013
40,8,ode,nonmem_scm,focei,ResErr,structural_other,0.1,100,-0.20573667797114253,-1.1839111824133914,4.639539819318999,6.41916945427345,9.82800998149553
40,8,ode,nonmem_scm,focei,TVKA,structural_other,0.7,100,0,0,0,0,0
40,8,ode,nonmem_scm,focei,TVQ,structural_other,1.8,100,1.1172222222222201,1.338805555555553,1.8844444444444417,3.0907663783527135,5.124444444444438
40,8,ode,nonmem_scm,focei,TVVp,structural_other,80,100,0.054875000000000895,0.18265375000000003,1.1325000000000074,1.5364682208212925,2.417012500000002
40,8,ode,nonmem_scm,focei,cov_VcCL,structural_other,0.02,100,-11.685750000000006,4.217405649499998,48.95325,72.30978414146728,106.1061
40,8,ode,nonmem_scm,focei,var_CL,structural_other,0.1,100,-4.996050000000009,-3.6848110000000043,15.797499999999992,23.330835727313758,35.83696000000001
40,8,ode,nonmem_scm,focei,var_Vc,structural_other,0.1,100,-13.272800000000002,-9.899803000000006,20.947650000000014,30.964713400451487,51.93718999999999
40,9,ode,nonmem_scm,focei,CLBW,covariate_beta,0.75,65,-4.739066666666666,-26.590124697435897,43.72800000000001,65.31498832119689,98.86560986666666
40,9,ode,nonmem_scm,focei,TVCL,structural_intercept,0.6,100,3.3090000000000064,3.2894450000000033,6.131250000000005,9.522412814819223,17.042600000000014
40,9,ode,nonmem_scm,focei,TVVc,structural_intercept,20,100,1.3132500000000036,1.4279099999999998,4.591499999999993,7.2720178492630225,10.588600000000008
40,9,ode,nonmem_scm,focei,ResErr,structural_other,0.1,100,0.12217133992021428,-0.40669025154166233,5.311391369206886,6.600428039781319,10.073717187544403
40,9,ode,nonmem_scm,focei,TVKA,structural_other,0.7,100,0,0,0,0,0
40,9,ode,nonmem_scm,focei,TVQ,structural_other,1.8,100,1.8555555555555485,2.092661111111109,2.003333333333326,3.064818998038992,4.9741111111111085
40,9,ode,nonmem_scm,focei,TVVp,structural_other,80,100,0.42693750000000646,0.42106749999999954,1.0666249999999966,1.55545919887826,2.495862499999996
40,9,ode,nonmem_scm,focei,cov_VcCL,structural_other,0.02,100,-19.063250000000004,-23.06538855,38.263999999999996,68.36200718617008,116.354875
40,9,ode,nonmem_scm,focei,var_CL,structural_other,0.1,100,-6.312450000000005,-5.798699000000005,18.054850000000005,25.414744340907703,41.089670000000005
40,9,ode,nonmem_scm,focei,var_Vc,structural_other,0.1,100,-8.692350000000001,-10.676558000000005,20.892999999999994,35.1887395456899,58.79636
40,10,ode,nonmem_scm,focei,CLBW,covariate_beta,0.75,59,-1.1673333333333278,-26.580281627118644,33.532000000000004,65.17338582640095,98.89606693333333
40,10,ode,nonmem_scm,focei,VcSEX,covariate_beta,0.4054651081081644,71,4.1783314004041685,7.915622489133437,15.578579510887241,27.17974129471827,43.77315713565183
40,10,ode,nonmem_scm,focei,TVCL,structural_intercept,0.6,100,3.2545000000000033,3.0353100000000044,6.352083333333333,9.05436086166955,13.710933333333347
40,10,ode,nonmem_scm,focei,TVVc,structural_intercept,20,100,5.094500000000002,5.430065000000001,8.709999999999996,13.264104572586119,22.065300000000015
40,10,ode,nonmem_scm,focei,ResErr,structural_other,0.1,100,-2.2356661614922264,-2.10608439380109,4.977715242844058,6.942109100281909,12.373808160979832
40,10,ode,nonmem_scm,focei,TVKA,structural_other,0.7,100,0,0,0,0,0
40,10,ode,nonmem_scm,focei,TVQ,structural_other,1.8,100,1.2569444444444386,1.439988888888886,1.9572222222222213,2.913373160588856,4.743499999999993
40,10,ode,nonmem_scm,focei,TVVp,structural_other,80,100,0.12462499999999822,0.07460000000000024,1.1425000000000018,1.4906028842174899,2.260012499999997
40,10,ode,nonmem_scm,focei,cov_VcCL,structural_other,0.02,100,4.348499999999997,5.240211599999997,56.87424999999999,78.11257768734049,116.14300000000006
40,10,ode,nonmem_scm,focei,var_CL,structural_other,0.1,100,-7.12150000000001,-5.231825000000007,13.87075000000001,19.25473484197329,31.203619999999994
40,10,ode,nonmem_scm,focei,var_Vc,structural_other,0.1,100,-7.260300000000004,-2.928452000000006,22.80385,33.799044533950955,54.26284999999999
40,11,ode,nonmem_scm,focei,CLBW,covariate_beta,0.75,73,0.811733333333331,-13.4289700456621,38.17466666666667,63.86952180891038,98.93371199999999
40,11,ode,nonmem_scm,focei,VcBW,covariate_beta,1,71,-9.602100000000002,-31.548305845070423,22.766399999999997,72.22344500924194,98.97303
40,11,ode,nonmem_scm,focei,TVCL,structural_intercept,0.6,100,1.7585833333333412,1.9905316666666715,5.244916666666664,7.98233955820598,12.96955000000001
40,11,ode,nonmem_scm,focei,TVVc,structural_intercept,20,100,5.261000000000005,4.712475,7.309000000000002,11.028868388801273,17.812400000000004
40,11,ode,nonmem_scm,focei,ResErr,structural_other,0.1,100,-0.9274137506407876,-0.5908233524779087,4.230175797949008,6.420083371388624,10.962460217097906
40,11,ode,nonmem_scm,focei,TVKA,structural_other,0.7,100,0,0,0,0,0
40,11,ode,nonmem_scm,focei,TVQ,structural_other,1.8,100,1.4266666666666625,1.897899999999998,1.7419444444444396,3.0055413657500303,5.112388888888887
40,11,ode,nonmem_scm,focei,TVVp,structural_other,80,100,0.6925000000000024,0.7329737499999994,1.1527499999999957,1.727466471590332,2.6992875000000014
40,11,ode,nonmem_scm,focei,cov_VcCL,structural_other,0.02,100,-20.699000000000005,-16.571417625000002,50.3102,68.66322382643266,107.601425
40,11,ode,nonmem_scm,focei,var_CL,structural_other,0.1,100,-10.36755000000001,-10.284779000000006,16.354000000000003,23.412624318971595,38.29049000000001
40,11,ode,nonmem_scm,focei,var_Vc,structural_other,0.1,100,-18.043800000000005,-16.781925000000005,29.319000000000006,36.76003651441195,60.400499999999994
40,12,ode,nonmem_scm,focei,CLBW,covariate_beta,0.75,68,-10.1616,-29.544635784313723,33.8752,62.30947906931318,98.81417666666667
40,12,ode,nonmem_scm,focei,VcBW,covariate_beta,1,66,-2.463600000000005,-18.21077484848485,61.7185,80.88407760240824,99.187666
40,12,ode,nonmem_scm,focei,VcSEX,covariate_beta,0.4054651081081644,72,24.341716609747582,22.488319570144117,28.890446210390564,38.774867732090826,64.48386864905319
40,12,ode,nonmem_scm,focei,TVCL,structural_intercept,0.6,100,1.0876666666666721,2.0827450000000045,5.4995,8.473517064409167,14.058449999999997
40,12,ode,nonmem_scm,focei,TVVc,structural_intercept,20,100,4.109750000000005,5.974225,7.99125,14.245876022466994,21.940650000000005
40,12,ode,nonmem_scm,focei,ResErr,structural_other,0.1,100,0.5571943933664614,-0.020207843996488256,4.869667242340843,7.2651062483143765,10.716497289383394
40,12,ode,nonmem_scm,focei,TVKA,structural_other,0.7,100,0,0,0,0,0
40,12,ode,nonmem_scm,focei,TVQ,structural_other,1.8,100,1.8577777777777729,1.620305555555553,2.0911111111111054,2.70301185180303,4.0058333333333325
40,12,ode,nonmem_scm,focei,TVVp,structural_other,80,100,0.16487500000000208,0.06327750000000061,1.1580000000000013,1.696882605323657,2.456899999999999
40,12,ode,nonmem_scm,focei,cov_VcCL,structural_other,0.02,100,15.661249999999999,6.181713891499998,60.857925,80.58200593279943,140.168875
40,12,ode,nonmem_scm,focei,var_CL,structural_other,0.1,100,-7.547400000000002,-5.989519000000006,20.401050000000005,25.08058069165664,38.37840000000002
40,12,ode,nonmem_scm,focei,var_Vc,structural_other,0.1,100,-7.254050000000005,-2.1044140000000047,23.446800000000003,36.18785200718605,55.21522000000007
40,13,ode,nonmem_scm,focei,CLBW,covariate_beta,0.75,62,-12.056333333333335,-27.417765354838707,80.102,75.17024686129513,98.91589866666666
40,13,ode,nonmem_scm,focei,CLcrCL,covariate_beta,0.5,81,-5.061000000000004,-14.98865138271605,37.22939999999999,62.358426555200516,98.86509799999999
40,13,ode,nonmem_scm,focei,TVCL,structural_intercept,0.6,100,0.5564166666666704,1.1447000000000036,6.090749999999997,8.68904144790053,13.58956666666667
40,13,ode,nonmem_scm,focei,TVVc,structural_intercept,20,100,1.5674999999999975,1.3816249999999992,4.895249999999995,6.860958171968402,11.331200000000008
40,13,ode,nonmem_scm,focei,ResErr,structural_other,0.1,100,-0.020477473066791985,0.29973160141276656,5.263844563720809,7.53155891681435,12.591528027982916
40,13,ode,nonmem_scm,focei,TVKA,structural_other,0.7,100,0,0,0,0,0
40,13,ode,nonmem_scm,focei,TVQ,structural_other,1.8,100,1.7491666666666659,1.7833388888888864,1.9863888888888817,2.794593052708552,4.738777777777778
40,13,ode,nonmem_scm,focei,TVVp,structural_other,80,100,0.5271250000000016,0.4682625000000002,1.0606250000000017,1.6201954881086116,2.7786500000000043
40,13,ode,nonmem_scm,focei,cov_VcCL,structural_other,0.02,100,-8.413249999999994,-8.960878700000002,49.553749999999994,78.20513544675438,120.01250000000007
40,13,ode,nonmem_scm,focei,var_CL,structural_other,0.1,100,-8.349650000000008,-4.994691000000005,18.703550000000007,27.486323656871615,43.96813000000002
40,13,ode,nonmem_scm,focei,var_Vc,structural_other,0.1,100,-2.635200000000004,-3.769020100000005,24.34565000000001,39.503107416265124,66.43114000000003
40,14,ode,nonmem_scm,focei,CLBW,covariate_beta,0.75,56,-0.035933333333337814,-3.1150845238095237,29.960533333333338,60.67197129227036,98.73450866666667
40,14,ode,nonmem_scm,focei,CLcrCL,covariate_beta,0.5,79,-0.30360000000000387,-13.821113721518987,31.981400000000004,60.60186902208936,98.90899879999999
40,14,ode,nonmem_scm,focei,VcSEX,covariate_beta,0.4054651081081644,79,8.166828832782942,12.45807581503773,14.429855707601083,27.162454633594646,45.967134753465
40,14,ode,nonmem_scm,focei,TVCL,structural_intercept,0.6,100,0.9945833333333358,1.0720316666666703,6.273166666666663,9.200499718870951,14.170766666666667
40,14,ode,nonmem_scm,focei,TVVc,structural_intercept,20,100,2.196499999999997,4.024019999999999,5.968,11.619508284131477,21.228450000000006
40,14,ode,nonmem_scm,focei,ResErr,structural_other,0.1,100,0.13140422821007747,-0.33387246321624403,4.361510615868037,7.086147941106477,11.855327071356218
40,14,ode,nonmem_scm,focei,TVKA,structural_other,0.7,100,0,0,0,0,0
40,14,ode,nonmem_scm,focei,TVQ,structural_other,1.8,100,1.862777777777775,1.8782333333333303,2.2625000000000006,3.2158822964226217,4.802777777777776
40,14,ode,nonmem_scm,focei,TVVp,structural_other,80,100,0.33737499999999976,0.5118562500000005,1.071312500000001,1.7495731591501837,2.951099999999994
40,14,ode,nonmem_scm,focei,cov_VcCL,structural_other,0.02,100,-5.429250000000005,-2.394506500000001,52.093849999999996,72.74617232754231,114.72925000000006
40,14,ode,nonmem_scm,focei,var_CL,structural_other,0.1,100,-10.9526,-10.394171000000005,19.193350000000002,27.536808899142617,45.565850000000005
40,14,ode,nonmem_scm,focei,var_Vc,structural_other,0.1,100,-10.375350000000005,-3.5588020000000062,27.70520000000001,41.14156562604053,65.24898999999999
40,15,ode,nonmem_scm,focei,CLBW,covariate_beta,0.75,58,-2.864666666666671,-19.59072183908046,49.412666666666674,65.68094991619253,98.92488746666668
40,15,ode,nonmem_scm,focei,CLcrCL,covariate_beta,0.5,81,-3.451000000000004,-19.214746419753087,47.55879999999999,65.39167597950525,99.00464
40,15,ode,nonmem_scm,focei,VcBW,covariate_beta,1,70,-16.068550000000002,-30.628536685714288,27.27405,61.286704826743254,98.852237
40,15,ode,nonmem_scm,focei,TVCL,structural_intercept,0.6,100,-0.44716666666666516,0.5960250000000041,4.837833333333338,7.927593633158804,13.66595000000001
40,15,ode,nonmem_scm,focei,TVVc,structural_intercept,20,100,3.4117499999999983,3.700375,6.299250000000001,9.999591743041313,16.9683
40,15,ode,nonmem_scm,focei,ResErr,structural_other,0.1,100,-0.5949952347892307,-0.5638381510268918,4.2296599431733135,6.7855014704424885,11.883065155437395
40,15,ode,nonmem_scm,focei,TVKA,structural_other,0.7,100,0,0,0,0,0
40,15,ode,nonmem_scm,focei,TVQ,structural_other,1.8,100,1.5249999999999986,1.7469111111111089,1.89666666666667,2.87953657322549,4.703444444444442
40,15,ode,nonmem_scm,focei,TVVp,structural_other,80,100,0.2429375,0.2792937500000004,1.1756250000000004,1.5571599794878983,2.285262499999997
40,15,ode,nonmem_scm,focei,cov_VcCL,structural_other,0.02,100,3.611500000000002,5.5072095344999985,51.282925,76.67883710611248,133.96435000000005
40,15,ode,nonmem_scm,focei,var_CL,structural_other,0.1,100,-9.098050000000004,-6.736367000000006,17.963499999999993,24.856730059927433,37.67135
40,15,ode,nonmem_scm,focei,var_Vc,structural_other,0.1,100,-15.057,-10.817139400000004,24.252450000000003,32.900433410857005,50.61484000000001
40,16,ode,nonmem_scm,focei,CLBW,covariate_beta,0.75,56,6.561933333333333,1.3675590476190476,44.451333333333324,66.86205605284704,98.808606
40,16,ode,nonmem_scm,focei,CLcrCL,covariate_beta,0.5,71,-0.039599999999995195,-9.332765323943661,32.3196,55.9257410813088,98.633784
40,16,ode,nonmem_scm,focei,VcBW,covariate_beta,1,66,-0.8680999999999994,-5.716682166666667,26.242999999999995,69.14485432699628,99.19174149999999
40,16,ode,nonmem_scm,focei,VcSEX,covariate_beta,0.4054651081081644,77,22.72894563679196,25.308170900681404,23.91425578348672,39.794107625737425,69.24790455101983
40,16,ode,nonmem_scm,focei,TVCL,structural_intercept,0.6,100,1.4794166666666684,1.7042083333333367,5.859083333333339,7.614065992567093,11.946166666666667
40,16,ode,nonmem_scm,focei,TVVc,structural_intercept,20,100,4.370250000000002,5.407285,7.156750000000001,13.181296972699613,21.76265
40,16,ode,nonmem_scm,focei,ResErr,structural_other,0.1,100,-1.8544215479337907,-1.7205962050966084,4.886462139227992,6.3325698590162,10.033558125075936
40,16,ode,nonmem_scm,focei,TVKA,structural_other,0.7,100,0,0,0,0,0
40,16,ode,nonmem_scm,focei,TVQ,structural_other,1.8,100,1.5413888888888838,1.675244444444442,1.996111111111106,3.004331603321451,4.8593888888888905
40,16,ode,nonmem_scm,focei,TVVp,structural_other,80,100,0.49037499999999845,0.4565775,1.2821875000000027,1.9224390841291947,3.2590250000000065
40,16,ode,nonmem_scm,focei,cov_VcCL,structural_other,0.02,100,-9.28,-7.500082150000001,42.24575,77.1371041588153,147.97875000000008
40,16,ode,nonmem_scm,focei,var_CL,structural_other,0.1,100,-8.30000000000001,-7.703834000000005,16.1554,24.302168130103126,41.11699
40,16,ode,nonmem_scm,focei,var_Vc,structural_other,0.1,100,-5.921100000000005,-5.684762000000005,26.667800000000003,34.39687436714272,56.362350000000006
80,1,ode,nonmem_scm,focei,TVCL,structural_intercept,0.6,100,-0.354083333333329,-0.08408499999999597,2.783833333333328,3.850228268449375,5.877733333333335
80,1,ode,nonmem_scm,focei,TVVc,structural_intercept,20,100,2.6187500000000075,2.314914999999999,3.9747500000000007,5.918365064568086,9.0872
80,1,ode,nonmem_scm,focei,ResErr,structural_other,0.1,100,1.4783150569379413,1.2841106322420186,2.983479721930915,4.3380840876584195,6.311380663223237
80,1,ode,nonmem_scm,focei,TVKA,structural_other,0.7,100,0,0,0,0,0
80,1,ode,nonmem_scm,focei,TVQ,structural_other,1.8,100,2.0080555555555546,2.2009666666666634,2.0499999999999963,2.6600040703579704,4.241833333333333
80,1,ode,nonmem_scm,focei,TVVp,structural_other,80,100,0.5618124999999984,0.4938899999999999,0.8801250000000048,1.2232681057059818,1.9596374999999988
80,1,ode,nonmem_scm,focei,cov_VcCL,structural_other,0.02,100,-5.080249999999996,-3.0028255000000015,33.05225,48.778102113666485,80.476115
80,1,ode,nonmem_scm,focei,var_CL,structural_other,0.1,100,-1.511400000000003,-1.3134240000000055,10.975400000000004,15.178281121655376,24.73512000000001
80,1,ode,nonmem_scm,focei,var_Vc,structural_other,0.1,100,-7.244700000000007,-8.061094000000004,18.256799999999995,26.86835172824712,44.29155000000001
80,2,ode,nonmem_scm,focei,VcSEX,covariate_beta,0.4054651081081644,97,0.3542355013535404,1.7414849813120887,13.24233452856389,20.72355478437481,32.38365126374251
80,2,ode,nonmem_scm,focei,TVCL,structural_intercept,0.6,100,0.3615000000000054,0.5537400000000036,2.765083333333335,3.9605605379093065,6.1828666666666745
80,2,ode,nonmem_scm,focei,TVVc,structural_intercept,20,100,1.2522500000000036,1.8772749999999998,4.534499999999992,7.702497460726618,12.390450000000003
80,2,ode,nonmem_scm,focei,ResErr,structural_other,0.1,100,-1.4102355492489198,-1.1503232381677255,3.5096419243999324,4.858111529549715,7.825338619818664
80,2,ode,nonmem_scm,focei,TVKA,structural_other,0.7,100,0,0,0,0,0
80,2,ode,nonmem_scm,focei,TVQ,structural_other,1.8,100,1.6030555555555535,1.6094444444444418,1.6847222222222187,2.3206012883531213,3.8317222222222247
80,2,ode,nonmem_scm,focei,TVVp,structural_other,80,100,0.25893749999999827,0.31690250000000014,0.825249999999995,1.188802636847261,1.8500249999999951
80,2,ode,nonmem_scm,focei,cov_VcCL,structural_other,0.02,100,-5.368500000000002,-4.530212900000001,28.283250000000002,40.50181377129302,61.57415500000003
80,2,ode,nonmem_scm,focei,var_CL,structural_other,0.1,100,-3.954350000000009,-1.3780770000000053,11.881450000000001,16.292483061691364,25.06060000000001
80,2,ode,nonmem_scm,focei,var_Vc,structural_other,0.1,100,-3.346900000000007,-1.4749860000000063,17.69199999999999,24.870710327411235,38.155420000000014
80,3,ode,nonmem_scm,focei,VcBW,covariate_beta,1,98,-4.6175999999999995,-23.527549081632653,22.933699999999995,55.51857575834843,98.813896
80,3,ode,nonmem_scm,focei,TVCL,structural_intercept,0.6,100,0.2455833333333361,0.3562200000000032,2.6594166666666643,3.9065730991354677,6.57528333333334
80,3,ode,nonmem_scm,focei,TVVc,structural_intercept,20,100,-0.6225000000000058,0.2673799999999998,3.292000000000002,6.630081020998159,10.356749999999995
80,3,ode,nonmem_scm,focei,ResErr,structural_other,0.1,100,0.45069311850277904,0.44120331117951495,3.1131460032072162,4.816942781899735,7.68646673859069
80,3,ode,nonmem_scm,focei,TVKA,structural_other,0.7,100,0,0,0,0,0
80,3,ode,nonmem_scm,focei,TVQ,structural_other,1.8,100,1.964166666666662,1.9219666666666642,1.9847222222222163,2.4833627477750864,3.8999444444444467
80,3,ode,nonmem_scm,focei,TVVp,structural_other,80,100,0.6914375000000028,0.6412774999999998,1.0198124999999967,1.4490295610338666,2.342962499999995
80,3,ode,nonmem_scm,focei,cov_VcCL,structural_other,0.02,100,-1.6087500000000043,-1.6192033000000023,28.54575,46.07136195250059,80.83854500000002
80,3,ode,nonmem_scm,focei,var_CL,structural_other,0.1,100,-3.421550000000009,-1.1633040000000046,13.303000000000004,16.51316671068272,24.3176
80,3,ode,nonmem_scm,focei,var_Vc,structural_other,0.1,100,-14.106400000000004,-11.083776000000006,20.629549999999995,26.004382063898383,39.96133000000002
80,4,ode,nonmem_scm,focei,VcBW,covariate_beta,1,76,1.3929999999999998,-9.181184355263158,12.48395,39.735132594838504,98.360635
80,4,ode,nonmem_scm,focei,VcSEX,covariate_beta,0.4054651081081644,97,4.500628708072493,10.170624699448028,16.37884322989196,27.062571676262202,43.95405269766024
80,4,ode,nonmem_scm,focei,TVCL,structural_intercept,0.6,100,0.1561666666666702,0.38368166666667075,2.4358333333333313,3.661812740638167,5.681133333333335
80,4,ode,nonmem_scm,focei,TVVc,structural_intercept,20,100,1.949499999999995,2.6079199999999996,3.7302500000000016,6.70413509895199,11.3991
80,4,ode,nonmem_scm,focei,ResErr,structural_other,0.1,100,-1.43515621496966,-0.992424485814998,3.0327123984683277,4.673852496923534,7.858139478715426
80,4,ode,nonmem_scm,focei,TVKA,structural_other,0.7,100,0,0,0,0,0
80,4,ode,nonmem_scm,focei,TVQ,structural_other,1.8,100,1.5502777777777754,1.673205555555552,1.8174999999999966,2.48088576687271,4.2043333333333335
80,4,ode,nonmem_scm,focei,TVVp,structural_other,80,100,0.10487499999999983,0.1850962500000005,1.0366874999999975,1.4337591888872938,2.116299999999994
80,4,ode,nonmem_scm,focei,cov_VcCL,structural_other,0.02,100,-10.472000000000007,-6.775283100000001,28.810999999999996,41.45787059629873,68.256355
80,4,ode,nonmem_scm,focei,var_CL,structural_other,0.1,100,-3.6997500000000088,-2.7350400000000055,11.255200000000007,16.48462731197767,26.709169999999986
80,4,ode,nonmem_scm,focei,var_Vc,structural_other,0.1,100,-8.281400000000009,-8.224850000000004,15.306500000000007,23.50501897528696,41.69822000000001
80,5,ode,nonmem_scm,focei,CLcrCL,covariate_beta,0.5,100,-0.39710000000000023,-13.02765776,16.4509,43.26244125752159,98.9438694
80,5,ode,nonmem_scm,focei,TVCL,structural_intercept,0.6,100,0.3830000000000037,0.14673833333333647,2.397499999999997,3.685503989694701,5.698666666666676
80,5,ode,nonmem_scm,focei,TVVc,structural_intercept,20,100,1.7562500000000016,1.6497049999999993,3.2392500000000006,5.200467789295497,8.457000000000006
80,5,ode,nonmem_scm,focei,ResErr,structural_other,0.1,100,-0.3360205230529753,0.06690910522234084,3.6264990851770857,5.332661526435995,8.322562494604066
80,5,ode,nonmem_scm,focei,TVKA,structural_other,0.7,100,0,0,0,0,0
80,5,ode,nonmem_scm,focei,TVQ,structural_other,1.8,100,1.928611111111108,1.9715499999999977,1.9605555555555518,2.5897336455586046,4.1683333333333294
80,5,ode,nonmem_scm,focei,TVVp,structural_other,80,100,0.43068749999999767,0.5145449999999998,1.0236875000000012,1.2801556970736025,2.0587875000000087
80,5,ode,nonmem_scm,focei,cov_VcCL,structural_other,0.02,100,-18.361250000000002,-16.374401250000002,40.154,50.23070213793061,81.41473000000002
80,5,ode,nonmem_scm,focei,var_CL,structural_other,0.1,100,-8.67455000000001,-5.980353000000005,13.703999999999999,18.40055543915727,28.731570000000012
80,5,ode,nonmem_scm,focei,var_Vc,structural_other,0.1,100,-4.292650000000009,-7.695726000000006,19.35920000000001,27.32402489160043,43.87299999999999
80,6,ode,nonmem_scm,focei,CLcrCL,covariate_beta,0.5,99,-2.8371999999999953,-13.265566565656567,13.229999999999997,40.51746929136043,98.8935108
80,6,ode,nonmem_scm,focei,VcSEX,covariate_beta,0.4054651081081644,97,1.6238822700984943,1.663059206220073,12.088405404240932,20.388501535032592,32.516979077535844
80,6,ode,nonmem_scm,focei,TVCL,structural_intercept,0.6,100,-0.06783333333333177,0.26179166666667086,3.1692500000000035,4.373253492951341,7.351183333333335
80,6,ode,nonmem_scm,focei,TVVc,structural_intercept,20,100,0.9609999999999986,1.4410950000000007,4.074750000000008,6.579151293100045,9.024850000000004
80,6,ode,nonmem_scm,focei,ResErr,structural_other,0.1,100,-0.4363141092032577,-0.421581459239088,3.316944412644164,4.8639276153964754,7.69830291744646
80,6,ode,nonmem_scm,focei,TVKA,structural_other,0.7,100,0,0,0,0,0
80,6,ode,nonmem_scm,focei,TVQ,structural_other,1.8,100,1.7183333333333342,1.8485555555555528,1.7813888888888894,2.4768711532650487,3.888333333333329
80,6,ode,nonmem_scm,focei,TVVp,structural_other,80,100,0.2409999999999979,0.3678587499999994,0.9367500000000019,1.2515750085517248,2.0758625000000013
80,6,ode,nonmem_scm,focei,cov_VcCL,structural_other,0.02,100,-5.483250000000005,-1.774314850000002,31.527,45.63377834601067,72.270135
80,6,ode,nonmem_scm,focei,var_CL,structural_other,0.1,100,-2.8563500000000075,-2.618373000000005,11.527650000000001,15.07218327335161,23.976630000000007
80,6,ode,nonmem_scm,focei,var_Vc,structural_other,0.1,100,-5.057550000000008,-3.1478050000000057,14.883649999999998,23.30687189024945,38.88023000000001
80,7,ode,nonmem_scm,focei,CLcrCL,covariate_beta,0.5,96,-3.9758000000000013,-16.094761458333334,15.287800000000008,42.97153311397689,98.949793
80,7,ode,nonmem_scm,focei,VcBW,covariate_beta,1,87,-1.7067000000000054,-22.628348862068965,15.452699999999997,51.577764821266136,98.876574
80,7,ode,nonmem_scm,focei,TVCL,structural_intercept,0.6,100,-0.37258333333332433,-0.991968333333329,2.6340833333333333,3.88373225000414,6.280566666666673
80,7,ode,nonmem_scm,focei,TVVc,structural_intercept,20,100,0.9772500000000052,1.8148500000000005,4.2905000000000015,7.501203240480823,10.984950000000001
80,7,ode,nonmem_scm,focei,ResErr,structural_other,0.1,100,-0.2322746132660189,-0.9162669181881707,2.464169119776753,4.161944694206427,7.402641809060366
80,7,ode,nonmem_scm,focei,TVKA,structural_other,0.7,100,0,0,0,0,0
80,7,ode,nonmem_scm,focei,TVQ,structural_other,1.8,100,1.8852777777777743,1.768505555555553,1.9183333333333303,2.383636070516357,3.568333333333335
80,7,ode,nonmem_scm,focei,TVVp,structural_other,80,100,0.40318749999999953,0.28454125,0.9325624999999959,1.2935109386013137,2.1449250000000086
80,7,ode,nonmem_scm,focei,cov_VcCL,structural_other,0.02,100,1.9539999999999922,-0.5217344500000024,34.991499999999995,48.82290169674782,78.33819500000003
80,7,ode,nonmem_scm,focei,var_CL,structural_other,0.1,100,-3.145550000000004,-2.6924890000000055,12.010999999999994,16.552495956154164,26.63352000000001
80,7,ode,nonmem_scm,focei,var_Vc,structural_other,0.1,100,-5.6053500000000085,-3.6707960000000046,16.615450000000003,23.28608814921476,36.23333000000002
80,8,ode,nonmem_scm,focei,CLcrCL,covariate_beta,0.5,93,-5.518999999999997,-20.240679505376345,16.571800000000003,45.501682407445834,98.9463116
80,8,ode,nonmem_scm,focei,VcBW,covariate_beta,1,78,-0.872700000000004,-12.121542307692309,13.859499999999997,46.70731925738343,98.80667000000001
80,8,ode,nonmem_scm,focei,VcSEX,covariate_beta,0.4054651081081644,94,2.4548930993598477,9.883610169119672,16.955988341814475,30.82592780835432,49.893334676598755
80,8,ode,nonmem_scm,focei,TVCL,structural_intercept,0.6,100,-0.4777499999999898,0.1544283333333372,3.2680833333333292,4.570532187071389,7.031649999999995
80,8,ode,nonmem_scm,focei,TVVc,structural_intercept,20,100,2.1772499999999972,2.4555999999999996,5.072499999999999,8.375516122007049,10.666350000000001
80,8,ode,nonmem_scm,focei,ResErr,structural_other,0.1,100,-0.0907676542634267,-0.21508364982142578,2.920831277149094,4.4576709125152,7.6722672050876355
80,8,ode,nonmem_scm,focei,TVKA,structural_other,0.7,100,0,0,0,0,0
80,8,ode,nonmem_scm,focei,TVQ,structural_other,1.8,100,1.7338888888888866,1.738461111111109,1.9983333333333304,2.6687435633252807,4.112611111111114
80,8,ode,nonmem_scm,focei,TVVp,structural_other,80,100,0.28337500000000126,0.3331212500000007,0.7606874999999924,1.3668788764805568,2.258674999999998
80,8,ode,nonmem_scm,focei,cov_VcCL,structural_other,0.02,100,4.981249999999994,3.300320499999998,32.92550000000001,44.55879851235247,63.685800000000015
80,8,ode,nonmem_scm,focei,var_CL,structural_other,0.1,100,-2.974100000000007,-1.3776810000000057,9.125399999999999,14.974086285449943,24.90964
80,8,ode,nonmem_scm,focei,var_Vc,structural_other,0.1,100,-2.9651000000000054,-2.8055790000000047,14.316,23.395496148128597,40.01236
80,9,ode,nonmem_scm,focei,CLBW,covariate_beta,0.75,84,-21.724733333333333,-40.00348380952381,30.334933333333336,66.48544209595771,98.95195826666668
80,9,ode,nonmem_scm,focei,TVCL,structural_intercept,0.6,100,-0.6182499999999962,0.15141166666667058,3.5560000000000036,5.9041153022230555,9.957649999999994
80,9,ode,nonmem_scm,focei,TVVc,structural_intercept,20,100,0.4762500000000003,0.8457099999999995,3.0317499999999953,4.337679800307995,6.358900000000004
80,9,ode,nonmem_scm,focei,ResErr,structural_other,0.1,100,0.2768643783108357,0.19062264779015986,3.0418050579947704,5.267235559756845,8.40995477302025
80,9,ode,nonmem_scm,focei,TVKA,structural_other,0.7,100,0,0,0,0,0
80,9,ode,nonmem_scm,focei,TVQ,structural_other,1.8,100,2.303888888888883,2.205522222222219,2.3430555555555532,2.67765398169349,4.062666666666661
80,9,ode,nonmem_scm,focei,TVVp,structural_other,80,100,0.5754999999999999,0.48369249999999986,0.894062499999997,1.2743651146011892,2.049550000000002
80,9,ode,nonmem_scm,focei,cov_VcCL,structural_other,0.02,100,-5.912249999999999,-11.854126,39.521499999999996,47.53703979225147,75.385515
80,9,ode,nonmem_scm,focei,var_CL,structural_other,0.1,100,-7.856550000000004,-6.419064000000006,12.019699999999995,17.424709629672456,26.23374
80,9,ode,nonmem_scm,focei,var_Vc,structural_other,0.1,100,-2.78935000000001,-0.6619390000000056,16.7543,27.957740741549557,51.1105
80,10,ode,nonmem_scm,focei,CLBW,covariate_beta,0.75,78,-12.55193333333333,-31.58937676923077,26.723466666666667,60.673781080460095,98.91981919999999
80,10,ode,nonmem_scm,focei,VcSEX,covariate_beta,0.4054651081081644,96,0.34815626337002215,-0.6069278211701028,15.944532608820822,21.178989915888405,34.58076784304221
80,10,ode,nonmem_scm,focei,TVCL,structural_intercept,0.6,100,1.1561666666666712,1.8046566666666704,3.5731666666666646,5.929170468024082,9.691550000000003
80,10,ode,nonmem_scm,focei,TVVc,structural_intercept,20,100,1.6714999999999944,2.24383,4.638999999999998,7.560353594905465,11.342450000000003
80,10,ode,nonmem_scm,focei,ResErr,structural_other,0.1,100,-0.6895778582762593,-1.0472838011026708,2.4963403533339172,4.274314005841533,6.709975221726845
80,10,ode,nonmem_scm,focei,TVKA,structural_other,0.7,100,0,0,0,0,0
80,10,ode,nonmem_scm,focei,TVQ,structural_other,1.8,100,1.7691666666666674,1.8913777777777752,1.7691666666666674,2.467733539300312,4.300388888888884
80,10,ode,nonmem_scm,focei,TVVp,structural_other,80,100,0.539499999999995,0.37040875000000056,0.8449999999999936,1.1174044165637838,1.8280499999999957
80,10,ode,nonmem_scm,focei,cov_VcCL,structural_other,0.02,100,-5.976749999999997,-6.058220000000002,33.6795,48.47994557881898,80.399305
80,10,ode,nonmem_scm,focei,var_CL,structural_other,0.1,100,-4.272200000000003,-3.303347000000005,10.7842,15.754269412610034,26.977690000000003
80,10,ode,nonmem_scm,focei,var_Vc,structural_other,0.1,100,-5.118300000000006,-2.9445620000000052,14.52465,23.338981683501103,35.081999999999994
80,11,ode,nonmem_scm,focei,CLBW,covariate_beta,0.75,80,-10.749266666666667,-26.646013749999998,22.30273333333333,56.39661114457897,98.81443639999999
80,11,ode,nonmem_scm,focei,VcBW,covariate_beta,1,90,-6.531000000000003,-24.884724544444445,18.601499999999994,54.914173970024194,98.898919
80,11,ode,nonmem_scm,focei,TVCL,structural_intercept,0.6,100,0.7267500000000076,1.160555000000004,3.295750000000005,5.216932625089404,7.743833333333335
80,11,ode,nonmem_scm,focei,TVVc,structural_intercept,20,100,1.5242500000000003,1.8819099999999997,4.7524999999999995,6.702329990383942,10.685099999999998
80,11,ode,nonmem_scm,focei,ResErr,structural_other,0.1,100,-0.8908684316520921,-0.6650714241289187,2.9482879870726952,4.705388913339982,7.635732910533298
80,11,ode,nonmem_scm,focei,TVKA,structural_other,0.7,100,0,0,0,0,0
80,11,ode,nonmem_scm,focei,TVQ,structural_other,1.8,100,1.8127777777777743,1.7806055555555527,1.8399999999999959,2.4092427098956164,3.849555555555558
80,11,ode,nonmem_scm,focei,TVVp,structural_other,80,100,0.3342500000000026,0.44477625000000015,0.682375000000004,1.196316792479631,2.0974625
80,11,ode,nonmem_scm,focei,cov_VcCL,structural_other,0.02,100,-7.012500000000005,-6.7915556000000015,31.1235,43.75371331633609,75.50079500000002
80,11,ode,nonmem_scm,focei,var_CL,structural_other,0.1,100,-5.741800000000005,-4.565053000000005,11.855499999999997,16.21696144267785,26.595790000000015
80,11,ode,nonmem_scm,focei,var_Vc,structural_other,0.1,100,-9.989600000000008,-9.464133000000006,14.502500000000001,22.348210094168618,37.51523000000003
80,12,ode,nonmem_scm,focei,CLBW,covariate_beta,0.75,75,-15.895200000000006,-36.451233226666666,22.897999999999996,59.382018312944254,98.91345173333332
80,12,ode,nonmem_scm,focei,VcBW,covariate_beta,1,71,-10.084499999999997,-27.79743787323944,16.3536,53.30204941117637,98.96363000000001
80,12,ode,nonmem_scm,focei,VcSEX,covariate_beta,0.4054651081081644,98,12.97505681541811,13.627023690999426,21.032216176120176,28.19795291732447,46.015341757696675
80,12,ode,nonmem_scm,focei,TVCL,structural_intercept,0.6,100,2.7575000000000056,2.948000000000004,4.654083333333336,6.577728268812369,10.093283333333344
80,12,ode,nonmem_scm,focei,TVVc,structural_intercept,20,100,0.7187499999999947,1.630525,3.610749999999996,7.115549978568065,11.299300000000006
80,12,ode,nonmem_scm,focei,ResErr,structural_other,0.1,100,0.5019899607844949,0.5568872446382415,3.795549179819613,5.243028807125773,8.56274658514149
80,12,ode,nonmem_scm,focei,TVKA,structural_other,0.7,100,0,0,0,0,0
80,12,ode,nonmem_scm,focei,TVQ,structural_other,1.8,100,1.9116666666666635,2.0091777777777753,1.9252777777777772,2.7561725194171203,4.539666666666661
80,12,ode,nonmem_scm,focei,TVVp,structural_other,80,100,0.08174999999999599,0.2312424999999999,0.8523125000000054,1.3092969505377685,2.1709624999999932
80,12,ode,nonmem_scm,focei,cov_VcCL,structural_other,0.02,100,-6.087499999999999,-1.1434422000000006,29.561000000000003,45.69837294562,70.01035
80,12,ode,nonmem_scm,focei,var_CL,structural_other,0.1,100,-4.64380000000001,-3.8242870000000053,13.242499999999996,18.321897766385995,25.924470000000007
80,12,ode,nonmem_scm,focei,var_Vc,structural_other,0.1,100,-5.729850000000009,-6.145557000000005,15.365200000000002,24.019169626956298,38.3963
80,13,ode,nonmem_scm,focei,CLBW,covariate_beta,0.75,82,-6.353199999999999,-22.779272845528457,24.88146666666666,59.47473560602485,98.88680000000001
80,13,ode,nonmem_scm,focei,CLcrCL,covariate_beta,0.5,96,-4.078300000000001,-13.618063124999999,23.189700000000002,50.623266802544855,99.087964
80,13,ode,nonmem_scm,focei,TVCL,structural_intercept,0.6,100,0.4367500000000043,1.4045333333333383,3.4571666666666596,6.194564912216732,8.895466666666678
80,13,ode,nonmem_scm,focei,TVVc,structural_intercept,20,100,1.251249999999997,1.7289149999999995,2.9524999999999935,5.07053764974682,7.829700000000004
80,13,ode,nonmem_scm,focei,ResErr,structural_other,0.1,100,0.4703936441444456,-0.12288890103652277,3.326607011654888,4.828382773486729,7.825950188521171
80,13,ode,nonmem_scm,focei,TVKA,structural_other,0.7,100,0,0,0,0,0
80,13,ode,nonmem_scm,focei,TVQ,structural_other,1.8,100,2.261111111111109,2.2457666666666647,2.261111111111109,2.598072426498793,3.854444444444447
80,13,ode,nonmem_scm,focei,TVVp,structural_other,80,100,0.6430625000000045,0.7070399999999994,0.9010624999999984,1.4019304048347048,2.2954500000000078
80,13,ode,nonmem_scm,focei,cov_VcCL,structural_other,0.02,100,-12.213500000000005,-4.113267005000002,38.22325,54.46216346963205,89.687295
80,13,ode,nonmem_scm,focei,var_CL,structural_other,0.1,100,-3.4697000000000062,-1.895534000000005,11.950349999999998,15.648632027924997,25.67996000000001
80,13,ode,nonmem_scm,focei,var_Vc,structural_other,0.1,100,-9.403150000000005,-7.2462390000000045,17.27465,25.092455830099613,42.75196000000001
80,14,ode,nonmem_scm,focei,CLBW,covariate_beta,0.75,77,-3.6282666666666685,-10.533175445887446,18.686266666666672,47.986369800974046,98.63353386666667
80,14,ode,nonmem_scm,focei,CLcrCL,covariate_beta,0.5,94,0.7094000000000045,-6.5825086595744695,24.266700000000004,49.41568628870953,98.9679248
80,14,ode,nonmem_scm,focei,VcSEX,covariate_beta,0.4054651081081644,96,-1.9732163423771167,-1.561624307112325,15.001121705512865,18.956501903112972,28.761438788974214
80,14,ode,nonmem_scm,focei,TVCL,structural_intercept,0.6,100,0.4833333333333356,1.6250200000000024,4.277833333333333,6.721726472334984,10.006083333333343
80,14,ode,nonmem_scm,focei,TVVc,structural_intercept,20,100,2.233,2.6245399999999997,4.836499999999999,6.980834532847774,10.8591
80,14,ode,nonmem_scm,focei,ResErr,structural_other,0.1,100,-0.3376996652053113,0.2522672727849243,3.3587376943820244,5.310267925727858,8.380063669337947
80,14,ode,nonmem_scm,focei,TVKA,structural_other,0.7,100,0,0,0,0,0
80,14,ode,nonmem_scm,focei,TVQ,structural_other,1.8,100,1.8647222222222197,1.818333333333331,1.9177777777777774,2.5084532271088062,4.08983333333333
80,14,ode,nonmem_scm,focei,TVVp,structural_other,80,100,0.5058124999999958,0.46495250000000043,0.8223125000000043,1.2770046633871388,2.0731374999999983
80,14,ode,nonmem_scm,focei,cov_VcCL,structural_other,0.02,100,0.558249999999998,3.3387289999999985,22.444750000000003,37.1718106851906,63.50004999999999
80,14,ode,nonmem_scm,focei,var_CL,structural_other,0.1,100,-6.336350000000005,-4.127875000000005,12.304800000000004,16.403504936204946,24.13718000000001
80,14,ode,nonmem_scm,focei,var_Vc,structural_other,0.1,100,-2.665150000000005,0.18517799999999446,15.4003,24.811132521591993,38.48353
80,15,ode,nonmem_scm,focei,CLBW,covariate_beta,0.75,80,-10.055333333333335,-25.24272931666667,26.596733333333333,55.74938612377542,98.90857453333332
80,15,ode,nonmem_scm,focei,CLcrCL,covariate_beta,0.5,95,-4.065799999999998,-13.226963726315788,23.538000000000004,50.58947331341781,98.99698000000001
80,15,ode,nonmem_scm,focei,VcBW,covariate_beta,1,84,-13.4629,-29.06222569047619,21.6757,54.69776201591446,98.84595300000001
80,15,ode,nonmem_scm,focei,TVCL,structural_intercept,0.6,100,0.6749166666666733,1.3193933333333372,4.051000000000009,6.283615198496626,10.19656666666667
80,15,ode,nonmem_scm,focei,TVVc,structural_intercept,20,100,2.7259999999999973,2.4386099999999997,4.289000000000005,6.9640207829241865,11.159350000000009
80,15,ode,nonmem_scm,focei,ResErr,structural_other,0.1,100,-0.1243531429731548,0.19213168396281177,2.7453160001838923,4.848098927150359,9.077307607204558
80,15,ode,nonmem_scm,focei,TVKA,structural_other,0.7,100,0,0,0,0,0
80,15,ode,nonmem_scm,focei,TVQ,structural_other,1.8,100,2.1013888888888888,1.9879722222222194,2.1824999999999943,2.6141377240159795,4.104111111111104
80,15,ode,nonmem_scm,focei,TVVp,structural_other,80,100,0.5710000000000015,0.47872374999999995,0.7724375000000006,1.241549174230022,2.0567375000000028
80,15,ode,nonmem_scm,focei,cov_VcCL,structural_other,0.02,100,4.785749999999993,1.4625374999999985,28.525750000000006,42.106304353448365,69.49688
80,15,ode,nonmem_scm,focei,var_CL,structural_other,0.1,100,-2.4130000000000056,-1.7762720000000047,12.405550000000002,17.080521869527292,28.185319999999997
80,15,ode,nonmem_scm,focei,var_Vc,structural_other,0.1,100,-8.971950000000007,-6.244481000000005,18.265150000000002,24.546353132547,40.536480000000005
80,16,ode,nonmem_scm,focei,CLBW,covariate_beta,0.75,72,-15.346799999999995,-26.54590233333333,40.77413333333333,64.45916795468845,98.90306093333334
80,16,ode,nonmem_scm,focei,CLcrCL,covariate_beta,0.5,93,-6.912200000000002,-12.897974279569894,18.933199999999996,43.89989848447927,98.77720160000001
80,16,ode,nonmem_scm,focei,VcBW,covariate_beta,1,79,-5.583000000000005,-22.451465746835442,17.077600000000004,52.83409608490919,98.86750799999999
80,16,ode,nonmem_scm,focei,VcSEX,covariate_beta,0.4054651081081644,96,1.5667865452338183,5.938406647107331,16.305473496241284,28.021009688750826,46.19102758035063
80,16,ode,nonmem_scm,focei,TVCL,structural_intercept,0.6,100,1.186750000000005,1.763033333333337,3.046166666666665,5.757818251251464,9.819066666666687
80,16,ode,nonmem_scm,focei,TVVc,structural_intercept,20,100,1.323249999999998,2.4686950000000003,4.299999999999997,7.426144944552322,12.448350000000005
80,16,ode,nonmem_scm,focei,ResErr,structural_other,0.1,100,-0.7663216061288697,-0.5232467043686554,3.410347626625253,4.8638709762626275,7.926752481934487
80,16,ode,nonmem_scm,focei,TVKA,structural_other,0.7,100,0,0,0,0,0
80,16,ode,nonmem_scm,focei,TVQ,structural_other,1.8,100,1.993055555555555,1.9316833333333312,1.993055555555555,2.547125823330394,4.10516666666666
80,16,ode,nonmem_scm,focei,TVVp,structural_other,80,100,0.48481250000000037,0.4377175000000005,0.9266874999999962,1.4050776955830595,2.448937500000003
80,16,ode,nonmem_scm,focei,cov_VcCL,structural_other,0.02,100,-2.1609999999999947,5.352430499999998,26.1245,46.31729204610169,69.74929999999999
80,16,ode,nonmem_scm,focei,var_CL,structural_other,0.1,100,-3.75375,-3.7039440000000057,10.556999999999997,18.556301782957725,29.241289999999985
80,16,ode,nonmem_scm,focei,var_Vc,structural_other,0.1,100,-8.867400000000005,-5.629965000000006,15.614950000000002,23.282469828970033,37.80038000000002
300,1,ode,nonmem_scm,focei,TVCL,structural_intercept,0.6,100,-0.04049999999998962,0.14516666666667014,1.240083333333336,1.9640146472072066,3.3476833333333427
300,1,ode,nonmem_scm,focei,TVVc,structural_intercept,20,100,1.802999999999999,1.7798100000000003,2.2427500000000045,3.192178439561298,4.838750000000007
300,1,ode,nonmem_scm,focei,ResErr,structural_other,0.1,100,0.7330630237233835,0.8591809715913741,1.508299171396138,2.514041702463206,3.7568182092695968
300,1,ode,nonmem_scm,focei,TVKA,structural_other,0.7,100,0,0,0,0,0
300,1,ode,nonmem_scm,focei,TVQ,structural_other,1.8,100,2.1333333333333266,2.130255555555553,2.1333333333333266,2.2497356730881566,3.071222222222216
300,1,ode,nonmem_scm,focei,TVVp,structural_other,80,100,0.535874999999999,0.5232687499999995,0.5844375000000035,0.7734603241076746,1.294525000000002
300,1,ode,nonmem_scm,focei,cov_VcCL,structural_other,0.02,100,-6.913499999999995,-4.484352000000002,21.795749999999998,26.458796711037337,42.52155
300,1,ode,nonmem_scm,focei,var_CL,structural_other,0.1,100,-0.8147500000000099,-1.764510000000006,5.37025,8.728257140082436,15.5391
300,1,ode,nonmem_scm,focei,var_Vc,structural_other,0.1,100,-5.638150000000008,-4.0565920000000055,8.527750000000001,13.180099208040888,21.336980000000015
300,2,ode,nonmem_scm,focei,VcSEX,covariate_beta,0.4054651081081644,100,1.3204430311220205,0.04633540105946632,7.881032416473803,11.91679403537089,19.914545863841216
300,2,ode,nonmem_scm,focei,TVCL,structural_intercept,0.6,100,0.15866666666666807,0.3502366666666699,1.4634166666666615,2.2319426367827853,3.87921666666666
300,2,ode,nonmem_scm,focei,TVVc,structural_intercept,20,100,0.680499999999995,1.00644,2.030750000000001,3.637224373062514,6.187649999999996
300,2,ode,nonmem_scm,focei,ResErr,structural_other,0.1,100,0.07636007979423126,0.2100882584747309,1.8634875033203546,2.659501514391906,4.334263751617962
300,2,ode,nonmem_scm,focei,TVKA,structural_other,0.7,100,0,0,0,0,0
300,2,ode,nonmem_scm,focei,TVQ,structural_other,1.8,100,1.851666666666665,1.8036444444444417,1.851666666666665,2.058912813916275,3.037611111111111
300,2,ode,nonmem_scm,focei,TVVp,structural_other,80,100,0.31418749999999385,0.30560374999999984,0.49543750000000664,0.7066766449153031,1.1383750000000077
300,2,ode,nonmem_scm,focei,cov_VcCL,structural_other,0.02,100,-2.3837499999999987,-0.9763780000000021,17.05325,24.699977351061477,45.69145
300,2,ode,nonmem_scm,focei,var_CL,structural_other,0.1,100,0.8654999999999982,0.21822899999999504,5.670499999999995,7.770785741976162,11.86800000000001
300,2,ode,nonmem_scm,focei,var_Vc,structural_other,0.1,100,-3.4964000000000035,-2.5742930000000053,8.029850000000005,12.268904040968778,20.0517
300,3,ode,nonmem_scm,focei,VcBW,covariate_beta,1,99,1.0969999999999924,-5.6394649494949505,6.023000000000001,28.301554093428074,22.343000000000004
300,3,ode,nonmem_scm,focei,TVCL,structural_intercept,0.6,100,0.4165833333333406,0.23724833333333734,1.4586666666666637,1.984934630815613,3.280083333333333
300,3,ode,nonmem_scm,focei,TVVc,structural_intercept,20,100,1.0222500000000068,1.0738899999999993,2.058749999999998,3.1274527246626755,4.955349999999995
300,3,ode,nonmem_scm,focei,ResErr,structural_other,0.1,100,0.7261091674894693,0.7335963407924244,1.77511283839292,2.52375352233809,4.193616832606948
300,3,ode,nonmem_scm,focei,TVKA,structural_other,0.7,100,0,0,0,0,0
300,3,ode,nonmem_scm,focei,TVQ,structural_other,1.8,100,2.099999999999997,2.0654611111111083,2.099999999999997,2.2583848791438688,3.291833333333331
300,3,ode,nonmem_scm,focei,TVVp,structural_other,80,100,0.43837500000000423,0.46052874999999993,0.5161875000000027,0.8082347954222522,1.2098124999999957
300,3,ode,nonmem_scm,focei,cov_VcCL,structural_other,0.02,100,2.7667500000000054,0.6721059999999976,16.2785,26.554822492432518,46.74470000000001
300,3,ode,nonmem_scm,focei,var_CL,structural_other,0.1,100,-0.8023500000000072,-0.5318170000000061,6.573450000000001,8.586948012949653,12.443450000000004
300,3,ode,nonmem_scm,focei,var_Vc,structural_other,0.1,100,-4.549300000000006,-3.6184810000000045,8.876499999999995,12.901838284039219,19.407310000000013
300,4,ode,nonmem_scm,focei,VcBW,covariate_beta,1,89,0.8559999999999901,-1.8239410112359549,5.96000000000001,17.579287814884196,17.494820000000004
300,4,ode,nonmem_scm,focei,VcSEX,covariate_beta,0.4054651081081644,100,2.2271798943609262,3.833587113986678,11.61164379270524,17.744878807143365,31.651517885638984
300,4,ode,nonmem_scm,focei,TVCL,structural_intercept,0.6,100,0.21925000000000416,0.19486000000000428,1.2730000000000057,2.0117016888694015,3.0919499999999998
300,4,ode,nonmem_scm,focei,TVVc,structural_intercept,20,100,1.8907499999999986,2.0197400000000005,2.7340000000000053,4.43861975731195,7.189200000000005
300,4,ode,nonmem_scm,focei,ResErr,structural_other,0.1,100,0.3289578891681258,0.06838629613066222,1.452904663095278,2.374919108910094,3.786685946228765
300,4,ode,nonmem_scm,focei,TVKA,structural_other,0.7,100,0,0,0,0,0
300,4,ode,nonmem_scm,focei,TVQ,structural_other,1.8,100,1.9269444444444424,1.873494444444443,1.9269444444444424,2.1139506904383865,2.9655000000000005
300,4,ode,nonmem_scm,focei,TVVp,structural_other,80,100,0.25956250000000125,0.2901675000000008,0.4969375000000031,0.709900971086813,1.1900500000000083
300,4,ode,nonmem_scm,focei,cov_VcCL,structural_other,0.02,100,2.5235000000000016,1.4253179999999976,15.584999999999999,25.240221867486625,38.19195000000003
300,4,ode,nonmem_scm,focei,var_CL,structural_other,0.1,100,-0.6269500000000081,0.34304999999999447,5.395550000000006,8.22315591731058,13.437200000000002
300,4,ode,nonmem_scm,focei,var_Vc,structural_other,0.1,100,-0.9428000000000075,-2.7873220000000054,9.0982,12.213356904815319,21.296150000000004
300,5,ode,nonmem_scm,focei,CLcrCL,covariate_beta,0.5,100,-0.1833000000000029,-5.342776999999999,6.468400000000002,25.843110471152826,18.679860000000005
300,5,ode,nonmem_scm,focei,TVCL,structural_intercept,0.6,100,0.44558333333333255,0.5155916666666694,1.370750000000004,2.201448428812773,3.601416666666672
300,5,ode,nonmem_scm,focei,TVVc,structural_intercept,20,100,1.7287500000000031,1.6158850000000002,2.0199999999999996,2.9086761494707516,4.6648999999999985
300,5,ode,nonmem_scm,focei,ResErr,structural_other,0.1,100,0.5676307672101838,0.8238158192329235,1.446303544139098,2.734032946658518,4.310255137572785
300,5,ode,nonmem_scm,focei,TVKA,structural_other,0.7,100,0,0,0,0,0
300,5,ode,nonmem_scm,focei,TVQ,structural_other,1.8,100,2.1374999999999957,2.0102222222222204,2.1374999999999957,2.1726801449697266,3.053944444444446
300,5,ode,nonmem_scm,focei,TVVp,structural_other,80,100,0.41212499999999425,0.4493387499999997,0.49749999999999517,0.7234621667501001,1.1444124999999978
300,5,ode,nonmem_scm,focei,cov_VcCL,structural_other,0.02,100,-2.8514999999999966,-2.2650790000000023,18.626499999999997,28.842605500417264,45.41870000000004
300,5,ode,nonmem_scm,focei,var_CL,structural_other,0.1,100,-3.897300000000006,-2.2011870000000053,6.548200000000004,9.260214916582662,14.783719999999997
300,5,ode,nonmem_scm,focei,var_Vc,structural_other,0.1,100,-1.5456500000000095,-2.639580000000006,8.874899999999998,12.853191218611821,21.269230000000015
300,6,ode,nonmem_scm,focei,CLcrCL,covariate_beta,0.5,97,0.5055999999999949,-4.287785072164949,7.315999999999989,22.040566180504733,17.364120000000018
300,6,ode,nonmem_scm,focei,VcSEX,covariate_beta,0.4054651081081644,100,-1.3496022762532045,0.24856203176859426,7.637718068974597,10.485912669670098,18.308108662555703
300,6,ode,nonmem_scm,focei,TVCL,structural_intercept,0.6,100,0.3718333333333398,0.32906500000000377,1.372666666666661,2.0283310477253633,3.288266666666669
300,6,ode,nonmem_scm,focei,TVVc,structural_intercept,20,100,1.3392499999999963,1.1297999999999992,2.533500000000002,3.567552162197492,5.6038500000000075
300,6,ode,nonmem_scm,focei,ResErr,structural_other,0.1,100,-0.15632588607600306,0.04207171402708168,1.7281845282728359,2.4830741419825753,4.353150620366101
300,6,ode,nonmem_scm,focei,TVKA,structural_other,0.7,100,0,0,0,0,0
300,6,ode,nonmem_scm,focei,TVQ,structural_other,1.8,100,2.0516666666666676,2.0812111111111085,2.0516666666666676,2.2734676320708997,3.2193333333333287
300,6,ode,nonmem_scm,focei,TVVp,structural_other,80,100,0.42037500000000166,0.45175250000000006,0.5559374999999988,0.7771128043115755,1.1904375000000067
300,6,ode,nonmem_scm,focei,cov_VcCL,structural_other,0.02,100,-3.039999999999996,-1.2866035000000018,17.936999999999998,27.373556753767403,43.99525000000001
300,6,ode,nonmem_scm,focei,var_CL,structural_other,0.1,100,-1.2830500000000078,-0.3643770000000049,5.4008500000000055,9.34974370965857,16.57826000000001
300,6,ode,nonmem_scm,focei,var_Vc,structural_other,0.1,100,-1.130900000000004,-1.8874410000000057,9.447550000000007,12.582644970088763,19.997290000000007
300,7,ode,nonmem_scm,focei,CLcrCL,covariate_beta,0.5,99,-2.5302000000000047,-10.41116606060606,6.983799999999995,31.354292988957926,24.420560000000002
300,7,ode,nonmem_scm,focei,VcBW,covariate_beta,1,97,-1.4874999999999972,-10.41052793814433,8.346999999999994,33.35033281551532,62.85749200000035
300,7,ode,nonmem_scm,focei,TVCL,structural_intercept,0.6,100,0.40791666666666526,0.23039000000000254,1.2253333333333283,2.3331798410228806,4.0872666666666655
300,7,ode,nonmem_scm,focei,TVVc,structural_intercept,20,100,0.912500000000005,1.6333500000000007,1.856,3.686356184635446,6.273599999999998
300,7,ode,nonmem_scm,focei,ResErr,structural_other,0.1,100,0.14714144754139624,-0.01810775057410771,1.8148281151693022,2.3919970975777494,3.7571527941059855
300,7,ode,nonmem_scm,focei,TVKA,structural_other,0.7,100,0,0,0,0,0
300,7,ode,nonmem_scm,focei,TVQ,structural_other,1.8,100,1.9538888888888846,1.9826277777777748,1.9538888888888846,2.135392745123462,2.869944444444445
300,7,ode,nonmem_scm,focei,TVVp,structural_other,80,100,0.47181249999999514,0.45494624999999933,0.5301249999999946,0.7030106250308382,1.0712874999999933
300,7,ode,nonmem_scm,focei,cov_VcCL,structural_other,0.02,100,-6.153500000000006,-2.927879000000002,20.867,27.958344093199617,46.234600000000015
300,7,ode,nonmem_scm,focei,var_CL,structural_other,0.1,100,-3.044000000000005,-2.0295080000000056,6.247499999999989,10.23393088888136,17.563000000000006
300,7,ode,nonmem_scm,focei,var_Vc,structural_other,0.1,100,-2.2638500000000046,-2.624458000000005,8.444299999999995,12.769699220224414,20.607419999999994
300,8,ode,nonmem_scm,focei,CLcrCL,covariate_beta,0.5,97,-1.292199999999999,-5.728540082474227,8.786000000000005,24.647381672478048,18.664040000000007
300,8,ode,nonmem_scm,focei,VcBW,covariate_beta,1,92,-1.1301499999999964,-3.5101393478260876,6.501249999999997,21.004597928432446,20.236430000000006
300,8,ode,nonmem_scm,focei,VcSEX,covariate_beta,0.4054651081081644,100,1.350331430817114,3.189786027050846,8.88948558455267,14.824042772633007,22.570824506441053
300,8,ode,nonmem_scm,focei,TVCL,structural_intercept,0.6,100,0.059000000000003494,0.23661666666666992,1.1140000000000039,1.8535029056117265,3.24408333333334
300,8,ode,nonmem_scm,focei,TVVc,structural_intercept,20,100,1.9260000000000055,1.90719,2.5100000000000033,3.9678073762469865,6.481250000000006
300,8,ode,nonmem_scm,focei,ResErr,structural_other,0.1,100,0.20728038905943463,0.29687278049359705,1.7926796167355499,2.2671664917423953,3.551711810821603
300,8,ode,nonmem_scm,focei,TVKA,structural_other,0.7,100,0,0,0,0,0
300,8,ode,nonmem_scm,focei,TVQ,structural_other,1.8,100,2.0102777777777727,1.9100722222222193,2.0102777777777727,2.106452029179529,2.8270000000000017
300,8,ode,nonmem_scm,focei,TVVp,structural_other,80,100,0.36843750000000064,0.32828499999999927,0.5881874999999948,0.7072019040733697,1.0830500000000056
300,8,ode,nonmem_scm,focei,cov_VcCL,structural_other,0.02,100,-2.4457500000000034,-0.10429100000000208,19.473249999999997,25.71805849748966,42.834399999999995
300,8,ode,nonmem_scm,focei,var_CL,structural_other,0.1,100,-1.9914000000000043,-1.5453020000000057,5.052000000000001,8.731806023166113,14.706240000000005
300,8,ode,nonmem_scm,focei,var_Vc,structural_other,0.1,100,-2.633250000000004,-1.8127120000000057,8.061499999999999,10.767297190864568,18.470110000000002
300,9,ode,nonmem_scm,focei,CLBW,covariate_beta,0.75,99,-5.347999999999997,-20.82005781818182,8.98693333333333,46.99858811195116,98.83096693333334
300,9,ode,nonmem_scm,focei,TVCL,structural_intercept,0.6,100,0.4295000000000086,0.3939866666666708,1.6375833333333405,2.511622601582049,4.749499999999998
300,9,ode,nonmem_scm,focei,TVVc,structural_intercept,20,100,1.432000000000002,1.6522449999999993,2.1119999999999983,3.0846701651067976,5.1331500000000005
300,9,ode,nonmem_scm,focei,ResErr,structural_other,0.1,100,0.7990572029933016,0.6023392646616437,1.6351293102355307,2.341633418720813,3.8327958734464658
300,9,ode,nonmem_scm,focei,TVKA,structural_other,0.7,100,0,0,0,0,0
300,9,ode,nonmem_scm,focei,TVQ,structural_other,1.8,100,2.459999999999999,2.415094444444442,2.459999999999999,2.52404339231644,3.26811111111111
300,9,ode,nonmem_scm,focei,TVVp,structural_other,80,100,0.6840625000000067,0.6481837500000014,0.6939375000000059,0.8459515129980872,1.305912500000004
300,9,ode,nonmem_scm,focei,cov_VcCL,structural_other,0.02,100,3.650249999999997,3.715654999999998,15.737249999999998,27.72273163357734,43.9224
300,9,ode,nonmem_scm,focei,var_CL,structural_other,0.1,100,-2.1764500000000035,-2.2180500000000056,5.90485000000001,8.794183686118913,14.306229999999998
300,9,ode,nonmem_scm,focei,var_Vc,structural_other,0.1,100,0.8804999999999924,-0.9502120000000053,7.935750000000005,12.218117103211934,18.264750000000006
300,10,ode,nonmem_scm,focei,CLBW,covariate_beta,0.75,89,-1.962933333333335,-7.245050292134832,7.669599999999995,29.412802732427224,29.978320000000057
300,10,ode,nonmem_scm,focei,VcSEX,covariate_beta,0.4054651081081644,100,-0.7400966598893886,-1.122599164327277,7.236464720013503,10.20041980605125,18.041608608958025
300,10,ode,nonmem_scm,focei,TVCL,structural_intercept,0.6,100,0.9302500000000029,1.451816666666671,1.8677500000000014,3.8329977337153065,5.812200000000002
300,10,ode,nonmem_scm,focei,TVVc,structural_intercept,20,100,1.3724999999999987,1.58058,2.414000000000005,3.5199565828288293,5.786100000000005
300,10,ode,nonmem_scm,focei,ResErr,structural_other,0.1,100,-0.1534460345943775,0.11602984447091959,1.286142525404689,2.08140123614234,3.560366739135143
300,10,ode,nonmem_scm,focei,TVKA,structural_other,0.7,100,0,0,0,0,0
300,10,ode,nonmem_scm,focei,TVQ,structural_other,1.8,100,2.001666666666667,2.103277777777776,2.001666666666667,2.293411257827705,3.248055555555555
300,10,ode,nonmem_scm,focei,TVVp,structural_other,80,100,0.43943750000000387,0.5137274999999999,0.5733124999999983,0.8261057164113437,1.321050000000005
300,10,ode,nonmem_scm,focei,cov_VcCL,structural_other,0.02,100,-2.2185,0.8918154999999974,21.6765,28.681975688301613,43.77465
300,10,ode,nonmem_scm,focei,var_CL,structural_other,0.1,100,-0.12030000000001068,0.25710399999999506,6.0921499999999975,8.0557744883903,13.003300000000007
300,10,ode,nonmem_scm,focei,var_Vc,structural_other,0.1,100,-3.0464500000000063,-0.8778430000000053,10.040650000000005,15.266894113279886,22.541960000000007
300,11,ode,nonmem_scm,focei,CLBW,covariate_beta,0.75,97,-2.548533333333329,-14.634226185567009,8.490933333333334,40.234283500510024,98.73456586666667
300,11,ode,nonmem_scm,focei,VcBW,covariate_beta,1,100,-1.7502499999999976,-10.28146406,6.9620000000000015,33.87812039323751,98.31426100000002
300,11,ode,nonmem_scm,focei,TVCL,structural_intercept,0.6,100,0.06083333333333404,0.5211900000000038,1.8819999999999948,3.196030330477691,4.5248
300,11,ode,nonmem_scm,focei,TVVc,structural_intercept,20,100,1.261000000000001,1.1957800000000005,2.1154999999999995,3.1510152387762265,5.558800000000008
300,11,ode,nonmem_scm,focei,ResErr,structural_other,0.1,100,0.4308219371963462,0.4253563186110886,1.5662699096913175,2.5837833263996894,4.243265049357067
300,11,ode,nonmem_scm,focei,TVKA,structural_other,0.7,100,0,0,0,0,0
300,11,ode,nonmem_scm,focei,TVQ,structural_other,1.8,100,1.9133333333333287,1.8659666666666637,1.9133333333333287,2.036983698123218,2.7799444444444417
300,11,ode,nonmem_scm,focei,TVVp,structural_other,80,100,0.42968750000000006,0.4440087499999992,0.4548124999999991,0.7160368608484832,1.2407999999999986
300,11,ode,nonmem_scm,focei,cov_VcCL,structural_other,0.02,100,-1.4989999999999968,0.38392799999999755,20.439250000000005,27.508287886082623,42.7293
300,11,ode,nonmem_scm,focei,var_CL,structural_other,0.1,100,-0.7040500000000047,-0.8234400000000058,5.200999999999997,8.35024805254311,13.439900000000005
300,11,ode,nonmem_scm,focei,var_Vc,structural_other,0.1,100,-4.144700000000008,-3.1974920000000053,8.521300000000009,12.470939579686851,19.91353000000001
300,12,ode,nonmem_scm,focei,CLBW,covariate_beta,0.75,97,-2.6361333333333308,-20.57661861168385,11.688800000000004,45.739980475848064,98.81154719999999
300,12,ode,nonmem_scm,focei,VcBW,covariate_beta,1,95,-0.32039999999999846,-15.404722568421054,7.272999999999996,41.60580487498594,98.83015800000001
300,12,ode,nonmem_scm,focei,VcSEX,covariate_beta,0.4054651081081644,100,-0.11661697063232268,1.1329739353460104,7.555106069586122,12.969728635730451,22.088415890461803
300,12,ode,nonmem_scm,focei,TVCL,structural_intercept,0.6,100,0.16675000000000256,0.2716050000000033,1.347166666666668,2.793597294161141,3.86613333333333
300,12,ode,nonmem_scm,focei,TVVc,structural_intercept,20,100,1.0250000000000001,1.5260150000000003,2.04275,3.810170253085811,6.500700000000001
300,12,ode,nonmem_scm,focei,ResErr,structural_other,0.1,100,0.5243751507232747,0.5490516042695212,1.6508724606471779,2.4834812554345462,3.724263872332717
300,12,ode,nonmem_scm,focei,TVKA,structural_other,0.7,100,0,0,0,0,0
300,12,ode,nonmem_scm,focei,TVQ,structural_other,1.8,100,2.070555555555557,2.028344444444442,2.070555555555557,2.2248886502863074,3.2261666666666606
300,12,ode,nonmem_scm,focei,TVVp,structural_other,80,100,0.3632499999999972,0.31690749999999923,0.5211249999999978,0.7116855981576419,1.114750000000003
300,12,ode,nonmem_scm,focei,cov_VcCL,structural_other,0.02,100,5.094250000000001,1.6048919999999978,15.241500000000002,21.774866024142376,35.20950000000001
300,12,ode,nonmem_scm,focei,var_CL,structural_other,0.1,100,-1.1200500000000044,-1.250208000000005,5.354700000000004,8.817371341630114,14.858950000000004
300,12,ode,nonmem_scm,focei,var_Vc,structural_other,0.1,100,-4.895450000000009,-4.398754000000005,8.669750000000004,11.4234425175426,17.414810000000006
300,13,ode,nonmem_scm,focei,CLBW,covariate_beta,0.75,97,-0.7450666666666717,-13.644603876288661,9.29173333333333,42.20491964970825,98.69518773333334
300,13,ode,nonmem_scm,focei,CLcrCL,covariate_beta,0.5,98,-4.392799999999997,-6.506238448979591,7.341199999999998,25.881992894240195,25.15036
300,13,ode,nonmem_scm,focei,TVCL,structural_intercept,0.6,100,0.16575000000000156,0.18630333333333673,1.86266666666667,3.0252877633559274,4.762800000000001
300,13,ode,nonmem_scm,focei,TVVc,structural_intercept,20,100,1.0339999999999971,1.2641049999999998,1.6192499999999923,2.74278468030212,4.468800000000002
300,13,ode,nonmem_scm,focei,ResErr,structural_other,0.1,100,-0.21355306322216883,0.043803421896304734,1.8303031884884733,2.5141630059997797,3.9652921110271926
300,13,ode,nonmem_scm,focei,TVKA,structural_other,0.7,100,0,0,0,0,0
300,13,ode,nonmem_scm,focei,TVQ,structural_other,1.8,100,2.1758333333333275,2.1417499999999974,2.1758333333333275,2.2619540109230454,2.843388888888882
300,13,ode,nonmem_scm,focei,TVVp,structural_other,80,100,0.6995625000000061,0.6683175000000003,0.7502500000000013,0.8799896851313087,1.3299000000000056
300,13,ode,nonmem_scm,focei,cov_VcCL,structural_other,0.02,100,-5.191750000000002,-4.513069000000002,20.279499999999995,27.804972910666535,42.11780000000001
300,13,ode,nonmem_scm,focei,var_CL,structural_other,0.1,100,-2.432950000000003,-1.6247530000000054,6.510299999999996,8.31359820171146,13.808099999999998
300,13,ode,nonmem_scm,focei,var_Vc,structural_other,0.1,100,-1.869050000000011,-1.1813850000000055,8.0297,12.578663417505853,20.998190000000008
300,14,ode,nonmem_scm,focei,CLBW,covariate_beta,0.75,96,0.29879999999999907,-10.322065097222222,11.990466666666668,38.960212203016,98.71395733333334
300,14,ode,nonmem_scm,focei,CLcrCL,covariate_beta,0.5,99,-1.9353999999999982,-9.708273898989898,8.3418,31.76381875148071,30.640960000000035
300,14,ode,nonmem_scm,focei,VcSEX,covariate_beta,0.4054651081081644,99,0.3550564212040185,-0.49011044754371463,8.098842263216968,10.813203145739227,17.028279629941025
300,14,ode,nonmem_scm,focei,TVCL,structural_intercept,0.6,100,9.166666666652695e-4,-0.08401999999999615,1.6862499999999911,3.169089267001204,4.972016666666678
300,14,ode,nonmem_scm,focei,TVVc,structural_intercept,20,100,1.8789999999999993,2.0208749999999998,2.5295000000000023,4.257532118199463,6.633849999999995
300,14,ode,nonmem_scm,focei,ResErr,structural_other,0.1,100,0.48482460173107644,0.6427219473278245,1.2867431084147216,2.5456846887299363,4.18079892444849
300,14,ode,nonmem_scm,focei,TVKA,structural_other,0.7,100,0,0,0,0,0
300,14,ode,nonmem_scm,focei,TVQ,structural_other,1.8,100,1.70472222222222,1.7333999999999974,1.70472222222222,1.9510789702490614,2.9391666666666696
300,14,ode,nonmem_scm,focei,TVVp,structural_other,80,100,0.6093124999999944,0.5407412499999994,0.6482499999999991,0.8290639704095514,1.3681499999999935
300,14,ode,nonmem_scm,focei,cov_VcCL,structural_other,0.02,100,-1.6432500000000076,-3.156993500000001,18.848,29.97674344438743,50.274170000000005
300,14,ode,nonmem_scm,focei,var_CL,structural_other,0.1,100,-2.000500000000009,-1.9499500000000054,5.798499999999991,8.38496117612956,13.718080000000002
300,14,ode,nonmem_scm,focei,var_Vc,structural_other,0.1,100,-2.9026500000000066,-2.8921300000000056,9.938900000000007,13.275057445419963,19.6508
300,15,ode,nonmem_scm,focei,CLBW,covariate_beta,0.75,99,-5.059333333333335,-21.788130424242425,14.4984,48.58229174610338,98.79574986666667
300,15,ode,nonmem_scm,focei,CLcrCL,covariate_beta,0.5,98,0.18580000000000263,-4.037474877551022,8.480799999999993,25.80452129456432,25.336199999999998
300,15,ode,nonmem_scm,focei,VcBW,covariate_beta,1,96,-0.03450000000000397,-14.6359459375,7.313999999999998,39.99762652803386,98.79286
300,15,ode,nonmem_scm,focei,TVCL,structural_intercept,0.6,100,-0.07166666666666432,-0.15270999999999593,1.8500833333333355,2.674541491545794,4.244516666666658
300,15,ode,nonmem_scm,focei,TVVc,structural_intercept,20,100,1.1842500000000022,1.3745550000000004,2.231500000000004,3.73014387892746,4.971500000000001
300,15,ode,nonmem_scm,focei,ResErr,structural_other,0.1,100,-0.06432501590372675,0.34358375382336703,1.9292097049065926,2.572187636103861,3.808468648741201
300,15,ode,nonmem_scm,focei,TVKA,structural_other,0.7,100,0,0,0,0,0
300,15,ode,nonmem_scm,focei,TVQ,structural_other,1.8,100,1.963611111111109,2.0318499999999977,1.963611111111109,2.260164760327696,3.334333333333333
300,15,ode,nonmem_scm,focei,TVVp,structural_other,80,100,0.6010000000000026,0.5672900000000006,0.6615625000000058,0.8628126983882425,1.3393499999999998
300,15,ode,nonmem_scm,focei,cov_VcCL,structural_other,0.02,100,-3.9062500000000036,-0.9583190000000017,18.643750000000004,30.84664363708149,49.42875000000001
300,15,ode,nonmem_scm,focei,var_CL,structural_other,0.1,100,-0.7117500000000041,-0.2485810000000058,5.953100000000003,8.685129408955286,13.90583999999999
300,15,ode,nonmem_scm,focei,var_Vc,structural_other,0.1,100,-3.792800000000006,-3.6720360000000047,8.098849999999997,12.515377572969985,20.739060000000013
300,16,ode,nonmem_scm,focei,CLBW,covariate_beta,0.75,92,-7.187399999999999,-20.656960666666667,10.714466666666667,43.160862523163544,98.74024213333334
300,16,ode,nonmem_scm,focei,CLcrCL,covariate_beta,0.5,99,0.6148000000000042,-1.7216964444444451,7.4827999999999895,28.958707322094547,40.987600000000036
300,16,ode,nonmem_scm,focei,VcBW,covariate_beta,1,91,0.07200000000000539,-6.872904197802197,7.420999999999999,31.500984101262475,37.17900000000001
300,16,ode,nonmem_scm,focei,VcSEX,covariate_beta,0.4054651081081644,100,-1.0346440461631023,0.9601444827190889,6.355164308929566,15.52209465323904,24.886732533807194
300,16,ode,nonmem_scm,focei,TVCL,structural_intercept,0.6,100,0.6798333333333333,0.9227083333333376,1.7983333333333278,3.6092377220358705,5.363400000000003
300,16,ode,nonmem_scm,focei,TVVc,structural_intercept,20,100,1.1609999999999943,1.7019449999999996,2.1640000000000015,4.007296123011126,6.496850000000004
300,16,ode,nonmem_scm,focei,ResErr,structural_other,0.1,100,-0.6023657993294851,-0.03321026947703781,1.79833003457764,2.480978414941655,3.5140204707927274
300,16,ode,nonmem_scm,focei,TVKA,structural_other,0.7,100,0,0,0,0,0
300,16,ode,nonmem_scm,focei,TVQ,structural_other,1.8,100,1.9316666666666649,1.847749999999997,1.9316666666666649,2.0749065314364215,2.8767777777777748
300,16,ode,nonmem_scm,focei,TVVp,structural_other,80,100,0.3231874999999995,0.39516875000000073,0.5295000000000004,0.8133784175623616,1.3223250000000066
300,16,ode,nonmem_scm,focei,cov_VcCL,structural_other,0.02,100,2.1719999999999984,3.277289999999998,13.912999999999997,23.563766534660793,37.35970000000001
300,16,ode,nonmem_scm,focei,var_CL,structural_other,0.1,100,-1.591100000000005,-1.929050000000005,5.996150000000005,8.496086410683452,12.984700000000002
300,16,ode,nonmem_scm,focei,var_Vc,structural_other,0.1,100,-3.2783500000000063,-1.478051000000006,8.11855000000001,11.974950617856427,19.251520000000006
