sample_N,scenario,structure,estimator,outer_opt,dataset_id,status,converged,cn_below_cutoff,cov_ok,cov_done,objf,cond_num_cor,cond_num_cor_source,convergence_code,min_suc,cov_step,est_bnd,phys_bnd,est_family,cov_source,n_selected,n_true,n_true_hit,n_false_pos,exact_match,wall_base_sec,wall_scm_sec,wall_refit_sec,wall_total_sec,cpu_total_sec,hog_factor,scm_workers,rx_threads,message
80,1,ode,focei,lbfgsb3c,1,ok,TRUE,TRUE,TRUE,TRUE,-4389.055774286091,3.001456039973921,native,8,TRUE,TRUE,NA,FALSE,focei,"r,s",0,0,0,0,TRUE,15.844999999999999,107.05423736572266,38.593857526779175,161.49309489250183,38.221,0.23667265789563247,3,1,
80,1,ode,focei,lbfgsb3c,2,ok,TRUE,TRUE,TRUE,TRUE,-4177.1594789148085,229.81671065227917,native,27,TRUE,TRUE,NA,FALSE,focei,s,0,0,0,0,TRUE,20.216,222.49812245368958,15.514244556427002,258.2283670101166,15.293,0.05922277314870239,3,1,
80,1,ode,focei,lbfgsb3c,3,ok,TRUE,TRUE,TRUE,TRUE,-4406.799301203737,3.0952580723473213,native,8,TRUE,TRUE,NA,FALSE,focei,"r,s",0,0,0,0,TRUE,16.133000000000003,116.59530568122864,37.578211545944214,170.30651722717286,37.223000000000006,0.21856474200777665,3,1,
80,1,ode,focei,lbfgsb3c,4,ok,TRUE,TRUE,TRUE,TRUE,-4437.813144996897,2.1729906822867404,native,27,TRUE,TRUE,NA,FALSE,focei,"r,s",0,0,0,0,TRUE,18.060000000000002,123.10341787338257,38.48149490356445,179.64491277694702,38.182,0.21254150429190286,3,1,
80,1,ode,focei,lbfgsb3c,5,ok,TRUE,TRUE,TRUE,TRUE,-4388.528221183785,3.234712451549462,native,8,TRUE,TRUE,NA,FALSE,focei,"r,s",0,0,0,0,TRUE,19.618000000000002,132.9583773612976,41.32437181472778,193.90074917602539,41.034000000000006,0.2116237310808369,3,1,
80,1,ode,focei,lbfgsb3c,6,ok,TRUE,TRUE,TRUE,TRUE,-4469.925691158762,2.5585954375696067,native,8,TRUE,TRUE,NA,FALSE,focei,"r,s",0,0,0,0,TRUE,21.427,265.52085971832275,40.46311545372009,327.41097517204287,40.112,0.12251269212622627,3,1,
80,1,ode,focei,lbfgsb3c,7,ok,TRUE,TRUE,TRUE,TRUE,-4387.658631466409,2.915685443161769,native,8,TRUE,TRUE,NA,FALSE,focei,"r,s",0,0,0,0,TRUE,21.551000000000002,155.96547603607178,39.01669096946716,216.53316700553893,38.69700000000001,0.17871165205379433,3,1,
80,1,ode,focei,lbfgsb3c,8,ok,TRUE,TRUE,TRUE,TRUE,-4370.352181851135,3.0785870339157286,native,8,TRUE,TRUE,NA,FALSE,focei,"r,s",0,0,0,0,TRUE,20.35,136.3571650981903,37.432928800582886,194.1400938987732,37.084,0.19101669961762774,3,1,
80,1,ode,focei,lbfgsb3c,9,ok,TRUE,TRUE,TRUE,TRUE,-4513.9819889669025,3.427240268577272,native,8,TRUE,TRUE,NA,FALSE,focei,"r,s",1,0,0,1,FALSE,20.630000000000003,278.08357286453247,49.21463203430176,347.9282048988342,48.800999999999995,0.14026169569721914,3,1,
80,1,ode,focei,lbfgsb3c,10,ok,TRUE,TRUE,TRUE,TRUE,-4414.665283085183,3.468404440733929,native,8,TRUE,TRUE,NA,FALSE,focei,"r,s",0,0,0,0,TRUE,17.195999999999998,182.28190279006958,37.25291085243225,236.73081364250183,36.855000000000004,0.15568315519608042,3,1,
80,1,ode,focei,lbfgsb3c,11,ok,TRUE,TRUE,TRUE,TRUE,-4441.502628214974,4.188208774006389,native,8,TRUE,TRUE,NA,FALSE,focei,"r,s",0,0,0,0,TRUE,18.627000000000002,229.71524333953857,38.105963468551636,286.4482068080902,37.805,0.1319784837240331,3,1,
80,1,ode,focei,lbfgsb3c,12,ok,TRUE,TRUE,TRUE,TRUE,-4450.949395736645,3.236016364924793,native,8,TRUE,TRUE,NA,FALSE,focei,"r,s",0,0,0,0,TRUE,19.032999999999998,231.50319862365723,36.131534814834595,286.66773343849184,35.68900000000001,0.12449604834112776,3,1,
80,1,ode,focei,lbfgsb3c,13,ok,TRUE,TRUE,TRUE,TRUE,-4445.916100010213,3.7132251121098028,native,8,TRUE,TRUE,NA,FALSE,focei,"r,s",0,0,0,0,TRUE,17.312,234.01970314979553,38.71217107772827,290.0438742275238,38.333,0.13216276365805893,3,1,
80,1,ode,focei,lbfgsb3c,14,ok,TRUE,TRUE,TRUE,TRUE,-4377.494976962858,3.046172445029374,native,8,TRUE,TRUE,NA,FALSE,focei,"r,s",1,0,0,1,FALSE,20.578,391.26863288879395,50.24730205535889,462.0939349441528,48.870999999999995,0.10575988192943149,3,1,
80,1,ode,focei,lbfgsb3c,15,ok,TRUE,TRUE,TRUE,TRUE,-4413.132959116248,2.899861870882899,native,8,TRUE,TRUE,NA,FALSE,focei,"r,s",0,0,0,0,TRUE,14.186,114.91680479049683,41.12431526184082,170.22712005233765,40.858999999999995,0.24002638350127511,3,1,
80,1,ode,focei,lbfgsb3c,16,ok,TRUE,TRUE,TRUE,TRUE,-4472.496178911091,2.6610491208029288,native,8,TRUE,TRUE,NA,FALSE,focei,"r,s",0,0,0,0,TRUE,20.747999999999998,251.16423320770264,36.612459897994995,308.5246931056976,35.760000000000005,0.11590644379232547,3,1,
80,1,ode,focei,lbfgsb3c,17,ok,TRUE,TRUE,TRUE,TRUE,-4453.0111781761225,2.9148899412222637,native,8,TRUE,TRUE,NA,FALSE,focei,"r,s",0,0,0,0,TRUE,20.344,255.72978043556213,38.20834398269653,314.28212441825866,37.561,0.1195136378485605,3,1,
80,1,ode,focei,lbfgsb3c,18,ok,TRUE,TRUE,TRUE,TRUE,-4408.331117012751,2.0810402427032257,native,8,TRUE,TRUE,NA,FALSE,focei,"r,s",0,0,0,0,TRUE,16.079,123.82794070243835,39.169915199279785,179.07685590171815,38.847,0.2169292050856656,3,1,
80,1,ode,focei,lbfgsb3c,19,ok,TRUE,TRUE,TRUE,TRUE,-4383.935235436599,2.3578807707203,native,8,TRUE,TRUE,NA,FALSE,focei,"r,s",0,0,0,0,TRUE,20.506,124.52270817756653,39.45678663253784,184.48549481010437,39.214,0.21255871655581363,3,1,
80,1,ode,focei,lbfgsb3c,20,ok,TRUE,TRUE,TRUE,TRUE,-4413.699405513802,3.8908547448078528,native,8,TRUE,TRUE,NA,FALSE,focei,"r,s",0,0,0,0,TRUE,17.427000000000003,255.99541521072388,37.917558431625366,311.33997364234926,37.188,0.11944498987694908,3,1,
80,1,ode,focei,lbfgsb3c,21,ok,TRUE,TRUE,TRUE,TRUE,-4412.292507650986,3.3971042132388,native,8,TRUE,TRUE,NA,FALSE,focei,"r,s",0,0,0,0,TRUE,19.82,147.5628206729889,36.994521141052246,204.37734181404113,36.584,0.179002230263309,3,1,
80,1,ode,focei,lbfgsb3c,22,ok,TRUE,TRUE,TRUE,TRUE,-4405.766591167257,2.345940187719011,native,8,TRUE,TRUE,NA,FALSE,focei,"r,s",0,0,0,0,TRUE,21.237,154.5372190475464,35.64634370803833,211.4205627555847,35.331,0.16711241110849198,3,1,
80,1,ode,focei,lbfgsb3c,23,ok,TRUE,TRUE,TRUE,TRUE,-4450.785055428017,2.613575006075383,native,8,TRUE,TRUE,NA,FALSE,focei,"r,s",0,0,0,0,TRUE,18.41,138.682231426239,37.86666202545166,194.95889345169067,37.569,0.1927021606188451,3,1,
80,1,ode,focei,lbfgsb3c,24,ok,TRUE,TRUE,TRUE,TRUE,-4404.773470756701,2.151760843732579,native,8,TRUE,TRUE,NA,FALSE,focei,"r,s",0,0,0,0,TRUE,20.154999999999998,153.7619969844818,34.79332232475281,208.71031930923462,34.38,0.16472592305827027,3,1,
80,1,ode,focei,lbfgsb3c,25,ok,TRUE,TRUE,TRUE,TRUE,-4418.292746360041,3.292541163179372,native,8,TRUE,TRUE,NA,FALSE,focei,"r,s",0,0,0,0,TRUE,17.901,177.9751477241516,38.899532079696655,234.77567980384828,38.618,0.1644889284625426,3,1,
80,1,ode,focei,lbfgsb3c,26,ok,TRUE,TRUE,TRUE,TRUE,-4435.530753396067,2.8807942250030902,native,8,TRUE,TRUE,NA,FALSE,focei,"r,s",0,0,0,0,TRUE,18.939999999999998,225.84424829483032,39.29314303398132,284.07739132881164,38.93300000000001,0.13705068121713407,3,1,
80,1,ode,focei,lbfgsb3c,27,ok,TRUE,TRUE,TRUE,TRUE,-4384.830590324587,3.0093379164836334,native,8,TRUE,TRUE,NA,FALSE,focei,"r,s",0,0,0,0,TRUE,16.933999999999997,225.5535728931427,39.308271169662476,281.79584406280514,39.003,0.13840871262568097,3,1,
80,1,ode,focei,lbfgsb3c,28,ok,TRUE,TRUE,TRUE,TRUE,-4377.423912989226,2.5188037151058174,native,8,TRUE,TRUE,NA,FALSE,focei,"r,s",0,0,0,0,TRUE,17.652,234.03635835647583,40.334473848342896,292.0228322048187,39.926,0.13672218606522088,3,1,
80,1,ode,focei,lbfgsb3c,29,ok,TRUE,TRUE,TRUE,TRUE,-4468.8453154040935,2.6247012818447097,native,8,TRUE,TRUE,NA,FALSE,focei,"r,s",0,0,0,0,TRUE,20.244,239.48765420913696,37.9154748916626,297.6471291007996,36.982000000000006,0.12424779675088309,3,1,
80,1,ode,focei,lbfgsb3c,30,ok,TRUE,TRUE,TRUE,TRUE,-4405.369302438323,2.383712942032744,native,8,TRUE,TRUE,NA,FALSE,focei,"r,s",0,0,0,0,TRUE,15.773,104.62282824516296,37.57348418235779,157.96931242752075,37.213,0.235571070280337,3,1,
80,1,ode,focei,lbfgsb3c,31,ok,TRUE,TRUE,TRUE,TRUE,-4449.089836406904,2.5998349169771062,native,8,TRUE,TRUE,NA,FALSE,focei,"r,s",0,0,0,0,TRUE,20.73,254.96955966949463,39.11709523200989,314.81665490150453,38.624,0.12268728289513191,3,1,
80,1,ode,focei,lbfgsb3c,32,ok,TRUE,TRUE,TRUE,TRUE,-4400.071046420702,1.9865377162506597,native,8,TRUE,TRUE,NA,FALSE,focei,"r,s",0,0,0,0,TRUE,20.362000000000002,432.6024842262268,36.630632162094116,489.59511638832095,35.590999999999994,0.07269476105593156,3,1,
80,1,ode,focei,lbfgsb3c,33,ok,TRUE,TRUE,TRUE,TRUE,-4481.173953907012,4.003080479638527,native,8,TRUE,TRUE,NA,FALSE,focei,"r,s",1,0,0,1,FALSE,20.332,299.59219574928284,45.39201045036316,365.316206199646,45.105999999999995,0.12347111689687668,3,1,
80,1,ode,focei,lbfgsb3c,34,ok,TRUE,TRUE,TRUE,TRUE,-4433.4356932931905,2.810783519110055,native,8,TRUE,TRUE,NA,FALSE,focei,"r,s",0,0,0,0,TRUE,16.99,274.4360246658325,39.45441007614136,330.8804347419739,38.89300000000001,0.11754397031764487,3,1,
80,1,ode,focei,lbfgsb3c,35,ok,TRUE,TRUE,TRUE,TRUE,-4454.95443049561,2.595351602852255,native,8,TRUE,TRUE,NA,FALSE,focei,"r,s",0,0,0,0,TRUE,21.165000000000003,141.78957295417786,37.402663230895996,200.35723618507384,37.028,0.18480989608878673,3,1,
80,1,ode,focei,lbfgsb3c,36,ok,TRUE,TRUE,TRUE,TRUE,-4429.620664809469,2.38815096751024,native,8,TRUE,TRUE,NA,FALSE,focei,"r,s",0,0,0,0,TRUE,20.637,141.27442622184753,37.25137996673584,199.16280618858337,36.93299999999999,0.18544125134001604,3,1,
80,1,ode,focei,lbfgsb3c,37,ok,TRUE,TRUE,TRUE,TRUE,-4417.011231441538,3.064912297039755,native,8,TRUE,TRUE,NA,FALSE,focei,"r,s",0,0,0,0,TRUE,20.553,152.8147473335266,39.153321743011475,212.52106907653808,38.845,0.18278187743357446,3,1,
80,1,ode,focei,lbfgsb3c,38,ok,TRUE,TRUE,TRUE,TRUE,-4402.494499872772,2.4832218823314536,native,8,TRUE,TRUE,NA,FALSE,focei,"r,s",0,0,0,0,TRUE,17.925,274.0961284637451,38.77150869369507,330.7926371574402,38.387,0.1160455091439347,3,1,
80,1,ode,focei,lbfgsb3c,39,ok,TRUE,TRUE,TRUE,TRUE,-4361.564885446877,4.2462866913815445,native,8,TRUE,TRUE,NA,FALSE,focei,"r,s",1,0,0,1,FALSE,17.970000000000002,399.595201253891,47.306845903396606,464.8720471572876,46.946,0.10098692809575621,3,1,
80,1,ode,focei,lbfgsb3c,40,ok,TRUE,TRUE,TRUE,TRUE,-4420.923075074056,3.4116155565484343,native,8,TRUE,TRUE,NA,FALSE,focei,"r,s",0,0,0,0,TRUE,19.14,178.51724529266357,36.195310831069946,233.8525561237335,35.784,0.15301949481820656,3,1,
80,1,ode,focei,lbfgsb3c,41,ok,TRUE,TRUE,TRUE,TRUE,-4414.497837255123,3.2460158975689395,native,8,TRUE,TRUE,NA,FALSE,focei,"r,s",0,0,0,0,TRUE,18.294999999999998,366.81394147872925,39.996371269226074,425.10531274795534,39.493,0.09290168533700584,3,1,
80,1,ode,focei,lbfgsb3c,42,ok,TRUE,TRUE,TRUE,TRUE,-4419.600931479871,2.167551979051578,native,8,TRUE,TRUE,NA,FALSE,focei,"r,s",0,0,0,0,TRUE,20.432000000000002,225.12116122245789,38.05700945854187,283.6101706809998,37.724,0.13301356544942583,3,1,
80,1,ode,focei,lbfgsb3c,43,ok,TRUE,TRUE,TRUE,TRUE,-4428.101185020163,2.5900765930371974,native,8,TRUE,TRUE,NA,FALSE,focei,"r,s",0,0,0,0,TRUE,18.157999999999998,238.2109522819519,40.37903356552124,296.74798584747316,39.93500000000001,0.1345754711222417,3,1,
80,1,ode,focei,lbfgsb3c,44,ok,TRUE,TRUE,TRUE,TRUE,-4463.399992936029,12.067158397184054,native,8,TRUE,TRUE,NA,FALSE,focei,"r,s",1,0,0,1,FALSE,16.956000000000003,620.6573889255524,44.88210654258728,682.4954954681397,44.620000000000005,0.0653777208732991,3,1,
80,1,ode,focei,lbfgsb3c,45,ok,TRUE,TRUE,TRUE,TRUE,-4424.401174242262,2.8165814220388756,native,8,TRUE,TRUE,NA,FALSE,focei,"r,s",0,0,0,0,TRUE,20.432000000000002,107.74009561538696,35.401862144470215,163.5739577598572,35.031,0.21416000737372257,3,1,
80,1,ode,focei,lbfgsb3c,46,ok,TRUE,TRUE,TRUE,TRUE,-4364.369551213782,2.9791781449415207,native,8,TRUE,TRUE,NA,FALSE,focei,"r,s",0,0,0,0,TRUE,20.490000000000002,256.4631266593933,38.98345398902893,315.93658064842225,38.632999999999996,0.1222808701692927,3,1,
80,1,ode,focei,lbfgsb3c,47,ok,TRUE,TRUE,TRUE,TRUE,-4449.934058965631,4.857306519816435,native,8,TRUE,TRUE,NA,FALSE,focei,"r,s",1,0,0,1,FALSE,13.654,421.9359483718872,47.47043466567993,483.06038303756714,45.79600000000001,0.09480388292665784,3,1,
80,1,ode,focei,lbfgsb3c,48,ok,TRUE,TRUE,TRUE,TRUE,-4421.137864748362,2.220886099411153,native,27,TRUE,TRUE,NA,FALSE,focei,"r,s",0,0,0,0,TRUE,20.103,129.98462748527527,42.18130564689636,192.26893313217164,41.837999999999994,0.21760145707595543,3,1,
80,1,ode,focei,lbfgsb3c,49,ok,TRUE,TRUE,TRUE,TRUE,-4366.621472777254,3.067405682572285,native,8,TRUE,TRUE,NA,FALSE,focei,"r,s",0,0,0,0,TRUE,28.501,134.9469187259674,38.09098839759827,201.53890712356568,37.783,0.18747248627697893,3,1,
80,1,ode,focei,lbfgsb3c,50,ok,TRUE,FALSE,TRUE,TRUE,-3601.448889131363,1350.4630895174437,native,27,TRUE,TRUE,NA,FALSE,focei,s,0,0,0,0,TRUE,19.944,154.97162127494812,18.328054428100586,193.2436757030487,18.098,0.09365377642583558,3,1,
80,1,ode,focei,lbfgsb3c,51,ok,TRUE,TRUE,TRUE,TRUE,-4471.092956214546,4.650837420621876,native,8,TRUE,TRUE,NA,FALSE,focei,"r,s",0,0,0,0,TRUE,18.636,101.87059020996094,36.843862771987915,157.35045298194885,36.525,0.23212516588172852,3,1,
80,1,ode,focei,lbfgsb3c,52,ok,TRUE,TRUE,TRUE,TRUE,-4448.215847598187,2.36412299486729,native,8,TRUE,TRUE,NA,FALSE,focei,"r,s",0,0,0,0,TRUE,24.549000000000003,104.41316962242126,39.86946511268616,168.83163473510743,39.42100000000001,0.23349297104094596,3,1,
80,1,ode,focei,lbfgsb3c,53,ok,TRUE,TRUE,TRUE,TRUE,-4373.324331563973,2.587226456096391,native,8,TRUE,TRUE,NA,FALSE,focei,"r,s",0,0,0,0,TRUE,20.183999999999997,98.347003698349,37.15540790557861,155.6864116039276,36.84199999999999,0.236642360887137,3,1,
80,1,ode,focei,lbfgsb3c,54,ok,TRUE,TRUE,TRUE,TRUE,-4361.515430891055,2.781665202965908,native,8,TRUE,TRUE,NA,FALSE,focei,"r,s",0,0,0,0,TRUE,21.793999999999997,101.14517188072205,38.81052780151367,161.7496996822357,38.562,0.23840538854635723,3,1,
80,1,ode,focei,lbfgsb3c,55,ok,TRUE,TRUE,TRUE,TRUE,-4454.790217148478,3.074826707757747,native,8,TRUE,TRUE,NA,FALSE,focei,"r,s",0,0,0,0,TRUE,25.293,112.2775206565857,40.39230823516846,177.96282889175416,39.967000000000006,0.22458060623609172,3,1,
80,1,ode,focei,lbfgsb3c,56,ok,TRUE,TRUE,TRUE,TRUE,-4438.621735600354,1.5569791314719783,native,8,TRUE,TRUE,NA,FALSE,focei,"r,s",0,0,0,0,TRUE,25.063000000000002,108.10871386528015,42.78204345703125,175.9537573223114,42.458,0.24130203666083472,3,1,
80,1,ode,focei,lbfgsb3c,57,ok,TRUE,TRUE,TRUE,TRUE,-4366.231537234147,2.8476440632311633,native,8,TRUE,TRUE,NA,FALSE,focei,"r,s",0,0,0,0,TRUE,24.996000000000002,230.4874165058136,39.49216628074646,294.97558278656004,38.983000000000004,0.1321567013504556,3,1,
80,1,ode,focei,lbfgsb3c,58,ok,TRUE,TRUE,TRUE,TRUE,-4411.602398287297,3.133364610212826,native,8,TRUE,TRUE,NA,FALSE,focei,"r,s",0,0,0,0,TRUE,21.483999999999998,116.97381019592285,39.37707471847534,177.8348849143982,38.98800000000001,0.21923707499103506,3,1,
80,1,ode,focei,lbfgsb3c,59,ok,TRUE,TRUE,TRUE,TRUE,-4359.827319507495,2.572344212422809,native,8,TRUE,TRUE,NA,FALSE,focei,"r,s",0,0,0,0,TRUE,22.997,269.74850153923035,40.08844995498657,332.83395149421693,39.733999999999995,0.1193808498851127,3,1,
80,1,ode,focei,lbfgsb3c,60,ok,TRUE,TRUE,TRUE,TRUE,-4401.570753708688,3.5929323588500273,native,8,TRUE,TRUE,NA,FALSE,focei,"r,s",1,0,0,1,FALSE,19.449,234.5425705909729,47.12675404548645,301.11832463645936,46.84300000000001,0.15556343193843697,3,1,
80,1,ode,focei,lbfgsb3c,61,ok,TRUE,TRUE,TRUE,TRUE,-4431.614638144348,2.3246576630995888,native,8,TRUE,TRUE,NA,FALSE,focei,"r,s",0,0,0,0,TRUE,24.857,108.6148476600647,43.9903621673584,177.4622098274231,43.72,0.24636231027730604,3,1,
80,1,ode,focei,lbfgsb3c,62,ok,TRUE,TRUE,TRUE,TRUE,-4415.64930906031,2.636140102587317,native,8,TRUE,TRUE,NA,FALSE,focei,"r,s",0,0,0,0,TRUE,21.049,383.1779911518097,40.046671628952026,444.2736627807617,39.65299999999999,0.08925354645559484,3,1,
80,1,ode,focei,lbfgsb3c,63,ok,TRUE,TRUE,TRUE,TRUE,-4420.85724956676,4.3347827430585655,native,8,TRUE,TRUE,NA,FALSE,focei,"r,s",0,0,0,0,TRUE,19.458,117.49000692367554,35.45969486236572,172.40770178604126,35.10999999999999,0.2036451947116125,3,1,
80,1,ode,focei,lbfgsb3c,64,ok,TRUE,TRUE,TRUE,TRUE,-4423.66762754771,2.2849492893804797,native,8,TRUE,TRUE,NA,FALSE,focei,"r,s",0,0,0,0,TRUE,23.793999999999997,129.6560413837433,37.667542695999146,191.11758407974241,37.312,0.19523059680595292,3,1,
80,1,ode,focei,lbfgsb3c,65,ok,TRUE,TRUE,TRUE,TRUE,-4412.206490047803,2.544513903649686,native,8,TRUE,TRUE,NA,FALSE,focei,"r,s",0,0,0,0,TRUE,22.156000000000002,248.4903964996338,40.918267488479614,311.5646639881134,40.60300000000001,0.13031965653701044,3,1,
80,1,ode,focei,lbfgsb3c,66,ok,TRUE,TRUE,TRUE,TRUE,-4416.006960836983,3.2605969948449673,native,8,TRUE,TRUE,NA,FALSE,focei,"r,s",0,0,0,0,TRUE,23.668000000000003,114.43931937217712,37.84665274620056,175.9539721183777,37.561,0.21347059999719611,3,1,
80,1,ode,focei,lbfgsb3c,67,ok,TRUE,TRUE,TRUE,TRUE,-4451.5190641907775,2.2520633117494913,native,8,TRUE,TRUE,NA,FALSE,focei,"r,s",0,0,0,0,TRUE,27.372,238.84439492225647,39.68319749832153,305.899592420578,39.387,0.12875793553149703,3,1,
80,1,ode,focei,lbfgsb3c,68,ok,TRUE,TRUE,TRUE,TRUE,-4434.741158213786,2.3254198563997166,native,8,TRUE,TRUE,NA,FALSE,focei,"r,s",0,0,0,0,TRUE,24.624,247.27409505844116,39.816019773483276,311.71411483192446,39.542,0.12685341509581932,3,1,
80,1,ode,focei,lbfgsb3c,69,ok,TRUE,TRUE,TRUE,TRUE,-4443.765989592441,4.105482435202755,native,8,TRUE,TRUE,NA,FALSE,focei,"r,s",0,0,0,0,TRUE,27.938,110.40632557868958,37.04454565048218,175.38887122917174,36.707,0.2092892196793765,3,1,
80,1,ode,focei,lbfgsb3c,70,ok,TRUE,TRUE,TRUE,TRUE,-4416.522827786819,3.932023974933504,native,8,TRUE,TRUE,NA,FALSE,focei,"r,s",0,0,0,0,TRUE,24.011,113.0509045124054,36.04889440536499,173.11079891777038,35.672000000000004,0.20606455647486563,3,1,
80,1,ode,focei,lbfgsb3c,71,ok,TRUE,TRUE,TRUE,TRUE,-4400.173888010753,2.216045179596962,native,8,TRUE,TRUE,NA,FALSE,focei,"r,s",0,0,0,0,TRUE,24.432000000000002,103.01042914390564,40.18462920188904,167.6270583457947,39.828,0.23759887212146605,3,1,
80,1,ode,focei,lbfgsb3c,72,ok,TRUE,TRUE,TRUE,TRUE,-4407.502130238246,2.0469761272167517,native,8,TRUE,TRUE,NA,FALSE,focei,"r,s",0,0,0,0,TRUE,26.939,254.6548092365265,38.126781702041626,319.72059093856814,37.879999999999995,0.1184784498514778,3,1,
80,1,ode,focei,lbfgsb3c,73,ok,TRUE,TRUE,TRUE,TRUE,-4356.271943200694,2.4714202697683096,native,8,TRUE,TRUE,NA,FALSE,focei,"r,s",0,0,0,0,TRUE,28.703000000000003,243.0633852481842,36.50933885574341,308.2757241039276,36.169,0.11732678628890839,3,1,
80,1,ode,focei,lbfgsb3c,74,ok,TRUE,TRUE,TRUE,TRUE,-4391.393151241268,3.47511420094058,native,8,TRUE,TRUE,NA,FALSE,focei,"r,s",0,0,0,0,TRUE,24.448999999999998,254.86220335960388,37.129329442977905,316.4405328025818,36.888999999999996,0.11657482583943818,3,1,
80,1,ode,focei,lbfgsb3c,75,ok,TRUE,TRUE,TRUE,TRUE,-4375.87871119129,3.2797866286611446,native,8,TRUE,TRUE,NA,FALSE,focei,"r,s",0,0,0,0,TRUE,29.615000000000002,172.79297709465027,41.086904525756836,243.4948816204071,40.843,0.1677365853778874,3,1,
80,1,ode,focei,lbfgsb3c,76,ok,TRUE,TRUE,TRUE,TRUE,-4445.898925993492,2.813389425638667,native,8,TRUE,TRUE,NA,FALSE,focei,"r,s",0,0,0,0,TRUE,36.768,141.52549362182617,38.94754958152771,217.24104320335388,38.518,0.17730535368468225,3,1,
80,1,ode,focei,lbfgsb3c,77,ok,TRUE,TRUE,TRUE,TRUE,-4397.823386599012,2.498861413738059,native,8,TRUE,TRUE,NA,FALSE,focei,"r,s",0,0,0,0,TRUE,33.839999999999996,284.2543649673462,35.56891226768494,353.6632772350311,35.008,0.09898681105286208,3,1,
80,1,ode,focei,lbfgsb3c,78,ok,TRUE,TRUE,TRUE,TRUE,-4484.181675046662,3.6612336770896072,native,27,TRUE,TRUE,NA,FALSE,focei,"r,s",0,0,0,0,TRUE,36.169,147.75370836257935,40.52371644973755,224.44642481231688,40.163999999999994,0.17894693592729452,3,1,
80,1,ode,focei,lbfgsb3c,79,ok,TRUE,TRUE,TRUE,TRUE,-4416.8121931077685,2.254742114167353,native,8,TRUE,TRUE,NA,FALSE,focei,"r,s",0,0,0,0,TRUE,29.374,149.64166831970215,37.76310324668884,216.778771566391,37.466,0.17283057621039064,3,1,
80,1,ode,focei,lbfgsb3c,80,ok,TRUE,TRUE,TRUE,TRUE,-4467.291779900998,3.1980495501707327,native,8,TRUE,TRUE,NA,FALSE,focei,"r,s",0,0,0,0,TRUE,37.495999999999995,165.68440318107605,39.18376421928406,242.3641674003601,38.912,0.16055178625362335,3,1,
80,1,ode,focei,lbfgsb3c,81,ok,TRUE,TRUE,TRUE,TRUE,-4407.29747678622,6.0350423561111946,native,8,TRUE,TRUE,NA,FALSE,focei,"r,s",2,0,0,2,FALSE,35.524,453.0095057487488,62.58485245704651,551.1183582057953,61.510000000000005,0.11160941943623535,3,1,
80,1,ode,focei,lbfgsb3c,82,ok,TRUE,TRUE,TRUE,TRUE,-4429.150199312323,2.4925944460055303,native,8,TRUE,TRUE,NA,FALSE,focei,"r,s",0,0,0,0,TRUE,27.745000000000005,299.61713433265686,39.41130256652832,366.7734368991852,39.036,0.10643082642522393,3,1,
80,1,ode,focei,lbfgsb3c,83,ok,TRUE,TRUE,TRUE,TRUE,-4440.443416460878,2.0811247388305625,native,8,TRUE,TRUE,NA,FALSE,focei,"r,s",0,0,0,0,TRUE,31.469,158.53587293624878,39.73297834396362,229.7378512802124,39.447,0.17170440038583934,3,1,
80,1,ode,focei,lbfgsb3c,84,ok,TRUE,TRUE,TRUE,TRUE,-4483.679798187329,2.772182531532384,native,8,TRUE,TRUE,NA,FALSE,focei,"r,s",0,0,0,0,TRUE,22.228,109.17627120018005,38.41331148147583,169.8175826816559,37.958999999999996,0.22352809055796563,3,1,
80,1,ode,focei,lbfgsb3c,85,ok,TRUE,TRUE,TRUE,TRUE,-4403.89098729435,3.2263453605781014,native,8,TRUE,TRUE,NA,FALSE,focei,"r,s",0,0,0,0,TRUE,27.936000000000003,169.72710013389587,40.60767316818237,238.27077330207825,40.261,0.16897162602883464,3,1,
80,1,ode,focei,lbfgsb3c,86,ok,TRUE,TRUE,TRUE,TRUE,-4398.048061422685,2.2434187013776614,native,8,TRUE,TRUE,NA,FALSE,focei,"r,s",0,0,0,0,TRUE,20.284000000000002,110.54082870483398,39.41827917098999,170.24310787582397,38.986,0.2290019283978095,3,1,
80,1,ode,focei,lbfgsb3c,87,ok,TRUE,TRUE,TRUE,TRUE,-4468.294419282727,2.0348516140616173,native,8,TRUE,TRUE,NA,FALSE,focei,"r,s",0,0,0,0,TRUE,28.198,297.4874789714813,38.83722138404846,364.52270035552976,38.175,0.10472598815592771,3,1,
80,1,ode,focei,lbfgsb3c,88,ok,TRUE,TRUE,TRUE,TRUE,-4434.225154341899,2.406968286040611,native,8,TRUE,TRUE,NA,FALSE,focei,"r,s",0,0,0,0,TRUE,30.835,322.63857650756836,39.99320077896118,393.4667772865295,39.506,0.10040491924742867,3,1,
80,1,ode,focei,lbfgsb3c,89,ok,TRUE,TRUE,TRUE,TRUE,-4436.358880070938,2.8811977086598892,native,8,TRUE,TRUE,NA,FALSE,focei,"r,s",0,0,0,0,TRUE,33.24100000000001,167.44473910331726,40.015060901641846,240.70080000495912,39.804,0.16536712798287304,3,1,
80,1,ode,focei,lbfgsb3c,90,ok,TRUE,TRUE,TRUE,TRUE,-4423.42779319587,4.646629139164883,native,8,TRUE,TRUE,NA,FALSE,focei,"r,s",0,0,0,0,TRUE,22.153000000000002,115.2734432220459,39.507739543914795,176.93418276596068,39.274,0.22196954475410555,3,1,
80,1,ode,focei,lbfgsb3c,91,ok,TRUE,TRUE,TRUE,TRUE,-4414.803683203585,2.5742546917036297,native,8,TRUE,TRUE,NA,FALSE,focei,"r,s",0,0,0,0,TRUE,23.132,101.0999367237091,38.429943561553955,162.66188028526307,38.132999999999996,0.23443107833947,3,1,
80,1,ode,focei,lbfgsb3c,92,ok,TRUE,TRUE,TRUE,TRUE,-4414.346973625613,1.8111563538336815,native,27,TRUE,TRUE,NA,FALSE,focei,"r,s",0,0,0,0,TRUE,21.346,311.95386600494385,46.284234046936035,379.5841000518799,46.01,0.1212116102695333,3,1,
80,1,ode,focei,lbfgsb3c,93,ok,TRUE,TRUE,TRUE,TRUE,-4417.21615073987,3.2648383980247484,native,8,TRUE,TRUE,NA,FALSE,focei,"r,s",0,0,0,0,TRUE,24.955000000000002,110.86396908760071,39.618569135665894,175.4375382232666,39.323,0.22414245205582214,3,1,
80,1,ode,focei,lbfgsb3c,94,ok,TRUE,TRUE,TRUE,TRUE,-4418.113170065218,3.428381556093185,native,8,TRUE,TRUE,NA,FALSE,focei,"r,s",1,0,0,1,FALSE,18.575,262.3715600967407,48.11057496070862,329.05713505744933,47.642,0.14478336715501489,3,1,
80,1,ode,focei,lbfgsb3c,95,ok,TRUE,TRUE,TRUE,TRUE,-4427.218783124997,1.865979617180327,native,8,TRUE,TRUE,NA,FALSE,focei,"r,s",0,0,0,0,TRUE,21.037,106.83898782730103,36.91372537612915,164.78971320343018,36.598,0.2220891054942269,3,1,
80,1,ode,focei,lbfgsb3c,96,ok,TRUE,TRUE,TRUE,TRUE,-4456.914765529869,2.773308395643857,native,8,TRUE,TRUE,NA,FALSE,focei,"r,s",0,0,0,0,TRUE,25.165,118.41350603103638,37.0474967956543,180.62600282669067,36.804,0.2037580382892776,3,1,
80,1,ode,focei,lbfgsb3c,97,ok,TRUE,TRUE,TRUE,TRUE,-4400.926649583289,2.7302751289461056,native,8,TRUE,TRUE,NA,FALSE,focei,"r,s",1,0,0,1,FALSE,21.428,348.33516359329224,50.1350531578064,419.89821675109863,49.75400000000001,0.11849061990537695,3,1,
80,1,ode,focei,lbfgsb3c,98,ok,TRUE,TRUE,TRUE,TRUE,-4425.273554257265,3.4245521827459546,native,8,TRUE,TRUE,NA,FALSE,focei,"r,s",0,0,0,0,TRUE,21.033,106.15240263938904,36.86674094200134,164.0521435813904,36.619,0.2232156142588432,3,1,
80,1,ode,focei,lbfgsb3c,99,ok,TRUE,TRUE,TRUE,TRUE,-4431.395263831067,3.0241398398685857,native,8,TRUE,TRUE,NA,FALSE,focei,"r,s",0,0,0,0,TRUE,21.572000000000003,109.71985244750977,37.09466195106506,168.38651439857483,36.778,0.2184141653585489,3,1,
80,1,ode,focei,lbfgsb3c,100,ok,TRUE,TRUE,TRUE,TRUE,-4474.399863110897,2.482637962196607,native,8,TRUE,TRUE,NA,FALSE,focei,"r,s",0,0,0,0,TRUE,26.32,112.93736672401428,40.01400876045227,179.27137548446655,39.778000000000006,0.22188706865501057,3,1,
80,2,ode,focei,lbfgsb3c,1,ok,TRUE,TRUE,TRUE,TRUE,-4361.211603200576,7.224362514021928,native,8,TRUE,TRUE,NA,FALSE,focei,"r,s",1,1,1,0,TRUE,20.837,307.2926344871521,47.47493863105774,375.6045731182098,46.973000000000006,0.12505971269209418,3,1,
80,2,ode,focei,lbfgsb3c,2,ok,TRUE,TRUE,TRUE,TRUE,-4435.350592876354,4.099761092697389,native,8,TRUE,TRUE,NA,FALSE,focei,"r,s",1,1,1,0,TRUE,25.309,294.8774411678314,44.21703743934631,364.40347860717776,43.898,0.12046537033012651,3,1,
80,2,ode,focei,lbfgsb3c,3,ok,TRUE,TRUE,TRUE,TRUE,-4469.670957906841,9.395325107275461,native,8,TRUE,TRUE,NA,FALSE,focei,"r,s",1,1,1,0,TRUE,21.642,689.3592910766602,46.71507549285889,757.7163665695191,46.332,0.0611468909003025,3,1,
80,2,ode,focei,lbfgsb3c,4,ok,TRUE,TRUE,TRUE,TRUE,-4432.476011221861,10.0669112610719,native,8,TRUE,TRUE,NA,FALSE,focei,"r,s",1,1,1,0,TRUE,19.174,322.157399892807,45.76922678947449,387.1006266822815,45.166,0.11667767212650537,3,1,
80,2,ode,focei,lbfgsb3c,5,ok,TRUE,TRUE,TRUE,TRUE,-4460.193137538277,9.86134022929242,native,8,TRUE,TRUE,NA,FALSE,focei,"r,s",1,1,1,0,TRUE,19.454,810.3609354496002,45.22200798988342,875.0369434394836,44.281,0.05060472055722115,3,1,
80,2,ode,focei,lbfgsb3c,6,ok,TRUE,TRUE,TRUE,TRUE,-4380.022763855043,5.788747871906347,native,8,TRUE,TRUE,NA,FALSE,focei,"r,s",1,1,1,0,TRUE,18.680999999999997,403.97748494148254,49.85737323760986,472.5158581790924,49.16999999999999,0.10405999957225485,3,1,
80,2,ode,focei,lbfgsb3c,7,ok,TRUE,TRUE,TRUE,TRUE,-4501.434030451886,6.055758576596209,native,8,TRUE,TRUE,NA,FALSE,focei,"r,s",1,1,1,0,TRUE,19.09,437.5136709213257,44.847654819488525,501.4513257408142,44.594,0.08892986758808444,3,1,
80,2,ode,focei,lbfgsb3c,8,ok,TRUE,TRUE,TRUE,TRUE,-4411.945331510998,7.794848936152022,native,8,TRUE,TRUE,NA,FALSE,focei,"r,s",2,1,1,1,FALSE,19.322000000000003,617.0485196113586,56.07451915740967,692.4450387687683,55.632,0.08034139445770147,3,1,
80,2,ode,focei,lbfgsb3c,9,ok,TRUE,TRUE,TRUE,TRUE,-4432.049466279536,7.649849163977611,native,8,TRUE,TRUE,NA,FALSE,focei,"r,s",2,1,1,1,FALSE,20.528,663.9710478782654,58.35517597198486,742.8542238502503,57.971999999999994,0.07803953742031411,3,1,
80,2,ode,focei,lbfgsb3c,10,ok,TRUE,TRUE,TRUE,TRUE,-4454.457449246465,10.31492937421574,native,8,TRUE,TRUE,NA,FALSE,focei,"r,s",1,1,1,0,TRUE,19.988999999999997,463.61904215812683,44.66887617111206,528.2769183292389,44.376,0.08400139862318093,3,1,
80,2,ode,focei,lbfgsb3c,11,ok,TRUE,TRUE,TRUE,TRUE,-4433.016934509129,8.413152781846886,native,8,TRUE,TRUE,NA,FALSE,focei,"r,s",1,1,1,0,TRUE,20.346999999999998,274.25099086761475,48.03868913650513,342.63668000411985,47.66199999999999,0.13910361260629453,3,1,
80,2,ode,focei,lbfgsb3c,12,ok,TRUE,TRUE,TRUE,TRUE,-4454.040832038358,7.261911855564834,native,8,TRUE,TRUE,NA,FALSE,focei,"r,s",1,1,1,0,TRUE,18.916,450.4885096549988,45.30111646652222,514.705626121521,44.783,0.08700701474249442,3,1,
80,2,ode,focei,lbfgsb3c,13,ok,TRUE,TRUE,TRUE,TRUE,-4467.316851592494,7.644064269934222,native,8,TRUE,TRUE,NA,FALSE,focei,"r,s",1,1,1,0,TRUE,18.191,321.6844720840454,50.14743709564209,390.0229091796875,49.78700000000001,0.12765147592154039,3,1,
80,2,ode,focei,lbfgsb3c,14,ok,TRUE,TRUE,TRUE,TRUE,-4403.06832340683,6.693380743279978,native,8,TRUE,TRUE,NA,FALSE,focei,"r,s",1,1,1,0,TRUE,20.948,620.5926668643951,46.92654633522034,688.4672131996155,46.544,0.06760525281035415,3,1,
80,2,ode,focei,lbfgsb3c,15,ok,TRUE,TRUE,TRUE,TRUE,-4520.319207509722,11.431155813186583,native,8,TRUE,TRUE,NA,FALSE,focei,"r,s",1,1,1,0,TRUE,19.667,318.30158162117004,43.73852753639221,381.7071091575623,43.403,0.1137076018725236,3,1,
80,2,ode,focei,lbfgsb3c,16,ok,TRUE,TRUE,TRUE,TRUE,-4387.4663124274475,10.522847285916173,native,8,TRUE,TRUE,NA,FALSE,focei,"r,s",1,1,1,0,TRUE,19.593999999999998,335.6190085411072,51.63284087181091,406.8458494129181,51.32600000000001,0.1261558894457541,3,1,
80,2,ode,focei,lbfgsb3c,17,ok,TRUE,TRUE,TRUE,TRUE,-4381.770918833589,8.092010060419659,native,8,TRUE,TRUE,NA,FALSE,focei,"r,s",1,1,1,0,TRUE,18.745,589.6189517974854,48.40392565727234,656.7678774547577,47.293,0.07200869839018252,3,1,
80,2,ode,focei,lbfgsb3c,18,ok,TRUE,TRUE,TRUE,TRUE,-4445.959842788279,6.880377786850862,native,8,TRUE,TRUE,NA,FALSE,focei,"r,s",1,1,1,0,TRUE,20.104,390.05748653411865,45.448193073272705,455.60967960739134,45.07199999999999,0.09892678320363935,3,1,
80,2,ode,focei,lbfgsb3c,19,ok,TRUE,TRUE,TRUE,TRUE,-4376.211946140324,5.989134779459989,native,8,TRUE,TRUE,NA,FALSE,focei,"r,s",1,1,1,0,TRUE,17.801000000000002,605.097784280777,45.690001249313354,668.5887855300904,44.961,0.06724761314139106,3,1,
80,2,ode,focei,lbfgsb3c,20,ok,TRUE,TRUE,TRUE,TRUE,-4416.120724678742,7.480318587589112,native,8,TRUE,TRUE,NA,FALSE,focei,"r,s",1,1,1,0,TRUE,20.033,600.2680850028992,45.099759340286255,665.4008443431854,44.724,0.06721362075238554,3,1,
80,2,ode,focei,lbfgsb3c,21,ok,TRUE,TRUE,TRUE,TRUE,-4400.346946400345,5.22605115612815,native,8,TRUE,TRUE,NA,FALSE,focei,"r,s",1,1,1,0,TRUE,18.324,443.4908878803253,47.760902881622314,509.57579076194764,47.42100000000001,0.09305975844946116,3,1,
80,2,ode,focei,lbfgsb3c,22,ok,TRUE,TRUE,TRUE,TRUE,-4451.859218476121,9.38291720713751,native,8,TRUE,TRUE,NA,FALSE,focei,"r,s",1,1,1,0,TRUE,19.966,836.4405221939087,46.26463723182678,902.6711594257355,45.59400000000001,0.05051008833494377,3,1,
80,2,ode,focei,lbfgsb3c,23,ok,TRUE,TRUE,TRUE,TRUE,-4471.39464134814,6.1325765287428045,native,8,TRUE,TRUE,NA,FALSE,focei,"r,s",1,1,1,0,TRUE,19.719,334.0883238315582,44.84676504135132,398.65408887290954,44.541000000000004,0.11172844138116848,3,1,
80,2,ode,focei,lbfgsb3c,24,ok,TRUE,TRUE,TRUE,TRUE,-4499.568787929461,7.489866914391123,native,8,TRUE,TRUE,NA,FALSE,focei,"r,s",1,1,1,0,TRUE,19.604999999999997,481.8908884525299,47.58280062675476,549.0786890792847,47.19700000000001,0.08595671429015334,3,1,
80,2,ode,focei,lbfgsb3c,25,ok,TRUE,TRUE,TRUE,TRUE,-4383.7165349688785,5.254025007351594,native,8,TRUE,TRUE,NA,FALSE,focei,"r,s",1,1,1,0,TRUE,19.385,279.65796732902527,45.335758209228516,344.3787255382538,45.032999999999994,0.1307659174637305,3,1,
80,2,ode,focei,lbfgsb3c,26,ok,TRUE,TRUE,TRUE,TRUE,-4406.829293137994,6.495653752552407,native,8,TRUE,TRUE,NA,FALSE,focei,"r,s",1,1,1,0,TRUE,19.497,313.18905568122864,47.82543134689331,380.51148702812196,47.499,0.12482934581286256,3,1,
80,2,ode,focei,lbfgsb3c,27,ok,TRUE,TRUE,TRUE,TRUE,-4453.285641473958,7.505934361537635,native,8,TRUE,TRUE,NA,FALSE,focei,"r,s",1,1,1,0,TRUE,22.23,522.0867686271667,42.714672803878784,587.0314414310456,42.482000000000006,0.07236750368334413,3,1,
80,2,ode,focei,lbfgsb3c,28,ok,TRUE,TRUE,TRUE,TRUE,-4384.846061493314,10.121709992949446,native,8,TRUE,TRUE,NA,FALSE,focei,"r,s",1,1,1,0,TRUE,18.424,573.2313106060028,45.15321063995361,636.8085212459564,44.559000000000005,0.06997236769510792,3,1,
80,2,ode,focei,lbfgsb3c,29,ok,TRUE,TRUE,TRUE,TRUE,-4410.498123725626,9.230548925529616,native,8,TRUE,TRUE,NA,FALSE,focei,"r,s",2,1,1,1,FALSE,20.660999999999998,593.1021394729614,59.21594595909119,672.9790854320526,58.612,0.08709334549731378,3,1,
80,2,ode,focei,lbfgsb3c,30,ok,TRUE,TRUE,TRUE,TRUE,-4475.7209696382115,10.381142738335507,native,8,TRUE,TRUE,NA,FALSE,focei,"r,s",2,1,1,1,FALSE,19.655,591.7359962463379,61.82466769218445,673.2156639385223,61.44,0.09126347364016572,3,1,
80,2,ode,focei,lbfgsb3c,31,ok,TRUE,TRUE,TRUE,TRUE,-4412.158217513023,5.77026148954336,native,8,TRUE,TRUE,NA,FALSE,focei,"r,s",1,1,1,0,TRUE,20.166,587.7915532588959,45.62173914909363,653.5792924079896,45.257000000000005,0.06924484989917463,3,1,
80,2,ode,focei,lbfgsb3c,32,ok,TRUE,TRUE,TRUE,TRUE,-4437.896656996638,10.64208095916672,native,8,TRUE,TRUE,NA,FALSE,focei,"r,s",2,1,1,1,FALSE,20.72,647.5708613395691,54.10773468017578,722.3985960197449,53.452,0.07399239186580454,3,1,
80,2,ode,focei,lbfgsb3c,33,ok,TRUE,TRUE,TRUE,TRUE,-4430.086368376222,6.828690143466383,native,8,TRUE,TRUE,NA,FALSE,focei,"r,s",1,1,1,0,TRUE,19.999,475.32208919525146,45.75023579597473,541.0713249912262,45.397000000000006,0.08390206226644176,3,1,
80,2,ode,focei,lbfgsb3c,34,ok,TRUE,TRUE,TRUE,TRUE,-3975.7974276948617,12.64784184710775,native,27,TRUE,TRUE,NA,FALSE,focei,s,1,1,1,0,TRUE,18.922,499.0894048213959,20.430986642837524,538.4423914642334,20.228999999999996,0.037569478779316594,3,1,
80,2,ode,focei,lbfgsb3c,35,ok,TRUE,TRUE,TRUE,TRUE,-4404.935773476045,11.54674085688951,native,27,TRUE,TRUE,NA,FALSE,focei,"r,s",2,1,1,1,FALSE,18.858,593.8936903476715,57.84490609169006,670.5965964393615,57.45400000000001,0.08567594930403925,3,1,
80,2,ode,focei,lbfgsb3c,36,ok,TRUE,TRUE,TRUE,TRUE,-4405.04207085365,11.154031399610734,native,27,TRUE,TRUE,NA,FALSE,focei,"r,s",1,1,1,0,TRUE,18.955,320.8986053466797,48.99208402633667,388.84568937301634,48.663,0.1251473304962319,3,1,
80,2,ode,focei,lbfgsb3c,37,ok,TRUE,TRUE,TRUE,TRUE,-4392.594215693607,16.663941406954606,native,8,TRUE,TRUE,NA,FALSE,focei,"r,s",1,1,1,0,TRUE,19.942,418.68284249305725,54.160667181015015,492.7855096740723,53.727000000000004,0.10902715064721562,3,1,
80,2,ode,focei,lbfgsb3c,38,ok,TRUE,TRUE,TRUE,TRUE,-4452.097235732035,4.701779289262352,native,8,TRUE,TRUE,NA,FALSE,focei,"r,s",1,1,1,0,TRUE,19.989,391.5156478881836,51.11187195777893,462.6165198459625,50.007999999999996,0.10809817171390933,3,1,
80,2,ode,focei,lbfgsb3c,39,ok,TRUE,TRUE,TRUE,TRUE,-4466.425238832167,7.138620891066224,native,8,TRUE,TRUE,NA,FALSE,focei,"r,s",2,1,1,1,FALSE,15.383999999999999,627.4149596691132,55.841564416885376,698.6405240859985,55.50900000000001,0.07945287753329232,3,1,
80,2,ode,focei,lbfgsb3c,40,ok,TRUE,TRUE,TRUE,TRUE,-4441.062258640264,7.1512406629882745,native,8,TRUE,TRUE,NA,FALSE,focei,"r,s",1,1,1,0,TRUE,19.253,436.9467170238495,45.68203854560852,501.881755569458,44.866,0.08939555881861652,3,1,
80,2,ode,focei,lbfgsb3c,41,ok,TRUE,TRUE,TRUE,TRUE,-4428.399375764952,6.1310799285634845,native,8,TRUE,TRUE,NA,FALSE,focei,"r,s",1,1,1,0,TRUE,18.543,468.93809843063354,46.2404043674469,533.7215027980805,45.836000000000006,0.08587999501556687,3,1,
80,2,ode,focei,lbfgsb3c,42,ok,TRUE,TRUE,TRUE,TRUE,-4494.649343575326,5.776364053426929,native,8,TRUE,TRUE,NA,FALSE,focei,"r,s",1,1,1,0,TRUE,18.984,475.7591116428375,43.81243395805359,538.5555456008912,43.376000000000005,0.08054136728200136,3,1,
80,2,ode,focei,lbfgsb3c,43,ok,TRUE,TRUE,TRUE,TRUE,-4453.6912281449995,8.876755366500214,native,8,TRUE,TRUE,NA,FALSE,focei,"r,s",1,1,1,0,TRUE,18.159,502.9270706176758,45.564011096954346,566.6500817146301,45.336,0.08000704749360929,3,1,
80,2,ode,focei,lbfgsb3c,44,ok,TRUE,TRUE,TRUE,TRUE,-4462.34638637222,6.499913251767957,native,8,TRUE,TRUE,NA,FALSE,focei,"r,s",1,1,1,0,TRUE,18.427000000000003,604.7249064445496,45.41003179550171,668.5619382400513,45.041,0.06736997340675374,3,1,
80,2,ode,focei,lbfgsb3c,45,ok,TRUE,TRUE,TRUE,TRUE,-4420.579989846378,5.840285337825497,native,8,TRUE,TRUE,NA,FALSE,focei,"r,s",1,1,1,0,TRUE,19.246000000000002,581.8891911506653,46.79631209373474,647.9315032444,45.34299999999999,0.06998116278179577,3,1,
80,2,ode,focei,lbfgsb3c,46,ok,TRUE,TRUE,TRUE,TRUE,-4452.264496434642,5.000370489034324,native,8,TRUE,TRUE,NA,FALSE,focei,"r,s",1,1,1,0,TRUE,18.764,448.46801924705505,46.900795459747314,514.1328147068024,46.455,0.09035602994236455,3,1,
80,2,ode,focei,lbfgsb3c,47,ok,TRUE,TRUE,TRUE,TRUE,-4361.466815674385,4.040226495258663,native,8,TRUE,TRUE,NA,FALSE,focei,"r,s",0,1,0,0,FALSE,18.916999999999998,244.23891258239746,38.97804665565491,302.13395923805234,38.091,0.12607321631789156,3,1,
80,2,ode,focei,lbfgsb3c,48,ok,TRUE,TRUE,TRUE,TRUE,-4411.814302780842,6.991988517729136,native,8,TRUE,TRUE,NA,FALSE,focei,"r,s",1,1,1,0,TRUE,20.932,455.12391328811646,47.81531023979187,523.8712235279083,47.522,0.09071313304818,3,1,
80,2,ode,focei,lbfgsb3c,49,ok,TRUE,TRUE,TRUE,TRUE,-4384.737006405356,8.202478698438465,native,8,TRUE,TRUE,NA,FALSE,focei,"r,s",1,1,1,0,TRUE,19.921,674.6763570308685,46.301018476486206,740.8983755073548,45.226,0.06104210981570852,3,1,
80,2,ode,focei,lbfgsb3c,50,ok,TRUE,TRUE,TRUE,TRUE,-4454.677053201801,5.16915051127717,native,8,TRUE,TRUE,NA,FALSE,focei,"r,s",1,1,1,0,TRUE,19.076,507.31139373779297,44.71838617324829,571.1057799110413,44.475,0.07787524056739135,3,1,
80,2,ode,focei,lbfgsb3c,51,ok,TRUE,TRUE,TRUE,TRUE,-4450.668367848791,6.759695334343172,native,8,TRUE,TRUE,NA,FALSE,focei,"r,s",1,1,1,0,TRUE,30.416999999999998,315.394154548645,44.49954032897949,390.3106948776245,43.989,0.11270252282938859,3,1,
80,2,ode,focei,lbfgsb3c,52,ok,TRUE,TRUE,TRUE,TRUE,-4452.848834087584,5.939902616699341,native,8,TRUE,TRUE,NA,FALSE,focei,"r,s",1,1,1,0,TRUE,22.204,260.148756980896,49.158369064331055,331.51112604522706,48.751000000000005,0.14705690448938072,3,1,
80,2,ode,focei,lbfgsb3c,53,ok,TRUE,TRUE,TRUE,TRUE,-4411.179113134832,8.196352937738478,native,8,TRUE,TRUE,NA,FALSE,focei,"r,s",1,1,1,0,TRUE,19.867,242.8682403564453,43.09517192840576,305.8304122848511,42.727999999999994,0.1397114161432809,3,1,
80,2,ode,focei,lbfgsb3c,54,ok,TRUE,TRUE,TRUE,TRUE,-4416.7736077346,10.883133891521911,native,27,TRUE,TRUE,NA,FALSE,focei,"r,s",1,1,1,0,TRUE,24.025000000000002,250.50662350654602,50.47282791137695,325.00445141792295,50.04900000000001,0.153994813860694,3,1,
80,2,ode,focei,lbfgsb3c,55,ok,TRUE,TRUE,TRUE,TRUE,-4439.642088351202,6.621734966960172,native,8,TRUE,TRUE,NA,FALSE,focei,"r,s",1,1,1,0,TRUE,23.753,263.0232253074646,46.145084857940674,332.92131016540526,45.795,0.13755502757467727,3,1,
80,2,ode,focei,lbfgsb3c,56,ok,TRUE,TRUE,TRUE,TRUE,-4465.098838271064,8.521306523079526,native,8,TRUE,TRUE,NA,FALSE,focei,"r,s",1,1,1,0,TRUE,22.41,544.6718463897705,46.13539910316467,613.2172454929351,45.661,0.0744613761853605,3,1,
80,2,ode,focei,lbfgsb3c,57,ok,TRUE,TRUE,TRUE,TRUE,-4392.305777778673,9.69515288263163,native,8,TRUE,TRUE,NA,FALSE,focei,"r,s",1,1,1,0,TRUE,24.355,264.17027282714844,46.48995494842529,335.01522777557375,46.166,0.13780269125834047,3,1,
80,2,ode,focei,lbfgsb3c,58,ok,TRUE,TRUE,TRUE,TRUE,-4444.623325440529,2.44774894296698,native,8,TRUE,TRUE,NA,FALSE,focei,"r,s",0,1,0,0,FALSE,32.805,122.43108344078064,42.04667019844055,197.2827536392212,41.56100000000001,0.21066717304648058,3,1,
80,2,ode,focei,lbfgsb3c,59,ok,TRUE,TRUE,TRUE,TRUE,-4454.481785676859,8.395409978604366,native,8,TRUE,TRUE,NA,FALSE,focei,"r,s",2,1,1,1,FALSE,30.152,444.19965505599976,59.60065722465515,533.952312280655,59.279999999999994,0.11102115045967131,3,1,
80,2,ode,focei,lbfgsb3c,60,ok,TRUE,TRUE,TRUE,TRUE,-4447.527238771195,11.257565395683752,native,8,TRUE,TRUE,NA,FALSE,focei,"r,s",2,1,1,1,FALSE,27.166000000000004,398.9734306335449,56.73680019378662,482.87623082733154,56.339999999999996,0.11667586102440863,3,1,
80,2,ode,focei,lbfgsb3c,61,ok,TRUE,TRUE,TRUE,TRUE,-4431.06398852471,8.03467126092898,native,8,TRUE,TRUE,NA,FALSE,focei,"r,s",1,1,1,0,TRUE,25.523,395.322518825531,47.67717695236206,468.5226957778931,47.303,0.10096202473492204,3,1,
80,2,ode,focei,lbfgsb3c,62,ok,TRUE,TRUE,TRUE,TRUE,-4404.318863054744,7.2926033626121,native,8,TRUE,TRUE,NA,FALSE,focei,"r,s",1,1,1,0,TRUE,28.279000000000003,267.3232786655426,48.86573314666748,344.4680118122101,48.443999999999996,0.14063424857693227,3,1,
80,2,ode,focei,lbfgsb3c,63,ok,TRUE,TRUE,TRUE,TRUE,-4417.024563925142,10.494962645277312,native,8,TRUE,TRUE,NA,FALSE,focei,"r,s",1,1,1,0,TRUE,22.96,507.78828287124634,43.82400393486023,574.5722868061066,43.330999999999996,0.07541435776665355,3,1,
80,2,ode,focei,lbfgsb3c,64,ok,TRUE,TRUE,TRUE,TRUE,-4405.759221099695,8.537734040047816,native,8,TRUE,TRUE,NA,FALSE,focei,"r,s",1,1,1,0,TRUE,24.885,305.036012172699,45.91186547279358,375.83287764549254,44.818999999999996,0.11925247275007134,3,1,
80,2,ode,focei,lbfgsb3c,65,ok,TRUE,TRUE,TRUE,TRUE,-4439.134197958542,7.242432411271216,native,8,TRUE,TRUE,NA,FALSE,focei,"r,s",1,1,1,0,TRUE,21.792,322.94329595565796,45.4742591381073,390.2095550937653,44.729,0.1146281515050339,3,1,
80,2,ode,focei,lbfgsb3c,66,ok,TRUE,TRUE,TRUE,TRUE,-4170.953317849951,4.717621129437144,native,27,TRUE,TRUE,NA,FALSE,focei,s,1,1,1,0,TRUE,22.333,305.5335211753845,21.183204889297485,349.049726064682,20.797,0.059581768576280544,3,1,
80,2,ode,focei,lbfgsb3c,67,ok,TRUE,TRUE,TRUE,TRUE,-4407.517082725078,4.597738119220401,native,8,TRUE,TRUE,NA,FALSE,focei,"r,s",0,1,0,0,FALSE,21.873,298.2013826370239,40.8496458530426,360.9240284900665,40.13,0.11118683388270026,3,1,
80,2,ode,focei,lbfgsb3c,68,ok,TRUE,TRUE,TRUE,TRUE,-4484.292312051447,13.999693105866568,native,8,TRUE,TRUE,NA,FALSE,focei,"r,s",1,1,1,0,TRUE,17.211,314.1667037010193,48.027148723602295,379.4048524246216,47.38,0.12487979449185681,3,1,
80,2,ode,focei,lbfgsb3c,69,ok,TRUE,TRUE,TRUE,TRUE,-4386.706534142611,7.956741827301595,native,8,TRUE,TRUE,NA,FALSE,focei,"r,s",1,1,1,0,TRUE,22.047,505.2595818042755,44.28456258773804,571.5911443920136,43.735,0.07651448142451502,3,1,
80,2,ode,focei,lbfgsb3c,70,ok,TRUE,TRUE,TRUE,TRUE,-4365.804056103696,5.228925388868258,native,8,TRUE,TRUE,NA,FALSE,focei,"r,s",1,1,1,0,TRUE,22.898000000000003,317.01566982269287,46.00003457069397,385.91370439338687,45.43900000000001,0.11774393985677453,3,1,
80,2,ode,focei,lbfgsb3c,71,ok,TRUE,TRUE,TRUE,TRUE,-4445.639950333899,6.0685705923447655,native,8,TRUE,TRUE,NA,FALSE,focei,"r,s",1,1,1,0,TRUE,20.649,508.17851209640503,46.392194986343384,575.2197070827484,45.654,0.07936793443940966,3,1,
80,2,ode,focei,lbfgsb3c,72,ok,TRUE,TRUE,TRUE,TRUE,-4462.818897295562,7.827922348306545,native,8,TRUE,TRUE,NA,FALSE,focei,"r,s",1,1,1,0,TRUE,28.869999999999997,536.8789699077606,45.33657455444336,611.085544462204,44.834,0.0733677967124176,3,1,
80,2,ode,focei,lbfgsb3c,73,ok,TRUE,TRUE,TRUE,TRUE,-4421.179092727782,3.147380270994719,native,8,TRUE,TRUE,NA,FALSE,focei,"r,s",0,1,0,0,FALSE,26.905,303.5913064479828,39.475014209747314,369.9713206577301,38.45399999999999,0.10393778612795442,3,1,
80,2,ode,focei,lbfgsb3c,74,ok,TRUE,TRUE,TRUE,TRUE,-4450.230322330565,5.870505646501969,native,8,TRUE,TRUE,NA,FALSE,focei,"r,s",1,1,1,0,TRUE,28.826999999999998,325.63222098350525,44.44847917556763,398.9077001590729,43.992,0.1102811502070711,3,1,
80,2,ode,focei,lbfgsb3c,75,ok,TRUE,TRUE,TRUE,TRUE,-4399.544092325911,7.160095995752959,native,8,TRUE,TRUE,NA,FALSE,focei,"r,s",1,1,1,0,TRUE,24.183,247.046138048172,45.96078372001648,317.18992176818847,45.586999999999996,0.14372146424411394,3,1,
80,2,ode,focei,lbfgsb3c,76,ok,TRUE,TRUE,TRUE,TRUE,-4383.972449750967,5.027622811381916,native,8,TRUE,TRUE,NA,FALSE,focei,"r,s",1,1,1,0,TRUE,28.696,345.37613248825073,44.759807109832764,418.8319395980835,44.272000000000006,0.1057034953983786,3,1,
80,2,ode,focei,lbfgsb3c,77,ok,TRUE,TRUE,TRUE,TRUE,-4479.398440703152,9.037848365946411,native,8,TRUE,TRUE,NA,FALSE,focei,"r,s",1,1,1,0,TRUE,27.474000000000004,338.6377069950104,45.019063234329224,411.1307702293396,44.633,0.10856156539950182,3,1,
80,2,ode,focei,lbfgsb3c,78,ok,TRUE,TRUE,TRUE,TRUE,-4423.157094720344,5.031425537549,native,8,TRUE,TRUE,NA,FALSE,focei,"r,s",1,1,1,0,TRUE,24.974,423.9626622200012,49.276907205581665,498.2135694255829,48.87799999999999,0.09810652097724688,3,1,
80,2,ode,focei,lbfgsb3c,79,ok,TRUE,TRUE,TRUE,TRUE,-4417.244189241497,6.666709808585774,native,8,TRUE,TRUE,NA,FALSE,focei,"r,s",1,1,1,0,TRUE,23.93,276.91117668151855,45.85787868499756,346.6990553665161,45.503000000000014,0.13124639163465876,3,1,
80,2,ode,focei,lbfgsb3c,80,ok,TRUE,TRUE,TRUE,TRUE,-4487.482510901807,8.788294270975673,native,8,TRUE,TRUE,NA,FALSE,focei,"r,s",1,1,1,0,TRUE,24.426,268.7941892147064,44.0005669593811,337.2207561740875,43.739000000000004,0.1297043530067292,3,1,
80,2,ode,focei,lbfgsb3c,81,ok,TRUE,TRUE,TRUE,TRUE,-4452.146360848351,6.118672025956658,native,8,TRUE,TRUE,NA,FALSE,focei,"r,s",1,1,1,0,TRUE,29.787000000000006,406.7107779979706,45.013346433639526,481.51112443161014,44.58200000000001,0.09258768435023366,3,1,
80,2,ode,focei,lbfgsb3c,82,ok,TRUE,TRUE,TRUE,TRUE,-4443.097538796658,9.239349736592866,native,8,TRUE,TRUE,NA,FALSE,focei,"r,s",1,1,1,0,TRUE,29.869000000000003,412.8976163864136,44.11718535423279,486.8838017406464,43.861,0.09008514935841695,3,1,
80,2,ode,focei,lbfgsb3c,83,ok,TRUE,TRUE,TRUE,TRUE,-4383.563774320405,5.218475786077202,native,8,TRUE,TRUE,NA,FALSE,focei,"r,s",1,1,1,0,TRUE,22.403,409.4837489128113,45.28590440750122,477.1726533203125,44.999999999999986,0.09430548814328796,3,1,
80,2,ode,focei,lbfgsb3c,84,ok,TRUE,TRUE,TRUE,TRUE,-4463.844355907741,6.286887463768145,native,8,TRUE,TRUE,NA,FALSE,focei,"r,s",1,1,1,0,TRUE,25.435000000000002,512.3794746398926,44.02473521232605,581.8392098522186,43.663999999999994,0.07504478773627206,3,1,
80,2,ode,focei,lbfgsb3c,85,ok,TRUE,TRUE,TRUE,TRUE,-4402.600622458542,6.705842636174576,native,8,TRUE,TRUE,NA,FALSE,focei,"r,s",1,1,1,0,TRUE,29.724,324.99753403663635,45.02366590499878,399.7451999416351,44.726,0.1118862715713165,3,1,
80,2,ode,focei,lbfgsb3c,86,ok,TRUE,TRUE,TRUE,TRUE,-4400.3194733871505,6.787732770269928,native,8,TRUE,TRUE,NA,FALSE,focei,"r,s",2,1,1,1,FALSE,21.735,459.75738430023193,64.97695541381836,546.4693397140503,64.516,0.11805968846076367,3,1,
80,2,ode,focei,lbfgsb3c,87,ok,TRUE,TRUE,TRUE,TRUE,-4430.139531140616,8.07577812765561,native,8,TRUE,TRUE,NA,FALSE,focei,"r,s",1,1,1,0,TRUE,25.979,336.7982156276703,46.78034234046936,409.55755796813963,46.321999999999996,0.11310253979882233,3,1,
80,2,ode,focei,lbfgsb3c,88,ok,TRUE,TRUE,TRUE,TRUE,-4375.832292694182,7.002543740888842,native,8,TRUE,TRUE,NA,FALSE,focei,"r,s",1,1,1,0,TRUE,27.002,324.79890275001526,46.96277141571045,398.7636741657257,46.68599999999999,0.11707686287542166,3,1,
80,2,ode,focei,lbfgsb3c,89,ok,TRUE,TRUE,TRUE,TRUE,-4443.902575654997,7.332657027652499,native,8,TRUE,TRUE,NA,FALSE,focei,"r,s",1,1,1,0,TRUE,24.388,317.882670879364,46.58815145492554,388.8588223342895,46.15,0.11868060424337323,3,1,
80,2,ode,focei,lbfgsb3c,90,ok,TRUE,TRUE,TRUE,TRUE,-4452.688291179426,7.957248396733419,native,8,TRUE,TRUE,NA,FALSE,focei,"r,s",1,1,1,0,TRUE,24.56,504.35799264907837,51.099486112594604,580.0174787616729,50.79,0.08756632663628647,3,1,
80,2,ode,focei,lbfgsb3c,91,ok,TRUE,TRUE,TRUE,TRUE,-4387.5637821222945,2.4609110978168065,native,27,TRUE,TRUE,NA,FALSE,focei,"r,s",0,1,0,0,FALSE,30.579,296.3269772529602,42.85387444496155,369.75985169792176,42.54899999999999,0.11507198470741689,3,1,
80,2,ode,focei,lbfgsb3c,92,ok,TRUE,TRUE,TRUE,TRUE,-4460.538274423871,6.165537929824423,native,8,TRUE,TRUE,NA,FALSE,focei,"r,s",1,1,1,0,TRUE,24.810000000000002,317.7603507041931,46.58151865005493,389.15186935424805,46.17799999999999,0.11866318431574535,3,1,
80,2,ode,focei,lbfgsb3c,93,ok,TRUE,TRUE,TRUE,TRUE,-4460.602410087751,9.860737401515694,native,8,TRUE,TRUE,NA,FALSE,focei,"r,s",1,1,1,0,TRUE,23.841,408.96968054771423,46.16120266914368,478.9718832168579,45.795,0.0956110402398422,3,1,
80,2,ode,focei,lbfgsb3c,94,ok,TRUE,TRUE,TRUE,TRUE,-4398.915316755353,6.263758091982237,native,8,TRUE,TRUE,NA,FALSE,focei,"r,s",1,1,1,0,TRUE,17.905,377.13557052612305,46.30063486099243,441.34120538711545,45.851,0.10389014087135263,3,1,
80,2,ode,focei,lbfgsb3c,95,ok,TRUE,TRUE,TRUE,TRUE,-4451.078290594571,7.511339024777982,native,8,TRUE,TRUE,NA,FALSE,focei,"r,s",1,1,1,0,TRUE,22.09,242.92471480369568,45.076972007751465,310.0916868114471,44.745999999999995,0.1442992569717228,3,1,
80,2,ode,focei,lbfgsb3c,96,ok,TRUE,TRUE,TRUE,TRUE,-4437.3834301166,7.923537411137002,native,8,TRUE,TRUE,NA,FALSE,focei,"r,s",1,1,1,0,TRUE,28.767,301.42995405197144,43.766889572143555,373.963843624115,43.481,0.11627059872586072,3,1,
80,2,ode,focei,lbfgsb3c,97,ok,TRUE,TRUE,TRUE,TRUE,-4419.538282854224,6.639834764686194,native,8,TRUE,TRUE,NA,FALSE,focei,"r,s",1,1,1,0,TRUE,20.972,397.65816020965576,46.466761112213135,465.0969213218689,46.004999999999995,0.09891486675346617,3,1,
80,2,ode,focei,lbfgsb3c,98,ok,TRUE,TRUE,TRUE,TRUE,-4496.410910913171,6.576756592726704,native,8,TRUE,TRUE,NA,FALSE,focei,"r,s",1,1,1,0,TRUE,26.572000000000003,492.1063814163208,47.541648864746094,566.2200302810669,47.022999999999996,0.08304722101875868,3,1,
80,2,ode,focei,lbfgsb3c,99,ok,TRUE,TRUE,TRUE,TRUE,-4393.2443668100805,6.661139358670264,native,8,TRUE,TRUE,NA,FALSE,focei,"r,s",1,1,1,0,TRUE,29.057,315.3042333126068,42.52525496482849,386.8864882774353,42.306,0.10934990309008277,3,1,
80,2,ode,focei,lbfgsb3c,100,ok,TRUE,TRUE,TRUE,TRUE,-4405.425211808943,4.576065767053154,native,8,TRUE,TRUE,NA,FALSE,focei,"r,s",1,1,1,0,TRUE,30.323,399.21103739738464,50.41973114013672,479.95376853752134,50.10999999999999,0.10440588924364815,3,1,
80,3,ode,focei,lbfgsb3c,1,ok,TRUE,TRUE,TRUE,TRUE,-4369.496329534382,5.093431233895243,native,8,TRUE,TRUE,NA,FALSE,focei,"r,s",1,1,1,0,TRUE,19.383,585.4397540092468,49.4303457736969,654.2530997829438,49.007,0.07490526222383762,3,1,
80,3,ode,focei,lbfgsb3c,2,ok,TRUE,TRUE,TRUE,TRUE,-4472.912069123423,4.099303260516772,native,8,TRUE,TRUE,NA,FALSE,focei,"r,s",1,1,1,0,TRUE,21.037,793.2104201316833,53.915647745132446,868.1630678768158,53.014,0.061064564897527054,3,1,
80,3,ode,focei,lbfgsb3c,3,ok,TRUE,TRUE,TRUE,TRUE,-4447.196548107812,7.029671412743791,native,8,TRUE,TRUE,NA,FALSE,focei,"r,s",2,1,1,1,FALSE,18.622,816.2482922077179,60.60613250732422,895.4764247150421,60.245999999999995,0.06727815310064857,3,1,
80,3,ode,focei,lbfgsb3c,4,ok,TRUE,TRUE,TRUE,TRUE,-4434.1809135667445,6.596914749473472,native,8,TRUE,TRUE,NA,FALSE,focei,"r,s",1,1,1,0,TRUE,17.035,437.4730999469757,55.20488452911377,509.7129844760895,54.18,0.10629511440774679,3,1,
80,3,ode,focei,lbfgsb3c,5,ok,TRUE,TRUE,TRUE,TRUE,-4382.799557907851,4.449032418673895,native,8,TRUE,TRUE,NA,FALSE,focei,"r,s",0,1,0,0,FALSE,17.195,261.75150775909424,37.4687864780426,316.41529423713683,37.054,0.11710559089545765,3,1,
80,3,ode,focei,lbfgsb3c,6,ok,TRUE,TRUE,TRUE,TRUE,-4370.273500465479,5.0947237087696,native,8,TRUE,TRUE,NA,FALSE,focei,"r,s",1,1,1,0,TRUE,19.256,481.9344394207001,49.115954637527466,550.3063940582275,48.859,0.08878508504996631,3,1,
80,3,ode,focei,lbfgsb3c,7,ok,TRUE,TRUE,TRUE,TRUE,-4481.780522205932,4.327934009084664,native,8,TRUE,TRUE,NA,FALSE,focei,"r,s",1,1,1,0,TRUE,15.306,714.8451659679413,50.17197108268738,780.3231370506287,49.057,0.06286754508577015,3,1,
80,3,ode,focei,lbfgsb3c,8,ok,TRUE,TRUE,TRUE,TRUE,-4419.411622919462,3.1253460893423792,native,8,TRUE,TRUE,NA,FALSE,focei,"r,s",1,1,1,0,TRUE,17.409,444.74595856666565,54.93804430961609,517.0930028762817,54.081999999999994,0.1045885357163487,3,1,
80,3,ode,focei,lbfgsb3c,9,ok,TRUE,TRUE,TRUE,TRUE,-4461.434930361054,5.351180772938064,native,8,TRUE,TRUE,NA,FALSE,focei,"r,s",1,1,1,0,TRUE,17.412,565.4792523384094,49.12406873703003,632.0153210754395,48.574000000000005,0.07685573178407498,3,1,
80,3,ode,focei,lbfgsb3c,10,ok,TRUE,TRUE,TRUE,TRUE,-4389.375381195434,3.4414675570216517,native,8,TRUE,TRUE,NA,FALSE,focei,"r,s",1,1,1,0,TRUE,17.435,552.5587186813354,48.69213104248047,618.6858497238159,48.416999999999994,0.0782578105214683,3,1,
80,3,ode,focei,lbfgsb3c,11,ok,TRUE,TRUE,TRUE,TRUE,-4430.301463908547,6.956614816940957,native,27,TRUE,TRUE,NA,FALSE,focei,"r,s",1,1,1,0,TRUE,20.145000000000003,468.17042684555054,46.884708642959595,535.2001354885101,46.650000000000006,0.08716365506413723,3,1,
80,3,ode,focei,lbfgsb3c,12,ok,TRUE,TRUE,TRUE,TRUE,-4432.068758849217,4.4313215214978525,native,8,TRUE,TRUE,NA,FALSE,focei,"r,s",1,1,1,0,TRUE,18.301,663.9643933773041,49.913639545440674,732.1790329227448,49.50800000000001,0.06761734189843129,3,1,
80,3,ode,focei,lbfgsb3c,13,ok,TRUE,TRUE,TRUE,TRUE,-4389.69187239514,5.075750605479985,native,8,TRUE,TRUE,NA,FALSE,focei,"r,s",1,1,0,1,FALSE,18.689,476.1322727203369,48.35322833061218,543.1745010509491,47.982000000000006,0.0883362527275546,3,1,
80,3,ode,focei,lbfgsb3c,14,ok,TRUE,TRUE,TRUE,TRUE,-4407.001433657257,4.044429379043789,native,8,TRUE,TRUE,NA,FALSE,focei,"r,s",1,1,1,0,TRUE,18.489,608.3186848163605,50.43519639968872,677.2428812160492,50.092999999999996,0.07396607832931902,3,1,
80,3,ode,focei,lbfgsb3c,15,ok,TRUE,TRUE,TRUE,TRUE,-4392.803100189425,11.98857875420909,native,8,TRUE,TRUE,NA,FALSE,focei,"r,s",4,1,0,4,FALSE,18.403000000000002,976.0263650417328,82.19275736808777,1076.6221224098206,81.56700000000001,0.07576195798153143,3,1,
80,3,ode,focei,lbfgsb3c,16,ok,TRUE,TRUE,TRUE,TRUE,-4468.493423905582,6.4180561990171325,native,27,TRUE,TRUE,NA,FALSE,focei,"r,s",1,1,0,1,FALSE,25.075000000000003,464.3726975917816,47.683125257492065,537.1308228492737,47.291,0.08804372787459733,3,1,
80,3,ode,focei,lbfgsb3c,17,ok,TRUE,TRUE,TRUE,TRUE,-4390.428819597087,3.8473103194344347,native,8,TRUE,TRUE,NA,FALSE,focei,"r,s",1,1,0,1,FALSE,18.441,530.533243894577,52.745102643966675,601.7193465385437,52.391,0.08706883084511899,3,1,
80,3,ode,focei,lbfgsb3c,18,ok,TRUE,TRUE,TRUE,TRUE,-4427.922133953962,3.340922128480597,native,8,TRUE,TRUE,NA,FALSE,focei,"r,s",1,1,1,0,TRUE,23.646,663.4268126487732,50.96798300743103,738.0407956562042,50.124,0.0679149449393701,3,1,
80,3,ode,focei,lbfgsb3c,19,ok,TRUE,TRUE,TRUE,TRUE,-4468.006889752353,4.328523748534966,native,8,TRUE,TRUE,NA,FALSE,focei,"r,s",2,1,1,1,FALSE,20.02,578.7183210849762,66.90987992286682,665.648201007843,65.516,0.098424362750179,3,1,
80,3,ode,focei,lbfgsb3c,20,ok,TRUE,TRUE,TRUE,TRUE,-4392.2382524337445,3.9354892612863237,native,8,TRUE,TRUE,NA,FALSE,focei,"r,s",1,1,1,0,TRUE,20.795,595.6291689872742,48.63743877410889,665.061607761383,48.18699999999999,0.07245494167404859,3,1,
80,3,ode,focei,lbfgsb3c,21,ok,TRUE,TRUE,TRUE,TRUE,-4436.486270656294,5.546587636929661,native,8,TRUE,TRUE,NA,FALSE,focei,"r,s",1,1,1,0,TRUE,18.283,445.25458669662476,48.51691699028015,512.0545036869049,48.17400000000001,0.09407982871576487,3,1,
80,3,ode,focei,lbfgsb3c,22,ok,TRUE,TRUE,TRUE,TRUE,-4436.765458440708,8.204219641789258,native,8,TRUE,TRUE,NA,FALSE,focei,"r,s",1,1,1,0,TRUE,20.48,448.35565853118896,54.120909690856934,522.9565682220459,53.705,0.10269495262787674,3,1,
80,3,ode,focei,lbfgsb3c,23,ok,TRUE,TRUE,TRUE,TRUE,-4452.679261546984,3.945277684412519,native,8,TRUE,TRUE,NA,FALSE,focei,"r,s",1,1,1,0,TRUE,16.918,453.9322271347046,49.467127084732056,520.3173542194367,49.132,0.09442698691783256,3,1,
80,3,ode,focei,lbfgsb3c,24,ok,TRUE,TRUE,TRUE,TRUE,-4179.12161541696,36.48184450781921,native,27,TRUE,TRUE,NA,FALSE,focei,s,1,1,1,0,TRUE,17.681,468.92299342155457,20.14885640144348,506.75284982299803,20.003999999999994,0.0394748643386754,3,1,
80,3,ode,focei,lbfgsb3c,25,ok,TRUE,TRUE,TRUE,TRUE,-4389.349796183862,5.750705270062463,native,8,TRUE,TRUE,NA,FALSE,focei,"r,s",1,1,1,0,TRUE,17.858999999999998,649.5040204524994,51.151910066604614,718.514930519104,50.82,0.07072921917333601,3,1,
80,3,ode,focei,lbfgsb3c,26,ok,TRUE,TRUE,TRUE,TRUE,-4344.604167261485,3.8198413791201884,native,8,TRUE,TRUE,NA,FALSE,focei,"r,s",0,1,0,0,FALSE,18.237000000000002,378.62973046302795,39.85473656654358,436.72146702957156,39.5,0.0904466644808311,3,1,
80,3,ode,focei,lbfgsb3c,27,ok,TRUE,FALSE,TRUE,TRUE,-4192.53793671773,1750.8712057852313,native,27,TRUE,TRUE,NA,FALSE,focei,s,1,1,1,0,TRUE,20.404,431.245671749115,22.588157892227173,474.23782964134216,22.376,0.047183076931932195,3,1,
80,3,ode,focei,lbfgsb3c,28,ok,TRUE,TRUE,TRUE,TRUE,-4414.400177412347,2.713951497633983,native,27,TRUE,TRUE,NA,FALSE,focei,"r,s",1,1,0,1,FALSE,18.610000000000003,440.6988925933838,52.04943585395813,511.35832844734193,51.721999999999994,0.1011462943354137,3,1,
80,3,ode,focei,lbfgsb3c,29,ok,TRUE,TRUE,TRUE,TRUE,-4436.459470028426,5.4138368205872505,native,8,TRUE,TRUE,NA,FALSE,focei,"r,s",1,1,1,0,TRUE,18.642,792.7461524009705,50.11402726173401,861.5021796627045,48.829,0.05667890476970997,3,1,
80,3,ode,focei,lbfgsb3c,30,ok,TRUE,TRUE,TRUE,TRUE,-4453.223160655202,4.43691756769139,native,8,TRUE,TRUE,NA,FALSE,focei,"r,s",1,1,1,0,TRUE,18.349000000000004,666.0319046974182,49.40031051635742,733.7812152137757,48.872,0.06660295873854158,3,1,
80,3,ode,focei,lbfgsb3c,31,ok,TRUE,TRUE,TRUE,TRUE,-4473.39343729736,4.341671509308531,native,8,TRUE,TRUE,NA,FALSE,focei,"r,s",1,1,1,0,TRUE,18.441,665.1775712966919,50.586284160614014,734.2048554573059,49.437999999999995,0.06733543047629004,3,1,
80,3,ode,focei,lbfgsb3c,32,ok,TRUE,TRUE,TRUE,TRUE,-4462.981523763316,4.599537746169256,native,8,TRUE,TRUE,NA,FALSE,focei,"r,s",1,1,1,0,TRUE,19.719,425.2092251777649,48.893338441848755,493.82156361961364,48.57300000000001,0.09836143979612716,3,1,
80,3,ode,focei,lbfgsb3c,33,ok,TRUE,TRUE,TRUE,TRUE,-4417.544676337804,3.107554110677218,native,8,TRUE,TRUE,NA,FALSE,focei,"r,s",1,1,1,0,TRUE,23.748,414.05124974250793,51.008496046066284,488.8077457885742,50.099999999999994,0.10249428416723562,3,1,
80,3,ode,focei,lbfgsb3c,34,ok,TRUE,TRUE,TRUE,TRUE,-4425.379860608379,3.162734115414962,native,8,TRUE,TRUE,NA,FALSE,focei,"r,s",1,1,0,1,FALSE,17.921,433.48549127578735,58.585813999176025,509.99230527496337,57.946,0.1136213221271217,3,1,
80,3,ode,focei,lbfgsb3c,35,ok,TRUE,TRUE,TRUE,TRUE,-4383.26059946656,5.577675906664711,native,8,TRUE,TRUE,NA,FALSE,focei,"r,s",1,1,1,0,TRUE,19.466,491.7928509712219,48.64021396636963,559.8990649375916,48.331,0.08632091572681436,3,1,
80,3,ode,focei,lbfgsb3c,36,ok,TRUE,TRUE,TRUE,TRUE,-4428.888643276135,2.972502786536178,native,8,TRUE,TRUE,NA,FALSE,focei,"r,s",1,1,1,0,TRUE,17.245,816.999769449234,54.0638952255249,888.3086646747589,52.65,0.05926993858522929,3,1,
80,3,ode,focei,lbfgsb3c,37,ok,TRUE,TRUE,TRUE,TRUE,-4377.472118030683,8.126747765937704,native,8,TRUE,TRUE,NA,FALSE,focei,"r,s",2,1,0,2,FALSE,25.303,539.4309859275818,58.24893093109131,622.9829168586731,57.311,0.09199449687799593,3,1,
80,3,ode,focei,lbfgsb3c,38,ok,TRUE,TRUE,TRUE,TRUE,-4415.714794779044,3.782912622470815,native,27,TRUE,TRUE,NA,FALSE,focei,"r,s",1,1,1,0,TRUE,18.457,587.2333700656891,54.766695737838745,660.4570658035278,53.598,0.0811528905891731,3,1,
80,3,ode,focei,lbfgsb3c,39,ok,TRUE,TRUE,TRUE,TRUE,-4246.161092284247,3.3456212639219567,native,27,TRUE,TRUE,NA,FALSE,focei,s,1,1,1,0,TRUE,22.489,684.5456137657166,18.63578772544861,725.6704014911652,18.173000000000002,0.025043049795963397,3,1,
80,3,ode,focei,lbfgsb3c,40,ok,TRUE,TRUE,TRUE,TRUE,-4439.420422601761,5.058969770125091,native,8,TRUE,TRUE,NA,FALSE,focei,"r,s",1,1,1,0,TRUE,18.133,465.3912901878357,51.22701454162598,534.7513047294617,50.977,0.09532842566095277,3,1,
80,3,ode,focei,lbfgsb3c,41,ok,TRUE,TRUE,TRUE,TRUE,-4395.204080262552,4.009454932976752,native,8,TRUE,TRUE,NA,FALSE,focei,"r,s",1,1,0,1,FALSE,19.766,654.8342487812042,48.47587060928345,723.0761193904876,47.763,0.06605528618516887,3,1,
80,3,ode,focei,lbfgsb3c,42,ok,TRUE,TRUE,TRUE,TRUE,-4391.08043319727,5.98393030474806,native,8,TRUE,TRUE,NA,FALSE,focei,"r,s",1,1,1,0,TRUE,18.127,485.0851767063141,49.42500448226929,552.6371811885833,49.144999999999996,0.08892814611984935,3,1,
80,3,ode,focei,lbfgsb3c,43,ok,TRUE,TRUE,TRUE,TRUE,-4412.561560438926,11.892305092140107,native,8,TRUE,TRUE,NA,FALSE,focei,"r,s",3,1,1,2,FALSE,17.506,777.3750927448273,70.20544409751892,865.0865368423462,69.72200000000001,0.08059540523482471,3,1,
80,3,ode,focei,lbfgsb3c,44,ok,TRUE,TRUE,TRUE,TRUE,-4427.5313289569585,7.480868795624031,native,8,TRUE,TRUE,NA,FALSE,focei,"r,s",1,1,1,0,TRUE,25.172,597.4963843822479,50.29642462730408,672.964809009552,49.834,0.07405142042025062,3,1,
80,3,ode,focei,lbfgsb3c,45,ok,TRUE,TRUE,TRUE,TRUE,-4428.317791332772,4.508002734348201,native,8,TRUE,TRUE,NA,FALSE,focei,"r,s",1,1,1,0,TRUE,29.769000000000005,357.37462162971497,49.05893611907959,436.20255774879456,48.727,0.11170727712252772,3,1,
80,3,ode,focei,lbfgsb3c,46,ok,TRUE,TRUE,TRUE,TRUE,-4462.665659318468,5.5097174823975195,native,8,TRUE,TRUE,NA,FALSE,focei,"r,s",1,1,1,0,TRUE,22.977,259.82752871513367,56.49966788291931,339.30419659805295,55.955999999999996,0.1649139638148557,3,1,
80,3,ode,focei,lbfgsb3c,47,ok,TRUE,TRUE,TRUE,TRUE,-4405.15326082717,3.5950702022784933,native,8,TRUE,TRUE,NA,FALSE,focei,"r,s",1,1,1,0,TRUE,22.883000000000003,427.3600826263428,48.86010766029358,499.10319028663633,48.553000000000004,0.09728048416624202,3,1,
80,3,ode,focei,lbfgsb3c,48,ok,TRUE,TRUE,TRUE,TRUE,-4451.200699324051,5.819422819393833,native,8,TRUE,TRUE,NA,FALSE,focei,"r,s",1,1,1,0,TRUE,21.451999999999998,233.01285815238953,49.12927317619324,303.59413132858276,48.86099999999999,0.1609418462279736,3,1,
80,3,ode,focei,lbfgsb3c,49,ok,TRUE,TRUE,TRUE,TRUE,-4414.036530969612,4.763378113980836,native,8,TRUE,TRUE,NA,FALSE,focei,"r,s",1,1,1,0,TRUE,22.915,316.2430064678192,51.23038411140442,390.38839057922365,50.745999999999995,0.1299884966474223,3,1,
80,3,ode,focei,lbfgsb3c,50,ok,TRUE,TRUE,TRUE,TRUE,-4445.68766274883,4.433609757216381,native,8,TRUE,TRUE,NA,FALSE,focei,"r,s",1,1,1,0,TRUE,25.282,295.89417815208435,53.23681855201721,374.41299670410154,52.885000000000005,0.14124776774721579,3,1,
80,3,ode,focei,lbfgsb3c,51,ok,TRUE,TRUE,TRUE,TRUE,-4508.388174732687,5.596040881428078,native,8,TRUE,TRUE,NA,FALSE,focei,"r,s",1,1,1,0,TRUE,24.548000000000002,427.39518642425537,50.513779640197754,502.4569660644531,50.012,0.09953489229480533,3,1,
80,3,ode,focei,lbfgsb3c,52,ok,TRUE,TRUE,TRUE,TRUE,-4468.249779957877,2.859110874239389,native,8,TRUE,TRUE,NA,FALSE,focei,"r,s",1,1,1,0,TRUE,22.261,303.2457227706909,48.878143310546875,374.3848660812378,47.84700000000001,0.12780164033024155,3,1,
80,3,ode,focei,lbfgsb3c,53,ok,TRUE,TRUE,TRUE,TRUE,-4414.460038187134,5.738416701598686,native,8,TRUE,TRUE,NA,FALSE,focei,"r,s",1,1,1,0,TRUE,20.467,317.7338480949402,50.99464726448059,389.19549535942076,50.641,0.1301171277772195,3,1,
80,3,ode,focei,lbfgsb3c,54,ok,TRUE,TRUE,TRUE,TRUE,-4444.645479149798,4.198724030639633,native,8,TRUE,TRUE,NA,FALSE,focei,"r,s",1,1,1,0,TRUE,20.939,346.81333565711975,51.75209379196167,419.50442944908144,51.42699999999999,0.12258988556458637,3,1,
80,3,ode,focei,lbfgsb3c,55,ok,TRUE,TRUE,TRUE,TRUE,-4483.162292228891,9.436983961053949,native,8,TRUE,TRUE,NA,FALSE,focei,"r,s",1,1,1,0,TRUE,16.34,407.4195671081543,48.01509690284729,471.77466401100156,47.615,0.1009274207206889,3,1,
80,3,ode,focei,lbfgsb3c,56,ok,TRUE,TRUE,TRUE,TRUE,-4357.517504334109,5.386503947757208,native,8,TRUE,TRUE,NA,FALSE,focei,"r,s",1,1,1,0,TRUE,20.378,346.7969117164612,51.16776394844055,418.3426756649017,50.646,0.12106343183732024,3,1,
80,3,ode,focei,lbfgsb3c,57,ok,TRUE,TRUE,TRUE,TRUE,-4436.205017385722,5.881548935572139,native,8,TRUE,TRUE,NA,FALSE,focei,"r,s",1,1,1,0,TRUE,20.436999999999998,367.84404468536377,47.89898610115051,436.1800307865143,47.528000000000006,0.10896418140532046,3,1,
80,3,ode,focei,lbfgsb3c,58,ok,TRUE,TRUE,TRUE,TRUE,-4424.030914796495,3.227505397327019,native,8,TRUE,TRUE,NA,FALSE,focei,"r,s",1,1,0,1,FALSE,25.849,313.39690041542053,51.08836793899536,390.3342683544159,50.800000000000004,0.1301448633095022,3,1,
80,3,ode,focei,lbfgsb3c,59,ok,TRUE,TRUE,TRUE,TRUE,-4479.203779304987,4.2340132177233745,native,8,TRUE,TRUE,NA,FALSE,focei,"r,s",1,1,1,0,TRUE,23.701999999999998,303.66242027282715,53.08569264411926,380.4501129169464,52.65500000000001,0.13840185141828248,3,1,
80,3,ode,focei,lbfgsb3c,60,ok,TRUE,TRUE,TRUE,TRUE,-4482.450056534941,6.529605093033651,native,8,TRUE,TRUE,NA,FALSE,focei,"r,s",1,1,1,0,TRUE,29.506,363.9135272502899,48.33314633369446,441.75267358398435,47.788999999999994,0.10818044317034457,3,1,
80,3,ode,focei,lbfgsb3c,61,ok,TRUE,TRUE,TRUE,TRUE,-4384.444965186093,4.113424589196694,native,8,TRUE,TRUE,NA,FALSE,focei,"r,s",2,1,1,1,FALSE,28.958000000000006,626.128026008606,63.60871386528015,718.6947398738861,62.966,0.08761160546555419,3,1,
80,3,ode,focei,lbfgsb3c,62,ok,TRUE,TRUE,TRUE,TRUE,-4431.013176564303,4.281059424386137,native,8,TRUE,TRUE,NA,FALSE,focei,"r,s",1,1,1,0,TRUE,30.936000000000003,338.5959072113037,48.60811710357666,418.14002431488035,48.129000000000005,0.1151025905230169,3,1,
80,3,ode,focei,lbfgsb3c,63,ok,TRUE,TRUE,TRUE,TRUE,-4425.858951596545,3.7135862244459195,native,8,TRUE,TRUE,NA,FALSE,focei,"r,s",1,1,0,1,FALSE,29.814000000000004,483.0576355457306,44.74940633773804,557.6210418834686,44.474999999999994,0.07975846795482722,3,1,
80,3,ode,focei,lbfgsb3c,64,ok,TRUE,TRUE,TRUE,TRUE,-4432.029461078341,5.42681689173587,native,8,TRUE,TRUE,NA,FALSE,focei,"r,s",1,1,0,1,FALSE,25.657,479.66655826568604,45.537256479263306,550.8608147449494,45.227,0.08210240915564174,3,1,
80,3,ode,focei,lbfgsb3c,65,ok,TRUE,TRUE,TRUE,TRUE,-4437.925511221812,5.450373172988646,native,8,TRUE,TRUE,NA,FALSE,focei,"r,s",1,1,1,0,TRUE,32.045,664.4235463142395,52.60409379005432,749.0726401042938,52.206,0.06969417544436189,3,1,
80,3,ode,focei,lbfgsb3c,66,ok,TRUE,TRUE,TRUE,TRUE,-4450.511226812544,5.338503396859325,native,8,TRUE,TRUE,NA,FALSE,focei,"r,s",1,1,1,0,TRUE,26.533,342.5707097053528,46.7894549369812,415.893164642334,46.33500000000001,0.11141082359419846,3,1,
80,3,ode,focei,lbfgsb3c,67,ok,TRUE,TRUE,TRUE,TRUE,-4488.930059410749,4.899479603493627,native,8,TRUE,TRUE,NA,FALSE,focei,"r,s",2,1,1,1,FALSE,30.898999999999997,641.288280248642,59.40304708480835,731.5903273334503,59.096000000000004,0.08077744851465858,3,1,
80,3,ode,focei,lbfgsb3c,68,ok,TRUE,TRUE,TRUE,TRUE,-4486.516491637993,7.388632196596,native,8,TRUE,TRUE,NA,FALSE,focei,"r,s",1,1,1,0,TRUE,32,542.1440939903259,47.67318391799927,621.8172779083252,47.35199999999999,0.07615098789033829,3,1,
80,3,ode,focei,lbfgsb3c,69,ok,TRUE,TRUE,TRUE,TRUE,-4416.570421108681,3.5666595325854873,native,8,TRUE,TRUE,NA,FALSE,focei,"r,s",1,1,1,0,TRUE,39.854,362.9418435096741,49.645463705062866,452.4413072147369,49.196999999999996,0.1087367559404787,3,1,
80,3,ode,focei,lbfgsb3c,70,ok,TRUE,TRUE,TRUE,TRUE,-4457.492900054171,3.352496855709998,native,8,TRUE,TRUE,NA,FALSE,focei,"r,s",1,1,1,0,TRUE,37.111,344.75098180770874,51.089020013809204,432.95100182151793,50.769,0.11726269205153447,3,1,
80,3,ode,focei,lbfgsb3c,71,ok,TRUE,TRUE,TRUE,TRUE,-4411.279207906727,7.923309524831911,native,8,TRUE,TRUE,NA,FALSE,focei,"r,s",1,1,1,0,TRUE,35.376,350.6552805900574,49.692747354507446,435.7240279445648,49.32599999999999,0.11320468194670118,3,1,
80,3,ode,focei,lbfgsb3c,72,ok,TRUE,TRUE,TRUE,TRUE,-4421.463429800554,3.656534072543762,native,8,TRUE,TRUE,NA,FALSE,focei,"r,s",1,1,1,0,TRUE,25.779,324.8935778141022,49.31280207633972,399.9853798904419,48.506,0.12126943243097048,3,1,
80,3,ode,focei,lbfgsb3c,73,ok,TRUE,TRUE,TRUE,TRUE,-4417.813290465635,3.879606140370649,native,8,TRUE,TRUE,NA,FALSE,focei,"r,s",1,1,1,0,TRUE,31.050000000000004,328.0974795818329,49.31469392776489,408.4621735095978,48.846999999999994,0.11958757301880786,3,1,
80,3,ode,focei,lbfgsb3c,74,ok,TRUE,TRUE,TRUE,TRUE,-4397.686146021048,4.63934334721065,native,8,TRUE,TRUE,NA,FALSE,focei,"r,s",1,1,0,1,FALSE,29.923000000000002,474.11009764671326,44.39699387550354,548.4300915222168,44.041,0.08030376283285307,3,1,
80,3,ode,focei,lbfgsb3c,75,ok,TRUE,TRUE,TRUE,TRUE,-4459.788737971766,3.6360175374622217,native,8,TRUE,TRUE,NA,FALSE,focei,"r,s",1,1,1,0,TRUE,19.371000000000002,326.2608392238617,47.59569215774536,393.22753138160704,47.26499999999999,0.120197585947083,3,1,
80,3,ode,focei,lbfgsb3c,76,ok,TRUE,TRUE,TRUE,TRUE,-4437.261957802751,4.114041420297526,native,8,TRUE,TRUE,NA,FALSE,focei,"r,s",1,1,1,0,TRUE,32.628,360.0396285057068,48.457327365875244,441.124955871582,48.062,0.10895325544445406,3,1,
80,3,ode,focei,lbfgsb3c,77,ok,TRUE,TRUE,TRUE,TRUE,-4430.541576428617,4.851298724845059,native,8,TRUE,TRUE,NA,FALSE,focei,"r,s",1,1,1,0,TRUE,24.828000000000003,331.8202302455902,46.5996789932251,403.2479092388153,46.251999999999995,0.11469867280231377,3,1,
80,3,ode,focei,lbfgsb3c,78,ok,TRUE,TRUE,TRUE,TRUE,-4432.608908592221,3.786807170580447,native,8,TRUE,TRUE,NA,FALSE,focei,"r,s",1,1,1,0,TRUE,25.468,262.37436723709106,47.6227126121521,335.4650798492432,47.23499999999999,0.14080452135652163,3,1,
80,3,ode,focei,lbfgsb3c,79,ok,TRUE,TRUE,TRUE,TRUE,-4468.8658108281215,3.3931863011000774,native,8,TRUE,TRUE,NA,FALSE,focei,"r,s",1,1,1,0,TRUE,25.384,332.13228964805603,51.43155908584595,408.947848733902,51.05299999999999,0.1248398791143162,3,1,
80,3,ode,focei,lbfgsb3c,80,ok,TRUE,TRUE,TRUE,TRUE,-4443.545217061673,3.7813941654497656,native,8,TRUE,TRUE,NA,FALSE,focei,"r,s",1,1,1,0,TRUE,23.165000000000003,427.36640882492065,51.19638705253601,501.7277958774567,50.832,0.10131390052070255,3,1,
80,3,ode,focei,lbfgsb3c,81,ok,TRUE,TRUE,TRUE,TRUE,-4408.343818333047,3.8896366664314836,native,8,TRUE,TRUE,NA,FALSE,focei,"r,s",1,1,1,0,TRUE,29.422,400.12731409072876,56.71411180496216,486.26342589569094,56.400999999999996,0.11598857120728355,3,1,
80,3,ode,focei,lbfgsb3c,82,ok,TRUE,TRUE,TRUE,TRUE,-4472.49325933605,5.651629013328652,native,8,TRUE,TRUE,NA,FALSE,focei,"r,s",1,1,0,1,FALSE,30.995000000000005,355.23784923553467,43.12992286682129,429.36277210235596,42.60799999999999,0.09923543159406156,3,1,
80,3,ode,focei,lbfgsb3c,83,ok,TRUE,TRUE,TRUE,TRUE,-4470.7890800362575,4.020097672046351,native,8,TRUE,TRUE,NA,FALSE,focei,"r,s",2,1,1,1,FALSE,32.97,438.39327692985535,63.351263999938965,534.7145409297943,62.879,0.11759358533744406,3,1,
80,3,ode,focei,lbfgsb3c,84,ok,TRUE,TRUE,TRUE,TRUE,-4444.949589057788,3.467346067169328,native,8,TRUE,TRUE,NA,FALSE,focei,"r,s",1,1,1,0,TRUE,35.441,276.32992458343506,50.90162491798401,362.6725495014191,50.60600000000001,0.13953633951499822,3,1,
80,3,ode,focei,lbfgsb3c,85,ok,TRUE,TRUE,TRUE,TRUE,-4396.84452880327,2.908622764318734,native,8,TRUE,TRUE,NA,FALSE,focei,"r,s",1,1,1,0,TRUE,25.434,335.4358813762665,49.31067371368408,410.1805550899506,48.78499999999999,0.11893542830010964,3,1,
80,3,ode,focei,lbfgsb3c,86,ok,TRUE,TRUE,TRUE,TRUE,-4391.437533266259,4.952816240198351,native,8,TRUE,TRUE,NA,FALSE,focei,"r,s",1,1,0,1,FALSE,34.275,333.16368341445923,49.036203384399414,416.4748867988586,48.37699999999999,0.11615826435980094,3,1,
80,3,ode,focei,lbfgsb3c,87,ok,TRUE,TRUE,TRUE,TRUE,-4449.54833220315,3.6481211646712928,native,8,TRUE,TRUE,NA,FALSE,focei,"r,s",1,1,1,0,TRUE,28.339000000000002,354.1471862792969,49.01980996131897,431.50599624061584,47.804,0.11078409203227757,3,1,
80,3,ode,focei,lbfgsb3c,88,ok,TRUE,TRUE,TRUE,TRUE,-4401.430666767865,3.939059702170361,native,8,TRUE,TRUE,NA,FALSE,focei,"r,s",1,1,1,0,TRUE,29.716,476.19927978515625,51.993574380874634,557.9088541660309,51.42100000000001,0.09216738471889778,3,1,
80,3,ode,focei,lbfgsb3c,89,ok,TRUE,TRUE,TRUE,TRUE,-4446.807444170151,4.526146214034869,native,8,TRUE,TRUE,NA,FALSE,focei,"r,s",1,1,0,1,FALSE,41.552,826.8873999118805,47.61671018600464,916.0561100978852,47.377,0.05171844767777111,3,1,
80,3,ode,focei,lbfgsb3c,90,ok,TRUE,TRUE,TRUE,TRUE,-4402.827749850609,7.119370053354843,native,8,TRUE,TRUE,NA,FALSE,focei,"r,s",1,1,1,0,TRUE,25.163000000000004,310.3531355857849,51.061184883117676,386.5773204689026,50.099000000000004,0.12959632484190214,3,1,
80,3,ode,focei,lbfgsb3c,91,ok,TRUE,TRUE,TRUE,TRUE,-4351.4198400483065,4.900936529895538,native,8,TRUE,TRUE,NA,FALSE,focei,"r,s",1,1,1,0,TRUE,24.599000000000004,244.21697640419006,61.644323110580444,330.4602995147705,61.285000000000004,0.18545344203218203,3,1,
80,3,ode,focei,lbfgsb3c,92,ok,TRUE,TRUE,TRUE,TRUE,-4480.178359733479,5.087740430224536,native,8,TRUE,TRUE,NA,FALSE,focei,"r,s",1,1,0,1,FALSE,29.173,403.8396017551422,46.91800856590271,479.9306103210449,46.53699999999999,0.09696610093044392,3,1,
80,3,ode,focei,lbfgsb3c,93,ok,TRUE,TRUE,TRUE,TRUE,-4376.35238173844,2.9367981205310554,native,8,TRUE,TRUE,NA,FALSE,focei,"r,s",1,1,1,0,TRUE,41.204,404.10746693611145,52.45832324028015,497.7697901763916,52.076,0.10461864305092952,3,1,
80,3,ode,focei,lbfgsb3c,94,ok,TRUE,TRUE,TRUE,TRUE,-4398.8988165056735,2.666557235534047,native,8,TRUE,TRUE,NA,FALSE,focei,"r,s",1,1,1,0,TRUE,23.487,482.5574758052826,49.934298276901245,555.9787740821838,49.391999999999996,0.08883792386055903,3,1,
80,3,ode,focei,lbfgsb3c,95,ok,TRUE,TRUE,TRUE,TRUE,-4436.035713001825,4.780838889659237,native,8,TRUE,TRUE,NA,FALSE,focei,"r,s",1,1,1,0,TRUE,21.497,297.6973612308502,50.94346356391907,370.1378247947693,50.272,0.1358196775157318,3,1,
80,3,ode,focei,lbfgsb3c,96,ok,TRUE,TRUE,TRUE,TRUE,-4396.508191557634,5.359848908674453,native,27,TRUE,TRUE,NA,FALSE,focei,"r,s",1,1,1,0,TRUE,24.609,445.3291988372803,54.06845498085022,524.0066538181305,53.138000000000005,0.10140710926629352,3,1,
80,3,ode,focei,lbfgsb3c,97,ok,TRUE,TRUE,TRUE,TRUE,-4366.454459981898,3.0452577196433284,native,8,TRUE,TRUE,NA,FALSE,focei,"r,s",1,1,0,1,FALSE,21.4,269.1136555671692,53.291802167892456,343.8054577350616,52.972,0.15407550638948994,3,1,
80,3,ode,focei,lbfgsb3c,98,ok,TRUE,TRUE,TRUE,TRUE,-4428.037533788151,4.337816194283164,native,8,TRUE,TRUE,NA,FALSE,focei,"r,s",1,1,1,0,TRUE,21.985,260.52730774879456,49.55607008934021,332.0683778381348,49.202,0.14816827883558154,3,1,
80,3,ode,focei,lbfgsb3c,99,ok,TRUE,TRUE,TRUE,TRUE,-4394.565688376729,6.121679738172196,native,8,TRUE,TRUE,NA,FALSE,focei,"r,s",2,1,1,1,FALSE,29.995,501.0830223560333,62.289973735809326,593.3679960918427,61.836,0.10421188942995992,3,1,
80,3,ode,focei,lbfgsb3c,100,ok,TRUE,TRUE,TRUE,TRUE,-4359.386349176327,3.1430282724015606,native,8,TRUE,TRUE,NA,FALSE,focei,"r,s",1,1,0,1,FALSE,36.22,394.7570068836212,50.84848666191101,481.82549354553225,50.04900000000001,0.10387370670595371,3,1,
80,4,ode,focei,lbfgsb3c,1,ok,TRUE,TRUE,TRUE,TRUE,-4445.331365746517,7.145447488286287,native,8,TRUE,TRUE,NA,FALSE,focei,"r,s",2,2,2,0,TRUE,24.189,425.5182635784149,58.37586951255798,508.0831330909729,58.016,0.11418603811359383,3,1,
80,4,ode,focei,lbfgsb3c,2,ok,TRUE,TRUE,TRUE,TRUE,-4416.785961654445,8.539424096355328,native,8,TRUE,TRUE,NA,FALSE,focei,"r,s",2,2,2,0,TRUE,33.83,653.9964623451233,57.52600169181824,745.3524640369416,57.165,0.07669525863024014,3,1,
80,4,ode,focei,lbfgsb3c,3,ok,TRUE,TRUE,TRUE,TRUE,-4458.270095074042,6.460042684703764,native,8,TRUE,TRUE,NA,FALSE,focei,"r,s",2,2,2,0,TRUE,26.716,584.1989769935608,62.73790168762207,673.6528786811829,62.394000000000005,0.09262040135885617,3,1,
80,4,ode,focei,lbfgsb3c,4,ok,TRUE,TRUE,TRUE,TRUE,-4420.794545704131,13.973192006107906,native,8,TRUE,TRUE,NA,FALSE,focei,"r,s",3,2,1,2,FALSE,22.288,773.4950144290924,77.16447520256042,872.9474896316528,75.872,0.08691473530901016,3,1,
80,4,ode,focei,lbfgsb3c,5,ok,TRUE,TRUE,TRUE,TRUE,-4496.1145653452695,7.7363810953465375,native,8,TRUE,TRUE,NA,FALSE,focei,"r,s",3,2,1,2,FALSE,21.548000000000002,603.5995812416077,71.3746690750122,696.5222503166199,70.89200000000001,0.10177995027118582,3,1,
80,4,ode,focei,lbfgsb3c,6,ok,TRUE,TRUE,TRUE,TRUE,-4494.093575327659,7.225656909081196,native,8,TRUE,TRUE,NA,FALSE,focei,"r,s",2,2,2,0,TRUE,29.447,684.0763027667999,59.890016078948975,773.4133188457489,59.221000000000004,0.07657095961106813,3,1,
80,4,ode,focei,lbfgsb3c,7,ok,TRUE,TRUE,TRUE,TRUE,-4403.213651982881,7.473215419008381,native,8,TRUE,TRUE,NA,FALSE,focei,"r,s",2,2,2,0,TRUE,25.186000000000003,748.2278807163239,59.71217107772827,833.1260517940522,59.160999999999994,0.07101086308920818,3,1,
80,4,ode,focei,lbfgsb3c,8,ok,TRUE,TRUE,TRUE,TRUE,-4450.54133793321,6.791512766523559,native,8,TRUE,TRUE,NA,FALSE,focei,"r,s",2,2,2,0,TRUE,22.131999999999998,659.6297228336334,54.960631132125854,736.7223539657592,54.58,0.07408489739207333,3,1,
80,4,ode,focei,lbfgsb3c,9,ok,TRUE,TRUE,TRUE,TRUE,-4424.498406992961,10.118149394803693,native,8,TRUE,TRUE,NA,FALSE,focei,"r,s",2,2,2,0,TRUE,25.48,581.095424413681,61.9989595413208,668.5743839550018,61.644,0.09220215652795474,3,1,
80,4,ode,focei,lbfgsb3c,10,ok,TRUE,TRUE,TRUE,TRUE,-4439.372955242162,8.960021081182763,native,8,TRUE,TRUE,NA,FALSE,focei,"r,s",2,2,2,0,TRUE,22.977,375.1279821395874,64.74198246002197,462.84696459960935,64.477,0.13930522382441574,3,1,
80,4,ode,focei,lbfgsb3c,11,ok,TRUE,TRUE,TRUE,TRUE,-4427.660566528547,12.849409149416395,native,8,TRUE,TRUE,NA,FALSE,focei,"r,s",2,2,2,0,TRUE,20.291999999999998,422.4767653942108,59.499961853027344,502.26872724723813,59.195,0.11785523722415966,3,1,
80,4,ode,focei,lbfgsb3c,12,ok,TRUE,TRUE,TRUE,TRUE,-4378.1478344289435,7.5855280153371,native,8,TRUE,TRUE,NA,FALSE,focei,"r,s",2,2,2,0,TRUE,24.637,356.36335015296936,64.79557752609253,445.7959276790619,64.39899999999999,0.14445847528325162,3,1,
80,4,ode,focei,lbfgsb3c,13,ok,TRUE,TRUE,TRUE,TRUE,-4431.468319164895,7.501837274510053,native,8,TRUE,TRUE,NA,FALSE,focei,"r,s",2,2,2,0,TRUE,20.91,439.3951413631439,59.963350772857666,520.2684921360016,59.443000000000005,0.11425446841101655,3,1,
80,4,ode,focei,lbfgsb3c,14,ok,TRUE,TRUE,TRUE,TRUE,-4385.775518641495,7.5972308999903495,native,8,TRUE,TRUE,NA,FALSE,focei,"r,s",2,2,2,0,TRUE,19.152,505.2849712371826,60.34668183326721,584.7836530704499,59.954,0.1025233856746971,3,1,
80,4,ode,focei,lbfgsb3c,15,ok,TRUE,TRUE,TRUE,TRUE,-4453.115003487791,8.677967712206982,native,8,TRUE,TRUE,NA,FALSE,focei,"r,s",2,2,2,0,TRUE,19.540000000000003,535.1984949111938,57.98391842842102,612.7224133396148,57.602999999999994,0.09401157644297282,3,1,
80,4,ode,focei,lbfgsb3c,16,ok,TRUE,TRUE,TRUE,TRUE,-4434.388515503102,9.745295385242475,native,8,TRUE,TRUE,NA,FALSE,focei,"r,s",2,2,2,0,TRUE,25.064,487.00104331970215,58.88793420791626,570.9529775276184,58.49100000000001,0.10244451347514105,3,1,
80,4,ode,focei,lbfgsb3c,17,ok,TRUE,TRUE,TRUE,TRUE,-4477.940627731225,7.349391990678658,native,8,TRUE,TRUE,NA,FALSE,focei,"r,s",2,2,2,0,TRUE,21.212,404.7374596595764,61.14064908027649,487.0901087398529,60.815999999999995,0.12485574826665359,3,1,
80,4,ode,focei,lbfgsb3c,18,ok,TRUE,TRUE,TRUE,TRUE,-4428.535086172988,7.948288966275036,native,8,TRUE,TRUE,NA,FALSE,focei,"r,s",2,2,2,0,TRUE,27.975,405.3714520931244,57.28679585456848,490.6332479476929,56.81399999999999,0.11579728898857057,3,1,
80,4,ode,focei,lbfgsb3c,19,ok,TRUE,TRUE,TRUE,TRUE,-4451.7629198270515,9.828179290179763,native,8,TRUE,TRUE,NA,FALSE,focei,"r,s",2,2,2,0,TRUE,23.151,527.4772872924805,59.91104483604431,610.5393321285247,59.446,0.09736637243787925,3,1,
80,4,ode,focei,lbfgsb3c,20,ok,TRUE,TRUE,TRUE,TRUE,-4373.763137577492,9.500727991317241,native,8,TRUE,TRUE,NA,FALSE,focei,"r,s",2,2,2,0,TRUE,24.338,411.13471603393555,60.70383358001709,496.17654961395266,60.211000000000006,0.12134995103425752,3,1,
80,4,ode,focei,lbfgsb3c,21,ok,TRUE,TRUE,TRUE,TRUE,-4478.852550742229,5.832253174327172,native,8,TRUE,TRUE,NA,FALSE,focei,"r,s",2,2,1,1,FALSE,26.612,558.2838702201843,55.48966455459595,640.3855347747802,55.18000000000001,0.08616684325857936,3,1,
80,4,ode,focei,lbfgsb3c,22,ok,TRUE,TRUE,TRUE,TRUE,-4389.540775179613,5.023213412584706,native,8,TRUE,TRUE,NA,FALSE,focei,"r,s",2,2,2,0,TRUE,41.11600000000001,480.50405526161194,58.524904012680054,580.144959274292,58.175000000000004,0.10027666201352776,3,1,
80,4,ode,focei,lbfgsb3c,23,ok,TRUE,TRUE,TRUE,TRUE,-4495.744921432034,12.097829491968616,native,8,TRUE,TRUE,NA,FALSE,focei,"r,s",3,2,2,1,FALSE,32.703,568.6245982646942,70.65687537193298,671.9844736366272,70.19999999999999,0.10446669938680808,3,1,
80,4,ode,focei,lbfgsb3c,24,ok,TRUE,TRUE,TRUE,TRUE,-4458.818439701884,12.757908775236155,native,8,TRUE,TRUE,NA,FALSE,focei,"r,s",2,2,2,0,TRUE,24.572,423.1823744773865,59.613470792770386,507.36784527015686,59.206,0.11669245607883318,3,1,
80,4,ode,focei,lbfgsb3c,25,ok,TRUE,TRUE,TRUE,TRUE,-4497.600627373003,10.03967427816359,native,8,TRUE,TRUE,NA,FALSE,focei,"r,s",2,2,2,0,TRUE,29.726999999999997,510.5768756866455,58.044947147369385,598.3488228340149,57.61200000000001,0.09628497258025338,3,1,
80,4,ode,focei,lbfgsb3c,26,ok,TRUE,TRUE,TRUE,TRUE,-4454.208389777481,7.054060037669745,native,8,TRUE,TRUE,NA,FALSE,focei,"r,s",2,2,2,0,TRUE,24.246000000000002,424.4492099285126,56.27190113067627,504.9671110591888,56.004000000000005,0.1109062328485698,3,1,
80,4,ode,focei,lbfgsb3c,27,ok,TRUE,TRUE,TRUE,TRUE,-4479.041138242923,11.006741091632392,native,8,TRUE,TRUE,NA,FALSE,focei,"r,s",2,2,2,0,TRUE,27.074000000000005,645.5767683982849,57.08592939376831,729.7366977920532,56.754999999999995,0.07777462771397169,3,1,
80,4,ode,focei,lbfgsb3c,28,ok,TRUE,TRUE,TRUE,TRUE,-4502.431273107626,12.052748849179327,native,8,TRUE,TRUE,NA,FALSE,focei,"r,s",2,2,2,0,TRUE,30.291000000000004,798.6623523235321,59.349682331085205,888.3030346546174,58.991,0.06640864400844515,3,1,
80,4,ode,focei,lbfgsb3c,29,ok,TRUE,TRUE,TRUE,TRUE,-4406.858455034705,11.129348512392253,native,27,TRUE,TRUE,NA,FALSE,focei,"r,s",2,2,2,0,TRUE,22.477,629.0826878547668,67.2983648777008,718.8580527324676,66.793,0.09291542293518397,3,1,
80,4,ode,focei,lbfgsb3c,30,ok,TRUE,TRUE,TRUE,TRUE,-4434.308313687802,7.102975640047606,native,8,TRUE,TRUE,NA,FALSE,focei,"r,s",2,2,2,0,TRUE,26.736,512.8278286457062,58.791149854660034,598.3549785003662,57.81,0.09661488928342662,3,1,
80,4,ode,focei,lbfgsb3c,31,ok,TRUE,TRUE,TRUE,TRUE,-4466.263839255932,10.76735151336615,native,8,TRUE,TRUE,NA,FALSE,focei,"r,s",3,2,2,1,FALSE,21.858999999999998,547.2589609622955,70.66032433509827,639.7782852973938,70.195,0.1097176969164726,3,1,
80,4,ode,focei,lbfgsb3c,32,ok,TRUE,TRUE,TRUE,TRUE,-4412.3853788435945,6.850181426848658,native,8,TRUE,TRUE,NA,FALSE,focei,"r,s",2,2,2,0,TRUE,24.506,467.8100600242615,58.37585926055908,550.6919192848205,58.062999999999995,0.1054364481603543,3,1,
80,4,ode,focei,lbfgsb3c,33,ok,TRUE,TRUE,TRUE,TRUE,-4450.244817732919,10.52334910779061,native,8,TRUE,TRUE,NA,FALSE,focei,"r,s",2,2,1,1,FALSE,23.817,459.10215520858765,53.90191841125488,536.8210736198425,53.553,0.09975949647223484,3,1,
80,4,ode,focei,lbfgsb3c,34,ok,TRUE,TRUE,TRUE,TRUE,-4466.250962348489,7.78570479917506,native,8,TRUE,TRUE,NA,FALSE,focei,"r,s",2,2,2,0,TRUE,37.298,866.2128329277039,61.88967490196228,965.4005078296661,61.539,0.06374452830809765,3,1,
80,4,ode,focei,lbfgsb3c,35,ok,TRUE,TRUE,TRUE,TRUE,-4442.029338442106,10.404212562424954,native,8,TRUE,TRUE,NA,FALSE,focei,"r,s",2,2,2,0,TRUE,31.691000000000003,465.05927991867065,65.30393266677856,562.0542125854492,64.879,0.1154319255104532,3,1,
80,4,ode,focei,lbfgsb3c,36,ok,TRUE,TRUE,TRUE,TRUE,-4405.063013864731,8.595330439967391,native,8,TRUE,TRUE,NA,FALSE,focei,"r,s",2,2,2,0,TRUE,26.484,391.9496474266052,58.480122327804565,476.91376975440977,57.96900000000001,0.12155027528320596,3,1,
80,4,ode,focei,lbfgsb3c,37,ok,TRUE,TRUE,TRUE,TRUE,-4161.3563389558885,6.868356490802155,native,27,TRUE,TRUE,NA,FALSE,focei,s,2,2,2,0,TRUE,28.249000000000002,495.8138520717621,20.007697582244873,544.070549654007,19.702,0.03621221551603772,3,1,
80,4,ode,focei,lbfgsb3c,38,ok,TRUE,TRUE,TRUE,TRUE,-4410.508159178457,7.2772159353053345,native,8,TRUE,TRUE,NA,FALSE,focei,"r,s",2,2,2,0,TRUE,22.830000000000002,697.7110593318939,62.81865692138672,783.3597162532807,62.397999999999996,0.0796543384927201,3,1,
80,4,ode,focei,lbfgsb3c,39,ok,TRUE,TRUE,TRUE,TRUE,-4418.612258516268,8.029671010749503,native,8,TRUE,TRUE,NA,FALSE,focei,"r,s",2,2,2,0,TRUE,27.751000000000005,473.06605219841003,63.49368119239807,564.3107333908081,63.129999999999995,0.11187098926980697,3,1,
80,4,ode,focei,lbfgsb3c,40,ok,TRUE,TRUE,TRUE,TRUE,-4432.462532987101,9.499144393421487,native,8,TRUE,TRUE,NA,FALSE,focei,"r,s",2,2,1,1,FALSE,23.184,728.3828752040863,59.20621109008789,810.7730862941742,58.824999999999996,0.07255420905604212,3,1,
80,4,ode,focei,lbfgsb3c,41,ok,TRUE,TRUE,TRUE,TRUE,-4465.9538905392,7.341941306428347,native,8,TRUE,TRUE,NA,FALSE,focei,"r,s",2,2,2,0,TRUE,30.763,670.4688704013824,58.398277282714844,759.6301476840973,58.11900000000001,0.07650960164915624,3,1,
80,4,ode,focei,lbfgsb3c,42,ok,TRUE,TRUE,TRUE,TRUE,-4460.319061104185,8.891163632147196,native,8,TRUE,TRUE,NA,FALSE,focei,"r,s",2,2,1,1,FALSE,27.409,520.2509512901306,60.19597887992859,607.8559301700592,59.505,0.09789326227902778,3,1,
80,4,ode,focei,lbfgsb3c,43,ok,TRUE,TRUE,TRUE,TRUE,-4454.716911072461,11.377362308982214,native,8,TRUE,TRUE,NA,FALSE,focei,"r,s",2,2,2,0,TRUE,25.5,623.871141910553,61.10561728477478,710.4767591953278,60.71399999999999,0.08545529352538357,3,1,
80,4,ode,focei,lbfgsb3c,44,ok,TRUE,TRUE,TRUE,TRUE,-4459.799628794877,6.873545080062451,native,8,TRUE,TRUE,NA,FALSE,focei,"r,s",2,2,2,0,TRUE,33.007,504.08983540534973,58.46039319038391,595.5572285957336,57.89099999999999,0.09720476424490955,3,1,
80,4,ode,focei,lbfgsb3c,45,ok,TRUE,TRUE,TRUE,TRUE,-4420.670533805379,8.940259485612644,native,8,TRUE,TRUE,NA,FALSE,focei,"r,s",2,2,2,0,TRUE,34.971,480.9132902622223,57.531606674194336,573.4158969364166,57.123,0.09961879380252706,3,1,
80,4,ode,focei,lbfgsb3c,46,ok,TRUE,TRUE,TRUE,TRUE,-4467.463108810093,9.245724622174277,native,8,TRUE,TRUE,NA,FALSE,focei,"r,s",2,2,2,0,TRUE,32.29900000000001,402.7144157886505,59.72109794616699,494.7345137348175,59.297000000000004,0.11985620237480293,3,1,
80,4,ode,focei,lbfgsb3c,47,ok,TRUE,TRUE,TRUE,TRUE,-4419.482980913464,7.300071248613805,native,8,TRUE,TRUE,NA,FALSE,focei,"r,s",2,2,2,0,TRUE,30.845,428.4996461868286,58.63577628135681,517.9804224681855,58.237,0.11243089019175612,3,1,
80,4,ode,focei,lbfgsb3c,48,ok,TRUE,TRUE,TRUE,TRUE,-4421.389893282415,8.68965095749164,native,8,TRUE,TRUE,NA,FALSE,focei,"r,s",2,2,1,1,FALSE,29.168000000000003,413.5175738334656,57.25747036933899,499.9430442028046,56.936,0.11388497281883095,3,1,
80,4,ode,focei,lbfgsb3c,49,ok,TRUE,TRUE,TRUE,TRUE,-4506.25429713455,9.275252579849973,native,8,TRUE,TRUE,NA,FALSE,focei,"r,s",2,2,2,0,TRUE,26.298,534.3488023281097,58.01192021369934,618.6587225418091,57.629999999999995,0.09315313580841875,3,1,
80,4,ode,focei,lbfgsb3c,50,ok,TRUE,TRUE,TRUE,TRUE,-4367.8955499161875,10.570545336802827,native,8,TRUE,TRUE,NA,FALSE,focei,"r,s",2,2,2,0,TRUE,35.287,416.11349725723267,57.9416720867157,509.34216934394834,57.56299999999999,0.11301440066143212,3,1,
80,4,ode,focei,lbfgsb3c,51,ok,TRUE,TRUE,TRUE,TRUE,-4450.487195982684,11.733345306245205,native,8,TRUE,TRUE,NA,FALSE,focei,"r,s",2,2,1,1,FALSE,22.179,452.03181886672974,59.958725690841675,534.1695445575714,59.593,0.11156195744809488,3,1,
80,4,ode,focei,lbfgsb3c,52,ok,TRUE,TRUE,TRUE,TRUE,-4455.769105304978,7.0442053255732215,native,8,TRUE,TRUE,NA,FALSE,focei,"r,s",2,2,2,0,TRUE,22.021,386.71775102615356,58.60693407058716,467.34568509674074,58.162,0.1244517748954084,3,1,
80,4,ode,focei,lbfgsb3c,53,ok,TRUE,TRUE,TRUE,TRUE,-4430.079570947166,8.174589339402,native,8,TRUE,TRUE,NA,FALSE,focei,"r,s",2,2,2,0,TRUE,20.823,413.27933979034424,59.341144323349,493.4434841136932,59.077,0.11972394388004158,3,1,
80,4,ode,focei,lbfgsb3c,54,ok,TRUE,TRUE,TRUE,TRUE,-4400.937782007121,10.190736968263142,native,8,TRUE,TRUE,NA,FALSE,focei,"r,s",2,2,1,1,FALSE,23.714,578.3498003482819,60.470592975616455,662.5343933238983,60.160999999999994,0.09080434254616669,3,1,
80,4,ode,focei,lbfgsb3c,55,ok,TRUE,TRUE,TRUE,TRUE,-4420.335299190428,9.58790214526798,native,8,TRUE,TRUE,NA,FALSE,focei,"r,s",2,2,2,0,TRUE,25.879,552.1199066638947,61.05912709236145,639.0580337562561,60.657000000000004,0.09491626236739442,3,1,
80,4,ode,focei,lbfgsb3c,56,ok,TRUE,TRUE,TRUE,TRUE,-4418.085121999155,9.633116082745017,native,8,TRUE,TRUE,NA,FALSE,focei,"r,s",2,2,1,1,FALSE,21.947000000000003,394.4915907382965,64.48976874351501,480.9283594818115,64.006,0.13308842936391793,3,1,
80,4,ode,focei,lbfgsb3c,57,ok,TRUE,TRUE,TRUE,TRUE,-4405.079988067043,8.974533742008958,native,8,TRUE,TRUE,NA,FALSE,focei,"r,s",2,2,2,0,TRUE,29.064000000000004,370.3473913669586,63.901833057403564,463.3132244243622,63.49400000000001,0.13704335782534016,3,1,
80,4,ode,focei,lbfgsb3c,58,ok,TRUE,TRUE,TRUE,TRUE,-4473.030229593592,10.035979847511248,native,8,TRUE,TRUE,NA,FALSE,focei,"r,s",2,2,2,0,TRUE,25.738,387.36864829063416,58.88632106781006,471.9929693584442,58.37800000000001,0.12368404571650765,3,1,
80,4,ode,focei,lbfgsb3c,59,ok,TRUE,TRUE,TRUE,TRUE,-4464.0259919471555,12.451160944477218,native,8,TRUE,TRUE,NA,FALSE,focei,"r,s",2,2,2,0,TRUE,26.882,528.6372284889221,62.38781547546387,617.9070439643859,62.117999999999995,0.10052968420858505,3,1,
80,4,ode,focei,lbfgsb3c,60,ok,TRUE,TRUE,TRUE,TRUE,-4373.2948136677815,8.697568375799229,native,8,TRUE,TRUE,NA,FALSE,focei,"r,s",2,2,1,1,FALSE,20.384,404.36374402046204,61.544864892959595,486.29260891342165,61.179,0.1258069706975377,3,1,
80,4,ode,focei,lbfgsb3c,61,ok,TRUE,TRUE,TRUE,TRUE,-4398.106502713157,8.025650188219073,native,8,TRUE,TRUE,NA,FALSE,focei,"r,s",2,2,2,0,TRUE,29.762,450.3398678302765,58.50801420211792,538.6098820323944,58.173,0.10800581634427053,3,1,
80,4,ode,focei,lbfgsb3c,62,ok,TRUE,TRUE,TRUE,TRUE,-4469.9515852047625,6.032719151182203,native,8,TRUE,TRUE,NA,FALSE,focei,"r,s",2,2,2,0,TRUE,26.941000000000003,603.9980752468109,59.116029024124146,690.0551042709351,58.80500000000001,0.08521783207752566,3,1,
80,4,ode,focei,lbfgsb3c,63,ok,TRUE,TRUE,TRUE,TRUE,-4430.223465780623,6.394927668956081,native,8,TRUE,TRUE,NA,FALSE,focei,"r,s",2,2,2,0,TRUE,30.384000000000004,417.2828435897827,60.9303023815155,508.59714597129823,60.55,0.11905296850292792,3,1,
80,4,ode,focei,lbfgsb3c,64,ok,TRUE,TRUE,TRUE,TRUE,-4402.4689354342545,7.430711812258094,native,8,TRUE,TRUE,NA,FALSE,focei,"r,s",2,2,2,0,TRUE,28.203000000000003,542.6248428821564,57.32185339927673,628.1496962814331,56.944,0.09065355016025844,3,1,
80,4,ode,focei,lbfgsb3c,65,ok,TRUE,TRUE,TRUE,TRUE,-4174.126966009039,8.349649903404918,native,27,TRUE,TRUE,NA,FALSE,focei,s,2,2,2,0,TRUE,32.098,466.5217225551605,22.31495761871338,520.9346801738739,22.109,0.04244102157418396,3,1,
80,4,ode,focei,lbfgsb3c,66,ok,TRUE,TRUE,TRUE,TRUE,-4446.162609014843,8.59077987940538,native,8,TRUE,TRUE,NA,FALSE,focei,"r,s",2,2,2,0,TRUE,24.944000000000003,646.5530385971069,58.778003454208374,730.2750420513153,58.413,0.07998767126960832,3,1,
80,4,ode,focei,lbfgsb3c,67,ok,TRUE,TRUE,TRUE,TRUE,-4491.999835371299,13.832294115785054,native,8,TRUE,TRUE,NA,FALSE,focei,"r,s",2,2,2,0,TRUE,24.265,564.0921831130981,60.28837966918945,648.6455627822876,59.98600000000001,0.09247885662348053,3,1,
80,4,ode,focei,lbfgsb3c,68,ok,TRUE,TRUE,TRUE,TRUE,-4388.249593476135,6.221127735752279,native,8,TRUE,TRUE,NA,FALSE,focei,"r,s",2,2,2,0,TRUE,27.141000000000002,457.5496325492859,57.424516677856445,542.1151492271423,57.12800000000001,0.1053798258201115,3,1,
80,4,ode,focei,lbfgsb3c,69,ok,TRUE,TRUE,TRUE,TRUE,-4396.778819457139,8.995914169100578,native,8,TRUE,TRUE,NA,FALSE,focei,"r,s",2,2,2,0,TRUE,33.882000000000005,438.29996514320374,60.244755268096924,532.4267204113007,59.94199999999999,0.11258262912442613,3,1,
80,4,ode,focei,lbfgsb3c,70,ok,TRUE,TRUE,TRUE,TRUE,-4434.931759143331,11.250377145412866,native,8,TRUE,TRUE,NA,FALSE,focei,"r,s",2,2,2,0,TRUE,22.587,453.7851655483246,57.58292746543884,533.9550930137634,57.281000000000006,0.10727681175713312,3,1,
80,4,ode,focei,lbfgsb3c,71,ok,TRUE,TRUE,TRUE,TRUE,-4428.907864324674,9.627921988106872,native,8,TRUE,TRUE,NA,FALSE,focei,"r,s",2,2,2,0,TRUE,22.076,574.0327427387238,60.98499345779419,657.093736196518,60.611,0.09224102538374065,3,1,
80,4,ode,focei,lbfgsb3c,72,ok,TRUE,TRUE,TRUE,TRUE,-4407.383460891189,7.030798578135325,native,8,TRUE,TRUE,NA,FALSE,focei,"r,s",2,2,2,0,TRUE,23.619,416.17109274864197,60.025819540023804,499.8159122886658,59.720000000000006,0.11948399106891391,3,1,
80,4,ode,focei,lbfgsb3c,73,ok,TRUE,TRUE,TRUE,TRUE,-4425.534099645946,9.164412260555494,native,8,TRUE,TRUE,NA,FALSE,focei,"r,s",1,2,1,0,FALSE,24.407,368.76143288612366,54.1920211315155,447.36045401763914,53.791,0.12024084721149503,3,1,
80,4,ode,focei,lbfgsb3c,74,ok,TRUE,TRUE,TRUE,TRUE,-4462.5793211452565,15.410945014663389,native,8,TRUE,TRUE,NA,FALSE,focei,"r,s",2,2,2,0,TRUE,20.795,554.1645767688751,61.76008486747742,636.7196616363525,61.484,0.09656368996362978,3,1,
80,4,ode,focei,lbfgsb3c,75,ok,TRUE,TRUE,TRUE,TRUE,-4377.799886417156,8.455747605840289,native,8,TRUE,TRUE,NA,FALSE,focei,"r,s",2,2,2,0,TRUE,24.669,446.38378286361694,56.010602951049805,527.0633858146667,55.739000000000004,0.10575388368866837,3,1,
80,4,ode,focei,lbfgsb3c,76,ok,TRUE,TRUE,TRUE,TRUE,-4483.924723196873,10.14335942593828,native,8,TRUE,TRUE,NA,FALSE,focei,"r,s",2,2,2,0,TRUE,21.051000000000002,465.4076476097107,55.3705370426178,541.8291846523285,55.02199999999999,0.10154860896853599,3,1,
80,4,ode,focei,lbfgsb3c,77,ok,TRUE,TRUE,TRUE,TRUE,-4442.369110049755,8.69597634448268,native,8,TRUE,TRUE,NA,FALSE,focei,"r,s",2,2,1,1,FALSE,23.178,758.6455385684967,66.06532454490662,847.8888631134033,65.61500000000001,0.07738632131464161,3,1,
80,4,ode,focei,lbfgsb3c,78,ok,TRUE,TRUE,TRUE,TRUE,-4456.653267006275,4.0132301544473385,native,8,TRUE,TRUE,NA,FALSE,focei,"r,s",1,2,1,0,FALSE,23.175,485.0908932685852,51.60510802268982,559.871001291275,51.318999999999996,0.09166218625654643,3,1,
80,4,ode,focei,lbfgsb3c,79,ok,TRUE,TRUE,TRUE,TRUE,-4475.163903718419,7.388620714856631,native,8,TRUE,TRUE,NA,FALSE,focei,"r,s",2,2,2,0,TRUE,26.639000000000003,445.9738187789917,59.71244215965271,532.3252609386444,59.096000000000004,0.11101483310372412,3,1,
80,4,ode,focei,lbfgsb3c,80,ok,TRUE,TRUE,TRUE,TRUE,-4442.890319113538,11.558735791106496,native,8,TRUE,TRUE,NA,FALSE,focei,"r,s",2,2,2,0,TRUE,25.338,496.48309779167175,56.04177284240723,577.862870634079,55.739000000000004,0.09645714032264881,3,1,
80,4,ode,focei,lbfgsb3c,81,ok,TRUE,TRUE,TRUE,TRUE,-4444.662426624013,7.655647865977558,native,8,TRUE,TRUE,NA,FALSE,focei,"r,s",2,2,2,0,TRUE,26.444000000000003,455.20657658576965,63.5312020778656,545.1817786636352,63.23300000000001,0.11598516765361913,3,1,
80,4,ode,focei,lbfgsb3c,82,ok,TRUE,TRUE,TRUE,TRUE,-4426.602621201961,8.928002862796154,native,8,TRUE,TRUE,NA,FALSE,focei,"r,s",2,2,2,0,TRUE,35.377,465.3248071670532,59.761857748031616,560.4636649150848,59.362,0.10591587593638897,3,1,
80,4,ode,focei,lbfgsb3c,83,ok,TRUE,TRUE,TRUE,TRUE,-4431.585817785459,8.467854863335713,native,8,TRUE,TRUE,NA,FALSE,focei,"r,s",2,2,2,0,TRUE,23.953000000000003,671.6600749492645,70.30647420883179,765.9195491580963,69.49799999999999,0.09073798948778973,3,1,
80,4,ode,focei,lbfgsb3c,84,ok,TRUE,TRUE,TRUE,TRUE,-4500.745005377396,10.596013878976766,native,8,TRUE,TRUE,NA,FALSE,focei,"r,s",2,2,2,0,TRUE,27.695,452.7809715270996,53.87088704109192,534.3468585681916,53.50900000000001,0.10013907472644262,3,1,
80,4,ode,focei,lbfgsb3c,85,ok,TRUE,TRUE,TRUE,TRUE,-4462.289373299183,7.711163219284717,native,8,TRUE,TRUE,NA,FALSE,focei,"r,s",2,2,2,0,TRUE,29.217999999999996,564.88050532341,57.7817964553833,651.8803017787933,57.199000000000005,0.08774463631424424,3,1,
80,4,ode,focei,lbfgsb3c,86,ok,TRUE,TRUE,TRUE,TRUE,-4433.991256089931,11.130624947403378,native,27,TRUE,TRUE,NA,FALSE,focei,"r,s",3,2,2,1,FALSE,39.458,789.6926102638245,68.98038816452026,898.1309984283447,68.65300000000002,0.07643985133587096,3,1,
80,4,ode,focei,lbfgsb3c,87,ok,TRUE,TRUE,TRUE,TRUE,-4460.566868638565,6.896610382569032,native,8,TRUE,TRUE,NA,FALSE,focei,"r,s",2,2,2,0,TRUE,30.076,405.2192826271057,59.2302131652832,494.52549579238894,58.876000000000005,0.11905554011054922,3,1,
80,4,ode,focei,lbfgsb3c,88,ok,TRUE,TRUE,TRUE,TRUE,-3669.5694630854327,418.67305616687196,native,27,TRUE,TRUE,NA,FALSE,focei,s,2,2,2,0,TRUE,39.440000000000005,615.0841991901398,27.25262975692749,681.7768289470673,26.833999999999996,0.039358920486403576,3,1,
80,4,ode,focei,lbfgsb3c,89,ok,TRUE,TRUE,TRUE,TRUE,-4472.224478107819,11.199043435893483,native,8,TRUE,TRUE,NA,FALSE,focei,"r,s",2,2,2,0,TRUE,29.725,593.8367965221405,58.51176142692566,682.0735579490662,57.547000000000004,0.08437066549396616,3,1,
80,4,ode,focei,lbfgsb3c,90,ok,TRUE,TRUE,TRUE,TRUE,-4449.772592680109,8.635287253337358,native,8,TRUE,TRUE,NA,FALSE,focei,"r,s",2,2,2,0,TRUE,29.965,542.7736616134644,58.65628218650818,631.3949437999726,57.799,0.09154175301459314,3,1,
80,4,ode,focei,lbfgsb3c,91,ok,TRUE,TRUE,TRUE,TRUE,-4441.662032255257,12.80135139882941,native,8,TRUE,TRUE,NA,FALSE,focei,"r,s",2,2,2,0,TRUE,26,410.65931582450867,57.36985230445862,494.0291681289673,57.018,0.11541423802149946,3,1,
80,4,ode,focei,lbfgsb3c,92,ok,TRUE,TRUE,TRUE,TRUE,-4410.101107675836,7.292415899818755,native,8,TRUE,TRUE,NA,FALSE,focei,"r,s",2,2,2,0,TRUE,23.296000000000003,417.8917465209961,57.35779356956482,498.5455400905609,57.071,0.11447499859217082,3,1,
80,4,ode,focei,lbfgsb3c,93,ok,TRUE,TRUE,TRUE,TRUE,-4368.853296529042,18.11155147905225,native,8,TRUE,TRUE,NA,FALSE,focei,"r,s",4,2,1,3,FALSE,26.792,728.0045082569122,80.24017333984375,835.036681596756,79.84200000000001,0.09561496130604256,3,1,
80,4,ode,focei,lbfgsb3c,94,ok,TRUE,TRUE,TRUE,TRUE,-4470.154058290442,11.700300930309831,native,8,TRUE,TRUE,NA,FALSE,focei,"r,s",2,2,1,1,FALSE,21.808999999999997,533.3662593364716,54.13343048095703,609.3086898174286,53.799,0.08829514644887171,3,1,
80,4,ode,focei,lbfgsb3c,95,ok,TRUE,TRUE,TRUE,TRUE,-4322.905581792115,5.190057852869195,native,8,TRUE,TRUE,NA,FALSE,focei,"r,s",1,2,1,0,FALSE,28.273999999999997,561.3281850814819,53.9210250377655,643.5232101192474,53.617,0.08331789616424955,3,1,
80,4,ode,focei,lbfgsb3c,96,ok,TRUE,TRUE,TRUE,TRUE,-4463.803994652983,15.745316768544692,native,8,TRUE,TRUE,NA,FALSE,focei,"r,s",3,2,2,1,FALSE,24.144000000000002,581.4193360805511,70.97381615638733,676.5371522369385,70.67299999999999,0.10446285139895573,3,1,
80,4,ode,focei,lbfgsb3c,97,ok,TRUE,TRUE,TRUE,TRUE,-4486.055147938099,12.910443167306623,native,8,TRUE,TRUE,NA,FALSE,focei,"r,s",2,2,2,0,TRUE,22.847,399.28748869895935,57.919822454452515,480.05431115341185,57.121,0.11898861998084574,3,1,
80,4,ode,focei,lbfgsb3c,98,ok,TRUE,TRUE,TRUE,TRUE,-4410.431250096116,8.85231701966717,native,8,TRUE,TRUE,NA,FALSE,focei,"r,s",2,2,2,0,TRUE,24.269,592.1364464759827,60.19403600692749,676.5994824829102,59.88,0.0885013978731686,3,1,
80,4,ode,focei,lbfgsb3c,99,ok,TRUE,TRUE,TRUE,TRUE,-4390.886807850054,4.345843558293006,native,8,TRUE,TRUE,NA,FALSE,focei,"r,s",2,2,2,0,TRUE,27.927,476.7887246608734,55.502118825912476,560.2178434867859,55.14800000000001,0.09844027754767652,3,1,
80,4,ode,focei,lbfgsb3c,100,ok,TRUE,TRUE,TRUE,TRUE,-4440.842602109414,10.654912823675854,native,8,TRUE,TRUE,NA,FALSE,focei,"r,s",2,2,2,0,TRUE,27.246000000000002,590.0389714241028,59.96535801887512,677.2503294429779,59.668,0.08810331631595586,3,1,
80,5,ode,focei,lbfgsb3c,1,ok,TRUE,TRUE,TRUE,TRUE,-4369.843508823053,2.807689952306275,native,8,TRUE,TRUE,NA,FALSE,focei,"r,s",1,1,1,0,TRUE,20.531,385.0664780139923,53.011271238327026,458.60874925231934,52.479,0.11443087399784184,3,1,
80,5,ode,focei,lbfgsb3c,2,ok,TRUE,TRUE,TRUE,TRUE,-4452.0101050164985,3.263436918844028,native,8,TRUE,TRUE,NA,FALSE,focei,"r,s",1,1,1,0,TRUE,25.310000000000002,248.30342388153076,47.97162079811096,321.5850446796417,47.65,0.1481723133221827,3,1,
80,5,ode,focei,lbfgsb3c,3,ok,TRUE,TRUE,TRUE,TRUE,-4403.706355106879,3.1189303244016555,native,8,TRUE,TRUE,NA,FALSE,focei,"r,s",1,1,1,0,TRUE,25.108,248.7512171268463,47.27723526954651,321.1364523963928,46.81,0.145763583207989,3,1,
80,5,ode,focei,lbfgsb3c,4,ok,TRUE,TRUE,TRUE,TRUE,-4476.495569459385,75.71693668042862,native,8,TRUE,TRUE,NA,FALSE,focei,s,2,1,0,2,FALSE,22.580000000000002,420.55913519859314,36.67049694061279,479.8096321392059,35.617999999999995,0.07423360769394942,3,1,
80,5,ode,focei,lbfgsb3c,5,ok,TRUE,TRUE,TRUE,TRUE,-4454.599102408565,5.0771246467085565,native,8,TRUE,TRUE,NA,FALSE,focei,"r,s",2,1,1,1,FALSE,23.96,378.6335437297821,62.7145791053772,465.3081228351593,62.394,0.13409179195030685,3,1,
80,5,ode,focei,lbfgsb3c,6,ok,TRUE,TRUE,TRUE,TRUE,-4448.292843126376,3.981914152580031,native,8,TRUE,TRUE,NA,FALSE,focei,"r,s",1,1,1,0,TRUE,21.116999999999997,257.4724099636078,50.749579191207886,329.3389891548157,50.32,0.15279089830553155,3,1,
80,5,ode,focei,lbfgsb3c,7,ok,TRUE,TRUE,TRUE,TRUE,-4446.095819201467,2.5778809583008018,native,8,TRUE,TRUE,NA,FALSE,focei,"r,s",1,1,1,0,TRUE,20.781,244.8638846874237,49.624672651290894,315.2695573387146,49.259,0.1562440738516274,3,1,
80,5,ode,focei,lbfgsb3c,8,ok,TRUE,TRUE,TRUE,TRUE,-4434.452984346441,2.464212296788689,native,8,TRUE,TRUE,NA,FALSE,focei,"r,s",1,1,1,0,TRUE,24.402,277.02866530418396,47.267244815826416,348.69791012001036,46.98599999999999,0.13474700775760012,3,1,
80,5,ode,focei,lbfgsb3c,9,ok,TRUE,TRUE,TRUE,TRUE,-4480.3972975683855,317.7544162834994,native,8,TRUE,TRUE,NA,FALSE,focei,s,1,1,0,1,FALSE,25,274.25954961776733,27.811586141586304,327.07113575935364,27.610999999999997,0.08441894432505077,3,1,
80,5,ode,focei,lbfgsb3c,10,ok,TRUE,TRUE,TRUE,TRUE,-4456.712575573442,4.050201027649835,native,8,TRUE,TRUE,NA,FALSE,focei,s,1,1,0,1,FALSE,23.373,412.765615940094,33.0624577999115,469.2010737400055,31.477000000000004,0.0670863767405658,3,1,
80,5,ode,focei,lbfgsb3c,11,ok,TRUE,TRUE,TRUE,TRUE,-4522.216242581071,4.988826476088181,native,8,TRUE,TRUE,NA,FALSE,focei,s,1,1,0,1,FALSE,30.724000000000004,243.51203441619873,34.000946283340454,308.2369806995392,33.697,0.10932173006472218,3,1,
80,5,ode,focei,lbfgsb3c,12,ok,TRUE,TRUE,TRUE,TRUE,-4412.003192934971,2.869773335214209,native,27,TRUE,TRUE,NA,FALSE,focei,"r,s",1,1,1,0,TRUE,23.767,524.8611698150635,53.538771629333496,602.166941444397,52.97599999999999,0.0879756033649544,3,1,
80,5,ode,focei,lbfgsb3c,13,ok,TRUE,TRUE,TRUE,TRUE,-4411.410261338259,5.598937535795058,native,8,TRUE,TRUE,NA,FALSE,focei,"r,s",1,1,0,1,FALSE,28.006000000000004,255.0029137134552,48.926570892333984,331.9354846057892,48.52900000000001,0.14620009685807972,3,1,
80,5,ode,focei,lbfgsb3c,14,ok,TRUE,TRUE,TRUE,TRUE,-4425.1030022737295,4.126726945240134,native,8,TRUE,TRUE,NA,FALSE,focei,"r,s",1,1,1,0,TRUE,23.825000000000003,391.6753969192505,53.55917048454285,469.0595674037933,52.982,0.11295367088076057,3,1,
80,5,ode,focei,lbfgsb3c,15,ok,TRUE,TRUE,TRUE,TRUE,-4515.857838016186,4.0453532391614875,native,8,TRUE,TRUE,NA,FALSE,focei,"r,s",1,1,1,0,TRUE,27.405,234.03779816627502,49.49235963821411,310.9351578044891,49.13800000000001,0.1580329492070407,3,1,
80,5,ode,focei,lbfgsb3c,16,ok,TRUE,TRUE,TRUE,TRUE,-4445.170624711443,2.9705273833286894,native,8,TRUE,TRUE,NA,FALSE,focei,"r,s",1,1,1,0,TRUE,21.853,230.27820324897766,50.41045641899109,302.54165966796876,50.077999999999996,0.16552431177563856,3,1,
80,5,ode,focei,lbfgsb3c,17,ok,TRUE,TRUE,TRUE,TRUE,-4460.8676950985555,2.7066108255353085,native,8,TRUE,TRUE,NA,FALSE,focei,"r,s",1,1,1,0,TRUE,27.23,247.87170243263245,50.979185819625854,326.0808882522583,50.626999999999995,0.15525902260433802,3,1,
80,5,ode,focei,lbfgsb3c,18,ok,TRUE,FALSE,TRUE,TRUE,-4159.749926012314,6960.277177054646,native,27,TRUE,TRUE,NA,FALSE,focei,"r,s",1,1,1,0,TRUE,23.340999999999998,225.8910529613495,20.355106115341187,269.5871590766907,20.161,0.07478471923161856,3,1,
80,5,ode,focei,lbfgsb3c,19,ok,TRUE,TRUE,TRUE,TRUE,-4505.714101502076,3.0624435191243773,native,8,TRUE,TRUE,NA,FALSE,focei,"r,s",1,1,1,0,TRUE,21.705000000000002,221.3731346130371,48.91954827308655,291.99768288612364,48.58,0.1663711832225249,3,1,
80,5,ode,focei,lbfgsb3c,20,ok,TRUE,TRUE,TRUE,TRUE,-4451.347547908916,5.0222066556225995,native,27,TRUE,TRUE,NA,FALSE,focei,"r,s",1,1,1,0,TRUE,28.610999999999997,408.9980266094208,53.329116344451904,490.93814295387267,52.82899999999999,0.10760826136290591,3,1,
80,5,ode,focei,lbfgsb3c,21,ok,TRUE,TRUE,TRUE,TRUE,-4448.612901429291,2.724325268057621,native,8,TRUE,TRUE,NA,FALSE,focei,"r,s",1,1,1,0,TRUE,28.742,415.489461183548,51.66775822639465,495.89921940994265,51.02,0.10288380784447967,3,1,
80,5,ode,focei,lbfgsb3c,22,ok,TRUE,TRUE,TRUE,TRUE,-4414.52965732906,2.442349497540662,native,8,TRUE,TRUE,NA,FALSE,focei,"r,s",1,1,1,0,TRUE,26.924000000000003,401.39582872390747,48.30903244018555,476.628861164093,47.978,0.10066113051320703,3,1,
80,5,ode,focei,lbfgsb3c,23,ok,TRUE,TRUE,TRUE,TRUE,-4497.094409003206,4.08669586579152,native,8,TRUE,TRUE,NA,FALSE,focei,"r,s",2,1,1,1,FALSE,22.863,400.4063210487366,65.57142543792725,488.8407464866638,65.085,0.1331415199485127,3,1,
80,5,ode,focei,lbfgsb3c,24,ok,TRUE,TRUE,TRUE,TRUE,-4472.368492526675,2.794817616462791,native,8,TRUE,TRUE,NA,FALSE,focei,"r,s",1,1,1,0,TRUE,33.913,437.54660820961,49.520923376083374,520.9805315856934,49.123999999999995,0.09429143129491364,3,1,
80,5,ode,focei,lbfgsb3c,25,ok,TRUE,TRUE,TRUE,TRUE,-4494.366442148579,4.5100457485470455,native,8,TRUE,TRUE,NA,FALSE,focei,"r,s",2,1,1,1,FALSE,27.615000000000002,421.4705195426941,61.27855372428894,510.36407326698304,60.708,0.11895037911150588,3,1,
80,5,ode,focei,lbfgsb3c,26,ok,TRUE,TRUE,TRUE,TRUE,-4421.780227812375,3.801512128539062,native,27,TRUE,TRUE,NA,FALSE,focei,"r,s",1,1,0,1,FALSE,27.404000000000003,550.9804222583771,51.72555661201477,630.1099788703918,51.367,0.08152068959784835,3,1,
80,5,ode,focei,lbfgsb3c,27,ok,TRUE,TRUE,TRUE,TRUE,-4379.43655321287,4.28801824815455,native,8,TRUE,TRUE,NA,FALSE,focei,"r,s",1,1,1,0,TRUE,33.198,225.99691343307495,44.50111794471741,303.69603137779234,44.270999999999994,0.14577404847588435,3,1,
80,5,ode,focei,lbfgsb3c,28,ok,TRUE,TRUE,TRUE,TRUE,-4411.955577842941,2.383215049040909,native,8,TRUE,TRUE,NA,FALSE,focei,"r,s",1,1,1,0,TRUE,29.732999999999997,346.6843378543854,55.38034105300903,431.7976789073944,55.074000000000005,0.12754584540462863,3,1,
80,5,ode,focei,lbfgsb3c,29,ok,TRUE,FALSE,TRUE,TRUE,-4434.155436078874,434056626740.8415,native,8,TRUE,TRUE,NA,FALSE,focei,"|r|,|s|",1,1,0,1,FALSE,23.224,357.69047117233276,28.001194715499878,408.91566588783263,27.602,0.06750047088577758,3,1,
80,5,ode,focei,lbfgsb3c,30,ok,TRUE,TRUE,TRUE,TRUE,-4444.970473752089,3.190407825919506,native,8,TRUE,TRUE,NA,FALSE,focei,"r,s",1,1,1,0,TRUE,23.029,292.66411900520325,48.4482958316803,364.14141483688354,47.815999999999995,0.13131162249539532,3,1,
80,5,ode,focei,lbfgsb3c,31,ok,TRUE,TRUE,TRUE,TRUE,-4440.215373816979,2.8685682664515157,native,8,TRUE,TRUE,NA,FALSE,focei,"r,s",1,1,0,1,FALSE,22.764,392.5028965473175,50.999136209487915,466.26603275680543,50.626,0.10857749963185814,3,1,
80,5,ode,focei,lbfgsb3c,32,ok,TRUE,TRUE,TRUE,TRUE,-4398.503018999349,2.452338419607845,native,8,TRUE,TRUE,NA,FALSE,focei,"r,s",1,1,0,1,FALSE,24.408,558.9797139167786,49.247429609298706,632.6351435260773,48.883,0.0772688657913375,3,1,
80,5,ode,focei,lbfgsb3c,33,ok,TRUE,TRUE,TRUE,TRUE,-4458.722678190712,2.146165846118894,native,8,TRUE,TRUE,NA,FALSE,focei,"r,s",1,1,1,0,TRUE,19.875999999999998,262.9634816646576,51.6063494682312,334.44583113288877,50.635000000000005,0.1513997044857189,3,1,
80,5,ode,focei,lbfgsb3c,34,ok,TRUE,TRUE,TRUE,TRUE,-4440.209579496976,6.754839702239455,native,8,TRUE,TRUE,NA,FALSE,focei,"r,s",2,1,1,1,FALSE,23.829,587.3188753128052,60.681124210357666,671.8289995231628,60.306,0.08976391320232198,3,1,
80,5,ode,focei,lbfgsb3c,35,ok,TRUE,TRUE,TRUE,TRUE,-4432.758703952636,3.0617879527194303,native,8,TRUE,TRUE,NA,FALSE,focei,"r,s",1,1,1,0,TRUE,19.654,389.79458117485046,53.523812770843506,462.97239394569397,53.147999999999996,0.11479734147223081,3,1,
80,5,ode,focei,lbfgsb3c,36,ok,TRUE,TRUE,TRUE,TRUE,-4429.456819277364,3.4148593591526746,native,27,TRUE,TRUE,NA,FALSE,focei,"r,s",1,1,1,0,TRUE,20.841,294.51097416877747,52.42920112609863,367.7811752948761,52.104,0.14167119879973342,3,1,
80,5,ode,focei,lbfgsb3c,37,ok,TRUE,TRUE,TRUE,TRUE,-4445.875224384912,3.719001288810542,native,8,TRUE,TRUE,NA,FALSE,focei,"r,s",1,1,1,0,TRUE,20.252000000000002,412.08936858177185,56.329020977020264,488.6703895587921,55.828,0.11424469579670186,3,1,
80,5,ode,focei,lbfgsb3c,38,ok,TRUE,TRUE,TRUE,TRUE,-4422.507628820307,3.6815771944760205,native,8,TRUE,TRUE,NA,FALSE,focei,"r,s",1,1,1,0,TRUE,20.172000000000004,284.76097655296326,49.11551022529602,354.0484867782593,48.79099999999999,0.13780880817761498,3,1,
80,5,ode,focei,lbfgsb3c,39,ok,TRUE,TRUE,TRUE,TRUE,-4445.5964381637605,3.3673033485431603,native,8,TRUE,TRUE,NA,FALSE,focei,"r,s",1,1,1,0,TRUE,22.761,250.7190341949463,51.63055372238159,325.1105879173279,50.516000000000005,0.15538097458962388,3,1,
80,5,ode,focei,lbfgsb3c,40,ok,TRUE,TRUE,TRUE,TRUE,-4400.717212995415,5.563935857005868,native,8,TRUE,TRUE,NA,FALSE,focei,"r,s",1,1,1,0,TRUE,19.57,263.7318024635315,50.19654631614685,333.49834877967834,49.48500000000001,0.14838154425973388,3,1,
80,5,ode,focei,lbfgsb3c,41,ok,TRUE,TRUE,TRUE,TRUE,-4404.09437488666,2.5122777999978867,native,8,TRUE,TRUE,NA,FALSE,focei,"r,s",1,1,1,0,TRUE,27.703000000000003,582.4904627799988,46.22064781188965,656.4141105918884,45.998,0.07007466667424869,3,1,
80,5,ode,focei,lbfgsb3c,42,ok,TRUE,TRUE,TRUE,TRUE,-4514.397470102366,3.506532826742985,native,8,TRUE,TRUE,NA,FALSE,focei,"r,s",1,1,1,0,TRUE,24.333,284.1370298862457,49.36890196800232,357.838931854248,48.843,0.13649437121585845,3,1,
80,5,ode,focei,lbfgsb3c,43,ok,TRUE,TRUE,TRUE,TRUE,-4445.068941030372,6.793158610693704,native,8,TRUE,TRUE,NA,FALSE,focei,"r,s",2,1,1,1,FALSE,22.085,578.951887845993,58.79753041267395,659.834418258667,58.455,0.08859040750597005,3,1,
80,5,ode,focei,lbfgsb3c,44,ok,TRUE,TRUE,TRUE,TRUE,-4373.051960998858,3.301935420329105,native,8,TRUE,TRUE,NA,FALSE,focei,"r,s",1,1,1,0,TRUE,25.116999999999997,270.98804450035095,46.741392374038696,342.84643687438967,46.281000000000006,0.13499046518297697,3,1,
80,5,ode,focei,lbfgsb3c,45,ok,TRUE,TRUE,TRUE,TRUE,-4494.174285743672,3.9708201762613706,native,8,TRUE,TRUE,NA,FALSE,focei,"r,s",1,1,1,0,TRUE,25.755000000000003,275.6195650100708,53.16751194000244,354.54207695007324,52.766999999999996,0.1488314178501038,3,1,
80,5,ode,focei,lbfgsb3c,46,ok,TRUE,TRUE,TRUE,TRUE,-4487.220328605893,3.0858104286721026,native,27,TRUE,TRUE,NA,FALSE,focei,"r,s",1,1,1,0,TRUE,25.729000000000003,253.29004454612732,52.240299701690674,331.259344247818,51.70700000000001,0.15609220056089212,3,1,
80,5,ode,focei,lbfgsb3c,47,ok,TRUE,TRUE,TRUE,TRUE,-3644.800282682056,2.225662695802686,native,27,TRUE,TRUE,NA,FALSE,focei,s,1,1,1,0,TRUE,29.229,351.0905101299286,21.041127920150757,401.36063805007933,20.720000000000002,0.051624394710611074,3,1,
80,5,ode,focei,lbfgsb3c,48,ok,TRUE,TRUE,TRUE,TRUE,-4450.210352571436,2.495677337956523,native,8,TRUE,TRUE,NA,FALSE,focei,"r,s",1,1,1,0,TRUE,30.721000000000004,262.26389050483704,48.280126333236694,341.26501683807373,47.592000000000006,0.13945759937820365,3,1,
80,5,ode,focei,lbfgsb3c,49,ok,TRUE,TRUE,TRUE,TRUE,-4451.000923423179,2.793562412870092,native,8,TRUE,TRUE,NA,FALSE,focei,"r,s",1,1,1,0,TRUE,20.896,421.6180078983307,47.10024285316467,489.6142507514954,46.748,0.09547924703631029,3,1,
80,5,ode,focei,lbfgsb3c,50,ok,TRUE,TRUE,TRUE,TRUE,-4417.635798373716,3.8055471295830006,native,8,TRUE,TRUE,NA,FALSE,focei,"r,s",1,1,1,0,TRUE,26.35,283.0478992462158,57.02915406227112,366.42705330848696,56.705,0.15475112846611053,3,1,
80,5,ode,focei,lbfgsb3c,51,ok,TRUE,TRUE,TRUE,TRUE,-4489.571341668881,3.558839304576866,native,8,TRUE,TRUE,NA,FALSE,focei,"r,s",1,1,0,1,FALSE,17.528,301.3503098487854,51.635849714279175,370.5141595630646,51.113000000000014,0.13795154295931883,3,1,
80,5,ode,focei,lbfgsb3c,52,ok,TRUE,TRUE,TRUE,TRUE,-3112.955772012269,13.7162741876164,native,27,TRUE,TRUE,NA,FALSE,focei,s,1,1,1,0,TRUE,20.727,295.40893745422363,24.887908935546875,341.0238463897705,24.392,0.07152578993587844,3,1,
80,5,ode,focei,lbfgsb3c,53,ok,TRUE,TRUE,TRUE,TRUE,-4477.177416361151,3.1312518964510394,native,8,TRUE,TRUE,NA,FALSE,focei,"r,s",1,1,1,0,TRUE,26.262,412.70268273353577,46.57249569892883,485.5371784324646,46.31,0.09537889590558193,3,1,
80,5,ode,focei,lbfgsb3c,54,ok,TRUE,TRUE,TRUE,TRUE,-4456.9806097153305,4.750582174917227,native,8,TRUE,TRUE,NA,FALSE,focei,"r,s",1,1,1,0,TRUE,23.894,253.0592839717865,51.67552995681763,328.62881392860413,51.095,0.15547936709865187,3,1,
80,5,ode,focei,lbfgsb3c,55,ok,TRUE,TRUE,TRUE,TRUE,-4427.6207863344025,2.2733503602044207,native,8,TRUE,TRUE,NA,FALSE,focei,"r,s",1,1,1,0,TRUE,25.606,258.1115334033966,51.76571536064148,335.4832487640381,51.428,0.1532952843084331,3,1,
80,5,ode,focei,lbfgsb3c,56,ok,TRUE,TRUE,TRUE,TRUE,-4404.776477623105,14.353099732450747,native,8,TRUE,TRUE,NA,FALSE,focei,"r,s",2,1,1,1,FALSE,23.718,353.177321434021,61.508572816848755,438.40389425086977,61.17399999999999,0.13953799407857023,3,1,
80,5,ode,focei,lbfgsb3c,57,ok,TRUE,TRUE,TRUE,TRUE,-4539.469910084449,2.752880764613264,native,27,TRUE,TRUE,NA,FALSE,focei,"r,s",1,1,1,0,TRUE,22.813000000000002,308.6845488548279,52.70230579376221,384.1998546485901,52.23099999999999,0.13594747464902943,3,1,
80,5,ode,focei,lbfgsb3c,58,ok,TRUE,TRUE,TRUE,TRUE,-4487.081580400939,3.4641619087413003,native,8,TRUE,TRUE,NA,FALSE,focei,"r,s",1,1,1,0,TRUE,24.123,254.4912075996399,50.479918479919434,329.0941260795593,50.117000000000004,0.15228773784884905,3,1,
80,5,ode,focei,lbfgsb3c,59,ok,TRUE,TRUE,TRUE,TRUE,-4464.304055299289,4.401970819724502,native,8,TRUE,TRUE,NA,FALSE,focei,"r,s",1,1,1,0,TRUE,23.497,315.06394267082214,46.653438091278076,385.21438076210023,46.415,0.12049134798180046,3,1,
80,5,ode,focei,lbfgsb3c,60,ok,TRUE,TRUE,TRUE,TRUE,-4452.393826685815,4.570500918007704,native,8,TRUE,TRUE,NA,FALSE,focei,"r,s",1,1,1,0,TRUE,24.504,444.5626223087311,53.74164652824402,522.8082688369751,53.28799999999999,0.10192646745726308,3,1,
80,5,ode,focei,lbfgsb3c,61,ok,TRUE,TRUE,TRUE,TRUE,-4446.29520129589,3.2782828264605537,native,27,TRUE,TRUE,NA,FALSE,focei,"r,s",1,1,0,1,FALSE,35.775999999999996,548.5684788227081,50.25094795227051,634.5954267749786,49.80899999999999,0.07848937748122439,3,1,
80,5,ode,focei,lbfgsb3c,62,ok,TRUE,TRUE,TRUE,TRUE,-4472.710196181918,2.845399429774608,native,8,TRUE,TRUE,NA,FALSE,focei,"r,s",1,1,1,0,TRUE,29.698999999999998,290.02973890304565,51.10385203361511,370.8325909366608,50.785,0.13694858877350996,3,1,
80,5,ode,focei,lbfgsb3c,63,ok,TRUE,TRUE,TRUE,TRUE,-4448.495528862961,3.262911102696735,native,8,TRUE,TRUE,NA,FALSE,focei,"r,s",1,1,1,0,TRUE,27.451,290.11004638671875,49.34828782081604,366.9093342075348,49.005,0.1335616061822001,3,1,
80,5,ode,focei,lbfgsb3c,64,ok,TRUE,TRUE,TRUE,TRUE,-4466.881990958563,2.721273096626385,native,8,TRUE,TRUE,NA,FALSE,focei,"r,s",1,1,0,1,FALSE,26.054000000000002,296.88288164138794,51.193700313568115,374.13058195495603,50.873000000000005,0.13597658799815762,3,1,
80,5,ode,focei,lbfgsb3c,65,ok,TRUE,TRUE,TRUE,TRUE,-3982.239340555245,2.692268373581605,native,27,TRUE,TRUE,NA,FALSE,focei,s,1,1,1,0,TRUE,33.517,385.1745138168335,24.455660343170166,443.14717416000366,24.179,0.05456200876341339,3,1,
80,5,ode,focei,lbfgsb3c,66,ok,TRUE,TRUE,TRUE,TRUE,-4444.055603440438,3.8930358759777595,native,8,TRUE,TRUE,NA,FALSE,focei,"r,s",1,1,1,0,TRUE,23.237000000000002,271.2883484363556,51.09061241149902,345.61596084785464,50.704,0.14670618762980298,3,1,
80,5,ode,focei,lbfgsb3c,67,ok,TRUE,TRUE,TRUE,TRUE,-4453.436262849361,3.6397407394187042,native,8,TRUE,TRUE,NA,FALSE,focei,"r,s",1,1,1,0,TRUE,22.366,276.4080545902252,51.0949285030365,349.8689830932617,50.849999999999994,0.14534012003700633,3,1,
80,5,ode,focei,lbfgsb3c,68,ok,TRUE,TRUE,TRUE,TRUE,-4454.702305442413,3.468950232797768,native,8,TRUE,TRUE,NA,FALSE,focei,"r,s",2,1,1,1,FALSE,29.673000000000002,387.0158350467682,57.55726361274719,474.2460986595154,57.253,0.12072424035079884,3,1,
80,5,ode,focei,lbfgsb3c,69,ok,TRUE,TRUE,TRUE,TRUE,-4454.73648308435,2.7685749272895737,native,8,TRUE,TRUE,NA,FALSE,focei,"r,s",2,1,1,1,FALSE,27.658,361.9426200389862,62.62413048744202,452.22475052642824,62.317,0.13780094947801438,3,1,
80,5,ode,focei,lbfgsb3c,70,ok,TRUE,TRUE,TRUE,TRUE,-4413.693644518455,3.7270551238241967,native,8,TRUE,TRUE,NA,FALSE,focei,"r,s",1,1,1,0,TRUE,28.541999999999998,234.56950187683105,49.51294565200806,312.6244475288391,49.196999999999996,0.15736773111917823,3,1,
80,5,ode,focei,lbfgsb3c,71,ok,TRUE,TRUE,TRUE,TRUE,-4503.190163984759,3.812603596555563,native,8,TRUE,TRUE,NA,FALSE,focei,"r,s",2,1,1,1,FALSE,23.184,391.1008939743042,57.17790365219116,471.4627976264954,56.86900000000001,0.12062245480724663,3,1,
80,5,ode,focei,lbfgsb3c,72,ok,TRUE,TRUE,TRUE,TRUE,-4480.4708078065205,3.3245926223151048,native,8,TRUE,TRUE,NA,FALSE,focei,"r,s",1,1,1,0,TRUE,24.51,258.5805547237396,51.018227100372314,334.10878182411193,50.714999999999996,0.15179187964804342,3,1,
80,5,ode,focei,lbfgsb3c,73,ok,TRUE,TRUE,TRUE,TRUE,-4466.9575076012725,2.939511966563032,native,8,TRUE,TRUE,NA,FALSE,focei,"r,s",1,1,1,0,TRUE,21.303,250.75041842460632,51.18635129928589,323.2397697238922,50.904,0.15748062202705326,3,1,
80,5,ode,focei,lbfgsb3c,74,ok,TRUE,TRUE,TRUE,TRUE,-4486.71178234809,2.558881043442019,native,8,TRUE,TRUE,NA,FALSE,focei,"r,s",1,1,1,0,TRUE,27.793,392.88113832473755,45.72225546836853,466.3963937931061,45.452999999999996,0.09745572779913687,3,1,
80,5,ode,focei,lbfgsb3c,75,ok,TRUE,TRUE,TRUE,TRUE,-4413.293243831897,4.05199188819345,native,8,TRUE,TRUE,NA,FALSE,focei,"r,s",1,1,1,0,TRUE,19.769,255.66480016708374,49.93000674247742,325.36380690956116,49.321,0.1515872354349154,3,1,
80,5,ode,focei,lbfgsb3c,76,ok,TRUE,TRUE,TRUE,TRUE,-4419.226835085761,2.1736178519095644,native,8,TRUE,TRUE,NA,FALSE,focei,"r,s",1,1,1,0,TRUE,23.947,253.32313752174377,50.99841928482056,328.26855680656433,50.656000000000006,0.15431267768313728,3,1,
80,5,ode,focei,lbfgsb3c,77,ok,TRUE,TRUE,TRUE,TRUE,-4450.54064093505,2.500453371652931,native,27,TRUE,TRUE,NA,FALSE,focei,"r,s",1,1,1,0,TRUE,28.923000000000005,222.3958146572113,53.516727924346924,304.83554258155823,53.20299999999999,0.17453017305475663,3,1,
80,5,ode,focei,lbfgsb3c,78,ok,TRUE,TRUE,TRUE,TRUE,-4495.0787865827,3.330649087689208,native,8,TRUE,TRUE,NA,FALSE,focei,"r,s",1,1,1,0,TRUE,27.131999999999998,276.16728353500366,48.381373167037964,351.68065670204163,47.855,0.13607515536615006,3,1,
80,5,ode,focei,lbfgsb3c,79,ok,TRUE,TRUE,TRUE,TRUE,-4470.204302496166,3.6844404750731403,native,8,TRUE,TRUE,NA,FALSE,focei,"r,s",1,1,1,0,TRUE,27.15,214.39920830726624,47.50994300842285,289.05915131568906,47.239000000000004,0.1634232986050978,3,1,
80,5,ode,focei,lbfgsb3c,80,ok,TRUE,TRUE,TRUE,TRUE,-4440.3198843810205,2.749993781260614,native,8,TRUE,TRUE,NA,FALSE,focei,"r,s",1,1,1,0,TRUE,26.96,534.0981004238129,48.99620270729065,610.0543031311036,48.43600000000001,0.07939621071665628,3,1,
80,5,ode,focei,lbfgsb3c,81,ok,TRUE,TRUE,TRUE,TRUE,-4404.0906405436745,2.92663534147762,native,8,TRUE,TRUE,NA,FALSE,focei,"r,s",1,1,1,0,TRUE,24.822000000000003,234.13558745384216,54.59836268424988,313.55595013809204,54.303999999999995,0.1731875921221848,3,1,
80,5,ode,focei,lbfgsb3c,82,ok,TRUE,TRUE,TRUE,TRUE,-4503.838822142787,2.6747319692995117,native,8,TRUE,TRUE,NA,FALSE,focei,"r,s",1,1,1,0,TRUE,31.058999999999997,266.90103936195374,51.481037616729736,349.44107697868344,51.22799999999999,0.14659982290268922,3,1,
80,5,ode,focei,lbfgsb3c,83,ok,TRUE,TRUE,TRUE,TRUE,-4441.33211595321,1.6383391637632256,native,8,TRUE,TRUE,NA,FALSE,focei,"r,s",1,1,1,0,TRUE,23.958000000000002,268.4112732410431,49.70481777191162,342.07409101295474,49.29,0.14409159095926188,3,1,
80,5,ode,focei,lbfgsb3c,84,ok,TRUE,TRUE,TRUE,TRUE,-4411.0723864247,3.3134756046424467,native,8,TRUE,TRUE,NA,FALSE,focei,"r,s",1,1,1,0,TRUE,24.772,214.1809322834015,48.49719953536987,287.45013181877135,48.225,0.16776823059661844,3,1,
80,5,ode,focei,lbfgsb3c,85,ok,TRUE,TRUE,TRUE,TRUE,-4403.516173878476,2.5605734930721815,native,8,TRUE,TRUE,NA,FALSE,focei,"r,s",1,1,1,0,TRUE,24.471000000000004,259.1701421737671,50.18099808692932,333.8221402606964,49.74300000000001,0.14901048792375937,3,1,
80,5,ode,focei,lbfgsb3c,86,ok,TRUE,TRUE,TRUE,TRUE,-4456.004629987908,2.2134066918155395,native,8,TRUE,TRUE,NA,FALSE,focei,"r,s",1,1,1,0,TRUE,24.804000000000002,240.29525876045227,47.96457004547119,313.06382880592344,47.587,0.15200414618803007,3,1,
80,5,ode,focei,lbfgsb3c,87,ok,TRUE,TRUE,TRUE,TRUE,-4425.743126692559,2.3128072913798574,native,27,TRUE,TRUE,NA,FALSE,focei,"r,s",1,1,1,0,TRUE,23.639,271.16403102874756,56.48072552680969,351.28375655555726,56.20100000000001,0.1599874715274845,3,1,
80,5,ode,focei,lbfgsb3c,88,ok,TRUE,TRUE,TRUE,TRUE,-4434.632605264058,2.8082370511364814,native,8,TRUE,TRUE,NA,FALSE,focei,"r,s",1,1,1,0,TRUE,27.572,220.04893255233765,49.4683620929718,297.08929464530945,49.21699999999999,0.16566399694327405,3,1,
80,5,ode,focei,lbfgsb3c,89,ok,TRUE,TRUE,TRUE,TRUE,-4485.858125261509,2.359592633939692,native,8,TRUE,TRUE,NA,FALSE,focei,"r,s",1,1,1,0,TRUE,25.549,205.88649439811707,48.821253299713135,280.2567476978302,48.467999999999996,0.17294142031597995,3,1,
80,5,ode,focei,lbfgsb3c,90,ok,TRUE,TRUE,TRUE,TRUE,-4470.176788364012,2.8307402640322823,native,8,TRUE,TRUE,NA,FALSE,focei,"r,s",1,1,1,0,TRUE,20.835,414.43693685531616,53.05668044090271,488.32861729621885,52.78999999999999,0.10810343307809404,3,1,
80,5,ode,focei,lbfgsb3c,91,ok,TRUE,TRUE,TRUE,TRUE,-4427.580321668489,2.946932425799958,native,8,TRUE,TRUE,NA,FALSE,focei,"r,s",1,1,1,0,TRUE,20.269,186.1590931415558,51.30836772918701,257.7364608707428,50.49399999999999,0.19591329775154784,3,1,
80,5,ode,focei,lbfgsb3c,92,ok,TRUE,TRUE,TRUE,TRUE,-4433.813472116348,4.673681779459118,native,8,TRUE,TRUE,NA,FALSE,focei,"r,s",1,1,1,0,TRUE,19.533,187.00346660614014,50.72007656097412,257.2565431671143,50.242000000000004,0.19529921136879586,3,1,
80,5,ode,focei,lbfgsb3c,93,ok,TRUE,TRUE,TRUE,TRUE,-4459.903683295238,4.669346878922276,native,8,TRUE,TRUE,NA,FALSE,focei,"r,s",1,1,0,1,FALSE,15.603,172.0355727672577,47.91715383529663,235.55572660255433,47.650999999999996,0.2022918342392924,3,1,
80,5,ode,focei,lbfgsb3c,94,ok,TRUE,TRUE,TRUE,TRUE,-4357.291187807708,4.891236891317889,native,8,TRUE,TRUE,NA,FALSE,focei,"r,s",1,1,1,0,TRUE,27.263,320.5076138973236,51.54822015762329,399.3188340549469,51.184000000000005,0.12817827669244625,3,1,
80,5,ode,focei,lbfgsb3c,95,ok,TRUE,TRUE,TRUE,TRUE,-4477.648462130996,2.3668317553589766,native,8,TRUE,TRUE,NA,FALSE,focei,"r,s",1,1,1,0,TRUE,17.771,503.2025144100189,54.405478954315186,575.3789933643341,54.052,0.09394155960395636,3,1,
80,5,ode,focei,lbfgsb3c,96,ok,TRUE,TRUE,TRUE,TRUE,-4422.416339892987,4.506397162190176,native,8,TRUE,TRUE,NA,FALSE,focei,"r,s",1,1,1,0,TRUE,20.048,232.046231508255,48.5249342918396,300.6191658000946,47.914,0.15938438213836906,3,1,
80,5,ode,focei,lbfgsb3c,97,ok,TRUE,TRUE,TRUE,TRUE,-4522.947296136202,3.2669037223902033,native,8,TRUE,TRUE,NA,FALSE,focei,"r,s",1,1,1,0,TRUE,21.805,232.3689329624176,52.88196849822998,307.0559014606476,52.60000000000001,0.17130431217828668,3,1,
80,5,ode,focei,lbfgsb3c,98,ok,TRUE,TRUE,TRUE,TRUE,-4421.809989667857,3.7851072879717944,native,8,TRUE,TRUE,NA,FALSE,focei,"r,s",1,1,1,0,TRUE,22.816000000000003,219.25055170059204,48.63854789733887,290.70509959793094,48.196,0.16579000528941196,3,1,
80,5,ode,focei,lbfgsb3c,99,ok,TRUE,TRUE,TRUE,TRUE,-4457.4379040380645,3.3030437433661253,native,8,TRUE,TRUE,NA,FALSE,focei,"r,s",1,1,1,0,TRUE,17.563,232.5001983642578,53.454782485961914,303.5179808502197,51.737,0.17045777602721737,3,1,
80,5,ode,focei,lbfgsb3c,100,ok,TRUE,TRUE,TRUE,TRUE,-4432.095069334399,3.0129439176274575,native,8,TRUE,TRUE,NA,FALSE,focei,"r,s",1,1,1,0,TRUE,24.432000000000002,250.78234434127808,52.623175859451294,327.8375202007294,51.736,0.15780988084683814,3,1,
80,6,ode,focei,lbfgsb3c,1,ok,TRUE,TRUE,TRUE,TRUE,-4459.979618409467,6.851034666791856,native,8,TRUE,TRUE,NA,FALSE,focei,"r,s",2,2,2,0,TRUE,22.622999999999998,416.829243183136,61.63154983520508,501.08379301834105,60.775999999999996,0.12128909545030012,3,1,
80,6,ode,focei,lbfgsb3c,2,ok,TRUE,TRUE,TRUE,TRUE,-4415.0137187964165,9.607090928065523,native,8,TRUE,TRUE,NA,FALSE,focei,"r,s",2,2,1,1,FALSE,24.164,636.1286408901215,60.56224489212036,720.8548857822418,60.236999999999995,0.08356328185891852,3,1,
80,6,ode,focei,lbfgsb3c,3,ok,TRUE,TRUE,TRUE,TRUE,-4417.6058512822465,7.3066676498786665,native,8,TRUE,TRUE,NA,FALSE,focei,"r,s",1,2,1,0,FALSE,20.826,287.42785835266113,46.553733348846436,354.8075917015076,46.251,0.13035515891359511,3,1,
80,6,ode,focei,lbfgsb3c,4,ok,TRUE,TRUE,TRUE,TRUE,-4407.4354686223,7.577765551238915,native,8,TRUE,TRUE,NA,FALSE,focei,"r,s",2,2,2,0,TRUE,23.955,541.64331674575806,61.095133781433105,626.6934505271912,60.793,0.0970059603285455,3,1,
80,6,ode,focei,lbfgsb3c,5,ok,TRUE,TRUE,TRUE,TRUE,-4455.517086604318,112.98306134529446,native,8,TRUE,TRUE,NA,FALSE,focei,s,2,2,1,1,FALSE,24.204,504.9005310535431,34.27730131149292,563.381832365036,34,0.0603498338902241,3,1,
80,6,ode,focei,lbfgsb3c,6,ok,TRUE,TRUE,TRUE,TRUE,-4465.676194114934,7.123067658900975,native,27,TRUE,TRUE,NA,FALSE,focei,"r,s",3,2,2,1,FALSE,20.586,602.0688724517822,75.63096594810486,698.2858383998871,75.06599999999999,0.10750039005804951,3,1,
80,6,ode,focei,lbfgsb3c,7,ok,TRUE,TRUE,TRUE,TRUE,-4501.163864136967,9.113669754030552,native,8,TRUE,TRUE,NA,FALSE,focei,"r,s",2,2,1,1,FALSE,23.358000000000004,535.8091502189636,56.9788544178009,616.1460046367645,56.58800000000001,0.09184186795686558,3,1,
80,6,ode,focei,lbfgsb3c,8,ok,TRUE,TRUE,TRUE,TRUE,-4445.122694230077,5.012208064952853,native,8,TRUE,TRUE,NA,FALSE,focei,"r,s",2,2,2,0,TRUE,24.448999999999998,377.14885354042053,59.374839067459106,460.97269260787965,59.014,0.12802059850039638,3,1,
80,6,ode,focei,lbfgsb3c,9,ok,TRUE,TRUE,TRUE,TRUE,-4394.977732912501,7.617050922646396,native,8,TRUE,TRUE,NA,FALSE,focei,"r,s",3,2,2,1,FALSE,31.982,493.20710277557373,73.23670792579651,598.4258107013702,72.91499999999999,0.12184467764607573,3,1,
80,6,ode,focei,lbfgsb3c,10,ok,TRUE,TRUE,TRUE,TRUE,-4450.406921211613,6.346195198050889,native,8,TRUE,TRUE,NA,FALSE,focei,"r,s",2,2,2,0,TRUE,26.252000000000002,409.77905535697937,62.1014358997345,498.1324912567139,61.723,0.12390880154049395,3,1,
80,6,ode,focei,lbfgsb3c,11,ok,TRUE,TRUE,TRUE,TRUE,-4414.3761765381705,12.203119488030188,native,8,TRUE,TRUE,NA,FALSE,focei,s,3,2,1,2,FALSE,21.011,594.9979403018951,38.430007219314575,654.4389475212097,38.065,0.05816432555577134,3,1,
80,6,ode,focei,lbfgsb3c,12,ok,TRUE,TRUE,TRUE,TRUE,-4384.083731128266,3.03529623084646,native,8,TRUE,TRUE,NA,FALSE,focei,"r,s",1,2,1,0,FALSE,21.161,245.05373072624207,49.48816919326782,315.7028999195099,48.888000000000005,0.15485445338786644,3,1,
80,6,ode,focei,lbfgsb3c,13,ok,TRUE,TRUE,TRUE,TRUE,-4427.778972477849,6.6112800930633115,native,8,TRUE,TRUE,NA,FALSE,focei,"r,s",2,2,2,0,TRUE,22.119,380.90786147117615,60.46862006187439,463.49548153305057,60.00700000000001,0.12946620278049265,3,1,
80,6,ode,focei,lbfgsb3c,14,ok,TRUE,TRUE,TRUE,TRUE,-4365.093573092951,3.1703008815832394,native,27,TRUE,TRUE,NA,FALSE,focei,"r,s",1,2,1,0,FALSE,22.333000000000002,230.80118465423584,54.05684995651245,307.1910346107483,53.641,0.17461772628869277,3,1,
80,6,ode,focei,lbfgsb3c,15,ok,TRUE,TRUE,TRUE,TRUE,-4453.311851021476,9.925570992319294,native,8,TRUE,TRUE,NA,FALSE,focei,"r,s",2,2,2,0,TRUE,31.178000000000004,890.8658752441406,58.03166699409485,980.0755422382355,57.68000000000001,0.05885260626775158,3,1,
80,6,ode,focei,lbfgsb3c,16,ok,TRUE,TRUE,TRUE,TRUE,-4451.9537750836935,6.397018117448339,native,8,TRUE,TRUE,NA,FALSE,focei,"r,s",2,2,2,0,TRUE,28.526000000000003,449.74451971054077,59.6375892162323,537.908108926773,59.346,0.11032739424286861,3,1,
80,6,ode,focei,lbfgsb3c,17,ok,TRUE,TRUE,TRUE,TRUE,-4431.6827027371855,6.600334424140456,native,8,TRUE,TRUE,NA,FALSE,focei,"r,s",2,2,2,0,TRUE,17.398,439.1741201877594,58.014464378356934,514.5865845661164,57.647000000000006,0.11202585090438413,3,1,
80,6,ode,focei,lbfgsb3c,18,ok,TRUE,TRUE,TRUE,TRUE,-4442.630787229985,4.467817070010535,native,8,TRUE,TRUE,NA,FALSE,focei,"r,s",2,2,2,0,TRUE,27.034,449.1582636833191,56.9312846660614,533.1235483493805,56.63900000000001,0.10623991413502872,3,1,
80,6,ode,focei,lbfgsb3c,19,ok,TRUE,TRUE,TRUE,TRUE,-4429.574896046173,3.34012677071095,native,8,TRUE,TRUE,NA,FALSE,focei,"r,s",1,2,1,0,FALSE,21.236,326.67702865600586,50.79166102409363,398.7046896800995,50.13099999999999,0.1257346635180604,3,1,
80,6,ode,focei,lbfgsb3c,20,ok,TRUE,TRUE,TRUE,TRUE,-4409.030150681609,6.2598628677691535,native,8,TRUE,TRUE,NA,FALSE,focei,"r,s",2,2,1,1,FALSE,22.791999999999998,444.194899559021,54.5952353477478,521.5821349067688,54.330999999999996,0.10416576098740708,3,1,
80,6,ode,focei,lbfgsb3c,21,ok,TRUE,TRUE,TRUE,TRUE,-4411.821077590025,16.59360815121115,native,8,TRUE,TRUE,NA,FALSE,focei,"r,s",3,2,2,1,FALSE,20.884,574.5082352161407,68.65153193473816,664.0437671508789,68.353,0.10293448019740144,3,1,
80,6,ode,focei,lbfgsb3c,22,ok,TRUE,TRUE,TRUE,TRUE,-4442.790035494229,13.075014559210732,native,8,TRUE,TRUE,NA,FALSE,focei,"r,s",2,2,2,0,TRUE,21.775,423.8438022136688,56.57424020767212,502.1930424213409,56.299,0.11210629229061488,3,1,
80,6,ode,focei,lbfgsb3c,23,ok,TRUE,TRUE,TRUE,TRUE,-4486.759755219633,8.320163702469772,native,8,TRUE,TRUE,NA,FALSE,focei,"r,s",2,2,2,0,TRUE,21.952,439.67599415779114,57.603914737701416,519.2319088954926,57.282000000000004,0.11032064674501607,3,1,
80,6,ode,focei,lbfgsb3c,24,ok,TRUE,TRUE,TRUE,TRUE,-4485.127423451493,8.717129533788064,native,8,TRUE,TRUE,NA,FALSE,focei,"r,s",2,2,2,0,TRUE,23.447,405.62841796875,59.44758105278015,488.52299902153015,59.18200000000001,0.12114475698899847,3,1,
80,6,ode,focei,lbfgsb3c,25,ok,TRUE,TRUE,TRUE,TRUE,-4440.753283211144,9.165128064358873,native,8,TRUE,TRUE,NA,FALSE,focei,"r,s",2,2,2,0,TRUE,23.494,420.1296145915985,59.047205448150635,502.6708200397492,58.74699999999999,0.11686972399821123,3,1,
80,6,ode,focei,lbfgsb3c,26,ok,TRUE,TRUE,TRUE,TRUE,-4435.929309911264,5.984697466893028,native,8,TRUE,TRUE,NA,FALSE,focei,"r,s",2,2,2,0,TRUE,23.611,405.8990523815155,60.2050986289978,489.7151510105133,59.903,0.12232212925491862,3,1,
80,6,ode,focei,lbfgsb3c,27,ok,TRUE,TRUE,TRUE,TRUE,-4171.435924877035,472.50413401712825,native,27,TRUE,TRUE,NA,FALSE,focei,s,2,2,2,0,TRUE,25.146,394.2695894241333,25.14370107650757,444.5592905006409,24.971999999999998,0.05617248482621464,3,1,
80,6,ode,focei,lbfgsb3c,28,ok,TRUE,TRUE,TRUE,TRUE,-4470.32962555416,3.0613432214781438,native,8,TRUE,TRUE,NA,FALSE,focei,"r,s",2,2,1,1,FALSE,26.339,529.8970279693604,61.099074363708496,617.3351023330688,60.806999999999995,0.09849917778884537,3,1,
80,6,ode,focei,lbfgsb3c,29,ok,TRUE,TRUE,TRUE,TRUE,-4435.3520947135185,5.576565966406691,native,27,TRUE,TRUE,NA,FALSE,focei,"r,s",2,2,1,1,FALSE,28.590000000000003,428.4272999763489,60.88630533218384,517.9036053085327,60.541,0.11689627061764452,3,1,
80,6,ode,focei,lbfgsb3c,30,ok,TRUE,TRUE,TRUE,TRUE,-4484.88816447584,10.895375266078801,native,8,TRUE,TRUE,NA,FALSE,focei,"r,s",2,2,2,0,TRUE,27.692,800.0559272766113,57.231247425079346,884.9791747016907,56.873000000000005,0.0642647890772919,3,1,
80,6,ode,focei,lbfgsb3c,31,ok,TRUE,TRUE,TRUE,TRUE,-4488.653508531623,7.59590941469654,native,8,TRUE,TRUE,NA,FALSE,focei,"r,s",2,2,2,0,TRUE,27.102,441.96554040908813,59.86891961097717,528.9364600200653,59.543,0.11257117725963006,3,1,
80,6,ode,focei,lbfgsb3c,32,ok,TRUE,TRUE,TRUE,TRUE,-4462.184736665351,6.995596260752789,native,8,TRUE,TRUE,NA,FALSE,focei,"r,s",2,2,2,0,TRUE,25.888,719.9895071983337,68.31854271888733,814.1960499172211,67.97600000000001,0.08348849150878476,3,1,
80,6,ode,focei,lbfgsb3c,33,ok,TRUE,TRUE,TRUE,TRUE,-4433.870958838592,5.080050889450708,native,8,TRUE,TRUE,NA,FALSE,focei,s,2,2,1,1,FALSE,29.045999999999996,424.5037086009979,28.41934871673584,481.96905731773376,28.204,0.05851827948657452,3,1,
80,6,ode,focei,lbfgsb3c,34,ok,TRUE,TRUE,TRUE,TRUE,-4480.361195856187,5.4972268207880814,native,8,TRUE,TRUE,NA,FALSE,focei,"r,s",2,2,1,1,FALSE,35.256,445.571964263916,70.51605081558228,551.3440150794983,70.11299999999999,0.12716742738177794,3,1,
80,6,ode,focei,lbfgsb3c,35,ok,TRUE,TRUE,TRUE,TRUE,-4453.558083108928,9.209697139194684,native,8,TRUE,TRUE,NA,FALSE,focei,"r,s",2,2,2,0,TRUE,26.616999999999997,417.0473823547363,60.74174976348877,504.4061321182251,60.407000000000004,0.11975865508677346,3,1,
80,6,ode,focei,lbfgsb3c,36,ok,TRUE,TRUE,TRUE,TRUE,-4410.050957313185,9.422995594088112,native,8,TRUE,TRUE,NA,FALSE,focei,s,2,2,1,1,FALSE,24.865,411.6310865879059,37.84996509552002,474.3460516834259,37.611000000000004,0.07929021410955314,3,1,
80,6,ode,focei,lbfgsb3c,37,ok,TRUE,TRUE,TRUE,TRUE,-4379.510681429394,7.262153392049587,native,8,TRUE,TRUE,NA,FALSE,focei,"r,s",2,2,2,0,TRUE,25.209,415.11996507644653,59.122061014175415,499.45102609062195,58.830999999999996,0.11779132873245017,3,1,
80,6,ode,focei,lbfgsb3c,38,ok,TRUE,TRUE,TRUE,TRUE,-4414.714135261167,9.212169728470897,native,8,TRUE,TRUE,NA,FALSE,focei,"r,s",2,2,2,0,TRUE,24.997999999999998,463.09438490867615,60.31314158439636,548.4055264930726,59.943999999999996,0.1093059735982752,3,1,
80,6,ode,focei,lbfgsb3c,39,ok,TRUE,TRUE,TRUE,TRUE,-4491.007148641505,10.450653267011697,native,8,TRUE,TRUE,NA,FALSE,focei,"r,s",2,2,2,0,TRUE,20.724,416.69662737846375,60.26299428939819,497.6836216678619,59.85199999999999,0.12026114060057072,3,1,
80,6,ode,focei,lbfgsb3c,40,ok,TRUE,TRUE,TRUE,TRUE,-4378.826455132994,10.96453003964802,native,8,TRUE,TRUE,NA,FALSE,focei,"r,s",2,2,2,0,TRUE,24.091,393.29824781417847,62.2133846282959,479.6026324424744,61.86099999999999,0.12898386250500798,3,1,
80,6,ode,focei,lbfgsb3c,41,ok,TRUE,TRUE,TRUE,TRUE,-4386.91663734364,11.299300771911103,native,8,TRUE,TRUE,NA,FALSE,focei,"r,s",2,2,1,1,FALSE,23.333,398.44560265541077,56.408649921417236,478.187252576828,56.091,0.1172992372710482,3,1,
80,6,ode,focei,lbfgsb3c,42,ok,TRUE,TRUE,TRUE,TRUE,-4465.5349758882585,9.384400836857354,native,8,TRUE,TRUE,NA,FALSE,focei,"r,s",2,2,2,0,TRUE,29.793,379.2517583370209,60.745089292526245,469.7898476295471,60.089000000000006,0.12790612718260186,3,1,
80,6,ode,focei,lbfgsb3c,43,ok,TRUE,TRUE,TRUE,TRUE,-4385.834236228026,10.17919239075305,native,8,TRUE,TRUE,NA,FALSE,focei,"r,s",2,2,2,0,TRUE,30.070999999999998,416.4558491706848,58.465633153915405,504.99248232460025,58.005,0.1148630960464782,3,1,
80,6,ode,focei,lbfgsb3c,44,ok,TRUE,TRUE,TRUE,TRUE,-4510.07219086017,6.614936131627405,native,8,TRUE,TRUE,NA,FALSE,focei,"r,s",2,2,2,0,TRUE,20.901,399.37651443481445,59.5717670917511,479.84928152656556,58.725,0.12238217761455343,3,1,
80,6,ode,focei,lbfgsb3c,45,ok,TRUE,TRUE,TRUE,TRUE,-4468.257362693346,7.66912140367141,native,8,TRUE,TRUE,NA,FALSE,focei,"r,s",2,2,2,0,TRUE,20.6,373.5161225795746,59.19059920310974,453.30672178268435,58.888999999999996,0.12990983184280122,3,1,
80,6,ode,focei,lbfgsb3c,46,ok,TRUE,TRUE,TRUE,TRUE,-4422.724585422638,12.352695166907353,native,8,TRUE,TRUE,NA,FALSE,focei,"r,s",2,2,2,0,TRUE,18.066000000000003,395.75324153900146,61.149863958358765,474.96910549736026,60.879999999999995,0.1281767578045944,3,1,
80,6,ode,focei,lbfgsb3c,47,ok,TRUE,TRUE,TRUE,TRUE,-4437.024430295698,7.196329197548139,native,8,TRUE,TRUE,NA,FALSE,focei,"r,s",2,2,2,0,TRUE,22.878,379.28611731529236,60.51374387741089,462.67786119270323,60.251000000000005,0.1302223535067863,3,1,
80,6,ode,focei,lbfgsb3c,48,ok,TRUE,TRUE,TRUE,TRUE,-4473.877210377108,10.421010621555364,native,8,TRUE,TRUE,NA,FALSE,focei,"r,s",2,2,2,0,TRUE,20.663999999999998,397.4969742298126,61.6337890625,479.7947632923126,61.26599999999999,0.12769209813712365,3,1,
80,6,ode,focei,lbfgsb3c,49,ok,TRUE,TRUE,TRUE,TRUE,-4483.618810426343,5.8550087106311315,native,8,TRUE,TRUE,NA,FALSE,focei,"r,s",2,2,2,0,TRUE,22.442,390.43375873565674,56.18329668045044,469.0590554161072,55.784,0.11892745562819042,3,1,
80,6,ode,focei,lbfgsb3c,50,ok,TRUE,TRUE,TRUE,TRUE,-4451.16917246619,5.411388440533598,native,8,TRUE,TRUE,NA,FALSE,focei,"r,s",2,2,2,0,TRUE,18.176000000000002,408.9565544128418,58.5624041557312,485.694958568573,58.135,0.1196944686667819,3,1,
80,6,ode,focei,lbfgsb3c,51,ok,TRUE,TRUE,TRUE,TRUE,-4471.885928371034,7.916813780113707,native,8,TRUE,TRUE,NA,FALSE,focei,"r,s",3,2,2,1,FALSE,20.689999999999998,610.5748407840729,75.86366295814514,707.1285037422181,75.465,0.1067203479998744,3,1,
80,6,ode,focei,lbfgsb3c,52,ok,TRUE,TRUE,TRUE,TRUE,-4466.768433389062,6.448966333836767,native,8,TRUE,TRUE,NA,FALSE,focei,"r,s",4,2,2,2,FALSE,31.414,627.8925602436066,87.7662000656128,747.0727603092193,87.21799999999999,0.11674632597218478,3,1,
80,6,ode,focei,lbfgsb3c,53,ok,TRUE,TRUE,TRUE,TRUE,-4481.697169533705,9.169506125364293,native,8,TRUE,TRUE,NA,FALSE,focei,"r,s",2,2,2,0,TRUE,22.708,421.74137330055237,64.94426345825195,509.3936367588043,64.62799999999999,0.12687241327005636,3,1,
80,6,ode,focei,lbfgsb3c,54,ok,TRUE,TRUE,TRUE,TRUE,-4544.52520925572,7.95414664643846,native,27,TRUE,TRUE,NA,FALSE,focei,"r,s",2,2,2,0,TRUE,22.686,413.4586079120636,59.12486028671265,495.2694681987762,58.778,0.11867882793939857,3,1,
80,6,ode,focei,lbfgsb3c,55,ok,TRUE,TRUE,TRUE,TRUE,-4450.759452889945,6.01054594992042,native,8,TRUE,TRUE,NA,FALSE,focei,"r,s",2,2,2,0,TRUE,21.022000000000002,403.4634037017822,57.77391481399536,482.2593185157776,57.407000000000004,0.11903761689183799,3,1,
80,6,ode,focei,lbfgsb3c,56,ok,TRUE,TRUE,TRUE,TRUE,-4359.9501693873945,8.979824286520675,native,8,TRUE,TRUE,NA,FALSE,focei,"r,s",2,2,2,0,TRUE,23.201999999999998,526.3526110649109,59.0943443775177,608.6489554424286,58.657999999999994,0.09637410772743597,3,1,
80,6,ode,focei,lbfgsb3c,57,ok,TRUE,TRUE,TRUE,TRUE,-4540.526135587881,35.681801522596,native,8,TRUE,TRUE,NA,FALSE,focei,s,2,2,1,1,FALSE,22.768,417.4357705116272,36.49185228347778,476.695622795105,36.247,0.07603803825062562,3,1,
80,6,ode,focei,lbfgsb3c,58,ok,TRUE,TRUE,TRUE,TRUE,-4461.413700612807,8.131926575314198,native,8,TRUE,TRUE,NA,FALSE,focei,"r,s",2,2,2,0,TRUE,19.604,368.2578213214874,61.078805446624756,448.94062676811217,60.742000000000004,0.1353007421878408,3,1,
80,6,ode,focei,lbfgsb3c,59,ok,TRUE,TRUE,TRUE,TRUE,-4389.226095213507,3.6061520218293768,native,8,TRUE,TRUE,NA,FALSE,focei,"r,s",1,2,1,0,FALSE,19.201,223.3322937488556,50.46661186218262,292.99990561103823,49.51799999999999,0.16900346741318023,3,1,
80,6,ode,focei,lbfgsb3c,60,ok,TRUE,TRUE,TRUE,TRUE,-4423.370078029594,5.80290967100453,native,8,TRUE,TRUE,NA,FALSE,focei,s,2,2,1,1,FALSE,17.285,565.9683632850647,32.684444189071655,615.9378074741363,32.471999999999994,0.05271960838572735,3,1,
80,6,ode,focei,lbfgsb3c,61,ok,TRUE,TRUE,TRUE,TRUE,-4445.949106172108,9.057200299741071,native,8,TRUE,TRUE,NA,FALSE,focei,"r,s",2,2,2,0,TRUE,32.988,437.5845556259155,60.78639268875122,531.3589483146668,60.143,0.11318714061513041,3,1,
80,6,ode,focei,lbfgsb3c,62,ok,TRUE,TRUE,TRUE,TRUE,-4491.2057070346245,7.176553667194589,native,8,TRUE,TRUE,NA,FALSE,focei,"r,s",2,2,2,0,TRUE,32.347,402.0923442840576,61.228654861450195,495.6679991455078,60.80800000000001,0.12267889011360056,3,1,
80,6,ode,focei,lbfgsb3c,63,ok,TRUE,TRUE,TRUE,TRUE,-4416.553617734094,8.994274565338731,native,8,TRUE,TRUE,NA,FALSE,focei,"r,s",2,2,2,0,TRUE,21.325000000000003,461.55288648605347,58.6903600692749,541.5682465553284,58.297000000000004,0.10764478968403512,3,1,
80,6,ode,focei,lbfgsb3c,64,ok,TRUE,TRUE,TRUE,TRUE,-4405.750776314021,8.583914173341295,native,8,TRUE,TRUE,NA,FALSE,focei,"r,s",3,2,2,1,FALSE,21.167,721.7323117256165,69.61966729164124,812.5189790172577,69.23100000000001,0.0852053943204317,3,1,
80,6,ode,focei,lbfgsb3c,65,ok,TRUE,TRUE,TRUE,TRUE,-4440.358948860989,8.56024690625382,native,8,TRUE,TRUE,NA,FALSE,focei,"r,s",2,2,2,0,TRUE,21.642,392.58748745918274,58.45846629142761,472.68795375061035,58.08200000000001,0.1228759894114924,3,1,
80,6,ode,focei,lbfgsb3c,66,ok,TRUE,TRUE,TRUE,TRUE,-4533.080084973157,9.223338325955945,native,8,TRUE,TRUE,NA,FALSE,focei,"r,s",2,2,2,0,TRUE,21.787,415.70063614845276,57.385321378707886,494.8729575271606,56.89300000000001,0.11496485943440846,3,1,
80,6,ode,focei,lbfgsb3c,67,ok,TRUE,TRUE,TRUE,TRUE,-4435.882713986104,10.562996731609754,native,8,TRUE,TRUE,NA,FALSE,focei,s,2,2,1,1,FALSE,21.711000000000002,447.7831254005432,34.73973774909973,504.23386314964296,34.227999999999994,0.06788120057268357,3,1,
80,6,ode,focei,lbfgsb3c,68,ok,TRUE,TRUE,TRUE,TRUE,-4476.9070000250385,8.691771772778097,native,8,TRUE,TRUE,NA,FALSE,focei,"r,s",2,2,1,1,FALSE,17.928,479.1110429763794,56.812355518341064,553.8513984947205,56.30199999999999,0.10165542626238704,3,1,
80,6,ode,focei,lbfgsb3c,69,ok,TRUE,TRUE,TRUE,TRUE,-4438.355989390742,15.673314384816372,native,8,TRUE,TRUE,NA,FALSE,focei,"r,s",2,2,2,0,TRUE,19.522,445.27214217185974,59.61113238334656,524.4052745552063,59.22299999999999,0.11293364669192575,3,1,
80,6,ode,focei,lbfgsb3c,70,ok,TRUE,TRUE,TRUE,TRUE,-4431.957226434929,8.537902410861127,native,8,TRUE,TRUE,NA,FALSE,focei,"r,s",2,2,2,0,TRUE,22.019000000000002,443.929646730423,59.08302402496338,525.0316707553864,58.723,0.11184658616024556,3,1,
80,6,ode,focei,lbfgsb3c,71,ok,TRUE,TRUE,TRUE,TRUE,-4448.606070474206,7.408561169941732,native,8,TRUE,TRUE,NA,FALSE,focei,"r,s",2,2,2,0,TRUE,20.242,618.5178685188293,56.31234383583069,695.07221235466,55.727,0.08017440347847676,3,1,
80,6,ode,focei,lbfgsb3c,72,ok,TRUE,TRUE,TRUE,TRUE,-4473.642052226012,5.995730227590863,native,8,TRUE,TRUE,NA,FALSE,focei,"r,s",2,2,2,0,TRUE,20.857999999999997,406.4217834472656,60.30344486236572,487.58322830963135,59.604,0.12224374535325383,3,1,
80,6,ode,focei,lbfgsb3c,73,ok,TRUE,TRUE,TRUE,TRUE,-4484.45067772451,9.184441598689514,native,8,TRUE,TRUE,NA,FALSE,focei,"r,s",2,2,2,0,TRUE,18.565,448.8264989852905,58.847527742385864,526.2390267276764,58.119,0.11044220790959317,3,1,
80,6,ode,focei,lbfgsb3c,74,ok,TRUE,TRUE,TRUE,TRUE,-4505.771243344676,7.1653901090956245,native,8,TRUE,TRUE,NA,FALSE,focei,"r,s",2,2,2,0,TRUE,18.778,578.2010650634766,59.76884579658508,656.7479108600617,59.339,0.09035278075310668,3,1,
80,6,ode,focei,lbfgsb3c,75,ok,TRUE,TRUE,TRUE,TRUE,-4422.767201022371,8.238995841889547,native,8,TRUE,TRUE,NA,FALSE,focei,"r,s",2,2,2,0,TRUE,19.647000000000002,446.1018340587616,58.34248471260071,524.0913187713624,57.067,0.10888751245447702,3,1,
80,6,ode,focei,lbfgsb3c,76,ok,TRUE,TRUE,TRUE,TRUE,-4399.081415260434,7.149868099286603,native,8,TRUE,TRUE,NA,FALSE,focei,"r,s",2,2,2,0,TRUE,19.576,451.8163859844208,58.9933717250824,530.3857577095032,58.663000000000004,0.11060440282812087,3,1,
80,6,ode,focei,lbfgsb3c,77,ok,TRUE,TRUE,TRUE,TRUE,-4461.868485457067,7.410707802267213,native,8,TRUE,TRUE,NA,FALSE,focei,"r,s",2,2,2,0,TRUE,19.293,491.19569087028503,59.47098731994629,569.9596781902313,59.052000000000014,0.10360732918424215,3,1,
80,6,ode,focei,lbfgsb3c,78,ok,TRUE,TRUE,TRUE,TRUE,-4421.99133282085,6.926341600085531,native,8,TRUE,TRUE,NA,FALSE,focei,"r,s",2,2,2,0,TRUE,17.477,827.2332971096039,60.271538734436035,904.9818358440399,59.891,0.06617922882854559,3,1,
80,6,ode,focei,lbfgsb3c,79,ok,TRUE,TRUE,TRUE,TRUE,-4491.6539236094195,7.451011166189237,native,8,TRUE,TRUE,NA,FALSE,focei,"r,s",2,2,2,0,TRUE,18.503,613.9268510341644,59.10408139228821,691.5339324264527,58.734,0.0849329255527842,3,1,
80,6,ode,focei,lbfgsb3c,80,ok,TRUE,TRUE,TRUE,TRUE,-4475.515534485803,15.704279403853944,native,8,TRUE,TRUE,NA,FALSE,focei,"r,s",2,2,1,1,FALSE,25.648,500.1205224990845,59.751307010650635,585.5198295097351,59.369,0.10139537041761777,3,1,
80,6,ode,focei,lbfgsb3c,81,ok,TRUE,TRUE,TRUE,TRUE,-4469.47931174341,7.034079831051237,native,8,TRUE,TRUE,NA,FALSE,focei,"r,s",2,2,2,0,TRUE,25.665,612.3048374652863,55.50894093513489,693.4787784004211,55.146,0.07952081839793256,3,1,
80,6,ode,focei,lbfgsb3c,82,ok,TRUE,TRUE,TRUE,TRUE,-4398.960624650613,5.41735629465123,native,8,TRUE,TRUE,NA,FALSE,focei,"r,s",2,2,1,1,FALSE,20.678,650.2009479999542,59.238003969192505,730.1169519691467,58.75900000000001,0.08047888744608007,3,1,
80,6,ode,focei,lbfgsb3c,83,ok,TRUE,TRUE,TRUE,TRUE,-4465.411350746811,6.086145551361513,native,8,TRUE,TRUE,NA,FALSE,focei,"r,s",2,2,2,0,TRUE,29.166000000000004,469.0392813682556,58.35297727584839,556.5582586441041,57.647999999999996,0.10357945301259738,3,1,
80,6,ode,focei,lbfgsb3c,84,ok,TRUE,TRUE,TRUE,TRUE,-4438.416733425489,11.907043730042055,native,8,TRUE,TRUE,NA,FALSE,focei,"r,s",2,2,2,0,TRUE,25.311999999999998,432.97614097595215,58.53826189041138,516.8264028663635,58.19299999999999,0.11259680170605957,3,1,
80,6,ode,focei,lbfgsb3c,85,ok,TRUE,TRUE,TRUE,TRUE,-4451.217206056326,5.231569734380119,native,8,TRUE,TRUE,NA,FALSE,focei,"r,s",2,2,2,0,TRUE,19.032,405.52226066589355,57.58215260505676,482.1364132709503,57.204,0.11864691905743402,3,1,
80,6,ode,focei,lbfgsb3c,86,ok,TRUE,TRUE,TRUE,TRUE,-4494.901627916221,8.296343179494558,native,8,TRUE,TRUE,NA,FALSE,focei,"r,s",2,2,2,0,TRUE,21.521,578.7385234832764,59.690208435058594,659.9497319183349,59.370000000000005,0.08996139725282395,3,1,
80,6,ode,focei,lbfgsb3c,87,ok,TRUE,TRUE,TRUE,TRUE,-4424.706359903343,6.623852442613832,native,8,TRUE,TRUE,NA,FALSE,focei,s,2,2,1,1,FALSE,21.391000000000002,951.1883971691132,31.95580554008484,1004.535202709198,31.725000000000005,0.03158177026991064,3,1,
80,6,ode,focei,lbfgsb3c,88,ok,TRUE,TRUE,TRUE,TRUE,-4419.561368209281,6.057984938955924,native,8,TRUE,TRUE,NA,FALSE,focei,"r,s",2,2,2,0,TRUE,21.887999999999998,383.6339147090912,59.28728199005127,464.80919669914243,58.82999999999999,0.1265680636652268,3,1,
80,6,ode,focei,lbfgsb3c,89,ok,TRUE,TRUE,TRUE,TRUE,-4446.060556566762,7.93697261502401,native,8,TRUE,TRUE,NA,FALSE,focei,"r,s",2,2,2,0,TRUE,21.245,392.36578917503357,58.904746532440186,472.51553570747376,58.608,0.12403401702390417,3,1,
80,6,ode,focei,lbfgsb3c,90,ok,TRUE,TRUE,TRUE,TRUE,-4450.844511861153,5.314875335674867,native,8,TRUE,TRUE,NA,FALSE,focei,"r,s",2,2,2,0,TRUE,21.132,575.9826331138611,57.023807525634766,654.1384406394958,56.74999999999999,0.0867553356817256,3,1,
80,6,ode,focei,lbfgsb3c,91,ok,TRUE,TRUE,TRUE,TRUE,-4387.8913994270115,8.426437675150295,native,8,TRUE,TRUE,NA,FALSE,focei,"r,s",2,2,2,0,TRUE,25.764,486.14186000823975,60.60529446601868,572.5111544742584,60.271,0.10527480474218417,3,1,
80,6,ode,focei,lbfgsb3c,92,ok,TRUE,TRUE,TRUE,TRUE,-4407.292897527033,7.320943282501368,native,8,TRUE,TRUE,NA,FALSE,focei,"r,s",2,2,2,0,TRUE,21.567,409.98319935798645,57.537837266922,489.08803662490845,57.08800000000001,0.11672336210460603,3,1,
80,6,ode,focei,lbfgsb3c,93,ok,TRUE,TRUE,TRUE,TRUE,-4434.947484616854,9.567414509398773,native,8,TRUE,TRUE,NA,FALSE,focei,"r,s",3,2,2,1,FALSE,18.87,663.787544965744,73.03987097740173,755.6974159431458,72.593,0.09606093453343431,3,1,
80,6,ode,focei,lbfgsb3c,94,ok,TRUE,TRUE,TRUE,TRUE,-4529.0982941700995,6.825865189159875,native,8,TRUE,TRUE,NA,FALSE,focei,"r,s",2,2,2,0,TRUE,20.532000000000004,386.468624830246,64.83107542991638,471.83170026016234,64.406,0.13650206199474793,3,1,
80,6,ode,focei,lbfgsb3c,95,ok,TRUE,TRUE,TRUE,TRUE,-4487.841841320504,6.714842973756543,native,8,TRUE,TRUE,NA,FALSE,focei,"r,s",3,2,2,1,FALSE,22.458,534.9459848403931,72.33183670043945,629.7358215408325,71.97999999999999,0.11430189857054647,3,1,
80,6,ode,focei,lbfgsb3c,96,ok,TRUE,TRUE,TRUE,TRUE,-4388.728313973615,11.225728145791717,native,8,TRUE,TRUE,NA,FALSE,focei,"r,s",2,2,2,0,TRUE,19.281000000000002,533.6881272792816,58.606035232543945,611.5751625118255,58.357,0.09542081427950665,3,1,
80,6,ode,focei,lbfgsb3c,97,ok,TRUE,TRUE,TRUE,TRUE,-4404.487573237317,8.95383406816572,native,8,TRUE,TRUE,NA,FALSE,focei,"r,s",2,2,2,0,TRUE,21.502000000000002,533.8249824047089,59.49335217475891,614.8203345794677,59.099000000000004,0.09612401652333645,3,1,
80,6,ode,focei,lbfgsb3c,98,ok,TRUE,TRUE,TRUE,TRUE,-4419.796537026059,4.479912086890719,native,8,TRUE,TRUE,NA,FALSE,focei,"r,s",2,2,2,0,TRUE,27.688000000000002,454.14769220352173,60.57084918022156,542.4065413837433,60.289,0.11115094564714435,3,1,
80,6,ode,focei,lbfgsb3c,99,ok,TRUE,TRUE,TRUE,TRUE,-4411.9085816088855,8.12545861951085,native,8,TRUE,TRUE,NA,FALSE,focei,"r,s",2,2,2,0,TRUE,21.821,418.2897198200226,60.24855089187622,500.35927071189883,59.861,0.11963603655195844,3,1,
80,6,ode,focei,lbfgsb3c,100,ok,TRUE,TRUE,TRUE,TRUE,-4487.706030184776,6.906151866397418,native,8,TRUE,TRUE,NA,FALSE,focei,"r,s",2,2,2,0,TRUE,24.767,375.98412799835205,63.283605098724365,464.0347330970764,62.852,0.13544675757461308,3,1,
80,7,ode,focei,lbfgsb3c,1,ok,TRUE,TRUE,TRUE,TRUE,-4432.091441501892,4.098739636745405,native,8,TRUE,TRUE,NA,FALSE,focei,"r,s",2,2,2,0,TRUE,20.507,310.532194852829,67.13181638717651,398.1710112400055,66.632,0.16734518113835326,3,1,
80,7,ode,focei,lbfgsb3c,2,ok,TRUE,TRUE,TRUE,TRUE,-4435.59393718418,5.011252411072822,native,8,TRUE,TRUE,NA,FALSE,focei,"r,s",2,2,2,0,TRUE,19.605,532.3813917636871,62.29656624794006,614.2829580116272,61.251,0.09971137763330337,3,1,
80,7,ode,focei,lbfgsb3c,3,ok,TRUE,TRUE,TRUE,TRUE,-4515.095730488974,6.624240596676681,native,8,TRUE,TRUE,NA,FALSE,focei,"r,s",2,2,2,0,TRUE,18.759,484.2968587875366,66.57479119300842,569.6306499805451,65.88499999999999,0.11566266668103306,3,1,
80,7,ode,focei,lbfgsb3c,4,ok,TRUE,TRUE,TRUE,TRUE,-4453.620491293348,5.989523435705211,native,8,TRUE,TRUE,NA,FALSE,focei,"r,s",2,2,2,0,TRUE,20.096,380.3176393508911,56.6031596660614,457.0167990169525,56.288,0.12316396272757592,3,1,
80,7,ode,focei,lbfgsb3c,5,ok,TRUE,TRUE,TRUE,TRUE,-4551.14215402482,7.246092363058061,native,8,TRUE,TRUE,NA,FALSE,focei,"r,s",2,2,1,1,FALSE,17.895,453.81440472602844,59.52298188209534,531.2323866081238,59.126000000000005,0.11129969009893162,3,1,
80,7,ode,focei,lbfgsb3c,6,ok,TRUE,TRUE,TRUE,TRUE,-4412.223654199667,5.467470608154288,native,8,TRUE,TRUE,NA,FALSE,focei,"r,s",2,2,2,0,TRUE,23.273,408.3535780906677,62.691388845443726,494.3179669361115,62.397999999999996,0.1262304916545036,3,1,
80,7,ode,focei,lbfgsb3c,7,ok,TRUE,TRUE,TRUE,TRUE,-4465.724710671889,64.40790618734313,native,8,TRUE,TRUE,NA,FALSE,focei,s,3,2,1,2,FALSE,23.122,591.2896931171417,48.74324631690979,663.1549394340515,48.47200000000001,0.07309302414510686,3,1,
80,7,ode,focei,lbfgsb3c,8,ok,TRUE,TRUE,TRUE,TRUE,-4425.6480419255,4.9828563891605135,native,8,TRUE,TRUE,NA,FALSE,focei,"r,s",2,2,1,1,FALSE,21.21,396.57435727119446,59.77512001991272,477.55947729110716,59.508,0.12460856255549832,3,1,
80,7,ode,focei,lbfgsb3c,9,ok,TRUE,TRUE,TRUE,TRUE,-4460.1566625868445,6.596949160012806,native,8,TRUE,TRUE,NA,FALSE,focei,"r,s",2,2,2,0,TRUE,24.506999999999998,389.5611078739166,64.60433435440063,478.67244222831727,64.19599999999998,0.13411258793415093,3,1,
80,7,ode,focei,lbfgsb3c,10,ok,TRUE,TRUE,TRUE,TRUE,-4455.506325488797,3.979509348800163,native,8,TRUE,TRUE,NA,FALSE,focei,"r,s",2,2,2,0,TRUE,19.307,568.8106970787048,67.27880620956421,655.3965032882691,66.974,0.10218852200763454,3,1,
80,7,ode,focei,lbfgsb3c,11,ok,TRUE,TRUE,TRUE,TRUE,-4500.052035199788,8.50745467006627,native,8,TRUE,TRUE,NA,FALSE,focei,"r,s",3,2,1,2,FALSE,19.389,623.3251736164093,77.7493371963501,720.4635108127594,77.423,0.10746276367648186,3,1,
80,7,ode,focei,lbfgsb3c,12,ok,TRUE,TRUE,TRUE,TRUE,-4372.879531432676,3.0673823287008495,native,8,TRUE,TRUE,NA,FALSE,focei,"r,s",2,2,1,1,FALSE,21.833,539.7603106498718,62.655853509902954,624.2491641597748,62.288000000000004,0.09978067024541112,3,1,
80,7,ode,focei,lbfgsb3c,13,ok,TRUE,TRUE,TRUE,TRUE,-4440.930574100703,5.737541589403015,native,8,TRUE,TRUE,NA,FALSE,focei,"r,s",3,2,2,1,FALSE,19.818,514.5960702896118,76.04839396476746,610.4624642543793,75.58300000000001,0.12381269025658657,3,1,
80,7,ode,focei,lbfgsb3c,14,ok,TRUE,TRUE,TRUE,TRUE,-4426.703276289705,4.952328793832189,native,8,TRUE,TRUE,NA,FALSE,focei,"r,s",2,2,2,0,TRUE,19.254,393.9615557193756,62.52949023246765,475.7450459518433,62.24399999999999,0.13083478331438173,3,1,
80,7,ode,focei,lbfgsb3c,15,ok,TRUE,TRUE,TRUE,TRUE,-4409.581036918837,3.4932352819568915,native,8,TRUE,TRUE,NA,FALSE,focei,"r,s",2,2,1,1,FALSE,18.421,557.8502097129822,63.43036508560181,639.701574798584,62.733000000000004,0.09806603965255528,3,1,
80,7,ode,focei,lbfgsb3c,16,ok,TRUE,TRUE,TRUE,TRUE,-4430.731886155386,4.016901852022759,native,8,TRUE,TRUE,NA,FALSE,focei,"r,s",2,2,2,0,TRUE,19.103,404.2533097267151,62.40691375732422,485.7632234840393,61.925999999999995,0.12748186154531868,3,1,
80,7,ode,focei,lbfgsb3c,17,ok,TRUE,TRUE,TRUE,TRUE,-4383.699858857652,15.793564542535112,native,8,TRUE,TRUE,NA,FALSE,focei,"r,s",3,2,1,2,FALSE,21.861,695.7965278625488,77.7184464931488,795.3759743556976,77.20599999999999,0.09706855938481357,3,1,
80,7,ode,focei,lbfgsb3c,18,ok,TRUE,TRUE,TRUE,TRUE,-4429.264899909315,7.041862715770491,native,8,TRUE,TRUE,NA,FALSE,focei,"r,s",2,2,2,0,TRUE,27.03,364.46000146865845,67.25872421264648,458.7487256813049,66.872,0.14577043216999871,3,1,
80,7,ode,focei,lbfgsb3c,19,ok,TRUE,TRUE,TRUE,TRUE,-4501.645400908374,3.4828706699281167,native,8,TRUE,TRUE,NA,FALSE,focei,"r,s",2,2,2,0,TRUE,21.147,444.41900300979614,64.61361479759216,530.1796178073884,63.672,0.12009514862778395,3,1,
80,7,ode,focei,lbfgsb3c,20,ok,TRUE,TRUE,TRUE,TRUE,-4395.530665376773,3.419040121436088,native,8,TRUE,TRUE,NA,FALSE,focei,"r,s",2,2,2,0,TRUE,20.776000000000003,445.8222692012787,62.54840970039368,529.1466789016723,62.048,0.11726049217353202,3,1,
80,7,ode,focei,lbfgsb3c,21,ok,TRUE,TRUE,TRUE,TRUE,-4372.478545462498,5.682822730556828,native,8,TRUE,TRUE,NA,FALSE,focei,"r,s",2,2,1,1,FALSE,21.314,478.5129871368408,59.33629083633423,559.163277973175,58.757999999999996,0.10508200791186223,3,1,
80,7,ode,focei,lbfgsb3c,22,ok,TRUE,TRUE,TRUE,TRUE,-4417.292161444595,4.535785500076728,native,27,TRUE,TRUE,NA,FALSE,focei,"r,s",2,2,2,0,TRUE,19.901,592.0568988323212,69.04007148742676,680.9979703197479,68.45400000000001,0.10052012338283316,3,1,
80,7,ode,focei,lbfgsb3c,23,ok,TRUE,TRUE,TRUE,TRUE,-4481.329315759387,6.440169572649716,native,8,TRUE,TRUE,NA,FALSE,focei,"r,s",3,2,2,1,FALSE,23.005000000000003,585.1454377174377,73.116363525390625,681.2668012428284,72.66,0.10665425038684855,3,1,
80,7,ode,focei,lbfgsb3c,24,ok,TRUE,TRUE,TRUE,TRUE,-4493.2262483292425,5.906051043818463,native,8,TRUE,TRUE,NA,FALSE,focei,"r,s",2,2,2,0,TRUE,23.745,407.5624921321869,64.00763058662415,495.31512271881104,63.62799999999999,0.12845963525349785,3,1,
80,7,ode,focei,lbfgsb3c,25,ok,TRUE,TRUE,TRUE,TRUE,-4480.755507358377,3.797026982992861,native,8,TRUE,TRUE,NA,FALSE,focei,"r,s",2,2,1,1,FALSE,19.07,375.3441472053528,61.253549098968506,455.6676963043213,60.800000000000004,0.1334305690157905,3,1,
80,7,ode,focei,lbfgsb3c,26,ok,TRUE,TRUE,TRUE,TRUE,-4491.78108052563,487.9522209378148,native,8,TRUE,TRUE,NA,FALSE,focei,s,2,2,1,1,FALSE,19.21,593.313764333725,34.08844590187073,646.6122102355957,33.657999999999994,0.05205283702845105,3,1,
80,7,ode,focei,lbfgsb3c,27,ok,TRUE,TRUE,TRUE,TRUE,-4443.272363735608,3.8153925075631694,native,8,TRUE,TRUE,NA,FALSE,focei,"r,s",2,2,2,0,TRUE,24.351,395.9638900756836,61.381590843200684,481.6964809188843,60.85600000000001,0.12633681666910063,3,1,
80,7,ode,focei,lbfgsb3c,28,ok,TRUE,TRUE,TRUE,TRUE,-4412.284527006913,4.134012076962843,native,8,TRUE,TRUE,NA,FALSE,focei,"r,s",2,2,0,2,FALSE,25.313000000000002,636.3532004356384,63.03988242149353,724.706082857132,62.428000000000004,0.08614250863450669,3,1,
80,7,ode,focei,lbfgsb3c,29,ok,TRUE,TRUE,TRUE,TRUE,-4458.367161353782,3.466972485334016,native,8,TRUE,TRUE,NA,FALSE,focei,"r,s",2,2,2,0,TRUE,26.32,443.64315938949585,63.28082537651062,533.2439847660065,62.926,0.11800601937893897,3,1,
80,7,ode,focei,lbfgsb3c,30,ok,TRUE,TRUE,TRUE,TRUE,-4422.580594846797,7.74450043633676,native,8,TRUE,TRUE,NA,FALSE,focei,"r,s",2,2,1,1,FALSE,24.643,680.5194520950317,60.3664710521698,765.5289231472016,60,0.07837718234515713,3,1,
80,7,ode,focei,lbfgsb3c,31,ok,TRUE,TRUE,TRUE,TRUE,-4511.135991904822,6.049422063548781,native,8,TRUE,TRUE,NA,FALSE,focei,"r,s",2,2,2,0,TRUE,21.088,425.5554313659668,62.34462237358093,508.98805373954775,61.971000000000004,0.12175334871751418,3,1,
80,7,ode,focei,lbfgsb3c,32,ok,TRUE,TRUE,TRUE,TRUE,-4394.8103817281635,4.874197125312174,native,8,TRUE,TRUE,NA,FALSE,focei,"r,s",2,2,2,0,TRUE,26.721000000000004,415.1615114212036,64.20778632164001,506.09029774284363,63.812999999999995,0.12609014692556877,3,1,
80,7,ode,focei,lbfgsb3c,33,ok,TRUE,TRUE,TRUE,TRUE,-4448.181352152021,3.551836244208052,native,8,TRUE,TRUE,NA,FALSE,focei,"r,s",2,2,1,1,FALSE,22.688000000000002,446.2442240715027,59.47045040130615,528.4026744728088,59.044000000000004,0.11174053965360534,3,1,
80,7,ode,focei,lbfgsb3c,34,ok,TRUE,TRUE,TRUE,TRUE,-4423.480087831971,3.273752031366648,native,8,TRUE,TRUE,NA,FALSE,focei,"r,s",2,2,2,0,TRUE,23.065,554.804655790329,64.49433612823486,642.3639919185639,64.084,0.09976275259234066,3,1,
80,7,ode,focei,lbfgsb3c,35,ok,TRUE,TRUE,TRUE,TRUE,-4471.649890449477,3.3018544960041636,native,8,TRUE,TRUE,NA,FALSE,focei,s,2,2,1,1,FALSE,23.787,394.5128574371338,38.80028676986694,457.1001442070007,38.491,0.0842069303364059,3,1,
80,7,ode,focei,lbfgsb3c,36,ok,TRUE,TRUE,TRUE,TRUE,-4455.208421709332,3.661089279506873,native,8,TRUE,TRUE,NA,FALSE,focei,"r,s",2,2,2,0,TRUE,23.788,377.4795289039612,57.69229221343994,458.95982111740113,57.30599999999999,0.12486060296189024,3,1,
80,7,ode,focei,lbfgsb3c,37,ok,TRUE,TRUE,TRUE,TRUE,-4464.69707718463,4.478171716221924,native,8,TRUE,TRUE,NA,FALSE,focei,"r,s",2,2,2,0,TRUE,28.441,640.2355406284332,60.713879108428955,729.3904197368622,60.308,0.08268274214755515,3,1,
80,7,ode,focei,lbfgsb3c,38,ok,TRUE,TRUE,TRUE,TRUE,-4429.17431751072,5.479688515926347,native,8,TRUE,TRUE,NA,FALSE,focei,"r,s",2,2,2,0,TRUE,24.186,420.61407113075256,63.02511429786682,507.82518542861936,62.711000000000006,0.1234893459391347,3,1,
80,7,ode,focei,lbfgsb3c,39,ok,TRUE,TRUE,TRUE,TRUE,-4475.331372584098,7.488220890991915,native,8,TRUE,TRUE,NA,FALSE,focei,"r,s",2,2,2,0,TRUE,22.474,403.3153235912323,62.21474885940552,488.0040724506378,61.763000000000005,0.12656246840285826,3,1,
80,7,ode,focei,lbfgsb3c,40,ok,TRUE,TRUE,TRUE,TRUE,-4401.042282694855,4.075131079722097,native,27,TRUE,TRUE,NA,FALSE,focei,"r,s",2,2,1,1,FALSE,27.627000000000002,441.1518042087555,67.4015166759491,536.1803208847045,67.04400000000001,0.12504002364237563,3,1,
80,7,ode,focei,lbfgsb3c,41,ok,TRUE,TRUE,TRUE,TRUE,-4435.344578492779,6.730569649134462,native,8,TRUE,TRUE,NA,FALSE,focei,"r,s",2,2,1,1,FALSE,26.588,412.4368894100189,58.000632762908936,497.0255221729279,57.66899999999999,0.11602824689540886,3,1,
80,7,ode,focei,lbfgsb3c,42,ok,TRUE,TRUE,TRUE,TRUE,-4434.591522464053,9.073830330504283,native,8,TRUE,TRUE,NA,FALSE,focei,"r,s",2,2,2,0,TRUE,26.448,590.182196855545,58.110206604003906,674.7404034595489,57.729,0.08555734872850383,3,1,
80,7,ode,focei,lbfgsb3c,43,ok,TRUE,TRUE,TRUE,TRUE,-4376.6415054759045,6.229931304631794,native,8,TRUE,TRUE,NA,FALSE,focei,"r,s",3,2,1,2,FALSE,26.197000000000003,564.4673266410828,75.04162645339966,665.7059530944824,74.472,0.11186921140455885,3,1,
80,7,ode,focei,lbfgsb3c,44,ok,TRUE,TRUE,TRUE,TRUE,-4447.291221872362,4.0787609998798855,native,8,TRUE,TRUE,NA,FALSE,focei,"r,s",2,2,2,0,TRUE,23.673000000000002,446.98741245269775,61.18792748451233,531.8483399372101,60.831,0.11437659090405679,3,1,
80,7,ode,focei,lbfgsb3c,45,ok,TRUE,TRUE,TRUE,TRUE,-4478.235176649227,7.266071647694568,native,8,TRUE,TRUE,NA,FALSE,focei,"r,s",2,2,2,0,TRUE,25.213,434.0714156627655,62.34188151359558,521.626297176361,62.05,0.11895489229719756,3,1,
80,7,ode,focei,lbfgsb3c,46,ok,TRUE,TRUE,TRUE,TRUE,-4415.61381963354,4.15397812457658,native,8,TRUE,TRUE,NA,FALSE,focei,"r,s",2,2,2,0,TRUE,28.452,419.35062885284424,60.3542423248291,508.15687117767334,59.946999999999996,0.11796947635691807,3,1,
80,7,ode,focei,lbfgsb3c,47,ok,TRUE,TRUE,TRUE,TRUE,-4441.485773628794,3.913854395916855,native,8,TRUE,TRUE,NA,FALSE,focei,"r,s",2,2,2,0,TRUE,23.612,427.5330801010132,59.553223848342896,510.6983039493561,59.108000000000004,0.11573956589027855,3,1,
80,7,ode,focei,lbfgsb3c,48,ok,TRUE,TRUE,TRUE,TRUE,-4482.418738916568,7.616388888226418,native,8,TRUE,TRUE,NA,FALSE,focei,"r,s",2,2,2,0,TRUE,27.839,473.51352763175964,61.388983726501465,562.741511358261,60.87799999999999,0.10818110761557613,3,1,
80,7,ode,focei,lbfgsb3c,49,ok,TRUE,TRUE,TRUE,TRUE,-4412.894799166829,5.528814015617133,native,8,TRUE,TRUE,NA,FALSE,focei,"r,s",2,2,2,0,TRUE,21.658,637.7138025760651,62.97399377822876,722.3457963542938,62.60800000000001,0.08667316999141536,3,1,
80,7,ode,focei,lbfgsb3c,50,ok,TRUE,TRUE,TRUE,TRUE,-4461.913843282472,6.457968232387864,native,8,TRUE,TRUE,NA,FALSE,focei,"r,s",2,2,2,0,TRUE,23.287000000000003,381.3789885044098,66.33386135101318,470.99984985542295,65.886,0.13988539491089905,3,1,
80,7,ode,focei,lbfgsb3c,51,ok,TRUE,TRUE,TRUE,TRUE,-4460.632287963018,7.047869784496295,native,8,TRUE,TRUE,NA,FALSE,focei,"r,s",2,2,2,0,TRUE,22.01,395.45448303222656,67.14226937294006,484.6067524051666,66.74699999999999,0.13773435815478408,3,1,
80,7,ode,focei,lbfgsb3c,52,ok,TRUE,TRUE,TRUE,TRUE,-4428.762675088972,4.3270788323464195,native,8,TRUE,TRUE,NA,FALSE,focei,"r,s",2,2,2,0,TRUE,22.712,609.5382616519928,60.18192505836487,692.4321867103577,59.486000000000004,0.08590877365566893,3,1,
80,7,ode,focei,lbfgsb3c,53,ok,TRUE,TRUE,TRUE,TRUE,-4435.954735622581,3.2843910813798622,native,8,TRUE,TRUE,NA,FALSE,focei,"r,s",2,2,1,1,FALSE,24.244,383.4782774448395,63.04245972633362,470.7647371711731,62.657999999999994,0.13309832927698054,3,1,
80,7,ode,focei,lbfgsb3c,54,ok,TRUE,TRUE,TRUE,TRUE,-4397.391151751043,97.10772448227715,native,8,TRUE,TRUE,NA,FALSE,focei,s,2,2,1,1,FALSE,33.684,724.0842823982239,41.098714113235474,798.8669965114593,40.204,0.05032627480615078,3,1,
80,7,ode,focei,lbfgsb3c,55,ok,TRUE,TRUE,TRUE,TRUE,-4397.402108799758,4.977169033319719,native,8,TRUE,TRUE,NA,FALSE,focei,"r,s",2,2,1,1,FALSE,34.139,402.65468859672546,61.27072238922119,498.06441098594667,60.917,0.12230747400604543,3,1,
80,7,ode,focei,lbfgsb3c,56,ok,TRUE,TRUE,TRUE,TRUE,-4416.342056086838,4.727555009369245,native,8,TRUE,TRUE,NA,FALSE,focei,"r,s",2,2,2,0,TRUE,26.829,411.92910408973694,62.63865852355957,501.3967626132965,62.25699999999999,0.12416713597334464,3,1,
80,7,ode,focei,lbfgsb3c,57,ok,TRUE,TRUE,TRUE,TRUE,-4422.0271180070895,6.3081292419958945,native,8,TRUE,TRUE,NA,FALSE,focei,s,2,2,1,1,FALSE,28.32,603.0649070739746,38.18677473068237,669.571681804657,37.8,0.056454000411307555,3,1,
80,7,ode,focei,lbfgsb3c,58,ok,TRUE,TRUE,TRUE,TRUE,-4415.297396042239,5.093340808964837,native,8,TRUE,TRUE,NA,FALSE,focei,"r,s",2,2,2,0,TRUE,23.403,386.39516401290894,62.64801740646362,472.4461814193726,62.27600000000001,0.13181607228341627,3,1,
80,7,ode,focei,lbfgsb3c,59,ok,TRUE,TRUE,TRUE,TRUE,-4446.412544696472,4.094119392733819,native,8,TRUE,TRUE,NA,FALSE,focei,"r,s",2,2,2,0,TRUE,22.641000000000002,404.5788457393646,62.16290807723999,489.38275381660463,61.753,0.12618548471191496,3,1,
80,7,ode,focei,lbfgsb3c,60,ok,TRUE,TRUE,TRUE,TRUE,-4207.090229458353,5.3623638977768335,native,27,TRUE,TRUE,NA,FALSE,focei,s,2,2,1,1,FALSE,24.619,601.1025483608246,42.05442667007446,667.7759750308991,40.844,0.06116422502038964,3,1,
80,7,ode,focei,lbfgsb3c,61,ok,TRUE,TRUE,TRUE,TRUE,-4366.92076617891,5.56861220730182,native,8,TRUE,TRUE,NA,FALSE,focei,"r,s",2,2,2,0,TRUE,22.733,382.01439929008484,58.8238308429718,463.57123013305664,58.503,0.12620067035481938,3,1,
80,7,ode,focei,lbfgsb3c,62,ok,TRUE,TRUE,TRUE,TRUE,-4435.740819241606,3.952964073698606,native,27,TRUE,TRUE,NA,FALSE,focei,"r,s",2,2,2,0,TRUE,28.076999999999998,396.7467796802521,61.817190408706665,486.64097008895874,61.446,0.12626557108162836,3,1,
80,7,ode,focei,lbfgsb3c,63,ok,TRUE,TRUE,TRUE,TRUE,-4436.6687476710285,4.662018839362232,native,8,TRUE,TRUE,NA,FALSE,focei,"r,s",2,2,1,1,FALSE,21.993000000000002,576.4660465717316,68.71666860580444,667.1757151775361,68.256,0.10230588201466088,3,1,
80,7,ode,focei,lbfgsb3c,64,ok,TRUE,TRUE,TRUE,TRUE,-4399.0517914250595,2.207867574105715,native,8,TRUE,TRUE,NA,FALSE,focei,"r,s",2,2,1,1,FALSE,20.109,360.2392084598541,64.28923034667969,444.6374388065338,63.934000000000005,0.14378906142408385,3,1,
80,7,ode,focei,lbfgsb3c,65,ok,TRUE,TRUE,TRUE,TRUE,-4412.483428955412,6.652385102507224,native,8,TRUE,TRUE,NA,FALSE,focei,"r,s",2,2,2,0,TRUE,29.406000000000002,385.22292590141296,64.43479204177856,479.06371794319153,64.082,0.13376508718950614,3,1,
80,7,ode,focei,lbfgsb3c,66,ok,TRUE,TRUE,TRUE,TRUE,-4463.871729260983,5.319367570657691,native,8,TRUE,TRUE,NA,FALSE,focei,"r,s",2,2,2,0,TRUE,25.152,569.6117744445801,65.64097380638123,660.4047482509613,65.00999999999999,0.0984396314111531,3,1,
80,7,ode,focei,lbfgsb3c,67,ok,TRUE,TRUE,TRUE,TRUE,-4456.216964520181,4.292792342391975,native,8,TRUE,TRUE,NA,FALSE,focei,"r,s",2,2,1,1,FALSE,21.12,408.2664477825165,63.94861936569214,493.3350671482086,63.46799999999999,0.12865089920910247,3,1,
80,7,ode,focei,lbfgsb3c,68,ok,TRUE,TRUE,TRUE,TRUE,-4449.412450387825,5.729335303038048,native,8,TRUE,TRUE,NA,FALSE,focei,"r,s",2,2,2,0,TRUE,20.27,645.5099184513092,60.93351459503174,726.7134330463409,60.53399999999999,0.08329830886191954,3,1,
80,7,ode,focei,lbfgsb3c,69,ok,TRUE,TRUE,TRUE,TRUE,-4437.422233149813,7.185237101288455,native,8,TRUE,TRUE,NA,FALSE,focei,"r,s",3,2,2,1,FALSE,22.698,538.4266424179077,73.32931327819824,634.4539556961059,72.67900000000002,0.11455362417948606,3,1,
80,7,ode,focei,lbfgsb3c,70,ok,TRUE,TRUE,TRUE,TRUE,-4405.0443442854385,3.3533573848843745,native,8,TRUE,TRUE,NA,FALSE,focei,"r,s",2,2,2,0,TRUE,26.642,557.3253607749939,66.29968571662903,650.267046491623,65.874,0.10130299598512503,3,1,
80,7,ode,focei,lbfgsb3c,71,ok,TRUE,TRUE,TRUE,TRUE,-4453.658370771876,648.9244825345713,native,8,TRUE,TRUE,NA,FALSE,focei,s,3,2,1,2,FALSE,26.457,685.1167917251587,44.997995376586914,756.5717871017456,44.407000000000004,0.058695025055207406,3,1,
80,7,ode,focei,lbfgsb3c,72,ok,TRUE,TRUE,TRUE,TRUE,-4455.55950605507,5.947465330461952,native,8,TRUE,TRUE,NA,FALSE,focei,"r,s",2,2,2,0,TRUE,23.781000000000002,382.1096453666687,58.37365460395813,464.26429997062684,58.016,0.12496330216144245,3,1,
80,7,ode,focei,lbfgsb3c,73,ok,TRUE,TRUE,TRUE,TRUE,-4452.194224691155,3.628206133585927,native,8,TRUE,TRUE,NA,FALSE,focei,"r,s",2,2,2,0,TRUE,23.380000000000003,550.5611984729767,64.30528903007507,638.2464875030518,63.95,0.10019639943524833,3,1,
80,7,ode,focei,lbfgsb3c,74,ok,TRUE,TRUE,TRUE,TRUE,-4424.585363290941,6.126836144296479,native,8,TRUE,TRUE,NA,FALSE,focei,"r,s",2,2,2,0,TRUE,20.791999999999998,366.19440746307373,64.10792398452759,451.0943314476013,63.660999999999994,0.1411256927031343,3,1,
80,7,ode,focei,lbfgsb3c,75,ok,TRUE,TRUE,TRUE,TRUE,-4487.855905427182,3.5407928820993066,native,8,TRUE,TRUE,NA,FALSE,focei,"r,s",2,2,1,1,FALSE,22.874,592.7266886234283,61.01866817474365,676.619356798172,60.438,0.08932348652571578,3,1,
80,7,ode,focei,lbfgsb3c,76,ok,TRUE,TRUE,TRUE,TRUE,-4392.039680410136,622.9952271968087,native,8,TRUE,TRUE,NA,FALSE,focei,s,2,2,1,1,FALSE,23.314999999999998,776.4490745067596,37.759479999542236,837.5235545063019,37.175999999999995,0.04438800532829702,3,1,
80,7,ode,focei,lbfgsb3c,77,ok,TRUE,TRUE,TRUE,TRUE,-4470.2693404966985,4.958490022584169,native,8,TRUE,TRUE,NA,FALSE,focei,"r,s",2,2,2,0,TRUE,24.043,395.2505795955658,65.91240644454956,485.20598604011536,65.37899999999999,0.13474483390770586,3,1,
80,7,ode,focei,lbfgsb3c,78,ok,TRUE,TRUE,TRUE,TRUE,-4379.7146887583385,3.67442648172965,native,8,TRUE,TRUE,NA,FALSE,focei,"r,s",2,2,2,0,TRUE,23.649,577.2964608669281,63.688660860061646,664.6341217269897,63.15299999999999,0.09501919617955036,3,1,
80,7,ode,focei,lbfgsb3c,79,ok,TRUE,TRUE,TRUE,TRUE,-4401.731976223473,5.631159232860103,native,8,TRUE,TRUE,NA,FALSE,focei,"r,s",2,2,1,1,FALSE,23.002000000000002,577.8951907157898,62.64136815071106,663.5385588665008,61.848000000000006,0.09320935335793105,3,1,
80,7,ode,focei,lbfgsb3c,80,ok,TRUE,TRUE,TRUE,TRUE,-4487.112556473904,116.4050561889565,native,8,TRUE,TRUE,NA,FALSE,focei,|r|,2,2,1,1,FALSE,23.299,658.7651932239532,37.15664076805115,719.2208339920044,36.507999999999996,0.05076048728644846,3,1,
80,7,ode,focei,lbfgsb3c,81,ok,TRUE,TRUE,TRUE,TRUE,-4458.594148076839,3.8606858777113175,native,8,TRUE,TRUE,NA,FALSE,focei,"r,s",2,2,2,0,TRUE,26.996000000000002,441.9116644859314,62.7503080368042,531.6579725227356,62.394999999999996,0.1173592859031786,3,1,
80,7,ode,focei,lbfgsb3c,82,ok,TRUE,TRUE,TRUE,TRUE,-4485.525362286521,3.3059064745590483,native,8,TRUE,TRUE,NA,FALSE,focei,"r,s",2,2,2,0,TRUE,24.781000000000002,382.04849576950073,66.01309514045715,472.8425909099579,65.55499999999999,0.13864021824650616,3,1,
80,7,ode,focei,lbfgsb3c,83,ok,TRUE,TRUE,TRUE,TRUE,-4398.271114515191,3.7974938253802186,native,8,TRUE,TRUE,NA,FALSE,focei,"r,s",2,2,2,0,TRUE,22.885,386.06531715393066,59.61142015457153,468.5617373085022,59.236,0.12642090739261297,3,1,
80,7,ode,focei,lbfgsb3c,84,ok,TRUE,TRUE,TRUE,TRUE,-4402.819356639283,2.6356336721638467,native,8,TRUE,TRUE,NA,FALSE,focei,"r,s",1,2,1,0,FALSE,24.629,213.08627843856812,50.360039472579956,288.0753179111481,50.052,0.17374622846181387,3,1,
80,7,ode,focei,lbfgsb3c,85,ok,TRUE,TRUE,TRUE,TRUE,-4480.114602110845,6.283455516695675,native,27,TRUE,TRUE,NA,FALSE,focei,"r,s",2,2,2,0,TRUE,27.329,393.79230761528015,61.2017388343811,482.32304644966126,60.83899999999999,0.12613745175112545,3,1,
80,7,ode,focei,lbfgsb3c,86,ok,TRUE,TRUE,TRUE,TRUE,-4463.193340096419,4.038442860553196,native,8,TRUE,TRUE,NA,FALSE,focei,"r,s",2,2,2,0,TRUE,30.727,423.62923669815063,61.28691053390503,515.6431472320556,60.93500000000001,0.11817281064840243,3,1,
80,7,ode,focei,lbfgsb3c,87,ok,TRUE,TRUE,TRUE,TRUE,-4417.02160284594,5.2329739467161716,native,8,TRUE,TRUE,NA,FALSE,focei,"r,s",2,2,2,0,TRUE,23.982,348.7489523887634,65.76857662200928,438.4995290107727,65.36600000000001,0.14906743491255645,3,1,
80,7,ode,focei,lbfgsb3c,88,ok,TRUE,TRUE,TRUE,TRUE,-4432.3294331194575,5.277656712651936,native,8,TRUE,TRUE,NA,FALSE,focei,"r,s",2,2,2,0,TRUE,22.756,564.8669893741608,61.2872633934021,648.9102527675628,60.652,0.0934674706422389,3,1,
80,7,ode,focei,lbfgsb3c,89,ok,TRUE,TRUE,TRUE,TRUE,-4445.315202485609,4.108506693215664,native,8,TRUE,TRUE,NA,FALSE,focei,"r,s",2,2,2,0,TRUE,23.646,339.11415457725525,59.23772120475769,421.99787578201295,58.921,0.1396239255726401,3,1,
80,7,ode,focei,lbfgsb3c,90,ok,TRUE,TRUE,TRUE,TRUE,-4407.405511723185,17.89750855087216,native,8,TRUE,TRUE,NA,FALSE,focei,"r,s",3,2,2,1,FALSE,26.329,608.5882775783539,69.53622102737427,704.4534986057281,69.14599999999999,0.0981555207502773,3,1,
80,7,ode,focei,lbfgsb3c,91,ok,TRUE,TRUE,TRUE,TRUE,-4440.991832934704,4.050893612627326,native,8,TRUE,TRUE,NA,FALSE,focei,"r,s",2,2,2,0,TRUE,23.562,371.6139738559723,57.82270646095276,452.99868031692506,57.369,0.1266427530425999,3,1,
80,7,ode,focei,lbfgsb3c,92,ok,TRUE,TRUE,TRUE,TRUE,-4449.595673350235,3.636114766864737,native,8,TRUE,TRUE,NA,FALSE,focei,"r,s",2,2,2,0,TRUE,22.178,358.2880208492279,64.20254492759705,444.66856577682495,63.787,0.14344841283882007,3,1,
80,7,ode,focei,lbfgsb3c,93,ok,TRUE,TRUE,TRUE,TRUE,-4375.045600667189,3.1585027254098685,native,8,TRUE,TRUE,NA,FALSE,focei,"r,s",2,2,1,1,FALSE,20.497,664.0676755905151,65.74343729019165,750.3081128807067,65.24699999999999,0.08696027522545763,3,1,
80,7,ode,focei,lbfgsb3c,94,ok,TRUE,TRUE,TRUE,TRUE,-4484.105507941403,6.416566438578454,native,8,TRUE,TRUE,NA,FALSE,focei,"r,s",2,2,2,0,TRUE,21.799000000000003,760.6646022796631,65.67961430549622,848.1432165851593,65.054,0.07670166868978094,3,1,
80,7,ode,focei,lbfgsb3c,95,ok,TRUE,TRUE,TRUE,TRUE,-4420.772644039669,4.56856051890948,native,8,TRUE,TRUE,NA,FALSE,focei,"r,s",2,2,2,0,TRUE,24.403,387.7758288383484,65.66002297401428,477.8388518123627,64.633,0.13526108175351975,3,1,
80,7,ode,focei,lbfgsb3c,96,ok,TRUE,TRUE,TRUE,TRUE,-4436.614709839692,3.8288214682610215,native,8,TRUE,TRUE,NA,FALSE,focei,"r,s",2,2,2,0,TRUE,19.683,544.4683661460876,62.76831340789795,626.9196795539856,62.373999999999995,0.09949280910175802,3,1,
80,7,ode,focei,lbfgsb3c,97,ok,TRUE,TRUE,TRUE,TRUE,-4472.886795888246,3.7648906720857322,native,8,TRUE,TRUE,NA,FALSE,focei,"r,s",2,2,2,0,TRUE,20.161,408.74355912208557,64.18922781944275,493.0937869415283,63.74099999999999,0.12926749776216198,3,1,
80,7,ode,focei,lbfgsb3c,98,ok,TRUE,TRUE,TRUE,TRUE,-4458.949947535882,22.771183060872005,native,8,TRUE,TRUE,NA,FALSE,focei,s,2,2,1,1,FALSE,22.182,555.7856256961823,39.078566789627075,617.0461924858093,38.739,0.06278136138226136,3,1,
80,7,ode,focei,lbfgsb3c,99,ok,TRUE,TRUE,TRUE,TRUE,-4432.87481241075,3.6753801401557293,native,8,TRUE,TRUE,NA,FALSE,focei,"r,s",2,2,2,0,TRUE,21.043,609.1989674568176,65.90984797477722,696.1518154315949,65.338,0.09385596439117556,3,1,
80,7,ode,focei,lbfgsb3c,100,ok,TRUE,TRUE,TRUE,TRUE,-4433.412582574275,3.961167634310635,native,8,TRUE,TRUE,NA,FALSE,focei,s,2,2,1,1,FALSE,23.006,481.5830147266388,39.009671449661255,543.5986861763,38.36599999999999,0.0705778011898232,3,1,
80,8,ode,focei,lbfgsb3c,1,ok,TRUE,TRUE,TRUE,TRUE,-4382.474233569854,6.82392583262413,native,8,TRUE,TRUE,NA,FALSE,focei,"r,s",3,3,2,1,FALSE,22.681,538.8880596160889,74.73219919204712,636.301258808136,74.136,0.11651084918308205,3,1,
80,8,ode,focei,lbfgsb3c,2,ok,TRUE,TRUE,TRUE,TRUE,-4378.734936001347,8.696217909712155,native,8,TRUE,TRUE,NA,FALSE,focei,"r,s",3,3,3,0,TRUE,23.973,588.0730717182159,70.85798025131226,682.9040519695282,70.34200000000001,0.10300422115981052,3,1,
80,8,ode,focei,lbfgsb3c,3,ok,TRUE,TRUE,TRUE,TRUE,-4411.113696959122,9.53244554148726,native,8,TRUE,TRUE,NA,FALSE,focei,"r,s",3,3,2,1,FALSE,22.477,608.8585674762726,72.90214109420776,704.2377085704803,72.524,0.10298227305552153,3,1,
80,8,ode,focei,lbfgsb3c,4,ok,TRUE,TRUE,TRUE,TRUE,-4435.385677103762,8.996425579373765,native,8,TRUE,TRUE,NA,FALSE,focei,"r,s",3,3,3,0,TRUE,24.389,782.4969754219055,69.40595650672913,876.2919319286347,69.01200000000001,0.07875457651208909,3,1,
80,8,ode,focei,lbfgsb3c,5,ok,TRUE,TRUE,TRUE,TRUE,-4483.08514329224,10.285919938478209,native,8,TRUE,TRUE,NA,FALSE,focei,s,3,3,2,1,FALSE,23.472,799.1000430583954,45.07633066177368,867.648373720169,44.788,0.05161998956785329,3,1,
80,8,ode,focei,lbfgsb3c,6,ok,TRUE,TRUE,TRUE,TRUE,-4448.036371432937,7.26503123789092,native,8,TRUE,TRUE,NA,FALSE,focei,"r,s",3,3,3,0,TRUE,23.081,566.9469087123871,80.05175042152405,670.0796591339112,79.61099999999999,0.11880826244285418,3,1,
80,8,ode,focei,lbfgsb3c,7,ok,TRUE,TRUE,TRUE,TRUE,-4497.898054628202,17.919652179586834,native,8,TRUE,TRUE,NA,FALSE,focei,s,3,3,2,1,FALSE,21.958,546.1357595920563,41.55416703224182,609.6479266242981,41.183,0.06755210376591579,3,1,
80,8,ode,focei,lbfgsb3c,8,ok,TRUE,TRUE,TRUE,TRUE,-4422.991802430132,12.59855664615689,native,8,TRUE,TRUE,NA,FALSE,focei,"r,s",3,3,3,0,TRUE,26.773000000000003,812.62335729599,68.85658526420593,908.252942560196,68.504,0.07542392299539376,3,1,
80,8,ode,focei,lbfgsb3c,9,ok,TRUE,TRUE,TRUE,TRUE,-4464.687159637977,10.063324288820038,native,8,TRUE,TRUE,NA,FALSE,focei,s,3,3,2,1,FALSE,26.255000000000003,778.1279964447021,41.87508845329285,846.258084897995,41.65500000000001,0.04922257257373317,3,1,
80,8,ode,focei,lbfgsb3c,10,ok,TRUE,TRUE,TRUE,TRUE,-4383.322309717043,11.120483305801674,native,8,TRUE,TRUE,NA,FALSE,focei,"r,s",3,3,3,0,TRUE,30.019000000000005,783.3435854911804,94.74830508232117,908.1108905735016,94.31300000000002,0.1038562591628411,3,1,
80,8,ode,focei,lbfgsb3c,11,ok,TRUE,TRUE,TRUE,TRUE,-4391.298194980927,11.970279145490291,native,27,TRUE,TRUE,NA,FALSE,focei,"r,s",3,3,3,0,TRUE,34.719,593.8342955112457,74.67697215080261,703.2302676620484,74.173,0.1054746978491053,3,1,
80,8,ode,focei,lbfgsb3c,12,ok,TRUE,TRUE,TRUE,TRUE,-4361.549793075776,4.166181884478821,native,8,TRUE,TRUE,NA,FALSE,focei,"r,s",2,3,2,0,FALSE,25.684,578.9237749576569,61.880316495895386,666.4880914535522,61.501,0.09227621736777276,3,1,
80,8,ode,focei,lbfgsb3c,13,ok,TRUE,TRUE,TRUE,TRUE,-4467.727393096098,8.249562512122958,native,8,TRUE,TRUE,NA,FALSE,focei,"r,s",3,3,3,0,TRUE,24.323,569.7347767353058,73.19546222686768,667.2532389621734,72.73899999999999,0.10901258435723167,3,1,
80,8,ode,focei,lbfgsb3c,14,ok,TRUE,TRUE,TRUE,TRUE,-4412.865955218964,7.12707340186824,native,8,TRUE,TRUE,NA,FALSE,focei,"r,s",3,3,3,0,TRUE,23.686,555.4380767345428,69.96125316619873,649.0853299007416,69.174,0.10657150425904421,3,1,
80,8,ode,focei,lbfgsb3c,15,ok,TRUE,TRUE,TRUE,TRUE,-4491.196228941768,9.520461038469323,native,8,TRUE,TRUE,NA,FALSE,focei,"r,s",3,3,2,1,FALSE,27.178,669.3805825710297,70.48356199264526,767.0421445636749,70.031,0.09130006805536939,3,1,
80,8,ode,focei,lbfgsb3c,16,ok,TRUE,TRUE,TRUE,TRUE,-4451.873705974334,209.53416284210394,native,8,TRUE,TRUE,NA,FALSE,focei,s,4,3,2,2,FALSE,27.249000000000002,864.4693312644958,51.17250370979309,942.890834974289,50.71900000000001,0.053790956618411746,3,1,
80,8,ode,focei,lbfgsb3c,17,ok,TRUE,TRUE,TRUE,TRUE,-4136.909544270691,10.487860777584311,native,27,TRUE,TRUE,NA,FALSE,focei,s,4,3,3,1,FALSE,28.266000000000005,672.4592945575714,32.303980588912964,733.0292751464843,31.909,0.04353032147812035,3,1,
80,8,ode,focei,lbfgsb3c,18,ok,TRUE,TRUE,TRUE,TRUE,-4408.121668768579,8.118018995621373,native,8,TRUE,TRUE,NA,FALSE,focei,"r,s",3,3,3,0,TRUE,22.927,523.2861037254333,73.07941126823425,619.2925149936676,72.715,0.11741624230795608,3,1,
80,8,ode,focei,lbfgsb3c,19,ok,TRUE,TRUE,TRUE,TRUE,-4474.796248039838,8.775232384956738,native,8,TRUE,TRUE,NA,FALSE,focei,"r,s",3,3,3,0,TRUE,22.012,514.3724765777588,74.17112016677856,610.5555967445373,73.796,0.12086696181883827,3,1,
80,8,ode,focei,lbfgsb3c,20,ok,TRUE,TRUE,TRUE,TRUE,-4415.707483030167,5.856406048081352,native,8,TRUE,TRUE,NA,FALSE,focei,"r,s",3,3,2,1,FALSE,22.520000000000003,649.5212688446045,72.59714269638062,744.6384115409851,72.17999999999999,0.09693295280138417,3,1,
80,8,ode,focei,lbfgsb3c,21,ok,TRUE,TRUE,TRUE,TRUE,-4416.4090523998975,14.56436513979077,native,8,TRUE,TRUE,NA,FALSE,focei,"r,s",4,3,1,3,FALSE,25.013,761.8654868602753,84.56995272636414,871.4484395866394,83.97000000000001,0.09635681950366463,3,1,
80,8,ode,focei,lbfgsb3c,22,ok,TRUE,TRUE,TRUE,TRUE,-4415.873911012967,8.726556338002556,native,8,TRUE,TRUE,NA,FALSE,focei,"r,s",3,3,3,0,TRUE,26.248,639.7177703380585,68.16441917419434,734.1301895122529,67.831,0.09239641819534229,3,1,
80,8,ode,focei,lbfgsb3c,23,ok,TRUE,TRUE,TRUE,TRUE,-4445.532654494391,9.643657184420837,native,8,TRUE,TRUE,NA,FALSE,focei,"r,s",3,3,2,1,FALSE,22.741999999999997,577.6133046150208,73.77656650543213,674.1318711204528,73.394,0.10887187380417752,3,1,
80,8,ode,focei,lbfgsb3c,24,ok,TRUE,TRUE,TRUE,TRUE,-4505.918583360971,10.54303109635402,native,8,TRUE,TRUE,NA,FALSE,focei,"r,s",3,3,2,1,FALSE,21.687,594.9620959758759,70.70544171333313,687.354537689209,70.29599999999999,0.10227036579452205,3,1,
80,8,ode,focei,lbfgsb3c,25,ok,TRUE,TRUE,TRUE,TRUE,-4495.268239081123,14.313295592304803,native,8,TRUE,TRUE,NA,FALSE,focei,s,3,3,2,1,FALSE,19.914,582.6431150436401,39.5829815864563,642.1400966300964,39.353,0.061284134422568574,3,1,
80,8,ode,focei,lbfgsb3c,26,ok,TRUE,TRUE,TRUE,TRUE,-4467.257310597419,11.67881096268842,native,8,TRUE,TRUE,NA,FALSE,focei,"r,s",4,3,3,1,FALSE,21.593,748.7587471008301,83.49197220802307,853.8437193088531,82.566,0.09669919463345511,3,1,
80,8,ode,focei,lbfgsb3c,27,ok,TRUE,TRUE,TRUE,TRUE,-4441.288224746498,11.955229225388171,native,8,TRUE,TRUE,NA,FALSE,focei,"r,s",3,3,3,0,TRUE,21.868000000000002,565.3562722206116,71.73844838142395,658.9627206020356,71.39500000000001,0.10834452051365327,3,1,
80,8,ode,focei,lbfgsb3c,28,ok,TRUE,TRUE,TRUE,TRUE,-4429.102277495827,8.514641338781193,native,8,TRUE,TRUE,NA,FALSE,focei,"r,s",3,3,2,1,FALSE,20.975,693.7741730213165,72.64707207679749,787.396245098114,72.245,0.09175177104254272,3,1,
80,8,ode,focei,lbfgsb3c,29,ok,TRUE,TRUE,TRUE,TRUE,-4425.221954464007,12.772320945793272,native,8,TRUE,TRUE,NA,FALSE,focei,"r,s",3,3,2,1,FALSE,21.872,561.7750630378723,72.92877316474915,656.5758362026214,72.57500000000002,0.11053559390754542,3,1,
80,8,ode,focei,lbfgsb3c,30,ok,TRUE,TRUE,TRUE,TRUE,-4426.292366687565,52.676558779449216,native,8,TRUE,TRUE,NA,FALSE,focei,s,3,3,2,1,FALSE,22.868000000000002,623.3564419746399,41.591413259506226,687.8158552341462,41.277,0.06001170180345507,3,1,
80,8,ode,focei,lbfgsb3c,31,ok,TRUE,TRUE,TRUE,TRUE,-4476.779186189574,20.277516342216174,native,8,TRUE,TRUE,NA,FALSE,focei,s,4,3,2,2,FALSE,24.545,697.1781058311462,51.91710329055786,773.6402091217041,51.453,0.06650766001215656,3,1,
80,8,ode,focei,lbfgsb3c,32,ok,TRUE,TRUE,TRUE,TRUE,-4387.140636027273,12.768248132626088,native,8,TRUE,TRUE,NA,FALSE,focei,"r,s",3,3,3,0,TRUE,21.533,629.3535714149475,72.25353050231934,723.1401019172669,71.91199999999999,0.09944407703201517,3,1,
80,8,ode,focei,lbfgsb3c,33,ok,TRUE,TRUE,TRUE,TRUE,-4504.185601397138,8.65364886378402,native,8,TRUE,TRUE,NA,FALSE,focei,"r,s",3,3,3,0,TRUE,19.776,611.1376776695251,71.02580833435059,701.9394860038757,70.60199999999999,0.10058131991111577,3,1,
80,8,ode,focei,lbfgsb3c,34,ok,TRUE,TRUE,TRUE,TRUE,-4473.7384276689145,7.885768829207171,native,8,TRUE,TRUE,NA,FALSE,focei,"r,s",3,3,3,0,TRUE,20.226,525.8442063331604,68.45064425468445,614.5208505878448,68.05199999999999,0.11073993654552501,3,1,
80,8,ode,focei,lbfgsb3c,35,ok,TRUE,TRUE,TRUE,TRUE,-4457.164899533033,15.737225863474066,native,8,TRUE,TRUE,NA,FALSE,focei,s,3,3,2,1,FALSE,24.059,773.9857013225555,45.16786789894104,843.2125692214966,44.771,0.05309574552634482,3,1,
80,8,ode,focei,lbfgsb3c,36,ok,TRUE,TRUE,TRUE,TRUE,-4393.560891423136,8.97140877006391,native,27,TRUE,TRUE,NA,FALSE,focei,"r,s",3,3,2,1,FALSE,25.919999999999998,546.8540189266205,77.16699624061584,649.9410151672363,76.76700000000001,0.11811379526532434,3,1,
80,8,ode,focei,lbfgsb3c,37,ok,TRUE,TRUE,TRUE,TRUE,-4452.603633644164,10.493306909631464,native,8,TRUE,TRUE,NA,FALSE,focei,"r,s",3,3,3,0,TRUE,24.278,508.18174147605896,70.42320370674133,602.8829451828003,70.05799999999999,0.11620497902583342,3,1,
80,8,ode,focei,lbfgsb3c,38,ok,TRUE,TRUE,TRUE,TRUE,-4463.6118923280155,12.850186699283636,native,8,TRUE,TRUE,NA,FALSE,focei,"r,s",3,3,3,0,TRUE,20.039,523.4199159145355,70.19927644729614,613.6581923618317,69.915,0.11393150270008288,3,1,
80,8,ode,focei,lbfgsb3c,39,ok,TRUE,TRUE,TRUE,TRUE,-4426.468687429279,4.658546921688308,native,8,TRUE,TRUE,NA,FALSE,focei,"r,s",1,3,1,0,FALSE,22.173,257.35791206359863,54.45411491394043,333.98502697753906,54.148999999999994,0.1621300226840456,3,1,
80,8,ode,focei,lbfgsb3c,40,ok,TRUE,TRUE,TRUE,TRUE,-4492.4029772401145,9.351987113339288,native,8,TRUE,TRUE,NA,FALSE,focei,"r,s",3,3,3,0,TRUE,23.927,541.3271837234497,67.89151287078857,633.1456965942383,67.55399999999999,0.10669582114097992,3,1,
80,8,ode,focei,lbfgsb3c,41,ok,TRUE,TRUE,TRUE,TRUE,-4448.268165605595,11.699695477914242,native,8,TRUE,TRUE,NA,FALSE,focei,"r,s",3,3,1,2,FALSE,24.250999999999998,782.7487034797668,74.2483274936676,881.2480309734344,73.762,0.0837017473032216,3,1,
80,8,ode,focei,lbfgsb3c,42,ok,TRUE,TRUE,TRUE,TRUE,-4460.749734693724,13.797186247427687,native,8,TRUE,TRUE,NA,FALSE,focei,"r,s",3,3,2,1,FALSE,35.556,567.81605219841,70.80518388748169,674.1772360858918,70.43,0.10446807787355647,3,1,
80,8,ode,focei,lbfgsb3c,43,ok,TRUE,TRUE,TRUE,TRUE,-4413.941518121536,7.441194983221596,native,27,TRUE,TRUE,NA,FALSE,focei,"r,s",3,3,3,0,TRUE,29.755000000000003,525.9390726089478,74.72496294975281,630.4190355587006,73.954,0.11730927498795977,3,1,
80,8,ode,focei,lbfgsb3c,44,ok,TRUE,TRUE,TRUE,TRUE,-4464.62636491184,6.349522321425597,native,8,TRUE,TRUE,NA,FALSE,focei,"r,s",3,3,3,0,TRUE,32.331,543.7205274105072,69.35162138938904,645.4031487998963,68.75999999999999,0.10653806094354625,3,1,
80,8,ode,focei,lbfgsb3c,45,ok,TRUE,TRUE,TRUE,TRUE,-3696.7752965594996,16.08813444369665,native,27,TRUE,TRUE,NA,FALSE,focei,s,4,3,3,1,FALSE,38.666,686.1547114849091,37.0369291305542,761.8576406154632,36.286,0.047628320654087716,3,1,
80,8,ode,focei,lbfgsb3c,46,ok,TRUE,TRUE,TRUE,TRUE,-4434.093317432297,8.162580742282147,native,8,TRUE,TRUE,NA,FALSE,focei,"r,s",3,3,3,0,TRUE,25.671999999999997,543.9602310657501,66.24738001823425,635.8796110839844,65.84700000000001,0.1035526204209482,3,1,
80,8,ode,focei,lbfgsb3c,47,ok,TRUE,TRUE,TRUE,TRUE,-4493.152664515954,7.711695586017155,native,8,TRUE,TRUE,NA,FALSE,focei,"r,s",3,3,3,0,TRUE,22.972,556.3573241233826,71.54978442192078,650.8791085453033,70.715,0.10864536758300025,3,1,
80,8,ode,focei,lbfgsb3c,48,ok,TRUE,TRUE,TRUE,TRUE,-4457.7180038685865,8.419653464835504,native,8,TRUE,TRUE,NA,FALSE,focei,"r,s",3,3,3,0,TRUE,23.603,553.8460941314697,74.32871174812317,651.7778058795928,73.80899999999998,0.11324257950206301,3,1,
80,8,ode,focei,lbfgsb3c,49,ok,TRUE,TRUE,TRUE,TRUE,-4399.287606413347,9.506244163371967,native,8,TRUE,TRUE,NA,FALSE,focei,"r,s",3,3,3,0,TRUE,23.826999999999998,600.8718273639679,74.73521566390991,699.4340430278778,74.007,0.10580983401897448,3,1,
80,8,ode,focei,lbfgsb3c,50,ok,TRUE,TRUE,TRUE,TRUE,-4416.038131712377,7.8776793995274215,native,8,TRUE,TRUE,NA,FALSE,focei,"r,s",3,3,3,0,TRUE,19.319000000000003,533.6711232662201,73.04919481277466,626.0393180789947,72.20899999999999,0.11534259576790436,3,1,
80,8,ode,focei,lbfgsb3c,51,ok,TRUE,TRUE,TRUE,TRUE,-4512.213655409561,9.668633372696627,native,8,TRUE,TRUE,NA,FALSE,focei,"r,s",3,3,3,0,TRUE,24.857000000000003,551.9011881351471,69.68903660774231,646.4472247428894,69.232,0.10709613615796024,3,1,
80,8,ode,focei,lbfgsb3c,52,ok,TRUE,TRUE,TRUE,TRUE,-4333.552470666432,3.1749805901972845,native,8,TRUE,TRUE,NA,FALSE,focei,"r,s",1,3,1,0,FALSE,25.479999999999997,244.98232102394104,49.842979192733765,320.3053002166748,49.52400000000001,0.15461498753376493,3,1,
80,8,ode,focei,lbfgsb3c,53,ok,TRUE,TRUE,TRUE,TRUE,-4461.409210832839,9.006616520024112,native,8,TRUE,TRUE,NA,FALSE,focei,"r,s",3,3,3,0,TRUE,22.708000000000002,777.6797738075256,71.9971022605896,872.3848760681152,71.40599999999999,0.08185148775369722,3,1,
80,8,ode,focei,lbfgsb3c,54,ok,TRUE,TRUE,TRUE,TRUE,-4458.79951163571,15.438115648444892,native,8,TRUE,TRUE,NA,FALSE,focei,"r,s",3,3,3,0,TRUE,26.312,539.5774488449097,71.65818738937378,637.5476362342835,70.708,0.11090622250227669,3,1,
80,8,ode,focei,lbfgsb3c,55,ok,TRUE,TRUE,TRUE,TRUE,-4468.307498271495,8.282650873243455,native,8,TRUE,TRUE,NA,FALSE,focei,"r,s",3,3,2,1,FALSE,24.917,565.3614234924316,69.96148562431335,660.239909116745,69.401,0.10511482120619334,3,1,
80,8,ode,focei,lbfgsb3c,56,ok,TRUE,TRUE,TRUE,TRUE,-4384.7582582224395,2.4289730140677275,native,27,TRUE,TRUE,NA,FALSE,focei,"r,s",1,3,1,0,FALSE,20.416,392.2133758068085,53.350404500961304,465.9797803077698,52.24100000000001,0.11211001465663581,3,1,
80,8,ode,focei,lbfgsb3c,57,ok,TRUE,TRUE,TRUE,TRUE,-4489.771171634301,7.171773538398405,native,8,TRUE,TRUE,NA,FALSE,focei,"r,s",3,3,1,2,FALSE,21.317,893.8656830787659,73.4513807296753,988.6340638084412,71.578,0.07240090405570836,3,1,
80,8,ode,focei,lbfgsb3c,58,ok,TRUE,TRUE,TRUE,TRUE,-4443.942302038235,8.904382027835544,native,8,TRUE,TRUE,NA,FALSE,focei,"r,s",2,3,2,0,FALSE,19.868,479.13302206993103,58.549606800079346,557.5506288700104,58.05800000000001,0.10413045379872736,3,1,
80,8,ode,focei,lbfgsb3c,59,ok,TRUE,TRUE,TRUE,TRUE,-4370.3587576848195,6.895910842823504,native,8,TRUE,TRUE,NA,FALSE,focei,"r,s",3,3,3,0,TRUE,22.887999999999998,617.0360524654388,68.0911636352539,708.0152161006928,67.40900000000002,0.09520840578998689,3,1,
80,8,ode,focei,lbfgsb3c,60,ok,TRUE,TRUE,TRUE,TRUE,-4375.453743375554,4.3452300712223,native,27,TRUE,TRUE,NA,FALSE,focei,"r,s",0,3,0,0,FALSE,19.969,105.72101092338562,43.51884484291077,169.20885576629638,43.12,0.2548329979818278,3,1,
80,8,ode,focei,lbfgsb3c,61,ok,TRUE,TRUE,TRUE,TRUE,-4461.743779288761,7.337403480422167,native,8,TRUE,TRUE,NA,FALSE,focei,"r,s",3,3,3,0,TRUE,25.487000000000002,678.8486294746399,70.69987750053406,775.0355069751739,70.20100000000001,0.0905777856216963,3,1,
80,8,ode,focei,lbfgsb3c,62,ok,TRUE,TRUE,TRUE,TRUE,-4486.151022902669,88.62330865932408,native,8,TRUE,TRUE,NA,FALSE,focei,s,3,3,2,1,FALSE,23.451,785.8712165355682,40.80060839653015,850.1228249320984,40.486,0.04762370661349285,3,1,
80,8,ode,focei,lbfgsb3c,63,ok,TRUE,TRUE,TRUE,TRUE,-4453.937066583173,7.804236498424239,native,8,TRUE,TRUE,NA,FALSE,focei,"r,s",3,3,2,1,FALSE,20.005000000000003,519.8983795642853,73.15362620353699,613.0570057678223,72.75300000000001,0.11867248773852708,3,1,
80,8,ode,focei,lbfgsb3c,64,ok,TRUE,TRUE,TRUE,TRUE,-4439.741043231502,33.1022521052152,native,8,TRUE,TRUE,NA,FALSE,focei,"|r|,|s|",3,3,1,2,FALSE,21.563000000000002,598.7573449611664,76.4837429523468,696.8040879135132,76.013,0.10908805117319387,3,1,
80,8,ode,focei,lbfgsb3c,65,ok,TRUE,TRUE,TRUE,TRUE,-4404.4444680750485,11.957062275069465,native,8,TRUE,TRUE,NA,FALSE,focei,"r,s",3,3,2,1,FALSE,22.997,773.6737170219421,71.94761323928833,868.6183302612304,71.61100000000002,0.08244242321994696,3,1,
80,8,ode,focei,lbfgsb3c,66,ok,TRUE,TRUE,TRUE,TRUE,-4463.519764577755,9.790348354671611,native,8,TRUE,TRUE,NA,FALSE,focei,"r,s",3,3,3,0,TRUE,23.691,561.0333013534546,71.25247645378113,655.9767778072357,70.79299999999999,0.10791997886974454,3,1,
80,8,ode,focei,lbfgsb3c,67,ok,TRUE,TRUE,TRUE,TRUE,-4464.5845341808645,5.7867845121361805,native,8,TRUE,TRUE,NA,FALSE,focei,"r,s",3,3,2,1,FALSE,23.061,672.5321984291077,70.89541339874268,766.4886118278504,70.559,0.09205485758195088,3,1,
80,8,ode,focei,lbfgsb3c,68,ok,TRUE,TRUE,TRUE,TRUE,-4413.331755050539,8.807646252171276,native,8,TRUE,TRUE,NA,FALSE,focei,"r,s",3,3,2,1,FALSE,22.37,614.0588932037354,66.90694808959961,703.335841293335,66.422,0.09443852580846633,3,1,
80,8,ode,focei,lbfgsb3c,69,ok,TRUE,TRUE,TRUE,TRUE,-4478.68884982926,8.507794779499145,native,8,TRUE,TRUE,NA,FALSE,focei,"r,s",4,3,3,1,FALSE,20.415,764.6519961357117,86.15485382080078,871.2218499565124,85.30000000000001,0.09790847188262991,3,1,
80,8,ode,focei,lbfgsb3c,70,ok,TRUE,TRUE,TRUE,TRUE,-4390.057648601596,8.342149135500414,native,8,TRUE,TRUE,NA,FALSE,focei,"r,s",3,3,3,0,TRUE,19.552,1095.2493450641632,64.68296933174133,1179.4843143959044,64.059,0.054311023231206804,3,1,
80,8,ode,focei,lbfgsb3c,71,ok,TRUE,TRUE,TRUE,TRUE,-4424.523061513806,11.103189659876646,native,8,TRUE,TRUE,NA,FALSE,focei,"r,s",3,3,2,1,FALSE,20.993000000000002,814.6001510620117,71.16610360145569,906.7592546634675,70.72500000000001,0.07799754966520714,3,1,
80,8,ode,focei,lbfgsb3c,72,ok,TRUE,TRUE,TRUE,TRUE,-4469.617555906305,9.701845420264485,native,8,TRUE,TRUE,NA,FALSE,focei,"r,s",3,3,2,1,FALSE,21.849,610.1541020870209,70.64264631271362,702.6457483997345,70.294,0.10004187766039083,3,1,
80,8,ode,focei,lbfgsb3c,73,ok,TRUE,TRUE,TRUE,TRUE,-4164.9530866640025,6.619674013064566,native,27,TRUE,TRUE,NA,FALSE,focei,s,3,3,3,0,TRUE,29.522999999999996,565.6980307102203,27.944624662399292,623.1656553726197,27.539,0.04419210167083607,3,1,
80,8,ode,focei,lbfgsb3c,74,ok,TRUE,TRUE,TRUE,TRUE,-4389.085652029969,7.9138324488759695,native,8,TRUE,TRUE,NA,FALSE,focei,"r,s",3,3,3,0,TRUE,30.625000000000004,649.5778913497925,72.57325339317322,752.7761447429657,72.108,0.09578943289259143,3,1,
80,8,ode,focei,lbfgsb3c,75,ok,TRUE,TRUE,TRUE,TRUE,-4422.183756690566,14.288297129888003,native,8,TRUE,TRUE,NA,FALSE,focei,"r,s",3,3,2,1,FALSE,23.619999999999997,563.0110032558441,73.09921145439148,659.7302147102356,72.56700000000001,0.10999496215566333,3,1,
80,8,ode,focei,lbfgsb3c,76,ok,TRUE,TRUE,TRUE,TRUE,-4434.288880417373,8.430852884087987,native,8,TRUE,TRUE,NA,FALSE,focei,"r,s",3,3,2,1,FALSE,25.905,839.9395191669464,67.73543238639832,933.5799515533447,67.151,0.07192849406017154,3,1,
80,8,ode,focei,lbfgsb3c,77,ok,TRUE,TRUE,TRUE,TRUE,-4494.456205427529,8.337400576552092,native,8,TRUE,TRUE,NA,FALSE,focei,"r,s",3,3,2,1,FALSE,22.745,588.8926753997803,72.10875916481018,683.7464345645905,71.762,0.1049541121858983,3,1,
80,8,ode,focei,lbfgsb3c,78,ok,TRUE,TRUE,TRUE,TRUE,-4432.405997998019,7.368196622712595,native,8,TRUE,TRUE,NA,FALSE,focei,"r,s",3,3,3,0,TRUE,22.543000000000003,603.4999179840088,71.02089214324951,697.0638101272583,70.658,0.10136518202989256,3,1,
80,8,ode,focei,lbfgsb3c,79,ok,TRUE,TRUE,TRUE,TRUE,-4427.222390252418,7.759989018358479,native,8,TRUE,TRUE,NA,FALSE,focei,"r,s",3,3,3,0,TRUE,24.922,654.7667281627655,71.46806931495667,751.1567974777222,71.10799999999999,0.09466465621927479,3,1,
80,8,ode,focei,lbfgsb3c,80,ok,TRUE,TRUE,TRUE,TRUE,-4462.6357999527,16.564894893024604,native,8,TRUE,TRUE,NA,FALSE,focei,"r,s",3,3,3,0,TRUE,23.273000000000003,594.8992111682892,72.33932280540466,690.5115339736939,71.978,0.10423866432148853,3,1,
80,8,ode,focei,lbfgsb3c,81,ok,TRUE,TRUE,TRUE,TRUE,-4431.972985024673,10.646145178098566,native,8,TRUE,TRUE,NA,FALSE,focei,"r,s",3,3,3,0,TRUE,22.96,634.394201040268,70.38830327987671,727.7425043201447,70.05799999999999,0.09626756659685284,3,1,
80,8,ode,focei,lbfgsb3c,82,ok,TRUE,TRUE,TRUE,TRUE,-4452.544643670877,7.9478438845547625,native,8,TRUE,TRUE,NA,FALSE,focei,"r,s",3,3,3,0,TRUE,28.846000000000004,832.4842681884766,74.5808835029602,935.9111516914368,73.14900000000002,0.0781580600549535,3,1,
80,8,ode,focei,lbfgsb3c,83,ok,TRUE,TRUE,TRUE,TRUE,-4447.169527378188,7.247091554802311,native,8,TRUE,TRUE,NA,FALSE,focei,"r,s",3,3,3,0,TRUE,24.631,560.023726940155,74.66539263725281,659.3201195774078,74.16000000000001,0.11247950395861266,3,1,
80,8,ode,focei,lbfgsb3c,84,ok,TRUE,TRUE,TRUE,TRUE,-4456.852111666437,10.39889814231417,native,27,TRUE,TRUE,NA,FALSE,focei,"r,s",3,3,3,0,TRUE,21.786,631.0160944461823,72.98665165901184,725.78874610519415,72.576,0.09999603932888895,3,1,
80,8,ode,focei,lbfgsb3c,85,ok,TRUE,TRUE,TRUE,TRUE,-4448.763121881612,8.685226175529785,native,8,TRUE,TRUE,NA,FALSE,focei,s,3,3,1,2,FALSE,23.958000000000002,746.841114282608,36.255988121032715,807.0551024036407,35.986,0.044589272644238793,3,1,
80,8,ode,focei,lbfgsb3c,86,ok,TRUE,TRUE,TRUE,TRUE,-4498.640474230215,11.139927612950185,native,8,TRUE,TRUE,NA,FALSE,focei,"r,s",3,3,2,1,FALSE,27.739000000000004,1086.767416715622,72.0159080028534,1186.5223247184754,71.59299999999999,0.060338519139946874,3,1,
80,8,ode,focei,lbfgsb3c,87,ok,TRUE,TRUE,TRUE,TRUE,-4455.902306673651,8.192942897058636,native,8,TRUE,TRUE,NA,FALSE,focei,"r,s",3,3,3,0,TRUE,24.74,679.6583003997803,73.1021478176117,777.500448217392,72.755,0.09357550875605082,3,1,
80,8,ode,focei,lbfgsb3c,88,ok,TRUE,TRUE,TRUE,TRUE,-4454.488888660496,10.278741196902573,native,8,TRUE,TRUE,NA,FALSE,focei,"r,s",3,3,3,0,TRUE,25.294,552.7651295661926,72.08361792564392,650.1427474918365,71.706,0.11029270152844453,3,1,
80,8,ode,focei,lbfgsb3c,89,ok,TRUE,TRUE,TRUE,TRUE,-4452.375388865437,12.858591687743917,native,8,TRUE,TRUE,NA,FALSE,focei,"r,s",3,3,2,1,FALSE,41.387,1004.6831603050232,62.3018958568573,1108.3720561618804,61.839,0.05579263718912114,3,1,
80,8,ode,focei,lbfgsb3c,90,ok,TRUE,TRUE,TRUE,TRUE,-4433.79201575177,8.45934490969318,native,8,TRUE,TRUE,NA,FALSE,focei,"r,s",3,3,3,0,TRUE,31.94,572.8417222499847,67.93799304962158,672.7197152996064,67.551,0.10041477670966592,3,1,
80,8,ode,focei,lbfgsb3c,91,ok,TRUE,TRUE,TRUE,TRUE,-4419.271375589745,26.54643223217331,native,8,TRUE,TRUE,NA,FALSE,focei,"r,s",3,3,1,2,FALSE,27.958,683.2864282131195,73.13618993759155,784.380618150711,72.76600000000002,0.09276873792669205,3,1,
80,8,ode,focei,lbfgsb3c,92,ok,TRUE,TRUE,TRUE,TRUE,-4400.535371452271,11.122918515968248,native,8,TRUE,TRUE,NA,FALSE,focei,"r,s",3,3,3,0,TRUE,27.326999999999998,588.6150205135345,71.52239227294922,687.4644127864838,71.208,0.1035806343944034,3,1,
80,8,ode,focei,lbfgsb3c,93,ok,TRUE,TRUE,TRUE,TRUE,-4408.1639724804745,8.24015764340167,native,8,TRUE,TRUE,NA,FALSE,focei,"r,s",3,3,3,0,TRUE,27.355,740.4557971954346,73.00731086730957,840.8181080627442,72.28299999999999,0.08596746348213284,3,1,
80,8,ode,focei,lbfgsb3c,94,ok,TRUE,TRUE,TRUE,TRUE,-4413.670755069362,15.766414168006527,native,8,TRUE,TRUE,NA,FALSE,focei,"r,s",3,3,3,0,TRUE,26.143,578.0870699882507,72.69541883468628,676.925488822937,72.23500000000001,0.10671041524172016,3,1,
80,8,ode,focei,lbfgsb3c,95,ok,TRUE,TRUE,TRUE,TRUE,-4409.7416265194925,16.511115690421107,native,8,TRUE,TRUE,NA,FALSE,focei,s,3,3,1,2,FALSE,21.347,581.4497814178467,47.40433740615845,650.2011188240051,47.06400000000001,0.07238375732899835,3,1,
80,8,ode,focei,lbfgsb3c,96,ok,TRUE,TRUE,TRUE,TRUE,-4383.37474438411,9.517842007520285,native,8,TRUE,TRUE,NA,FALSE,focei,s,3,3,2,1,FALSE,23.825000000000003,540.3404455184937,46.43178677558899,610.5972322940827,45.532999999999994,0.074571251869137,3,1,
80,8,ode,focei,lbfgsb3c,97,ok,TRUE,TRUE,TRUE,TRUE,-4458.755813895687,13.098699299033248,native,8,TRUE,TRUE,NA,FALSE,focei,"r,s",3,3,2,1,FALSE,26.662,610.3637266159058,75.23275136947632,712.2584779853821,74.81700000000001,0.10504192271830774,3,1,
80,8,ode,focei,lbfgsb3c,98,ok,TRUE,TRUE,TRUE,TRUE,-4395.469429743904,8.09070596685775,native,8,TRUE,TRUE,NA,FALSE,focei,"r,s",3,3,3,0,TRUE,30.168999999999997,528.1495978832245,71.91980767250061,630.2384055557251,71.581,0.11357765469224626,3,1,
80,8,ode,focei,lbfgsb3c,99,ok,TRUE,TRUE,TRUE,TRUE,-4396.655107676393,10.915400702064911,native,8,TRUE,TRUE,NA,FALSE,focei,s,3,3,2,1,FALSE,37.921,624.5450015068054,43.130619287490845,705.5966207942963,42.345000000000006,0.06001304251192681,3,1,
80,8,ode,focei,lbfgsb3c,100,ok,TRUE,TRUE,TRUE,TRUE,-4469.132710385774,12.846671125330323,native,8,TRUE,TRUE,NA,FALSE,focei,"r,s",3,3,2,1,FALSE,48.104,698.5680038928986,74.09203433990479,820.7640382328034,72.92399999999999,0.088848921983733,3,1,
80,9,ode,focei,lbfgsb3c,1,ok,TRUE,TRUE,TRUE,TRUE,-4476.716266893598,6.50315476749938,native,8,TRUE,TRUE,NA,FALSE,focei,"r,s",3,1,0,3,FALSE,22.395,485.000057220459,76.0450758934021,583.4401331138611,75.56700000000001,0.12951971541054882,3,1,
80,9,ode,focei,lbfgsb3c,2,ok,TRUE,TRUE,TRUE,TRUE,-4499.068377868266,3.1286866357222274,native,8,TRUE,TRUE,NA,FALSE,focei,"r,s",1,1,1,0,TRUE,18.026,262.3741874694824,51.56675958633423,331.96694705581666,51.248000000000005,0.15437681508509704,3,1,
80,9,ode,focei,lbfgsb3c,3,ok,TRUE,TRUE,TRUE,TRUE,-4509.453025983021,3.10040193487557,native,8,TRUE,TRUE,NA,FALSE,focei,"r,s",1,1,0,1,FALSE,22.107,268.9891195297241,52.444212675094604,343.5403322048187,51.79500000000001,0.1507683236712941,3,1,
80,9,ode,focei,lbfgsb3c,4,ok,TRUE,TRUE,TRUE,TRUE,-4462.650462236203,2.8153923208231615,native,8,TRUE,TRUE,NA,FALSE,focei,"r,s",1,1,1,0,TRUE,23.316000000000003,392.90275049209595,52.09212899208069,468.31087948417667,51.489000000000004,0.1099461965451514,3,1,
80,9,ode,focei,lbfgsb3c,5,ok,TRUE,TRUE,TRUE,TRUE,-4525.682426565853,3.992889704153207,native,27,TRUE,TRUE,NA,FALSE,focei,"r,s",1,1,1,0,TRUE,23.613999999999997,393.94611835479736,52.906452655792236,470.4665710105896,52.605999999999995,0.11181665869904263,3,1,
80,9,ode,focei,lbfgsb3c,6,ok,TRUE,TRUE,TRUE,TRUE,-4532.14596167434,5.083579341099411,native,8,TRUE,TRUE,NA,FALSE,focei,"r,s",2,1,1,1,FALSE,21.889,438.14973068237305,59.89424920082092,519.932979883194,59.499,0.11443590289919059,3,1,
80,9,ode,focei,lbfgsb3c,7,ok,TRUE,TRUE,TRUE,TRUE,-4430.728988556026,3.5275643180350116,native,8,TRUE,TRUE,NA,FALSE,focei,"r,s",1,1,1,0,TRUE,19.187,298.82169342041016,51.61889457702637,369.62758799743654,51.297000000000004,0.13878022546400343,3,1,
80,9,ode,focei,lbfgsb3c,8,ok,TRUE,TRUE,TRUE,TRUE,-4469.466754306447,4.942257320236518,native,8,TRUE,TRUE,NA,FALSE,focei,"r,s",1,1,1,0,TRUE,20.48,411.3716826438904,51.07829403877258,482.929976682663,50.711999999999996,0.10500901258677352,3,1,
80,9,ode,focei,lbfgsb3c,9,ok,TRUE,TRUE,TRUE,TRUE,-4446.968876402675,3.6868112276866345,native,8,TRUE,TRUE,NA,FALSE,focei,"r,s",1,1,1,0,TRUE,22.121000000000002,545.8758895397186,52.28075623512268,620.2776457748413,51.718,0.08337879069524531,3,1,
80,9,ode,focei,lbfgsb3c,10,ok,TRUE,TRUE,TRUE,TRUE,-4466.049234997888,2.6540944414146095,native,8,TRUE,TRUE,NA,FALSE,focei,"r,s",0,1,0,0,FALSE,25.746000000000002,310.8706636428833,40.28971266746521,376.9063763103485,40.074000000000005,0.10632348646445469,3,1,
80,9,ode,focei,lbfgsb3c,11,ok,TRUE,TRUE,TRUE,TRUE,-4487.906847094403,5.187472364400539,native,8,TRUE,TRUE,NA,FALSE,focei,"r,s",1,1,1,0,TRUE,18.104000000000003,214.84591674804688,49.504385232925415,282.4543019809723,49.19599999999999,0.1741733075225532,3,1,
80,9,ode,focei,lbfgsb3c,12,ok,TRUE,TRUE,TRUE,TRUE,-4463.672162994148,4.0487611482055454,native,8,TRUE,TRUE,NA,FALSE,focei,"r,s",1,1,0,1,FALSE,22.253,276.05655550956726,46.01924800872803,344.3288035182953,45.708999999999996,0.13274811614059853,3,1,
80,9,ode,focei,lbfgsb3c,13,ok,TRUE,TRUE,TRUE,TRUE,-4482.972305505416,5.396892002041066,native,8,TRUE,TRUE,NA,FALSE,focei,"r,s",2,1,1,1,FALSE,14.818999999999999,439.4896442890167,57.83038139343262,512.1390256824493,57.55800000000001,0.1123874516754533,3,1,
80,9,ode,focei,lbfgsb3c,14,ok,TRUE,TRUE,TRUE,TRUE,-4463.5723802943385,3.5704169205199374,native,27,TRUE,TRUE,NA,FALSE,focei,"r,s",1,1,0,1,FALSE,19.535,585.1985697746277,53.38428854942322,658.1178583240509,52.962,0.08047494735194076,3,1,
80,9,ode,focei,lbfgsb3c,15,ok,TRUE,TRUE,TRUE,TRUE,-4439.163398182604,3.1624360757712506,native,8,TRUE,TRUE,NA,FALSE,focei,"r,s",1,1,1,0,TRUE,30.936999999999998,272.2145051956177,50.965800523757935,354.1173057193756,50.449,0.14246409081170094,3,1,
80,9,ode,focei,lbfgsb3c,16,ok,TRUE,TRUE,TRUE,TRUE,-4529.097970401646,5.788590230574481,native,8,TRUE,TRUE,NA,FALSE,focei,"r,s",1,1,1,0,TRUE,26.511,262.16538858413696,55.28762888908386,343.96401747322085,55.015,0.15994405578857726,3,1,
80,9,ode,focei,lbfgsb3c,17,ok,TRUE,TRUE,TRUE,TRUE,-4485.647058087232,4.855488510813837,native,8,TRUE,TRUE,NA,FALSE,focei,"r,s",1,1,1,0,TRUE,30.968,379.95937490463257,49.81227993965149,460.7396548442841,49.467,0.10736432056563122,3,1,
80,9,ode,focei,lbfgsb3c,18,ok,TRUE,TRUE,TRUE,TRUE,-4410.3423122804015,4.483881883943229,native,8,TRUE,TRUE,NA,FALSE,focei,"r,s",1,1,1,0,TRUE,27.998,356.66478157043457,49.34858989715576,434.0113714675903,48.845,0.11254313414607729,3,1,
80,9,ode,focei,lbfgsb3c,19,ok,TRUE,TRUE,TRUE,TRUE,-4496.260800607848,4.851523559786626,native,8,TRUE,TRUE,NA,FALSE,focei,"r,s",1,1,1,0,TRUE,27.200000000000003,369.5902404785156,48.77564978599548,445.5658902645111,48.39,0.10860346596835134,3,1,
80,9,ode,focei,lbfgsb3c,20,ok,TRUE,TRUE,TRUE,TRUE,-4509.792987174995,3.4871838405373663,native,8,TRUE,TRUE,NA,FALSE,focei,"r,s",1,1,1,0,TRUE,27.753,213.22283625602722,47.85117316246033,288.82700941848753,47.593,0.16478029563724597,3,1,
80,9,ode,focei,lbfgsb3c,21,ok,TRUE,TRUE,TRUE,TRUE,-4467.061436325421,5.217868799361792,native,27,TRUE,TRUE,NA,FALSE,focei,"r,s",1,1,1,0,TRUE,25.173000000000002,423.3408935070038,58.4037652015686,506.9176587085724,58.01499999999999,0.1144465950304424,3,1,
80,9,ode,focei,lbfgsb3c,22,ok,TRUE,TRUE,TRUE,TRUE,-4490.473834543604,4.064351681972185,native,8,TRUE,TRUE,NA,FALSE,focei,"r,s",1,1,1,0,TRUE,27.772,222.02391648292542,54.578795194625854,304.37471167755126,54.16100000000001,0.17794185233554202,3,1,
80,9,ode,focei,lbfgsb3c,23,ok,TRUE,TRUE,TRUE,TRUE,-4527.9015791396505,3.64306689164547,native,8,TRUE,TRUE,NA,FALSE,focei,"r,s",1,1,1,0,TRUE,26.18,396.3006389141083,50.67889976501465,473.15953867912293,50.268,0.10623900796828205,3,1,
80,9,ode,focei,lbfgsb3c,24,ok,TRUE,TRUE,TRUE,TRUE,-4477.094878812178,3.6258330017151907,native,8,TRUE,TRUE,NA,FALSE,focei,"r,s",1,1,1,0,TRUE,17.021,243.4523196220398,50.80866885185242,311.2819884738922,50.192,0.16124286614228467,3,1,
80,9,ode,focei,lbfgsb3c,25,ok,TRUE,TRUE,TRUE,TRUE,-4524.629254909049,9.280149807509977,native,8,TRUE,TRUE,NA,FALSE,focei,"r,s",1,1,0,1,FALSE,23.115000000000002,293.8966233730316,49.78329062461853,366.79491399765016,49.357000000000006,0.13456293453489981,3,1,
80,9,ode,focei,lbfgsb3c,26,ok,TRUE,TRUE,TRUE,TRUE,-4520.204231620844,4.683783822269025,native,8,TRUE,TRUE,NA,FALSE,focei,"r,s",2,1,1,1,FALSE,16.192999999999998,423.1143102645874,62.1690411567688,501.4763514213562,61.72500000000001,0.12308656195860515,3,1,
80,9,ode,focei,lbfgsb3c,27,ok,TRUE,TRUE,TRUE,TRUE,-4483.014291496983,2.6843797785166963,native,8,TRUE,TRUE,NA,FALSE,focei,"r,s",1,1,0,1,FALSE,15.818999999999999,619.3791613578796,46.44973802566528,681.6478993835449,45.89,0.06732214687597671,3,1,
80,9,ode,focei,lbfgsb3c,28,ok,TRUE,TRUE,TRUE,TRUE,-4487.4773237284635,4.674060425844848,native,8,TRUE,TRUE,NA,FALSE,focei,"r,s",1,1,1,0,TRUE,17.823,546.3370497226715,54.564584493637085,618.7246342163086,54.124,0.08747671743917997,3,1,
80,9,ode,focei,lbfgsb3c,29,ok,TRUE,TRUE,TRUE,TRUE,-4609.8637754021365,6.91129940022053,native,8,TRUE,TRUE,NA,FALSE,focei,"r,s",2,1,0,2,FALSE,15.791,474.3853974342346,60.63462972640991,550.8110271606446,60.035,0.10899382372475766,3,1,
80,9,ode,focei,lbfgsb3c,30,ok,TRUE,TRUE,TRUE,TRUE,-4497.718907918364,2.916274554720942,native,8,TRUE,TRUE,NA,FALSE,focei,"r,s",1,1,1,0,TRUE,21.52,342.71116518974304,52.35569882392883,416.58686401367186,51.987,0.1247927010926918,3,1,
80,9,ode,focei,lbfgsb3c,31,ok,TRUE,TRUE,TRUE,TRUE,-4490.4409337914085,4.396922301644683,native,8,TRUE,TRUE,NA,FALSE,focei,"r,s",1,1,0,1,FALSE,14.365000000000002,595.586466550827,49.789998292922974,659.74146484375,49.265,0.07467319037112165,3,1,
80,9,ode,focei,lbfgsb3c,32,ok,TRUE,TRUE,TRUE,TRUE,-4471.181456899266,3.7459164755491465,native,8,TRUE,TRUE,NA,FALSE,focei,"r,s",1,1,1,0,TRUE,29.528,339.8268070220947,51.74397015571594,421.0987771778107,51.215,0.12162229570753244,3,1,
80,9,ode,focei,lbfgsb3c,33,ok,TRUE,TRUE,TRUE,TRUE,-4472.7095071221775,4.739767833837062,native,27,TRUE,TRUE,NA,FALSE,focei,"r,s",1,1,0,1,FALSE,23.174,301.8376019001007,54.972344160079956,379.98394606018064,54.631,0.1437718634337981,3,1,
80,9,ode,focei,lbfgsb3c,34,ok,TRUE,TRUE,TRUE,TRUE,-4498.107562434347,7.036983773134379,native,27,TRUE,TRUE,NA,FALSE,focei,"r,s",1,1,1,0,TRUE,19.516,312.56824684143066,51.75789928436279,383.8421461257935,51.062000000000005,0.13302864345507767,3,1,
80,9,ode,focei,lbfgsb3c,35,ok,TRUE,TRUE,TRUE,TRUE,-4517.7913943722615,5.297789296413652,native,8,TRUE,TRUE,NA,FALSE,focei,"r,s",2,1,1,1,FALSE,14.937000000000001,528.3301777839661,64.12216138839722,607.3893391723633,63.705,0.1048833028363739,3,1,
80,9,ode,focei,lbfgsb3c,36,ok,TRUE,TRUE,TRUE,TRUE,-4439.997183829612,3.7847472559407427,native,8,TRUE,TRUE,NA,FALSE,focei,"r,s",1,1,1,0,TRUE,20.988,251.90770149230957,53.26058888435364,326.1562903766632,52.970000000000006,0.16240680177845823,3,1,
80,9,ode,focei,lbfgsb3c,37,ok,TRUE,TRUE,TRUE,TRUE,-4509.6291942400485,3.6472058113679098,native,8,TRUE,TRUE,NA,FALSE,focei,"r,s",1,1,1,0,TRUE,19.903000000000002,372.1950294971466,51.232088804244995,443.3301183013916,50.760999999999996,0.11449932658419308,3,1,
80,9,ode,focei,lbfgsb3c,38,ok,TRUE,TRUE,TRUE,TRUE,-4465.773318889433,3.0895089760857077,native,8,TRUE,TRUE,NA,FALSE,focei,"r,s",1,1,1,0,TRUE,21.368,238.33980250358582,50.30380463600159,310.0116071395874,49.970000000000006,0.1611875131420491,3,1,
80,9,ode,focei,lbfgsb3c,39,ok,TRUE,TRUE,TRUE,TRUE,-4464.6971626882,5.976281255230563,native,8,TRUE,TRUE,NA,FALSE,focei,"r,s",1,1,0,1,FALSE,20.575000000000003,325.5425305366516,44.69926714897156,390.81679768562316,44.12,0.11289176990670334,3,1,
80,9,ode,focei,lbfgsb3c,40,ok,TRUE,TRUE,TRUE,TRUE,-4228.993559644212,201.9320410083091,native,27,TRUE,TRUE,NA,FALSE,focei,s,1,1,1,0,TRUE,22.246,289.3726646900177,23.921446323394775,335.54011101341246,23.378,0.06967274323595106,3,1,
80,9,ode,focei,lbfgsb3c,41,ok,TRUE,TRUE,TRUE,TRUE,-4534.014369189035,5.273507452613355,native,8,TRUE,TRUE,NA,FALSE,focei,"r,s",1,1,1,0,TRUE,21.391000000000002,376.14676690101624,50.956027030944824,448.4937939319611,50.58200000000001,0.11278193964858646,3,1,
80,9,ode,focei,lbfgsb3c,42,ok,TRUE,TRUE,TRUE,TRUE,-4526.094912550035,4.206669672672157,native,8,TRUE,TRUE,NA,FALSE,focei,"r,s",1,1,0,1,FALSE,15.108,295.77574729919434,51.60179686546326,362.4855441646576,51.003,0.14070354203375374,3,1,
80,9,ode,focei,lbfgsb3c,43,ok,TRUE,TRUE,TRUE,TRUE,-4472.3602930238585,2.6965162487914673,native,8,TRUE,TRUE,NA,FALSE,focei,"r,s",1,1,1,0,TRUE,20.657,294.3329517841339,52.70348930358887,367.69344108772276,52.187,0.1419307340528531,3,1,
80,9,ode,focei,lbfgsb3c,44,ok,TRUE,TRUE,TRUE,TRUE,-4448.952501288834,5.0467464786537475,native,8,TRUE,TRUE,NA,FALSE,focei,"r,s",2,1,1,1,FALSE,20.412000000000003,475.09693360328674,58.43015241622925,553.939086019516,58.16,0.10499349381161188,3,1,
80,9,ode,focei,lbfgsb3c,45,ok,TRUE,TRUE,TRUE,TRUE,-4511.728415029942,4.2496159597479934,native,8,TRUE,TRUE,NA,FALSE,focei,"r,s",1,1,1,0,TRUE,22.101000000000003,296.2120351791382,49.87473726272583,368.187772441864,49.439,0.13427659390238525,3,1,
80,9,ode,focei,lbfgsb3c,46,ok,TRUE,TRUE,TRUE,TRUE,-4467.597186830587,5.641227984428351,native,8,TRUE,TRUE,NA,FALSE,focei,"r,s",2,1,1,1,FALSE,20.545,470.07495498657227,60.32788944244385,550.9478444290161,59.87799999999999,0.10868179375863708,3,1,
80,9,ode,focei,lbfgsb3c,47,ok,TRUE,TRUE,TRUE,TRUE,-4496.3955585301255,4.5256010440501155,native,8,TRUE,TRUE,NA,FALSE,focei,"r,s",1,1,1,0,TRUE,20.902,248.42945909500122,51.951605558395386,321.2830646533966,51.476,0.16022008522463774,3,1,
80,9,ode,focei,lbfgsb3c,48,ok,TRUE,TRUE,TRUE,TRUE,-4442.78223818408,4.426091329618919,native,8,TRUE,TRUE,NA,FALSE,focei,"r,s",1,1,1,0,TRUE,22.505,497.43551325798035,49.86055326461792,569.8010665225983,49.56300000000001,0.08698298917282624,3,1,
80,9,ode,focei,lbfgsb3c,49,ok,TRUE,TRUE,TRUE,TRUE,-4489.207378240614,5.684240071812162,native,8,TRUE,TRUE,NA,FALSE,focei,"r,s",1,1,1,0,TRUE,22.451,517.4117856025696,49.99082064628601,589.8536062488556,49.720000000000006,0.08429210141850593,3,1,
80,9,ode,focei,lbfgsb3c,50,ok,TRUE,TRUE,TRUE,TRUE,-4535.812948427577,3.647676189019519,native,8,TRUE,TRUE,NA,FALSE,focei,"r,s",1,1,1,0,TRUE,17.019000000000002,370.47201466560364,52.013672828674316,439.50468749427796,51.096999999999994,0.11626042100100523,3,1,
80,9,ode,focei,lbfgsb3c,51,ok,TRUE,TRUE,TRUE,TRUE,-4535.966189260009,4.140132378345893,native,8,TRUE,TRUE,NA,FALSE,focei,"r,s",1,1,1,0,TRUE,22.116,275.3699600696564,49.536603927612305,347.02256399726866,49.187,0.14174006275968595,3,1,
80,9,ode,focei,lbfgsb3c,52,ok,TRUE,TRUE,TRUE,TRUE,-4518.317681804582,4.953780815803305,native,8,TRUE,TRUE,NA,FALSE,focei,"r,s",1,1,1,0,TRUE,20.128,248.1280746459961,52.999359130859375,321.25543377685545,52.58,0.16367038335146777,3,1,
80,9,ode,focei,lbfgsb3c,53,ok,TRUE,TRUE,TRUE,TRUE,-4416.917090691537,2.962000265647672,native,8,TRUE,TRUE,NA,FALSE,focei,"r,s",1,1,1,0,TRUE,20.622,408.6922242641449,51.612207889556885,480.9264321537018,51.26199999999999,0.1065901072861325,3,1,
80,9,ode,focei,lbfgsb3c,54,ok,TRUE,TRUE,TRUE,TRUE,-4460.7714793328305,23.73554193058074,native,8,TRUE,TRUE,NA,FALSE,focei,"r,s",1,1,0,1,FALSE,22.605,269.65795850753784,57.7875497341156,350.05050824165346,57.07,0.16303361559641663,3,1,
80,9,ode,focei,lbfgsb3c,55,ok,TRUE,TRUE,TRUE,TRUE,-4547.022183234553,4.095343047728501,native,8,TRUE,TRUE,NA,FALSE,focei,"r,s",1,1,1,0,TRUE,16.733,432.92681527137756,49.00720548629761,498.6670207576752,48.586999999999996,0.09743375434408487,3,1,
80,9,ode,focei,lbfgsb3c,56,ok,TRUE,TRUE,TRUE,TRUE,-4576.983370685706,4.300783220616683,native,27,TRUE,TRUE,NA,FALSE,focei,"r,s",1,1,1,0,TRUE,21.052,433.0361919403076,53.72731256484985,507.8155045051575,53.269000000000005,0.10489833320845168,3,1,
80,9,ode,focei,lbfgsb3c,57,ok,TRUE,TRUE,TRUE,TRUE,-4562.305259692425,3.879521784562598,native,27,TRUE,TRUE,NA,FALSE,focei,"r,s",1,1,1,0,TRUE,24.475,297.8247082233429,54.51717686653137,376.8168850898743,54.169,0.14375417382657943,3,1,
80,9,ode,focei,lbfgsb3c,58,ok,TRUE,TRUE,TRUE,TRUE,-4522.089965395544,2.306338227691724,native,8,TRUE,TRUE,NA,FALSE,focei,"r,s",1,1,0,1,FALSE,24.590999999999998,250.96969771385193,49.94931674003601,325.51001445388795,49.614000000000004,0.15241927374565728,3,1,
80,9,ode,focei,lbfgsb3c,59,ok,TRUE,TRUE,TRUE,TRUE,-4552.780861576683,2.447991489973258,native,27,TRUE,TRUE,NA,FALSE,focei,"r,s",1,1,0,1,FALSE,23.333000000000002,606.4896590709686,53.110739946365356,682.933399017334,52.699000000000005,0.07716565052438212,3,1,
80,9,ode,focei,lbfgsb3c,60,ok,TRUE,TRUE,TRUE,TRUE,-4474.830169008299,5.009134951018267,native,8,TRUE,TRUE,NA,FALSE,focei,"r,s",1,1,1,0,TRUE,23.14,590.922324180603,52.55104422569275,666.6133684062958,52.264,0.07840226805674484,3,1,
80,9,ode,focei,lbfgsb3c,61,ok,TRUE,TRUE,TRUE,TRUE,-4430.10901863731,2.4804975236816103,native,8,TRUE,TRUE,NA,FALSE,focei,"r,s",1,1,0,1,FALSE,21.351,262.6221616268158,53.63233208656311,337.6054937133789,53.332,0.1579713630053601,3,1,
80,9,ode,focei,lbfgsb3c,62,ok,TRUE,TRUE,TRUE,TRUE,-4241.166806003795,330.51534678783383,native,27,TRUE,TRUE,NA,FALSE,focei,s,2,1,1,1,FALSE,15.100000000000001,443.1780517101288,26.376116037368774,484.6541677474976,26.076,0.05380331323919506,3,1,
80,9,ode,focei,lbfgsb3c,63,ok,TRUE,TRUE,TRUE,TRUE,-4509.555859309689,77.03238164775834,native,8,TRUE,TRUE,NA,FALSE,focei,"r,s",2,1,0,2,FALSE,27.951,516.1659605503082,66.12639117240906,610.2433517227173,65.54200000000002,0.10740305456007823,3,1,
80,9,ode,focei,lbfgsb3c,64,ok,TRUE,TRUE,TRUE,TRUE,-4536.555258887261,6.559441177495377,native,8,TRUE,TRUE,NA,FALSE,focei,"r,s",2,1,1,1,FALSE,15.64,513.6862485408783,58.54330635070801,587.8695548915863,58.00299999999999,0.09866644652264189,3,1,
80,9,ode,focei,lbfgsb3c,65,ok,TRUE,TRUE,TRUE,TRUE,-4533.878353752036,8.61406040654267,native,8,TRUE,TRUE,NA,FALSE,focei,"r,s",3,1,1,2,FALSE,29.001,536.2016468048096,68.30484652519226,633.5074933300018,67.94200000000001,0.1072473502134381,3,1,
80,9,ode,focei,lbfgsb3c,66,ok,TRUE,TRUE,TRUE,TRUE,-4494.60041406751,3.768203927514951,native,8,TRUE,TRUE,NA,FALSE,focei,"r,s",1,1,1,0,TRUE,29.829000000000004,350.61896276474,53.57532286643982,434.0232856311798,53.261,0.12271461408469136,3,1,
80,9,ode,focei,lbfgsb3c,67,ok,TRUE,TRUE,TRUE,TRUE,-4512.295683083344,4.080482910854794,native,8,TRUE,TRUE,NA,FALSE,focei,"r,s",1,1,1,0,TRUE,27.076999999999998,351.86226868629456,47.13530945777893,426.0745781440735,46.754,0.10973196336579023,3,1,
80,9,ode,focei,lbfgsb3c,68,ok,TRUE,TRUE,TRUE,TRUE,-4477.6852640722145,4.746723438575064,native,8,TRUE,TRUE,NA,FALSE,focei,"r,s",1,1,1,0,TRUE,28.678,484.7456967830658,50.91874599456787,564.3424427776337,50.571999999999996,0.08961225696775521,3,1,
80,9,ode,focei,lbfgsb3c,69,ok,TRUE,TRUE,TRUE,TRUE,-4453.4256688556325,2.9303524246004513,native,27,TRUE,TRUE,NA,FALSE,focei,"r,s",1,1,1,0,TRUE,26.488000000000003,249.2724859714508,57.24035334587097,333.0008393173218,56.731,0.1703629339682839,3,1,
80,9,ode,focei,lbfgsb3c,70,ok,TRUE,TRUE,TRUE,TRUE,-4458.772882304814,17.90957148563705,native,8,TRUE,TRUE,NA,FALSE,focei,"r,s",2,1,0,2,FALSE,19.25,402.32406640052795,62.61347842216492,484.18754482269287,62.11500000000001,0.12828706699332015,3,1,
80,9,ode,focei,lbfgsb3c,71,ok,TRUE,TRUE,TRUE,TRUE,-4498.0096870314255,4.971333105566099,native,8,TRUE,TRUE,NA,FALSE,focei,"r,s",1,1,1,0,TRUE,27.864000000000004,354.436443567276,52.408167123794556,434.7086106910706,52.062999999999995,0.1197652835015937,3,1,
80,9,ode,focei,lbfgsb3c,72,ok,TRUE,TRUE,TRUE,TRUE,-4516.653481837905,2.4650511188251305,native,8,TRUE,TRUE,NA,FALSE,focei,"r,s",1,1,0,1,FALSE,27.987,334.27318263053894,46.38324236869812,408.6434249992371,46.09100000000001,0.1127902645199444,3,1,
80,9,ode,focei,lbfgsb3c,73,ok,TRUE,TRUE,TRUE,TRUE,-4492.965794580807,2.9079082218335675,native,8,TRUE,TRUE,NA,FALSE,focei,"r,s",1,1,1,0,TRUE,20.714000000000002,369.05762124061584,49.4968044757843,439.26842571640015,49.201,0.11200668456823046,3,1,
80,9,ode,focei,lbfgsb3c,74,ok,TRUE,TRUE,TRUE,TRUE,-4462.054459190104,3.5996040618301337,native,8,TRUE,TRUE,NA,FALSE,focei,"r,s",1,1,1,0,TRUE,23.749000000000002,550.324866771698,53.402843713760376,627.4767104854584,53.03,0.08451309684302451,3,1,
80,9,ode,focei,lbfgsb3c,75,ok,TRUE,TRUE,TRUE,TRUE,-4446.722748166454,4.066829316975528,native,8,TRUE,TRUE,NA,FALSE,focei,"r,s",1,1,1,0,TRUE,23.174,380.85686135292053,46.21748757362366,450.24834892654417,45.900999999999996,0.1019459596230269,3,1,
80,9,ode,focei,lbfgsb3c,76,ok,TRUE,TRUE,TRUE,TRUE,-4500.905510089391,4.746254270635343,native,8,TRUE,TRUE,NA,FALSE,focei,"r,s",1,1,1,0,TRUE,26.144000000000002,687.0930588245392,47.976786851882935,761.2138456764221,47.392,0.06225845768463001,3,1,
80,9,ode,focei,lbfgsb3c,77,ok,TRUE,TRUE,TRUE,TRUE,-4480.0543834733835,2.999413092114884,native,8,TRUE,TRUE,NA,FALSE,focei,"r,s",1,1,1,0,TRUE,24.880000000000003,272.03194403648376,53.337915658950806,350.24985969543457,52.918,0.15108642740361325,3,1,
80,9,ode,focei,lbfgsb3c,78,ok,TRUE,TRUE,TRUE,TRUE,-4346.224795171464,2.16374722642008,native,8,TRUE,TRUE,NA,FALSE,focei,"r,s",0,1,0,0,FALSE,21.312,113.55232834815979,41.54585790634155,176.41018625450135,41.176,0.2334105579402127,3,1,
80,9,ode,focei,lbfgsb3c,79,ok,TRUE,TRUE,TRUE,TRUE,-4488.261421330484,4.142440240843635,native,27,TRUE,TRUE,NA,FALSE,focei,"r,s",1,1,1,0,TRUE,25.535,437.03846430778503,73.58889985084534,536.1623641586303,73.264,0.13664517485289945,3,1,
80,9,ode,focei,lbfgsb3c,80,ok,TRUE,TRUE,TRUE,TRUE,-4578.885077739903,3.1793914316852456,native,8,TRUE,TRUE,NA,FALSE,focei,"r,s",1,1,1,0,TRUE,28.582,292.60106921195984,54.28022289276123,375.46329210472106,53.900999999999996,0.14355864110669542,3,1,
80,9,ode,focei,lbfgsb3c,81,ok,TRUE,TRUE,TRUE,TRUE,-4467.568203258129,8.894996580183136,native,27,TRUE,TRUE,NA,FALSE,focei,"r,s",1,1,1,0,TRUE,27.626,277.8599941730499,61.27340817451477,366.7594023475647,60.783,0.16572990252175768,3,1,
80,9,ode,focei,lbfgsb3c,82,ok,TRUE,TRUE,TRUE,TRUE,-4526.809316799003,3.91809175888793,native,8,TRUE,TRUE,NA,FALSE,focei,"r,s",1,1,1,0,TRUE,30.076000000000004,443.09501457214355,50.84071469306946,524.011729265213,50.592,0.09654745719326133,3,1,
80,9,ode,focei,lbfgsb3c,83,ok,TRUE,TRUE,TRUE,TRUE,-4451.788218646504,2.903892208745103,native,8,TRUE,TRUE,NA,FALSE,focei,"r,s",1,1,1,0,TRUE,23.755,362.7321443557739,50.947818756103516,437.43496311187744,50.638000000000005,0.11576120856861855,3,1,
80,9,ode,focei,lbfgsb3c,84,ok,TRUE,TRUE,TRUE,TRUE,-4455.182763563031,5.216358210116792,native,8,TRUE,TRUE,NA,FALSE,focei,"r,s",1,1,1,0,TRUE,30.907000000000004,320.066157579422,51.60672450065613,402.5798820800781,51.19200000000001,0.12715985641283806,3,1,
80,9,ode,focei,lbfgsb3c,85,ok,TRUE,TRUE,TRUE,TRUE,-4498.73523489032,6.465855466108469,native,8,TRUE,TRUE,NA,FALSE,focei,"r,s",1,1,1,0,TRUE,34.971,274.4320504665375,52.525182485580444,361.9282329521179,52.12899999999999,0.14403131685749565,3,1,
80,9,ode,focei,lbfgsb3c,86,ok,TRUE,FALSE,TRUE,TRUE,-3652.2170017081876,17038648.29750699,native,27,TRUE,TRUE,NA,FALSE,focei,"r,s",2,1,1,1,FALSE,34.129000000000005,354.070250749588,30.32611894607544,418.52536969566347,29.998000000000005,0.07167546383583262,3,1,
80,9,ode,focei,lbfgsb3c,87,ok,TRUE,TRUE,TRUE,TRUE,-4506.947142087113,2.427287380911609,native,27,TRUE,TRUE,NA,FALSE,focei,"r,s",1,1,1,0,TRUE,30.424,570.7902336120605,53.93294286727905,655.1471764793396,53.489999999999995,0.08164577658328172,3,1,
80,9,ode,focei,lbfgsb3c,88,ok,TRUE,TRUE,TRUE,TRUE,-4475.568641306981,3.861913324899731,native,8,TRUE,TRUE,NA,FALSE,focei,"r,s",1,1,1,0,TRUE,23.996,259.7367329597473,52.62503933906555,336.35777229881285,52.27499999999999,0.15541487161937803,3,1,
80,9,ode,focei,lbfgsb3c,89,ok,TRUE,TRUE,TRUE,TRUE,-4516.214226050931,3.6546513707454045,native,5,TRUE,TRUE,NA,FALSE,focei,"r,s",1,1,1,0,TRUE,24.839000000000002,324.3625662326813,67.25585436820984,416.4574206008911,66.915,0.1606766903167455,3,1,
80,9,ode,focei,lbfgsb3c,90,ok,TRUE,TRUE,TRUE,TRUE,-4481.741629546045,5.46918058902013,native,8,TRUE,TRUE,NA,FALSE,focei,"r,s",2,1,0,2,FALSE,18.573,466.40875482559204,63.264607429504395,548.2463622550964,62.772000000000006,0.11449597174124522,3,1,
80,9,ode,focei,lbfgsb3c,91,ok,TRUE,FALSE,TRUE,TRUE,-3790.478231128696,14413.352668225942,native,27,TRUE,TRUE,NA,FALSE,focei,s,4,1,1,3,FALSE,28.270000000000003,815.1656155586243,38.816789627075195,882.2524051856994,38.50800000000001,0.04364737321616564,3,1,
80,9,ode,focei,lbfgsb3c,92,ok,TRUE,TRUE,TRUE,TRUE,-4455.871216979442,3.3823508092158696,native,8,TRUE,TRUE,NA,FALSE,focei,"r,s",1,1,0,1,FALSE,28.203,253.924147605896,43.353572368621826,325.4807199745178,43.080999999999996,0.13236114263042323,3,1,
80,9,ode,focei,lbfgsb3c,93,ok,TRUE,TRUE,TRUE,TRUE,-4478.407786121171,2.8629399061189926,native,8,TRUE,TRUE,NA,FALSE,focei,"r,s",1,1,0,1,FALSE,21.734,319.06229639053345,51.206318855285645,392.0026152458191,50.70400000000001,0.1293460758372856,3,1,
80,9,ode,focei,lbfgsb3c,94,ok,TRUE,TRUE,TRUE,TRUE,-4455.835295332268,4.313841035028411,native,8,TRUE,TRUE,NA,FALSE,focei,"r,s",1,1,1,0,TRUE,21.576999999999998,228.95912909507751,51.006943225860596,301.5430723209381,50.734,0.16824793754838058,3,1,
80,9,ode,focei,lbfgsb3c,95,ok,TRUE,TRUE,TRUE,TRUE,-4446.060960842083,3.5663055926463705,native,8,TRUE,TRUE,NA,FALSE,focei,"r,s",1,1,1,0,TRUE,16.317,259.49071431159973,52.44901251792908,328.2567268295288,52.11199999999999,0.1587537915927095,3,1,
80,9,ode,focei,lbfgsb3c,96,ok,TRUE,TRUE,TRUE,TRUE,-4481.82274166035,3.3743812748996116,native,27,TRUE,TRUE,NA,FALSE,focei,"r,s",1,1,1,0,TRUE,19.905,328.5036768913269,54.636027097702026,403.0447039890289,54.288,0.134694735999999,3,1,
80,9,ode,focei,lbfgsb3c,97,ok,TRUE,TRUE,TRUE,TRUE,-4539.561479642672,3.1960960705992885,native,27,TRUE,TRUE,NA,FALSE,focei,"r,s",2,1,0,2,FALSE,25.499000000000002,320.8759081363678,62.52359318733215,408.8985013237,61.80200000000001,0.15114264248935247,3,1,
80,9,ode,focei,lbfgsb3c,98,ok,TRUE,TRUE,TRUE,TRUE,-4480.852286248671,3.0786690336512867,native,8,TRUE,TRUE,NA,FALSE,focei,"r,s",1,1,1,0,TRUE,22.186,290.4279553890228,50.306331396102905,362.9202867851257,49.959999999999994,0.13766108376735584,3,1,
80,9,ode,focei,lbfgsb3c,99,ok,TRUE,FALSE,TRUE,TRUE,-4204.3364326644805,3242.3069508324866,native,27,TRUE,TRUE,NA,FALSE,focei,s,2,1,0,2,FALSE,14.716999999999999,273.58255410194397,26.031666040420532,314.3312201423645,25.801000000000002,0.08208220611466596,3,1,
80,9,ode,focei,lbfgsb3c,100,ok,TRUE,TRUE,TRUE,TRUE,-4473.478854750349,5.142692524793404,native,8,TRUE,TRUE,NA,FALSE,focei,"r,s",1,1,1,0,TRUE,23.191000000000003,230.81793069839478,52.651132583618164,306.66006328201297,52.35099999999999,0.17071345854336625,3,1,
80,10,ode,focei,lbfgsb3c,1,ok,TRUE,TRUE,TRUE,TRUE,-4521.050963107905,7.053693565611078,native,8,TRUE,TRUE,NA,FALSE,focei,"r,s",2,2,1,1,FALSE,21.73,435.85649371147156,62.79404616355896,520.3805398750305,62.43899999999999,0.11998719247840192,3,1,
80,10,ode,focei,lbfgsb3c,2,ok,TRUE,TRUE,TRUE,TRUE,-4470.741018989119,6.877290624650021,native,8,TRUE,TRUE,NA,FALSE,focei,"r,s",2,2,1,1,FALSE,22.099,441.6923580169678,60.71157097816467,524.5029289951325,60.353,0.11506704093269247,3,1,
80,10,ode,focei,lbfgsb3c,3,ok,TRUE,TRUE,TRUE,TRUE,-4504.609145694053,4.311468453886158,native,27,TRUE,TRUE,NA,FALSE,focei,"r,s",2,2,1,1,FALSE,24.302,415.3247318267822,67.48630595207214,507.1130377788544,67.032,0.13218354687467493,3,1,
80,10,ode,focei,lbfgsb3c,4,ok,TRUE,TRUE,TRUE,TRUE,-4492.214240498744,8.180594525026674,native,8,TRUE,TRUE,NA,FALSE,focei,"r,s",2,2,2,0,TRUE,23.581,391.43775749206543,59.126089572906494,474.14484706497194,58.83,0.12407600834252774,3,1,
80,10,ode,focei,lbfgsb3c,5,ok,TRUE,TRUE,TRUE,TRUE,-4525.140397544479,5.756540008245893,native,8,TRUE,TRUE,NA,FALSE,focei,"r,s",2,2,2,0,TRUE,24.127000000000002,431.10029220581055,58.701398849487305,513.9286910552978,58.32,0.11347877831114292,3,1,
80,10,ode,focei,lbfgsb3c,6,ok,TRUE,TRUE,TRUE,TRUE,-4452.94837433954,6.798935425514726,native,8,TRUE,TRUE,NA,FALSE,focei,"r,s",2,2,2,0,TRUE,21.173000000000002,501.65054535865784,61.282174825668335,584.1057201843262,60.907999999999994,0.10427564376664428,3,1,
80,10,ode,focei,lbfgsb3c,7,ok,TRUE,TRUE,TRUE,TRUE,-4472.502139144149,8.65274649878883,native,8,TRUE,TRUE,NA,FALSE,focei,"r,s",2,2,1,1,FALSE,23.749000000000002,389.8230035305023,65.38574814796448,478.9577516784668,65.045,0.13580529759056056,3,1,
80,10,ode,focei,lbfgsb3c,8,ok,TRUE,TRUE,TRUE,TRUE,-4507.283182212403,9.620034716155521,native,8,TRUE,TRUE,NA,FALSE,focei,"r,s",2,2,2,0,TRUE,26.496000000000002,532.0003991127014,65.27450466156006,623.7709037742615,64.921,0.10407827554504608,3,1,
80,10,ode,focei,lbfgsb3c,9,ok,TRUE,TRUE,TRUE,TRUE,-4510.035783930058,6.148905825960065,native,8,TRUE,TRUE,NA,FALSE,focei,"r,s",2,2,2,0,TRUE,26.246,656.1645674705505,58.164450883865356,740.5750183544159,57.861000000000004,0.07812982961343905,3,1,
80,10,ode,focei,lbfgsb3c,10,ok,TRUE,TRUE,TRUE,TRUE,-4471.762442089987,6.991738039470431,native,8,TRUE,TRUE,NA,FALSE,focei,"r,s",2,2,2,0,TRUE,24.112000000000002,496.3651602268219,60.24892282485962,580.7260830516815,59.88000000000001,0.10311229639511647,3,1,
80,10,ode,focei,lbfgsb3c,11,ok,TRUE,TRUE,TRUE,TRUE,-4509.03363627564,9.159107977577964,native,8,TRUE,TRUE,NA,FALSE,focei,"r,s",2,2,2,0,TRUE,26.39,450.03392124176025,58.639033794403076,535.0629550361633,58.235,0.10883766003958183,3,1,
80,10,ode,focei,lbfgsb3c,12,ok,TRUE,TRUE,TRUE,TRUE,-4518.587741134331,8.332784836937845,native,8,TRUE,TRUE,NA,FALSE,focei,"r,s",2,2,2,0,TRUE,25.764,467.47606205940247,59.63951587677002,552.8795779361725,58.99100000000001,0.10669773736299998,3,1,
80,10,ode,focei,lbfgsb3c,13,ok,TRUE,TRUE,TRUE,TRUE,-4439.526956934298,7.130512427606276,native,8,TRUE,TRUE,NA,FALSE,focei,"r,s",2,2,2,0,TRUE,36.741,498.5477433204651,59.67886209487915,594.9676054153442,59.308,0.09968273811915751,3,1,
80,10,ode,focei,lbfgsb3c,14,ok,TRUE,TRUE,TRUE,TRUE,-4522.341438393931,6.803524793086827,native,8,TRUE,TRUE,NA,FALSE,focei,"r,s",2,2,2,0,TRUE,24.738999999999997,555.7983276844025,57.32400584220886,637.8613335266114,56.814,0.08906951560441269,3,1,
80,10,ode,focei,lbfgsb3c,15,ok,TRUE,TRUE,TRUE,TRUE,-4474.067970610121,9.027058995165136,native,8,TRUE,TRUE,NA,FALSE,focei,"r,s",2,2,2,0,TRUE,20.18,428.5281677246094,59.61424207687378,508.32240980148316,59.202,0.116465453535917,3,1,
80,10,ode,focei,lbfgsb3c,16,ok,TRUE,TRUE,TRUE,TRUE,-4542.69924882712,6.699083560096831,native,8,TRUE,TRUE,NA,FALSE,focei,"r,s",2,2,1,1,FALSE,26.730999999999998,768.0646107196808,54.87732553482056,849.6729362545013,54.443999999999996,0.06407642008700211,3,1,
80,10,ode,focei,lbfgsb3c,17,ok,TRUE,TRUE,TRUE,TRUE,-4512.901030497874,13.677281129157441,native,8,TRUE,TRUE,NA,FALSE,focei,"r,s",2,2,2,0,TRUE,19.543,424.2742540836334,60.824716329574585,504.641970413208,60.43600000000001,0.11976015381858578,3,1,
80,10,ode,focei,lbfgsb3c,18,ok,TRUE,TRUE,TRUE,TRUE,-4438.936532558949,7.058181050699131,native,8,TRUE,TRUE,NA,FALSE,focei,"r,s",2,2,2,0,TRUE,28.725000000000005,851.9810118675232,62.6601243019104,943.3661361694336,61.949999999999996,0.06566909455913886,3,1,
80,10,ode,focei,lbfgsb3c,19,ok,TRUE,TRUE,TRUE,TRUE,-4518.794718620035,6.5333563691756895,native,8,TRUE,TRUE,NA,FALSE,focei,"r,s",2,2,2,0,TRUE,24.787,459.0715434551239,62.17730760574341,546.0358510608673,61.705999999999996,0.11300723181475046,3,1,
80,10,ode,focei,lbfgsb3c,20,ok,TRUE,TRUE,TRUE,TRUE,-4454.103565704188,6.010800129255573,native,8,TRUE,TRUE,NA,FALSE,focei,"r,s",2,2,1,1,FALSE,27.695999999999998,475.7260913848877,61.06984543800354,564.4919368228913,60.77400000000001,0.10766141380522107,3,1,
80,10,ode,focei,lbfgsb3c,21,ok,TRUE,TRUE,TRUE,TRUE,-4471.908215526301,6.635900657138218,native,8,TRUE,TRUE,NA,FALSE,focei,"r,s",2,2,2,0,TRUE,28.689,478.27804136276245,64.18746280670166,571.1545041694641,63.827,0.11175084768492387,3,1,
80,10,ode,focei,lbfgsb3c,22,ok,TRUE,TRUE,TRUE,TRUE,-4421.868314232062,4.62007011872891,native,27,TRUE,TRUE,NA,FALSE,focei,"r,s",0,2,0,0,FALSE,26.32,124.52675604820251,42.71310782432556,193.55986387252807,42.453,0.2193274946088932,3,1,
80,10,ode,focei,lbfgsb3c,23,ok,TRUE,TRUE,TRUE,TRUE,-4483.983200591733,10.110728185685993,native,8,TRUE,TRUE,NA,FALSE,focei,"r,s",2,2,2,0,TRUE,32.895,435.9510188102722,58.81661319732666,527.6626320075989,58.421,0.11071657619135455,3,1,
80,10,ode,focei,lbfgsb3c,24,ok,TRUE,TRUE,TRUE,TRUE,-4493.427647147783,10.944608064122585,native,8,TRUE,TRUE,NA,FALSE,focei,"r,s",2,2,2,0,TRUE,34.333999999999996,438.79959321022034,58.36142349243164,531.4950167026519,58.086000000000006,0.1092879484747767,3,1,
80,10,ode,focei,lbfgsb3c,25,ok,TRUE,TRUE,TRUE,TRUE,-4565.267399014576,9.988080098976495,native,8,TRUE,TRUE,NA,FALSE,focei,"r,s",2,2,2,0,TRUE,25.285,578.8455145359039,62.26425623893738,666.3947707748413,61.893,0.09287737946688084,3,1,
80,10,ode,focei,lbfgsb3c,26,ok,TRUE,TRUE,TRUE,TRUE,-4465.589207822422,7.501704084344646,native,8,TRUE,TRUE,NA,FALSE,focei,"r,s",2,2,2,0,TRUE,32.871,421.23970890045166,61.18407487869263,515.2947837791443,60.706,0.11780829519519964,3,1,
80,10,ode,focei,lbfgsb3c,27,ok,TRUE,TRUE,TRUE,TRUE,-4447.639101821063,10.074003001904874,native,8,TRUE,TRUE,NA,FALSE,focei,"r,s",2,2,2,0,TRUE,43.790000000000006,498.6397752761841,64.04333209991455,606.4731073760986,63.757,0.10512749736891745,3,1,
80,10,ode,focei,lbfgsb3c,28,ok,TRUE,TRUE,TRUE,TRUE,-4532.849235348628,7.647327206074971,native,8,TRUE,TRUE,NA,FALSE,focei,"r,s",2,2,2,0,TRUE,25.697000000000003,398.3219430446625,62.075438261032104,486.0943813056946,61.778999999999996,0.12709260253956417,3,1,
80,10,ode,focei,lbfgsb3c,29,ok,TRUE,TRUE,TRUE,TRUE,-4528.551980241609,5.668589884772302,native,8,TRUE,TRUE,NA,FALSE,focei,"r,s",2,2,2,0,TRUE,24.386000000000003,415.7376093864441,60.729766845703125,500.85337623214724,60.448,0.12069001202456135,3,1,
80,10,ode,focei,lbfgsb3c,30,ok,TRUE,TRUE,TRUE,TRUE,-4465.768912891936,4.414841610581079,native,8,TRUE,TRUE,NA,FALSE,focei,"r,s",1,2,1,0,FALSE,23.715,418.34853506088257,50.46531128883362,492.52884634971616,50.178000000000004,0.10187829681831775,3,1,
80,10,ode,focei,lbfgsb3c,31,ok,TRUE,TRUE,TRUE,TRUE,-4492.5861745242155,4.958724837626963,native,8,TRUE,TRUE,NA,FALSE,focei,"r,s",2,2,2,0,TRUE,36.385999999999996,910.0432934761047,59.67011308670044,1006.0994065628051,59.011,0.05865324998212915,3,1,
80,10,ode,focei,lbfgsb3c,32,ok,TRUE,TRUE,TRUE,TRUE,-4494.012132340803,6.876852022523082,native,8,TRUE,TRUE,NA,FALSE,focei,"r,s",1,2,1,0,FALSE,27.77,319.31170415878296,55.88079571723938,402.9624998760223,55.51499999999999,0.13776716199914396,3,1,
80,10,ode,focei,lbfgsb3c,33,ok,TRUE,TRUE,TRUE,TRUE,-4533.774811688483,4.623628760143542,native,27,TRUE,TRUE,NA,FALSE,focei,"r,s",1,2,1,0,FALSE,26.81,248.49471807479858,55.160627365112305,330.4653454399109,54.52400000000001,0.16499158157542484,3,1,
80,10,ode,focei,lbfgsb3c,34,ok,TRUE,TRUE,TRUE,TRUE,-4454.474155906164,5.750356189994177,native,8,TRUE,TRUE,NA,FALSE,focei,"r,s",2,2,2,0,TRUE,27.514,636.1351177692413,61.0359423160553,724.6850600852966,60.631,0.08366530971793959,3,1,
80,10,ode,focei,lbfgsb3c,35,ok,TRUE,TRUE,TRUE,TRUE,-4529.244498550359,7.862740229963036,native,8,TRUE,TRUE,NA,FALSE,focei,"r,s",2,2,2,0,TRUE,24.152,405.9470465183258,62.518335819244385,492.6173823375702,62.041000000000004,0.12594155672218219,3,1,
80,10,ode,focei,lbfgsb3c,36,ok,TRUE,TRUE,TRUE,TRUE,-4474.623066684298,6.45196654321939,native,8,TRUE,TRUE,NA,FALSE,focei,"r,s",2,2,2,0,TRUE,23.819,394.7708303928375,62.79240584373474,481.3822362365723,62.46199999999999,0.1297555150524986,3,1,
80,10,ode,focei,lbfgsb3c,37,ok,TRUE,TRUE,TRUE,TRUE,-4520.591165453427,10.987941425229621,native,8,TRUE,TRUE,NA,FALSE,focei,"r,s",3,2,1,2,FALSE,27.593,557.0163202285767,71.58189535140991,656.1912155799865,71.102,0.10835561085217395,3,1,
80,10,ode,focei,lbfgsb3c,38,ok,TRUE,TRUE,TRUE,TRUE,-4464.125348365987,5.81656588954784,native,8,TRUE,TRUE,NA,FALSE,focei,"r,s",2,2,2,0,TRUE,32.495,595.319696187973,58.561362504959106,686.3760586929321,57.775999999999996,0.08417543017165109,3,1,
80,10,ode,focei,lbfgsb3c,39,ok,TRUE,TRUE,TRUE,TRUE,-4501.460497607743,6.926736376767768,native,8,TRUE,TRUE,NA,FALSE,focei,"r,s",2,2,2,0,TRUE,27.639,403.95122241973877,60.43226146697998,492.02248388671876,60.077,0.1221021436366552,3,1,
80,10,ode,focei,lbfgsb3c,40,ok,TRUE,TRUE,TRUE,TRUE,-4282.670160096362,15.944005237868566,native,27,TRUE,TRUE,NA,FALSE,focei,s,2,2,2,0,TRUE,38.931,658.8397226333618,22.658119678497314,720.4288423118592,22.383,0.031068994861689406,3,1,
80,10,ode,focei,lbfgsb3c,41,ok,TRUE,TRUE,TRUE,TRUE,-4483.290420124112,7.301132009052947,native,8,TRUE,TRUE,NA,FALSE,focei,"r,s",2,2,2,0,TRUE,25.878,392.08794379234314,63.70155096054077,481.6674947528839,63.362,0.13154717868704724,3,1,
80,10,ode,focei,lbfgsb3c,42,ok,TRUE,TRUE,TRUE,TRUE,-4531.102218933307,9.64144865260596,native,8,TRUE,TRUE,NA,FALSE,focei,"r,s",2,2,2,0,TRUE,25.275,387.0506982803345,61.44212818145752,473.76782646179197,61.071999999999996,0.12890702278392321,3,1,
80,10,ode,focei,lbfgsb3c,43,ok,TRUE,TRUE,TRUE,TRUE,-4421.077158003958,7.44900606680378,native,8,TRUE,TRUE,NA,FALSE,focei,"r,s",2,2,1,1,FALSE,20.586,399.2774910926819,64.25202631950378,484.1155174121857,63.601,0.1313756690551376,3,1,
80,10,ode,focei,lbfgsb3c,44,ok,TRUE,TRUE,TRUE,TRUE,-4477.003070125683,3.9072704651402503,native,27,TRUE,TRUE,NA,FALSE,focei,"r,s",1,2,1,0,FALSE,22.085,222.10776019096375,53.70804476737976,297.9008049583435,53.40400000000001,0.17926772640801586,3,1,
80,10,ode,focei,lbfgsb3c,45,ok,TRUE,TRUE,TRUE,TRUE,-4585.259839228458,6.454408915754159,native,8,TRUE,TRUE,NA,FALSE,focei,"r,s",2,2,2,0,TRUE,19.481,400.53199791908264,62.52771973609924,482.5407176551819,62.109,0.12871245415683738,3,1,
80,10,ode,focei,lbfgsb3c,46,ok,TRUE,TRUE,TRUE,TRUE,-4472.448861419883,6.9661078893906865,native,8,TRUE,TRUE,NA,FALSE,focei,"r,s",2,2,2,0,TRUE,19.468000000000004,546.0407950878143,61.90225648880005,627.4110515766143,61.57299999999999,0.098138213927335,3,1,
80,10,ode,focei,lbfgsb3c,47,ok,TRUE,TRUE,TRUE,TRUE,-4477.187654907274,10.236553919023002,native,8,TRUE,TRUE,NA,FALSE,focei,"r,s",2,2,2,0,TRUE,19.522,348.11071825027466,58.81775522232056,426.4504734725952,58.412,0.13697252936396073,3,1,
80,10,ode,focei,lbfgsb3c,48,ok,TRUE,TRUE,TRUE,TRUE,-4496.439909738695,7.805019880502899,native,8,TRUE,TRUE,NA,FALSE,focei,"r,s",2,2,2,0,TRUE,20.315,395.19048833847046,61.87466859817505,477.3801569366455,60.883,0.12753567385516604,3,1,
80,10,ode,focei,lbfgsb3c,49,ok,TRUE,TRUE,TRUE,TRUE,-4503.289083195286,3.3660067691468734,native,8,TRUE,TRUE,NA,FALSE,focei,"r,s",2,2,2,0,TRUE,21.335,393.9262285232544,58.97409725189209,474.23532577514646,58.641,0.12365379973360313,3,1,
80,10,ode,focei,lbfgsb3c,50,ok,TRUE,TRUE,TRUE,TRUE,-4494.881552938783,4.710338319408824,native,8,TRUE,TRUE,NA,FALSE,focei,"r,s",2,2,2,0,TRUE,15.493,565.6248643398285,61.156020402908325,642.2738847427369,60.726,0.09454844956731166,3,1,
80,10,ode,focei,lbfgsb3c,51,ok,TRUE,TRUE,TRUE,TRUE,-4481.053099473994,10.411225244605856,native,8,TRUE,TRUE,NA,FALSE,focei,"r,s",1,2,1,0,FALSE,18.348,205.6737220287323,51.933093786239624,275.95481581497194,51.642999999999994,0.18714295616651494,3,1,
80,10,ode,focei,lbfgsb3c,52,ok,TRUE,TRUE,TRUE,TRUE,-4459.723842076712,6.132620829801415,native,8,TRUE,TRUE,NA,FALSE,focei,"r,s",2,2,1,1,FALSE,22.156000000000002,736.6733224391937,58.85034441947937,817.679666858673,58.575,0.07163563235592117,3,1,
80,10,ode,focei,lbfgsb3c,53,ok,TRUE,TRUE,TRUE,TRUE,-4457.901422166774,11.382633970284175,native,8,TRUE,TRUE,NA,FALSE,focei,"r,s",2,2,2,0,TRUE,23.8,760.2122538089752,61.22469186782837,845.2369456768035,60.855,0.07199756270861041,3,1,
80,10,ode,focei,lbfgsb3c,54,ok,TRUE,TRUE,TRUE,TRUE,-4487.856656368297,7.433169472641665,native,8,TRUE,TRUE,NA,FALSE,focei,"r,s",2,2,1,1,FALSE,16.784000000000002,394.08728289604187,62.06134271621704,472.9326256122589,61.627,0.13030820176598654,3,1,
80,10,ode,focei,lbfgsb3c,55,ok,TRUE,TRUE,TRUE,TRUE,-4437.270928940218,7.166196749359285,native,8,TRUE,TRUE,NA,FALSE,focei,"r,s",2,2,2,0,TRUE,20.34,550.3586094379425,60.54408597946167,631.2426954174042,60.24000000000001,0.09543080725895257,3,1,
80,10,ode,focei,lbfgsb3c,56,ok,TRUE,TRUE,TRUE,TRUE,-4435.356038493911,9.586520515328814,native,8,TRUE,TRUE,NA,FALSE,focei,"r,s",4,2,2,2,FALSE,24.112,679.537594795227,80.55102276802063,784.2006175632476,80.054,0.10208357173799784,3,1,
80,10,ode,focei,lbfgsb3c,57,ok,TRUE,TRUE,TRUE,TRUE,-4487.196425164942,11.862104058475103,native,8,TRUE,TRUE,NA,FALSE,focei,"r,s",2,2,2,0,TRUE,22.885,397.46340107917786,61.097644090652466,481.4460451698303,60.688,0.12605358504625847,3,1,
80,10,ode,focei,lbfgsb3c,58,ok,TRUE,TRUE,TRUE,TRUE,-4497.648482727207,11.779614979174081,native,8,TRUE,TRUE,NA,FALSE,focei,"r,s",2,2,1,1,FALSE,24.353,427.0690236091614,57.85269331932068,509.27471692848206,57.356,0.11262290880239115,3,1,
80,10,ode,focei,lbfgsb3c,59,ok,TRUE,TRUE,TRUE,TRUE,-4562.305680941522,8.242191640621952,native,8,TRUE,TRUE,NA,FALSE,focei,"r,s",2,2,2,0,TRUE,21.455,513.6470396518707,60.27730417251587,595.3793438243866,59.79800000000001,0.10043680658433803,3,1,
80,10,ode,focei,lbfgsb3c,60,ok,TRUE,TRUE,TRUE,TRUE,-4482.683438813949,8.919906659589534,native,8,TRUE,TRUE,NA,FALSE,focei,"r,s",2,2,2,0,TRUE,25.101000000000003,414.9132070541382,59.886547803878784,499.90075485801697,59.321,0.11866555395950242,3,1,
80,10,ode,focei,lbfgsb3c,61,ok,TRUE,TRUE,TRUE,TRUE,-4508.11203054654,6.544229016703599,native,27,TRUE,TRUE,NA,FALSE,focei,"r,s",2,2,2,0,TRUE,26.613,441.63578963279724,63.41814422607422,531.6669338588715,63.048,0.11858552034145459,3,1,
80,10,ode,focei,lbfgsb3c,62,ok,TRUE,TRUE,TRUE,TRUE,-4484.11366456982,5.780013909822304,native,8,TRUE,TRUE,NA,FALSE,focei,"r,s",2,2,1,1,FALSE,19.703000000000003,449.1613144874573,60.25300216674805,529.1173166542053,59.928,0.11326032642240061,3,1,
80,10,ode,focei,lbfgsb3c,63,ok,TRUE,TRUE,TRUE,TRUE,-4513.146847324166,9.605932135379092,native,8,TRUE,TRUE,NA,FALSE,focei,"r,s",2,2,2,0,TRUE,21.694000000000003,457.3645918369293,61.574462890625,540.6330547275543,60.891999999999996,0.11263092307717996,3,1,
80,10,ode,focei,lbfgsb3c,64,ok,TRUE,TRUE,TRUE,TRUE,-4474.551757332923,9.314658346784377,native,8,TRUE,TRUE,NA,FALSE,focei,"r,s",2,2,2,0,TRUE,19.438,410.8925881385803,59.70741891860962,490.03800705718993,59.389,0.12119264045792473,3,1,
80,10,ode,focei,lbfgsb3c,65,ok,TRUE,TRUE,TRUE,TRUE,-4463.516574372116,7.554623282107893,native,8,TRUE,TRUE,NA,FALSE,focei,"r,s",2,2,2,0,TRUE,21.389000000000003,392.6083998680115,65.44285988807678,479.44025975608827,65.08999999999999,0.13576248276086378,3,1,
80,10,ode,focei,lbfgsb3c,66,ok,TRUE,TRUE,TRUE,TRUE,-4507.599754658727,10.865204134414018,native,8,TRUE,TRUE,NA,FALSE,focei,"r,s",2,2,2,0,TRUE,18.933,428.65474247932434,66.6495053768158,514.2372478561401,66.095,0.12853016827456717,3,1,
80,10,ode,focei,lbfgsb3c,67,ok,TRUE,TRUE,TRUE,TRUE,-4525.74939865343,7.268543756662286,native,8,TRUE,TRUE,NA,FALSE,focei,"r,s",2,2,2,0,TRUE,24.703,387.85642528533936,58.14995336532593,470.70937865066526,57.848000000000006,0.12289536309182321,3,1,
80,10,ode,focei,lbfgsb3c,68,ok,TRUE,TRUE,TRUE,TRUE,-4476.772577400102,6.470138867372476,native,8,TRUE,TRUE,NA,FALSE,focei,"r,s",2,2,1,1,FALSE,21.097,449.3832347393036,62.89197897911072,533.3722137184143,62.224,0.11666149529276043,3,1,
80,10,ode,focei,lbfgsb3c,69,ok,TRUE,TRUE,TRUE,TRUE,-4568.782073113696,6.891828615733315,native,8,TRUE,TRUE,NA,FALSE,focei,"r,s",2,2,2,0,TRUE,22.684,420.4496898651123,65.9457197189331,509.07940958404544,64.848,0.12738287736482112,3,1,
80,10,ode,focei,lbfgsb3c,70,ok,TRUE,TRUE,TRUE,TRUE,-4462.764955297099,6.968459407440495,native,8,TRUE,TRUE,NA,FALSE,focei,"r,s",4,2,2,2,FALSE,23.454,1006.9912176132202,80.59377384185791,1111.038991455078,80.113,0.07210638025860783,3,1,
80,10,ode,focei,lbfgsb3c,71,ok,TRUE,TRUE,TRUE,TRUE,-4533.1550744007,6.880565671372793,native,8,TRUE,TRUE,NA,FALSE,focei,"r,s",2,2,2,0,TRUE,23.497,470.6153075695038,61.077579975128174,555.1898875446319,60.682,0.10929954122250066,3,1,
80,10,ode,focei,lbfgsb3c,72,ok,TRUE,TRUE,TRUE,TRUE,-4502.170211819993,8.205617631601195,native,8,TRUE,TRUE,NA,FALSE,focei,"r,s",2,2,2,0,TRUE,21.002000000000002,477.9135262966156,61.281673431396484,560.197199728012,60.823,0.10857426640035132,3,1,
80,10,ode,focei,lbfgsb3c,73,ok,TRUE,TRUE,TRUE,TRUE,-4489.81438550251,9.082167266630215,native,8,TRUE,TRUE,NA,FALSE,focei,"r,s",2,2,2,0,TRUE,20.235,383.6333885192871,62.13033580780029,465.9987243270874,61.846000000000004,0.1327171015098958,3,1,
80,10,ode,focei,lbfgsb3c,74,ok,TRUE,TRUE,TRUE,TRUE,-4501.897499419191,9.927183183739555,native,27,TRUE,TRUE,NA,FALSE,focei,"r,s",2,2,2,0,TRUE,17.009,575.4528183937073,64.2187511920929,656.6805695858002,63.8,0.09715530343808057,3,1,
80,10,ode,focei,lbfgsb3c,75,ok,TRUE,TRUE,TRUE,TRUE,-4491.370286144219,7.758394540197691,native,8,TRUE,TRUE,NA,FALSE,focei,"r,s",3,2,1,2,FALSE,20.105,716.6566972732544,76.37553572654724,813.1372329998017,76.042,0.09351680984951104,3,1,
80,10,ode,focei,lbfgsb3c,76,ok,TRUE,TRUE,TRUE,TRUE,-4506.576250319843,15.237051630276847,native,8,TRUE,TRUE,NA,FALSE,focei,"r,s",2,2,2,0,TRUE,17.822,482.06542921066284,59.1008574962616,558.9882867069244,58.793,0.10517751695005545,3,1,
80,10,ode,focei,lbfgsb3c,77,ok,TRUE,TRUE,TRUE,TRUE,-4489.559243649038,3.2967740669718295,native,8,TRUE,TRUE,NA,FALSE,focei,"r,s",1,2,1,0,FALSE,21.297,269.87518429756165,51.56212520599365,342.7343095035553,51.184999999999995,0.1493430875774899,3,1,
80,10,ode,focei,lbfgsb3c,78,ok,TRUE,TRUE,TRUE,TRUE,-4525.152837132205,6.62638623072649,native,8,TRUE,TRUE,NA,FALSE,focei,"r,s",2,2,2,0,TRUE,21.455000000000002,485.09433579444885,60.98605275154114,567.53538854599,60.534,0.10666119015958887,3,1,
80,10,ode,focei,lbfgsb3c,79,ok,TRUE,TRUE,TRUE,TRUE,-4457.907570936226,7.159914644450365,native,8,TRUE,TRUE,NA,FALSE,focei,"r,s",2,2,2,0,TRUE,20.646,384.7823235988617,57.94113302230835,463.36945662117006,57.56100000000001,0.12422268921160093,3,1,
80,10,ode,focei,lbfgsb3c,80,ok,TRUE,TRUE,TRUE,TRUE,-4521.228013476508,7.300174605220143,native,8,TRUE,TRUE,NA,FALSE,focei,"r,s",2,2,2,0,TRUE,21.294999999999998,386.25505447387695,60.88354468345642,468.4335991573334,60.571999999999996,0.12930754776976533,3,1,
80,10,ode,focei,lbfgsb3c,81,ok,TRUE,TRUE,TRUE,TRUE,-4473.794608468294,7.4052090623676845,native,8,TRUE,TRUE,NA,FALSE,focei,"r,s",3,2,2,1,FALSE,35.527,607.1053957939148,70.61290240287781,713.2452981967926,70.21099999999998,0.09843878421281643,3,1,
80,10,ode,focei,lbfgsb3c,82,ok,TRUE,TRUE,TRUE,TRUE,-4422.130086338877,6.207800912280365,native,8,TRUE,TRUE,NA,FALSE,focei,"r,s",2,2,2,0,TRUE,34.439,471.4828510284424,61.80041718482971,567.7222682132721,61.391000000000005,0.10813562094932253,3,1,
80,10,ode,focei,lbfgsb3c,83,ok,TRUE,TRUE,TRUE,TRUE,-4394.8337207539225,7.603000407449246,native,8,TRUE,TRUE,NA,FALSE,focei,"r,s",2,2,2,0,TRUE,26.409,446.99788308143616,59.46769404411316,532.8745771255493,59.118,0.11094167846943719,3,1,
80,10,ode,focei,lbfgsb3c,84,ok,TRUE,TRUE,TRUE,TRUE,-4509.365215562107,9.58342147580394,native,8,TRUE,TRUE,NA,FALSE,focei,"r,s",2,2,2,0,TRUE,23.556,615.5152342319489,58.494298219680786,697.5655324516297,58.153000000000006,0.08336564422215403,3,1,
80,10,ode,focei,lbfgsb3c,85,ok,TRUE,TRUE,TRUE,TRUE,-4516.828628781015,10.472492524945917,native,8,TRUE,TRUE,NA,FALSE,focei,"r,s",2,2,1,1,FALSE,27.803,641.9289002418518,58.42005443572998,728.1519546775818,58.13399999999999,0.07983773115838319,3,1,
80,10,ode,focei,lbfgsb3c,86,ok,TRUE,TRUE,TRUE,TRUE,-4517.398671298754,5.961411096736024,native,8,TRUE,TRUE,NA,FALSE,focei,"r,s",2,2,2,0,TRUE,26.929,396.7490110397339,62.18979358673096,485.8678046264648,61.773,0.12713952110387533,3,1,
80,10,ode,focei,lbfgsb3c,87,ok,TRUE,TRUE,TRUE,TRUE,-4497.9019176391685,10.449714318932946,native,8,TRUE,TRUE,NA,FALSE,focei,"r,s",2,2,2,0,TRUE,26.481,417.6591532230377,60.13882255554199,504.2789757785797,59.654999999999994,0.11829761474369593,3,1,
80,10,ode,focei,lbfgsb3c,88,ok,TRUE,TRUE,TRUE,TRUE,-4444.67488423412,7.933358053955354,native,8,TRUE,TRUE,NA,FALSE,focei,"r,s",2,2,2,0,TRUE,23.411,357.8809480667114,59.47957801818848,440.7715260848999,59.20700000000001,0.13432582754584688,3,1,
80,10,ode,focei,lbfgsb3c,89,ok,TRUE,TRUE,TRUE,TRUE,-4463.954531313747,6.793276380327025,native,8,TRUE,TRUE,NA,FALSE,focei,"r,s",2,2,2,0,TRUE,23.497,517.7792162895203,63.12185597419739,604.3980722637176,62.772,0.10385870319687358,3,1,
80,10,ode,focei,lbfgsb3c,90,ok,TRUE,TRUE,TRUE,TRUE,-4497.660622055028,12.46666462237177,native,8,TRUE,TRUE,NA,FALSE,focei,"r,s",2,2,2,0,TRUE,25.147,579.235419511795,60.53471899032593,664.917138502121,60.16700000000001,0.09048796686988703,3,1,
80,10,ode,focei,lbfgsb3c,91,ok,TRUE,TRUE,TRUE,TRUE,-4549.543861532464,10.545597003118633,native,8,TRUE,TRUE,NA,FALSE,focei,"r,s",2,2,2,0,TRUE,20.724,374.57810616493225,58.93765664100647,454.2397628059387,58.660999999999994,0.12914105017499597,3,1,
80,10,ode,focei,lbfgsb3c,92,ok,TRUE,TRUE,TRUE,TRUE,-4521.23267485258,7.363038456700932,native,8,TRUE,TRUE,NA,FALSE,focei,"r,s",3,2,2,1,FALSE,22.272000000000002,802.70330119133,65.57917165756226,890.5544728488923,65.005,0.07299385044021886,3,1,
80,10,ode,focei,lbfgsb3c,93,ok,TRUE,TRUE,TRUE,TRUE,-4480.98967536043,16.89783789122867,native,8,TRUE,TRUE,NA,FALSE,focei,"r,s",2,2,2,0,TRUE,23.982,434.2277674674988,56.595574617385864,514.8053420848846,56.238,0.10924129064442982,3,1,
80,10,ode,focei,lbfgsb3c,94,ok,TRUE,TRUE,TRUE,TRUE,-4407.550047803266,9.358826510300263,native,8,TRUE,TRUE,NA,FALSE,focei,"r,s",3,2,2,1,FALSE,30.255,777.6882364749908,70.29222750663757,878.2354639816284,69.93399999999998,0.07963012525472658,3,1,
80,10,ode,focei,lbfgsb3c,95,ok,TRUE,TRUE,TRUE,TRUE,-4495.924965117668,6.720977636272921,native,8,TRUE,TRUE,NA,FALSE,focei,"r,s",2,2,1,1,FALSE,23.149,570.6043312549591,62.364317178726196,656.1176484336853,61.983,0.09446933815599795,3,1,
80,10,ode,focei,lbfgsb3c,96,ok,TRUE,TRUE,TRUE,TRUE,-4496.861951639971,6.798235211569007,native,8,TRUE,TRUE,NA,FALSE,focei,"r,s",2,2,2,0,TRUE,25.012,376.26523756980896,60.360816955566406,461.63805452537537,59.975,0.1299177990464027,3,1,
80,10,ode,focei,lbfgsb3c,97,ok,TRUE,TRUE,TRUE,TRUE,-4473.291005557132,8.95569707899906,native,8,TRUE,TRUE,NA,FALSE,focei,"r,s",2,2,2,0,TRUE,26.706,418.8755691051483,66.54784274101257,512.1294118461609,66.062,0.12899473936061387,3,1,
80,10,ode,focei,lbfgsb3c,98,ok,TRUE,TRUE,TRUE,TRUE,-4518.183521543193,6.812379037439464,native,8,TRUE,TRUE,NA,FALSE,focei,"r,s",2,2,2,0,TRUE,28.657,433.59550857543945,61.04545879364014,523.2979673690796,60.769000000000005,0.11612695593969298,3,1,
80,10,ode,focei,lbfgsb3c,99,ok,TRUE,TRUE,TRUE,TRUE,-4520.055946812487,6.913981808070655,native,8,TRUE,TRUE,NA,FALSE,focei,"r,s",2,2,2,0,TRUE,25.909,447.42497205734253,60.722553968429565,534.0565260257721,60.437,0.11316592355821803,3,1,
80,10,ode,focei,lbfgsb3c,100,ok,TRUE,TRUE,TRUE,TRUE,-4497.632170520906,6.696771483209386,native,27,TRUE,TRUE,NA,FALSE,focei,"r,s",3,2,1,2,FALSE,24.029,631.3759961128235,78.68896889686584,734.0939650096893,77.88600000000001,0.1060981341795556,3,1,
80,11,ode,focei,lbfgsb3c,1,ok,TRUE,TRUE,TRUE,TRUE,-4468.809928705807,6.667372852788943,native,8,TRUE,TRUE,NA,FALSE,focei,"r,s",2,2,2,0,TRUE,24.855000000000004,523.2699837684631,60.55308389663696,608.6780676651001,60.147999999999996,0.09881742614898019,3,1,
80,11,ode,focei,lbfgsb3c,2,ok,TRUE,TRUE,TRUE,TRUE,-4521.321526584078,6.42901835001509,native,8,TRUE,TRUE,NA,FALSE,focei,"r,s",2,2,2,0,TRUE,22.736,578.5429978370667,59.22330451011658,660.5023023471832,58.862,0.08911702471108128,3,1,
80,11,ode,focei,lbfgsb3c,3,ok,TRUE,TRUE,TRUE,TRUE,-4488.098371961532,6.493622727822457,native,8,TRUE,TRUE,NA,FALSE,focei,"r,s",2,2,1,1,FALSE,31.519,610.2493712902069,60.07441282272339,701.8427841129303,59.779,0.08517434581243943,3,1,
80,11,ode,focei,lbfgsb3c,4,ok,TRUE,TRUE,TRUE,TRUE,-4565.056818927992,14.6628860380644,native,8,TRUE,TRUE,NA,FALSE,focei,"r,s",2,2,2,0,TRUE,31.201999999999998,580.5703639984131,58.18973112106323,669.9620951194763,57.824,0.08630936051641559,3,1,
80,11,ode,focei,lbfgsb3c,5,ok,TRUE,TRUE,TRUE,TRUE,-4515.203320280455,5.845474567245202,native,8,TRUE,TRUE,NA,FALSE,focei,"r,s",2,2,2,0,TRUE,25.442,390.75999546051025,61.59434127807617,477.79633673858643,61.071000000000005,0.12781805824813885,3,1,
80,11,ode,focei,lbfgsb3c,6,ok,TRUE,TRUE,TRUE,TRUE,-4544.096898315346,4.750242258696753,native,8,TRUE,TRUE,NA,FALSE,focei,"r,s",2,2,0,2,FALSE,28.798,872.5374472141266,70.79525709152222,972.1307043056488,70.08200000000001,0.07209112899078378,3,1,
80,11,ode,focei,lbfgsb3c,7,ok,TRUE,TRUE,TRUE,TRUE,-4498.366505195518,5.352819272270935,native,8,TRUE,TRUE,NA,FALSE,focei,"r,s",2,2,2,0,TRUE,25.887999999999998,387.27002477645874,62.29138207435608,475.4494068508148,61.49500000000001,0.12934078603087992,3,1,
80,11,ode,focei,lbfgsb3c,8,ok,TRUE,TRUE,TRUE,TRUE,-4505.859752819668,4.371322136634349,native,8,TRUE,TRUE,NA,FALSE,focei,"r,s",2,2,2,0,TRUE,28.115000000000002,380.92725825309753,60.933544874191284,469.9758031272888,60.574,0.12888748654065083,3,1,
80,11,ode,focei,lbfgsb3c,9,ok,TRUE,TRUE,TRUE,TRUE,-4539.4274939273055,5.409631384426951,native,8,TRUE,TRUE,NA,FALSE,focei,"r,s",2,2,2,0,TRUE,37.069,739.9951765537262,61.74738645553589,838.811563009262,61.27199999999999,0.07304620334534354,3,1,
80,11,ode,focei,lbfgsb3c,10,ok,TRUE,TRUE,TRUE,TRUE,-4433.823040643131,3.6763827212564526,native,27,TRUE,TRUE,NA,FALSE,focei,"r,s",0,2,0,0,FALSE,34.771,191.19314455986023,47.284353256225586,273.24849781608583,46.94700000000001,0.17181064260268475,3,1,
80,11,ode,focei,lbfgsb3c,11,ok,TRUE,TRUE,TRUE,TRUE,-4473.882158790771,5.0984580448123715,native,8,TRUE,TRUE,NA,FALSE,focei,"r,s",3,2,2,1,FALSE,24.662000000000003,528.080956697464,76.68083167076111,629.4237883682251,76.184,0.12103768781524171,3,1,
80,11,ode,focei,lbfgsb3c,12,ok,TRUE,TRUE,TRUE,TRUE,-4556.739277947006,3.437671699111094,native,8,TRUE,TRUE,NA,FALSE,focei,"r,s",2,2,1,1,FALSE,24.338,502.89448642730713,65.35653638839722,592.5890228157043,64.75399999999999,0.10927303326058832,3,1,
80,11,ode,focei,lbfgsb3c,13,ok,TRUE,TRUE,TRUE,TRUE,-4494.324042893636,4.4453679582085766,native,27,TRUE,TRUE,NA,FALSE,focei,"r,s",2,2,2,0,TRUE,27.415,550.2481496334076,67.66615915298462,645.3293087863922,66.849,0.10358897246696634,3,1,
80,11,ode,focei,lbfgsb3c,14,ok,TRUE,TRUE,TRUE,TRUE,-4479.129909882724,4.93772632096973,native,8,TRUE,TRUE,NA,FALSE,focei,"r,s",2,2,2,0,TRUE,21.104000000000003,427.92075991630554,58.95523262023926,507.9799925365448,58.049,0.1142741857019573,3,1,
80,11,ode,focei,lbfgsb3c,15,ok,TRUE,TRUE,TRUE,TRUE,-4411.541325645742,5.102538127479052,native,8,TRUE,TRUE,NA,FALSE,focei,"r,s",2,2,2,0,TRUE,20.833,845.0330245494843,60.425114154815674,926.2911387042999,59.97899999999999,0.06475177996833574,3,1,
80,11,ode,focei,lbfgsb3c,16,ok,TRUE,TRUE,TRUE,TRUE,-4548.439694925439,4.448470558916806,native,8,TRUE,TRUE,NA,FALSE,focei,"r,s",2,2,2,0,TRUE,21.566000000000003,565.3833606243134,62.53836941719055,649.4877300415039,62.171,0.09572313243858681,3,1,
80,11,ode,focei,lbfgsb3c,17,ok,TRUE,TRUE,TRUE,TRUE,-4547.128141997635,3.9764152452976984,native,8,TRUE,TRUE,NA,FALSE,focei,"r,s",2,2,2,0,TRUE,32.635,396.7945373058319,64.1778974533081,493.60743475914,63.458000000000006,0.12855965192453975,3,1,
80,11,ode,focei,lbfgsb3c,18,ok,TRUE,TRUE,TRUE,TRUE,-4455.290666130959,5.011458127335559,native,8,TRUE,TRUE,NA,FALSE,focei,"r,s",2,2,2,0,TRUE,27.978,431.4962646961212,65.12804245948792,524.6023071556091,64.664,0.12326289670857123,3,1,
80,11,ode,focei,lbfgsb3c,19,ok,TRUE,TRUE,TRUE,TRUE,-4469.463541574715,5.109487068170267,native,8,TRUE,TRUE,NA,FALSE,focei,"r,s",2,2,2,0,TRUE,22.558,373.04972982406616,64.45564365386963,460.0633734779358,63.05299999999999,0.1370528575733794,3,1,
80,11,ode,focei,lbfgsb3c,20,ok,TRUE,TRUE,TRUE,TRUE,-4458.853743429172,3.3322005996304362,native,8,TRUE,TRUE,NA,FALSE,focei,"r,s",2,2,2,0,TRUE,21.569,378.9426169395447,59.68291711807251,460.1945340576172,59.257,0.12876511043605945,3,1,
80,11,ode,focei,lbfgsb3c,21,ok,TRUE,TRUE,TRUE,TRUE,-4507.977114668324,5.85919209749595,native,8,TRUE,TRUE,NA,FALSE,focei,"r,s",2,2,1,1,FALSE,31.254000000000005,373.67531657218933,60.43067789077759,465.35999446296694,60.076,0.12909575536102688,3,1,
80,11,ode,focei,lbfgsb3c,22,ok,TRUE,TRUE,TRUE,TRUE,-4541.182035074606,4.429113979713324,native,8,TRUE,TRUE,NA,FALSE,focei,"r,s",2,2,1,1,FALSE,30.524,381.96545481681824,61.16144299507141,473.65089781188965,60.822,0.12841103074221438,3,1,
80,11,ode,focei,lbfgsb3c,23,ok,TRUE,TRUE,TRUE,TRUE,-4430.088825224205,5.9914536625884205,native,8,TRUE,TRUE,NA,FALSE,focei,"r,s",2,2,2,0,TRUE,31.860000000000003,568.8842310905457,61.64599561691284,662.3902267074585,61.181000000000004,0.09236398354503546,3,1,
80,11,ode,focei,lbfgsb3c,24,ok,TRUE,TRUE,TRUE,TRUE,-4505.672846811177,7.302703989546476,native,8,TRUE,TRUE,NA,FALSE,focei,"r,s",2,2,2,0,TRUE,28.76,599.3670401573181,60.00665855407715,688.1336987113953,59.509,0.08647883414434875,3,1,
80,11,ode,focei,lbfgsb3c,25,ok,TRUE,TRUE,TRUE,TRUE,-4553.742176038985,10.377029127682642,native,8,TRUE,TRUE,NA,FALSE,focei,"r,s",2,2,1,1,FALSE,29.198,442.2389872074127,65.8962779045105,537.3332651119232,65.587,0.12206018919438877,3,1,
80,11,ode,focei,lbfgsb3c,26,ok,TRUE,TRUE,TRUE,TRUE,-4448.739107170554,8.460563015957518,native,8,TRUE,TRUE,NA,FALSE,focei,"r,s",3,2,0,3,FALSE,21.016,657.870064496994,72.92290616035461,751.8089706573486,72.475,0.09640081833105962,3,1,
80,11,ode,focei,lbfgsb3c,27,ok,TRUE,TRUE,TRUE,TRUE,-4481.138758053819,5.476335275770727,native,8,TRUE,TRUE,NA,FALSE,focei,"r,s",2,2,2,0,TRUE,21.668,700.8631503582001,59.497000217437744,782.0281505756378,59.190000000000005,0.07568781246101082,3,1,
80,11,ode,focei,lbfgsb3c,28,ok,TRUE,TRUE,TRUE,TRUE,-4478.107288148373,4.1284304910212555,native,8,TRUE,TRUE,NA,FALSE,focei,"r,s",2,2,2,0,TRUE,18.776,449.64017701148987,58.36459565162659,526.7807726631164,58.01499999999999,0.11013120260010209,3,1,
80,11,ode,focei,lbfgsb3c,29,ok,TRUE,TRUE,TRUE,TRUE,-4472.534762867871,4.532147322225388,native,8,TRUE,TRUE,NA,FALSE,focei,"r,s",2,2,2,0,TRUE,22.569000000000003,386.4913921356201,62.13980507850647,471.2001972141266,61.705999999999996,0.13095495367961202,3,1,
80,11,ode,focei,lbfgsb3c,30,ok,TRUE,TRUE,TRUE,TRUE,-4436.7516621272025,4.8752277566423805,native,8,TRUE,TRUE,NA,FALSE,focei,"r,s",2,2,2,0,TRUE,24.484,454.01963353157043,62.08500027656555,540.588633808136,61.723,0.11417739134690451,3,1,
80,11,ode,focei,lbfgsb3c,31,ok,TRUE,TRUE,TRUE,TRUE,-4441.65069668538,4.169417504496922,native,8,TRUE,TRUE,NA,FALSE,focei,"r,s",2,2,2,0,TRUE,21.154,457.7207601070404,58.313175439834595,537.187935546875,57.97699999999999,0.107926846757974,3,1,
80,11,ode,focei,lbfgsb3c,32,ok,TRUE,TRUE,TRUE,TRUE,-4518.256444735251,6.855946860433778,native,8,TRUE,TRUE,NA,FALSE,focei,"r,s",2,2,2,0,TRUE,22.386,460.74252557754517,58.02040386199951,541.1489294395446,57.66900000000001,0.1065677059727836,3,1,
80,11,ode,focei,lbfgsb3c,33,ok,TRUE,TRUE,TRUE,TRUE,-4437.835462866367,4.057523007589267,native,8,TRUE,TRUE,NA,FALSE,focei,"r,s",2,2,2,0,TRUE,20.18,549.2501204013824,63.36058259010315,632.7907029914855,62.94100000000001,0.09946574705103862,3,1,
80,11,ode,focei,lbfgsb3c,34,ok,TRUE,TRUE,TRUE,TRUE,-4472.03491483026,9.163362846005736,native,8,TRUE,TRUE,NA,FALSE,focei,"r,s",2,2,2,0,TRUE,23.177,602.7065784931183,60.176233530044556,686.0598120231629,59.788,0.08714692065067561,3,1,
80,11,ode,focei,lbfgsb3c,35,ok,TRUE,TRUE,TRUE,TRUE,-4476.633134901257,4.935709473209318,native,8,TRUE,TRUE,NA,FALSE,focei,"r,s",2,2,2,0,TRUE,23.255000000000003,526.9759907722473,59.65464735031128,609.8856381225586,59.285,0.09720674876440766,3,1,
80,11,ode,focei,lbfgsb3c,36,ok,TRUE,TRUE,TRUE,TRUE,-4456.904843863573,4.847613148959339,native,8,TRUE,TRUE,NA,FALSE,focei,"r,s",2,2,2,0,TRUE,22.057,431.3622395992279,63.79081583023071,517.2100554294586,63.454,0.12268516308584101,3,1,
80,11,ode,focei,lbfgsb3c,37,ok,TRUE,TRUE,TRUE,TRUE,-4485.876754103998,2.976344560511953,native,8,TRUE,TRUE,NA,FALSE,focei,"r,s",0,2,0,0,FALSE,19.637999999999998,281.7404661178589,39.83783960342407,341.21630572128294,39.331,0.11526705887299213,3,1,
80,11,ode,focei,lbfgsb3c,38,ok,TRUE,TRUE,TRUE,TRUE,-4506.074139492496,3.1372781443636772,native,8,TRUE,TRUE,NA,FALSE,focei,"r,s",2,2,2,0,TRUE,21.642000000000003,463.5778317451477,59.92001223564148,545.1398439807892,59.574999999999996,0.10928388496603712,3,1,
80,11,ode,focei,lbfgsb3c,39,ok,TRUE,TRUE,TRUE,TRUE,-4459.575797858366,5.844164357153505,native,8,TRUE,TRUE,NA,FALSE,focei,"r,s",2,2,2,0,TRUE,18.092,367.57209730148315,59.85483694076538,445.5189342422485,59.138000000000005,0.13273958849938358,3,1,
80,11,ode,focei,lbfgsb3c,40,ok,TRUE,TRUE,TRUE,TRUE,-4455.88639877297,4.8503601368639515,native,8,TRUE,TRUE,NA,FALSE,focei,"r,s",2,2,2,0,TRUE,22.532000000000004,399.48688793182373,64.02448844909668,486.0433763809204,63.59,0.13083194441099316,3,1,
80,11,ode,focei,lbfgsb3c,41,ok,TRUE,TRUE,TRUE,TRUE,-4429.884801187247,6.038212027511897,native,8,TRUE,TRUE,NA,FALSE,focei,"r,s",2,2,2,0,TRUE,24.157,603.7947449684143,64.62364292144775,692.5753878898621,63.701,0.09197699068412485,3,1,
80,11,ode,focei,lbfgsb3c,42,ok,TRUE,TRUE,TRUE,TRUE,-4539.2474018338435,6.717151844857937,native,8,TRUE,TRUE,NA,FALSE,focei,"r,s",2,2,2,0,TRUE,31.494000000000003,644.549703836441,65.63724446296692,741.680948299408,65.176,0.08787606065578646,3,1,
80,11,ode,focei,lbfgsb3c,43,ok,TRUE,TRUE,TRUE,TRUE,-4395.118403152039,3.0595834607312957,native,8,TRUE,TRUE,NA,FALSE,focei,"r,s",2,2,1,1,FALSE,21.246000000000002,550.2787837982178,65.50698828697205,637.0317720851898,65.074,0.10215189077146641,3,1,
80,11,ode,focei,lbfgsb3c,44,ok,TRUE,TRUE,TRUE,TRUE,-4522.732069255102,4.505511671198474,native,8,TRUE,TRUE,NA,FALSE,focei,"r,s",2,2,1,1,FALSE,22.708000000000002,604.7859790325165,62.7554988861084,690.2494779186248,61.77900000000001,0.08950242191604132,3,1,
80,11,ode,focei,lbfgsb3c,45,ok,TRUE,TRUE,TRUE,TRUE,-4465.956326691953,4.931530417661288,native,8,TRUE,TRUE,NA,FALSE,focei,"r,s",2,2,1,1,FALSE,21.114,623.7848193645477,62.6580605506897,707.5568799152375,62.285,0.08802825860086541,3,1,
80,11,ode,focei,lbfgsb3c,46,ok,TRUE,TRUE,TRUE,TRUE,-4471.099244554454,2.925754707720028,native,8,TRUE,TRUE,NA,FALSE,focei,"r,s",2,2,1,1,FALSE,20.878,488.6609516143799,62.12229132652283,571.6612429409028,61.694,0.10792055743120897,3,1,
80,11,ode,focei,lbfgsb3c,47,ok,TRUE,TRUE,TRUE,TRUE,-4516.621010335263,19.659703074115768,native,8,TRUE,TRUE,NA,FALSE,focei,"r,s",3,2,2,1,FALSE,20.608,612.6443858146667,71.88022065162659,705.1326064662933,71.452,0.10133129477315632,3,1,
80,11,ode,focei,lbfgsb3c,48,ok,TRUE,TRUE,TRUE,TRUE,-4488.2166799404895,11.498666285411375,native,27,TRUE,TRUE,NA,FALSE,focei,"r,s",2,2,1,1,FALSE,24.705,428.2730369567871,73.13274192810059,526.1107788848877,72.632,0.13805457503445634,3,1,
80,11,ode,focei,lbfgsb3c,49,ok,TRUE,TRUE,TRUE,TRUE,-4487.144935394024,8.501913720187533,native,8,TRUE,TRUE,NA,FALSE,focei,"r,s",3,2,1,2,FALSE,31.531,575.2786808013916,72.13748216629028,678.9471629676818,71.72399999999999,0.10564003196728003,3,1,
80,11,ode,focei,lbfgsb3c,50,ok,TRUE,TRUE,TRUE,TRUE,-4430.877480150336,12.257449304171367,native,8,TRUE,TRUE,NA,FALSE,focei,"r,s",2,2,2,0,TRUE,31.804000000000002,401.02250361442566,61.46295475959778,494.2894583740234,61.051,0.12351264823819767,3,1,
80,11,ode,focei,lbfgsb3c,51,ok,TRUE,TRUE,TRUE,TRUE,-4493.501002664187,8.28711045718902,native,27,TRUE,TRUE,NA,FALSE,focei,"r,s",2,2,2,0,TRUE,27.191000000000003,657.254677772522,72.19519686698914,756.6408746395111,71.815,0.0949129268680007,3,1,
80,11,ode,focei,lbfgsb3c,52,ok,TRUE,TRUE,TRUE,TRUE,-4519.314848238335,3.1565928203476132,native,8,TRUE,TRUE,NA,FALSE,focei,"r,s",2,2,0,2,FALSE,29.314,382.4889109134674,60.84278726577759,472.645698179245,60.385999999999996,0.1277616621342851,3,1,
80,11,ode,focei,lbfgsb3c,53,ok,TRUE,TRUE,TRUE,TRUE,-4518.676543977516,4.782693711072009,native,8,TRUE,TRUE,NA,FALSE,focei,"r,s",2,2,2,0,TRUE,40.671,387.0662000179291,58.98188257217407,486.71908259010314,58.664,0.12052948425160609,3,1,
80,11,ode,focei,lbfgsb3c,54,ok,TRUE,TRUE,TRUE,TRUE,-3691.519153603356,41.34330771951214,native,27,TRUE,TRUE,NA,FALSE,focei,s,2,2,2,0,TRUE,24.615,398.50643587112427,25.948873281478882,449.07030915260316,25.614,0.05703783901530628,3,1,
80,11,ode,focei,lbfgsb3c,55,ok,TRUE,TRUE,TRUE,TRUE,-4507.271833570324,7.078809929402025,native,8,TRUE,TRUE,NA,FALSE,focei,"r,s",2,2,2,0,TRUE,27.319,404.3163688182831,60.78669595718384,492.42206477546694,60.41499999999999,0.12268946564680816,3,1,
80,11,ode,focei,lbfgsb3c,56,ok,TRUE,TRUE,TRUE,TRUE,-4487.112852920448,3.4907164935820316,native,8,TRUE,TRUE,NA,FALSE,focei,"r,s",2,2,2,0,TRUE,25.426,400.141743183136,60.49872708320618,486.06647026634215,60.222,0.12389663489234529,3,1,
80,11,ode,focei,lbfgsb3c,57,ok,TRUE,TRUE,TRUE,TRUE,-4515.618057020256,9.48098093521778,native,8,TRUE,TRUE,NA,FALSE,focei,"r,s",2,2,2,0,TRUE,28.997,373.9504380226135,62.33725547790527,465.2846935005188,62.025999999999996,0.13330763050328204,3,1,
80,11,ode,focei,lbfgsb3c,58,ok,TRUE,TRUE,TRUE,TRUE,-4526.69367557465,5.494975851558486,native,8,TRUE,TRUE,NA,FALSE,focei,"r,s",2,2,2,0,TRUE,22.825000000000003,407.92942476272583,62.51333999633789,493.2677647590637,62.17199999999999,0.12604107635204553,3,1,
80,11,ode,focei,lbfgsb3c,59,ok,TRUE,TRUE,TRUE,TRUE,-4482.047417526441,9.385933759215483,native,27,TRUE,TRUE,NA,FALSE,focei,"r,s",3,2,1,2,FALSE,21.609,551.7672097682953,78.09464073181152,651.4708505001068,77.633,0.11916573080806976,3,1,
80,11,ode,focei,lbfgsb3c,60,ok,TRUE,TRUE,TRUE,TRUE,-4525.40072720315,5.829949829969601,native,8,TRUE,TRUE,NA,FALSE,focei,"r,s",2,2,1,1,FALSE,31.585,381.755597114563,64.20814418792725,477.5487413024902,63.87899999999999,0.13376435633726774,3,1,
80,11,ode,focei,lbfgsb3c,61,ok,TRUE,TRUE,TRUE,TRUE,-4374.3276151961645,4.846142187517876,native,8,TRUE,TRUE,NA,FALSE,focei,"r,s",2,2,2,0,TRUE,24.331000000000003,394.82188725471497,60.072765588760376,479.22565284347536,59.501999999999995,0.12416280231858651,3,1,
80,11,ode,focei,lbfgsb3c,62,ok,TRUE,FALSE,TRUE,TRUE,-3737.9829570611278,3805.1945624155305,native,27,TRUE,TRUE,NA,FALSE,focei,s,3,2,0,3,FALSE,22.631,787.5975949764252,32.22929406166077,842.4578890380859,31.787999999999993,0.03773244979199538,3,1,
80,11,ode,focei,lbfgsb3c,63,ok,TRUE,TRUE,TRUE,TRUE,-4523.557521965514,4.507423212565749,native,27,TRUE,TRUE,NA,FALSE,focei,"r,s",2,2,2,0,TRUE,32.199999999999996,411.3323676586151,66.02157783508301,509.5539454936981,65.53,0.12860267412218565,3,1,
80,11,ode,focei,lbfgsb3c,64,ok,TRUE,TRUE,TRUE,TRUE,-4533.681708512868,8.331390801270436,native,8,TRUE,TRUE,NA,FALSE,focei,"r,s",2,2,0,2,FALSE,38.668,449.25241589546204,72.38175249099731,560.3021683864594,71.937,0.12838965126114346,3,1,
80,11,ode,focei,lbfgsb3c,65,ok,TRUE,TRUE,TRUE,TRUE,-4541.474266714308,7.28675210061106,native,27,TRUE,TRUE,NA,FALSE,focei,"r,s",2,2,2,0,TRUE,23.775,382.0472049713135,63.23887348175049,469.06107845306394,62.668,0.13360306978928077,3,1,
80,11,ode,focei,lbfgsb3c,66,ok,TRUE,TRUE,TRUE,TRUE,-4524.0657979112375,6.617710197587805,native,8,TRUE,TRUE,NA,FALSE,focei,"r,s",2,2,2,0,TRUE,34.542,512.9602262973785,62.510258197784424,610.012484495163,62.23199999999999,0.10201758419994017,3,1,
80,11,ode,focei,lbfgsb3c,67,ok,TRUE,TRUE,TRUE,TRUE,-4469.386003327148,5.6712242806039495,native,8,TRUE,TRUE,NA,FALSE,focei,"r,s",2,2,2,0,TRUE,23.649,380.14983224868774,58.59645962715149,462.39529187583923,58.125,0.12570413458190557,3,1,
80,11,ode,focei,lbfgsb3c,68,ok,TRUE,TRUE,TRUE,TRUE,-4496.6252794223765,10.194490697715928,native,8,TRUE,TRUE,NA,FALSE,focei,"r,s",2,2,1,1,FALSE,35.11900000000001,426.07365584373474,63.49822163581848,524.6908774795533,63.12499999999999,0.12030893371585238,3,1,
80,11,ode,focei,lbfgsb3c,69,ok,TRUE,TRUE,TRUE,TRUE,-4507.205629540453,4.572713232170684,native,8,TRUE,TRUE,NA,FALSE,focei,"r,s",2,2,2,0,TRUE,34.057,585.4859471321106,59.195632457733154,678.7385795898438,58.699000000000005,0.08648248643162636,3,1,
80,11,ode,focei,lbfgsb3c,70,ok,TRUE,TRUE,TRUE,TRUE,-4508.538336332122,4.508651442920956,native,8,TRUE,TRUE,NA,FALSE,focei,"r,s",2,2,2,0,TRUE,24.724,427.1833839416504,62.90679168701172,514.8141756286622,62.492,0.12138748884233476,3,1,
80,11,ode,focei,lbfgsb3c,71,ok,TRUE,TRUE,TRUE,TRUE,-4495.036444722307,8.602710300172424,native,8,TRUE,TRUE,NA,FALSE,focei,"r,s",2,2,2,0,TRUE,20.997999999999998,420.265588760376,62.112141609191895,503.37573036956786,61.79899999999999,0.12276912904527294,3,1,
80,11,ode,focei,lbfgsb3c,72,ok,TRUE,TRUE,TRUE,TRUE,-4545.250036256098,89.7461174374414,native,8,TRUE,TRUE,NA,FALSE,focei,s,3,2,2,1,FALSE,22.27,572.7806298732758,51.45665526390076,646.5072851371765,51.09599999999999,0.07903391218423532,3,1,
80,11,ode,focei,lbfgsb3c,73,ok,TRUE,TRUE,TRUE,TRUE,-4441.259416073228,5.444692468434792,native,8,TRUE,TRUE,NA,FALSE,focei,"r,s",2,2,2,0,TRUE,21.374000000000002,363.3742377758026,61.913519620895386,446.661757396698,61.540000000000006,0.13777763370358095,3,1,
80,11,ode,focei,lbfgsb3c,74,ok,TRUE,TRUE,TRUE,TRUE,-4514.779492023251,5.628446592564903,native,8,TRUE,TRUE,NA,FALSE,focei,"r,s",2,2,1,1,FALSE,23.529000000000003,553.3028814792633,60.32789969444275,637.159781173706,60.002,0.09417104119389155,3,1,
80,11,ode,focei,lbfgsb3c,75,ok,TRUE,TRUE,TRUE,TRUE,-4501.25811832318,5.599071051603633,native,8,TRUE,TRUE,NA,FALSE,focei,"r,s",3,2,2,1,FALSE,33.742999999999995,672.5165965557098,73.83559036254883,780.0951869182586,73.44,0.09414235753731849,3,1,
80,11,ode,focei,lbfgsb3c,76,ok,TRUE,TRUE,TRUE,TRUE,-4479.036207684477,12.543901269657932,native,8,TRUE,TRUE,NA,FALSE,focei,"r,s",3,2,2,1,FALSE,31.149,496.37686920166016,78.36658358573914,605.8924527873993,77.82800000000002,0.1284518393354356,3,1,
80,11,ode,focei,lbfgsb3c,77,ok,TRUE,TRUE,TRUE,TRUE,-4589.575373925539,7.298734593277441,native,8,TRUE,TRUE,NA,FALSE,focei,"r,s",2,2,1,1,FALSE,33.032,414.81680512428284,62.81327486038208,510.6620799846649,62.38799999999999,0.12217081010180644,3,1,
80,11,ode,focei,lbfgsb3c,78,ok,TRUE,TRUE,TRUE,TRUE,-4433.250712181995,4.121063740122207,native,8,TRUE,TRUE,NA,FALSE,focei,"r,s",2,2,2,0,TRUE,29.092000000000002,546.3635218143463,59.92214512825012,635.3776669425964,59.594,0.0937930353875407,3,1,
80,11,ode,focei,lbfgsb3c,79,ok,TRUE,TRUE,TRUE,TRUE,-4501.988461517438,3.245899997554507,native,8,TRUE,TRUE,NA,FALSE,focei,"r,s",2,2,2,0,TRUE,26.639000000000003,746.1788446903229,60.625020265579224,833.4428649559021,60.028000000000006,0.07202413329577921,3,1,
80,11,ode,focei,lbfgsb3c,80,ok,TRUE,TRUE,TRUE,TRUE,-4249.818465025203,164.86028706669387,native,27,TRUE,TRUE,NA,FALSE,focei,|r|,2,2,1,1,FALSE,34.921,564.6228251457214,26.22500777244568,625.7688329181672,25.574999999999996,0.040869724816327634,3,1,
80,11,ode,focei,lbfgsb3c,81,ok,TRUE,TRUE,TRUE,TRUE,-4487.751003196055,9.10474803437606,native,8,TRUE,TRUE,NA,FALSE,focei,"r,s",2,2,2,0,TRUE,26.532,408.50177454948425,62.89603614807129,497.9298106975555,62.25599999999999,0.12502967017135377,3,1,
80,11,ode,focei,lbfgsb3c,82,ok,TRUE,TRUE,TRUE,TRUE,-4449.359639844435,5.37736231454702,native,8,TRUE,TRUE,NA,FALSE,focei,"r,s",2,2,1,1,FALSE,39.137,445.5598270893097,63.279271364212036,547.9760984535217,62.575,0.11419293683902802,3,1,
80,11,ode,focei,lbfgsb3c,83,ok,TRUE,TRUE,TRUE,TRUE,-4476.687031787712,7.4766384825198955,native,8,TRUE,TRUE,NA,FALSE,focei,"r,s",2,2,2,0,TRUE,22.36,591.4326312541962,58.20873236656189,672.0013636207581,57.171,0.08507572022169925,3,1,
80,11,ode,focei,lbfgsb3c,84,ok,TRUE,TRUE,TRUE,TRUE,-4499.7300318468715,5.163532619560054,native,8,TRUE,TRUE,NA,FALSE,focei,"r,s",2,2,2,0,TRUE,23.393,548.5540547370911,67.51258301734924,639.4596377544403,66.57900000000001,0.10411759565279566,3,1,
80,11,ode,focei,lbfgsb3c,85,ok,TRUE,TRUE,TRUE,TRUE,-3211.84294001909,10.87855534389273,native,27,TRUE,TRUE,NA,FALSE,focei,s,2,2,2,0,TRUE,32.527,375.8296046257019,27.968941926956177,436.32554655265807,27.733999999999995,0.06356263166143289,3,1,
80,11,ode,focei,lbfgsb3c,86,ok,TRUE,TRUE,TRUE,TRUE,-4428.681502545344,8.229839204787929,native,8,TRUE,TRUE,NA,FALSE,focei,"r,s",2,2,2,0,TRUE,22.586000000000002,534.3812019824982,62.671600341796875,619.63880232429506,62.223000000000006,0.10041817873025144,3,1,
80,11,ode,focei,lbfgsb3c,87,ok,TRUE,TRUE,TRUE,TRUE,-4515.959602335883,7.827707205965986,native,8,TRUE,TRUE,NA,FALSE,focei,"r,s",2,2,2,0,TRUE,33.427,681.2434005737305,57.25315856933594,771.9235591430664,56.55100000000001,0.07325984461826612,3,1,
80,11,ode,focei,lbfgsb3c,88,ok,TRUE,TRUE,TRUE,TRUE,-4461.705445810684,3.969350204517126,native,8,TRUE,TRUE,NA,FALSE,focei,"r,s",2,2,2,0,TRUE,31.318,362.75259470939636,60.7489869594574,454.81958166885374,60.367000000000004,0.1327273548304527,3,1,
80,11,ode,focei,lbfgsb3c,89,ok,TRUE,TRUE,TRUE,TRUE,-4488.317627913049,6.682197845544947,native,8,TRUE,TRUE,NA,FALSE,focei,"r,s",2,2,2,0,TRUE,26.953,445.1104106903076,59.531450271606445,531.594860961914,59.211,0.11138369526909733,3,1,
80,11,ode,focei,lbfgsb3c,90,ok,TRUE,TRUE,TRUE,TRUE,-4519.678148965724,5.318104567279197,native,8,TRUE,TRUE,NA,FALSE,focei,"r,s",2,2,1,1,FALSE,25.719,555.9910674095154,65.91626334190369,647.6263307514191,65.45299999999999,0.10106599576341664,3,1,
80,11,ode,focei,lbfgsb3c,91,ok,TRUE,TRUE,TRUE,TRUE,-4495.93698767039,6.895775912954804,native,8,TRUE,TRUE,NA,FALSE,focei,"r,s",2,2,2,0,TRUE,18.345000000000002,430.137592792511,67.2392749786377,515.7218677711487,66.801,0.12952912058722882,3,1,
80,11,ode,focei,lbfgsb3c,92,ok,TRUE,TRUE,TRUE,TRUE,-4493.653683371167,5.164714021606105,native,8,TRUE,TRUE,NA,FALSE,focei,"r,s",2,2,2,0,TRUE,23.613,593.1288733482361,65.63654899597168,682.3784223442078,65.19500000000001,0.09554082876189497,3,1,
80,11,ode,focei,lbfgsb3c,93,ok,TRUE,TRUE,TRUE,TRUE,-4438.876184565516,3.9649600281385524,native,8,TRUE,TRUE,NA,FALSE,focei,"r,s",2,2,2,0,TRUE,20.184,370.5246334075928,65.61169195175171,456.3203253593445,65.083,0.14262568722694577,3,1,
80,11,ode,focei,lbfgsb3c,94,ok,TRUE,TRUE,TRUE,TRUE,-4477.605208140064,3.064675883623759,native,8,TRUE,TRUE,NA,FALSE,focei,"r,s",2,2,2,0,TRUE,20.714,371.13411593437195,59.9791738986969,451.82728983306885,59.388,0.13143960388479714,3,1,
80,11,ode,focei,lbfgsb3c,95,ok,TRUE,TRUE,TRUE,TRUE,-3741.022526112203,5.736833407459153,native,27,TRUE,TRUE,NA,FALSE,focei,s,2,2,2,0,TRUE,22.369,441.12093591690063,27.971653699874878,491.46158961677554,27.566999999999997,0.056091870824525214,3,1,
80,11,ode,focei,lbfgsb3c,96,ok,TRUE,TRUE,TRUE,TRUE,-4449.507952999656,3.541032375924367,native,8,TRUE,TRUE,NA,FALSE,focei,"r,s",2,2,1,1,FALSE,22.072000000000003,417.64058113098145,61.15655565261841,500.86913678359986,60.761,0.12131112807266412,3,1,
80,11,ode,focei,lbfgsb3c,97,ok,TRUE,TRUE,TRUE,TRUE,-4525.549822055293,10.716240362090923,native,8,TRUE,TRUE,NA,FALSE,focei,"r,s",3,2,2,1,FALSE,20.269,601.2403602600098,74.77237606048584,696.2817363204956,74.096,0.10641669332239087,3,1,
80,11,ode,focei,lbfgsb3c,98,ok,TRUE,TRUE,TRUE,TRUE,-4561.5481816237,11.625743163550156,native,8,TRUE,TRUE,NA,FALSE,focei,"r,s",2,2,2,0,TRUE,22.830000000000002,551.5929851531982,61.02772545814514,635.4507106113434,60.671,0.0954771140969072,3,1,
80,11,ode,focei,lbfgsb3c,99,ok,TRUE,TRUE,TRUE,TRUE,-4511.826724354283,7.156883536613434,native,8,TRUE,TRUE,NA,FALSE,focei,"r,s",2,2,2,0,TRUE,21.717,445.0553364753723,63.56157398223877,530.3339104576111,62.75600000000001,0.1183329950480623,3,1,
80,11,ode,focei,lbfgsb3c,100,ok,TRUE,TRUE,TRUE,TRUE,-4437.554543943097,7.2115976130206345,native,8,TRUE,TRUE,NA,FALSE,focei,"r,s",2,2,2,0,TRUE,18.57,450.358012676239,62.966185092926025,531.8941977691651,62.34300000000001,0.11720940040608609,3,1,
80,12,ode,focei,lbfgsb3c,1,ok,TRUE,TRUE,TRUE,TRUE,-4500.009635767505,8.4904445745893,native,8,TRUE,TRUE,NA,FALSE,focei,"r,s",3,3,2,1,FALSE,21.953000000000003,649.8029587268829,72.11973690986633,743.8756956367492,71.752,0.09645697583731525,3,1,
80,12,ode,focei,lbfgsb3c,2,ok,TRUE,TRUE,TRUE,TRUE,-4444.8266660358095,9.036608418006212,native,8,TRUE,TRUE,NA,FALSE,focei,"r,s",3,3,3,0,TRUE,21.851,778.41058349609375,71.74224710464478,872.0038306007385,71.09700000000001,0.08153289871561695,3,1,
80,12,ode,focei,lbfgsb3c,3,ok,TRUE,TRUE,TRUE,TRUE,-4427.84324273157,10.319100820963824,native,8,TRUE,TRUE,NA,FALSE,focei,"r,s",3,3,3,0,TRUE,20.032999999999998,724.3277542591095,73.50817251205444,817.868926771164,73.089,0.08936517528370408,3,1,
80,12,ode,focei,lbfgsb3c,4,ok,TRUE,TRUE,TRUE,TRUE,-4547.379017775377,16.685024454953354,native,8,TRUE,TRUE,NA,FALSE,focei,"r,s",4,3,3,1,FALSE,20.436,756.34334897995,84.85221791267395,861.6315668926239,84.285,0.09782023226466069,3,1,
80,12,ode,focei,lbfgsb3c,5,ok,TRUE,TRUE,TRUE,TRUE,-4425.424625636007,8.40283801595353,native,8,TRUE,TRUE,NA,FALSE,focei,"r,s",3,3,2,1,FALSE,25.574,603.7629888057709,72.0025565624237,701.3395453681945,71.51999999999998,0.10197628306051511,3,1,
80,12,ode,focei,lbfgsb3c,6,ok,TRUE,TRUE,TRUE,TRUE,-4505.521731492132,11.685491933829537,native,8,TRUE,TRUE,NA,FALSE,focei,"r,s",3,3,3,0,TRUE,23.436,591.8059668540955,72.97566819190979,688.2176350460053,72.54699999999998,0.10541287567435036,3,1,
80,12,ode,focei,lbfgsb3c,7,ok,TRUE,TRUE,TRUE,TRUE,-4508.506399812499,9.500897436745209,native,8,TRUE,TRUE,NA,FALSE,focei,"r,s",3,3,2,1,FALSE,20.831000000000003,1043.6740126609802,69.25302839279175,1133.7580410537719,68.87300000000002,0.06074752946050639,3,1,
80,12,ode,focei,lbfgsb3c,8,ok,TRUE,TRUE,TRUE,TRUE,-4551.2110897446,7.328256539018291,native,8,TRUE,TRUE,NA,FALSE,focei,"r,s",3,3,3,0,TRUE,24.038999999999998,674.1830506324768,74.20979809761047,772.4318487300873,73.78200000000001,0.09551910647042965,3,1,
80,12,ode,focei,lbfgsb3c,9,ok,TRUE,TRUE,TRUE,TRUE,-4510.377718031546,16.728970469623768,native,8,TRUE,TRUE,NA,FALSE,focei,s,4,3,2,2,FALSE,27.337,957.2791528701782,37.162243127822876,1021.7783959980011,36.903,0.03611644182783465,3,1,
80,12,ode,focei,lbfgsb3c,10,ok,TRUE,TRUE,TRUE,TRUE,-4455.9422512237425,7.280723469099763,native,27,TRUE,TRUE,NA,FALSE,focei,"r,s",2,3,2,0,FALSE,29.542,511.27128863334656,69.0029935836792,609.8162822170258,68.627,0.11253717226195106,3,1,
80,12,ode,focei,lbfgsb3c,11,ok,TRUE,TRUE,TRUE,TRUE,-4503.221309970734,7.590853758774295,native,8,TRUE,TRUE,NA,FALSE,focei,"r,s",3,3,3,0,TRUE,19.667,647.2249867916107,70.7109363079071,737.6029230995179,70.35499999999999,0.09538329878677508,3,1,
80,12,ode,focei,lbfgsb3c,12,ok,TRUE,TRUE,TRUE,TRUE,-4541.771549157372,10.857103403093383,native,8,TRUE,TRUE,NA,FALSE,focei,"r,s",3,3,3,0,TRUE,24.788999999999998,610.4059345722198,69.52828788757324,704.7232224597931,68.837,0.09767948296031552,3,1,
80,12,ode,focei,lbfgsb3c,13,ok,TRUE,TRUE,TRUE,TRUE,-4448.406606950386,9.9063802409969,native,8,TRUE,TRUE,NA,FALSE,focei,"r,s",3,3,3,0,TRUE,27.069000000000003,766.5662090778351,72.79861831665039,866.4338273944854,72.366,0.08352166975938247,3,1,
80,12,ode,focei,lbfgsb3c,14,ok,TRUE,TRUE,TRUE,TRUE,-4502.827583728773,9.307127841484942,native,8,TRUE,TRUE,NA,FALSE,focei,"r,s",3,3,3,0,TRUE,29.892,598.1591935157776,70.84479427337646,698.8959877891541,70.336,0.10063872339930968,3,1,
80,12,ode,focei,lbfgsb3c,15,ok,TRUE,TRUE,TRUE,TRUE,-4420.594799781611,10.807659096693909,native,8,TRUE,TRUE,NA,FALSE,focei,"r,s",3,3,2,1,FALSE,38.150000000000006,598.0417573451996,69.48549222946167,705.6772495746612,69.07400000000001,0.09788327460129055,3,1,
80,12,ode,focei,lbfgsb3c,16,ok,TRUE,TRUE,TRUE,TRUE,-4472.255334438878,4.066496475443489,native,8,TRUE,TRUE,NA,FALSE,focei,"r,s",2,3,0,2,FALSE,33.719,348.9920480251312,65.13915824890137,447.8502062740326,64.768,0.144619783786299,3,1,
80,12,ode,focei,lbfgsb3c,17,ok,TRUE,TRUE,TRUE,TRUE,-4385.190873319907,10.796835872303078,native,8,TRUE,TRUE,NA,FALSE,focei,"r,s",3,3,3,0,TRUE,42.668,840.9795942306519,70.22670531272888,953.8742995433807,69.775,0.07314905122551396,3,1,
80,12,ode,focei,lbfgsb3c,18,ok,TRUE,TRUE,TRUE,TRUE,-4478.543252260555,12.447832821551973,native,8,TRUE,TRUE,NA,FALSE,focei,"r,s",3,3,2,1,FALSE,26.189,601.9082775115967,66.6071708202362,694.7044483318329,66.266,0.09538732645101382,3,1,
80,12,ode,focei,lbfgsb3c,19,ok,TRUE,TRUE,TRUE,TRUE,-4497.682894128533,13.056870863177984,native,8,TRUE,TRUE,NA,FALSE,focei,"r,s",3,3,3,0,TRUE,26.563000000000002,641.3137037754059,71.89187550544739,739.7685792808533,71.52500000000002,0.09668564197404976,3,1,
80,12,ode,focei,lbfgsb3c,20,ok,TRUE,TRUE,TRUE,TRUE,-4451.938864915993,9.144081462185248,native,8,TRUE,TRUE,NA,FALSE,focei,"r,s",2,3,1,1,FALSE,27.038,395.91753244400024,57.67703151702881,480.63256396102906,57.230999999999995,0.11907432889761592,3,1,
80,12,ode,focei,lbfgsb3c,21,ok,TRUE,TRUE,TRUE,TRUE,-4470.719025363282,8.783965501526819,native,8,TRUE,TRUE,NA,FALSE,focei,"r,s",3,3,3,0,TRUE,28.618,603.4654285907745,72.2948386669159,704.3782672576905,71.906,0.10208435345392881,3,1,
80,12,ode,focei,lbfgsb3c,22,ok,TRUE,TRUE,TRUE,TRUE,-4452.4935514577155,9.714764395765984,native,27,TRUE,TRUE,NA,FALSE,focei,"r,s",3,3,2,1,FALSE,27.123,626.3017618656158,76.43581008911133,729.8605719547272,75.93700000000001,0.10404315963612613,3,1,
80,12,ode,focei,lbfgsb3c,23,ok,TRUE,TRUE,TRUE,TRUE,-4465.9608833652355,10.02751827661288,native,8,TRUE,TRUE,NA,FALSE,focei,"r,s",3,3,3,0,TRUE,23.588,603.9719247817993,72.85909175872803,700.4190165405273,72.522,0.10354087808494528,3,1,
80,12,ode,focei,lbfgsb3c,24,ok,TRUE,TRUE,TRUE,TRUE,-4473.8416845963475,6.052233153122037,native,8,TRUE,TRUE,NA,FALSE,focei,"r,s",3,3,2,1,FALSE,29.552,559.3072142601013,75.22781777381897,664.0870320339203,74.88099999999999,0.11275781093128649,3,1,
80,12,ode,focei,lbfgsb3c,25,ok,TRUE,TRUE,TRUE,TRUE,-4506.914073595857,17.87461381379177,native,8,TRUE,TRUE,NA,FALSE,focei,"r,s",3,3,3,0,TRUE,28.769000000000002,573.8092048168182,70.03798937797546,672.6161941947937,69.69899999999998,0.10362373163411337,3,1,
80,12,ode,focei,lbfgsb3c,26,ok,TRUE,TRUE,TRUE,TRUE,-4553.616532692985,10.09298584995429,native,8,TRUE,TRUE,NA,FALSE,focei,"r,s",3,3,3,0,TRUE,25.177,531.8088848590851,70.25152897834778,627.2374138374329,69.781,0.11125133555583121,3,1,
80,12,ode,focei,lbfgsb3c,27,ok,TRUE,TRUE,TRUE,TRUE,-4542.958953514673,7.011666728058708,native,8,TRUE,TRUE,NA,FALSE,focei,"r,s",3,3,1,2,FALSE,29.072,577.4288799762726,69.46270084381104,675.9635808200836,69.137,0.10227917888138666,3,1,
80,12,ode,focei,lbfgsb3c,28,ok,TRUE,TRUE,TRUE,TRUE,-4478.002797460378,9.244302951506862,native,27,TRUE,TRUE,NA,FALSE,focei,"r,s",3,3,3,0,TRUE,35.775999999999996,668.8110311031342,70.83389329910278,775.4209244022369,70.44200000000001,0.09084356351913374,3,1,
80,12,ode,focei,lbfgsb3c,29,ok,TRUE,TRUE,TRUE,TRUE,-4496.702812685321,8.429897730725411,native,8,TRUE,TRUE,NA,FALSE,focei,"r,s",3,3,3,0,TRUE,24.234,537.117751121521,74.4929780960083,635.8447292175293,74.14300000000001,0.11660551168087908,3,1,
80,12,ode,focei,lbfgsb3c,30,ok,TRUE,TRUE,TRUE,TRUE,-4486.290889857709,9.849592333156542,native,8,TRUE,TRUE,NA,FALSE,focei,"r,s",3,3,2,1,FALSE,24.574,607.9830286502838,74.0008864402771,706.5579150905609,73.471,0.10398439877442048,3,1,
80,12,ode,focei,lbfgsb3c,31,ok,TRUE,TRUE,TRUE,TRUE,-4397.176166882671,5.890500080262986,native,8,TRUE,TRUE,NA,FALSE,focei,"r,s",1,3,1,0,FALSE,36.324,249.24474096298218,52.85264992713928,338.4213908901215,52.285000000000004,0.15449673515754764,3,1,
80,12,ode,focei,lbfgsb3c,32,ok,TRUE,TRUE,TRUE,TRUE,-3659.697437710676,10.022189816962321,native,27,TRUE,TRUE,NA,FALSE,focei,s,3,3,3,0,TRUE,37.230999999999995,550.4882123470306,27.602218627929688,615.3214309749603,27.404,0.0445360727263783,3,1,
80,12,ode,focei,lbfgsb3c,33,ok,TRUE,TRUE,TRUE,TRUE,-4404.285088409769,7.569807941038498,native,8,TRUE,TRUE,NA,FALSE,focei,"r,s",1,3,1,0,FALSE,35.239999999999995,250.30030465126038,50.94119882583618,336.48150347709657,50.615,0.1504243159786203,3,1,
80,12,ode,focei,lbfgsb3c,34,ok,TRUE,TRUE,TRUE,TRUE,-4505.763047136856,17.403252216266814,native,8,TRUE,TRUE,NA,FALSE,focei,"r,s",3,3,3,0,TRUE,30.553000000000004,579.270144701004,69.49786901473999,679.321013715744,69.149,0.10179134548152635,3,1,
80,12,ode,focei,lbfgsb3c,35,ok,TRUE,TRUE,TRUE,TRUE,-4482.923357716583,6.998234041012455,native,8,TRUE,TRUE,NA,FALSE,focei,"r,s",3,3,3,0,TRUE,37.231,739.0983390808105,70.38110709190369,846.7104461727142,69.88900000000001,0.08254179491455556,3,1,
80,12,ode,focei,lbfgsb3c,36,ok,TRUE,TRUE,TRUE,TRUE,-4474.117838966099,7.770684573660926,native,8,TRUE,TRUE,NA,FALSE,focei,"r,s",3,3,3,0,TRUE,28.991000000000003,756.8526604175568,75.9966971874237,861.8403576049805,75.302,0.08737349015455859,3,1,
80,12,ode,focei,lbfgsb3c,37,ok,TRUE,TRUE,TRUE,TRUE,-4490.207750070856,7.802421846834923,native,8,TRUE,TRUE,NA,FALSE,focei,"r,s",3,3,3,0,TRUE,34.101000000000006,752.0538415908813,73.23254418373108,859.3873857746124,72.856,0.08477666906214935,3,1,
80,12,ode,focei,lbfgsb3c,38,ok,TRUE,TRUE,TRUE,TRUE,-4440.01478407158,13.684007996499197,native,8,TRUE,TRUE,NA,FALSE,focei,"r,s",3,3,3,0,TRUE,35.212,607.5651195049286,76.25472497940063,719.0318444843292,75.678,0.10524985865441644,3,1,
80,12,ode,focei,lbfgsb3c,39,ok,TRUE,TRUE,TRUE,TRUE,-4523.310932583051,20.580367129706243,native,8,TRUE,TRUE,NA,FALSE,focei,"r,s",3,3,3,0,TRUE,27.894999999999996,855.0854411125183,70.34253358840942,953.3229747009277,69.967,0.07339275550549879,3,1,
80,12,ode,focei,lbfgsb3c,40,ok,TRUE,TRUE,TRUE,TRUE,-4491.6525417233015,6.8515817972455615,native,8,TRUE,TRUE,NA,FALSE,focei,"r,s",3,3,2,1,FALSE,30.759,541.8945376873016,67.76305198669434,640.416589673996,66.84400000000001,0.10437580955550659,3,1,
80,12,ode,focei,lbfgsb3c,41,ok,TRUE,TRUE,TRUE,TRUE,-4484.040684620201,9.275462365323655,native,8,TRUE,TRUE,NA,FALSE,focei,"r,s",3,3,3,0,TRUE,31.408,556.5545189380646,69.29721164703369,657.2597305850983,68.952,0.10490829848744625,3,1,
80,12,ode,focei,lbfgsb3c,42,ok,TRUE,TRUE,TRUE,TRUE,-4532.954356893052,10.369400981997865,native,8,TRUE,TRUE,NA,FALSE,focei,"r,s",3,3,3,0,TRUE,23.162,535.23220038414,70.76103925704956,629.1552396411896,70.335,0.11179275887476102,3,1,
80,12,ode,focei,lbfgsb3c,43,ok,TRUE,TRUE,TRUE,TRUE,-4413.406736993152,8.012225396189411,native,8,TRUE,TRUE,NA,FALSE,focei,"r,s",2,3,1,1,FALSE,31.961000000000006,345.1968448162079,64.72662281990051,441.8844676361084,64.34899999999999,0.14562403685343236,3,1,
80,12,ode,focei,lbfgsb3c,44,ok,TRUE,TRUE,TRUE,TRUE,-4406.105604033105,7.872892558203003,native,8,TRUE,TRUE,NA,FALSE,focei,"r,s",3,3,3,0,TRUE,20.877,510.36595582962036,72.55756306648254,603.8005188961029,72.202,0.1195792281397889,3,1,
80,12,ode,focei,lbfgsb3c,45,ok,TRUE,TRUE,TRUE,TRUE,-4495.791598602241,7.966070141794715,native,8,TRUE,TRUE,NA,FALSE,focei,"r,s",3,3,3,0,TRUE,22.241000000000003,507.0460629463196,73.82771611213684,603.1147790584564,73.372,0.12165511864017592,3,1,
80,12,ode,focei,lbfgsb3c,46,ok,TRUE,TRUE,TRUE,TRUE,-4476.297404820974,23.498586629633284,native,27,TRUE,TRUE,NA,FALSE,focei,"r,s",4,3,2,2,FALSE,21.044999999999998,612.7070548534393,99.44322991371155,733.1952847671508,98.741,0.13467216995450032,3,1,
80,12,ode,focei,lbfgsb3c,47,ok,TRUE,TRUE,TRUE,TRUE,-4497.5553486226345,10.749656319902481,native,8,TRUE,TRUE,NA,FALSE,focei,"r,s",3,3,3,0,TRUE,27.263,554.0190975666046,70.73119568824768,652.0132932548523,70.318,0.10784749441069265,3,1,
80,12,ode,focei,lbfgsb3c,48,ok,TRUE,TRUE,TRUE,TRUE,-4526.275904911939,11.01821168027821,native,8,TRUE,TRUE,NA,FALSE,focei,"r,s",3,3,3,0,TRUE,23.954,592.9069259166718,69.99725127220154,686.8581771888732,69.617,0.10135571259400851,3,1,
80,12,ode,focei,lbfgsb3c,49,ok,TRUE,TRUE,TRUE,TRUE,-4452.323671015876,16.360944148024778,native,8,TRUE,TRUE,NA,FALSE,focei,"r,s",3,3,1,2,FALSE,31.257,617.9359681606293,74.54833030700684,723.741298467636,74.162,0.1024703166131625,3,1,
80,12,ode,focei,lbfgsb3c,50,ok,TRUE,TRUE,TRUE,TRUE,-4439.1814169424815,9.046184946558144,native,8,TRUE,TRUE,NA,FALSE,focei,"r,s",3,3,3,0,TRUE,19.61,513.2474505901337,70.9055106639862,603.7629612541199,70.421,0.11663683352440739,3,1,
80,12,ode,focei,lbfgsb3c,51,ok,TRUE,TRUE,TRUE,TRUE,-4532.951578243353,14.300362212391658,native,8,TRUE,TRUE,NA,FALSE,focei,"r,s",3,3,3,0,TRUE,21.464000000000002,591.7397792339325,74.66882514953613,687.8726043834687,74.25,0.10794149894448743,3,1,
80,12,ode,focei,lbfgsb3c,52,ok,TRUE,TRUE,TRUE,TRUE,-4478.686811177115,9.284969202759706,native,8,TRUE,TRUE,NA,FALSE,focei,"r,s",3,3,2,1,FALSE,20.582,699.7654805183411,71.84618473052979,792.1936652488708,70.16499999999999,0.08857051385024314,3,1,
80,12,ode,focei,lbfgsb3c,53,ok,TRUE,TRUE,TRUE,TRUE,-4449.899594862931,11.983339144091822,native,8,TRUE,TRUE,NA,FALSE,focei,"r,s",3,3,3,0,TRUE,27.297,571.9080090522766,71.5603563785553,670.7653654308319,71.14999999999999,0.10607285895612756,3,1,
80,12,ode,focei,lbfgsb3c,54,ok,TRUE,TRUE,TRUE,TRUE,-4474.072252682751,3.153860242618046,native,8,TRUE,TRUE,NA,FALSE,focei,"r,s",1,3,1,0,FALSE,31.039,215.33692955970764,52.81161284446716,299.1875424041748,52.461999999999996,0.17534820995029488,3,1,
80,12,ode,focei,lbfgsb3c,55,ok,TRUE,TRUE,TRUE,TRUE,-4457.8237565453765,11.735700753251253,native,8,TRUE,TRUE,NA,FALSE,focei,"r,s",3,3,3,0,TRUE,24.326,658.0354661941528,69.46888756752014,751.830353761673,69.07,0.0918691293247451,3,1,
80,12,ode,focei,lbfgsb3c,56,ok,TRUE,TRUE,TRUE,TRUE,-3733.360363443921,128.68419052001045,native,27,TRUE,TRUE,NA,FALSE,focei,s,3,3,3,0,TRUE,18.786,635.5174057483673,28.665298223495483,682.9687039718629,28.195000000000004,0.041283004383699536,3,1,
80,12,ode,focei,lbfgsb3c,57,ok,TRUE,TRUE,TRUE,TRUE,-4421.610933608605,5.527990609727089,native,8,TRUE,TRUE,NA,FALSE,focei,"r,s",3,3,1,2,FALSE,21.265,584.1428470611572,71.33435606956482,676.742203130722,70.86299999999999,0.10471195629912831,3,1,
80,12,ode,focei,lbfgsb3c,58,ok,TRUE,TRUE,TRUE,TRUE,-4517.556006394985,13.804220225946256,native,8,TRUE,TRUE,NA,FALSE,focei,"r,s",3,3,2,1,FALSE,19.25,781.1195023059845,70.44192695617676,870.8114292621613,70.024,0.08041235754029015,3,1,
80,12,ode,focei,lbfgsb3c,59,ok,TRUE,TRUE,TRUE,TRUE,-4552.57466457282,37.191200830822574,native,8,TRUE,TRUE,NA,FALSE,focei,"r,s",6,3,1,5,FALSE,21.571,948.3095717430115,101.0245578289032,1070.9051295719146,100.48400000000001,0.09383090735606771,3,1,
80,12,ode,focei,lbfgsb3c,60,ok,TRUE,TRUE,TRUE,TRUE,-4443.979454872054,7.384422037483779,native,8,TRUE,TRUE,NA,FALSE,focei,"r,s",3,3,3,0,TRUE,20.85,510.19623589515686,73.38745546340942,604.4336913585663,73.04899999999999,0.1208552750191838,3,1,
80,12,ode,focei,lbfgsb3c,61,ok,TRUE,TRUE,TRUE,TRUE,-4506.726862387862,10.246231172945636,native,8,TRUE,TRUE,NA,FALSE,focei,"r,s",3,3,3,0,TRUE,20.157,611.0510838031769,71.32834124565125,702.5364250488282,70.878,0.10088871903698629,3,1,
80,12,ode,focei,lbfgsb3c,62,ok,TRUE,TRUE,TRUE,TRUE,-4452.54277292291,9.660302713542247,native,8,TRUE,TRUE,NA,FALSE,focei,"r,s",3,3,2,1,FALSE,22.765,634.8287918567657,70.89819550514221,728.491987361908,70.39999999999999,0.096637988092278,3,1,
80,12,ode,focei,lbfgsb3c,63,ok,TRUE,TRUE,TRUE,TRUE,-4372.52695729158,7.2052127092986344,native,8,TRUE,TRUE,NA,FALSE,focei,"r,s",1,3,1,0,FALSE,31.084000000000003,260.574982881546,53.18204975128174,344.84103263282776,52.788999999999994,0.1530821306181608,3,1,
80,12,ode,focei,lbfgsb3c,64,ok,TRUE,TRUE,TRUE,TRUE,-4529.206371996798,7.71773363600936,native,8,TRUE,TRUE,NA,FALSE,focei,"r,s",3,3,2,1,FALSE,25.422,946.9155082702637,77.3574149608612,1049.694923231125,76.989,0.07334416723957837,3,1,
80,12,ode,focei,lbfgsb3c,65,ok,TRUE,TRUE,TRUE,TRUE,-4497.125417201627,11.869986877294128,native,8,TRUE,TRUE,NA,FALSE,focei,"r,s",3,3,3,0,TRUE,28.206000000000003,555.6542637348175,75.56425428390503,659.4245180187226,75.209,0.11405247749351147,3,1,
80,12,ode,focei,lbfgsb3c,66,ok,TRUE,TRUE,TRUE,TRUE,-4603.652541609466,7.866236281869287,native,8,TRUE,TRUE,NA,FALSE,focei,"r,s",3,3,3,0,TRUE,22.163,547.698751449585,69.6496114730835,639.5113629226685,69.247,0.10828110963272054,3,1,
80,12,ode,focei,lbfgsb3c,67,ok,TRUE,TRUE,TRUE,TRUE,-4482.75473433473,10.66692819022389,native,8,TRUE,TRUE,NA,FALSE,focei,"r,s",3,3,3,0,TRUE,21.622,580.5329313278198,70.07638001441956,672.2313113422393,69.72399999999999,0.10372025049053812,3,1,
80,12,ode,focei,lbfgsb3c,68,ok,TRUE,TRUE,TRUE,TRUE,-4574.316164096396,13.11218726475438,native,8,TRUE,TRUE,NA,FALSE,focei,"r,s",3,3,3,0,TRUE,24.314999999999998,750.0008535385132,68.02555727958679,842.3414108181,67.39999999999999,0.08001506174858442,3,1,
80,12,ode,focei,lbfgsb3c,69,ok,TRUE,TRUE,TRUE,TRUE,-4482.5237499632885,8.194529914855892,native,8,TRUE,TRUE,NA,FALSE,focei,"r,s",1,3,1,0,FALSE,21.866,236.8948209285736,47.49179482460022,306.2526157531738,46.98600000000001,0.1534223630529532,3,1,
80,12,ode,focei,lbfgsb3c,70,ok,TRUE,TRUE,TRUE,TRUE,-4414.533071604419,14.422481816979802,native,8,TRUE,TRUE,NA,FALSE,focei,"r,s",4,3,3,1,FALSE,33.045,939.0914297103882,82.011967420578,1054.1483971309663,81.564,0.07737430538431732,3,1,
80,12,ode,focei,lbfgsb3c,71,ok,TRUE,TRUE,TRUE,TRUE,-4521.8441471736005,12.302919217220387,native,8,TRUE,TRUE,NA,FALSE,focei,"r,s",3,3,3,0,TRUE,20.603,634.6968102455139,70.75751805305481,726.0573282985687,70.07000000000001,0.0965075308367191,3,1,
80,12,ode,focei,lbfgsb3c,72,ok,TRUE,TRUE,TRUE,TRUE,-4411.786206544032,11.71895901290929,native,8,TRUE,TRUE,NA,FALSE,focei,"r,s",3,3,3,0,TRUE,26.254,603.6140685081482,71.80658960342407,701.6746581115723,70.811,0.10091714041743324,3,1,
80,12,ode,focei,lbfgsb3c,73,ok,TRUE,TRUE,TRUE,TRUE,-4464.631861482716,9.34943375694805,native,8,TRUE,TRUE,NA,FALSE,focei,"r,s",3,3,2,1,FALSE,29.211,530.9952495098114,74.28488349914551,634.4911330089569,73.90100000000001,0.11647286487604354,3,1,
80,12,ode,focei,lbfgsb3c,74,ok,TRUE,TRUE,TRUE,TRUE,-4517.204142576111,18.285588721536485,native,8,TRUE,TRUE,NA,FALSE,focei,"r,s",3,3,2,1,FALSE,33.028999999999996,554.7180995941162,69.95092916488647,657.6980287590027,69.543,0.10573697496284018,3,1,
80,12,ode,focei,lbfgsb3c,75,ok,TRUE,TRUE,TRUE,TRUE,-4445.546691741661,8.440454415255347,native,8,TRUE,TRUE,NA,FALSE,focei,"r,s",2,3,1,1,FALSE,28.140000000000004,681.3340826034546,58.3392608165741,767.8133434200287,57.871,0.07537118297818113,3,1,
80,12,ode,focei,lbfgsb3c,76,ok,TRUE,TRUE,TRUE,TRUE,-4422.791460585539,7.753264926434279,native,8,TRUE,TRUE,NA,FALSE,focei,"r,s",3,3,2,1,FALSE,28.947,626.509438753128,72.44208073616028,727.8985194892883,71.90599999999999,0.09878574839038143,3,1,
80,12,ode,focei,lbfgsb3c,77,ok,TRUE,TRUE,TRUE,TRUE,-4452.207657640574,10.09517852330519,native,8,TRUE,TRUE,NA,FALSE,focei,"r,s",3,3,2,1,FALSE,28.194000000000003,574.4689145088196,75.74987578392029,678.4127902927398,74.79899999999999,0.11025588118367241,3,1,
80,12,ode,focei,lbfgsb3c,78,ok,TRUE,TRUE,TRUE,TRUE,-4491.7811303627095,9.398993335669076,native,8,TRUE,TRUE,NA,FALSE,focei,"r,s",4,3,1,3,FALSE,33.102000000000004,931.9286658763885,81.48224759101868,1046.5129134674073,80.992,0.07739226048501352,3,1,
80,12,ode,focei,lbfgsb3c,79,ok,TRUE,TRUE,TRUE,TRUE,-4523.748022793111,8.746465364616483,native,8,TRUE,TRUE,NA,FALSE,focei,"r,s",3,3,1,2,FALSE,25.584,605.0750598907471,68.40335631370544,699.0624162044525,67.58600000000001,0.0966809235246218,3,1,
80,12,ode,focei,lbfgsb3c,80,ok,TRUE,TRUE,TRUE,TRUE,-4477.392655076868,10.655364586238822,native,8,TRUE,TRUE,NA,FALSE,focei,"r,s",3,3,2,1,FALSE,23.616,715.8815462589264,77.28339958190918,816.7809458408356,76.777,0.09399949936511053,3,1,
80,12,ode,focei,lbfgsb3c,81,ok,TRUE,TRUE,TRUE,TRUE,-4451.261532348805,11.203680281034954,native,8,TRUE,TRUE,NA,FALSE,focei,"r,s",3,3,3,0,TRUE,28.855000000000004,579.8556842803955,70.94643139839172,679.6571156787872,70.54,0.10378762816240111,3,1,
80,12,ode,focei,lbfgsb3c,82,ok,TRUE,TRUE,TRUE,TRUE,-4474.8128940563265,10.728593841419677,native,8,TRUE,TRUE,NA,FALSE,focei,"r,s",3,3,3,0,TRUE,24.733,533.646148443222,71.71763205528259,630.0967804985046,71.261,0.11309532472713392,3,1,
80,12,ode,focei,lbfgsb3c,83,ok,TRUE,TRUE,TRUE,TRUE,-4481.262242682302,7.60199048880416,native,8,TRUE,TRUE,NA,FALSE,focei,"r,s",3,3,2,1,FALSE,23.67,734.7936844825745,73.76151037216187,832.2251948547363,73.315,0.08809514594519939,3,1,
80,12,ode,focei,lbfgsb3c,84,ok,TRUE,TRUE,TRUE,TRUE,-4447.010318998059,6.180127021585642,native,8,TRUE,TRUE,NA,FALSE,focei,"r,s",2,3,2,0,FALSE,28.126000000000005,549.4139494895935,60.289880990982056,637.8298304805755,59.739000000000004,0.09365977749110513,3,1,
80,12,ode,focei,lbfgsb3c,85,ok,TRUE,TRUE,TRUE,TRUE,-4478.914905787972,8.805872313474474,native,8,TRUE,TRUE,NA,FALSE,focei,"r,s",3,3,3,0,TRUE,23.822,592.1644098758698,72.606600522995,688.5930103988647,72.13199999999999,0.10475273334275906,3,1,
80,12,ode,focei,lbfgsb3c,86,ok,TRUE,TRUE,TRUE,TRUE,-4481.966870485093,6.620355108707259,native,8,TRUE,TRUE,NA,FALSE,focei,"r,s",3,3,2,1,FALSE,31.828,547.2228789329529,72.10524272918701,651.1561216621399,71.77000000000001,0.11021934312281369,3,1,
80,12,ode,focei,lbfgsb3c,87,ok,TRUE,TRUE,TRUE,TRUE,-4462.956287621263,8.566857198771398,native,8,TRUE,TRUE,NA,FALSE,focei,"r,s",3,3,3,0,TRUE,25.37,545.6589374542236,73.2861270904541,644.3150645446777,72.89699999999999,0.11313874843437749,3,1,
80,12,ode,focei,lbfgsb3c,88,ok,TRUE,TRUE,TRUE,TRUE,-4504.711684674441,8.463554019925096,native,8,TRUE,TRUE,NA,FALSE,focei,"r,s",3,3,3,0,TRUE,23.082,790.3926773071289,69.85628581047058,883.3309631175995,69.44500000000001,0.07861719208268562,3,1,
80,12,ode,focei,lbfgsb3c,89,ok,TRUE,TRUE,TRUE,TRUE,-4485.631242229436,20.706190967566855,native,8,TRUE,TRUE,NA,FALSE,focei,"r,s",3,3,2,1,FALSE,27.138,613.2866706848145,71.16850543022156,711.593176115036,70.712,0.09937138574888289,3,1,
80,12,ode,focei,lbfgsb3c,90,ok,TRUE,TRUE,TRUE,TRUE,-4417.784755928714,7.928020406662317,native,8,TRUE,TRUE,NA,FALSE,focei,"r,s",2,3,2,0,FALSE,21.686,584.9751696586609,60.48226523399353,667.1434348926545,60.098000000000006,0.09008257723418948,3,1,
80,12,ode,focei,lbfgsb3c,91,ok,TRUE,TRUE,TRUE,TRUE,-4526.088889399974,7.347680080128049,native,8,TRUE,TRUE,NA,FALSE,focei,"r,s",3,3,3,0,TRUE,22.704,578.57603931427,70.76745295524597,672.0474922695159,70.234,0.10450749509207834,3,1,
80,12,ode,focei,lbfgsb3c,92,ok,TRUE,TRUE,TRUE,TRUE,-4456.5861078079415,17.494711802897655,native,8,TRUE,TRUE,NA,FALSE,focei,"r,s",4,3,2,2,FALSE,31.854,883.9518456459045,88.36413407325745,1004.169979719162,87.566,0.08720236789441738,3,1,
80,12,ode,focei,lbfgsb3c,93,ok,TRUE,TRUE,TRUE,TRUE,-4379.841108016962,6.138153331058805,native,8,TRUE,TRUE,NA,FALSE,focei,"r,s",3,3,3,0,TRUE,23.524,579.7790913581848,73.25445318222046,676.5575445404053,72.776,0.10756808580035528,3,1,
80,12,ode,focei,lbfgsb3c,94,ok,TRUE,TRUE,TRUE,TRUE,-4482.730037237669,8.773365118001985,native,8,TRUE,TRUE,NA,FALSE,focei,"r,s",3,3,3,0,TRUE,21.494,541.1931602954865,68.38326954841614,631.0704298439026,68.02600000000001,0.10779462447135492,3,1,
80,12,ode,focei,lbfgsb3c,95,ok,TRUE,TRUE,TRUE,TRUE,-4513.251856026242,8.858116070078719,native,8,TRUE,TRUE,NA,FALSE,focei,"r,s",3,3,3,0,TRUE,22.929,575.2833325862885,69.69364738464355,667.905979970932,69.34599999999999,0.10382599060277617,3,1,
80,12,ode,focei,lbfgsb3c,96,ok,TRUE,TRUE,TRUE,TRUE,-4498.878899094784,10.096105533375564,native,8,TRUE,TRUE,NA,FALSE,focei,"r,s",3,3,3,0,TRUE,23.977,611.5104994773865,70.3832757472992,705.8707752246856,69.743,0.09880420389666948,3,1,
80,12,ode,focei,lbfgsb3c,97,ok,TRUE,TRUE,TRUE,TRUE,-4455.1584853934455,17.2748355875835,native,8,TRUE,TRUE,NA,FALSE,focei,"r,s",3,3,3,0,TRUE,26.081,728.7232007980347,71.3401026725769,826.1443034706116,70.93499999999999,0.08586272362104759,3,1,
80,12,ode,focei,lbfgsb3c,98,ok,TRUE,TRUE,TRUE,TRUE,-4476.970560104581,8.424498629146875,native,8,TRUE,TRUE,NA,FALSE,focei,"r,s",3,3,3,0,TRUE,23.541,567.8351225852966,69.15701675415039,660.5331393394471,68.64899999999999,0.1039296833292135,3,1,
80,12,ode,focei,lbfgsb3c,99,ok,TRUE,TRUE,TRUE,TRUE,-4490.3094839510895,6.326165762958879,native,8,TRUE,TRUE,NA,FALSE,focei,"r,s",3,3,2,1,FALSE,22.769000000000002,608.1918671131134,73.94525384902954,704.906120962143,73.584,0.10438836862356007,3,1,
80,12,ode,focei,lbfgsb3c,100,ok,TRUE,TRUE,TRUE,TRUE,-4517.232800072362,10.510766672064264,native,8,TRUE,TRUE,NA,FALSE,focei,"r,s",3,3,3,0,TRUE,22.081,516.681723356247,68.72744846343994,607.4901718196869,68.32,0.11246272478014425,3,1,
80,13,ode,focei,lbfgsb3c,1,ok,TRUE,TRUE,TRUE,TRUE,-4539.098509546329,4.631478484766072,native,8,TRUE,TRUE,NA,FALSE,focei,"r,s",2,2,2,0,TRUE,24.337999999999997,512.8854334354401,61.22976231575012,598.4531957511902,60.842999999999996,0.10166709849987295,3,1,
80,13,ode,focei,lbfgsb3c,2,ok,TRUE,TRUE,TRUE,TRUE,-4526.0151004434265,9.092740518659308,native,27,TRUE,TRUE,NA,FALSE,focei,"r,s",2,2,2,0,TRUE,27.466,408.34892535209656,70.7982087135315,506.61313406562806,70.334,0.13883177373543723,3,1,
80,13,ode,focei,lbfgsb3c,3,ok,TRUE,TRUE,TRUE,TRUE,-4531.97444313559,6.795958497683404,native,8,TRUE,TRUE,NA,FALSE,focei,"r,s",2,2,2,0,TRUE,24.214,400.740971326828,60.78580713272095,485.74077845954895,60.42,0.12438733307838103,3,1,
80,13,ode,focei,lbfgsb3c,4,ok,TRUE,TRUE,TRUE,TRUE,-4563.871801792283,10.034971887558028,native,27,TRUE,TRUE,NA,FALSE,focei,"r,s",2,2,2,0,TRUE,26.216,453.0394198894501,62.26905918121338,541.5244790706635,61.663,0.11386927532033801,3,1,
80,13,ode,focei,lbfgsb3c,5,ok,TRUE,TRUE,TRUE,TRUE,-4496.180819566279,4.7104785045679325,native,8,TRUE,TRUE,NA,FALSE,focei,"r,s",2,2,2,0,TRUE,16.624,394.9944543838501,69.28594303131104,480.90439741516116,68.78399999999999,0.14303050745576626,3,1,
80,13,ode,focei,lbfgsb3c,6,ok,TRUE,TRUE,TRUE,TRUE,-4524.739903719795,34.99820360594269,native,8,TRUE,TRUE,NA,FALSE,focei,"r,s",2,2,2,0,TRUE,22.595000000000002,418.4383134841919,64.72903728485107,505.762350769043,64.30499999999999,0.12714469533412334,3,1,
80,13,ode,focei,lbfgsb3c,7,ok,TRUE,TRUE,TRUE,TRUE,-4498.851355676516,4.4694885864531795,native,8,TRUE,TRUE,NA,FALSE,focei,"r,s",2,2,2,0,TRUE,23.676000000000002,526.1965909004211,62.267701148986816,612.140292049408,61.383,0.1002760327938772,3,1,
80,13,ode,focei,lbfgsb3c,8,ok,TRUE,TRUE,TRUE,TRUE,-4545.006274308113,4.7339395832925675,native,8,TRUE,TRUE,NA,FALSE,focei,"r,s",2,2,2,0,TRUE,22.005000000000003,414.3836133480072,64.67608666419983,501.064700012207,64.28699999999999,0.1283007962812663,3,1,
80,13,ode,focei,lbfgsb3c,9,ok,TRUE,TRUE,TRUE,TRUE,-4578.1926413375,8.504109925131793,native,8,TRUE,TRUE,NA,FALSE,focei,"r,s",2,2,2,0,TRUE,15.712,603.627977848053,66.67095708847046,686.0109349365234,66.28800000000001,0.09662819734226778,3,1,
80,13,ode,focei,lbfgsb3c,10,ok,TRUE,TRUE,TRUE,TRUE,-4487.605603903502,4.887477496441194,native,8,TRUE,TRUE,NA,FALSE,focei,"r,s",2,2,2,0,TRUE,22.549,444.99734902381897,65.91438841819763,533.4607374420166,65.49499999999999,0.1227737964635473,3,1,
80,13,ode,focei,lbfgsb3c,11,ok,TRUE,TRUE,TRUE,TRUE,-4509.073309203419,6.01784034121745,native,8,TRUE,TRUE,NA,FALSE,focei,"r,s",2,2,0,2,FALSE,15.238000000000001,562.8145296573639,60.54373621940613,638.5962658767701,60.203,0.09427396183932177,3,1,
80,13,ode,focei,lbfgsb3c,12,ok,TRUE,TRUE,TRUE,TRUE,-4501.398512465644,7.608142562615091,native,27,TRUE,TRUE,NA,FALSE,focei,"r,s",2,2,2,0,TRUE,21.092,574.5690124034882,68.09317231178284,663.754184715271,67.586,0.10182384014496602,3,1,
80,13,ode,focei,lbfgsb3c,13,ok,TRUE,TRUE,TRUE,TRUE,-4519.705325204504,23.056496929671344,native,8,TRUE,TRUE,NA,FALSE,focei,"r,s",2,2,2,0,TRUE,29.551,418.0146017074585,60.96271085739136,508.52831256484984,60.511,0.11899239138682836,3,1,
80,13,ode,focei,lbfgsb3c,14,ok,TRUE,TRUE,TRUE,TRUE,-4441.892232042083,8.281430434791151,native,8,TRUE,TRUE,NA,FALSE,focei,"r,s",2,2,1,1,FALSE,23.688,352.75524520874023,76.9021692276001,453.3454144363403,76.557,0.1688712349615048,3,1,
80,13,ode,focei,lbfgsb3c,15,ok,TRUE,TRUE,TRUE,TRUE,-4546.857914702048,5.929505536668885,native,8,TRUE,TRUE,NA,FALSE,focei,"r,s",2,2,1,1,FALSE,28.997,586.5314455032349,65.93537974357605,681.4638252468109,65.598,0.09626042875605595,3,1,
80,13,ode,focei,lbfgsb3c,16,ok,TRUE,TRUE,TRUE,TRUE,-4536.974506152726,5.727385125720456,native,27,TRUE,TRUE,NA,FALSE,focei,"r,s",2,2,1,1,FALSE,26.465,428.9914462566376,79.840012550354,535.2964588069916,79.14899999999999,0.14786012255040573,3,1,
80,13,ode,focei,lbfgsb3c,17,ok,TRUE,TRUE,TRUE,TRUE,-4472.180677734214,4.707473015988286,native,8,TRUE,TRUE,NA,FALSE,focei,"r,s",1,2,1,0,FALSE,34.569,324.03606605529785,56.82441997528076,415.42948603057863,56.452,0.13588828404887157,3,1,
80,13,ode,focei,lbfgsb3c,18,ok,TRUE,TRUE,TRUE,TRUE,-4488.517504503716,4.688065206717401,native,8,TRUE,TRUE,NA,FALSE,focei,"r,s",2,2,2,0,TRUE,26.572,377.9057023525238,64.3511528968811,468.8288552494049,64.005,0.13652103381296993,3,1,
80,13,ode,focei,lbfgsb3c,19,ok,TRUE,TRUE,TRUE,TRUE,-4511.501280663763,2.8995296830468322,native,8,TRUE,TRUE,NA,FALSE,focei,"r,s",1,2,1,0,FALSE,25.297,253.4528238773346,48.89829468727112,327.64811856460574,47.889,0.14615985042061896,3,1,
80,13,ode,focei,lbfgsb3c,20,ok,TRUE,TRUE,TRUE,TRUE,-4508.628202241674,4.328385853349641,native,8,TRUE,TRUE,NA,FALSE,focei,"r,s",2,2,2,0,TRUE,27.601,421.2289352416992,58.8716185092926,507.7015537509918,58.55599999999999,0.11533547527553849,3,1,
80,13,ode,focei,lbfgsb3c,21,ok,TRUE,TRUE,TRUE,TRUE,-4429.160082006747,5.397924443177438,native,8,TRUE,TRUE,NA,FALSE,focei,"r,s",2,2,2,0,TRUE,23.535,407.4355776309967,63.990755558013916,494.96133318901065,63.357,0.12800393839210444,3,1,
80,13,ode,focei,lbfgsb3c,22,ok,TRUE,TRUE,TRUE,TRUE,-4516.822670871078,6.07219904432351,native,8,TRUE,TRUE,NA,FALSE,focei,"r,s",2,2,2,0,TRUE,23.808,373.4539384841919,64.69585466384888,461.95779314804076,64.188,0.13894775876078808,3,1,
80,13,ode,focei,lbfgsb3c,23,ok,TRUE,TRUE,TRUE,TRUE,-4508.611989180329,7.842674828144614,native,8,TRUE,TRUE,NA,FALSE,focei,"r,s",3,2,2,1,FALSE,22.461,533.252522945404,74.149627685546875,629.8631506309509,73.689,0.11699207982906085,3,1,
80,13,ode,focei,lbfgsb3c,24,ok,TRUE,TRUE,TRUE,TRUE,-4506.475919900608,3.6349996261397743,native,8,TRUE,TRUE,NA,FALSE,focei,"r,s",1,2,1,0,FALSE,25.149,409.3608362674713,51.60646414756775,486.11630041503906,51.27400000000001,0.10547681687740774,3,1,
80,13,ode,focei,lbfgsb3c,25,ok,TRUE,TRUE,TRUE,TRUE,-4562.35497454259,5.80000971274207,native,8,TRUE,TRUE,NA,FALSE,focei,"r,s",2,2,2,0,TRUE,23.84,373.88979935646057,67.44438910484314,465.1741884613037,66.693,0.14337209942926138,3,1,
80,13,ode,focei,lbfgsb3c,26,ok,TRUE,TRUE,TRUE,TRUE,-4583.132769198536,4.293422049011299,native,8,TRUE,TRUE,NA,FALSE,focei,"r,s",1,2,1,0,FALSE,19.621000000000002,893.2941272258759,50.570433616638184,963.485560842514,50.20300000000001,0.05210560701719318,3,1,
80,13,ode,focei,lbfgsb3c,27,ok,TRUE,TRUE,TRUE,TRUE,-4512.273069837992,7.798595977871703,native,8,TRUE,TRUE,NA,FALSE,focei,"r,s",2,2,2,0,TRUE,23.504,376.4535102844238,61.624255895614624,461.58176618003847,61.236999999999995,0.1326677188893001,3,1,
80,13,ode,focei,lbfgsb3c,28,ok,TRUE,TRUE,TRUE,TRUE,-4456.89340950661,2.3613235863110082,native,8,TRUE,TRUE,NA,FALSE,focei,"r,s",1,2,1,0,FALSE,21.713,328.6387917995453,55.3787145614624,405.7305063610077,55.053000000000004,0.13568858919130763,3,1,
80,13,ode,focei,lbfgsb3c,29,ok,TRUE,TRUE,TRUE,TRUE,-4492.1062545658715,3.8708890236775004,native,27,TRUE,TRUE,NA,FALSE,focei,"r,s",2,2,2,0,TRUE,30.598,359.9203836917877,64.86615085601807,455.3845345478058,64.037,0.14062181550277805,3,1,
80,13,ode,focei,lbfgsb3c,30,ok,TRUE,TRUE,TRUE,TRUE,-4459.352556563167,3.315443296197948,native,8,TRUE,TRUE,NA,FALSE,focei,"r,s",1,2,1,0,FALSE,18.381,451.1394729614258,50.66280555725098,520.1832785186767,50.325,0.09674474762685616,3,1,
80,13,ode,focei,lbfgsb3c,31,ok,TRUE,TRUE,TRUE,TRUE,-4567.064657681483,4.469089437197929,native,8,TRUE,TRUE,NA,FALSE,focei,"r,s",3,2,1,2,FALSE,25.009,457.92669701576233,76.62187027931213,559.5575672950745,76.133,0.1360592804919612,3,1,
80,13,ode,focei,lbfgsb3c,32,ok,TRUE,TRUE,TRUE,TRUE,-4543.480083405696,12.798733554923407,native,8,TRUE,TRUE,NA,FALSE,focei,"r,s",2,2,1,1,FALSE,16.408,677.7714002132416,65.5456051826477,759.7250053958893,65.11599999999999,0.0857099602323453,3,1,
80,13,ode,focei,lbfgsb3c,33,ok,TRUE,TRUE,TRUE,TRUE,-4595.208438700359,3.920557831374638,native,27,TRUE,TRUE,NA,FALSE,focei,"r,s",2,2,1,1,FALSE,15.593,363.3923554420471,72.19896984100342,451.18432528305055,70.83400000000002,0.15699570226772017,3,1,
80,13,ode,focei,lbfgsb3c,34,ok,TRUE,TRUE,TRUE,TRUE,-4541.7061293848465,4.1178258273806465,native,8,TRUE,TRUE,NA,FALSE,focei,"r,s",3,2,2,1,FALSE,21.219,673.904940366745,77.2084412574768,772.3323816242219,76.554,0.09912053647032934,3,1,
80,13,ode,focei,lbfgsb3c,35,ok,TRUE,TRUE,TRUE,TRUE,-4585.717218504219,8.123674468987073,native,8,TRUE,TRUE,NA,FALSE,focei,"r,s",2,2,1,1,FALSE,26.332,455.1228585243225,66.39645624160767,547.8513147659302,65.997,0.12046516677284468,3,1,
80,13,ode,focei,lbfgsb3c,36,ok,TRUE,TRUE,TRUE,TRUE,-4373.474369960655,2.5672494994771715,native,8,TRUE,TRUE,NA,FALSE,focei,"r,s",1,2,0,1,FALSE,24.793,260.30031514167786,51.94692134857178,337.04023649024964,51.602,0.15310338177232086,3,1,
80,13,ode,focei,lbfgsb3c,37,ok,TRUE,TRUE,TRUE,TRUE,-4434.0999385049945,6.389598581916056,native,8,TRUE,TRUE,NA,FALSE,focei,"r,s",2,2,2,0,TRUE,23.946,339.74557542800903,62.9857611656189,426.67733659362796,62.611000000000004,0.1467408616071666,3,1,
80,13,ode,focei,lbfgsb3c,38,ok,TRUE,TRUE,TRUE,TRUE,-4554.537847545433,3.3781167621412407,native,8,TRUE,TRUE,NA,FALSE,focei,"r,s",2,2,2,0,TRUE,22.243000000000002,560.7905218601227,61.954344511032104,644.9878663711548,61.517999999999994,0.09537853843067458,3,1,
80,13,ode,focei,lbfgsb3c,39,ok,TRUE,TRUE,TRUE,TRUE,-4494.507759556124,3.9000221096985768,native,8,TRUE,TRUE,NA,FALSE,focei,"r,s",1,2,1,0,FALSE,20.869,431.79672026634216,53.57121443748474,506.23693470382693,53.111000000000004,0.10491332488624622,3,1,
80,13,ode,focei,lbfgsb3c,40,ok,TRUE,TRUE,TRUE,TRUE,-4516.737230042902,7.469747542505935,native,8,TRUE,TRUE,NA,FALSE,focei,"r,s",2,2,2,0,TRUE,21.447000000000003,368.74428844451904,66.50337171554565,456.6946601600647,66.071,0.14467215354968918,3,1,
80,13,ode,focei,lbfgsb3c,41,ok,TRUE,TRUE,TRUE,TRUE,-4492.220421869685,5.022641462430511,native,8,TRUE,TRUE,NA,FALSE,focei,"r,s",2,2,2,0,TRUE,24.626,418.25641202926636,60.830775022506714,503.71318705177305,60.326,0.11976259814258054,3,1,
80,13,ode,focei,lbfgsb3c,42,ok,TRUE,FALSE,TRUE,TRUE,-2946.8383854779418,192871.13065706275,native,27,TRUE,TRUE,NA,FALSE,focei,s,2,2,1,1,FALSE,17.592000000000002,284.23082160949707,37.32474184036255,339.1475634498596,36.968,0.10900269966251856,3,1,
80,13,ode,focei,lbfgsb3c,43,ok,TRUE,TRUE,TRUE,TRUE,-4548.085290612599,7.2772798151461355,native,8,TRUE,TRUE,NA,FALSE,focei,"r,s",3,2,2,1,FALSE,24.384,538.0160949230194,71.54624438285828,633.9463393058777,71.08800000000001,0.11213567394022005,3,1,
80,13,ode,focei,lbfgsb3c,44,ok,TRUE,TRUE,TRUE,TRUE,-4541.021072999306,10.08794358661901,native,8,TRUE,TRUE,NA,FALSE,focei,"r,s",2,2,1,1,FALSE,26.408,426.2890214920044,68.058025598526,520.7550470905304,67.56899999999999,0.12975198296686596,3,1,
80,13,ode,focei,lbfgsb3c,45,ok,TRUE,TRUE,TRUE,TRUE,-4567.933961958663,6.633687463288176,native,27,TRUE,TRUE,NA,FALSE,focei,"r,s",1,2,1,0,FALSE,15.607999999999999,349.32581639289856,56.80311632156372,421.7369327144623,56.375,0.13367337699629164,3,1,
80,13,ode,focei,lbfgsb3c,46,ok,TRUE,TRUE,TRUE,TRUE,-4455.95385897147,5.060514480426921,native,8,TRUE,TRUE,NA,FALSE,focei,"r,s",2,2,2,0,TRUE,29.859,424.28330302238464,62.33298063278198,516.4752836551667,61.756,0.11957203365656588,3,1,
80,13,ode,focei,lbfgsb3c,47,ok,TRUE,TRUE,TRUE,TRUE,-4523.223731835593,5.454082845968626,native,8,TRUE,TRUE,NA,FALSE,focei,"r,s",2,2,2,0,TRUE,21.928,423.00001311302185,65.5214569568634,510.44947006988525,64.99,0.12731916440446547,3,1,
80,13,ode,focei,lbfgsb3c,48,ok,TRUE,TRUE,TRUE,TRUE,-4521.167155982932,3.6691602305225484,native,8,TRUE,TRUE,NA,FALSE,focei,"r,s",2,2,1,1,FALSE,33.976,531.1518025398254,83.76362633705139,648.8914288768768,83.308,0.12838511389215343,3,1,
80,13,ode,focei,lbfgsb3c,49,ok,TRUE,TRUE,TRUE,TRUE,-4516.4865585592615,4.146239128321931,native,8,TRUE,TRUE,NA,FALSE,focei,"r,s",2,2,1,1,FALSE,21.149,634.3044879436493,69.95240879058838,725.4058967342377,69.58200000000001,0.09592147005318916,3,1,
80,13,ode,focei,lbfgsb3c,50,ok,TRUE,TRUE,TRUE,TRUE,-4524.84069641167,4.746878685130724,native,27,TRUE,TRUE,NA,FALSE,focei,"r,s",2,2,2,0,TRUE,27.706,582.5531642436981,61.835461378097534,672.0946256217957,61.325,0.09124459214841141,3,1,
80,13,ode,focei,lbfgsb3c,51,ok,TRUE,TRUE,TRUE,TRUE,-4593.044062000321,11.271440847693873,native,8,TRUE,TRUE,NA,FALSE,focei,"r,s",2,2,2,0,TRUE,19.253999999999998,426.50866961479187,62.25976037979126,508.02242999458315,61.852,0.12175052979581925,3,1,
80,13,ode,focei,lbfgsb3c,52,ok,TRUE,TRUE,TRUE,TRUE,-4495.630227378231,10.887709559920323,native,8,TRUE,TRUE,NA,FALSE,focei,"r,s",2,2,2,0,TRUE,20.916,627.274405002594,62.514623403549194,710.7050284061432,62.185,0.087497622099928965,3,1,
80,13,ode,focei,lbfgsb3c,53,ok,TRUE,TRUE,TRUE,TRUE,-4507.344760855021,4.655768398010899,native,8,TRUE,TRUE,NA,FALSE,focei,"r,s",2,2,2,0,TRUE,24.813000000000002,586.8927278518677,68.23633790016174,679.9420657520294,67.84599999999999,0.09978203058368064,3,1,
80,13,ode,focei,lbfgsb3c,54,ok,TRUE,TRUE,TRUE,TRUE,-4525.706339226474,7.417102325004919,native,8,TRUE,TRUE,NA,FALSE,focei,"r,s",2,2,2,0,TRUE,19.201999999999998,640.7185127735138,74.01101016998291,733.9315229434967,73.697,0.1004140000751456,3,1,
80,13,ode,focei,lbfgsb3c,55,ok,TRUE,TRUE,TRUE,TRUE,-4581.6626381100505,15.818612618924808,native,8,TRUE,TRUE,NA,FALSE,focei,"r,s",3,2,1,2,FALSE,27.136,541.905642747879,76.64577889442444,645.6874216423034,76.294,0.11815934063876683,3,1,
80,13,ode,focei,lbfgsb3c,56,ok,TRUE,TRUE,TRUE,TRUE,-4485.933373544473,5.124112241277416,native,8,TRUE,TRUE,NA,FALSE,focei,"r,s",2,2,2,0,TRUE,22.813000000000002,418.75127935409546,64.4450991153717,506.00937846946715,64.05499999999999,0.1265885628320723,3,1,
80,13,ode,focei,lbfgsb3c,57,ok,TRUE,TRUE,TRUE,TRUE,-4593.71474759732,5.956584897108036,native,27,TRUE,TRUE,NA,FALSE,focei,"r,s",2,2,1,1,FALSE,35.038000000000004,441.0092227458954,65.36681413650513,541.4140368824005,64.958,0.11997841868682359,3,1,
80,13,ode,focei,lbfgsb3c,58,ok,TRUE,TRUE,TRUE,TRUE,-4531.495104646067,5.577098846769641,native,8,TRUE,TRUE,NA,FALSE,focei,"r,s",2,2,2,0,TRUE,22.365000000000002,431.1739709377289,71.6586651802063,525.1976361179352,71.21000000000001,0.1355870535259026,3,1,
80,13,ode,focei,lbfgsb3c,59,ok,TRUE,TRUE,TRUE,TRUE,-4536.273892802809,7.715516868315648,native,8,TRUE,TRUE,NA,FALSE,focei,"r,s",2,2,2,0,TRUE,22.900000000000002,591.2788329124451,64.77092051506042,678.9497534275055,64.42,0.09488183724169864,3,1,
80,13,ode,focei,lbfgsb3c,60,ok,TRUE,TRUE,TRUE,TRUE,-4534.659149510245,10.22849648443841,native,8,TRUE,TRUE,NA,FALSE,focei,"r,s",2,2,0,2,FALSE,24.691000000000003,703.50639295578,59.56370949745178,787.7611024532318,59.087999999999994,0.07500751156154979,3,1,
80,13,ode,focei,lbfgsb3c,61,ok,TRUE,FALSE,TRUE,TRUE,-4538.874738933094,2076.292460639179,native,8,TRUE,TRUE,NA,FALSE,focei,s,2,2,0,2,FALSE,22.449,857.1811292171478,43.02142691612244,922.6515561332702,42.55,0.04611708474033502,3,1,
80,13,ode,focei,lbfgsb3c,62,ok,TRUE,TRUE,TRUE,TRUE,-4501.915092965219,5.321624210746692,native,8,TRUE,TRUE,NA,FALSE,focei,"r,s",1,2,0,1,FALSE,26.973,262.10164976119995,57.75813293457031,346.8327826957703,57.31900000000001,0.165264077848945,3,1,
80,13,ode,focei,lbfgsb3c,63,ok,TRUE,TRUE,TRUE,TRUE,-4512.1779451609445,7.108325558504625,native,8,TRUE,TRUE,NA,FALSE,focei,"r,s",2,2,2,0,TRUE,16.386000000000003,461.64606285095215,62.62260293960571,540.6546657905578,62.301,0.11523252076055245,3,1,
80,13,ode,focei,lbfgsb3c,64,ok,TRUE,TRUE,TRUE,TRUE,-4539.328911792846,13.800982307370878,native,27,TRUE,TRUE,NA,FALSE,focei,"r,s",2,2,2,0,TRUE,21.051,606.8614151477814,62.89021015167236,690.8026252994538,62.544000000000004,0.09053816200088703,3,1,
80,13,ode,focei,lbfgsb3c,65,ok,TRUE,TRUE,TRUE,TRUE,-4568.5957387686385,5.891786400344048,native,8,TRUE,TRUE,NA,FALSE,focei,"r,s",2,2,2,0,TRUE,21.261,450.1236660480499,61.96069693565369,533.3453629837036,61.601,0.11549926984531077,3,1,
80,13,ode,focei,lbfgsb3c,66,ok,TRUE,TRUE,TRUE,TRUE,-4611.68461203887,7.410939388549563,native,8,TRUE,TRUE,NA,FALSE,focei,"r,s",2,2,2,0,TRUE,25.589000000000006,473.5064797401428,67.07149076461792,566.1669705047608,66.66,0.11773911844516452,3,1,
80,13,ode,focei,lbfgsb3c,67,ok,TRUE,TRUE,TRUE,TRUE,-4545.581028200071,5.678304169420196,native,8,TRUE,TRUE,NA,FALSE,focei,"r,s",2,2,2,0,TRUE,24.049,472.16579484939575,62.46028804779053,558.6750828971863,62.086,0.1111307840651017,3,1,
80,13,ode,focei,lbfgsb3c,68,ok,TRUE,TRUE,TRUE,TRUE,-4516.5900621974015,3.3032927123372935,native,8,TRUE,TRUE,NA,FALSE,focei,"r,s",2,2,1,1,FALSE,22.333000000000002,490.96010541915894,63.230944871902466,576.5240502910614,62.864999999999995,0.10904141807833038,3,1,
80,13,ode,focei,lbfgsb3c,69,ok,TRUE,TRUE,TRUE,TRUE,-3448.792227550064,225.60492777862382,native,27,TRUE,TRUE,NA,FALSE,focei,s,1,2,0,1,FALSE,17.608999999999998,196.37028980255127,29.130290508270264,243.10958031082154,28.809,0.11850211728870162,3,1,
80,13,ode,focei,lbfgsb3c,70,ok,TRUE,TRUE,TRUE,TRUE,-4505.697661120615,6.430246169272026,native,8,TRUE,TRUE,NA,FALSE,focei,"r,s",2,2,2,0,TRUE,20.77,422.56724977493286,58.974196434020996,502.31144620895384,58.649,0.11675823922117617,3,1,
80,13,ode,focei,lbfgsb3c,71,ok,TRUE,TRUE,TRUE,TRUE,-4566.136498636141,11.310046107485634,native,8,TRUE,TRUE,NA,FALSE,focei,"r,s",2,2,1,1,FALSE,27.044,457.8027045726776,68.04329371452332,552.8899982872009,67.666,0.12238600844584391,3,1,
80,13,ode,focei,lbfgsb3c,72,ok,TRUE,TRUE,TRUE,TRUE,-4535.507505988179,5.200234207505572,native,8,TRUE,TRUE,NA,FALSE,focei,"r,s",2,2,2,0,TRUE,21.704,417.520103931427,64.88411450386047,504.1082184352875,64.515,0.1279784729561631,3,1,
80,13,ode,focei,lbfgsb3c,73,ok,TRUE,TRUE,TRUE,TRUE,-4573.566596001548,4.945965199770888,native,8,TRUE,TRUE,NA,FALSE,focei,"r,s",2,2,2,0,TRUE,22.723000000000003,387.77477645874023,61.19291400909424,471.6906904678345,60.864,0.12903371050133208,3,1,
80,13,ode,focei,lbfgsb3c,74,ok,TRUE,TRUE,TRUE,TRUE,-4505.16520962313,3.4335291006288737,native,8,TRUE,TRUE,NA,FALSE,focei,"r,s",1,2,0,1,FALSE,19.388,316.4233615398407,55.072744607925415,390.8841061477661,54.536,0.13951961500164894,3,1,
80,13,ode,focei,lbfgsb3c,75,ok,TRUE,TRUE,TRUE,TRUE,-4437.890292595362,5.261378957022938,native,27,TRUE,TRUE,NA,FALSE,focei,"r,s",2,2,2,0,TRUE,32.13,402.29343605041504,67.82183766365051,502.24527371406555,67.19200000000001,0.13378324001562084,3,1,
80,13,ode,focei,lbfgsb3c,76,ok,TRUE,TRUE,TRUE,TRUE,-4566.46463705819,7.371358634593226,native,8,TRUE,TRUE,NA,FALSE,focei,"r,s",2,2,2,0,TRUE,24.963,533.0396499633789,67.17613673210144,625.1787866954803,66.74400000000001,0.1067598604117553,3,1,
80,13,ode,focei,lbfgsb3c,77,ok,TRUE,TRUE,TRUE,TRUE,-4500.474521615001,3.78941558716419,native,8,TRUE,TRUE,NA,FALSE,focei,"r,s",1,2,1,0,FALSE,26.969,530.3506941795349,53.82128620147705,611.140980381012,52.892999999999994,0.08654795161506627,3,1,
80,13,ode,focei,lbfgsb3c,78,ok,TRUE,TRUE,TRUE,TRUE,-4572.702391014748,9.440280394920862,native,8,TRUE,TRUE,NA,FALSE,focei,"r,s",2,2,2,0,TRUE,24.078000000000003,547.5218482017517,63.459386110305786,635.0592343120575,63.081,0.09933089165821507,3,1,
80,13,ode,focei,lbfgsb3c,79,ok,TRUE,TRUE,TRUE,TRUE,-4577.917769489721,6.883234687676401,native,8,TRUE,TRUE,NA,FALSE,focei,"r,s",2,2,1,1,FALSE,22.363,912.9348530769348,61.19217801094055,996.4900310878754,60.79999999999999,0.06101415779706716,3,1,
80,13,ode,focei,lbfgsb3c,80,ok,TRUE,TRUE,TRUE,TRUE,-4550.4152284206275,6.792329943393826,native,27,TRUE,TRUE,NA,FALSE,focei,"r,s",2,2,0,2,FALSE,18.814,321.1494746208191,67.85386872291565,407.81734334373476,67.40599999999999,0.16528478030711377,3,1,
80,13,ode,focei,lbfgsb3c,81,ok,TRUE,TRUE,TRUE,TRUE,-4557.049039660538,6.911692590293308,native,8,TRUE,TRUE,NA,FALSE,focei,"r,s",2,2,2,0,TRUE,28.273000000000003,838.3659069538116,62.20259642601013,928.8415033798218,61.93000000000001,0.06667445390268656,3,1,
80,13,ode,focei,lbfgsb3c,82,ok,TRUE,TRUE,TRUE,TRUE,-4573.3748636326245,18.84439595529997,native,8,TRUE,TRUE,NA,FALSE,focei,r,3,2,1,2,FALSE,34.393,802.5862545967102,86.22630143165588,923.2055560283661,85.789,0.09292513399623006,3,1,
80,13,ode,focei,lbfgsb3c,83,ok,TRUE,TRUE,TRUE,TRUE,-4503.382449277642,5.162866329191295,native,8,TRUE,TRUE,NA,FALSE,focei,"r,s",2,2,1,1,FALSE,24.648,359.8415050506592,62.479928970336914,446.9694340209961,61.962,0.13862692901074164,3,1,
80,13,ode,focei,lbfgsb3c,84,ok,TRUE,TRUE,TRUE,TRUE,-4494.422274465872,7.008978137324952,native,8,TRUE,TRUE,NA,FALSE,focei,"r,s",2,2,2,0,TRUE,24.874000000000002,631.7966732978821,65.25789904594421,721.9285723438263,64.67,0.08957949924331325,3,1,
80,13,ode,focei,lbfgsb3c,85,ok,TRUE,TRUE,TRUE,TRUE,-4484.430841837531,10.382422906965184,native,27,TRUE,TRUE,NA,FALSE,focei,"r,s",3,2,1,2,FALSE,25.886,561.8896069526672,76.93812823295593,664.7137351856231,76.53099999999999,0.11513377255342633,3,1,
80,13,ode,focei,lbfgsb3c,86,ok,TRUE,TRUE,TRUE,TRUE,-3699.195469777691,1.3080466448989974,native,27,TRUE,TRUE,NA,FALSE,focei,r,3,2,0,3,FALSE,16.437,359.2029163837433,35.912923097610474,411.55283948135377,35.675,0.0866838874078922,3,1,
80,13,ode,focei,lbfgsb3c,87,ok,TRUE,TRUE,TRUE,TRUE,-4534.831935281068,5.294978280394611,native,8,TRUE,TRUE,NA,FALSE,focei,"r,s",2,2,2,0,TRUE,25.358,440.48230600357056,64.1988537311554,530.0391597347259,63.51499999999999,0.1198307687903437,3,1,
80,13,ode,focei,lbfgsb3c,88,ok,TRUE,TRUE,TRUE,TRUE,-4460.777401777246,4.66454228296731,native,8,TRUE,TRUE,NA,FALSE,focei,"r,s",2,2,1,1,FALSE,25.355,525.8204426765442,59.231958627700806,610.407401304245,58.82300000000001,0.09636678695951933,3,1,
80,13,ode,focei,lbfgsb3c,89,ok,TRUE,TRUE,TRUE,TRUE,-4502.934963779633,7.616323710426942,native,8,TRUE,TRUE,NA,FALSE,focei,"r,s",2,2,1,1,FALSE,21.424999999999997,479.05658745765686,62.446858406066895,562.9284458637237,62.108,0.11033018575692191,3,1,
80,13,ode,focei,lbfgsb3c,90,ok,TRUE,TRUE,TRUE,TRUE,-4538.530353353145,6.35381069093472,native,27,TRUE,TRUE,NA,FALSE,focei,"r,s",2,2,2,0,TRUE,22.781000000000002,381.29907965660095,63.37871026992798,467.45878992652894,62.963,0.13469208699636598,3,1,
80,13,ode,focei,lbfgsb3c,91,ok,TRUE,TRUE,TRUE,TRUE,-4529.375960813269,5.198742603603368,native,8,TRUE,TRUE,NA,FALSE,focei,"r,s",2,2,2,0,TRUE,29.333999999999996,657.0304999351501,63.53523540496826,749.8997353401184,63.197,0.08427393292962944,3,1,
80,13,ode,focei,lbfgsb3c,92,ok,TRUE,TRUE,TRUE,TRUE,-4473.839823966993,7.486929368610375,native,8,TRUE,TRUE,NA,FALSE,focei,r,2,2,2,0,TRUE,25.281,792.9735953807831,66.54135847091675,884.7959538516998,65.77900000000001,0.0743436944005569,3,1,
80,13,ode,focei,lbfgsb3c,93,ok,TRUE,TRUE,TRUE,TRUE,-4527.670102126957,6.5689892056450585,native,8,TRUE,TRUE,NA,FALSE,focei,"r,s",2,2,2,0,TRUE,23.623,397.4013774394989,60.83800554275513,481.862382982254,60.406,0.12535944313840458,3,1,
80,13,ode,focei,lbfgsb3c,94,ok,TRUE,TRUE,TRUE,TRUE,-4572.020717687428,6.984185262458034,native,8,TRUE,TRUE,NA,FALSE,focei,"r,s",2,2,1,1,FALSE,22.789,406.42189025878906,64.47625422477722,493.68714448356627,64.072,0.12978259757406507,3,1,
80,13,ode,focei,lbfgsb3c,95,ok,TRUE,TRUE,TRUE,TRUE,-4508.58322434183,7.6478776088711635,native,8,TRUE,TRUE,NA,FALSE,focei,"r,s",2,2,1,1,FALSE,23.346000000000004,382.5236780643463,67.5468761920929,473.4165542564392,67.13299999999998,0.14180534963641245,3,1,
80,13,ode,focei,lbfgsb3c,96,ok,TRUE,TRUE,TRUE,TRUE,-4504.17835342354,11.778018443860777,native,8,TRUE,TRUE,NA,FALSE,focei,"r,s",2,2,2,0,TRUE,23.939,438.4325227737427,62.011510610580444,524.3830333843231,61.42999999999999,0.11714719220325655,3,1,
80,13,ode,focei,lbfgsb3c,97,ok,TRUE,TRUE,TRUE,TRUE,-4527.692413899277,3.0417969664167357,native,8,TRUE,TRUE,NA,FALSE,focei,"r,s",1,2,0,1,FALSE,17.415,211.601087808609,58.2793927192688,287.2954805278778,57.894000000000005,0.20151378606313383,3,1,
80,13,ode,focei,lbfgsb3c,98,ok,TRUE,TRUE,TRUE,TRUE,-4468.3470764225285,8.041398891780709,native,8,TRUE,TRUE,NA,FALSE,focei,"r,s",2,2,1,1,FALSE,26.886000000000003,780.0278506278992,72.9300594329834,879.8439100608825,72.553,0.08246121746183314,3,1,
80,13,ode,focei,lbfgsb3c,99,ok,TRUE,TRUE,TRUE,TRUE,-4525.101128660111,6.890512016863565,native,8,TRUE,TRUE,NA,FALSE,focei,"r,s",3,2,1,2,FALSE,16.235999999999997,554.2105386257172,75.03384113311768,645.4803797588348,74.504,0.11542411254674585,3,1,
80,13,ode,focei,lbfgsb3c,100,ok,TRUE,TRUE,TRUE,TRUE,-4541.696860391119,8.360305978053107,native,8,TRUE,TRUE,NA,FALSE,focei,"r,s",2,2,2,0,TRUE,20.956,461.13507199287415,61.67633318901062,543.7674051818848,61.16799999999999,0.11248927283447581,3,1,
80,14,ode,focei,lbfgsb3c,1,ok,TRUE,TRUE,TRUE,TRUE,-4508.434125924744,5.311380826838392,native,8,TRUE,TRUE,NA,FALSE,focei,"r,s",2,3,2,0,FALSE,25.712,419.50503945350647,64.40535688400269,509.62239633750914,64.117,0.1258127595270304,3,1,
80,14,ode,focei,lbfgsb3c,2,ok,TRUE,TRUE,TRUE,TRUE,-4492.144663284485,7.083480207792659,native,8,TRUE,TRUE,NA,FALSE,focei,"r,s",3,3,3,0,TRUE,22.964000000000002,559.1270930767059,75.30580496788025,657.3968980445862,74.66099999999999,0.11357066061929653,3,1,
80,14,ode,focei,lbfgsb3c,3,ok,TRUE,TRUE,TRUE,TRUE,-4514.93612540121,14.080543730393888,native,27,TRUE,TRUE,NA,FALSE,focei,"r,s",4,3,3,1,FALSE,26.064999999999998,797.1180453300476,93.16264915466309,916.3456944847107,92.69100000000002,0.10115287337288469,3,1,
80,14,ode,focei,lbfgsb3c,4,ok,TRUE,TRUE,TRUE,TRUE,-4457.891009336802,12.336583390332468,native,27,TRUE,TRUE,NA,FALSE,focei,"r,s",4,3,3,1,FALSE,22.913,700.0907943248749,101.16465139389038,824.1684457187653,100.653,0.12212673334298736,3,1,
80,14,ode,focei,lbfgsb3c,5,ok,TRUE,TRUE,TRUE,TRUE,-4509.914465618769,11.201162029070705,native,8,TRUE,TRUE,NA,FALSE,focei,"r,s",3,3,3,0,TRUE,28.038,697.3034336566925,78.14045858383179,803.4818922405243,77.716,0.09672402172410814,3,1,
80,14,ode,focei,lbfgsb3c,6,ok,TRUE,TRUE,TRUE,TRUE,-4532.846549336294,12.425342640940695,native,8,TRUE,TRUE,NA,FALSE,focei,s,3,3,2,1,FALSE,27.020000000000003,656.8267242908478,64.98886322975159,748.8355875205993,64.249,0.08579853985402718,3,1,
80,14,ode,focei,lbfgsb3c,7,ok,TRUE,TRUE,TRUE,TRUE,-4522.83223618654,10.259941678255439,native,27,TRUE,TRUE,NA,FALSE,focei,"r,s",2,3,2,0,FALSE,23.906,536.6291701793671,71.54056859016418,632.0757387695312,71.141,0.11255138527938277,3,1,
80,14,ode,focei,lbfgsb3c,8,ok,TRUE,TRUE,TRUE,TRUE,-4535.16815284736,8.129211952728786,native,8,TRUE,TRUE,NA,FALSE,focei,"r,s",3,3,3,0,TRUE,24.803,532.9361064434052,77.00679087638855,634.7458973197937,76.653,0.12076171003808973,3,1,
80,14,ode,focei,lbfgsb3c,9,ok,TRUE,TRUE,TRUE,TRUE,-4570.961742440414,6.554098894960162,native,8,TRUE,TRUE,NA,FALSE,focei,s,3,3,2,1,FALSE,24.634,583.4498665332794,48.52122640609741,656.6050929393768,48.137,0.07331195039092456,3,1,
80,14,ode,focei,lbfgsb3c,10,ok,TRUE,TRUE,TRUE,TRUE,-4560.047249628478,8.09383201374112,native,8,TRUE,TRUE,NA,FALSE,focei,s,3,3,2,1,FALSE,20.405,893.6522898674011,40.58890962600708,954.6461994934082,40.227000000000004,0.042138124072925484,3,1,
80,14,ode,focei,lbfgsb3c,11,ok,TRUE,TRUE,TRUE,TRUE,-4531.191119650758,7.7357893456856495,native,8,TRUE,TRUE,NA,FALSE,focei,"r,s",3,3,3,0,TRUE,23.484,713.4756679534912,82.13116788864136,819.0908358421326,81.695,0.09973863267070597,3,1,
80,14,ode,focei,lbfgsb3c,12,ok,TRUE,TRUE,TRUE,TRUE,-4515.714143580992,8.641597428516192,native,8,TRUE,TRUE,NA,FALSE,focei,"r,s",3,3,3,0,TRUE,21.859,591.7376964092255,73.84100890159607,687.4377053108216,73.18599999999999,0.10646201020776029,3,1,
80,14,ode,focei,lbfgsb3c,13,ok,TRUE,TRUE,TRUE,TRUE,-4487.542106504843,8.858896744670737,native,8,TRUE,TRUE,NA,FALSE,focei,"r,s",2,3,1,1,FALSE,18.474999999999998,459.31933856010437,64.92507719993591,542.7194157600403,64.573,0.11898044942720551,3,1,
80,14,ode,focei,lbfgsb3c,14,ok,TRUE,TRUE,TRUE,TRUE,-4527.253010799948,8.735104947540847,native,8,TRUE,TRUE,NA,FALSE,focei,"r,s",3,3,3,0,TRUE,21.005000000000003,792.8312175273895,69.19194793701172,883.0281654644012,68.871,0.07799411467671524,3,1,
80,14,ode,focei,lbfgsb3c,15,ok,TRUE,TRUE,TRUE,TRUE,-4501.132304340471,7.406497593531238,native,8,TRUE,TRUE,NA,FALSE,focei,"r,s",3,3,2,1,FALSE,20.773,561.3311841487885,72.63329243659973,654.7374765853882,72.292,0.1104137193688988,3,1,
80,14,ode,focei,lbfgsb3c,16,ok,TRUE,TRUE,TRUE,TRUE,-4524.005924302229,6.5247423761170005,native,8,TRUE,TRUE,NA,FALSE,focei,"r,s",3,3,3,0,TRUE,23.291,643.4152553081512,76.1166319847107,742.822887292862,75.637,0.10182373388581348,3,1,
80,14,ode,focei,lbfgsb3c,17,ok,TRUE,TRUE,TRUE,TRUE,-4506.7813455583555,9.790670703099895,native,8,TRUE,TRUE,NA,FALSE,focei,"r,s",3,3,3,0,TRUE,22.354,520.8071141242981,71.62209606170654,614.7832101860047,71.14899999999999,0.11573022623450244,3,1,
80,14,ode,focei,lbfgsb3c,18,ok,TRUE,TRUE,TRUE,TRUE,-4548.221821802057,10.247540449175517,native,8,TRUE,TRUE,NA,FALSE,focei,"r,s",3,3,3,0,TRUE,22.201999999999998,509.9328570365906,72.69496321678162,604.8298202533722,72.28999999999999,0.11952122329172962,3,1,
80,14,ode,focei,lbfgsb3c,19,ok,TRUE,TRUE,TRUE,TRUE,-4564.915987941673,10.201197540559987,native,27,TRUE,TRUE,NA,FALSE,focei,"r,s",2,3,2,0,FALSE,28.616,423.6805610656738,66.33694672584534,518.6335077915192,65.77900000000001,0.1268313732371529,3,1,
80,14,ode,focei,lbfgsb3c,20,ok,TRUE,TRUE,TRUE,TRUE,-4380.284711155564,8.625911735795492,native,8,TRUE,TRUE,NA,FALSE,focei,"r,s",3,3,3,0,TRUE,27.914,493.1498703956604,68.64378547668457,589.707655872345,68.172,0.1156030438491667,3,1,
80,14,ode,focei,lbfgsb3c,21,ok,TRUE,TRUE,TRUE,TRUE,-4476.153456623341,6.068769804499672,native,8,TRUE,TRUE,NA,FALSE,focei,"r,s",3,3,2,1,FALSE,22.686999999999998,571.431396484375,73.82747793197632,667.9458744163513,73.477,0.11000442223586446,3,1,
80,14,ode,focei,lbfgsb3c,22,ok,TRUE,TRUE,TRUE,TRUE,-4465.902910679282,8.086566468134697,native,8,TRUE,TRUE,NA,FALSE,focei,"r,s",3,3,3,0,TRUE,21.651,559.4929597377777,74.83749413490295,655.9814538726806,74.435,0.11347119580982405,3,1,
80,14,ode,focei,lbfgsb3c,23,ok,TRUE,TRUE,TRUE,TRUE,-4537.088686604688,8.256407153269564,native,8,TRUE,TRUE,NA,FALSE,focei,"r,s",3,3,2,1,FALSE,28.862000000000002,854.9692249298096,84.00909399986267,967.8403189296722,83.598,0.08637581878429124,3,1,
80,14,ode,focei,lbfgsb3c,24,ok,TRUE,TRUE,TRUE,TRUE,-4484.805427054558,4.730137791100443,native,8,TRUE,TRUE,NA,FALSE,focei,"r,s",2,3,2,0,FALSE,26.228,441.3377125263214,64.88623237609863,532.45194490242,64.444,0.12103251874084216,3,1,
80,14,ode,focei,lbfgsb3c,25,ok,TRUE,TRUE,TRUE,TRUE,-4563.600833390526,8.082698299110284,native,8,TRUE,TRUE,NA,FALSE,focei,"r,s",3,3,3,0,TRUE,23.759999999999998,605.6962704658508,74.78917002677917,704.24544049263,74.31700000000001,0.10552712978590842,3,1,
80,14,ode,focei,lbfgsb3c,26,ok,TRUE,TRUE,TRUE,TRUE,-4508.0634341560035,6.064468261555212,native,8,TRUE,TRUE,NA,FALSE,focei,"r,s",2,3,2,0,FALSE,24.85,387.3664195537567,69.27549815177917,481.4919177055359,68.95800000000001,0.14321735726864762,3,1,
80,14,ode,focei,lbfgsb3c,27,ok,TRUE,TRUE,TRUE,TRUE,-4515.24688684589,7.4207792359906755,native,27,TRUE,TRUE,NA,FALSE,focei,"r,s",2,3,2,0,FALSE,32.608000000000004,512.6461985111237,71.7734055519104,617.027604063034,71.01800000000001,0.11509695762775791,3,1,
80,14,ode,focei,lbfgsb3c,28,ok,TRUE,TRUE,TRUE,TRUE,-4465.079769749185,7.7894814326892154,native,27,TRUE,TRUE,NA,FALSE,focei,"r,s",3,3,3,0,TRUE,22.993000000000002,552.6614434719086,77.51986980438232,653.174313276291,77.131,0.11808639505909933,3,1,
80,14,ode,focei,lbfgsb3c,29,ok,TRUE,TRUE,TRUE,TRUE,-4406.319729948925,13.946308063261485,native,8,TRUE,TRUE,NA,FALSE,focei,"r,s",3,3,3,0,TRUE,26.385,808.1182150840759,70.26021027565002,904.7634253597259,69.625,0.07695381803515954,3,1,
80,14,ode,focei,lbfgsb3c,30,ok,TRUE,TRUE,TRUE,TRUE,-4515.655036333363,6.302804254675731,native,8,TRUE,TRUE,NA,FALSE,focei,"r,s",3,3,3,0,TRUE,28.855,521.3970103263855,75.92533946037292,626.1773497867584,75.438,0.12047385620973042,3,1,
80,14,ode,focei,lbfgsb3c,31,ok,TRUE,TRUE,TRUE,TRUE,-4550.334700674623,38.76119713710073,native,27,TRUE,TRUE,NA,FALSE,focei,"r,s",3,3,2,1,FALSE,35.347,570.2137379646301,91.99740505218506,697.5581430168152,91.509,0.13118476347253266,3,1,
80,14,ode,focei,lbfgsb3c,32,ok,TRUE,TRUE,TRUE,TRUE,-4486.32524587992,9.144178264225836,native,8,TRUE,TRUE,NA,FALSE,focei,"r,s",3,3,2,1,FALSE,37.825,574.1147842407227,73.14176750183105,685.0815517425538,72.72099999999999,0.10614940632254502,3,1,
80,14,ode,focei,lbfgsb3c,33,ok,TRUE,TRUE,TRUE,TRUE,-4538.380843643337,6.5113590031259685,native,8,TRUE,TRUE,NA,FALSE,focei,"r,s",2,3,2,0,FALSE,23.500999999999998,542.8107256889343,62.35764122009277,628.6693669090271,62.04299999999999,0.09868939583464396,3,1,
80,14,ode,focei,lbfgsb3c,34,ok,TRUE,TRUE,TRUE,TRUE,-4501.445310277967,7.384455832083207,native,8,TRUE,TRUE,NA,FALSE,focei,"r,s",3,3,3,0,TRUE,34,539.4199426174164,68.61509728431702,642.0350399017334,68.22000000000001,0.10625588287275009,3,1,
80,14,ode,focei,lbfgsb3c,35,ok,TRUE,TRUE,TRUE,TRUE,-4559.123002149316,9.099247025745786,native,8,TRUE,TRUE,NA,FALSE,focei,"r,s",2,3,2,0,FALSE,28.091,666.3323483467102,57.17227053642273,751.5956188831329,56.822,0.07560182440184682,3,1,
80,14,ode,focei,lbfgsb3c,36,ok,TRUE,TRUE,TRUE,TRUE,-4473.060242516534,72.42528706534553,native,27,TRUE,TRUE,NA,FALSE,focei,s,2,3,0,2,FALSE,23.919,426.1941237449646,51.35455513000488,501.46767887496947,50.736000000000004,0.10117501513522265,3,1,
80,14,ode,focei,lbfgsb3c,37,ok,TRUE,TRUE,TRUE,TRUE,-4516.943954948168,8.08582338818914,native,8,TRUE,TRUE,NA,FALSE,focei,"r,s",3,3,3,0,TRUE,27.867,536.4875950813293,73.85540723800659,638.2100023193359,73.417,0.11503580284419444,3,1,
80,14,ode,focei,lbfgsb3c,38,ok,TRUE,TRUE,TRUE,TRUE,-4455.7486456240795,3.968155214377337,native,8,TRUE,TRUE,NA,FALSE,focei,"r,s",1,3,1,0,FALSE,25.794,207.72839045524597,54.694265365600586,288.21665582084654,54.202,0.18805991571039385,3,1,
80,14,ode,focei,lbfgsb3c,39,ok,TRUE,TRUE,TRUE,TRUE,-4559.868986149625,10.075609209423616,native,8,TRUE,TRUE,NA,FALSE,focei,"r,s",3,3,3,0,TRUE,31.621000000000002,922.5999948978424,81.71466970443726,1035.9356646022798,81.29,0.07847012394462659,3,1,
80,14,ode,focei,lbfgsb3c,40,ok,TRUE,TRUE,TRUE,TRUE,-4539.325295089458,11.794032715064068,native,8,TRUE,TRUE,NA,FALSE,focei,"r,s",3,3,3,0,TRUE,32.385,581.4106891155243,75.01589560508728,688.8115847206116,74.527,0.10819649618731202,3,1,
80,14,ode,focei,lbfgsb3c,41,ok,TRUE,TRUE,TRUE,TRUE,-4499.562364437491,11.848778051835493,native,8,TRUE,TRUE,NA,FALSE,focei,"r,s",3,3,2,1,FALSE,42.165,996.0820069313049,103.49548125267029,1141.7424881839752,102.90599999999999,0.09013065648776854,3,1,
80,14,ode,focei,lbfgsb3c,42,ok,TRUE,TRUE,TRUE,TRUE,-4601.9224152928455,8.079889138839125,native,8,TRUE,TRUE,NA,FALSE,focei,"r,s",3,3,2,1,FALSE,22.223000000000003,570.6309263706207,75.49582386016846,668.3497502307891,75.087,0.11234686625389112,3,1,
80,14,ode,focei,lbfgsb3c,43,ok,TRUE,TRUE,TRUE,TRUE,-4421.532023890879,30.809697045769408,native,27,TRUE,TRUE,NA,FALSE,focei,"r,s",4,3,3,1,FALSE,24.418,725.961329460144,95.01478457450867,845.3941140346527,94.584,0.11188154545883555,3,1,
80,14,ode,focei,lbfgsb3c,44,ok,TRUE,TRUE,TRUE,TRUE,-4493.296742887834,20.48822736305876,native,8,TRUE,TRUE,NA,FALSE,focei,"r,s",4,3,2,2,FALSE,25.909000000000002,758.7747917175293,80.30325865745544,864.9870503749847,79.90199999999999,0.0923736372300155,3,1,
80,14,ode,focei,lbfgsb3c,45,ok,TRUE,TRUE,TRUE,TRUE,-4558.865177187099,12.152652564302954,native,8,TRUE,TRUE,NA,FALSE,focei,"r,s",3,3,3,0,TRUE,29.597,630.0247812271118,73.08699703216553,732.7087782592773,72.627,0.099121236369711,3,1,
80,14,ode,focei,lbfgsb3c,46,ok,TRUE,TRUE,TRUE,TRUE,-4475.416211470655,2.8669417189393145,native,8,TRUE,TRUE,NA,FALSE,focei,"r,s",2,3,2,0,FALSE,39.175000000000004,400.1499569416046,62.94647192955017,502.2714288711548,62.565000000000005,0.1245641229098251,3,1,
80,14,ode,focei,lbfgsb3c,47,ok,TRUE,TRUE,TRUE,TRUE,-4508.25071561106,7.511408016310379,native,8,TRUE,TRUE,NA,FALSE,focei,"r,s",3,3,3,0,TRUE,20.804,563.7211339473724,77.49002265930176,662.0151566066742,77.01400000000001,0.11633268397472153,3,1,
80,14,ode,focei,lbfgsb3c,48,ok,TRUE,TRUE,TRUE,TRUE,-4499.002134169224,812.9760897319958,native,8,TRUE,TRUE,NA,FALSE,focei,s,3,3,2,1,FALSE,24.513,576.5107209682465,45.83346629142761,646.8571872596741,45.477,0.07030454464401541,3,1,
80,14,ode,focei,lbfgsb3c,49,ok,TRUE,TRUE,TRUE,TRUE,-4514.824741401843,9.915389148944639,native,8,TRUE,TRUE,NA,FALSE,focei,"r,s",3,3,3,0,TRUE,21.859,675.86224365234375,74.88124942779541,772.6024930801392,74.29899999999999,0.0961671760905038,3,1,
80,14,ode,focei,lbfgsb3c,50,ok,TRUE,TRUE,TRUE,TRUE,-4525.900951213411,5.824083387082166,native,27,TRUE,TRUE,NA,FALSE,focei,"r,s",2,3,2,0,FALSE,27.139,407.8357126712799,69.56272840499878,504.5374410762787,69.12899999999999,0.13701460857401204,3,1,
80,14,ode,focei,lbfgsb3c,51,ok,TRUE,TRUE,TRUE,TRUE,-4554.874926901287,8.787112453966344,native,8,TRUE,TRUE,NA,FALSE,focei,"r,s",3,3,3,0,TRUE,22.497,584.0484311580658,73.93461728096008,680.4800484390258,73.526,0.1080501921675199,3,1,
80,14,ode,focei,lbfgsb3c,52,ok,TRUE,TRUE,TRUE,TRUE,-4457.789013501449,8.45028477187456,native,8,TRUE,TRUE,NA,FALSE,focei,"r,s",3,3,3,0,TRUE,24.207,562.443078994751,69.09321022033691,655.7432892150879,68.628,0.10465680873706903,3,1,
80,14,ode,focei,lbfgsb3c,53,ok,TRUE,TRUE,TRUE,TRUE,-4496.629420753078,8.654171034360523,native,8,TRUE,TRUE,NA,FALSE,focei,"r,s",3,3,3,0,TRUE,28.405,496.45014119148254,72.5019884109497,597.3571296024322,72.021,0.12056606748450995,3,1,
80,14,ode,focei,lbfgsb3c,54,ok,TRUE,TRUE,TRUE,TRUE,-4476.896062715092,3.392116852730821,native,8,TRUE,TRUE,NA,FALSE,focei,"r,s",1,3,1,0,FALSE,24.689,432.71083903312683,54.536675214767456,511.9365142478943,54.208,0.10588812966318502,3,1,
80,14,ode,focei,lbfgsb3c,55,ok,TRUE,TRUE,TRUE,TRUE,-4585.6062125663375,11.515740826919087,native,27,TRUE,TRUE,NA,FALSE,focei,"r,s",3,3,2,1,FALSE,24.572000000000003,638.2918226718903,77.0693621635437,739.933184835434,76.57699999999998,0.10349177678391491,3,1,
80,14,ode,focei,lbfgsb3c,56,ok,TRUE,TRUE,TRUE,TRUE,-4464.303854111452,8.684055428112686,native,8,TRUE,TRUE,NA,FALSE,focei,"r,s",3,3,3,0,TRUE,22.372,613.6881401538849,74.26268148422241,710.3228216381073,73.905,0.10404424262980087,3,1,
80,14,ode,focei,lbfgsb3c,57,ok,TRUE,TRUE,TRUE,TRUE,-4502.1850469161545,14.77030121647838,native,8,TRUE,TRUE,NA,FALSE,focei,"r,s",2,3,2,0,FALSE,24.347,469.8338692188263,63.714637756347656,557.8955069751739,63.32,0.113497956531881,3,1,
80,14,ode,focei,lbfgsb3c,58,ok,TRUE,TRUE,TRUE,TRUE,-4595.90785924087,11.046063016193044,native,27,TRUE,TRUE,NA,FALSE,focei,"r,s",3,3,2,1,FALSE,21.739,578.9312829971313,80.43443369865417,681.1047166957856,79.95,0.11738283121552594,3,1,
80,14,ode,focei,lbfgsb3c,59,ok,TRUE,TRUE,TRUE,TRUE,-4464.494661222095,62.37122828669327,native,8,TRUE,TRUE,NA,FALSE,focei,"r,s",5,3,2,3,FALSE,25.831,956.2728052139282,99.31626057624817,1081.4200657901763,98.95200000000001,0.09150190858322697,3,1,
80,14,ode,focei,lbfgsb3c,60,ok,TRUE,TRUE,TRUE,TRUE,-4504.980985649014,8.273951729099219,native,8,TRUE,TRUE,NA,FALSE,focei,"r,s",3,3,3,0,TRUE,22.198,817.4090116024017,93.47810006141663,933.0851116638183,92.94599999999998,0.09961149185444032,3,1,
80,14,ode,focei,lbfgsb3c,61,ok,TRUE,TRUE,TRUE,TRUE,-4513.83936378534,8.389415897920212,native,8,TRUE,TRUE,NA,FALSE,focei,"r,s",4,3,3,1,FALSE,22.351,804.9582314491272,89.61865830421448,916.9278897533417,89.245,0.09733044549883565,3,1,
80,14,ode,focei,lbfgsb3c,62,ok,TRUE,TRUE,TRUE,TRUE,-4522.123019537257,5.930310805125524,native,27,TRUE,TRUE,NA,FALSE,focei,"r,s",2,3,2,0,FALSE,22.439,417.7206768989563,65.80761647224426,505.9672933712006,64.931,0.12833042935912395,3,1,
80,14,ode,focei,lbfgsb3c,63,ok,TRUE,TRUE,TRUE,TRUE,-4556.027137844594,11.940450900010692,native,8,TRUE,TRUE,NA,FALSE,focei,"r,s",3,3,3,0,TRUE,23.036,537.64666223526,69.36612391471863,630.0487861499787,69.019,0.10954548523417124,3,1,
80,14,ode,focei,lbfgsb3c,64,ok,TRUE,TRUE,TRUE,TRUE,-4493.232979601452,7.781283716084024,native,8,TRUE,TRUE,NA,FALSE,focei,"r,s",3,3,3,0,TRUE,21.351,529.6834394931793,72.26634216308594,623.3007816562653,71.886,0.11533115650678474,3,1,
80,14,ode,focei,lbfgsb3c,65,ok,TRUE,TRUE,TRUE,TRUE,-4533.196929529061,8.482751862796828,native,8,TRUE,TRUE,NA,FALSE,focei,"r,s",3,3,3,0,TRUE,21.971,704.1499791145325,73.43849301338196,799.5594721279144,73.13699999999999,0.09147161974750447,3,1,
80,14,ode,focei,lbfgsb3c,66,ok,TRUE,TRUE,TRUE,TRUE,-4623.490962302437,11.197567667103106,native,8,TRUE,TRUE,NA,FALSE,focei,"r,s",3,3,3,0,TRUE,22.8,770.5006046295166,75.06249213218689,868.3630967617034,74.69,0.08601240688202168,3,1,
80,14,ode,focei,lbfgsb3c,67,ok,TRUE,TRUE,TRUE,TRUE,-4536.7094448141415,10.306808423862424,native,8,TRUE,TRUE,NA,FALSE,focei,"r,s",3,3,2,1,FALSE,41.033,627.7419037818909,76.21235418319702,744.9872579650879,75.863,0.10183127186257881,3,1,
80,14,ode,focei,lbfgsb3c,68,ok,TRUE,TRUE,TRUE,TRUE,-4437.750175591915,9.398055366320751,native,8,TRUE,TRUE,NA,FALSE,focei,"r,s",3,3,2,1,FALSE,23.498,669.1701810359955,73.64652729034424,766.3147083263398,73.3,0.09565260747779455,3,1,
80,14,ode,focei,lbfgsb3c,69,ok,TRUE,TRUE,TRUE,TRUE,-4492.205799159786,13.091766163744666,native,8,TRUE,TRUE,NA,FALSE,focei,"r,s",3,3,3,0,TRUE,22.425,542.042576789856,73.23724579811096,637.7048225879669,72.55,0.11376736921256737,3,1,
80,14,ode,focei,lbfgsb3c,70,ok,TRUE,TRUE,TRUE,TRUE,-4537.687284628321,12.446960597211438,native,8,TRUE,TRUE,NA,FALSE,focei,"r,s",3,3,2,1,FALSE,20.092000000000002,605.669939994812,70.89627623558044,696.6582162303924,70.41400000000002,0.10107395328086297,3,1,
80,14,ode,focei,lbfgsb3c,71,ok,TRUE,TRUE,TRUE,TRUE,-4525.151099998163,4.423810279808182,native,8,TRUE,TRUE,NA,FALSE,focei,"r,s",1,3,0,1,FALSE,25.037999999999997,293.34628653526306,52.088154554367065,370.47244108963014,51.742,0.1396649096159944,3,1,
80,14,ode,focei,lbfgsb3c,72,ok,TRUE,TRUE,TRUE,TRUE,-4562.995239704589,12.264534126130197,native,8,TRUE,TRUE,NA,FALSE,focei,"r,s",3,3,2,1,FALSE,31.282,605.9398436546326,79.70142912864685,716.9232727832795,79.32,0.1106394547523328,3,1,
80,14,ode,focei,lbfgsb3c,73,ok,TRUE,TRUE,TRUE,TRUE,-4516.225326406158,9.312620786899748,native,8,TRUE,TRUE,NA,FALSE,focei,"r,s",3,3,3,0,TRUE,25.503999999999998,658.6249659061432,72.61190724372864,756.7408731498718,71.569,0.0945753064745927,3,1,
80,14,ode,focei,lbfgsb3c,74,ok,TRUE,TRUE,TRUE,TRUE,-4507.6076197373,8.821839285012562,native,8,TRUE,TRUE,NA,FALSE,focei,"r,s",3,3,3,0,TRUE,21.421,580.1976153850555,70.93909430503845,672.557709690094,70.422,0.1047077432692721,3,1,
80,14,ode,focei,lbfgsb3c,75,ok,TRUE,TRUE,TRUE,TRUE,-4483.71600567115,10.67368277996732,native,8,TRUE,TRUE,NA,FALSE,focei,"r,s",3,3,3,0,TRUE,25.803,661.8669219017029,70.54476237297058,758.2146842746735,70.21,0.0925991034678583,3,1,
80,14,ode,focei,lbfgsb3c,76,ok,TRUE,TRUE,TRUE,TRUE,-4471.411468334944,9.402936834503919,native,8,TRUE,TRUE,NA,FALSE,focei,"r,s",3,3,2,1,FALSE,23.55,878.3634231090546,91.57364225387573,993.4870653629303,91.187,0.09178478832705136,3,1,
80,14,ode,focei,lbfgsb3c,77,ok,TRUE,TRUE,TRUE,TRUE,-4458.521879468118,10.762215691863917,native,8,TRUE,TRUE,NA,FALSE,focei,"r,s",3,3,2,1,FALSE,26.298000000000002,599.1721930503845,69.4768922328949,694.9470852832794,69.12599999999999,0.09946944373732043,3,1,
80,14,ode,focei,lbfgsb3c,78,ok,TRUE,TRUE,TRUE,TRUE,-4547.41808224327,10.36618344688424,native,8,TRUE,TRUE,NA,FALSE,focei,"r,s",2,3,2,0,FALSE,17.551000000000002,595.0560047626495,63.16766619682312,675.7746709594727,62.838,0.09298661625003181,3,1,
80,14,ode,focei,lbfgsb3c,79,ok,TRUE,TRUE,TRUE,TRUE,-4451.26108871525,13.230675689563348,native,27,TRUE,TRUE,NA,FALSE,focei,"r,s",3,3,3,0,TRUE,32.349000000000004,560.793692111969,73.62372851371765,666.7664206256867,73.29,0.10991855278378511,3,1,
80,14,ode,focei,lbfgsb3c,80,ok,TRUE,TRUE,TRUE,TRUE,-4587.509644608336,5.9706653920076915,native,8,TRUE,TRUE,NA,FALSE,focei,"r,s",4,3,2,2,FALSE,28.759,728.6454894542694,91.99420118331909,849.3986906375885,91.59900000000002,0.10783981775536125,3,1,
80,14,ode,focei,lbfgsb3c,81,ok,TRUE,TRUE,TRUE,TRUE,-4454.619279399715,11.142577933127527,native,27,TRUE,TRUE,NA,FALSE,focei,"r,s",3,3,3,0,TRUE,27.319,539.5380835533142,75.70668888092041,642.5637724342346,75.34899999999999,0.11726306902512441,3,1,
80,14,ode,focei,lbfgsb3c,82,ok,TRUE,TRUE,TRUE,TRUE,-4595.129309942064,11.492728623717339,native,8,TRUE,TRUE,NA,FALSE,focei,"r,s",3,3,3,0,TRUE,28.775,638.9940583705902,71.13511371612549,738.9041720867157,70.79899999999999,0.09581621362355933,3,1,
80,14,ode,focei,lbfgsb3c,83,ok,TRUE,TRUE,TRUE,TRUE,-4506.990939678013,7.606163341087492,native,8,TRUE,TRUE,NA,FALSE,focei,"r,s",3,3,2,1,FALSE,30.253000000000004,686.6657292842865,75.38671326637268,792.3054425506592,74.996,0.0946554144050384,3,1,
80,14,ode,focei,lbfgsb3c,84,ok,TRUE,TRUE,TRUE,TRUE,-4459.335241427963,9.348583306699215,native,8,TRUE,TRUE,NA,FALSE,focei,"r,s",3,3,3,0,TRUE,26.573,537.6686344146729,73.45505857467651,637.6966929893493,73.042,0.11454034622258882,3,1,
80,14,ode,focei,lbfgsb3c,85,ok,TRUE,TRUE,TRUE,TRUE,-4489.737854304195,8.143804624017367,native,8,TRUE,TRUE,NA,FALSE,focei,"r,s",3,3,3,0,TRUE,22.660000000000004,582.9897983074188,76.78133869171143,682.4311369991302,76.225,0.11169625163234184,3,1,
80,14,ode,focei,lbfgsb3c,86,ok,TRUE,TRUE,TRUE,TRUE,-4519.327338912546,20.943197326377764,native,27,TRUE,TRUE,NA,FALSE,focei,"r,s",2,3,1,1,FALSE,30.047000000000004,395.4965486526489,72.74918842315674,498.2927370758057,72.357,0.14520982269302526,3,1,
80,14,ode,focei,lbfgsb3c,87,ok,TRUE,TRUE,TRUE,TRUE,-4476.662548262813,14.413664993702286,native,8,TRUE,TRUE,NA,FALSE,focei,"r,s",3,3,3,0,TRUE,21.555999999999997,612.3221387863159,93.2044506072998,727.0825893936158,92.837,0.12768425671893166,3,1,
80,14,ode,focei,lbfgsb3c,88,ok,TRUE,TRUE,TRUE,TRUE,-4487.911028997351,7.653151523118089,native,8,TRUE,TRUE,NA,FALSE,focei,"r,s",3,3,3,0,TRUE,23.915,507.6187620162964,75.51290512084961,607.046667137146,75.182,0.1238487979096583,3,1,
80,14,ode,focei,lbfgsb3c,89,ok,TRUE,TRUE,TRUE,TRUE,-4486.056279717321,9.80647418747071,native,8,TRUE,TRUE,NA,FALSE,focei,"r,s",3,3,3,0,TRUE,24.972,569.7094993591309,84.1280300617218,678.8095294208526,83.697,0.12329968330204305,3,1,
80,14,ode,focei,lbfgsb3c,90,ok,TRUE,TRUE,TRUE,TRUE,-4494.1028076337825,11.354498394282476,native,8,TRUE,TRUE,NA,FALSE,focei,"r,s",3,3,3,0,TRUE,27.96,521.5674877166748,68.7357029914856,618.2631907081604,68.348,0.11054838946778313,3,1,
80,14,ode,focei,lbfgsb3c,91,ok,TRUE,TRUE,TRUE,TRUE,-4487.273239750667,13.973477925857281,native,8,TRUE,TRUE,NA,FALSE,focei,"r,s",3,3,3,0,TRUE,22.325,577.581392288208,73.92219734191895,673.828589630127,73.563,0.10917168124371164,3,1,
80,14,ode,focei,lbfgsb3c,92,ok,TRUE,TRUE,TRUE,TRUE,-4519.371840492372,11.188094131372765,native,8,TRUE,TRUE,NA,FALSE,focei,"r,s",3,3,3,0,TRUE,21.76,457.65870928764343,70.74487709999084,550.1635863876343,70.37700000000001,0.1279201345586943,3,1,
80,14,ode,focei,lbfgsb3c,93,ok,TRUE,TRUE,TRUE,TRUE,-4497.247384217342,8.047456408267616,native,8,TRUE,TRUE,NA,FALSE,focei,"r,s",3,3,3,0,TRUE,19.133,499.3572368621826,70.82961106300354,589.3198479251862,70.49400000000001,0.11961925302225555,3,1,
80,14,ode,focei,lbfgsb3c,94,ok,TRUE,TRUE,TRUE,TRUE,-4518.065117087038,11.960431424942625,native,8,TRUE,TRUE,NA,FALSE,focei,"r,s",3,3,3,0,TRUE,21.956000000000003,526.5013303756714,79.82993197441101,628.2872623500824,79.49700000000001,0.12652970187974968,3,1,
80,14,ode,focei,lbfgsb3c,95,ok,TRUE,TRUE,TRUE,TRUE,-4516.341770862007,9.220581594390042,native,8,TRUE,TRUE,NA,FALSE,focei,"r,s",3,3,3,0,TRUE,20.938,521.8233268260956,72.11298274993896,614.8743095760345,71.72900000000001,0.11665636193103966,3,1,
80,14,ode,focei,lbfgsb3c,96,ok,TRUE,TRUE,TRUE,TRUE,-4471.1575029755895,17.817746058797347,native,8,TRUE,TRUE,NA,FALSE,focei,"r,s",3,3,3,0,TRUE,25.692,524.522608757019,72.82056546211243,623.0351742191315,72.472,0.11632088042353517,3,1,
80,14,ode,focei,lbfgsb3c,97,ok,TRUE,TRUE,TRUE,TRUE,-4516.013410366205,10.157251802521971,native,27,TRUE,TRUE,NA,FALSE,focei,"r,s",2,3,2,0,FALSE,28.027000000000005,397.5214936733246,67.01736855506897,492.56586222839354,66.688,0.1353890009719716,3,1,
80,14,ode,focei,lbfgsb3c,98,ok,TRUE,TRUE,TRUE,TRUE,-4553.096893033503,7.394648729508041,native,8,TRUE,TRUE,NA,FALSE,focei,"r,s",3,3,2,1,FALSE,22.835,517.2599959373474,71.83630800247192,611.9313039398194,71.208,0.11636600308161875,3,1,
80,14,ode,focei,lbfgsb3c,99,ok,TRUE,TRUE,TRUE,TRUE,-4524.213300181984,7.79990521338522,native,8,TRUE,TRUE,NA,FALSE,focei,"r,s",3,3,3,0,TRUE,25.944000000000003,513.5791940689087,75.69015288352966,615.2133469524383,75.255,0.12232341897780365,3,1,
80,14,ode,focei,lbfgsb3c,100,ok,TRUE,TRUE,TRUE,TRUE,-4545.296483117833,8.003747608399104,native,8,TRUE,TRUE,NA,FALSE,focei,"r,s",3,3,3,0,TRUE,28.542,648.5093069076538,75.21190237998962,752.2632092876435,74.88199999999999,0.09954228662984807,3,1,
80,15,ode,focei,lbfgsb3c,1,ok,TRUE,TRUE,TRUE,TRUE,-4459.456974722959,14.263163337203194,native,8,TRUE,TRUE,NA,FALSE,focei,"r,s",3,3,2,1,FALSE,33.356,528.939435005188,75.58107042312622,637.8765054283142,74.85499999999999,0.11735030113663959,3,1,
80,15,ode,focei,lbfgsb3c,2,ok,TRUE,TRUE,TRUE,TRUE,-4563.4227812383815,7.131899121102201,native,8,TRUE,TRUE,NA,FALSE,focei,"r,s",3,3,3,0,TRUE,27.434,567.7365024089813,76.10616207122803,671.2766644802093,75.557,0.11255716755550585,3,1,
80,15,ode,focei,lbfgsb3c,3,ok,TRUE,TRUE,TRUE,TRUE,-4510.377003960231,5.471051173807022,native,8,TRUE,TRUE,NA,FALSE,focei,"r,s",3,3,3,0,TRUE,29.264999999999997,590.8628325462341,75.17346739768982,695.3012999439239,74.56500000000001,0.10724127799849315,3,1,
80,15,ode,focei,lbfgsb3c,4,ok,TRUE,TRUE,TRUE,TRUE,-4518.62337187867,8.9609177432085,native,8,TRUE,TRUE,NA,FALSE,focei,"r,s",3,3,3,0,TRUE,30.222000000000005,688.8476886749268,79.23609232902527,798.305781003952,78.851,0.09877292871515564,3,1,
80,15,ode,focei,lbfgsb3c,5,ok,TRUE,TRUE,TRUE,TRUE,-4511.8042263096695,11.863572800654978,native,8,TRUE,TRUE,NA,FALSE,focei,"r,s",3,3,3,0,TRUE,23.823999999999998,495.3939275741577,72.1900544166565,591.4079819908142,71.70700000000001,0.12124794081848184,3,1,
80,15,ode,focei,lbfgsb3c,6,ok,TRUE,FALSE,TRUE,TRUE,-4183.987762194504,201025.6551964582,native,27,TRUE,TRUE,NA,FALSE,focei,|s|,3,3,3,0,TRUE,34.188,812.9684326648712,29.152411460876465,876.3088441257477,28.873999999999995,0.032949570455158686,3,1,
80,15,ode,focei,lbfgsb3c,7,ok,FALSE,FALSE,FALSE,FALSE,-4476.162191126065,NA,NA,27,FALSE,FALSE,NA,FALSE,focei,failed,3,3,1,2,FALSE,30.728,806.800491809845,29.578041076660156,867.1065328865051,29.061,0.03351491298682647,3,1,
80,15,ode,focei,lbfgsb3c,8,ok,TRUE,TRUE,TRUE,TRUE,-4531.536125485007,23.235321088737386,native,8,TRUE,TRUE,NA,FALSE,focei,s,3,3,2,1,FALSE,22.715,646.4416913986206,39.386749029159546,708.5434404277802,39.150999999999996,0.05525560998259012,3,1,
80,15,ode,focei,lbfgsb3c,9,ok,TRUE,TRUE,TRUE,TRUE,-4549.560906679378,5.961832136491578,native,8,TRUE,TRUE,NA,FALSE,focei,"r,s",3,3,2,1,FALSE,29.423,577.4401586055756,78.98026180267334,685.8434204082489,78.51599999999999,0.11448094078567272,3,1,
80,15,ode,focei,lbfgsb3c,10,ok,TRUE,TRUE,TRUE,TRUE,-4400.436463405674,6.585288042475527,native,8,TRUE,TRUE,NA,FALSE,focei,"r,s",4,3,3,1,FALSE,24.594,921.8219473361969,83.24432301521301,1029.66027035141,82.86700000000002,0.08047994312892987,3,1,
80,15,ode,focei,lbfgsb3c,11,ok,TRUE,TRUE,TRUE,TRUE,-4462.564332130734,6.96274061667972,native,8,TRUE,TRUE,NA,FALSE,focei,s,3,3,2,1,FALSE,34.083,569.7357025146484,48.475202798843384,652.2939053134918,48.212999999999994,0.07391300088390199,3,1,
80,15,ode,focei,lbfgsb3c,12,ok,TRUE,TRUE,TRUE,TRUE,-4514.1533519020695,13.621823654856101,native,8,TRUE,TRUE,NA,FALSE,focei,"r,s",3,3,1,2,FALSE,33.535000000000004,566.8198647499084,75.2644464969635,675.6193112468719,74.81599999999999,0.11073691760220003,3,1,
80,15,ode,focei,lbfgsb3c,13,ok,TRUE,TRUE,TRUE,TRUE,-4590.959222068131,9.661109648841693,native,8,TRUE,TRUE,NA,FALSE,focei,"r,s",3,3,1,2,FALSE,34.085,657.2211604118347,77.8958535194397,769.2020139312745,77.505,0.10076026660913658,3,1,
80,15,ode,focei,lbfgsb3c,14,ok,TRUE,TRUE,TRUE,TRUE,-4504.979170027039,9.308720550554426,native,8,TRUE,TRUE,NA,FALSE,focei,"r,s",3,3,0,3,FALSE,27.862000000000002,850.5885105133057,70.40704226493835,948.857552778244,70.066,0.07384248541295536,3,1,
80,15,ode,focei,lbfgsb3c,15,ok,TRUE,TRUE,TRUE,TRUE,-4509.309148815624,4.792491366952125,native,8,TRUE,TRUE,NA,FALSE,focei,"r,s",3,3,2,1,FALSE,30.824,569.9297797679901,77.00845503807068,677.7622348060607,76.66099999999999,0.11310898728657588,3,1,
80,15,ode,focei,lbfgsb3c,16,ok,TRUE,TRUE,TRUE,TRUE,-4602.53786190197,4.445586062310699,native,8,TRUE,TRUE,NA,FALSE,focei,"r,s",3,3,2,1,FALSE,23.414,728.1841413974762,75.11287260055542,826.7110139980316,74.69300000000001,0.09034958859297096,3,1,
80,15,ode,focei,lbfgsb3c,17,ok,TRUE,TRUE,TRUE,TRUE,-4470.654686597046,6.472014697888826,native,8,TRUE,TRUE,NA,FALSE,focei,"r,s",3,3,2,1,FALSE,31.436000000000003,572.7245411872864,78.32222509384155,682.482766281128,77.803,0.11399994819495768,3,1,
80,15,ode,focei,lbfgsb3c,18,ok,TRUE,TRUE,TRUE,TRUE,-4491.3621935581195,6.372691176399416,native,8,TRUE,TRUE,NA,FALSE,focei,"r,s",3,3,2,1,FALSE,32.259,910.0758349895477,77.79419708251953,1020.1290320720673,77.36099999999999,0.0758345244256658,3,1,
80,15,ode,focei,lbfgsb3c,19,ok,TRUE,TRUE,TRUE,TRUE,-4427.796879281956,6.913262150853645,native,8,TRUE,TRUE,NA,FALSE,focei,"r,s",2,3,2,0,FALSE,40.318000000000005,448.10311937332153,58.966604471206665,547.3877238445282,57.80800000000001,0.10560704502832242,3,1,
80,15,ode,focei,lbfgsb3c,20,ok,TRUE,TRUE,TRUE,TRUE,-4502.532482723667,7.160282331503743,native,8,TRUE,TRUE,NA,FALSE,focei,"r,s",3,3,1,2,FALSE,27.049,963.3424899578094,85.06153655052185,1075.4530265083313,84.69500000000001,0.07875285848139635,3,1,
80,15,ode,focei,lbfgsb3c,21,ok,TRUE,TRUE,TRUE,TRUE,-4506.633677405865,5.617922606427846,native,8,TRUE,TRUE,NA,FALSE,focei,"r,s",4,3,3,1,FALSE,44.907000000000004,903.8415186405182,82.14625692367554,1030.8947755641937,81.64800000000001,0.07920109979732437,3,1,
80,15,ode,focei,lbfgsb3c,22,ok,TRUE,TRUE,TRUE,TRUE,-4508.933364027035,7.473040953799543,native,8,TRUE,TRUE,NA,FALSE,focei,"r,s",3,3,3,0,TRUE,27.363,556.7478883266449,79.67300486564636,663.7838931922913,79.248,0.11938825393740411,3,1,
80,15,ode,focei,lbfgsb3c,23,ok,TRUE,TRUE,TRUE,TRUE,-4440.855149389768,8.090712732600823,native,27,TRUE,TRUE,NA,FALSE,focei,"r,s",2,3,2,0,FALSE,32.27,373.37988924980164,70.81819677352905,476.46808602333067,70.31599999999999,0.14757756513530038,3,1,
80,15,ode,focei,lbfgsb3c,24,ok,TRUE,TRUE,TRUE,TRUE,-4546.8010827249045,4.688824146183997,native,8,TRUE,TRUE,NA,FALSE,focei,"r,s",3,3,3,0,TRUE,29.271,579.4940667152405,73.1544349193573,681.9195016345977,72.05699999999999,0.10566789749710263,3,1,
80,15,ode,focei,lbfgsb3c,25,ok,TRUE,TRUE,TRUE,TRUE,-4602.501495080783,9.730573032788993,native,8,TRUE,TRUE,NA,FALSE,focei,"r,s",3,3,3,0,TRUE,21.185000000000002,513.9081766605377,75.177215576171875,610.2703922367095,74.685,0.12238017926164022,3,1,
80,15,ode,focei,lbfgsb3c,26,ok,TRUE,TRUE,TRUE,TRUE,-4525.6654956175435,7.600209532890689,native,8,TRUE,TRUE,NA,FALSE,focei,"r,s",3,3,2,1,FALSE,20.119,734.4639461040497,71.99423480033875,826.5771809043885,71.595,0.08661623095095038,3,1,
80,15,ode,focei,lbfgsb3c,27,ok,TRUE,TRUE,TRUE,TRUE,-4416.354126082746,7.3150900470234514,native,8,TRUE,TRUE,NA,FALSE,focei,"r,s",3,3,3,0,TRUE,18.15,705.0260796546936,72.6040358543396,795.7801155090332,72.183,0.0907072174753035,3,1,
80,15,ode,focei,lbfgsb3c,28,ok,TRUE,TRUE,TRUE,TRUE,-4521.881329522894,6.247960846559463,native,8,TRUE,TRUE,NA,FALSE,focei,s,3,3,1,2,FALSE,38.576,803.5498054027557,49.83338141441345,891.9591868171692,49.507,0.05550366062897873,3,1,
80,15,ode,focei,lbfgsb3c,29,ok,TRUE,TRUE,TRUE,TRUE,-4446.665789441339,6.661581720127806,native,8,TRUE,TRUE,NA,FALSE,focei,"r,s",3,3,2,1,FALSE,29.256000000000004,776.789822101593,83.37361598014832,889.4194380817413,82.92200000000001,0.09323160305428263,3,1,
80,15,ode,focei,lbfgsb3c,30,ok,TRUE,TRUE,TRUE,TRUE,-4476.7835085007855,8.835839311372748,native,8,TRUE,TRUE,NA,FALSE,focei,"r,s",3,3,3,0,TRUE,27.412,519.7814555168152,83.15188837051392,630.3453438873291,82.765,0.13130104125080014,3,1,
80,15,ode,focei,lbfgsb3c,31,ok,TRUE,TRUE,TRUE,TRUE,-4551.585913062104,8.63814966339463,native,8,TRUE,TRUE,NA,FALSE,focei,"r,s",3,3,3,0,TRUE,34.789,630.3215010166168,79.4165358543396,744.5270368709564,78.96000000000001,0.10605390548588713,3,1,
80,15,ode,focei,lbfgsb3c,32,ok,TRUE,TRUE,TRUE,TRUE,-4503.392540319691,8.620430454173603,native,8,TRUE,TRUE,NA,FALSE,focei,"r,s",3,3,3,0,TRUE,31.79,799.674263715744,76.89787578582764,908.3621395015716,76.558,0.08428136386442552,3,1,
80,15,ode,focei,lbfgsb3c,33,ok,TRUE,TRUE,TRUE,TRUE,-4586.968830787947,9.592404969601532,native,8,TRUE,TRUE,NA,FALSE,focei,"r,s",4,3,3,1,FALSE,33.742,639.1574697494507,87.66645860671997,760.5659283561706,87.336,0.11483028195696511,3,1,
80,15,ode,focei,lbfgsb3c,34,ok,TRUE,TRUE,TRUE,TRUE,-4515.975834921185,8.507390429348709,native,8,TRUE,TRUE,NA,FALSE,focei,"r,s",3,3,3,0,TRUE,32.146,723.5555536746979,76.83855247497559,832.5401061496734,76.464,0.09184422400216881,3,1,
80,15,ode,focei,lbfgsb3c,35,ok,TRUE,TRUE,TRUE,TRUE,-4567.001769108792,7.639018589261493,native,8,TRUE,TRUE,NA,FALSE,focei,"r,s",3,3,3,0,TRUE,15.462000000000002,606.6667430400848,81.89028906822205,704.0190321083069,81.46000000000001,0.11570709921868721,3,1,
80,15,ode,focei,lbfgsb3c,36,ok,TRUE,TRUE,TRUE,TRUE,-4372.3165691472395,6.396106132012375,native,27,TRUE,TRUE,NA,FALSE,focei,"r,s",3,3,3,0,TRUE,22.248,568.2086210250854,79.17277503013611,669.6293960552216,78.81200000000001,0.11769495255775884,3,1,
80,15,ode,focei,lbfgsb3c,37,ok,TRUE,TRUE,TRUE,TRUE,-4536.987771354798,7.476246441510465,native,8,TRUE,TRUE,NA,FALSE,focei,"r,s",3,3,3,0,TRUE,25.328000000000003,524.0277359485626,77.58394360542297,626.9396795539856,77.087,0.12295760264343272,3,1,
80,15,ode,focei,lbfgsb3c,38,ok,TRUE,TRUE,TRUE,TRUE,-4464.30383994841,11.850960758517719,native,8,TRUE,TRUE,NA,FALSE,focei,"r,s",4,3,3,1,FALSE,33.311,699.1686050891876,87.74802994728088,820.2276350364685,86.70399999999998,0.10570724064441574,3,1,
80,15,ode,focei,lbfgsb3c,39,ok,TRUE,TRUE,TRUE,TRUE,-4599.068951443891,13.187274751775195,native,27,TRUE,TRUE,NA,FALSE,focei,"r,s",3,3,3,0,TRUE,34.870999999999995,598.8401665687561,79.80633568763733,713.5175022563934,79.238,0.1110526367600256,3,1,
80,15,ode,focei,lbfgsb3c,40,ok,TRUE,TRUE,TRUE,TRUE,-4446.330626877541,4.488553589247791,native,8,TRUE,TRUE,NA,FALSE,focei,"r,s",3,3,3,0,TRUE,21.131,488.59032440185547,73.10809850692749,582.8294229087829,72.68900000000001,0.12471745101203713,3,1,
80,15,ode,focei,lbfgsb3c,41,ok,TRUE,TRUE,TRUE,TRUE,-4515.830816165591,3.5240631301866023,native,8,TRUE,TRUE,NA,FALSE,focei,"r,s",2,3,1,1,FALSE,17.243,444.3258445262909,65.68128275871277,527.2501272850037,65.387,0.12401514312893702,3,1,
80,15,ode,focei,lbfgsb3c,42,ok,TRUE,TRUE,TRUE,TRUE,-4560.286822222638,16.34116747324834,native,8,TRUE,TRUE,NA,FALSE,focei,s,3,3,0,3,FALSE,27,600.4641561508179,51.83008098602295,679.2942371368408,51.303,0.07552397355266424,3,1,
80,15,ode,focei,lbfgsb3c,43,ok,TRUE,TRUE,TRUE,TRUE,-4415.744461549288,6.162367963526768,native,8,TRUE,TRUE,NA,FALSE,focei,"r,s",4,3,1,3,FALSE,25.806,691.4705538749695,84.08157515525818,801.3581290302277,83.67099999999999,0.10441149464753713,3,1,
80,15,ode,focei,lbfgsb3c,44,ok,TRUE,TRUE,TRUE,TRUE,-4497.152031080562,7.890651312301995,native,8,TRUE,TRUE,NA,FALSE,focei,"r,s",3,3,3,0,TRUE,23.059,553.2280375957489,70.53172326087952,646.8187608566284,70.082,0.10834874348292771,3,1,
80,15,ode,focei,lbfgsb3c,45,ok,TRUE,TRUE,TRUE,TRUE,-4615.060488721968,14.732623811664375,native,8,TRUE,TRUE,NA,FALSE,focei,"r,s",3,3,3,0,TRUE,28.815000000000005,523.4008977413177,76.44909882545471,628.6649965667725,76.063,0.12099130763664381,3,1,
80,15,ode,focei,lbfgsb3c,46,ok,TRUE,TRUE,TRUE,TRUE,-4494.939089414337,6.115714470515722,native,8,TRUE,TRUE,NA,FALSE,focei,"r,s",3,3,2,1,FALSE,19.022000000000002,540.82088804245,71.76228499412537,631.6051730365754,71.37700000000001,0.11300889075502658,3,1,
80,15,ode,focei,lbfgsb3c,47,ok,TRUE,TRUE,TRUE,TRUE,-4501.5721660520185,8.653093803824579,native,8,TRUE,TRUE,NA,FALSE,focei,"r,s",3,3,3,0,TRUE,33.947,752.2162187099457,78.85644292831421,865.0196616382599,78.46499999999999,0.09070892082544714,3,1,
80,15,ode,focei,lbfgsb3c,48,ok,TRUE,TRUE,TRUE,TRUE,-4547.808551332097,9.611968942500598,native,8,TRUE,TRUE,NA,FALSE,focei,"r,s",3,3,3,0,TRUE,19.801,624.7452714443207,76.98739361763,721.5336650619507,76.62,0.10619047136687854,3,1,
80,15,ode,focei,lbfgsb3c,49,ok,TRUE,TRUE,TRUE,TRUE,-4517.196076222732,95.46676354529706,native,8,TRUE,TRUE,NA,FALSE,focei,s,5,3,1,4,FALSE,41.297000000000004,828.5943787097931,96.1984920501709,966.089870759964,95.75399999999999,0.09911500254596,3,1,
80,15,ode,focei,lbfgsb3c,50,ok,TRUE,TRUE,TRUE,TRUE,-4561.377951151615,7.443673126975215,native,8,TRUE,TRUE,NA,FALSE,focei,"r,s",3,3,3,0,TRUE,23.933,555.1487329006195,90.158775806427,669.2405087070465,89.649,0.13395632636344637,3,1,
80,15,ode,focei,lbfgsb3c,51,ok,TRUE,TRUE,TRUE,TRUE,-4588.223238628629,10.595722668804907,native,8,TRUE,TRUE,NA,FALSE,focei,"r,s",3,3,3,0,TRUE,37.379000000000005,729.167688369751,80.34879469871521,846.8954830684662,80.05700000000002,0.09452996455942593,3,1,
80,15,ode,focei,lbfgsb3c,52,ok,TRUE,TRUE,TRUE,TRUE,-4433.8494838169645,6.600742794191215,native,8,TRUE,TRUE,NA,FALSE,focei,"r,s",3,3,3,0,TRUE,38.443999999999996,510.40202379226685,73.64335012435913,622.4893739166259,73.32000000000001,0.1177851431240981,3,1,
80,15,ode,focei,lbfgsb3c,53,ok,TRUE,TRUE,TRUE,TRUE,-4478.341936876766,9.811669132519548,native,8,TRUE,TRUE,NA,FALSE,focei,"r,s",2,3,2,0,FALSE,25.884,539.2952647209167,64.33035922050476,629.5096239414215,64.035,0.1017220350009434,3,1,
80,15,ode,focei,lbfgsb3c,54,ok,TRUE,TRUE,TRUE,TRUE,-4580.979157650287,10.55265278030382,native,8,TRUE,TRUE,NA,FALSE,focei,"r,s",4,3,2,2,FALSE,33.723000000000006,696.1897859573364,99.98530316352844,829.8980891208648,99.611,0.12002799055185298,3,1,
80,15,ode,focei,lbfgsb3c,55,ok,TRUE,TRUE,TRUE,TRUE,-4512.700058179744,16.051779017193986,native,8,TRUE,TRUE,NA,FALSE,focei,"r,s",3,3,3,0,TRUE,28.534,594.7879838943481,77.88339853286743,701.2053824272156,77.49,0.1105097050621162,3,1,
80,15,ode,focei,lbfgsb3c,56,ok,TRUE,TRUE,TRUE,TRUE,-4527.242643120142,5.90995842084314,native,8,TRUE,TRUE,NA,FALSE,focei,"r,s",3,3,3,0,TRUE,25.263,471.4592514038086,78.2254433631897,574.9476947669983,77.87899999999999,0.1354540607934101,3,1,
80,15,ode,focei,lbfgsb3c,57,ok,TRUE,TRUE,TRUE,TRUE,-4513.158235051763,8.005989199020513,native,8,TRUE,TRUE,NA,FALSE,focei,s,4,3,2,2,FALSE,36.329,845.508439540863,47.09218621253967,928.9296257534027,46.875,0.05046130374190867,3,1,
80,15,ode,focei,lbfgsb3c,58,ok,TRUE,TRUE,TRUE,TRUE,-4308.108526413008,154.18249012121856,native,27,TRUE,TRUE,NA,FALSE,focei,s,4,3,3,1,FALSE,17.102,563.1969518661499,36.60021638870239,616.8991682548523,35.555,0.05763502664557262,3,1,
80,15,ode,focei,lbfgsb3c,59,ok,TRUE,TRUE,TRUE,TRUE,-4447.393335476761,8.582947054648223,native,8,TRUE,TRUE,NA,FALSE,focei,"r,s",3,3,3,0,TRUE,29.948999999999998,605.2494223117828,75.07530665397644,710.2737289657592,74.74,0.10522703705912098,3,1,
80,15,ode,focei,lbfgsb3c,60,ok,TRUE,TRUE,TRUE,TRUE,-4487.350751418684,13.13982607362395,native,8,TRUE,TRUE,NA,FALSE,focei,"r,s",3,3,2,1,FALSE,31.762,495.6154932975769,79.30718088150024,606.6846741790771,78.925,0.13009229235400702,3,1,
80,15,ode,focei,lbfgsb3c,61,ok,TRUE,TRUE,TRUE,TRUE,-4537.895216930562,7.916199704447496,native,8,TRUE,TRUE,NA,FALSE,focei,"r,s",3,3,3,0,TRUE,40.980999999999995,494.8302206993103,74.60593008995056,610.4171507892609,74.138,0.12145464770139668,3,1,
80,15,ode,focei,lbfgsb3c,62,ok,TRUE,TRUE,TRUE,TRUE,-4451.183838164118,4.594862772524562,native,8,TRUE,TRUE,NA,FALSE,focei,"r,s",2,3,2,0,FALSE,37.011,584.0384171009064,59.37866759300232,680.4280846939087,59.081999999999994,0.08683063108216366,3,1,
80,15,ode,focei,lbfgsb3c,63,ok,TRUE,TRUE,TRUE,TRUE,-4497.476341248703,69.36759811251466,native,8,TRUE,TRUE,NA,FALSE,focei,s,3,3,2,1,FALSE,29.912,483.5233497619629,41.67006731033325,555.1054170722962,41.361000000000004,0.07451017181230858,3,1,
80,15,ode,focei,lbfgsb3c,64,ok,TRUE,TRUE,TRUE,TRUE,-4517.951289492159,4.7019796340150535,native,8,TRUE,TRUE,NA,FALSE,focei,"r,s",3,3,2,1,FALSE,27.642000000000003,683.9141323566437,77.4108419418335,788.9669742984772,77.104,0.09772779154483402,3,1,
80,15,ode,focei,lbfgsb3c,65,ok,TRUE,TRUE,TRUE,TRUE,-4512.131364920427,6.9537866987707115,native,27,TRUE,TRUE,NA,FALSE,focei,"r,s",3,3,2,1,FALSE,32.158,669.4393157958984,78.24144768714905,779.8387634830475,77.93300000000002,0.09993476042653035,3,1,
80,15,ode,focei,lbfgsb3c,66,ok,TRUE,TRUE,TRUE,TRUE,-4565.68994185381,8.254228418146958,native,8,TRUE,TRUE,NA,FALSE,focei,"r,s",3,3,3,0,TRUE,36.39,471.3388338088989,72.79474592208862,580.5235797309875,72.503,0.1248924290613615,3,1,
80,15,ode,focei,lbfgsb3c,67,ok,TRUE,TRUE,TRUE,TRUE,-4516.825312430631,6.480875140991312,native,8,TRUE,TRUE,NA,FALSE,focei,"r,s",3,3,3,0,TRUE,26.427,446.3931739330292,77.3177227973938,550.137896730423,76.97,0.13991037603016943,3,1,
80,15,ode,focei,lbfgsb3c,68,ok,TRUE,TRUE,TRUE,TRUE,-4575.641333266951,4.286080192425666,native,8,TRUE,TRUE,NA,FALSE,focei,s,3,3,2,1,FALSE,22.794999999999998,607.2976100444794,35.100770711898804,665.1933807563781,34.84100000000001,0.052377249996659624,3,1,
80,15,ode,focei,lbfgsb3c,69,ok,TRUE,TRUE,TRUE,TRUE,-4482.8450804442,5.648377744483899,native,8,TRUE,TRUE,NA,FALSE,focei,"r,s",3,3,2,1,FALSE,35.899,503.5718014240265,76.22236013412476,615.6931615581512,75.91,0.12329193296201718,3,1,
80,15,ode,focei,lbfgsb3c,70,ok,TRUE,TRUE,TRUE,TRUE,-4487.883361044439,6.600687108488592,native,8,TRUE,TRUE,NA,FALSE,focei,"r,s",3,3,3,0,TRUE,36.525999999999996,575.0485892295837,69.42750191688538,681.0020911464691,69.07400000000001,0.10142993817201608,3,1,
80,15,ode,focei,lbfgsb3c,71,ok,TRUE,TRUE,TRUE,TRUE,-4519.626303379684,4.450552090662408,native,27,TRUE,TRUE,NA,FALSE,focei,"r,s",2,3,1,1,FALSE,27.952,333.3057312965393,68.07681179046631,429.3345430870056,67.722,0.15773713317606494,3,1,
80,15,ode,focei,lbfgsb3c,72,ok,TRUE,TRUE,TRUE,TRUE,-4492.751460669798,9.029419381291387,native,8,TRUE,TRUE,NA,FALSE,focei,"r,s",3,3,3,0,TRUE,19.414,644.0074083805084,82.16948175430298,745.5908901348114,81.84600000000002,0.10977333693709873,3,1,
80,15,ode,focei,lbfgsb3c,73,ok,TRUE,TRUE,TRUE,TRUE,-4493.48733400187,8.384979953701224,native,8,TRUE,TRUE,NA,FALSE,focei,"r,s",3,3,3,0,TRUE,27.233,473.2558491230011,75.55798959732056,576.0468387203216,75.21600000000001,0.1305727155227361,3,1,
80,15,ode,focei,lbfgsb3c,74,ok,TRUE,TRUE,TRUE,TRUE,-4475.239152598877,11.827358914952642,native,8,TRUE,TRUE,NA,FALSE,focei,"r,s",3,3,3,0,TRUE,31.045000000000005,420.79689264297485,78.36151361465454,530.2034062576294,78.027,0.1471642752179645,3,1,
80,15,ode,focei,lbfgsb3c,75,ok,TRUE,TRUE,TRUE,TRUE,-4467.3414349241875,6.113428867151207,native,8,TRUE,TRUE,NA,FALSE,focei,"r,s",3,3,3,0,TRUE,24.645000000000003,525.6054995059967,78.40052962303162,628.6510291290283,78.11399999999999,0.12425653722101421,3,1,
80,15,ode,focei,lbfgsb3c,76,ok,TRUE,TRUE,TRUE,TRUE,-4489.848091061594,7.9724545249698195,native,8,TRUE,TRUE,NA,FALSE,focei,"r,s",2,3,2,0,FALSE,22.841,673.2360951900482,63.56006574630737,759.6371609363556,63.208,0.08320814627089541,3,1,
80,15,ode,focei,lbfgsb3c,77,ok,TRUE,TRUE,TRUE,TRUE,-4542.312139731117,9.450499671564986,native,8,TRUE,TRUE,NA,FALSE,focei,"r,s",3,3,3,0,TRUE,32.973,531.2045998573303,70.43129420280457,634.6088940601348,70.051,0.11038452290169455,3,1,
80,15,ode,focei,lbfgsb3c,78,ok,TRUE,TRUE,TRUE,TRUE,-4445.2765672834585,8.971531429625637,native,8,TRUE,TRUE,NA,FALSE,focei,"r,s",3,3,3,0,TRUE,25.267,440.0802662372589,71.34362053871155,536.6908867759705,71.043,0.13237228682374722,3,1,
80,15,ode,focei,lbfgsb3c,79,ok,TRUE,TRUE,TRUE,TRUE,-4506.456215168048,4.479969327311718,native,8,TRUE,TRUE,NA,FALSE,focei,"r,s",2,3,1,1,FALSE,21.106,568.9284403324127,60.667460441589355,650.7019007740021,60.386,0.09280132719479009,3,1,
80,15,ode,focei,lbfgsb3c,80,ok,TRUE,TRUE,TRUE,TRUE,-4599.623063334843,9.045856988646987,native,8,TRUE,TRUE,NA,FALSE,focei,"r,s",3,3,3,0,TRUE,36.625,519.236412525177,77.80316805839539,633.6645805835724,77.50300000000001,0.12230918750204367,3,1,
80,15,ode,focei,lbfgsb3c,81,ok,TRUE,FALSE,TRUE,TRUE,-4330.459773335315,3673.406808088207,native,27,TRUE,TRUE,NA,FALSE,focei,s,4,3,3,1,FALSE,23.915,618.54083776474,37.9238657951355,680.3797035598755,37.690999999999995,0.055397008174690614,3,1,
80,15,ode,focei,lbfgsb3c,82,ok,TRUE,TRUE,TRUE,TRUE,-4532.310341525505,11.108137323609618,native,8,TRUE,TRUE,NA,FALSE,focei,"r,s",3,3,3,0,TRUE,34.937999999999995,539.8301866054535,75.85992455482483,650.6281111602783,75.53399999999999,0.11609396935723953,3,1,
80,15,ode,focei,lbfgsb3c,83,ok,TRUE,TRUE,TRUE,TRUE,-4544.00325858901,3.7865116845186924,native,27,TRUE,TRUE,NA,FALSE,focei,"r,s",3,3,3,0,TRUE,22.509999999999998,497.57577753067017,85.31096720695496,605.3967447376251,84.96,0.14033772189644178,3,1,
80,15,ode,focei,lbfgsb3c,84,ok,TRUE,TRUE,TRUE,TRUE,-4442.276564201464,7.904072806558659,native,27,TRUE,TRUE,NA,FALSE,focei,"r,s",3,3,3,0,TRUE,24.838,574.188961982727,77.62442874908447,676.6513907318115,77.29599999999999,0.1142331207158281,3,1,
80,15,ode,focei,lbfgsb3c,85,ok,TRUE,TRUE,TRUE,TRUE,-4515.705430862953,8.302140665787965,native,8,TRUE,TRUE,NA,FALSE,focei,"r,s",3,3,3,0,TRUE,30.522,436.6736681461334,78.32992601394653,545.52559416008,77.94399999999999,0.14287872252814587,3,1,
80,15,ode,focei,lbfgsb3c,86,ok,TRUE,TRUE,TRUE,TRUE,-4585.180858133518,4.890496534562872,native,8,TRUE,TRUE,NA,FALSE,focei,"r,s",3,3,2,1,FALSE,33.522,655.2624504566193,74.93178248405457,763.7162329406739,74.52400000000002,0.09758074633695668,3,1,
80,15,ode,focei,lbfgsb3c,87,ok,TRUE,TRUE,TRUE,TRUE,-4478.7271438661055,11.989988667505123,native,8,TRUE,TRUE,NA,FALSE,focei,"r,s",3,3,2,1,FALSE,38.932,840.4554028511047,74.43618106842041,953.8235839195252,74.02499999999999,0.07760869121710198,3,1,
80,15,ode,focei,lbfgsb3c,88,ok,TRUE,TRUE,TRUE,TRUE,-4456.46987000745,7.0386462954856315,native,8,TRUE,TRUE,NA,FALSE,focei,"r,s",3,3,2,1,FALSE,24.309,631.2695069313049,89.49671602249146,745.0752229537964,89.19600000000001,0.1197140869164713,3,1,
80,15,ode,focei,lbfgsb3c,89,ok,TRUE,TRUE,TRUE,TRUE,-4546.114904584734,7.818228358439387,native,8,TRUE,TRUE,NA,FALSE,focei,"r,s",3,3,2,1,FALSE,32.004,465.45377564430237,79.6884834766388,577.1462591209412,79.399,0.13757171383374056,3,1,
80,15,ode,focei,lbfgsb3c,90,ok,TRUE,TRUE,TRUE,TRUE,-4453.802853253261,9.712434236349777,native,8,TRUE,TRUE,NA,FALSE,focei,"r,s",3,3,3,0,TRUE,23.773000000000003,501.0373125076294,79.12220048904419,603.9325129966736,78.721,0.1303473456154754,3,1,
80,15,ode,focei,lbfgsb3c,91,ok,TRUE,TRUE,TRUE,TRUE,-4471.593563498759,5.333356728335415,native,8,TRUE,TRUE,NA,FALSE,focei,"r,s",1,3,1,0,FALSE,31.002,209.05922484397888,54.47421050071716,294.53543534469605,54.22800000000001,0.18411367018211833,3,1,
80,15,ode,focei,lbfgsb3c,92,ok,TRUE,FALSE,TRUE,TRUE,-4420.745542711038,5419.927320460029,native,8,TRUE,TRUE,NA,FALSE,focei,s,3,3,1,2,FALSE,29.615,897.9610781669617,42.80498147010803,970.3810596370697,42.55599999999999,0.04385493675640812,3,1,
80,15,ode,focei,lbfgsb3c,93,ok,TRUE,TRUE,TRUE,TRUE,-4487.966398724713,2.619195279410082,native,8,TRUE,TRUE,NA,FALSE,focei,"r,s",1,3,1,0,FALSE,21.057000000000002,191.16934490203857,50.73328351974487,262.95962842178346,50.495,0.1920256744469031,3,1,
80,15,ode,focei,lbfgsb3c,94,ok,TRUE,TRUE,TRUE,TRUE,-4470.95586212445,4.181767371898429,native,8,TRUE,TRUE,NA,FALSE,focei,"r,s",3,3,1,2,FALSE,24.175,418.3471837043762,88.07552099227905,530.5977046966552,87.70100000000001,0.16528718315911112,3,1,
80,15,ode,focei,lbfgsb3c,95,ok,FALSE,FALSE,FALSE,FALSE,-4479.9571713493215,NA,NA,8,FALSE,FALSE,NA,FALSE,focei,failed,3,3,2,1,FALSE,28.944000000000003,442.0377264022827,19.255329132080078,490.2370555343628,19.108,0.038977061779167446,3,1,
80,15,ode,focei,lbfgsb3c,96,ok,TRUE,TRUE,TRUE,TRUE,-4259.52171196146,10.399359565989256,native,27,TRUE,TRUE,NA,FALSE,focei,s,3,3,2,1,FALSE,32.038,635.5950381755829,37.941317558288574,705.5743557338715,37.724999999999994,0.0534670792573832,3,1,
80,15,ode,focei,lbfgsb3c,97,ok,TRUE,TRUE,TRUE,TRUE,-4526.443222813901,11.916456788572606,native,8,TRUE,TRUE,NA,FALSE,focei,"r,s",3,3,2,1,FALSE,24.203,462.67049646377563,84.43718099594116,571.3106774597168,84.04599999999999,0.14711085109366978,3,1,
80,15,ode,focei,lbfgsb3c,98,ok,TRUE,TRUE,TRUE,TRUE,-4516.999120874148,7.35294601624604,native,8,TRUE,TRUE,NA,FALSE,focei,"r,s",3,3,1,2,FALSE,19.869999999999997,493.4491147994995,75.00966143608093,588.3287762355804,74.671,0.12692052984010424,3,1,
80,15,ode,focei,lbfgsb3c,99,ok,TRUE,TRUE,TRUE,TRUE,-4521.775628660482,6.225770528971038,native,8,TRUE,TRUE,NA,FALSE,focei,"r,s",2,3,2,0,FALSE,30.940000000000005,323.074081659317,61.69506359100342,415.70914525032043,61.315999999999995,0.1474973565065026,3,1,
80,15,ode,focei,lbfgsb3c,100,ok,TRUE,TRUE,TRUE,TRUE,-4502.819980252375,7.239824847891177,native,8,TRUE,TRUE,NA,FALSE,focei,"r,s",2,3,1,1,FALSE,17.889,653.9781680107117,64.80301713943481,736.6701851501465,64.42999999999999,0.08746112072781663,3,1,
80,16,ode,focei,lbfgsb3c,1,ok,TRUE,TRUE,TRUE,TRUE,-4474.709330491917,10.322779434860598,native,8,TRUE,TRUE,NA,FALSE,focei,"r,s",4,4,4,0,TRUE,24.808,703.7551050186157,88.33042454719543,816.89352956581115,87.85600000000001,0.1075488993610912,3,1,
80,16,ode,focei,lbfgsb3c,2,ok,TRUE,TRUE,TRUE,TRUE,-4537.866972903628,10.161301981430828,native,8,TRUE,TRUE,NA,FALSE,focei,"r,s",4,4,4,0,TRUE,32.134,752.6934597492218,86.27297806739807,871.1004378166199,85.89900000000002,0.09860975413501409,3,1,
80,16,ode,focei,lbfgsb3c,3,ok,TRUE,TRUE,TRUE,TRUE,-4556.815046398346,12.91403846098379,native,8,TRUE,TRUE,NA,FALSE,focei,"r,s",4,4,4,0,TRUE,32.7,732.2407348155975,86.18372678756714,851.1244616031647,85.80700000000002,0.10081604262480635,3,1,
80,16,ode,focei,lbfgsb3c,4,ok,TRUE,TRUE,TRUE,TRUE,-4565.41950277718,7.9693140562883995,native,8,TRUE,TRUE,NA,FALSE,focei,"r,s",4,4,3,1,FALSE,28.938000000000002,982.7399687767029,88.9719250202179,1100.6498937969209,88.633,0.08052787766529647,3,1,
80,16,ode,focei,lbfgsb3c,5,ok,TRUE,TRUE,TRUE,TRUE,-4506.111052626385,13.953246165474935,native,8,TRUE,TRUE,NA,FALSE,focei,"r,s",4,4,4,0,TRUE,28.192999999999998,671.7113010883331,88.36108779907227,788.2653888874054,88.051,0.1117022277538778,3,1,
80,16,ode,focei,lbfgsb3c,6,ok,TRUE,TRUE,TRUE,TRUE,-4550.05343480853,25.858636661968024,native,8,TRUE,TRUE,NA,FALSE,focei,"r,s",4,4,3,1,FALSE,32.651,827.5106394290924,81.20518660545349,941.3668260345459,80.84299999999999,0.08587831838152458,3,1,
80,16,ode,focei,lbfgsb3c,7,ok,TRUE,TRUE,TRUE,TRUE,-4562.041900992154,9.759365268472877,native,8,TRUE,TRUE,NA,FALSE,focei,"r,s",4,4,3,1,FALSE,28.348,710.3447709083557,83.98633193969727,822.6791028480529,83.465,0.10145511136851595,3,1,
80,16,ode,focei,lbfgsb3c,8,ok,TRUE,TRUE,TRUE,TRUE,-4477.325053437373,11.966392596795565,native,8,TRUE,TRUE,NA,FALSE,focei,"r,s",4,4,3,1,FALSE,28.401,877.6960172653198,90.89320874214172,996.9902260074615,90.48599999999999,0.09075916457311668,3,1,
80,16,ode,focei,lbfgsb3c,9,ok,TRUE,TRUE,TRUE,TRUE,-4512.3853707516555,16.11419384204681,native,8,TRUE,TRUE,NA,FALSE,focei,"r,s",4,4,3,1,FALSE,30.395,991.6518013477325,90.01450061798096,1112.0613019657135,89.64299999999999,0.08060976480482172,3,1,
80,16,ode,focei,lbfgsb3c,10,ok,TRUE,TRUE,TRUE,TRUE,-4522.834498487909,13.375514005762081,native,8,TRUE,TRUE,NA,FALSE,focei,"r,s",4,4,4,0,TRUE,25.004,679.1396131515503,85.29508900642395,789.4387021579743,84.862,0.10749662990682499,3,1,
80,16,ode,focei,lbfgsb3c,11,ok,TRUE,TRUE,TRUE,TRUE,-4568.907389137963,20.239153473378355,native,27,TRUE,TRUE,NA,FALSE,focei,"r,s",4,4,4,0,TRUE,24.864,827.165652513504,98.52733373641968,950.5569862499237,98.116,0.1032194822817314,3,1,
80,16,ode,focei,lbfgsb3c,12,ok,TRUE,TRUE,TRUE,TRUE,-4481.114803130932,30.627855402039668,native,8,TRUE,TRUE,NA,FALSE,focei,"r,s",4,4,2,2,FALSE,24.226,980.7057712078094,86.29738354682922,1091.2291547546388,85.905,0.07872315326776218,3,1,
80,16,ode,focei,lbfgsb3c,13,ok,TRUE,TRUE,TRUE,TRUE,-4528.860911890149,16.08143580965105,native,8,TRUE,TRUE,NA,FALSE,focei,"r,s",5,4,3,2,FALSE,25.169999999999998,983.7360963821411,108.35453534126282,1117.260631723404,107.911,0.09658534180475369,3,1,
80,16,ode,focei,lbfgsb3c,14,ok,TRUE,TRUE,TRUE,TRUE,-2905.0219099102883,23.419992735592317,native,27,TRUE,TRUE,NA,FALSE,focei,s,3,4,3,0,FALSE,35.44,601.7405853271484,31.016156911849976,668.1967422389985,30.631,0.04584128904514174,3,1,
80,16,ode,focei,lbfgsb3c,15,ok,TRUE,TRUE,TRUE,TRUE,-4504.778111879341,15.864819817321171,native,27,TRUE,TRUE,NA,FALSE,focei,"r,s",4,4,4,0,TRUE,34.4,758.8439948558807,91.47788095474243,884.7218758106231,91.05199999999998,0.10291595866392918,3,1,
80,16,ode,focei,lbfgsb3c,16,ok,TRUE,TRUE,TRUE,TRUE,-4549.820040531466,25.84969227233858,native,8,TRUE,TRUE,NA,FALSE,focei,s,4,4,3,1,FALSE,29.329,756.4464297294617,50.04097938537598,835.8164091148376,49.778,0.05955614110605564,3,1,
80,16,ode,focei,lbfgsb3c,17,ok,TRUE,TRUE,TRUE,TRUE,-4482.378548169354,7.234796298798694,native,27,TRUE,TRUE,NA,FALSE,focei,"r,s",3,4,3,0,FALSE,24.063000000000002,892.8501207828522,94.56406259536743,1011.4771833782196,94.216,0.09314693553969175,3,1,
80,16,ode,focei,lbfgsb3c,18,ok,TRUE,TRUE,TRUE,TRUE,-4525.694294890702,16.27086915811166,native,8,TRUE,TRUE,NA,FALSE,focei,"r,s",4,4,4,0,TRUE,28.938000000000002,707.4792244434357,85.36163377761841,821.7788582210541,84.947,0.1033696585768695,3,1,
80,16,ode,focei,lbfgsb3c,19,ok,TRUE,TRUE,TRUE,TRUE,-4542.148842620412,9.112858763149134,native,8,TRUE,TRUE,NA,FALSE,focei,"r,s",3,4,3,0,FALSE,25.060000000000002,822.3197784423828,72.23918128013611,919.6189597225189,71.89,0.07817368187112163,3,1,
80,16,ode,focei,lbfgsb3c,20,ok,TRUE,TRUE,TRUE,TRUE,-4542.5226711152945,11.751395065416304,native,8,TRUE,TRUE,NA,FALSE,focei,"r,s",4,4,4,0,TRUE,27.87,767.7475452423096,81.7773950099945,877.3949402523041,81.41000000000001,0.092786037695396,3,1,
80,16,ode,focei,lbfgsb3c,21,ok,TRUE,TRUE,TRUE,TRUE,-4468.250582087101,15.422055343937117,native,8,TRUE,TRUE,NA,FALSE,focei,"r,s",4,4,4,0,TRUE,26.832,891.8339810371399,85.28184700012207,1003.947828037262,84.93499999999999,0.08460100976168215,3,1,
80,16,ode,focei,lbfgsb3c,22,ok,TRUE,TRUE,TRUE,TRUE,-4526.041287619027,9.75347761595887,native,8,TRUE,TRUE,NA,FALSE,focei,"r,s",4,4,4,0,TRUE,36.72,841.1827957630157,85.34318137168884,963.2459771347046,84.96899999999998,0.08821111327425511,3,1,
80,16,ode,focei,lbfgsb3c,23,ok,TRUE,TRUE,TRUE,TRUE,-4482.843249004933,9.361976830420902,native,8,TRUE,TRUE,NA,FALSE,focei,"r,s",3,4,3,0,FALSE,32.445,683.9691627025604,69.69729804992676,786.1114607524872,69.32399999999998,0.08818596784435781,3,1,
80,16,ode,focei,lbfgsb3c,24,ok,TRUE,TRUE,TRUE,TRUE,-4503.662959629932,8.922911722401128,native,8,TRUE,TRUE,NA,FALSE,focei,"r,s",3,4,3,0,FALSE,23.622999999999998,865.39501953125,74.07293677330017,963.0909563045502,73.764,0.07659089675500412,3,1,
80,16,ode,focei,lbfgsb3c,25,ok,TRUE,TRUE,TRUE,TRUE,-4504.482395400129,10.482451548837322,native,8,TRUE,TRUE,NA,FALSE,focei,"r,s",4,4,4,0,TRUE,31.089,809.9243948459625,92.26293706893921,933.2763319149017,91.79700000000001,0.09835993570269848,3,1,
80,16,ode,focei,lbfgsb3c,26,ok,TRUE,TRUE,TRUE,TRUE,-4476.484755175519,12.07535250281958,native,8,TRUE,TRUE,NA,FALSE,focei,"r,s",4,4,3,1,FALSE,26.422,693.9080345630646,88.60404443740845,808.934079000473,88.17599999999999,0.10900270156617846,3,1,
80,16,ode,focei,lbfgsb3c,27,ok,TRUE,TRUE,TRUE,TRUE,-4522.854507431517,16.611736670107558,native,8,TRUE,TRUE,NA,FALSE,focei,"r,s",4,4,4,0,TRUE,30.311000000000003,706.0061206817627,87.4330313205719,823.7501520023346,87.106,0.1057432278322094,3,1,
80,16,ode,focei,lbfgsb3c,28,ok,TRUE,TRUE,TRUE,TRUE,-4472.809720812082,12.607613244527608,native,8,TRUE,TRUE,NA,FALSE,focei,"r,s",4,4,3,1,FALSE,25.184,848.8561317920685,93.17745351791382,967.2175853099823,92.773,0.09591740411777905,3,1,
80,16,ode,focei,lbfgsb3c,29,ok,TRUE,TRUE,TRUE,TRUE,-4476.718953626764,31.82756580268007,native,8,TRUE,TRUE,NA,FALSE,focei,"r,s",5,4,4,1,FALSE,22.951,771.0713555812836,105.45930171012878,899.4816572914124,105.02799999999999,0.1167650270004041,3,1,
80,16,ode,focei,lbfgsb3c,30,ok,TRUE,TRUE,TRUE,TRUE,-4411.0407200880845,6.2094263542434005,native,8,TRUE,TRUE,NA,FALSE,focei,"r,s",3,4,3,0,FALSE,26.219,638.5237114429474,73.67013764381409,738.4128490867615,73.28699999999999,0.09924935636025067,3,1,
80,16,ode,focei,lbfgsb3c,31,ok,TRUE,TRUE,TRUE,TRUE,-4540.342948739089,16.716059323947015,native,8,TRUE,TRUE,NA,FALSE,focei,"r,s",4,4,2,2,FALSE,42.772,747.4208924770355,92.1162691116333,882.3091615886689,91.68699999999998,0.10391708937365009,3,1,
80,16,ode,focei,lbfgsb3c,32,ok,TRUE,TRUE,TRUE,TRUE,-4538.153699054977,8.972946389288012,native,8,TRUE,TRUE,NA,FALSE,focei,"r,s",4,4,4,0,TRUE,25.346,722.9061608314514,82.76866960525513,831.0208304367065,82.36099999999999,0.09910822567073171,3,1,
80,16,ode,focei,lbfgsb3c,33,ok,TRUE,TRUE,TRUE,TRUE,-4484.703126847181,8.905716559086601,native,8,TRUE,TRUE,NA,FALSE,focei,"r,s",4,4,4,0,TRUE,34.64,677.4429171085358,84.9743537902832,797.057270898819,84.58500000000001,0.10612160893359131,3,1,
80,16,ode,focei,lbfgsb3c,34,ok,TRUE,FALSE,TRUE,TRUE,-4494.978389770442,128078498850.08687,native,8,TRUE,TRUE,NA,FALSE,focei,"|r|,|s|",4,4,1,3,FALSE,23.455000000000002,706.9836366176605,43.53737735748291,773.9760139751435,43.31099999999999,0.05595909849654713,3,1,
80,16,ode,focei,lbfgsb3c,35,ok,TRUE,TRUE,TRUE,TRUE,-4506.161170842415,12.9389736188329,native,8,TRUE,TRUE,NA,FALSE,focei,"r,s",4,4,4,0,TRUE,29.777,750.055802822113,86.39024114608765,866.2230439682007,86.05199999999999,0.09934161945841628,3,1,
80,16,ode,focei,lbfgsb3c,36,ok,TRUE,TRUE,TRUE,TRUE,-4429.39493187803,11.295007774228706,native,8,TRUE,TRUE,NA,FALSE,focei,"r,s",4,4,4,0,TRUE,25.103,685.8938472270966,84.23412275314331,795.2309699802398,83.286,0.10473183659090833,3,1,
80,16,ode,focei,lbfgsb3c,37,ok,TRUE,TRUE,TRUE,TRUE,-4458.916332707725,10.57287060413296,native,8,TRUE,TRUE,NA,FALSE,focei,"r,s",4,4,2,2,FALSE,31.82,722.3595685958862,88.3390622138977,842.518630809784,87.94500000000001,0.10438344837012324,3,1,
80,16,ode,focei,lbfgsb3c,38,ok,TRUE,TRUE,TRUE,TRUE,-4439.03996533714,9.42452055221055,native,8,TRUE,TRUE,NA,FALSE,focei,"r,s",4,4,4,0,TRUE,31.633,661.5186529159546,84.99559259414673,778.1472455101014,84.575,0.10868765582349171,3,1,
80,16,ode,focei,lbfgsb3c,39,ok,TRUE,TRUE,TRUE,TRUE,-4517.790265222506,8.16446650147285,native,8,TRUE,TRUE,NA,FALSE,focei,"r,s",4,4,3,1,FALSE,40.547,700.6760573387146,88.02685070037842,829.249908039093,87.689,0.10574496198299982,3,1,
80,16,ode,focei,lbfgsb3c,40,ok,TRUE,TRUE,TRUE,TRUE,-4490.425578625873,9.06774496217269,native,8,TRUE,TRUE,NA,FALSE,focei,"r,s",4,4,4,0,TRUE,20.239,689.7176947593689,87.74997758865356,797.7066723480225,87.428,0.10959918354783049,3,1,
80,16,ode,focei,lbfgsb3c,41,ok,TRUE,TRUE,TRUE,TRUE,-4520.282741904323,8.780282319783133,native,8,TRUE,TRUE,NA,FALSE,focei,"r,s",4,4,3,1,FALSE,31.828,674.1907474994659,99.40350937843323,805.4222568778991,98.895,0.12278652490105241,3,1,
80,16,ode,focei,lbfgsb3c,42,ok,TRUE,TRUE,TRUE,TRUE,-4550.1014327956245,18.258797813534024,native,8,TRUE,TRUE,NA,FALSE,focei,"r,s",4,4,4,0,TRUE,23.436,693.5248460769653,88.73466420173645,805.6955102787018,88.38299999999998,0.10969776903613006,3,1,
80,16,ode,focei,lbfgsb3c,43,ok,TRUE,TRUE,TRUE,TRUE,-4487.717111058286,15.220232300869085,native,8,TRUE,TRUE,NA,FALSE,focei,"r,s",4,4,4,0,TRUE,32.944,611.1704471111298,85.1849513053894,729.2993984165191,84.878,0.11638292885513157,3,1,
80,16,ode,focei,lbfgsb3c,44,ok,TRUE,TRUE,TRUE,TRUE,-4489.143735185296,12.702637769608378,native,27,TRUE,TRUE,NA,FALSE,focei,"r,s",4,4,4,0,TRUE,29.682,671.5742485523224,92.91313624382019,794.1693847961426,92.511,0.11648774401413986,3,1,
80,16,ode,focei,lbfgsb3c,45,ok,TRUE,TRUE,TRUE,TRUE,-4580.132118922333,12.93779213399424,native,8,TRUE,TRUE,NA,FALSE,focei,"r,s",4,4,4,0,TRUE,25.395,820.547003030777,89.42675566673279,935.3687586975097,89.02700000000002,0.09517850491817696,3,1,
80,16,ode,focei,lbfgsb3c,46,ok,TRUE,TRUE,TRUE,TRUE,-4383.8067315397375,9.066026634349432,native,8,TRUE,TRUE,NA,FALSE,focei,"r,s",1,4,1,0,FALSE,28.324,187.23035144805908,51.676527976989746,267.23087942504884,51.13,0.1913326787308673,3,1,
80,16,ode,focei,lbfgsb3c,47,ok,TRUE,TRUE,TRUE,TRUE,-4218.1899715543905,52.700964166011524,native,27,TRUE,TRUE,NA,FALSE,focei,s,4,4,4,0,TRUE,27.828000000000003,871.2606406211853,28.133857488632202,927.2224981098175,27.863999999999994,0.03005103959060737,3,1,
80,16,ode,focei,lbfgsb3c,48,ok,TRUE,TRUE,TRUE,TRUE,-3432.655622299746,15.040735109102394,native,27,TRUE,TRUE,NA,FALSE,focei,s,4,4,4,0,TRUE,28.187000000000005,731.1370573043823,32.27245473861694,791.5965120429993,32.074000000000005,0.040518116884094804,3,1,
80,16,ode,focei,lbfgsb3c,49,ok,TRUE,TRUE,TRUE,TRUE,-4523.626733199841,21.63550749311629,native,8,TRUE,TRUE,NA,FALSE,focei,"r,s",4,4,3,1,FALSE,32.899,831.1468353271484,80.69824647903442,944.7440818061829,80.33099999999999,0.08502937625861745,3,1,
80,16,ode,focei,lbfgsb3c,50,ok,TRUE,TRUE,TRUE,TRUE,-4527.45342903262,11.08685468574877,native,8,TRUE,TRUE,NA,FALSE,focei,"r,s",4,4,4,0,TRUE,28.581000000000003,882.371554851532,85.7538092136383,996.7063640651703,85.349,0.085631037462122,3,1,
80,16,ode,focei,lbfgsb3c,51,ok,TRUE,TRUE,TRUE,TRUE,-4533.149910036661,12.799585024041995,native,8,TRUE,TRUE,NA,FALSE,focei,"r,s",3,4,3,0,FALSE,22.32,623.9467296600342,72.21498012542725,718.4817097854615,71.90599999999999,0.10008048781293419,3,1,
80,16,ode,focei,lbfgsb3c,52,ok,TRUE,TRUE,TRUE,TRUE,-4483.0197301066755,8.667268950301953,native,8,TRUE,TRUE,NA,FALSE,focei,s,4,4,2,2,FALSE,31.211000000000002,809.6868937015533,44.41754770278931,885.3154414043427,44.152,0.04987148979347219,3,1,
80,16,ode,focei,lbfgsb3c,53,ok,TRUE,TRUE,TRUE,TRUE,-4480.716347349444,11.338587286633635,native,8,TRUE,TRUE,NA,FALSE,focei,"r,s",4,4,3,1,FALSE,28.889000000000003,584.1549897193909,81.19461154937744,694.2386012687683,80.79100000000001,0.11637353476506342,3,1,
80,16,ode,focei,lbfgsb3c,54,ok,TRUE,TRUE,TRUE,TRUE,-4546.0242862879895,11.901173244648254,native,8,TRUE,TRUE,NA,FALSE,focei,"r,s",4,4,3,1,FALSE,32.127,765.836975812912,83.30594611167908,881.269921924591,82.879,0.09404496617676672,3,1,
80,16,ode,focei,lbfgsb3c,55,ok,TRUE,TRUE,TRUE,TRUE,-4479.764423031748,11.909038139983648,native,8,TRUE,TRUE,NA,FALSE,focei,"r,s",3,4,2,1,FALSE,26.343,873.0129344463348,74.7292914390564,974.0852258853912,74.34599999999999,0.07632391707042212,3,1,
80,16,ode,focei,lbfgsb3c,56,ok,TRUE,TRUE,TRUE,TRUE,-4540.3746008494445,10.524546488434275,native,8,TRUE,TRUE,NA,FALSE,focei,"r,s",4,4,4,0,TRUE,28.663000000000004,646.0163428783417,83.47332453727722,758.1526674156189,83.139,0.10965997162999261,3,1,
80,16,ode,focei,lbfgsb3c,57,ok,TRUE,TRUE,TRUE,TRUE,-4577.314153934629,11.569700258559243,native,8,TRUE,TRUE,NA,FALSE,focei,"r,s",5,4,4,1,FALSE,21.216,906.2323763370514,97.43349575996399,1024.8818720970153,97.11500000000001,0.09475726192843335,3,1,
80,16,ode,focei,lbfgsb3c,58,ok,TRUE,TRUE,TRUE,TRUE,-4523.329031241489,15.007856088402757,native,8,TRUE,TRUE,NA,FALSE,focei,"r,s",4,4,4,0,TRUE,29.826,754.3802726268768,82.74335193634033,866.9496245632172,82.46199999999999,0.09511740666771225,3,1,
80,16,ode,focei,lbfgsb3c,59,ok,TRUE,TRUE,TRUE,TRUE,-4503.259550691392,16.064051368231148,native,8,TRUE,TRUE,NA,FALSE,focei,s,4,4,3,1,FALSE,20.258,720.4970753192902,40.14843130111694,780.9035066204071,39.898999999999994,0.05109338050314925,3,1,
80,16,ode,focei,lbfgsb3c,60,ok,TRUE,TRUE,TRUE,TRUE,-4504.441415962618,16.655101040537673,native,8,TRUE,TRUE,NA,FALSE,focei,"r,s",4,4,3,1,FALSE,27.107,819.2811682224274,84.91198134422302,931.3001495666504,84.57200000000002,0.09081068014361728,3,1,
80,16,ode,focei,lbfgsb3c,61,ok,TRUE,TRUE,TRUE,TRUE,-4483.387207422765,3.6792045848821586,native,8,TRUE,TRUE,NA,FALSE,focei,s,3,4,2,1,FALSE,21.816000000000003,619.3788967132568,39.13009762763977,680.3249943408966,38.937000000000005,0.05723294061498127,3,1,
80,16,ode,focei,lbfgsb3c,62,ok,TRUE,TRUE,TRUE,TRUE,-4529.200521190229,9.952187698629219,native,8,TRUE,TRUE,NA,FALSE,focei,"r,s",4,4,3,1,FALSE,25.235000000000003,574.2458412647247,90.56451225280762,690.0453535175324,90.211,0.1307319867312286,3,1,
80,16,ode,focei,lbfgsb3c,63,ok,TRUE,TRUE,TRUE,TRUE,-4508.459240834533,9.734425573427048,native,8,TRUE,TRUE,NA,FALSE,focei,"r,s",4,4,4,0,TRUE,27.624000000000002,605.544759273529,82.68063807487488,715.849397348404,82.376,0.11507448396985602,3,1,
80,16,ode,focei,lbfgsb3c,64,ok,TRUE,TRUE,TRUE,TRUE,-4444.112374985377,3.4607705131639563,native,8,TRUE,TRUE,NA,FALSE,focei,"r,s",1,4,1,0,FALSE,27.137,163.74185371398926,56.4750862121582,247.35393992614746,56.178,0.22711584871772442,3,1,
80,16,ode,focei,lbfgsb3c,65,ok,TRUE,TRUE,TRUE,TRUE,-4523.765858006064,17.206134352136736,native,8,TRUE,TRUE,NA,FALSE,focei,"r,s",4,4,4,0,TRUE,22.815,638.483948469162,86.23949599266052,747.5384444618226,85.99099999999999,0.11503221090108312,3,1,
80,16,ode,focei,lbfgsb3c,66,ok,TRUE,TRUE,TRUE,TRUE,-4546.779200873329,13.459950475552441,native,8,TRUE,TRUE,NA,FALSE,focei,"r,s",4,4,4,0,TRUE,19.448999999999998,573.4436719417572,83.72433519363403,676.6170071353912,83.416,0.12328392446586617,3,1,
80,16,ode,focei,lbfgsb3c,67,ok,TRUE,TRUE,TRUE,TRUE,-4501.869664010798,12.090612916442932,native,8,TRUE,TRUE,NA,FALSE,focei,"r,s",4,4,3,1,FALSE,22.562,583.7650692462921,93.82751798629761,700.1545872325897,93.39300000000001,0.13338911392288724,3,1,
80,16,ode,focei,lbfgsb3c,68,ok,TRUE,TRUE,TRUE,TRUE,-4460.085378470618,9.354806876871523,native,8,TRUE,TRUE,NA,FALSE,focei,"r,s",3,4,2,1,FALSE,27.468,426.0417950153351,75.07974100112915,528.5895360164642,74.77,0.1414519109921826,3,1,
80,16,ode,focei,lbfgsb3c,69,ok,TRUE,TRUE,TRUE,TRUE,-4525.169227872291,15.72282529469047,native,8,TRUE,TRUE,NA,FALSE,focei,"r,s",4,4,4,0,TRUE,29.756,583.7447233200073,82.81682682037354,696.3175501403808,82.496,0.11847468153483769,3,1,
80,16,ode,focei,lbfgsb3c,70,ok,TRUE,TRUE,TRUE,TRUE,-4482.612617631538,19.34087425179197,native,8,TRUE,TRUE,NA,FALSE,focei,"r,s",5,4,3,2,FALSE,20.038,751.1766602993011,102.34959244728088,873.564252746582,101.95100000000001,0.11670692760086605,3,1,
80,16,ode,focei,lbfgsb3c,71,ok,TRUE,TRUE,TRUE,TRUE,-4551.546619196267,10.959551304799797,native,8,TRUE,TRUE,NA,FALSE,focei,"r,s",4,4,4,0,TRUE,19.653000000000002,553.575756072998,87.84492683410645,661.0736829071045,87.45499999999998,0.13229236356136923,3,1,
80,16,ode,focei,lbfgsb3c,72,ok,TRUE,TRUE,TRUE,TRUE,-4577.847732006616,11.54668977599915,native,8,TRUE,TRUE,NA,FALSE,focei,s,4,4,2,2,FALSE,25.079,671.7322688102722,54.83991026878357,751.6511790790557,54.535,0.0725536013484577,3,1,
80,16,ode,focei,lbfgsb3c,73,ok,TRUE,TRUE,TRUE,TRUE,-4502.600873951138,8.46433331345743,native,8,TRUE,TRUE,NA,FALSE,focei,"r,s",3,4,3,0,FALSE,24.974,597.7092988491058,72.87337613105774,695.5566749801636,72.53200000000001,0.10427906540048448,3,1,
80,16,ode,focei,lbfgsb3c,74,ok,TRUE,TRUE,TRUE,TRUE,-4526.038786427069,14.019586035040641,native,8,TRUE,TRUE,NA,FALSE,focei,"r,s",4,4,2,2,FALSE,18.374,633.9415628910065,85.55393576622009,737.8694986572266,85.20700000000001,0.11547705950043949,3,1,
80,16,ode,focei,lbfgsb3c,75,ok,TRUE,TRUE,TRUE,TRUE,-4420.695397056729,8.807999228847088,native,8,TRUE,TRUE,NA,FALSE,focei,"r,s",4,4,4,0,TRUE,18.311,691.2193405628204,82.23615336418152,791.766493927002,81.963,0.1035191570098907,3,1,
80,16,ode,focei,lbfgsb3c,76,ok,TRUE,TRUE,TRUE,TRUE,-4553.335963597905,17.5915422983535,native,8,TRUE,TRUE,NA,FALSE,focei,"r,s",4,4,3,1,FALSE,28.877000000000002,641.1106398105621,82.27147340774536,752.2591132183074,81.985,0.1089850538988522,3,1,
80,16,ode,focei,lbfgsb3c,77,ok,TRUE,TRUE,TRUE,TRUE,-4476.007684997309,19.258395816513477,native,8,TRUE,TRUE,NA,FALSE,focei,"r,s",3,4,3,0,FALSE,21.817999999999998,674.4624302387238,67.4874005317688,763.7678307704925,67.211,0.08799925486806276,3,1,
80,16,ode,focei,lbfgsb3c,78,ok,TRUE,TRUE,TRUE,TRUE,-4458.060302008189,14.17150214489544,native,8,TRUE,TRUE,NA,FALSE,focei,"r,s",5,4,3,2,FALSE,26.179000000000002,762.6838986873627,113.38676977157593,902.2496684589386,112.923,0.12515715322220608,3,1,
80,16,ode,focei,lbfgsb3c,79,ok,TRUE,TRUE,TRUE,TRUE,-4503.268803084188,14.149624040230897,native,8,TRUE,TRUE,NA,FALSE,focei,"r,s",5,4,3,2,FALSE,22.619,782.8513581752777,100.93168497085571,906.4020431461335,100.51000000000002,0.11088898216858435,3,1,
80,16,ode,focei,lbfgsb3c,80,ok,TRUE,TRUE,TRUE,TRUE,-4560.1971500927775,80.34998874745945,native,8,TRUE,TRUE,NA,FALSE,focei,"r,s",3,4,2,1,FALSE,24.310000000000002,1025.2823610305786,72.1021716594696,1121.6945326900482,71.73100000000001,0.06394878276528165,3,1,
80,16,ode,focei,lbfgsb3c,81,ok,TRUE,TRUE,TRUE,TRUE,-4571.701489520987,11.643416026043939,native,8,TRUE,TRUE,NA,FALSE,focei,"r,s",4,4,4,0,TRUE,28.049,593.2076351642609,83.65826368331909,704.9148988475799,83.335,0.11821994418934686,3,1,
80,16,ode,focei,lbfgsb3c,82,ok,TRUE,TRUE,TRUE,TRUE,-4554.828979873182,10.000300182556614,native,8,TRUE,TRUE,NA,FALSE,focei,"r,s",4,4,4,0,TRUE,24.442,736.2638862133026,86.89792704582214,847.6038132591248,86.48700000000001,0.10203705864352887,3,1,
80,16,ode,focei,lbfgsb3c,83,ok,TRUE,TRUE,TRUE,TRUE,-4445.783564217227,6.168863790843058,native,8,TRUE,TRUE,NA,FALSE,focei,"r,s",4,4,1,3,FALSE,19.724,608.678160905838,83.79980301856995,712.201963924408,83.429,0.11714233353174947,3,1,
80,16,ode,focei,lbfgsb3c,84,ok,TRUE,TRUE,TRUE,TRUE,-4502.176540814345,13.510674304184274,native,8,TRUE,TRUE,NA,FALSE,focei,"r,s",3,4,3,0,FALSE,20.277,560.2273895740509,74.02690267562866,654.5312922496796,73.687,0.11257979698225203,3,1,
80,16,ode,focei,lbfgsb3c,85,ok,TRUE,TRUE,TRUE,TRUE,-4584.485604659111,10.898428428072714,native,8,TRUE,TRUE,NA,FALSE,focei,s,4,4,3,1,FALSE,26.641000000000002,580.6205372810364,43.130303382873535,650.3918406639099,42.90200000000001,0.06596331214150275,3,1,
80,16,ode,focei,lbfgsb3c,86,ok,TRUE,TRUE,TRUE,TRUE,-4560.09723919972,14.219232042462838,native,8,TRUE,TRUE,NA,FALSE,focei,"r,s",4,4,4,0,TRUE,24.504,625.5725560188293,84.5486490726471,734.6252050914765,84.19000000000001,0.11460265645189313,3,1,
80,16,ode,focei,lbfgsb3c,87,ok,TRUE,TRUE,TRUE,TRUE,-4498.312150127387,7.980187016828708,native,8,TRUE,TRUE,NA,FALSE,focei,"r,s",4,4,3,1,FALSE,17.919999999999998,645.7945854663849,87.69494199752808,751.4095274639129,87.424,0.1163466748885462,3,1,
80,16,ode,focei,lbfgsb3c,88,ok,TRUE,TRUE,TRUE,TRUE,-4527.721595239623,8.07193776369013,native,8,TRUE,TRUE,NA,FALSE,focei,"r,s",3,4,3,0,FALSE,27.059,569.6906852722168,71.85099720954895,668.6006824817657,71.17299999999999,0.10645068404030689,3,1,
80,16,ode,focei,lbfgsb3c,89,ok,TRUE,TRUE,TRUE,TRUE,-4519.305381021357,987.0663097007927,native,8,TRUE,TRUE,NA,FALSE,focei,s,4,4,3,1,FALSE,31.901999999999997,602.8353352546692,48.57025980949402,683.3075950641633,48.276,0.07065046598152745,3,1,
80,16,ode,focei,lbfgsb3c,90,ok,TRUE,TRUE,TRUE,TRUE,-4426.491383330026,20.13647901351447,native,8,TRUE,TRUE,NA,FALSE,focei,"r,s",4,4,4,0,TRUE,20.353,576.2488737106323,85.99941086769104,682.6012845783233,85.70299999999999,0.12555352873814615,3,1,
80,16,ode,focei,lbfgsb3c,91,ok,TRUE,TRUE,TRUE,TRUE,-4512.16442265071,11.028952963472552,native,8,TRUE,TRUE,NA,FALSE,focei,"r,s",4,4,4,0,TRUE,22.341,574.7315082550049,82.0369725227356,679.1094807777405,81.728,0.12034583865093765,3,1,
80,16,ode,focei,lbfgsb3c,92,ok,TRUE,TRUE,TRUE,TRUE,-4479.507726306823,18.886497166448954,native,8,TRUE,TRUE,NA,FALSE,focei,"r,s",4,4,4,0,TRUE,24.136000000000003,572.1459562778473,81.01832151412964,677.3002777919769,80.658,0.119087504678055,3,1,
80,16,ode,focei,lbfgsb3c,93,ok,TRUE,TRUE,TRUE,TRUE,-4487.519607839142,7.859412980696503,native,8,TRUE,TRUE,NA,FALSE,focei,"r,s",4,4,4,0,TRUE,20.672,545.2502734661102,84.80760645866394,650.7298799247742,84.537,0.12991104697662365,3,1,
80,16,ode,focei,lbfgsb3c,94,ok,TRUE,TRUE,TRUE,TRUE,-4568.6064854363385,13.691603615377076,native,8,TRUE,TRUE,NA,FALSE,focei,s,4,4,3,1,FALSE,29.225,619.9627537727356,48.23330068588257,697.4210544586182,47.972,0.06878484624648859,3,1,
80,16,ode,focei,lbfgsb3c,95,ok,TRUE,TRUE,TRUE,TRUE,-4557.8210523434645,11.720257670254847,native,8,TRUE,TRUE,NA,FALSE,focei,"r,s",4,4,3,1,FALSE,28.704000000000004,628.813657283783,81.69745469093323,739.2151119747161,81.241,0.10990170342023357,3,1,
80,16,ode,focei,lbfgsb3c,96,ok,TRUE,TRUE,TRUE,TRUE,-4505.4142123144175,27.874654841282705,native,8,TRUE,TRUE,NA,FALSE,focei,"r,s",4,4,3,1,FALSE,29.808,593.1784687042236,83.5175838470459,706.5040525512695,83.11500000000001,0.11764263729254197,3,1,
80,16,ode,focei,lbfgsb3c,97,ok,TRUE,TRUE,TRUE,TRUE,-4545.657865024168,11.634218627415864,native,8,TRUE,TRUE,NA,FALSE,focei,"r,s",4,4,3,1,FALSE,25.288,742.2767720222473,87.7781343460083,855.3429063682556,87.36899999999999,0.1021449986309754,3,1,
80,16,ode,focei,lbfgsb3c,98,ok,TRUE,TRUE,TRUE,TRUE,-4511.937648176094,11.818183827589788,native,8,TRUE,TRUE,NA,FALSE,focei,"r,s",4,4,4,0,TRUE,19.591,568.2146246433258,83.97964525222778,671.7852698955536,83.58899999999998,0.12442815248538577,3,1,
80,16,ode,focei,lbfgsb3c,99,ok,TRUE,TRUE,TRUE,TRUE,-4539.3782836299815,9.141115096879881,native,8,TRUE,TRUE,NA,FALSE,focei,"r,s",4,4,4,0,TRUE,21.053,607.3988583087921,91.65992712974548,720.1117854385376,91.26599999999999,0.12673865619963479,3,1,
80,16,ode,focei,lbfgsb3c,100,ok,TRUE,TRUE,TRUE,TRUE,-4530.045259187538,18.01942606706057,native,8,TRUE,TRUE,NA,FALSE,focei,"r,s",4,4,4,0,TRUE,21.645000000000003,810.9429545402527,83.23481678962708,915.8227713298797,82.867,0.0904836640823722,3,1,
